user_idx,item_idx
27214,1029
26764,1029
29473,1029
19399,1029
37537,1029
28796,1029
20814,1029
18027,1029
32667,1029
31594,1029
37543,1029
34168,1029
37478,1029
29604,1029
24973,1029
30521,1029
36901,1029
15347,1029
34680,1029
26638,1029
22677,1029
34065,1029
8520,1029
22713,1029
8520,1029
22713,1029
6112,1029
37774,1029
18551,1029
30014,1029
17882,1029
14458,1029
26053,1029
19835,1029
32970,1029
33351,1029
31558,1029
28675,1029
21210,1029
30009,1029
19757,1029
26811,1029
27855,1029
37446,1029
25452,1029
32673,1029
20011,1029
8889,1029
28141,1029
10680,1029
26440,1029
24619,1029
26016,1029
35866,1029
36782,1029
26104,1029
23034,1029
37275,1029
23769,1029
25435,1029
35233,1029
33199,1029
28728,1029
24034,1029
34597,1029
34762,1029
33123,1029
22799,1029
33035,1029
16178,1029
22723,1029
24689,1029
27846,1029
30600,1029
27100,1029
36513,1029
30320,1029
31772,1029
36400,493
36910,493
26501,493
28631,493
31033,493
19079,493
30064,493
11371,493
15134,493
16454,493
4818,493
14987,493
34270,493
13969,493
24722,493
20628,493
5136,493
28739,493
35372,493
17847,493
35460,493
16382,493
35291,493
13238,493
7426,493
9916,493
19079,493
18272,493
2721,493
14031,493
37050,493
21537,493
15889,493
16058,493
21371,493
20873,493
15188,493
15394,493
5406,493
17180,493
17593,493
19189,493
32989,493
26520,493
3387,493
31630,493
28468,493
27516,493
17157,493
29205,493
20314,493
18022,493
27115,493
4885,493
8160,493
32561,738
24979,738
23644,738
34760,738
18505,738
16945,738
15624,738
17769,738
31976,738
30124,738
12478,738
15711,738
5217,738
16293,738
14673,738
30560,738
18347,738
30859,738
5430,738
17752,738
4002,738
16911,738
11913,738
29662,738
16225,738
23419,738
11600,738
20869,738
22571,738
7133,738
12755,738
6436,738
11913,738
19498,738
22123,738
21882,738
25413,738
33751,738
29713,738
13829,738
26029,738
21766,738
34717,738
34967,738
12254,738
25527,738
9671,738
12560,738
9803,738
18813,738
12729,738
37480,738
29066,738
29104,738
23771,738
36902,738
17754,738
4589,738
30439,738
25215,738
2669,738
17071,738
11068,501
18600,501
10894,501
17246,501
18014,501
12842,501
2694,501
1870,501
421,501
12505,501
35414,501
2086,501
19906,501
35317,501
17103,501
1459,501
26588,501
9033,501
25095,501
19022,501
28883,501
22887,501
23899,501
22887,501
23347,501
30444,501
28473,501
31443,501
1701,501
1701,501
2688,501
35259,501
21068,501
24112,501
14513,501
11591,501
4073,505
3493,505
12568,505
21233,505
11422,505
10362,505
20469,505
266,505
6383,505
3727,505
5100,505
33850,505
28329,505
36652,505
22113,505
28865,505
9376,505
3689,505
32366,505
22279,505
8199,505
12601,505
10378,505
22091,505
15444,505
700,505
31324,505
3394,505
30312,505
10378,505
13725,505
28721,505
256,647
18408,647
36838,647
15203,647
10450,647
2194,647
28885,647
4097,647
30871,647
3320,647
24524,647
37194,647
30308,647
33404,647
33821,647
22698,647
35869,647
27568,647
31909,647
4783,647
26296,647
26146,647
28329,647
34917,647
15182,647
6577,647
25889,647
20089,647
900,647
22134,647
36206,647
375,647
10351,647
36843,647
9098,647
36339,647
22850,647
27122,647
8070,647
34573,647
22048,647
10322,647
36873,647
10322,647
7900,647
30742,647
11923,647
2492,647
14695,647
33259,647
15781,647
25764,647
31650,647
27209,647
26872,647
2429,647
5102,647
17802,647
27759,647
26500,647
31265,647
22371,647
2241,647
18177,647
20878,647
24765,647
31265,647
21955,647
13419,647
5306,647
18468,647
26559,647
14153,647
27496,647
28000,647
12149,647
2919,647
21719,647
6434,647
29034,647
3969,647
24543,647
32034,647
3077,647
24543,647
18041,647
28494,647
15014,647
23498,647
13710,647
13962,647
14071,647
6065,647
26119,647
13626,647
16539,647
6934,647
14582,647
757,647
34365,647
113,647
6505,647
35414,647
23392,647
28309,647
6307,647
7750,647
8344,647
36681,647
37234,647
36681,647
36035,647
5672,647
17051,647
433,647
27842,647
14291,647
23998,647
10982,647
2333,647
7957,647
33112,647
17567,647
1582,647
26418,647
21158,647
11640,647
34792,647
21158,647
25021,647
27934,647
4327,647
32657,647
36287,647
20829,647
3400,647
22026,647
160,647
31776,647
4420,647
2331,647
37276,647
4210,647
4083,647
11215,647
26916,647
26916,647
26259,647
29224,647
5621,647
21787,647
35800,647
33409,647
33766,647
35644,647
6299,647
30219,647
30363,647
5599,647
20741,647
29471,647
26468,647
20544,647
2864,647
27437,647
35110,647
5102,647
26811,647
5053,647
6645,647
20049,647
16367,647
34128,647
32019,647
32822,647
34294,647
19506,647
4056,647
33514,647
28202,647
24069,647
6873,647
21758,647
28109,647
27613,647
36374,647
21758,647
11236,647
35676,647
35754,647
16948,647
1812,647
16442,647
25492,647
2322,647
15865,647
8436,647
8436,647
26510,647
8409,647
33347,647
26802,647
21464,647
3485,647
26644,647
5718,647
14009,647
20657,647
20123,647
18516,647
27841,647
19098,647
660,647
18941,647
2031,647
35070,647
36434,647
24257,647
36843,647
9057,647
31194,647
23037,647
29703,647
33727,647
21248,647
6268,647
26827,647
703,647
15999,647
6466,647
34585,647
6508,647
31853,647
17924,647
27636,647
14321,647
18969,647
36972,647
27206,647
18491,647
13827,647
20165,647
1670,647
30690,647
18906,647
20432,647
37496,792
11795,792
7442,792
9069,792
17336,792
7836,792
1952,792
8868,792
1176,792
6526,792
10870,792
31304,792
36545,792
6991,792
15171,792
1303,792
32730,792
35857,792
30897,792
36621,792
36528,792
31975,792
9711,792
31975,792
20421,792
26717,792
1539,792
14220,792
7954,792
1538,792
2569,792
34077,792
30926,792
8366,792
33215,792
29803,792
11122,792
9415,792
17480,792
20821,792
26813,792
10806,792
21524,792
9872,792
17895,792
17139,792
13012,792
34529,792
36718,792
12248,792
2268,792
37496,792
28286,792
37441,792
13046,792
26457,792
26457,792
20135,792
21075,792
543,792
30400,792
18045,792
26730,792
18045,792
36604,792
6875,792
8268,792
17178,792
17286,792
17178,792
33908,792
5205,792
36041,792
17704,792
31864,792
27126,792
7434,792
7685,792
7511,52
32002,52
10059,52
2975,52
17659,52
21251,52
9438,52
6065,52
24103,52
3708,52
22529,52
5508,52
30177,52
3241,52
9438,52
30177,52
1628,52
24736,52
16464,52
5705,52
19569,52
5603,52
8289,52
2112,52
12417,52
19734,52
5079,52
30677,52
6792,52
12693,52
18143,52
30758,52
6792,52
24962,52
24413,52
24751,52
13106,52
24640,52
9370,52
27224,52
24618,52
5653,52
24021,52
28494,52
29611,52
29652,52
28405,52
9588,52
1552,52
30803,52
27931,52
31448,52
13727,52
5725,52
5725,52
14474,52
24094,52
5762,52
9623,52
21006,52
19606,52
20654,52
33235,467
6836,467
25335,467
23895,467
9750,467
34625,467
9750,467
9750,467
34462,467
35804,467
15146,467
8547,467
27381,467
26424,467
24650,467
37217,467
23263,467
28798,467
30072,467
21520,467
36374,467
7848,467
8260,467
23872,467
33622,467
33280,467
30235,467
21294,467
24657,467
10424,467
29094,467
21140,467
22118,467
6475,467
14333,467
22765,467
3227,467
4929,467
15326,467
2436,467
16989,467
19576,467
2259,467
5733,467
29624,467
36436,467
18442,467
9196,467
23054,467
5850,467
36848,467
28416,467
13519,467
33559,467
18469,467
35720,467
19473,467
28549,467
35971,467
27891,467
9263,467
6398,467
37187,467
5690,467
5690,467
5690,467
5690,467
20247,467
20247,467
34735,467
23468,467
21451,164
7256,164
19822,164
33228,164
14998,164
5818,164
6309,164
22347,164
19782,164
33266,164
34520,164
10527,164
6229,164
22471,164
19822,164
30837,164
6340,164
14083,164
14283,164
29741,164
1691,164
22266,164
9972,164
2980,164
27743,164
23563,164
29088,164
26519,164
19822,164
32433,164
22220,164
23698,164
23125,164
22666,164
25133,164
32433,164
22694,164
13302,164
21778,164
19291,164
5846,164
30454,164
27819,164
17211,164
17506,164
7925,164
16958,164
34418,164
11935,164
8411,164
12677,164
3464,164
18717,164
18717,164
1513,309
33710,309
26740,309
36289,309
9159,309
8070,309
34941,309
733,309
23490,309
36663,309
32220,309
32158,309
3168,309
26610,309
13023,309
7024,309
13143,309
36345,309
11862,309
5714,309
35556,309
36714,309
6943,309
5671,309
2583,309
10307,309
34792,309
21234,309
5604,309
15417,309
36835,309
27169,309
12125,309
9722,309
26161,309
33286,309
21468,309
35186,309
910,309
32924,309
31504,309
18477,309
10893,309
31199,309
3557,309
18915,309
4631,309
15188,309
3069,309
13154,309
11493,309
11615,309
12561,309
31504,309
5280,309
18403,309
17453,309
33073,309
30292,309
10003,309
9002,309
11647,309
27067,309
25782,309
32414,309
1673,309
17400,309
14204,309
4005,309
36219,309
36548,309
36548,309
36219,309
144,309
12000,309
15499,309
17240,309
6497,309
14261,309
11342,660
24461,660
37187,660
23124,660
34906,660
35046,660
8702,660
19020,660
8045,660
1561,660
33480,660
526,660
7446,660
6688,660
2152,660
15419,660
10606,660
7731,660
15096,660
13133,660
3803,660
13891,660
6395,660
35414,660
8219,660
7360,660
10136,660
5178,660
37083,660
37070,660
11116,660
33952,660
5902,660
33977,660
10606,660
31332,660
11116,660
11539,660
32457,660
27478,660
26253,660
25788,660
29971,660
34878,660
34873,660
22985,660
25526,660
6641,660
30375,660
24659,660
31882,660
639,660
35765,660
10270,660
27758,660
6102,660
6102,660
12389,660
22096,660
9881,660
13432,660
37442,660
11111,660
26415,660
26415,660
30866,660
11923,660
8750,660
2981,660
35676,660
18506,660
7661,660
9660,660
36851,660
24399,660
22278,660
20614,660
16554,660
34251,660
34251,660
36838,660
15216,660
9117,660
13020,660
6271,660
34683,660
26835,660
11860,660
11860,660
15109,660
15109,660
31152,660
20527,660
36826,660
15679,660
3843,660
36973,660
9533,660
17403,660
18941,660
3506,660
3506,660
18256,660
17859,660
30008,660
26489,660
24295,660
22243,660
32153,660
32153,660
28452,660
16112,660
36178,660
11326,660
21517,660
36378,660
4514,660
1869,660
30699,660
12864,660
12726,499
30750,499
16550,499
10566,499
32056,499
2466,499
26411,499
17462,499
23939,499
8156,499
8156,499
7996,499
20022,499
16496,499
32444,499
11193,499
6930,499
6305,499
1784,499
32051,499
36899,499
36072,499
33821,499
25127,499
1753,499
10102,499
29608,499
6487,499
26788,499
1314,499
13449,499
4655,499
10553,499
7056,499
3318,499
36868,499
17344,499
705,499
29383,499
14890,499
18670,499
23204,499
22158,499
18198,499
12595,499
28116,499
20907,499
18500,499
4672,499
5825,499
3318,499
2924,499
16990,499
32242,499
33692,499
24095,499
24095,499
25490,499
22332,499
14946,499
8373,499
30041,499
24095,499
16493,499
32980,499
24095,499
35128,499
1468,499
28193,499
11158,499
26084,499
12102,499
8447,499
18441,499
36835,499
5983,499
6034,499
11383,499
27014,499
3749,499
22000,499
20543,499
19739,499
17528,499
7666,499
34993,499
34794,499
34794,499
35844,499
17528,499
3321,499
20543,499
20960,499
7075,499
28514,499
16860,499
35510,499
27086,499
15478,499
20428,499
18148,499
36163,499
2537,499
12782,499
33234,499
17777,499
30432,499
21831,499
33878,499
4069,499
4339,499
7141,499
24895,499
4339,499
7584,499
7996,499
34204,499
13109,499
4910,499
22540,499
12669,499
14725,499
1146,499
24016,499
13171,499
25183,499
10291,499
8373,499
8948,499
34908,499
3321,499
30866,499
20052,499
26657,499
20907,499
12155,499
9875,499
30067,499
27565,499
29223,499
12155,499
29223,499
22416,499
28081,499
10960,499
32332,499
10960,499
23978,499
6908,499
9141,499
5110,499
37118,499
8634,499
19813,499
20808,499
3201,499
2147,499
3004,499
2147,499
10,499
28479,499
2771,499
1353,499
9886,499
34113,499
1353,499
10,499
10,499
32126,499
4072,499
8966,499
10525,499
9918,499
27265,499
13154,499
2771,499
11701,499
7981,499
13248,499
5548,499
27265,499
9526,499
10925,499
37241,499
17131,499
10925,499
16741,499
16757,499
16045,499
9687,499
27565,499
16757,499
15276,499
35012,499
11326,499
33255,499
22928,499
17131,499
32543,499
20907,499
37241,499
25218,499
26343,499
33255,499
20079,499
2509,499
20079,499
2509,499
14544,499
4700,499
15057,499
1466,499
28580,499
24446,499
34143,499
3058,499
9687,499
14711,499
28770,499
27135,499
13986,499
17832,499
1670,499
18570,499
11942,499
17077,499
10,499
30162,499
4043,499
7141,499
34739,499
34910,499
31241,499
16623,499
24446,499
31241,499
2160,499
1658,499
35414,499
12544,499
22699,499
5507,499
20648,499
29033,499
21023,499
28968,499
2740,499
15858,499
1215,499
36957,499
1342,499
6235,499
33723,499
9925,499
35828,499
1215,499
9925,499
30420,499
16672,499
3463,499
35438,499
9925,499
4228,499
582,499
582,499
2336,499
20907,499
6898,499
24022,499
34837,499
6898,499
21714,499
20136,499
20639,499
27135,499
20639,499
33350,499
28770,499
32183,499
22649,499
26209,499
11766,499
23902,499
28458,499
33629,499
33629,499
1595,499
10413,499
25023,499
25023,499
31203,499
20108,499
20108,499
29067,499
22660,499
13730,499
22048,499
18477,499
4828,499
13185,499
26241,499
6005,499
25890,499
21918,499
29305,499
30058,499
36310,499
25368,499
6461,499
23054,499
16632,499
16632,499
4253,499
27515,499
4986,499
8975,499
27515,499
4986,499
29820,499
24385,499
620,499
20487,499
3441,499
18359,499
18418,499
36460,499
19143,499
17235,499
33757,499
28510,499
33757,499
27080,499
28510,499
9463,499
13500,499
6847,499
25665,499
33792,499
22755,499
22953,499
20581,499
16765,499
24499,499
30236,499
12546,499
15428,499
11101,499
30123,499
30848,499
23873,499
18415,499
8804,499
10729,499
18892,499
29580,499
18892,499
29580,499
21043,141
21314,141
28038,141
1525,141
8604,141
14897,141
31711,141
7317,141
20557,141
8098,141
29960,141
22675,141
14138,141
30150,141
6436,153
2586,153
19990,153
15592,153
8277,153
21703,153
26050,153
5487,153
1407,153
1750,153
2201,153
3386,153
14163,153
25278,153
33140,153
2586,153
12605,153
17932,153
22432,153
8231,153
23189,153
3526,153
1646,772
22627,772
35414,772
19740,772
11921,772
12831,772
27854,772
27211,772
20361,772
928,772
32351,772
20241,772
13307,772
1813,772
32254,772
35739,772
16301,772
916,772
15596,772
24691,117
22484,117
25954,117
21916,117
25226,117
6759,117
22260,117
23667,117
25905,117
21594,117
14796,117
1148,930
27250,930
18317,930
13481,930
877,930
13203,930
10803,930
17519,930
15492,930
29581,930
5601,930
36977,930
36977,930
5570,930
6587,930
10874,930
28059,930
36967,930
4862,930
33916,930
259,930
36990,930
36990,930
18543,930
5570,930
26711,930
30948,930
36990,930
28186,930
4201,930
20705,930
1904,930
11279,930
13262,930
6957,930
1215,930
18784,930
13059,930
13059,930
22938,930
32181,930
13989,930
34782,930
15823,930
12548,817
1793,817
34769,817
10880,817
36042,817
13258,817
26048,817
681,817
25288,817
13927,817
14383,817
32873,817
30666,817
37433,817
11059,817
17237,817
21838,817
12359,817
5216,817
10545,817
21536,817
30712,817
29608,817
3694,817
14344,817
32137,817
27568,817
20653,49
28997,49
24640,49
30854,49
17368,49
2820,49
25913,49
30345,49
1953,49
15794,49
7639,49
24120,49
21033,49
12438,49
3086,49
27320,49
32896,49
18771,49
12729,49
9744,49
24313,49
1706,49
28887,49
22018,49
29031,49
17788,49
6589,49
26935,49
19650,49
30672,49
8092,49
17659,49
7171,49
31653,49
21810,49
8046,49
13761,49
7086,49
6169,49
12417,49
25423,49
18132,49
28344,49
8559,49
3544,49
19180,49
6958,49
11106,49
30337,49
6284,49
28255,49
3867,49
24740,49
25369,49
9471,146
15830,146
521,146
8686,146
14703,146
2916,146
4530,146
24874,146
15399,146
1684,146
13766,146
3299,146
16175,146
30153,146
25814,146
25830,146
18019,146
10813,146
11650,146
20817,146
8075,146
23731,146
4502,146
4433,146
12887,146
14443,423
11258,423
12437,423
17986,423
19483,423
25833,423
8277,423
11996,423
27878,423
29617,423
4585,423
1278,423
11031,423
5212,423
1064,423
18241,423
9540,423
20388,423
34539,423
19988,423
22351,423
25230,423
15589,423
25117,423
3783,423
28319,423
36779,423
2936,423
35074,423
226,423
13720,423
6233,423
28466,423
33684,423
8426,423
36532,423
12459,423
24457,423
34759,423
15320,423
22556,423
32354,423
31447,423
7305,423
20122,423
25700,423
12903,1060
27124,1060
15908,1060
38020,1060
12130,1060
13006,1060
35051,1060
33327,1060
10739,1060
37208,1060
24759,1060
25736,1060
13808,1060
37245,1060
13808,1060
25736,1060
26701,1060
36631,1060
15630,1060
4535,1060
37999,1060
33760,1060
19931,1060
7125,1060
25327,1060
10578,1060
10726,1060
37618,1060
4184,1060
5001,1060
35685,1060
35685,1060
13818,1060
36645,1060
10976,1060
16011,1060
10115,1060
10459,1060
36126,1060
25195,1060
33838,1060
15920,1060
25715,1060
32588,1060
31360,470
20437,470
11940,470
19897,470
19731,470
24491,470
6166,470
31767,470
2889,470
10488,470
36560,470
36725,470
3375,470
1114,470
6857,470
19552,470
26146,470
9666,470
1722,470
15692,470
14918,470
29058,470
34654,470
11110,470
28479,470
8713,470
35704,470
27198,470
32766,470
20152,470
15743,470
26981,470
23164,470
24726,470
17043,470
7607,470
5197,470
31563,470
28066,470
29190,470
12280,664
28088,664
6166,664
10399,664
3144,664
36463,664
24528,664
26987,664
19998,664
36537,664
4660,664
7708,664
19319,664
31313,664
21477,664
13299,664
1953,664
12082,664
18313,664
18836,664
9276,664
17830,664
27913,664
16726,664
33711,664
18339,664
5306,664
36383,664
18649,664
301,664
26744,664
23710,664
3254,664
932,664
29692,664
36209,664
21655,664
24546,664
2024,664
19270,664
15366,664
20918,664
22986,664
22018,664
30650,664
3014,664
10330,664
28374,664
17519,664
35034,664
21251,664
34727,664
17612,664
1371,664
26197,664
24665,664
33498,664
28349,664
22741,664
20520,664
24208,664
7647,664
8078,664
26819,664
32147,664
2055,664
13144,664
2544,664
5414,664
2274,664
27023,664
10210,664
24885,664
25169,664
9146,664
34782,664
8175,664
8228,664
37411,664
18902,664
6990,664
5330,664
8388,664
8388,664
13761,664
28424,664
17903,664
3637,664
25621,664
6215,664
4231,384
4727,384
34175,384
32933,384
18930,384
23450,384
27019,384
5335,384
1471,384
31742,384
30463,384
28924,384
35445,384
28924,384
34296,384
35903,384
6223,384
9611,384
34799,384
28557,384
36035,384
2113,384
9597,384
14755,384
24842,384
27968,384
21655,384
30194,384
33252,384
20484,384
25522,384
7567,384
27031,384
3384,384
36619,384
7941,384
20481,384
36949,384
33931,384
2237,384
29997,384
12195,384
7358,384
5380,384
28518,384
24358,384
21782,384
5356,384
29220,384
35803,384
27077,384
36319,384
880,384
24359,384
30443,384
7584,384
19128,384
6140,384
24303,384
4470,384
36967,384
3834,384
18900,384
20598,251
15724,251
36608,251
16658,251
35025,251
20107,251
18062,251
11340,251
17974,251
19263,251
33357,251
20107,251
29728,251
1183,251
12440,251
24001,251
2041,251
30154,251
15868,251
9896,251
104,251
21610,251
22811,251
21561,251
15301,251
17266,251
20073,251
8494,251
3951,251
10686,251
24526,251
7247,251
4071,56
11731,56
21039,56
14877,56
2990,56
7597,56
1257,56
25420,56
1474,56
25169,56
2299,56
24348,56
11805,56
19004,56
9073,56
17718,56
28084,56
25329,56
30677,56
26902,56
29745,56
17279,56
10128,56
25608,56
9588,56
29816,56
30628,56
2570,56
24893,56
27926,56
11118,56
9390,56
20186,56
28568,56
24818,56
23275,56
28374,56
20718,56
7113,56
4968,56
21318,56
24094,56
7978,56
1117,45
6869,45
7253,45
18124,45
31581,45
13987,45
27351,45
28296,45
22638,45
23633,45
7955,45
17115,45
14889,299
30530,299
30530,299
36515,299
32061,299
36515,299
14889,299
15850,299
21735,299
8904,299
29643,299
8904,299
21282,299
35950,299
15987,299
35950,299
15987,299
22896,299
1907,299
10560,299
26534,299
10560,299
15256,299
32099,299
15860,299
15551,299
25473,299
9083,299
33323,299
35099,299
28048,299
36468,299
31221,299
21162,299
1055,299
1055,299
21439,299
25473,299
22317,299
27893,299
27893,299
24651,299
34292,299
12583,299
22928,299
35613,299
12583,299
21132,299
24462,299
9090,299
22317,299
21132,299
21612,299
14230,299
27050,299
21612,299
27050,299
35796,299
35796,299
33068,299
16339,299
16253,685
34092,685
28133,685
16774,685
10536,685
35525,685
35687,685
7636,685
37041,685
25080,685
35687,685
7636,685
7636,685
7820,685
28904,685
29623,685
29017,685
5306,685
36387,685
37041,685
18516,685
18516,685
24750,685
28674,685
34308,685
28454,685
25935,685
21076,685
10339,685
4685,685
23369,685
27285,685
21014,685
16791,685
34824,685
33931,685
15675,685
15675,685
36466,685
24236,685
22425,685
4963,685
21121,685
34917,685
26739,685
26828,685
32598,685
2651,685
36163,685
29034,685
34831,685
22935,685
8776,685
24121,685
12049,685
15179,685
16600,685
6256,685
34502,685
14391,685
28427,685
30527,685
13807,685
15418,685
7404,685
26181,685
34716,685
14851,685
19465,685
13541,685
470,685
27523,685
32508,685
30428,685
32508,685
4399,685
15842,685
29111,685
30428,685
30812,685
33912,685
35309,685
27388,685
89,621
36383,621
14125,621
28450,621
32378,621
35616,621
9566,621
17934,621
243,621
10603,621
1618,621
16670,621
30805,621
33934,621
27842,621
10664,621
5287,621
18339,621
26819,621
11922,621
3079,621
868,621
37077,621
11922,621
3877,621
4429,621
25202,621
14126,621
37048,621
29430,621
36676,621
1094,621
12541,621
1256,621
20665,621
25601,621
30462,621
19140,621
12913,621
1953,621
27894,621
15717,621
28831,621
31854,621
35032,621
24653,621
34882,621
27811,621
13181,621
6828,621
15028,621
31089,621
21719,621
24116,621
15418,621
33664,621
36749,621
14187,621
13755,621
36473,621
33920,428
27958,428
6804,428
21736,428
31952,428
16915,428
26292,428
30983,428
5612,428
824,428
32249,428
29967,428
32371,428
25363,428
378,428
20565,428
36808,428
34941,428
35913,428
7528,428
36047,428
31426,428
7160,428
27270,428
30074,428
5455,428
10554,428
314,428
23105,428
35414,428
24218,428
31424,428
14938,428
4831,428
3777,428
9376,428
22601,428
31439,428
31906,428
32048,428
11473,428
15412,428
23686,428
35314,428
35435,428
12051,428
13309,428
25247,428
32664,428
36667,428
3917,428
30160,428
25072,428
5594,428
21541,742
8150,742
6383,742
7478,742
33824,742
28824,742
22694,742
21018,742
19066,742
13919,742
15239,742
31500,742
34581,742
5972,742
22084,742
21246,742
23516,742
21246,742
6590,742
3802,306
5052,306
6814,306
32636,306
15147,306
5950,306
13880,306
36725,306
9142,306
1680,306
17865,306
7402,306
7163,306
19924,306
5127,306
32417,306
36072,306
13408,306
18159,306
818,306
6030,306
14188,306
67,306
7607,306
29715,306
29320,306
30456,306
19201,306
29485,306
7584,306
5637,306
14338,306
28988,306
36169,306
20241,306
29383,306
17784,306
2549,306
25372,306
8712,306
17859,306
32887,306
33550,306
32371,306
27115,306
1931,306
7366,306
8517,611
25122,611
34136,611
10716,611
4385,611
27275,611
16349,611
4979,611
29164,611
481,611
4094,611
4177,611
36953,611
10376,611
21726,611
22716,611
36241,611
6756,611
5442,611
36985,611
27456,611
3057,611
16349,611
18133,611
10513,611
23573,611
1406,611
17815,611
740,611
33038,611
21491,611
3024,611
25107,611
28121,611
15717,611
13486,611
19894,611
30807,611
28155,611
18406,611
4767,611
6289,611
4573,611
30352,611
31189,611
21900,611
33228,611
6749,611
17889,611
23959,611
3517,611
35878,611
140,436
1078,436
22523,436
36933,436
11744,436
33404,436
3197,436
36771,436
27518,436
23774,436
3048,436
29454,436
36861,436
13335,436
35357,436
33951,436
19199,436
35919,436
4460,436
203,436
2232,436
35414,436
35314,436
1916,436
33480,436
27857,436
25072,436
35335,436
36667,436
235,436
33437,436
552,436
741,436
17415,734
31,734
47,734
9301,734
9657,734
23046,734
10729,734
2193,734
14347,734
27132,734
31979,734
32595,734
16419,734
8157,734
13143,734
36838,734
23358,734
12033,734
1148,734
6803,734
27641,734
13775,734
26589,734
31419,734
1348,734
1011,734
3443,734
28721,734
23742,734
16446,734
15474,734
37128,734
4588,734
32559,734
32417,734
33591,734
36509,734
36981,734
12096,734
22007,734
1030,734
22909,734
19232,734
7405,734
36006,734
7095,734
25197,734
30067,734
15252,734
20811,734
37086,734
15112,734
35139,734
36671,734
18204,734
30522,734
23323,734
21852,734
29320,734
24233,734
35514,734
13335,734
12465,734
22210,734
27857,734
18386,734
37293,734
27200,734
25809,734
34167,734
27871,734
7273,734
36776,734
27758,734
33609,734
30701,734
37255,734
26828,734
29484,734
33228,734
25177,734
20537,734
28341,734
27521,734
31551,734
7737,734
16861,734
28665,734
28665,734
15861,734
33841,734
8005,734
27524,734
13252,734
21046,734
29441,734
35301,734
28562,734
18471,734
36794,734
30975,734
36801,734
13963,734
10828,734
23709,525
32056,525
16883,525
8786,525
25698,525
8269,525
27912,525
10802,525
12102,525
34142,525
8690,525
15123,525
31233,525
19483,525
24362,525
35746,525
12371,525
17467,525
182,525
32249,525
29114,525
34087,525
6027,525
16985,525
30837,525
22666,525
22514,525
22629,525
36860,525
36560,525
14607,525
34196,525
22600,525
29108,525
24988,525
7812,525
34616,525
7779,525
15891,525
9157,525
36919,525
35705,525
7085,525
36101,525
28968,525
16846,525
7278,525
33155,525
30256,525
36957,525
19869,525
1556,525
23293,525
19059,525
22603,525
14128,525
16184,525
31860,525
32518,525
24581,525
3870,525
2099,525
2099,525
3870,525
37198,525
37028,525
37198,525
35764,525
20896,525
9601,525
28940,525
13561,525
18691,525
5363,525
18691,525
24581,525
5378,525
16359,525
31860,525
37335,525
32312,525
217,607
13329,607
21078,607
30355,607
7176,607
6040,607
30591,607
19168,607
33641,607
16882,607
6605,607
7468,607
28379,607
10968,607
6598,607
18205,607
1105,607
19916,607
31390,607
16072,607
2181,607
9569,607
30471,607
10384,607
1714,607
28530,607
2523,607
3435,607
6971,607
29417,607
15661,607
1354,607
11837,607
15289,607
33523,607
36241,607
37435,607
4974,607
3080,607
24332,607
7951,607
37211,607
5790,607
18741,607
12478,809
5254,809
37472,809
5074,809
34366,809
19955,809
31021,809
8712,809
31727,809
26236,809
29649,809
29649,809
33286,809
32220,809
33866,809
2653,809
25884,809
33493,809
32371,809
13735,809
36100,809
2210,809
4320,809
28665,809
35306,809
11115,809
36777,809
17859,809
35924,809
34604,809
771,809
32719,809
30210,323
35166,323
36542,323
27818,323
12201,323
35788,323
36748,323
30107,323
30107,323
35166,323
35166,323
14739,323
35166,323
36689,323
35166,323
24860,323
21381,323
35166,323
35166,323
27818,323
12201,323
30547,323
27101,323
35166,323
20101,729
27082,729
7571,729
15322,729
36180,729
2513,729
3005,729
20596,729
9340,729
3447,729
37516,729
23090,729
15792,729
6731,729
11134,729
17082,729
3401,729
2361,729
24412,729
19543,729
37380,729
27247,729
24273,729
15292,729
6471,729
31730,729
33777,729
37546,729
23570,729
13310,729
35098,729
12585,729
30664,729
32509,729
19104,729
29587,729
18417,729
12585,729
18417,729
12989,729
14681,729
35976,729
9380,729
8576,729
14476,729
33162,729
19421,729
5042,729
15196,729
25110,729
15933,729
4629,729
11246,729
6277,729
4191,729
22995,729
13978,729
27980,729
9052,729
13225,729
17111,729
16382,729
18141,729
29190,729
17332,729
24764,729
33006,729
30364,729
29351,729
36423,729
9040,729
5586,729
15768,7
16179,7
4020,7
3450,7
2807,7
9063,7
22714,7
3468,7
2871,7
2711,7
13860,7
13860,7
2711,7
11712,7
2871,7
2871,7
15558,7
15603,7
4186,7
7053,7
16366,7
15560,7
24141,7
15258,7
4796,7
3216,7
13384,7
13182,7
16520,7
18697,7
20433,7
20835,7
4603,7
6375,7
14760,7
25205,7
25569,7
26136,7
6508,7
23892,7
11749,7
27044,7
15608,7
8087,7
15185,7
14857,7
22655,7
19329,7
22301,7
16717,7
8483,7
11995,7
18865,7
16056,7
19511,7
17277,7
8850,7
19119,7
19940,7
18012,7
5564,7
18541,7
13904,7
14029,7
4747,7
18667,7
25092,7
11571,7
28835,7
16856,7
19619,7
7599,7
17970,7
21074,7
3423,7
20872,7
26660,7
21358,7
21566,7
22477,7
23406,7
28707,7
15847,7
25044,7
17154,7
28372,7
14803,7
28372,7
11970,7
22251,7
22251,7
23986,7
3601,7
3601,7
25678,7
16779,7
11525,726
18690,726
10888,726
7217,726
15798,726
11385,726
35646,726
28329,726
16830,726
22889,726
26394,726
15648,726
17108,726
15869,726
25197,726
11525,726
27252,726
11871,726
34382,726
9791,726
36759,726
12730,726
14299,726
2418,726
1321,726
34180,726
35634,726
34148,726
4012,726
19143,726
36152,726
12324,726
11359,726
13528,726
35087,726
12070,726
36038,726
30129,726
13859,726
31071,726
33709,726
17626,726
34362,726
33283,726
4836,726
15650,726
29599,726
12493,726
28535,726
28583,726
33887,726
15804,726
18222,726
7274,726
32633,726
15631,726
9706,726
19306,726
20197,726
17419,726
9706,726
24917,726
837,726
29669,726
10515,726
12487,726
20601,726
29015,726
23954,726
11714,726
16194,726
11911,726
5572,726
26783,726
12626,726
34293,726
11896,726
10640,726
29642,726
3250,726
19895,726
23310,726
14317,726
13016,726
18233,726
18418,726
25966,726
28828,726
24107,726
31876,726
10822,726
31117,726
32251,726
7159,726
10106,726
32251,726
15894,726
10106,726
22333,726
7161,726
24502,726
14649,726
16904,726
701,726
12670,726
23397,726
12276,726
23032,726
28389,726
12275,726
14115,726
9230,726
12839,726
28794,726
28794,726
4937,726
17972,726
10034,726
30581,726
22548,726
27400,726
12503,726
24252,726
17330,726
10190,726
30581,726
16918,726
7076,726
23874,726
31988,726
18280,726
25017,726
8329,726
2539,726
15734,726
21777,726
20985,726
29466,726
13663,726
16383,726
36580,726
27234,726
15170,726
18335,726
10733,726
25678,726
15760,726
10866,726
7834,726
8207,726
22383,726
31745,726
28389,726
31745,726
29033,726
22443,726
22443,726
4747,726
17578,726
16520,726
21891,726
20044,726
22156,726
18929,726
28094,726
22513,957
3743,957
33459,957
12932,957
32185,432
23676,432
9371,432
4338,432
35290,432
477,432
27220,432
14558,432
34294,432
22499,432
11747,432
10449,432
27819,432
35913,432
15180,432
37002,432
11235,432
30118,432
7743,432
4436,432
16193,432
25184,432
16161,432
3048,432
13812,432
11543,432
30566,432
24367,432
4853,432
15096,432
2674,432
35357,432
8271,432
8097,432
2056,432
32664,432
31882,432
6977,432
22627,190
8471,190
30257,190
11552,190
17049,190
36260,190
2170,190
5481,190
16132,190
16545,190
11662,190
13809,190
32960,190
17009,190
16217,190
10541,190
13780,190
28406,190
31971,190
10794,190
10030,190
13037,190
25381,190
15016,190
36285,190
10913,190
16286,190
9317,190
33671,190
17999,190
20394,190
32948,190
180,190
33129,190
28259,190
34894,190
26187,190
18780,190
20432,190
17180,190
17903,190
20794,190
15417,190
22648,190
17321,190
6936,190
36006,190
16043,190
33481,190
34356,190
18705,190
1037,190
1037,190
17112,358
12973,358
1739,358
35407,358
20483,358
21208,358
10628,358
30838,358
1019,358
7800,358
32269,358
25760,358
4558,358
10510,358
23289,358
35245,358
6900,358
22124,358
13817,358
6900,358
5722,358
1749,358
5482,358
35407,358
32419,358
32419,358
7160,358
35407,358
35407,358
17440,358
7635,358
344,358
2048,503
147,503
15382,503
29100,503
354,503
266,503
22522,503
22522,503
19281,503
305,503
13587,503
29100,503
1310,503
12974,503
1310,503
13587,503
13587,503
23549,503
2559,503
5945,503
1310,503
17839,503
2559,503
6612,503
15382,503
12974,503
25293,462
17969,462
33814,462
10557,462
6453,462
1806,462
9681,462
7521,462
30727,462
15378,462
10557,462
24018,462
26123,462
21505,462
23519,462
11215,462
13409,462
2360,462
20274,462
8663,462
22367,462
11672,462
25207,462
26943,462
22703,462
26815,462
19785,462
18866,462
19119,462
25293,462
27620,462
28145,462
18524,462
23254,462
23254,462
23385,462
5312,462
31199,462
35111,462
31226,462
6755,462
14728,462
16249,462
9523,462
2971,462
20404,462
18700,462
26047,462
29732,462
23690,462
23690,462
27625,462
24475,462
6917,462
19166,462
19048,462
21927,462
21927,462
35771,462
15802,462
26178,462
34728,462
18896,462
22367,462
12301,462
22967,462
32868,462
26854,462
25117,462
7050,462
17969,462
33090,462
9703,462
22791,462
26003,462
20607,462
3036,3
9183,3
12461,3
12134,3
2949,3
4052,3
12894,3
4408,3
8613,3
11592,3
2772,3
17661,95
21287,95
18763,95
6870,95
31627,95
27903,95
29991,95
12232,95
23027,95
21291,95
11280,95
12917,95
24365,95
23374,95
26490,95
17361,95
32793,95
11190,95
10345,95
16009,95
12197,95
2139,272
5463,272
10004,272
5804,272
3895,272
6836,272
6872,272
16556,272
8879,272
16086,272
22834,272
21033,272
24656,272
900,272
27185,272
5514,272
3662,272
4065,272
28740,272
11178,272
20862,272
34854,272
21469,272
12383,272
14956,272
14187,272
33664,272
31297,272
25889,272
28288,272
1837,272
10917,272
6874,272
3051,272
32383,272
34873,272
4656,272
17660,272
8409,272
36309,272
34497,272
31805,272
16801,272
6362,272
13083,272
4272,272
4370,272
2314,272
22058,272
17432,272
23624,272
36174,272
25902,272
21692,272
28392,272
9387,272
7837,272
2864,272
28926,272
9288,272
35806,272
18193,272
30069,272
24557,272
34431,272
21058,272
18104,272
24584,272
25387,272
12812,272
4382,272
25058,272
26088,272
32013,272
34935,272
1537,272
30782,272
16842,272
31620,272
34242,272
5556,272
4862,272
24784,272
17190,272
24314,272
36368,272
32978,272
4716,272
33155,272
8347,272
26967,272
30283,272
34586,272
35687,272
20819,272
28347,272
31255,272
26587,272
27496,272
30283,272
28639,272
1697,272
8067,272
32452,272
1093,272
32452,272
22862,272
17718,272
35240,272
2984,272
24528,272
24484,272
25629,272
17912,272
29132,272
12674,272
3840,272
21049,272
29076,272
1424,272
13498,272
15565,272
33436,272
13755,272
10842,272
4936,272
32378,272
34271,272
16622,272
31742,272
23368,272
5002,272
5763,272
10595,272
19460,272
26684,272
28913,272
34700,272
34684,272
8635,272
1001,272
5955,272
15151,272
11867,272
6690,272
2032,272
33952,272
24666,272
18482,272
4401,272
34234,272
32441,272
2096,272
12849,272
25775,272
3065,272
35916,272
9196,272
32442,272
1816,272
35204,272
35827,272
4244,272
23911,272
35827,272
7616,272
14008,272
33079,272
19830,272
11196,272
2045,272
5984,272
24778,272
6086,272
33910,272
34792,272
28396,272
18833,272
24667,272
14333,272
4785,272
36270,272
19188,272
7567,272
17659,272
23132,272
30152,272
9117,272
24805,272
12171,272
30706,272
20378,272
13295,272
27730,272
21789,272
23477,272
765,272
23657,272
24303,272
22641,272
32769,272
23369,272
1447,272
22121,272
26383,1030
22550,1030
25054,1030
20630,1030
28206,1030
7756,1030
23268,1030
33259,1030
33259,1030
6503,1030
6871,1030
27296,1030
20630,1030
28203,1030
4054,1030
24667,1030
17957,1030
5177,1030
23634,1030
31262,1030
34497,1030
34580,1030
3707,1030
19108,1030
3712,1030
27197,1030
34461,1030
32380,1030
26739,1030
20553,1030
20313,1030
30080,1030
27453,1030
27498,1030
37506,1030
34281,1030
9272,1030
7756,1030
7500,1030
26146,1030
30488,1030
36386,1030
10703,1030
6237,1030
24222,1030
12782,1030
20879,1030
37916,1030
24303,1030
19059,1030
36817,1030
33498,1030
37760,1030
3641,1030
32304,1030
24410,1030
22559,1030
24410,1030
25492,1030
34421,1030
6518,1030
18183,1030
4938,1030
37445,1030
6503,1030
23461,1030
8940,1030
31785,1030
31785,1030
30839,1030
15712,1030
34421,1030
28499,1030
14684,1030
28309,1030
32452,1030
33057,1030
33057,1030
36461,1030
37760,1030
11820,1030
25621,1030
18048,1030
19073,1030
29640,1030
29640,1030
12671,1030
27500,1030
1306,1030
33150,1030
34506,1030
33328,1030
37735,1030
27282,1030
27282,1030
6769,1030
17225,1030
13376,1030
34034,1030
37760,1030
34433,1030
10923,1030
8069,1030
14864,1030
24164,1030
34796,1030
37322,1030
3042,1030
37265,1030
25924,1030
33648,1030
37322,1030
24657,1030
37399,1030
35668,1030
35512,1030
8809,1030
11232,1030
35034,1030
29790,1030
19418,1030
29272,1030
28203,1030
11103,1030
33648,1030
37265,1030
29372,1030
37680,1030
31823,1030
12960,1030
9770,1030
37265,1030
28112,1030
37265,1030
36480,1030
10906,881
27715,881
24152,881
10916,881
16255,881
952,881
4574,881
3333,881
30090,881
18317,881
5774,881
12145,881
3350,881
13790,881
1669,881
656,881
5037,881
12350,881
31470,881
2852,881
15072,881
11678,881
23633,881
10695,881
19688,881
32920,881
19123,881
6013,881
16365,881
20766,881
15822,881
14349,881
31727,881
5294,881
10013,881
35541,881
35478,881
14685,881
22661,881
19172,881
9868,881
33218,881
11556,881
23066,881
19103,881
8669,881
2691,881
4285,881
4013,881
3735,881
2038,881
33700,881
14063,881
5303,881
2374,881
13962,881
18843,881
19183,881
5872,881
10935,881
10730,881
34555,881
19293,881
2166,881
14964,881
33753,881
1350,881
5735,881
20549,881
6885,881
19729,881
33236,881
10906,881
23336,881
18316,132
29983,132
29983,132
17102,132
30347,132
29008,132
29689,132
24780,132
25337,132
30704,132
15197,132
9677,132
9968,970
569,970
6130,970
2738,970
22270,970
14881,970
2044,970
26560,970
342,970
36507,970
7584,970
12631,970
21029,970
34442,970
33892,970
10984,970
30372,970
18983,970
14043,970
15813,970
27566,970
12638,970
16289,970
33404,970
21815,970
9593,970
12956,970
6155,970
23402,970
24175,970
2919,970
34219,970
34643,970
35913,970
9834,970
17859,970
11600,970
1857,970
4257,970
6897,970
37726,970
26216,32
20494,32
26955,32
19312,32
29918,32
28734,32
19289,32
18640,32
6697,32
12825,32
24627,32
26213,32
29334,32
31306,32
18630,32
15157,32
9664,32
18100,32
10085,32
16821,32
22035,32
30393,32
29171,32
28905,32
8498,32
8498,32
9946,32
23195,32
9946,32
19343,32
26326,32
8319,32
7871,32
19660,32
3108,32
10833,32
17508,32
8276,32
7997,32
11798,32
3447,451
27200,451
12105,451
3079,451
30886,451
8569,451
26811,451
33544,451
17436,451
20348,451
18634,451
12039,451
19918,451
12389,451
16446,451
17894,451
1264,451
1252,451
5659,451
7830,451
17484,451
7781,451
37002,451
13261,451
16296,451
34218,451
36770,451
19924,451
34939,451
28329,451
27239,451
34792,451
29419,451
9646,451
24886,451
32607,451
35858,451
9996,451
30280,451
18002,451
32371,451
12521,451
7074,451
25713,451
31134,451
15083,451
34549,451
14765,451
24425,451
26621,451
23877,451
2398,451
36345,451
1071,451
22905,451
27122,451
36350,451
35683,451
29702,451
25604,451
24423,451
29608,451
25809,451
34266,451
24430,451
17379,451
25781,451
17859,451
2414,451
10566,451
29812,451
16096,451
28092,451
22034,451
36491,375
15074,375
21628,375
4175,375
34217,375
16176,375
16297,375
29196,375
32167,375
17116,375
17597,375
1040,375
8257,375
6913,375
4789,375
729,375
33269,375
2654,375
15014,375
35245,375
29839,375
12141,375
19045,375
29839,375
729,375
29631,375
8066,375
31738,375
10358,375
2492,375
25933,375
9011,375
6936,375
9976,375
19483,375
37118,375
15270,375
37118,375
14554,375
26442,375
10358,375
18462,375
34137,333
12504,333
19483,333
8462,333
18983,333
31714,333
27766,333
32753,333
7949,333
15448,333
17883,333
35832,333
24832,333
9037,333
7795,333
4649,333
6285,333
21052,333
18846,333
37111,333
15056,333
31623,333
33264,333
3375,333
33856,333
36622,333
32948,333
8404,333
36663,333
20038,333
11252,333
4871,333
19514,333
19034,333
31444,333
25309,333
26584,333
15909,333
30849,333
5056,333
17159,333
25036,333
14739,333
4410,333
36502,333
9603,333
34691,333
17892,333
35956,333
5204,333
4969,333
35932,333
24121,333
6110,333
6110,333
33819,333
7809,333
5480,333
3690,333
29855,410
13373,410
16438,410
17210,410
12618,410
17671,410
2926,410
26449,410
12618,410
10644,410
15963,410
7183,410
9597,410
24657,410
18711,410
3377,410
13896,410
29069,410
17210,410
20392,410
28786,410
28786,410
7183,410
30561,365
10567,365
14176,365
26971,365
16181,365
1775,365
36663,365
36072,365
31246,365
5164,365
10436,365
10610,365
12221,365
32856,365
34720,365
32856,365
33433,365
33806,365
36720,365
21390,365
27566,365
9856,365
13029,365
3961,365
19731,365
36345,365
34792,365
20382,365
3771,365
29070,365
14451,365
7584,365
17859,365
3349,365
16398,484
15876,484
266,484
2710,484
18575,484
35676,484
18537,484
24611,484
2989,484
35070,484
5145,484
20080,484
22298,484
10336,484
18510,484
21526,484
30308,484
30331,909
17025,909
32985,909
27819,909
17761,909
29244,909
11490,909
33426,909
27098,909
32509,909
13199,909
8338,909
28789,909
11474,909
25153,909
28738,909
20591,909
24963,909
33846,909
10863,909
5308,909
31166,909
18860,134
31763,134
21440,134
7177,134
19727,134
29008,134
3791,134
21801,134
27831,134
28493,134
16158,134
12367,134
20200,134
10427,134
8590,134
24319,134
23649,134
21525,134
1194,22
16116,22
385,22
758,22
25871,22
21773,22
6222,22
14829,22
9600,22
16275,22
11364,22
17383,22
22449,22
23951,22
23951,22
317,22
4719,22
37069,677
34043,677
15975,677
15805,677
6425,677
6965,677
5383,677
13851,677
530,677
20904,677
12158,677
18521,677
17245,677
9154,677
18943,677
17954,677
21899,677
4283,677
35619,677
14684,677
35668,677
34931,677
32741,677
6635,677
14622,677
37074,677
19545,677
21787,677
26120,677
4896,677
4896,677
25407,677
23967,677
34514,677
36850,677
29063,677
34839,915
30819,915
36184,915
34376,915
16589,915
2674,915
34582,915
35022,915
18821,915
31790,915
18661,915
16836,915
37412,915
4686,915
25186,915
26356,915
17395,915
23920,915
846,915
32247,915
33286,915
9423,915
6852,915
640,915
35048,915
27123,915
35719,915
36668,915
36668,915
671,915
4343,915
23961,915
31864,915
29043,915
32486,915
25091,915
37244,915
14252,915
26292,915
12589,915
21661,915
36178,915
34675,697
27,697
611,697
6417,697
13847,697
14818,697
10141,697
3133,697
11955,697
5070,697
15965,697
35378,697
33572,697
35769,697
9126,697
34675,697
19864,697
28402,697
35378,697
2647,697
6291,697
13395,697
29138,697
23624,697
137,274
7860,274
15369,274
24655,274
6148,274
29995,274
8371,274
21471,274
26396,274
33553,274
2725,274
1182,274
34271,274
1832,274
24066,274
22778,274
24066,274
36708,274
17242,274
1847,274
9597,274
22203,274
32280,274
7965,274
27381,274
31230,274
7965,274
2462,274
6362,274
21759,274
26197,274
25756,274
3709,274
33510,274
29745,274
17659,274
30460,274
2984,274
17731,274
27249,274
30111,274
20678,274
24540,274
13852,274
20039,274
21821,274
28016,274
9641,274
7342,274
27898,274
3440,274
14577,274
31372,274
36732,274
7055,274
32052,274
29097,274
31859,274
26690,274
7011,274
8606,274
17739,274
32358,274
32358,274
22646,590
2271,590
33503,590
35148,590
11407,590
23322,590
28512,590
9179,590
15290,590
8201,590
6289,590
8910,590
10643,590
22085,590
11360,590
35945,590
22353,590
28320,590
14011,590
4944,590
27277,590
35427,590
34945,590
16944,590
17184,590
29597,590
4215,590
19035,590
33404,590
25126,590
9551,590
13122,590
18377,590
13315,590
6806,590
14352,590
29306,590
25968,590
36412,590
9659,590
8012,590
16413,590
23057,590
20519,590
19015,590
8770,590
32258,590
25576,590
21630,590
16447,590
31442,590
27857,590
7066,590
25861,8
17907,8
21195,8
16100,8
19291,8
19267,8
18935,8
25022,8
24913,8
8238,8
21108,8
9738,8
10525,8
29566,8
25022,8
21212,8
15191,8
6735,8
18078,8
19264,8
17154,8
15577,8
6833,8
27482,8
21279,8
24117,8
23087,8
20841,8
22183,8
17813,8
20098,8
19221,8
19221,8
21168,8
21168,8
12596,8
18268,8
3526,8
26394,8
12533,8
24460,8
9835,8
10189,8
1994,8
25895,8
2858,8
17108,8
21224,8
13672,8
33651,652
7313,652
9279,652
15450,652
36154,652
30380,652
10736,652
27197,652
9022,652
13279,652
15465,652
13727,652
37297,652
5306,652
21520,652
27508,652
9467,652
10732,652
10634,652
21702,652
3626,652
29527,652
28528,652
34975,652
13944,652
36283,652
35084,652
8041,652
24852,652
32248,652
17645,652
36653,652
28712,652
8706,652
19995,652
27290,652
25638,652
34359,652
16607,652
6113,652
30338,652
35531,652
21223,652
31120,652
37182,652
31120,652
35254,652
11557,652
5699,652
30685,652
36983,652
26276,652
15813,652
22785,652
20466,652
16532,652
36139,652
12195,652
25889,652
32442,652
20718,652
3361,652
4716,652
13807,652
14448,652
7737,652
21719,652
21719,652
27545,652
36332,652
36236,652
27545,652
21858,652
21049,652
12438,652
35484,652
37132,652
33197,652
1511,652
28135,652
28516,652
4509,652
35498,652
30197,652
14071,652
28281,652
23866,652
26819,652
15461,652
4903,652
5796,652
36679,652
23765,652
12004,652
21700,652
2003,652
28067,652
10340,652
19086,652
23861,652
25965,652
10400,652
7452,652
16661,652
20318,652
16661,652
24341,652
35111,652
37310,652
30194,652
36287,652
32795,652
32795,652
28677,652
18771,652
22230,652
33128,652
23861,652
29478,652
31882,652
28344,652
36389,652
28173,652
2172,652
33306,652
4783,652
12867,652
34057,652
13575,652
27545,652
21268,652
24968,652
33340,652
24665,652
26872,652
26872,652
35554,652
14391,652
35554,652
12962,652
5144,652
8844,652
29920,652
19986,652
28274,652
22470,652
36338,652
5426,652
13212,652
23471,652
29097,652
9283,652
33704,652
24837,652
14603,652
10118,652
27894,652
10409,652
35489,652
8525,652
4495,652
34643,652
19247,652
30066,652
36374,652
27496,652
7358,652
9513,652
33463,652
37264,652
30922,652
17446,652
8067,652
15247,652
27706,652
34234,652
17359,652
15247,652
5880,652
13432,652
32071,652
36981,652
23382,652
11041,652
21850,652
27273,652
10299,652
7404,652
35875,652
12154,652
30112,652
8547,652
26146,652
18963,652
26873,652
8137,652
21469,652
6086,652
27934,652
35804,652
27198,652
25756,652
31620,652
12477,652
9984,652
13376,652
8538,652
7310,652
12240,652
12026,652
18315,652
33257,652
11050,652
36878,652
20955,652
25447,652
34491,652
24294,652
20747,652
27906,652
31766,652
4503,652
20559,652
4244,652
35300,652
2098,652
23056,652
35151,652
24450,497
8925,497
5846,497
34787,497
1758,497
18525,497
16762,497
32742,632
22209,632
17934,632
20097,632
15460,632
35747,632
3878,632
2077,632
3268,632
23120,632
18405,632
11651,632
19557,632
10798,632
10670,632
26261,632
10670,632
6668,632
1709,632
10344,632
6377,632
6484,632
33699,632
28225,632
32742,632
27909,632
4313,632
10248,632
9035,632
35693,632
13452,632
29694,632
22380,632
26389,632
22821,632
11120,632
12507,632
9009,632
19827,632
13069,632
26273,632
37455,632
6227,632
33435,632
23304,632
21627,632
14064,632
5394,632
34245,632
34532,632
13381,632
6382,305
25128,305
28329,305
12119,305
33952,305
1618,305
261,305
2931,305
2324,305
20820,305
12443,305
705,305
35935,305
5992,305
19489,305
12818,305
13122,305
1830,305
24809,305
13491,305
26438,305
27456,305
4689,305
10616,305
8593,305
3993,305
36917,305
4894,305
8161,305
27178,305
36410,305
34523,305
20375,305
3248,305
12349,305
7435,305
21551,305
945,305
818,305
1819,305
14675,305
3246,305
34708,305
4433,305
27220,305
17980,305
31997,305
18014,305
15147,305
27593,305
26564,305
2927,305
19924,305
32988,305
31508,305
21507,305
12334,305
5402,305
35913,305
18159,305
2653,305
15306,305
19160,305
34424,305
25746,305
32281,305
32636,305
23159,305
21961,305
21826,305
25770,305
28080,305
7166,305
20820,305
2027,305
29320,305
10667,305
2398,305
29715,305
11444,305
28170,305
7584,305
21384,305
33021,305
36169,305
4389,305
28520,305
28135,305
35844,305
1018,305
8744,305
28135,305
33180,305
29256,305
12734,305
19686,409
36345,409
5707,409
2283,409
37038,409
25403,409
21469,409
9088,409
35497,409
23016,409
30188,409
24750,409
10385,409
3666,409
18771,409
3712,409
29076,409
3712,409
13376,409
33341,409
32363,409
35163,409
24818,409
27598,409
31395,409
7984,409
36087,409
12005,409
10923,409
36236,409
26100,409
34592,409
5435,409
23056,409
23972,409
36653,409
35803,409
23851,409
25572,409
35803,409
29069,409
6664,409
8978,409
29790,409
13944,409
36741,409
35281,409
32280,409
35515,409
21981,409
36171,409
11512,409
21523,409
35515,409
10346,409
5596,409
9071,409
22005,409
16726,409
12620,409
1921,409
1921,409
33215,409
8344,409
28549,409
11680,409
8252,409
9071,409
13982,409
8344,409
8252,409
16726,409
16726,409
24750,409
16948,409
34001,409
17312,409
15051,409
32293,409
36789,409
33942,409
35920,409
12420,409
23484,1052
13886,1052
33531,1052
904,1052
17892,1052
31567,1052
9058,1052
36072,1052
32139,1052
15334,1052
1954,1052
3544,1052
37550,1052
1094,1052
23737,1052
29157,1052
14538,1052
34028,1052
26188,1052
723,1052
8313,1052
24898,1052
8313,1052
9792,1052
28100,1052
6376,1052
12675,1052
18247,1052
33603,1052
33660,1052
22468,1052
904,1052
26188,1052
4921,1052
32948,1052
28888,1052
31943,1052
33027,1052
31990,1052
8775,1052
31638,1052
37550,1052
9708,1052
6166,614
22241,614
24088,614
7192,614
12124,614
27314,614
14847,614
18626,614
8567,614
30888,614
8110,614
29877,614
7849,614
17659,614
15395,614
6978,614
33418,614
6507,614
4026,614
35841,614
36187,614
18063,614
18162,614
22718,614
30375,614
17688,614
5987,614
20283,614
19982,614
12938,614
29506,614
243,614
6095,614
18419,614
19963,614
37188,614
23904,614
8915,614
15357,614
12963,614
34523,614
35551,614
13783,614
12386,614
15582,614
23688,614
5483,614
23969,614
16536,614
3830,614
25167,614
1393,614
1046,614
11354,614
24050,614
2436,614
27295,614
14873,614
595,614
32395,614
21861,614
3728,614
4546,614
24732,614
3411,614
37290,614
6427,614
1085,614
20097,614
18792,614
33572,614
991,614
12464,614
37151,614
1501,614
10171,614
19814,614
15429,614
4161,614
37113,614
7805,614
24431,614
11112,614
29678,614
5739,614
18354,614
5994,614
8842,614
8467,614
15719,614
16367,614
13905,614
3148,614
22081,614
22115,614
8015,614
36823,614
30805,614
23818,614
24361,614
33374,614
34646,614
35474,614
5697,614
1314,614
17007,614
4463,614
23518,614
14730,614
17707,614
24639,614
28658,614
28384,614
32019,614
14280,614
18046,614
13452,614
2325,614
11278,614
26882,614
15097,614
30611,614
24965,614
23045,614
13178,614
26232,614
34346,614
19464,614
11266,614
33191,614
36109,614
25882,614
29457,614
17374,614
3866,614
2452,614
16771,614
1051,614
389,614
15122,614
18243,614
23136,614
14831,614
5913,614
15228,614
20993,614
27496,614
28798,614
34245,614
14139,614
6427,614
37704,975
22579,975
33354,975
6113,975
34546,975
30293,975
11325,975
30142,975
30061,975
12680,975
11231,975
129,975
33264,975
37283,975
37128,975
24233,975
34839,975
28899,975
27255,975
31452,975
31185,975
12021,975
36006,975
36307,975
5130,975
18993,975
26462,975
36906,975
33155,975
34216,975
35177,975
33238,975
18129,975
7750,975
19245,975
31847,975
129,975
36011,975
24498,975
20774,367
28885,367
10821,367
36678,367
18161,367
22918,367
36431,367
14789,367
17770,367
19885,367
22059,367
31247,367
29606,367
17993,367
1691,367
9593,367
31283,367
12991,367
19422,367
20006,367
2667,367
32666,367
31064,367
23929,367
26098,367
36220,367
28965,367
24276,367
36531,367
8034,367
14968,367
17033,367
27122,367
11165,367
17484,367
28211,367
36762,367
5493,367
10704,367
21916,367
5525,367
16112,367
19114,367
36957,367
24922,367
14973,367
3593,367
23241,367
20180,367
13745,367
31363,367
34993,367
2203,367
24481,367
4485,367
32373,367
14426,367
17089,367
34025,367
34025,367
16248,367
15223,367
19959,367
12022,367
20709,367
11548,367
24417,367
36370,367
13281,367
18520,367
14278,367
4882,367
9795,367
33182,367
24089,367
12711,367
35161,459
30546,459
8686,459
3256,459
4082,459
17817,459
11490,459
15430,459
11079,459
32578,459
14581,459
14198,459
843,459
28111,459
3117,459
10242,459
10242,459
31562,459
24916,459
26174,459
4365,459
7562,459
19617,459
29351,459
36028,459
9741,459
26616,459
14692,459
36328,459
22964,459
30284,459
8587,459
12442,459
20774,264
6166,264
19423,264
1189,264
21690,264
16851,264
24974,264
16240,264
10821,264
27060,264
16661,264
470,264
36055,264
24414,264
36032,264
14257,264
580,264
26902,264
35217,264
8451,264
21325,264
580,264
34078,264
29289,264
20632,264
9710,264
1332,264
28694,264
23450,264
15501,264
18901,264
6218,264
13028,264
7799,264
28063,264
31895,264
10339,264
14576,264
30602,264
19996,264
11971,264
14582,264
2070,264
12447,264
17033,264
5661,264
20484,264
27717,264
16273,264
2070,264
4623,264
14101,264
4783,264
34486,264
24324,264
27665,264
22624,264
10331,264
3476,264
16566,264
34278,264
4689,264
18901,264
21810,264
28461,264
34755,264
8614,264
7089,264
8622,264
26439,264
15695,264
16566,264
20955,264
32378,264
27923,264
3835,264
29729,264
11653,264
4793,264
31029,264
25387,264
27422,264
15342,264
32926,264
26182,264
16537,264
3438,264
32220,264
31911,264
26685,264
30434,264
34331,264
29948,264
13941,264
11381,264
9468,264
17652,264
32199,264
10605,264
35312,264
29019,264
33115,264
31849,264
6010,264
24348,264
36261,264
32278,264
14755,264
31588,264
35909,264
34548,264
32278,264
17731,264
31588,264
21565,264
5573,264
21320,264
29635,264
25638,264
34337,264
19675,264
20307,264
25269,264
34409,264
7706,264
27560,264
34777,264
22461,264
29627,264
27453,264
19911,264
24164,264
25478,264
32638,264
19390,264
24626,264
2323,264
6769,264
35339,264
35274,264
23324,264
22913,264
36414,264
30805,264
23103,264
6807,264
10767,264
26376,264
30863,264
7611,264
21954,264
26690,264
9553,264
10632,264
33436,264
36461,264
27496,264
29505,264
28061,264
2498,264
15435,264
36357,264
36491,373
4038,373
30996,373
7713,373
5393,373
8342,373
10170,373
2173,373
9943,373
36900,373
801,373
403,373
21982,373
2142,373
35591,373
35860,373
19927,373
13873,373
2142,373
11568,373
549,373
8394,373
5058,373
6280,373
8768,373
12200,373
3795,373
3795,373
7071,373
24892,373
8327,373
1450,373
2373,373
22980,373
7229,373
12546,373
33427,373
8900,373
8327,373
1006,373
2318,373
8502,373
1884,373
13399,373
5922,373
18321,373
28696,373
31729,373
16329,373
33433,373
26132,373
33271,373
34531,373
32988,373
10353,373
15979,373
18321,373
32887,373
3795,373
18200,373
1854,373
32988,373
12650,373
27466,373
34559,373
25898,373
5384,373
30603,373
24566,373
26657,373
34531,373
3978,373
28669,373
31098,373
18319,373
24450,373
578,373
30187,373
21239,373
6670,373
15340,373
25741,373
23331,373
25741,373
25785,373
21799,373
21953,373
14699,373
22270,373
34187,373
78,373
9619,373
9619,373
25864,373
25881,373
25181,373
12389,373
13173,373
10028,373
24889,373
20178,373
20178,373
5922,373
7394,373
11813,373
8251,373
21560,373
23311,373
998,373
15428,373
61,373
7787,373
16765,373
5922,373
27484,373
15269,373
9681,373
17345,373
7861,373
4238,373
397,373
397,373
78,373
1675,373
29775,373
15738,373
15738,373
9160,373
9160,373
5922,373
4238,373
403,373
27524,373
1733,296
19048,296
27018,296
27018,296
30720,296
20174,296
20174,296
25791,296
28980,296
30135,296
12475,296
9112,296
22406,296
28225,537
217,537
3236,537
34199,537
2393,537
28870,537
30909,537
21019,537
35689,537
6812,537
20695,537
32810,537
22739,537
21078,537
14589,537
15508,537
36845,537
27596,537
10045,537
26946,537
1338,537
16544,537
4644,537
9203,537
3482,537
26406,537
20345,537
7012,537
16113,537
12751,537
14324,537
35540,537
15530,537
1031,537
4296,537
8523,537
6996,537
28738,537
12804,537
26248,537
848,537
11786,537
24224,537
21559,537
30052,537
7879,537
6571,537
16072,537
6671,537
23518,537
6582,537
10093,537
1399,537
6358,537
4898,537
12979,537
35119,537
31189,537
12252,537
15460,537
2219,537
14621,537
12215,537
13494,537
29080,537
31164,537
21380,537
17574,537
2392,537
2888,537
34100,537
17456,537
12673,537
5971,537
7801,537
10032,537
17644,537
14659,537
4849,537
17044,537
11239,537
21450,537
37177,537
4254,537
4708,537
5421,537
1422,537
19864,537
21230,537
8367,537
5329,537
2349,537
13201,537
14421,537
31222,537
19351,537
14339,537
16902,537
29073,537
34185,537
33002,537
26170,537
1766,537
8380,537
22634,537
15119,537
8343,537
29388,537
27724,537
13117,537
20594,537
19815,537
8080,537
17942,537
18826,537
27,537
1788,537
2845,537
15725,537
6911,537
13324,537
15598,537
21849,537
8466,537
19881,537
19791,537
10289,537
33806,537
26255,537
7308,537
24827,537
23045,537
30842,537
1354,537
17864,537
27808,537
10277,537
4060,537
34517,537
6851,537
24977,537
36828,537
22802,537
7727,537
13929,537
27768,537
25279,537
7727,537
25001,537
22747,537
13760,537
24475,537
21346,537
25019,537
21912,537
26763,537
29129,537
23591,537
26151,537
17004,537
33420,537
12148,537
21671,537
30486,537
27153,537
35367,537
814,537
35180,537
30714,537
25373,537
36814,537
673,799
112,799
2362,799
37345,799
25802,799
474,799
32118,799
19847,799
3566,799
5,799
803,799
3657,799
27385,799
15515,799
2245,799
15081,799
22181,799
12374,799
5037,799
37310,799
566,799
21117,799
16474,799
13231,799
37048,799
10807,799
26351,799
1194,799
20084,799
35414,799
33939,799
31325,799
1587,799
12207,799
4512,799
673,799
28496,799
3566,799
36652,799
7475,799
803,799
15388,799
107,799
32734,799
32457,799
1946,799
7151,799
4715,799
346,799
13197,799
19689,799
15989,799
8696,799
914,799
30291,799
20487,799
7739,799
17737,799
28869,799
12343,799
34864,799
33706,799
5,799
2377,799
7475,799
4512,799
2108,799
8861,799
4670,799
11235,799
32676,799
17505,799
10916,799
2545,799
9739,799
16828,799
647,799
33949,799
1294,799
4466,799
6667,799
22682,799
15033,799
14919,799
15471,799
11082,799
677,799
35808,799
21324,799
2050,799
17340,799
4978,799
8705,799
27593,799
2885,799
5101,799
19237,799
474,799
16582,799
14017,799
673,799
6106,799
673,799
4978,799
17958,799
11142,799
29598,799
34823,799
329,799
17837,799
15863,799
2264,799
2493,799
2671,799
14544,799
5896,799
31397,799
11513,799
2225,799
35586,799
21498,799
3672,799
860,799
36749,799
33662,799
28587,799
30299,799
27221,799
19537,799
6856,799
12974,799
22546,799
673,799
27686,799
23902,799
7380,799
28464,799
19537,799
27221,799
13022,799
10807,799
35710,799
12002,799
1735,799
5822,799
3636,799
34147,799
1948,799
4778,799
673,799
34147,799
673,799
1948,799
15442,799
1071,799
18373,799
13845,799
13845,799
31072,799
30636,799
37262,799
37262,799
37262,799
18699,799
11809,799
1914,799
19774,799
16245,799
6982,799
2574,799
1573,799
2347,799
1798,799
7393,799
10488,799
2569,799
27126,799
36197,799
673,799
36659,799
5,799
12459,799
20688,799
17049,799
36447,757
31,757
47,757
16615,757
36849,757
28451,757
28219,757
28219,757
31185,757
8377,757
21014,757
3063,757
36155,757
1366,757
16189,757
36155,757
35964,757
36447,757
36155,757
23707,757
12679,757
10382,757
23937,757
36849,757
1567,757
32986,757
12803,757
2819,757
27036,757
35427,757
35487,757
26786,757
26786,757
22905,757
27646,757
28968,757
27084,757
20400,757
31538,757
12212,757
14669,757
28939,757
22381,757
27165,757
16861,757
5983,757
7712,896
33471,896
16115,896
16115,896
19107,896
35632,896
24274,896
35882,896
3436,896
14673,896
20957,896
25681,896
33190,896
31891,896
28756,896
17572,896
21306,896
29264,896
21306,896
29264,896
29304,896
28051,896
28051,896
24171,896
17572,896
24171,896
24171,896
22593,896
24386,896
30652,896
18010,157
34142,157
8672,157
30528,157
27699,157
19373,157
27534,157
20369,157
15536,157
24281,157
21638,157
14369,157
20757,157
9239,157
26045,157
26045,157
23772,157
14121,157
14121,157
1700,157
7704,157
16244,157
7003,157
17906,157
18423,157
18423,157
955,157
36263,157
32139,439
9902,439
35596,439
22946,439
9728,439
9728,439
6421,439
26979,439
23830,439
17859,439
11923,439
733,439
4574,439
6902,439
8505,439
12500,439
16038,439
27715,439
1014,439
31952,439
4949,439
35539,439
20403,439
22209,439
3580,439
27802,439
35545,439
34364,439
29111,439
33155,439
35503,439
822,439
13473,439
18047,439
15790,439
10194,439
28665,439
34792,439
23913,439
33467,439
35096,439
2847,439
13680,439
28272,439
35844,439
36191,439
36667,439
22669,439
20928,439
14479,439
19941,439
25835,439
16043,439
5907,439
20885,439
26441,439
15107,439
3206,579
14774,579
11499,579
2391,579
4040,579
5353,579
14245,579
28946,579
14387,579
9035,579
805,579
31688,579
10813,579
2031,579
31438,579
11136,579
4524,579
15376,579
16604,579
21503,579
23713,579
34611,579
21973,579
5751,910
33663,910
14358,910
27710,910
25395,910
18677,910
9080,910
4135,910
13719,910
35404,910
32414,910
19292,910
7409,910
28789,910
30331,910
34608,910
25153,910
30196,910
36836,910
36836,910
33846,910
29101,910
27247,910
33427,910
19543,910
33407,910
6327,910
6327,910
6327,910
6327,910
19876,815
26649,815
32657,815
20853,815
33457,815
14399,815
10158,815
29513,815
3325,815
10433,815
4641,815
14821,815
28111,815
27977,719
3007,719
2737,719
17034,719
12601,719
30261,719
18087,719
34318,719
13180,719
3047,719
31787,719
23006,719
32756,719
15746,719
11956,719
32204,719
23200,719
5287,719
26800,719
9406,719
11675,1024
14442,1024
33798,1024
37817,1024
8700,1024
4523,1024
12340,1024
24957,1024
28807,1024
4023,1024
8586,1024
31842,1024
553,1024
35442,1024
24394,1024
29209,1024
7101,1024
30310,1024
553,1024
13577,1024
7096,1024
24699,1024
26652,1024
20322,1024
22393,1024
14214,1024
37477,1024
21604,9
14220,9
22959,9
16782,9
13220,9
23678,9
12261,9
14749,9
26796,9
9756,9
26481,9
10221,581
26874,581
18528,581
24739,581
10342,581
10821,581
15935,581
14851,581
27478,581
11812,581
10046,581
26557,581
22523,581
6909,581
21720,581
12913,581
16496,581
30348,581
27270,581
3620,581
13874,581
25033,581
13779,581
27857,581
28100,581
30197,581
12448,581
3567,581
36124,581
30983,581
8654,581
29347,581
7154,581
4749,581
1533,581
7906,581
10146,581
34120,581
37413,581
313,581
25363,581
26659,581
23889,581
36560,581
7923,581
24847,581
8545,581
15406,581
36865,581
22089,581
872,581
15812,581
25781,581
15113,581
13546,581
35640,581
29385,581
33942,581
33942,581
33942,581
37413,581
10339,581
16413,581
217,540
7148,540
12077,540
19982,540
28908,540
11499,540
2391,540
17846,540
28829,540
22454,540
35540,540
3406,540
25953,540
9025,540
24349,540
18034,540
16810,540
21302,540
1338,540
9203,540
21760,540
10045,540
36020,540
21972,540
18601,540
19344,540
8543,540
4296,540
9083,540
21353,540
31165,540
2181,540
10032,540
22983,540
15460,540
21380,540
15290,540
17381,540
2219,540
11273,540
6165,540
30306,540
29772,540
8523,540
15127,540
1636,540
35805,540
28183,540
1589,540
11670,540
26170,540
30891,540
12560,540
11817,540
31164,540
16371,540
21093,540
1357,540
8453,540
17668,540
9013,540
2271,540
5092,540
4368,540
23048,540
22777,540
12673,540
9859,540
1599,540
5421,540
14655,540
21033,540
9377,540
11892,540
27549,540
24075,540
4849,540
4281,540
20641,540
4254,540
19963,540
16585,540
32305,540
22353,540
1422,540
17106,540
13494,540
21230,540
17294,540
1279,540
16942,540
15055,540
18702,540
13201,540
27212,540
5338,540
6275,540
2352,540
28075,540
25057,540
3034,540
31222,540
777,540
4161,540
33208,540
27722,540
12979,540
14385,540
12458,540
9635,540
19916,540
1148,540
25147,540
24724,540
28208,540
13817,540
17475,540
20734,540
576,540
16902,540
33002,540
16613,540
2393,540
2838,540
5067,540
3465,540
36823,540
28745,540
8380,540
22634,540
28039,540
20645,540
30837,540
31268,540
12215,540
22051,540
24607,540
11786,540
19755,540
35257,540
7014,540
12174,540
8694,540
7213,540
26179,540
21238,540
5613,540
18826,540
22754,540
23473,540
29777,540
26320,540
17338,540
14702,540
19481,540
27425,540
2787,540
33756,540
20282,540
17546,540
6486,540
22563,540
23201,540
25274,540
12317,540
29422,540
374,540
30918,540
11997,540
19580,540
7518,540
29471,540
25109,540
8466,540
23023,540
5380,540
10654,540
20324,540
30874,540
14171,540
14199,540
35709,540
2223,540
23187,540
20584,540
26255,540
19811,540
30842,540
2223,540
17864,540
35657,540
10277,540
4060,540
7187,540
13834,540
29130,540
28236,540
812,540
13893,540
11902,540
30168,540
36828,540
4196,540
22802,540
30520,540
20008,540
20558,540
20419,540
20961,540
17144,540
27397,540
14899,540
27768,540
13929,540
9243,540
1314,540
4646,540
24310,540
22981,540
10688,540
20568,540
25583,540
14606,540
27153,540
21912,540
8396,540
3188,540
15736,540
18279,540
25301,540
33420,540
30486,540
15371,540
29603,540
27722,540
27722,540
20751,540
27722,540
20751,540
1461,140
10743,140
32446,140
27600,140
20502,140
11351,140
24067,140
19429,140
29326,140
7896,140
13861,140
14964,140
6864,140
30102,140
25351,140
583,140
16533,140
12069,140
11892,596
35551,596
23400,596
21167,596
355,596
18816,596
1356,596
3405,596
2891,596
13166,596
20452,596
11006,596
4325,596
28327,596
89,596
2080,596
33191,596
351,596
9988,596
34532,596
9383,596
7753,596
10414,596
16285,596
1013,596
34466,596
23573,596
9877,596
11440,596
24600,596
16701,596
5827,596
28166,596
6718,596
2312,596
33699,596
13738,596
10351,596
3186,596
3206,596
31666,596
17161,596
37044,596
21565,596
31846,596
16167,596
21082,596
23068,596
25526,596
11508,596
6252,596
2044,596
21033,596
16019,596
14338,596
28045,596
33942,596
9982,596
9982,596
14177,596
9982,596
15199,596
11878,520
21870,520
9421,520
18974,520
12369,520
17947,520
7366,520
19680,520
112,693
1144,693
37204,693
13052,693
4231,693
8786,693
20031,693
2738,693
18386,693
10917,693
18769,693
30915,693
10824,693
12956,693
37317,693
21665,693
26560,693
10569,693
35913,693
35340,693
12483,693
17387,693
34891,693
2069,693
37002,693
13736,693
18864,693
2271,693
21343,693
22165,693
32270,693
30280,693
23837,693
31102,693
27820,693
20003,693
22158,693
36264,693
21997,693
12668,693
32265,693
30276,693
17859,693
31215,693
15140,693
763,693
26573,693
14899,693
31549,1041
18571,1041
13582,1041
19216,1041
25898,1041
8841,1041
35479,1041
24114,1041
37972,1041
8132,1041
13079,1041
1305,185
27015,185
3223,185
2917,185
3876,185
36072,185
20007,185
9023,185
33337,185
16272,185
8478,185
372,185
28767,185
18004,185
8838,185
32249,185
30457,185
1691,185
12632,185
16223,185
32164,185
35277,185
19616,185
32051,185
28297,185
4483,185
705,185
2530,185
10834,185
34850,185
18917,185
18610,185
22090,185
6650,185
10179,185
12542,185
6341,185
6074,185
8093,185
10932,185
17187,185
5849,185
2111,185
14934,185
16103,185
34836,185
30969,47
24625,47
10605,47
4963,47
1335,47
27293,47
7730,47
29477,47
4515,47
2565,47
4071,47
9251,47
13206,47
19400,47
12059,47
29743,47
23634,47
23061,47
25999,47
3241,47
21782,47
8332,47
3140,47
29516,47
6751,47
20423,47
8069,47
32917,47
19569,47
30677,47
15198,47
29997,47
18143,47
7904,47
25899,47
25194,47
31573,47
2112,47
31063,47
30932,47
14184,47
26351,47
5079,47
24154,47
4797,47
7618,47
2563,47
15520,47
11348,47
15198,47
16599,47
15520,47
30240,47
31063,47
28136,47
27581,47
21405,47
21119,47
32480,47
18485,47
32551,47
12477,47
25420,47
16989,47
2425,47
28137,47
326,47
11932,47
6181,47
6170,47
7715,47
12480,47
8685,47
594,47
3286,47
7130,47
7477,47
29862,47
21034,47
10055,47
23111,47
32059,47
20727,47
14634,47
14735,47
21260,47
2510,47
6675,47
9729,47
30628,47
9729,47
5762,47
15772,47
9276,47
27951,47
25816,47
27951,47
22849,47
6504,47
22849,47
17935,47
22849,47
4028,47
18799,47
9607,47
11216,47
27402,47
12892,922
13137,922
23050,922
2284,922
7223,922
31997,922
8518,922
10984,922
24534,922
37002,922
35913,922
30498,922
12638,922
29844,922
184,922
7360,922
9612,922
28097,922
31015,922
5555,922
34890,922
34075,922
14169,922
35807,922
22938,922
5692,922
33863,922
37657,922
27250,922
14899,922
31323,922
36726,922
29135,922
21419,922
16986,922
28595,922
29878,922
37762,922
11047,922
17734,922
17784,922
25091,922
32371,922
33954,922
29139,922
17859,922
22973,922
36821,922
12385,556
29655,556
1049,556
4533,556
11972,556
877,556
14509,556
6356,556
10745,556
3137,556
13338,556
2478,556
3552,556
7596,556
6759,556
23051,556
16446,556
3746,556
2666,556
5211,556
24213,556
18604,556
31790,556
36367,556
10916,556
9459,556
8910,556
3975,556
9268,556
10501,556
6289,556
3700,556
21509,556
14474,556
21752,556
22364,556
13790,556
11407,556
28320,556
31307,556
23118,556
20739,556
6196,556
18614,556
30169,556
25821,556
13283,556
22465,556
27151,556
16828,556
2627,556
31782,556
13756,556
20874,556
27857,556
7972,556
11520,556
7097,556
7939,556
28478,556
32734,556
22703,556
25099,556
6806,556
26106,302
21010,302
9699,302
30253,302
26733,302
21222,302
24003,302
19446,302
29452,302
19348,302
34165,302
21222,302
34275,302
20413,302
26106,302
30419,302
35350,302
10314,302
9732,302
9732,302
33968,302
32457,266
18158,266
4152,266
34744,266
23288,266
3692,266
15106,266
31680,266
21976,266
9496,266
5182,266
1658,266
11694,266
20631,266
8498,266
25647,266
22158,266
24347,266
22112,266
27295,266
28676,266
28426,266
7459,266
36350,266
16470,266
3013,266
31593,266
2490,266
16897,266
31593,266
2786,266
22249,266
20469,266
3484,266
7467,266
5892,266
36516,266
16098,266
11630,266
2540,266
1559,266
35849,266
7609,266
3421,266
8503,266
21174,266
27635,266
20875,266
6004,266
10174,266
1366,266
11222,266
36295,266
3852,266
18936,266
29848,266
10440,266
30156,266
35999,266
17336,266
18455,266
20735,266
18995,266
10843,266
20241,266
32973,266
17013,266
17404,266
17975,266
17013,266
1512,266
23827,266
13029,266
23017,266
3021,266
2670,266
16166,266
22113,266
35738,266
1398,266
16897,266
29581,266
17404,266
28676,266
16800,266
5606,266
18208,266
9933,266
18138,266
5445,266
14451,266
27472,266
3963,266
23674,266
4894,266
1054,266
2807,266
13999,266
31579,266
1069,266
5629,266
10440,266
520,266
28724,266
15234,266
35127,266
10458,266
25382,266
24940,266
6994,266
18068,266
4649,266
15234,266
28627,266
35172,266
27807,266
7114,266
2783,266
33881,266
20652,266
7903,266
18765,266
24293,266
16020,266
1002,266
36746,266
7903,266
19732,266
20117,266
5494,266
16330,266
13341,266
1056,266
1438,266
17133,266
5093,266
15352,266
4927,266
31908,266
13459,266
9768,266
26953,266
5870,266
24399,266
597,266
5205,266
35901,266
17564,266
3138,266
34824,266
27090,266
15613,266
4337,266
34255,266
29836,266
23381,266
14467,266
25533,266
13454,266
4194,266
378,266
31390,266
14789,266
438,266
15862,266
30321,266
27792,266
9516,266
26659,266
22187,266
28286,266
14152,266
12927,266
25475,266
655,266
34150,266
20435,266
14921,266
13221,266
5064,266
956,266
10836,266
3677,266
6105,266
2009,266
21124,266
16727,266
23135,266
13222,266
4809,266
13363,266
1404,266
24850,266
31559,266
21416,266
26111,266
1133,266
25170,266
21052,266
10437,266
1982,266
11037,266
35073,266
30064,266
23030,266
18318,266
36097,266
22187,266
29665,266
4096,266
29665,266
29492,266
1358,266
11224,266
21691,266
28545,266
10589,266
11030,266
33241,266
3561,266
25238,266
1535,266
20991,266
7281,266
541,266
29937,266
34347,266
13788,266
15747,266
27183,266
14222,266
441,266
3984,266
33201,266
22146,266
14222,266
447,266
25742,266
6025,266
20816,266
793,266
9690,266
25199,266
13588,266
14375,266
9136,266
14675,266
14293,266
35937,266
34957,266
24330,266
17756,266
6933,266
90,266
6862,266
4867,266
1254,266
13546,266
20763,266
22216,266
22985,266
22957,266
28670,266
1309,266
8828,266
16673,266
5898,266
29899,266
27086,266
3265,266
32920,266
16189,266
6020,266
28769,266
6070,266
6697,266
2929,266
5841,266
33971,266
11639,266
34779,266
6750,266
20927,266
31061,266
31061,266
34861,266
31614,266
4207,266
17370,266
9132,266
21473,266
7905,266
34210,266
1801,266
35620,266
18256,266
13239,266
9745,266
7426,266
36489,266
907,266
13354,266
1004,266
10641,266
18671,266
25309,266
6089,266
11529,266
17391,266
36536,266
12062,266
36489,266
21533,266
3682,266
35379,266
19737,266
14407,266
21785,266
33301,266
36138,266
18041,266
17345,266
14651,266
21403,266
2806,266
35682,266
8531,266
23248,266
14378,266
23766,266
18720,266
1374,266
4090,266
27821,266
9085,266
6444,266
14794,266
35978,266
15613,266
7043,266
5021,266
28163,266
4620,266
13014,266
22206,266
10752,266
20199,266
1011,266
35291,266
33917,266
24495,266
16094,266
33205,266
14971,266
5521,266
11133,266
27878,266
9023,266
13043,266
258,266
497,266
18815,266
26506,266
9447,266
14039,266
23626,266
11750,266
6248,266
26796,266
34543,266
9120,266
2242,266
16306,266
33834,266
28714,266
5932,266
8292,266
7138,266
21448,266
15115,266
35869,266
17983,266
32549,266
30589,266
28413,266
27379,266
784,266
20709,266
28214,266
32167,266
11388,266
31945,266
29377,266
32763,266
13606,266
33643,266
10184,266
5636,266
24616,266
27233,266
34982,266
35457,266
23277,266
34982,266
29502,266
21852,281
31666,281
565,281
17280,281
6173,281
7332,281
27611,281
17397,281
29130,281
29381,281
29161,281
34891,281
28708,281
12660,281
26493,281
29884,281
30513,281
27830,281
4274,281
31390,281
15901,281
19397,281
42,281
31493,281
9151,281
3934,281
10661,281
11887,281
19570,281
19373,281
22357,281
16510,281
30162,281
8134,281
24357,281
36373,281
2494,281
20339,281
5862,281
15453,281
33475,281
19448,281
30162,281
11621,281
10405,281
26014,281
34627,281
35250,281
13554,281
1787,281
23887,281
35266,281
10405,281
9519,281
4332,281
12512,281
35266,281
2887,281
27819,281
36266,281
14293,281
23623,281
31709,281
7412,281
26802,281
31184,281
13879,281
23367,281
23367,281
23367,281
3638,281
5014,281
34486,281
15332,281
19533,281
26337,281
35656,281
31996,281
26659,281
6614,281
11736,281
33769,281
33819,281
1188,281
30162,281
15647,281
30162,281
10024,281
25161,281
20487,281
8454,281
26616,281
31453,281
5741,281
20697,281
17859,281
32989,281
29792,281
23099,281
14218,281
4563,281
35869,281
18119,281
21816,281
34792,281
8872,281
27289,281
30593,281
9844,281
36061,281
828,281
24737,281
29508,281
36870,281
15785,281
30142,281
33863,281
6774,281
24752,281
28954,281
36477,281
8186,281
36667,281
35366,281
36560,281
4306,281
20979,281
14101,281
3925,281
31925,281
11542,281
20806,281
34317,281
26985,281
32914,281
29846,281
9032,281
29846,281
7780,281
1022,281
13721,281
4880,281
36762,281
15754,281
22726,281
36536,281
27576,281
31735,281
27370,281
6463,281
27370,281
28458,281
22582,281
12883,281
25469,281
36658,281
20221,281
34824,281
36359,281
17346,281
29513,281
20054,281
35702,281
27611,281
24571,281
32637,281
4090,281
14846,281
14846,281
1728,281
1728,281
8982,281
1728,281
1728,281
6979,281
36381,281
33423,281
30552,281
36266,281
32880,281
15407,400
5297,400
16129,400
803,400
31167,400
26393,400
21334,400
18253,400
19971,400
20487,400
26317,400
7079,400
18970,400
5297,400
25928,400
2769,400
24940,400
3590,400
37020,400
20415,400
8649,400
77,400
8221,400
11831,400
8106,400
8106,400
29528,400
12544,400
29903,400
18441,400
7204,400
32734,400
6229,400
7474,400
13481,400
11110,400
2541,400
10024,400
8282,400
31317,400
13641,400
23619,400
19371,400
17664,400
5504,400
11962,400
2404,400
849,400
2404,400
9277,400
28229,400
35414,400
1389,400
11018,400
4610,400
7379,400
31809,400
38336,400
8696,400
28226,400
1217,400
14851,400
698,400
33662,400
16499,400
30028,400
4778,400
11831,400
1471,400
1471,400
20267,400
34462,400
4778,400
6947,400
24643,400
18456,400
11955,400
18399,400
8695,400
21622,400
30996,400
23765,400
2619,400
19325,400
10308,400
5725,400
12302,400
17300,400
1535,400
27041,400
1308,400
24528,400
13467,400
2045,400
27137,400
103,400
12732,400
36372,400
4218,400
22510,400
4832,400
23135,400
17771,400
4218,400
28,400
1641,400
9274,400
10706,400
15442,400
657,400
899,400
21883,400
24754,400
27046,400
27046,400
2900,400
10701,400
657,400
5416,400
11130,400
22765,400
6581,400
7625,400
1481,400
18567,400
27899,400
33886,400
13367,400
698,400
4248,400
26351,400
11021,400
148,400
19998,400
17730,400
17217,400
25369,400
10063,400
5201,400
21302,400
21251,400
28374,400
8591,400
9915,400
15366,400
14549,400
7715,400
18748,400
1460,400
18058,400
2029,400
2751,400
9146,400
11090,400
7652,400
271,400
17298,400
7595,400
166,400
936,400
3199,400
15009,400
282,400
28309,400
7477,400
5407,400
15973,400
13411,400
2603,397
33874,397
9115,397
16576,397
26058,397
14635,397
11890,397
34160,397
1572,397
3775,397
20096,397
5186,397
19823,397
16052,397
984,397
34295,397
16582,397
20983,397
4527,397
11020,397
3921,397
9297,397
15521,397
4584,397
6526,397
21792,397
31899,397
29512,397
3283,397
4686,397
18693,397
18889,397
24777,397
26311,397
12974,397
43,397
21169,397
56,397
8875,397
30939,397
27548,397
16098,397
11269,397
27801,397
18690,397
27801,397
28709,397
31888,397
28898,397
15194,397
15503,397
18738,397
33056,397
28676,397
23243,397
25141,397
10716,397
12571,397
11487,397
34350,397
2695,397
36784,397
12833,397
9991,397
27511,397
25846,397
29095,397
11822,397
4227,397
3721,397
30643,397
8857,397
20631,397
24510,397
5400,397
17434,397
11460,397
10244,397
14412,397
25978,397
26625,397
23766,397
29684,397
13337,397
26889,397
35500,397
9174,397
17043,397
31499,397
20745,397
20832,397
6367,397
7641,27
7295,27
878,27
21296,27
9762,27
18800,27
11427,27
26213,27
29878,27
11983,27
31829,27
6814,27
6369,27
8105,27
1154,27
2936,27
18665,27
24396,27
30254,27
1870,27
1618,27
15872,27
28566,27
21202,27
16078,27
18411,27
2954,27
9664,27
9888,27
16673,27
17690,27
19506,27
23440,27
28024,27
19125,27
17859,27
5648,27
17093,27
31313,27
24776,27
23941,27
25843,27
9724,27
31327,27
3464,27
10873,27
198,27
22031,27
25479,27
29922,509
11095,509
22271,509
23862,509
34600,509
33339,509
2479,509
32467,509
2017,509
10628,509
16688,509
32829,509
33339,509
32505,509
35999,509
32829,509
18964,509
27004,509
33258,509
20132,509
32829,509
22271,509
18964,509
21170,509
34526,509
32809,509
25135,509
22100,509
22594,509
14268,509
32809,509
30067,509
27119,509
5208,509
5208,509
7377,509
7377,509
29856,509
3440,509
5005,509
34548,509
36528,509
34991,509
34991,509
34418,509
5335,509
4621,509
4621,509
4670,509
11915,509
28475,509
23788,509
29092,509
15573,509
15573,509
32236,509
33695,509
23788,509
19110,509
23476,509
35476,509
24804,509
23710,509
27483,509
21175,509
24687,509
35712,509
35524,509
33827,509
35980,509
18636,509
22986,509
27004,509
7639,509
27483,509
35522,509
33550,509
26672,509
2270,509
25518,509
22733,509
28005,509
3274,509
12398,509
27004,509
33930,509
10262,509
12398,509
4590,509
36132,509
12398,509
14278,509
30707,509
10579,509
30685,509
16057,509
36132,509
22535,509
32112,509
1912,509
12398,509
36132,509
1912,509
19252,509
8239,509
36415,509
22468,509
28907,509
20252,509
15935,509
15935,509
15935,509
5313,509
8547,509
31767,509
26359,509
30515,509
28387,509
4722,1051
15569,1051
29648,1051
23946,1051
15441,1051
4760,1051
17291,1051
17906,1051
10240,1051
8737,1051
6007,1051
34353,1051
32758,1051
19007,1051
18098,1051
1462,1051
22811,1051
35338,1051
2397,1051
2972,1051
3328,1051
30654,1051
1169,1051
8828,1051
25317,1051
23865,1051
12666,1051
7557,1051
8099,1051
23683,1051
25782,1051
29728,1051
4305,1051
4561,1051
19179,1051
12862,1051
12778,1051
19860,1051
17192,1051
19318,1051
18848,1051
29089,1051
16119,1051
7331,1051
24677,1051
18307,1051
34214,1051
5649,1051
6886,1051
2157,1051
2157,1051
23535,1051
18477,1051
13263,1051
6703,353
7831,353
27118,353
12119,353
14109,353
1542,353
2919,353
23693,353
13657,353
21182,353
14881,353
67,353
30272,353
7038,353
13548,353
7764,353
2996,353
14451,353
5403,353
5118,353
12250,353
22574,353
27012,353
10436,353
11709,353
6149,353
26560,353
16835,353
35913,353
10494,353
10057,353
34218,353
9945,353
2039,353
2057,353
24813,353
7941,353
17859,353
30372,353
28214,353
6789,353
31909,353
5771,353
21997,353
18006,353
22158,353
25407,353
8241,353
3676,353
31003,353
11925,353
22017,353
33755,353
31096,353
16057,353
33433,353
20022,353
30277,353
30273,353
4438,353
22165,353
12589,353
29141,353
19325,353
7509,353
12092,353
36590,353
30417,353
28267,353
27857,353
36202,353
31239,353
29001,353
12887,353
36359,353
23204,36
2754,36
8501,36
4753,36
4731,36
16446,36
23217,36
30781,36
9494,36
16282,36
27220,36
30959,36
29517,36
26213,36
4564,36
15010,36
9888,36
30958,36
19199,36
9409,36
11217,36
11217,36
21785,36
29878,36
29320,36
4753,36
25575,36
8052,36
20753,36
22031,36
18019,36
23886,36
26497,605
32652,605
23048,605
127,605
18333,605
21078,605
1045,605
14881,605
22408,605
6451,605
15829,605
981,605
9491,605
21716,605
8517,605
30323,605
10045,605
1583,605
5839,605
8130,605
2271,605
27963,605
418,605
2080,605
10670,605
34828,605
2609,605
1013,605
14126,605
4844,605
35546,605
37007,605
26385,605
10759,605
6768,605
8205,605
21804,605
902,605
18296,605
3552,605
750,605
28635,605
3268,605
16021,605
17922,605
13130,605
21257,605
10990,605
21514,605
13026,605
5944,605
77,605
740,605
6130,605
1011,605
1761,605
6227,605
22047,605
13412,605
32283,605
32467,605
29702,605
34379,605
14527,605
240,605
15021,605
11915,605
11668,438
3670,438
36962,438
11925,438
30142,438
19566,438
36449,438
21548,438
34020,438
27317,438
30271,438
37067,438
14064,438
35982,438
32264,438
25573,438
8726,438
34291,438
28918,438
31102,438
8726,438
33459,438
24932,438
16196,438
4327,438
12384,438
37318,438
24916,438
32426,438
29591,438
34792,438
36911,438
24407,438
30784,438
8899,438
6291,438
23833,438
25854,438
19941,438
29717,438
37188,628
125,628
9353,628
7594,628
30117,628
24088,628
2382,628
25244,628
26769,628
11112,628
10010,628
22047,628
30377,628
37151,628
19313,628
16698,628
27842,628
6490,628
34509,628
8063,628
8623,628
32852,628
33934,628
30352,628
10033,628
26993,628
12507,628
4147,628
19744,628
31387,628
3236,628
34248,628
17922,628
10759,628
2001,628
17858,628
28777,628
15395,628
3798,628
31243,628
30133,628
13612,628
2727,628
19461,628
9083,628
28666,628
25698,628
30355,628
22280,628
21322,628
26900,628
3090,628
6745,628
4540,628
155,628
28915,628
28680,628
30563,628
28539,628
21288,628
10404,628
33876,628
28517,628
9273,628
17422,628
25858,628
26261,628
14881,628
4961,628
35011,628
875,628
1840,628
8851,628
22718,628
27680,628
15736,628
9845,628
26556,628
34646,628
23074,628
23452,628
29661,628
34985,628
31908,628
37435,628
3699,628
31566,628
11384,628
11717,628
19155,628
6828,628
12206,628
15251,628
2682,628
34532,628
1909,628
1305,628
32181,628
10513,628
3402,628
15929,628
16957,628
23904,628
5019,628
11793,628
34364,628
26768,628
13069,628
35474,628
8592,628
14997,628
23955,628
21194,628
21194,628
8234,628
31634,628
2999,628
36178,628
17096,628
29105,628
14363,628
13032,628
25240,628
22726,628
15858,628
5987,628
37455,628
18460,628
7711,628
4510,628
5306,628
9474,628
800,628
9107,628
35133,628
16790,628
23338,628
16006,628
1368,628
16535,628
32736,628
16447,628
22835,628
11879,628
30665,628
30511,628
29958,628
8915,628
20817,628
15268,628
12184,628
36252,628
13838,628
206,628
14589,628
23965,628
6368,628
18632,628
15979,628
20043,628
9089,628
36874,628
31438,628
16265,628
12844,628
18982,628
32457,628
20318,628
10696,628
7163,628
20270,628
26784,628
4963,628
23733,628
2820,628
21329,628
6763,628
20270,628
23733,628
29893,628
15745,628
25594,628
14186,628
26189,628
10653,628
7486,628
35414,628
31018,628
33699,628
15228,628
9975,628
31841,628
16633,628
603,628
1026,628
9247,628
9536,628
24489,628
4498,628
22708,628
22708,628
20334,628
17867,628
14550,628
20270,628
19921,628
10000,628
4727,628
14638,628
31189,628
23733,628
33252,628
23030,628
22708,628
2279,628
22258,628
14638,628
29948,628
20964,628
7271,628
50,628
33185,628
26077,628
29357,628
12457,628
2104,628
31765,628
16387,628
12610,628
11969,628
16616,628
31886,628
16948,628
2845,628
32150,628
32150,628
4557,628
20928,628
30777,628
14777,628
17369,628
25155,628
29926,628
29335,628
20476,628
20476,628
35563,628
35445,628
27253,628
34150,628
20594,628
408,628
4328,628
8000,628
18260,628
1986,628
14883,628
14883,628
10670,628
36986,628
26097,440
22542,440
17326,440
5475,440
469,440
12014,440
37094,440
27521,440
1721,743
33453,743
30759,743
20690,743
10387,743
29813,743
35871,743
34457,743
16172,743
31198,743
27089,743
13927,743
32256,743
34148,743
4652,743
28968,743
32271,743
30170,743
17932,743
35141,743
763,743
22841,743
36168,743
18722,743
21200,791
36703,791
19909,791
15917,791
30555,791
6592,791
21781,791
19052,791
21485,791
36650,791
11692,791
36867,791
1201,791
36644,791
10072,791
15419,791
15271,791
12019,791
120,791
12089,791
15803,791
366,791
16245,791
19541,791
7318,791
20759,791
14418,791
11501,791
29229,791
17507,791
29789,791
27437,791
7364,791
7083,791
19532,791
36963,791
1554,791
10487,791
28670,791
36215,791
11942,791
258,791
6415,791
8003,791
10934,791
5783,791
1029,791
31669,791
27491,791
27491,791
31669,791
15427,791
36650,791
23230,791
25111,791
17928,791
21279,791
22096,791
17861,791
2893,791
19503,791
23087,791
35676,791
26803,791
23232,791
37602,791
24765,791
36311,791
3138,791
16642,791
30868,791
25010,791
14057,791
191,791
690,791
33218,791
30206,791
9040,791
801,791
26521,791
7323,791
36300,791
5247,791
25148,791
4833,791
11847,791
22844,791
32382,791
25436,791
30865,791
8952,791
10996,791
10934,791
24137,791
23316,791
23381,791
9200,791
28673,791
12345,791
37540,791
15081,791
7599,791
27067,791
34105,791
25148,791
28037,791
28809,791
25838,791
12861,791
4337,791
30144,791
20278,791
3502,791
5450,791
10934,791
32564,791
8541,791
17085,791
9826,791
1410,791
33765,791
6628,791
8930,791
3762,791
29181,791
11176,791
19142,791
24110,791
34867,791
30082,791
281,791
17262,791
33344,791
36948,791
31915,791
24894,791
33444,791
21917,791
5302,791
6856,791
13823,791
8868,791
36100,791
9262,791
16421,791
32072,791
15781,791
5767,791
12248,791
10471,791
32967,791
19615,791
21514,791
17286,791
28478,791
23084,791
8113,791
18954,791
29468,791
13019,791
21662,791
22928,791
16897,791
30828,791
29602,791
22086,791
18148,791
4774,791
14175,791
12216,791
19559,791
25418,791
6449,791
19615,791
13266,791
21304,791
24118,791
15495,791
29648,791
37059,791
15785,791
33025,791
37253,791
17271,791
438,791
12478,791
30529,791
9843,791
4911,791
28625,791
18068,791
33241,791
16943,791
8759,791
10597,791
4954,791
13337,791
6572,791
19354,791
2249,791
15985,791
30,791
25954,791
37067,791
2739,791
36449,791
32799,791
17157,791
9052,791
6573,791
2739,791
7791,791
7006,791
27337,791
7620,791
23272,791
19565,791
24845,791
26332,791
16330,791
28343,791
8763,791
13093,791
30022,791
19690,791
4724,791
36510,791
36775,791
17147,791
12872,791
13750,791
15025,791
28496,791
36534,791
20135,791
10105,791
27475,791
29512,791
22488,791
16367,791
14394,791
30400,791
36744,791
26381,791
31413,791
13676,791
8195,791
34183,791
8089,791
9711,791
17160,791
30981,791
9940,791
17400,791
32996,791
36364,791
19930,791
36364,791
12498,791
4877,791
16477,791
9796,791
1813,791
24224,791
3202,791
6540,791
36295,791
32580,791
28576,791
5710,791
6368,791
1276,791
12664,791
3273,791
19352,791
16502,791
12823,791
358,791
11829,791
32188,791
18105,791
12453,791
34201,791
21943,791
30636,791
33056,791
27379,791
7434,791
6821,791
7656,791
24224,791
31127,791
35303,791
33547,791
11560,791
28890,791
29342,791
19458,791
7348,791
16747,791
16328,791
11077,791
26236,791
19106,791
34823,791
20291,791
30476,791
22447,791
1236,791
20359,791
21267,791
24770,791
12332,791
23799,791
14503,791
9516,791
24752,791
33653,791
34903,791
22320,905
14372,905
22036,905
33090,905
6583,905
29608,905
1250,905
33679,905
18295,905
25821,905
2958,905
27676,905
20480,905
5057,905
20400,905
17876,905
5057,905
20299,895
38735,895
26227,895
17642,895
25220,895
34064,895
19614,895
29353,895
33820,471
30561,471
32111,471
36363,471
30638,471
6050,471
27165,471
22122,471
32914,471
37011,471
4822,471
11338,471
37092,471
36073,471
36073,471
37283,471
22825,471
31941,471
12138,471
19941,471
6702,471
35033,471
34397,471
14568,471
34851,471
24430,471
37162,471
13054,471
30173,471
6936,471
14532,471
14316,471
21836,471
18611,471
23846,471
23846,471
5684,471
26347,471
35406,471
17590,75
30860,75
27691,75
8369,75
28599,75
12395,75
26833,75
1079,75
12951,75
27723,75
29761,75
28275,75
16163,75
4812,75
30354,75
11827,75
25008,75
17234,75
19727,75
2512,75
23507,75
28231,75
6258,75
26028,75
25755,75
33016,75
3930,75
16011,75
2500,75
11791,75
31839,75
30001,75
15637,75
12945,75
33630,75
19370,75
20786,75
33512,75
27190,75
26529,75
21249,75
4634,75
17916,75
23982,811
30890,811
30890,811
32194,811
28556,811
29177,811
21921,811
15914,183
16703,183
10957,183
5217,183
10144,183
20909,183
34896,183
18302,183
32023,183
23040,183
9973,183
20782,183
28432,183
20764,183
33337,183
18302,183
12961,183
27741,183
33699,183
17627,183
35342,183
17380,183
35663,183
65,183
20782,183
65,183
25430,161
25430,161
25430,161
25430,161
26944,161
7150,161
25430,161
25430,161
25430,161
29324,161
13172,161
20130,161
25430,161
25430,161
31311,161
32767,161
34286,161
22494,161
24816,161
31992,161
17092,161
25430,161
25430,161
31896,161
25430,161
14742,161
25430,161
31896,161
29730,161
25430,161
20228,161
28977,161
25675,161
32510,161
27965,161
15070,161
25337,161
31389,161
25910,161
27346,161
25430,161
10181,161
29142,161
27300,161
29984,161
10602,161
26613,161
32369,161
30040,161
29794,161
30752,161
21921,161
29537,161
17041,161
31557,161
25430,161
1070,58
17843,58
19001,58
26412,58
8618,58
4968,58
1825,58
1691,58
15379,58
18348,58
18390,58
960,58
1305,58
25065,58
31086,58
31615,58
20181,58
2708,58
30304,58
32249,58
13867,58
8796,58
6873,58
15774,58
23351,58
28569,58
12400,58
30597,58
9993,58
3552,58
21976,58
7113,58
22518,58
18390,58
533,58
13085,58
6729,58
5493,58
3316,58
28093,58
4735,58
17689,58
23138,58
8872,58
11139,58
24427,58
23558,58
7829,58
18840,58
15254,58
16396,58
1724,58
15196,58
21323,58
16010,58
6729,58
20082,58
23797,58
30566,58
1787,58
31945,58
6936,58
7133,58
6716,58
26768,58
13352,562
18604,562
4385,562
16446,562
36350,562
8173,562
25122,562
22019,562
8493,562
7691,562
9059,562
16704,562
34646,562
3781,562
31415,562
26405,562
17130,562
5353,562
12394,562
1370,562
18133,562
19806,562
32113,562
15936,562
20015,562
14286,562
1550,562
15446,562
27687,562
27857,562
7301,562
16744,562
29337,562
4943,562
14645,562
36124,562
23267,562
8610,562
13261,562
21803,562
36178,562
21129,821
36345,821
3563,821
35593,821
29097,821
6271,821
3685,821
13695,821
24895,821
34627,821
12393,821
4140,821
17080,821
5117,821
28884,821
7330,821
3288,821
26579,821
9476,821
4254,551
3830,551
14905,551
36474,551
22634,551
1148,551
19397,551
217,551
12751,551
28360,551
8063,551
11266,551
15728,551
16015,551
32609,551
10884,551
6390,551
139,551
24340,551
2080,551
3148,551
34973,551
3878,551
34274,551
4999,551
9035,551
6033,551
15812,551
36177,551
13181,551
30507,551
23120,551
3878,551
18324,551
16453,551
13129,551
33725,551
29694,551
595,551
2359,551
35292,551
17428,551
36089,551
7824,551
12042,551
36124,551
37291,551
34934,551
10167,551
10670,551
31947,551
3964,551
30714,551
2278,648
24063,648
22613,648
25957,648
187,648
28211,648
12586,648
9099,648
13481,648
36761,648
23624,648
31566,648
24654,648
3552,648
4640,648
6084,648
2152,648
31496,648
25885,648
37211,648
11073,648
28363,648
31090,648
9265,648
25849,648
28149,648
6441,648
36972,648
36972,648
36466,648
3399,648
25800,648
20771,648
10401,648
30459,648
27832,648
16596,648
32071,648
16596,648
36972,648
22973,648
6703,648
4495,648
26634,648
8256,648
35253,648
1601,648
29759,648
3,304
36431,304
2741,304
1173,304
35414,304
9342,304
6464,304
24056,304
19924,304
11397,304
7402,304
9169,304
6166,304
13923,304
17892,304
15921,304
27996,304
19938,304
1643,304
26178,304
23481,304
14565,304
110,304
25312,304
3531,304
7584,304
9393,304
14600,304
5277,304
26807,304
8755,304
25809,304
35314,304
12478,304
518,304
11341,683
3219,683
1095,683
9540,683
3198,683
20617,683
3505,683
32225,683
22223,683
177,683
3146,683
18811,683
551,683
33840,683
15604,683
5570,683
33573,683
20219,683
26918,683
1968,683
663,683
3965,683
30024,683
19575,683
2112,683
8192,683
8631,683
4940,683
34518,683
23015,683
13025,683
31976,683
90,683
19739,683
25130,683
34561,683
30906,683
20436,683
24261,683
19780,683
25232,683
32957,683
33692,683
31960,683
22946,683
30899,683
10402,683
12244,683
19092,683
4030,683
634,683
19096,683
14443,683
17525,683
21292,683
7933,683
622,447
3157,447
1971,447
622,447
29936,447
15374,447
4063,447
32160,447
33468,447
33259,447
13685,447
29296,447
24324,447
23054,447
8961,447
29786,447
3208,447
18523,447
24,447
29770,447
13685,447
31616,447
34306,447
36194,447
26902,447
19797,447
11611,447
24384,447
25781,447
13247,447
8961,447
13685,447
19797,447
27894,447
19996,447
16628,447
28000,447
36588,447
11547,447
10840,447
10331,447
6220,447
21140,447
32912,447
2677,447
26400,447
35211,447
23879,447
4534,447
6218,447
28461,447
4773,447
17907,447
31518,447
13685,447
21796,447
19797,447
8961,447
15129,447
13685,447
7611,447
4960,447
17652,447
19247,447
35254,447
18901,447
19797,447
5497,447
19797,447
18901,447
16948,447
19675,447
19675,447
5712,447
5712,447
20232,447
35488,447
10486,447
27422,447
30142,447
28600,447
27060,447
27679,447
34308,447
29401,447
18965,447
20893,447
4286,447
35870,447
4286,447
35870,447
2851,543
29332,543
22716,543
1148,543
4708,543
20734,543
21402,543
21972,543
619,543
1788,543
7747,543
9224,543
3545,543
22966,543
12159,543
35329,543
6911,543
17863,543
12215,543
9197,543
35973,543
2181,543
29265,543
15659,543
5046,543
20310,543
32605,543
32591,543
20579,543
24310,543
33524,543
21642,543
25625,1013
13705,1013
16029,1013
15684,1013
18317,1013
33366,1013
19489,1013
804,1013
29556,1013
13975,1013
8371,1013
9366,1013
3484,1013
37211,1013
15858,1013
34582,1013
15096,1013
2748,1013
11238,1013
12501,1013
5448,1013
8487,1013
8868,1013
24008,1013
5770,1013
9985,1013
32953,1013
36401,1013
3635,1013
1152,1013
13822,1013
27924,1013
2748,1013
6050,1013
372,1013
24830,1013
34117,1013
5289,1013
35913,1013
20265,1013
21621,1013
32312,1013
24096,1013
12638,1013
7036,1013
11299,1013
2044,1013
5099,1013
24008,1013
31997,1013
32073,1013
14169,1013
17859,1013
23373,1013
26336,1013
8842,1013
18755,1013
35007,1013
17220,1013
4831,1013
31840,1013
6212,1013
9856,1013
17122,1013
33954,1013
33888,1013
16065,1013
34092,1013
26548,1013
20495,1013
4287,1013
21852,1013
8200,1013
36862,1013
23068,1013
32770,166
30622,166
22396,166
20975,166
33822,166
12829,166
25772,166
30464,166
24365,166
12271,385
13714,385
5933,385
4758,385
13334,385
33166,385
22186,385
13706,385
24519,385
19172,385
3246,385
36528,385
2634,385
11463,385
20075,385
22636,385
5938,385
4825,385
27033,385
18699,385
20113,385
8165,385
1698,385
14710,385
13520,385
28211,385
17028,385
23017,385
3528,385
4160,385
28962,385
11641,385
22347,385
4507,385
5942,385
11962,385
14912,385
6012,385
21852,385
34859,385
6627,385
7293,385
22477,385
28761,385
32601,385
16798,385
9961,385
7688,385
21839,385
13675,385
16574,385
7467,385
13544,385
7985,385
22682,385
14909,385
16162,385
7503,385
25310,385
11211,385
22186,385
4361,385
22420,385
12002,385
31903,385
27821,385
3016,385
35423,385
21813,385
12714,385
10550,385
16129,385
30243,385
9335,385
1955,385
25052,385
1910,385
35466,385
25141,385
37270,385
19254,385
23674,385
31167,385
15896,385
26472,385
26557,385
28426,385
33726,385
2260,385
8054,385
35320,385
29225,385
19591,385
8738,385
27989,385
2682,385
25308,385
31937,385
22534,385
23230,385
35379,385
21374,385
9287,385
28397,385
5627,385
20525,385
10526,385
33661,385
1567,385
33661,385
7531,385
5961,385
11905,385
20806,385
10260,385
8163,385
32963,385
2770,385
26842,385
22587,385
36372,385
10833,385
14094,385
12193,385
34048,385
32929,385
7474,385
21348,385
2742,385
18391,385
2186,385
10952,385
15572,385
37145,385
3232,385
11990,385
20993,385
11046,385
36102,385
29382,385
30589,385
34121,385
12761,385
28213,385
9011,385
28464,385
11345,385
13049,385
1429,385
35736,385
1160,385
589,385
36239,385
17592,385
28991,385
28279,385
928,385
6319,385
5851,385
9330,385
3810,385
17982,385
10667,385
9042,385
33850,385
33368,385
9212,385
13186,385
25597,385
10770,385
20865,385
13330,385
29061,385
8091,385
578,385
35923,385
10571,385
1828,385
9783,385
30426,385
21630,385
34407,385
21415,385
25062,385
7008,385
11445,385
30157,385
16376,385
2954,385
398,385
14503,385
29801,385
15568,385
22351,385
23793,385
35547,385
37020,385
18758,385
18758,385
26033,385
31709,385
32188,385
6454,385
30028,385
10877,385
1705,385
29749,385
11717,385
29749,385
7533,385
20199,385
1803,385
35675,385
30291,385
5617,385
7145,385
258,385
29199,385
13661,385
16541,385
5713,385
16727,385
29789,385
7739,385
35575,385
8827,385
11198,385
34519,385
13965,385
26501,385
13882,385
24330,385
18373,385
10719,385
20760,385
16271,385
4820,385
19451,385
12459,385
26187,385
8598,385
25306,385
24643,385
27603,385
14096,385
25436,385
35505,385
1899,385
36702,385
10299,385
11561,385
27078,385
30267,385
12231,385
21485,385
2083,385
10018,385
19524,385
3211,385
18338,385
13221,385
16554,385
23188,385
28315,385
21658,385
11325,385
10786,385
24578,385
731,385
19119,385
26075,385
23,385
10777,385
33173,385
27939,385
18168,385
27914,385
24256,385
494,385
33667,385
33879,385
34589,385
14810,385
28919,385
6578,385
9662,385
20353,385
33832,385
16386,385
25679,385
7434,385
29586,385
24254,385
9596,385
19106,385
36450,385
37174,385
31046,385
27316,385
7362,385
36885,385
34837,385
339,385
18102,385
20750,385
4643,385
35556,385
5305,385
14111,385
4331,385
36321,385
26393,385
314,385
1145,385
20821,385
1398,385
35414,385
3177,385
8881,385
1940,385
28277,385
7905,385
10151,385
21792,385
549,385
20170,385
28673,385
5213,385
24110,385
36780,385
22442,385
23361,385
6378,385
12414,385
13994,385
33389,385
1334,385
29537,385
1322,385
2201,385
9249,385
9883,385
6530,385
1526,385
35835,385
28625,385
2286,385
32103,385
23143,385
16316,385
5107,385
387,385
10063,385
14796,385
216,385
3891,385
2189,385
33504,385
31431,385
31431,385
5152,385
21113,385
2879,385
21302,385
19099,385
23243,385
27379,385
34911,385
1818,385
23843,385
3244,385
1125,385
27799,385
7628,385
9570,385
23442,385
3373,385
34389,385
22074,385
15390,385
6619,385
24196,385
21791,385
11443,385
6828,385
27654,385
29502,385
16735,385
8254,385
8185,385
1685,385
21102,385
21083,385
22083,385
27140,385
11942,385
19537,385
6101,385
12489,385
9587,385
3575,385
14563,385
20161,385
24840,385
32167,385
3380,385
202,385
32920,385
2447,385
10801,385
32386,385
27205,385
12823,385
35541,385
20339,385
16328,385
16232,385
2268,385
18521,385
20631,385
13654,385
16245,385
3114,385
10099,385
2977,385
28586,385
27126,385
17313,385
25531,385
11230,385
23504,385
17747,385
3128,385
19458,385
11410,385
18859,385
36429,385
27125,385
5524,385
15701,207
13740,207
31967,207
22540,207
9110,207
34514,207
24009,207
25184,207
9110,207
16001,207
2170,207
9299,207
14049,207
11487,207
8012,207
21940,207
9110,207
10389,207
29318,207
24168,207
10705,207
34191,207
18235,207
33979,207
29608,207
14280,207
625,207
11203,207
10229,207
27554,207
9110,207
16551,207
27036,207
9299,207
21632,207
27554,207
9299,207
33018,207
31967,207
31967,207
9110,207
35222,207
14723,207
30957,207
34330,207
9299,207
36524,207
36283,207
29663,207
10389,207
23850,207
30047,207
22417,207
18549,207
10716,207
37281,716
28661,716
8342,716
17584,716
17725,716
9349,716
8613,716
22640,716
4504,716
17188,716
14493,716
15634,716
2949,716
18767,716
19318,716
23049,716
23049,716
34293,716
32584,716
33023,716
1673,716
22596,716
37491,907
27213,907
25772,907
33413,907
8960,907
33407,907
17174,349
20163,349
17174,349
18835,349
2528,349
13214,349
21482,349
4104,349
2558,349
16125,349
17412,349
4589,349
4750,349
4582,349
7451,349
17500,349
13539,349
5313,349
13513,349
26111,349
13539,349
11845,349
30399,349
8393,349
20233,349
10715,349
26199,349
14096,349
26253,349
26199,349
34238,349
4159,349
14859,349
1433,349
26409,349
14859,349
33773,349
26409,349
33773,349
9472,349
15664,349
6601,349
4039,349
13573,349
12621,349
18451,349
20754,349
18848,349
9357,349
35373,349
12328,349
20754,349
5025,349
5242,349
12488,349
25568,349
8654,57
30330,57
9238,57
28590,57
32658,57
14999,57
30408,57
19298,57
24143,57
10038,57
9630,57
18958,57
22328,57
12383,57
5033,57
27358,57
30330,57
27987,57
24143,57
29736,57
3732,790
29377,790
35405,790
17086,790
7582,600
4273,600
12465,600
34087,600
30162,600
16474,600
23124,600
7213,600
6576,600
35436,600
25743,600
15924,600
22724,600
946,600
1737,600
37063,600
12237,600
27995,600
16077,600
27795,600
20062,600
32648,600
4564,600
14942,600
28369,600
25107,600
5587,600
3324,600
4975,600
24623,600
253,600
5348,600
13548,600
5156,600
19177,600
35474,600
19540,600
4651,600
1740,600
14713,600
3494,600
19397,600
26662,600
9161,600
6435,600
24629,600
33311,600
32507,600
2375,600
24739,600
31515,600
26640,600
9390,600
34524,600
811,600
28949,600
7737,600
9880,600
36841,600
21069,600
19280,600
3988,600
34633,600
7132,600
13176,600
14981,600
37170,600
22951,600
1596,600
18853,600
4562,600
23753,600
29703,600
21894,600
16994,600
35901,600
37285,600
19542,600
29863,600
1335,600
21417,600
30837,600
14533,600
6042,600
9826,600
1996,600
37197,600
28289,600
25953,600
19884,600
34190,600
30328,600
14596,600
32537,600
15043,600
293,600
1179,600
5522,600
30670,600
24698,600
7737,600
30067,600
34055,600
9366,600
13718,600
18236,600
25225,600
35546,600
11042,600
1602,600
418,600
9701,600
33262,600
13283,600
22792,600
3988,600
30775,600
6852,600
1825,600
12617,600
24067,600
33758,600
34686,600
2775,600
16019,600
35216,600
20476,600
33217,600
36124,600
24075,600
35111,600
32063,600
29354,600
17963,600
10076,600
36827,600
33420,600
27040,600
1693,600
33288,600
13866,600
7390,600
14361,600
25822,600
19043,600
20498,600
7564,600
27369,600
27857,600
14022,600
22643,600
2248,600
5634,600
27384,600
6225,600
16592,600
3531,600
28791,600
34612,600
18954,600
1519,600
13945,600
28768,600
32271,600
28045,600
35129,600
2919,600
23930,600
14035,600
13628,600
13560,600
14660,600
29856,600
17948,600
35498,600
11754,600
21108,600
37150,600
14093,600
13496,600
32283,600
7493,600
26001,600
21625,600
25603,600
17716,600
31238,600
6572,600
9010,600
700,600
1175,600
35414,600
31205,600
3288,600
31212,600
13971,600
8890,600
8422,600
20956,600
2591,600
22194,600
1782,600
37397,600
27817,600
29370,600
22528,600
19157,600
13069,600
8223,600
6164,600
29087,600
2359,600
27435,600
26549,600
29811,600
29545,600
21964,600
35928,600
33863,600
37024,600
7933,600
7907,600
6657,600
30458,600
29508,600
16676,600
26621,600
17587,600
22239,600
30264,600
36663,600
30935,600
16143,600
32220,600
34792,600
20472,600
22284,600
17822,600
10092,600
12791,600
20901,600
6934,600
27825,600
29035,600
34043,600
9978,600
30461,600
30866,600
17411,600
30624,600
14796,600
35369,600
22154,600
14932,600
14119,600
18825,600
26743,600
37049,600
22555,600
28831,600
3529,600
11376,600
11810,600
20340,600
1207,600
29443,600
24900,600
4221,600
34509,600
2630,600
1753,600
20741,600
9233,600
11092,600
31279,600
16161,600
30131,600
22508,600
27208,913
28758,913
2999,913
10838,913
21613,913
5751,913
26150,913
2837,913
3205,913
21783,913
22126,913
8038,913
15632,913
27686,913
32566,913
28442,913
6071,913
12346,913
16915,913
8741,913
13235,913
36726,913
12908,913
5049,913
27479,913
19543,913
13235,913
13624,913
26001,913
22376,126
28792,126
18460,126
30327,126
12177,126
14425,126
17433,126
18860,126
21775,126
25939,126
25384,126
31108,126
33009,126
25326,126
23620,126
7740,126
13198,126
27813,126
18891,126
23787,126
20239,126
19555,126
33470,126
21705,126
19581,126
26615,126
26047,126
23635,126
30301,126
27865,126
31919,126
31278,126
31736,126
30505,126
19014,126
12885,126
18588,126
3211,249
11086,249
16413,249
29102,249
24104,249
16433,249
9617,249
29002,249
19788,249
34994,249
11633,249
11679,249
28515,249
27981,249
34734,249
18045,249
28226,249
12851,249
20669,249
28154,249
20549,249
549,249
1727,249
28196,249
26246,249
5124,249
21462,249
342,249
20123,249
29374,249
29369,249
19144,249
22216,249
34792,249
7412,249
22487,249
6080,249
21501,249
2755,249
9596,249
2288,249
20172,249
4946,249
23165,249
1401,249
18992,249
35620,249
30698,249
34361,249
31158,249
11122,249
1305,249
29963,249
12603,249
11393,249
18600,249
1580,249
15270,249
4933,249
32495,249
12720,249
20564,249
36258,249
6198,249
13603,249
34209,249
9115,789
21274,789
11996,789
26659,789
3388,789
8750,789
2368,789
24469,789
23243,789
22319,789
984,789
16020,789
25437,789
6878,789
31888,789
20075,789
18209,789
14706,789
749,789
19486,789
1379,789
19500,789
8056,789
32975,789
20572,789
23001,789
941,789
34235,789
35921,789
16182,789
7977,789
34507,789
6238,789
10809,789
36869,789
11716,789
14386,789
21174,789
12937,789
19151,789
6415,789
14096,789
13841,789
22536,789
17514,789
32743,789
15231,789
5586,789
12627,789
27511,789
11822,789
9936,789
24756,789
20089,315
30440,315
28292,315
25165,315
20089,315
25499,315
27221,315
15304,315
5837,315
20862,315
26902,315
33983,315
20337,315
28292,315
25165,315
30904,315
24503,315
4570,315
4250,315
30142,315
36092,315
27644,315
33853,315
25156,315
31271,315
11547,315
27426,315
29493,315
6721,315
20089,315
25764,315
34234,315
24576,315
21955,315
26461,315
3705,315
8260,315
23967,315
4470,315
24570,315
20134,315
20089,315
24884,315
28740,315
33510,315
4366,315
4579,315
11680,315
1528,315
13626,315
23382,315
30782,315
31473,315
21294,315
2314,315
5894,315
36997,315
36741,315
23528,315
29650,315
20089,315
7653,315
32040,315
5441,315
32300,315
7730,315
31889,315
31889,315
2043,315
31889,315
19793,315
32040,315
31889,315
2916,315
10029,315
22190,315
32782,254
13465,254
12959,254
22745,254
5194,254
23824,254
18402,254
12543,254
9711,254
20435,254
12306,254
28944,254
8576,254
4891,254
25474,254
28331,254
17684,254
11896,254
88,254
17831,254
21561,254
17632,254
16743,254
20832,254
446,254
2877,254
3698,254
14256,254
19693,254
17083,254
21102,254
13439,254
30144,254
18714,254
17648,254
13008,254
27202,254
11520,254
12566,254
1799,254
3856,254
849,254
10679,254
849,254
16245,254
10446,254
23766,254
4262,254
16328,254
27126,254
15759,254
15759,254
23884,254
10529,254
11965,254
1173,254
3001,254
1498,254
15956,254
11930,254
6983,254
4008,254
29625,254
19230,254
20759,254
6856,254
27026,254
11829,254
20500,254
20379,254
20921,254
17605,254
1434,254
2754,254
10495,254
15754,254
13022,254
29586,254
13801,254
32676,254
25502,254
32025,254
5112,694
13091,694
1837,694
3721,694
4426,694
29702,694
10136,694
27890,694
15187,694
32574,694
25328,694
23440,694
18386,694
7772,694
36042,694
26446,694
5914,694
13616,694
33542,694
33228,694
5601,694
16446,694
35006,694
24456,694
37015,694
10548,694
20963,694
9322,694
24367,694
14135,694
818,694
18039,694
29554,694
34927,694
11624,276
24244,276
35297,276
14789,276
21037,276
20171,276
27898,276
36643,276
16029,276
25468,276
34099,276
28885,276
6217,276
4868,276
19140,276
32576,276
11145,276
28309,276
14977,276
14187,276
32948,276
22827,276
5935,276
32539,276
30802,276
5789,276
30859,276
5733,276
31112,276
22890,276
5935,276
9387,276
31911,276
28160,276
31112,276
26492,276
21949,276
35195,276
31715,276
26492,276
11875,276
3051,276
5255,276
31715,276
23321,276
25394,276
22810,276
23321,276
11066,276
20955,276
21178,276
35195,276
4868,276
28292,276
7618,276
26492,276
34099,276
34099,276
25407,276
9952,276
28694,276
35263,276
30488,276
30413,276
29914,276
29357,276
6808,276
31519,276
30598,276
6446,276
3641,276
9024,276
15460,969
4658,969
855,969
11035,969
4654,969
7362,969
13339,969
18707,969
11815,969
11674,969
859,969
30095,969
3443,969
6603,969
7489,969
9470,969
6002,983
9965,983
37704,983
18761,983
24985,983
2239,983
3120,983
33837,983
27255,983
14003,983
36184,983
35572,983
28429,983
22854,983
9168,983
1870,983
14406,983
3692,983
13175,983
37019,983
16372,983
10250,983
32263,983
16269,983
31176,983
23145,983
11544,983
8707,983
30239,983
27063,983
8333,983
30,983
7840,983
37352,983
24470,983
13545,983
6740,983
15112,983
3006,983
9057,983
7306,983
8847,983
21345,983
5770,983
6695,983
4475,983
36821,983
8717,684
30891,684
1262,684
27563,684
26241,684
3903,684
2863,684
5256,684
34792,684
32773,684
1866,684
32858,684
3536,684
11397,684
23767,684
11655,684
160,684
11648,684
11648,684
2467,684
36079,684
36079,684
35468,684
15852,684
14368,684
11655,684
9731,684
31123,963
6045,963
10058,963
15085,963
10399,963
20041,963
35813,963
10416,963
31346,963
37001,963
28308,963
36108,963
19709,963
14265,963
13553,963
33185,963
25236,963
13728,963
35414,963
35745,963
14911,963
33603,963
33748,963
19554,963
19806,963
11173,963
8101,963
116,963
660,963
35270,649
35194,649
29018,649
35269,649
35321,649
32406,649
35196,649
35413,649
35412,649
35417,649
9104,1053
34474,1053
3332,1053
23715,1053
20752,1053
10852,1053
6558,1053
561,1053
14302,1053
4815,1053
30324,1053
7340,1053
36311,1053
13938,1053
14974,1053
14229,1053
34062,1053
8603,1053
21549,1053
36726,1053
30024,1053
29896,1053
32899,1053
29896,1053
7927,1053
19914,1053
33450,1053
1198,1053
13478,1053
34795,1053
28842,1053
30879,1053
1069,1053
19005,1053
23802,1053
12630,1053
14595,1053
5778,1053
24331,1053
23526,1053
27302,316
29493,316
24503,316
4570,316
2015,316
17957,316
4990,316
30469,316
36092,316
20089,316
30469,316
20089,316
33853,316
27697,316
22933,316
30142,316
4465,316
13271,316
24219,316
10400,316
4858,316
7450,316
32752,316
6675,316
30669,316
16772,316
9071,316
5707,316
13322,316
36229,316
10536,316
17496,316
13874,316
27508,316
23393,316
24451,316
11875,316
3164,316
5306,316
25889,316
24884,316
24221,316
29670,316
5733,316
8559,316
33880,316
23408,316
23050,316
33995,316
29453,316
33918,316
12054,316
3950,316
28620,316
26390,316
3915,316
20771,316
3469,316
34873,316
35768,316
34516,316
13050,316
26684,316
20089,316
12674,316
33174,316
16430,316
25630,316
24632,316
26052,316
32189,316
30951,316
19013,316
19013,316
28428,316
2913,316
11436,316
15727,316
6561,316
28349,316
12741,316
29137,316
24968,316
4783,316
21111,316
7543,316
2233,316
7436,316
28511,316
36838,316
24488,316
26859,316
21532,316
9482,316
27302,316
33622,316
21422,316
19331,288
14572,288
22863,288
6,288
22171,288
8155,288
10195,288
30099,288
1548,288
20501,288
4199,288
18509,288
33312,288
20312,288
19840,288
19725,288
17816,288
5429,288
34810,288
22425,288
18979,288
24489,288
13947,288
3989,288
26952,288
4614,288
11549,288
26130,288
30640,288
7604,288
32242,288
28668,288
25118,288
12864,288
26130,288
22987,288
25378,288
29210,288
24312,288
4666,288
32945,288
4627,288
10275,288
3455,288
16022,288
36764,288
28039,288
32844,288
14219,288
17708,288
15076,288
7230,288
24317,288
22978,288
14676,288
35816,288
33120,288
30971,288
15480,288
30146,288
22743,288
11321,288
17943,288
10074,288
12982,288
20257,288
7883,288
23287,288
16662,288
9393,288
11551,288
28736,288
26517,288
20347,288
30006,288
25919,288
25581,288
8984,288
20625,288
25219,288
15683,288
17393,288
8317,288
23029,288
10958,288
19223,288
29263,288
23457,288
9275,288
18189,288
4469,288
23134,288
32408,288
25278,288
31516,288
1571,288
30880,288
34899,288
19603,288
10480,288
20438,288
13468,288
30914,288
18916,288
28505,288
6707,288
23801,288
24903,288
31753,288
21665,288
24145,288
19499,288
13905,288
246,288
20613,288
24139,288
18894,288
10406,288
22869,288
15261,288
14155,288
10406,288
3045,288
28121,288
24990,288
27392,288
26453,288
20508,288
4168,288
7936,288
17552,288
32261,288
18820,288
16257,288
4350,288
20067,288
18544,288
14208,288
3853,288
18293,288
19702,288
22517,288
18393,288
16907,288
16660,288
17183,288
6781,288
6855,288
2067,288
4213,288
14228,288
13837,288
18983,288
31991,288
7615,288
13550,288
19378,288
32678,288
20118,288
5176,288
30740,288
4612,288
4806,288
17925,288
10311,288
4640,288
7196,288
30045,288
22728,288
36352,288
2209,288
7644,288
26946,288
27059,288
25486,288
23444,288
23444,288
16955,288
25324,288
7279,288
3530,288
15341,288
5674,288
16690,288
34311,288
27842,288
36794,288
35962,288
17386,288
5639,288
25529,288
23515,288
19344,288
13951,288
20298,288
20298,288
20298,288
18509,288
18509,288
21572,288
33071,288
18509,288
11137,288
32068,288
31503,288
32154,288
20383,288
5391,288
26660,288
18051,288
17118,288
20970,288
22265,288
29065,288
9738,288
72,288
28450,28
23114,28
23852,28
29254,28
18112,28
17353,28
12290,28
17516,28
13220,28
14957,28
17521,28
26633,28
9580,28
30950,28
13849,28
10816,28
8996,28
13431,28
16000,28
4049,28
11568,28
23204,28
17061,28
23509,28
10179,28
815,28
26461,28
17777,28
26216,28
28801,28
6722,28
16707,28
28916,28
26053,28
8526,28
6436,28
17093,28
24760,28
19278,28
10806,28
606,28
27833,28
14667,28
8231,28
16941,28
3202,28
31114,28
9072,28
6444,28
10987,28
1855,28
8105,28
29115,28
31247,28
11644,28
25450,28
15934,28
21161,28
24464,28
29993,28
27530,28
3389,28
2710,28
27683,28
19917,28
1284,28
8899,28
13381,28
19247,28
3933,28
18015,28
20507,28
28079,28
2344,28
11646,28
1263,28
14304,124
29724,124
10097,124
28938,124
31763,124
15550,124
18860,124
15833,124
20701,124
15167,124
32362,124
26790,124
19032,124
5259,124
27610,124
28741,124
16951,124
9720,124
9017,124
11872,124
10052,124
12192,124
13564,124
14425,124
9392,124
22868,124
19442,124
6869,124
32141,124
31048,124
22761,124
29685,124
25737,124
32320,124
18467,124
27775,124
25089,124
3923,124
11472,124
12060,124
11491,124
27321,124
15639,124
15639,124
25266,124
17871,124
26369,124
9852,124
33297,124
14567,124
31423,124
18961,124
32460,124
32125,124
29351,124
23640,124
30150,124
8399,232
9711,232
2930,232
12453,232
14818,232
367,232
20682,232
16324,232
34343,232
11393,232
6568,232
22635,232
14122,232
27307,232
9933,232
12695,232
10679,232
8140,232
13292,232
33384,232
406,232
19307,232
19495,232
378,232
27125,232
28323,232
13476,232
17896,232
29964,232
16868,232
12823,232
23884,232
9524,363
18079,363
20388,363
21056,363
14699,363
25225,363
9194,363
18892,363
3492,363
25246,363
4882,363
27456,363
35600,363
34713,363
32305,363
15272,363
27842,363
3586,363
1495,363
9645,253
7738,253
3073,253
36564,253
19184,253
12735,253
27990,253
2930,253
5404,253
1851,253
19150,253
15221,253
3265,253
19495,253
27403,253
2021,253
27408,253
29002,253
29002,253
483,253
8003,253
15330,253
26720,253
19150,253
29022,253
13308,253
23315,253
26286,253
20669,253
4946,253
317,253
9457,253
32126,253
14640,253
22260,253
13967,253
3932,253
20982,253
16684,253
8145,253
14098,253
24737,253
34343,253
22553,253
7469,253
34753,253
7247,253
15392,958
15030,958
27791,958
13045,958
32737,958
7440,958
33146,958
30799,958
28122,958
1337,958
23006,958
34350,958
1274,958
21047,958
21047,958
27791,958
27791,958
19600,958
21047,958
29362,958
32104,958
15570,958
9613,958
7558,958
18960,958
14372,958
15191,958
21921,958
2077,615
77,615
15098,615
37151,615
29933,615
2775,615
11527,615
18109,615
35962,615
26162,615
27795,615
6493,615
1748,615
30127,615
17858,615
24477,615
7350,615
4783,615
19045,615
6452,615
24582,615
27315,615
28511,615
29034,615
32598,615
3444,615
30004,615
20636,615
1748,615
28803,615
16816,557
25071,557
2726,557
809,557
3177,557
36560,557
30750,557
33617,557
26762,557
9859,557
21828,557
35046,557
20868,557
1287,557
3014,557
15121,557
21836,557
27042,557
32249,557
24367,557
29273,557
24129,557
31952,557
28853,557
29806,557
20350,557
20395,557
33660,557
26548,557
22252,557
4476,557
17566,557
27857,557
34815,557
25526,557
14390,557
10339,557
35640,557
29385,557
26436,548
19478,548
7322,548
33201,548
6894,548
10162,548
6737,548
494,548
30960,548
26560,548
36040,548
16111,548
25995,548
16478,548
23347,548
1549,548
118,548
34219,548
37271,548
28238,548
7284,548
6155,548
17899,548
25086,548
29387,548
34594,548
29845,548
14697,548
5846,548
19296,548
9199,548
33021,548
7019,548
36680,548
14169,548
2919,548
25521,548
11708,548
8559,548
6897,548
36541,548
29436,548
9204,548
152,548
27953,548
12511,548
7036,548
14702,548
30372,548
1395,548
21495,548
10230,548
1857,548
27663,548
35619,548
4895,548
29257,548
34585,548
36136,548
27954,548
11915,548
9402,548
36679,548
32227,548
8049,548
6506,548
11656,548
3594,548
33155,548
4826,548
2380,548
8559,463
1666,463
1471,463
37351,463
23967,463
12558,463
15633,463
3551,463
27546,463
32948,463
25823,463
22137,463
36313,463
32187,463
36675,463
34296,463
11776,463
9566,463
22474,463
17837,463
36819,463
17699,463
1955,463
12438,463
26923,463
34742,463
25717,463
12285,463
31624,463
23821,463
20678,463
1592,463
8559,463
27256,463
34462,463
16962,463
25080,463
28133,463
8940,463
12553,463
3615,463
22862,463
4499,463
7220,463
18973,463
33254,463
30197,463
6396,463
11350,463
32059,463
33150,463
24665,463
33622,463
26244,463
35920,463
8069,463
29226,463
16400,463
5733,463
6291,463
35497,463
20819,463
23054,463
5070,463
20474,463
8260,463
10339,463
1899,463
13376,463
21496,463
8233,463
16649,463
28416,463
9599,463
19117,463
9599,463
33865,463
24968,463
19437,463
17312,463
36009,463
32716,463
5024,463
7100,463
6366,463
12828,463
35240,463
5306,463
36004,902
6081,902
26025,902
8404,902
194,902
8358,902
34831,902
33260,902
33260,902
14727,902
11251,902
11251,902
12911,902
1810,902
34828,902
1810,902
20842,902
26025,902
26982,902
19620,902
27631,902
7267,902
27631,902
2331,902
31600,902
19883,902
5187,902
23629,902
28418,902
16028,902
20402,902
18721,902
12075,902
37625,902
9934,902
36801,902
30079,902
37286,902
21213,902
2380,902
13095,902
3523,902
27550,902
13829,245
6374,245
34542,245
7291,245
14152,245
29217,245
3956,245
18337,245
5514,245
2532,245
11063,245
3984,245
22342,245
6860,245
3785,245
9821,245
3836,245
26253,245
8112,245
18344,245
20485,245
6651,245
22333,245
29626,245
2394,245
28184,245
7939,245
25988,245
26057,245
34374,245
30658,245
2488,245
20241,245
26042,245
6297,245
3245,245
5154,245
32315,245
4544,245
17431,245
33406,245
36244,245
1221,245
31158,245
19753,245
13135,245
9149,245
21148,245
33534,245
1526,245
9711,245
438,245
3003,245
6336,245
16549,245
31883,245
6097,245
10589,245
9496,245
21561,245
5253,245
3325,245
17540,245
4021,245
4347,245
21374,245
6257,245
30658,245
26653,245
9447,245
17982,245
7041,245
25848,245
25848,245
3822,245
18006,245
13855,245
34134,245
34996,245
6116,245
13932,245
16335,327
25282,327
11498,327
27452,327
15841,327
3997,327
23739,327
23869,327
21749,327
25112,327
25092,327
24986,327
25192,327
15522,327
30329,327
20413,327
15117,327
23769,327
21231,327
22258,327
21231,327
36111,327
26123,327
36250,327
14910,327
23098,327
1181,327
7468,609
6605,609
16337,609
12629,609
28652,609
14557,609
8400,609
9968,609
29756,609
18063,609
37268,609
18162,609
8723,609
18535,609
1665,609
28745,609
17993,609
25482,609
24512,609
36469,609
36469,609
32907,609
1941,609
26549,609
23360,609
2760,609
28070,609
19004,609
17992,609
6485,609
33572,609
20347,609
1903,609
16676,609
32132,609
29489,609
5257,609
1985,609
4234,609
26389,609
26157,609
33878,609
6213,609
27294,609
5582,609
18127,609
5757,609
814,609
17395,609
17401,609
37315,609
23642,609
35641,609
21361,609
21560,609
18741,609
8110,609
36626,609
24169,609
14733,609
18792,609
3049,609
14808,609
19754,609
26538,609
30816,609
18051,609
31728,609
29457,609
9483,609
23791,609
238,609
33989,609
7810,609
14983,609
37095,1048
12580,1048
6609,1048
36163,1048
19749,1048
18007,1048
22247,1048
3200,1048
28717,1048
27409,1048
8321,1048
28673,1048
16006,1048
5221,1048
18725,1048
28676,1048
15513,1048
32952,1048
16167,1048
12425,1048
12425,1048
7592,1048
37095,1048
34380,1048
20156,1048
16791,1048
36364,1048
17147,1048
9040,1048
11761,1048
11761,1048
1464,1048
1374,1048
285,1048
22247,1048
26187,1048
4268,1048
3942,1048
3942,1048
3372,1048
21866,1048
27485,1048
17823,1048
31413,1048
22410,1048
14436,1048
37095,1048
22962,1048
3630,1048
4324,1048
21866,1048
8738,1048
12169,1048
19968,1048
20221,1048
26060,1048
22322,1048
2876,1048
12074,1048
19389,1048
3756,1048
3756,1048
27450,1048
27450,1048
27990,1048
1497,1048
24840,1048
27990,1048
35597,1048
34652,1048
37095,1048
9570,1048
18080,1048
21866,1048
21866,1048
3287,1048
21866,1048
21866,1048
29977,1048
29977,1048
4324,1048
29977,1048
3287,1048
21866,1048
275,867
2420,867
2310,867
17412,867
36426,867
6487,867
2370,867
20687,867
3987,867
35858,867
35267,867
12633,867
36307,867
10490,867
4444,867
5579,867
36056,867
35267,867
11123,867
17463,867
22607,867
15252,867
27551,867
14632,867
34444,867
3048,867
13363,867
12183,867
36275,867
37128,867
35294,867
33591,867
26664,867
2810,867
23358,867
29543,867
35694,867
3112,867
10411,867
29514,867
19803,867
28910,867
29804,867
15900,867
30458,867
12303,867
10063,867
16482,867
21433,867
36812,867
27521,867
28665,867
16564,867
2674,163
15039,163
14902,163
30203,163
7553,163
11978,163
11140,163
16452,163
5154,163
12135,163
14066,163
31362,163
20562,163
12886,163
6141,163
19179,163
17472,163
6833,163
2884,163
22286,163
3886,163
29757,163
33970,163
26481,163
17695,163
8421,163
11383,163
12934,163
23322,163
17850,163
14815,163
18196,163
19368,163
24761,163
5280,163
19362,163
18327,163
9771,163
3991,163
9068,163
31264,163
16008,163
19760,163
4994,163
19841,163
14920,163
17983,163
15493,163
7381,163
14508,163
14210,163
4350,293
7828,293
32068,293
522,293
27734,293
3253,293
17244,293
30145,293
31516,293
17447,293
4612,293
7214,293
3985,293
31629,293
13470,293
7194,293
34403,293
21751,293
25374,293
32945,293
17966,293
9275,293
6762,293
36348,293
31172,293
19489,293
33312,293
27842,293
34241,293
23292,293
4614,293
25374,293
30167,293
22136,293
35662,293
4666,293
29210,293
14865,293
20277,293
15076,293
13443,293
29329,293
10347,293
10675,293
19360,293
14676,293
10480,293
3313,293
19705,293
19705,293
26694,170
24673,170
27671,170
11033,170
23261,170
5009,170
34873,170
9288,170
1447,170
28148,170
5407,170
23030,170
27730,170
27055,170
19226,170
34933,170
1511,170
35178,170
5542,170
24723,170
8879,170
11078,170
5565,170
10780,170
9088,170
18771,170
18963,170
35117,170
27895,170
19759,170
7136,170
26190,170
22155,170
19759,170
32094,170
10351,170
12849,170
20337,170
3123,170
27244,170
256,170
5988,170
27431,170
18806,221
7431,221
16984,221
20164,221
28088,221
21189,221
12497,221
21320,221
24004,221
21615,221
8885,221
2933,221
31879,221
9196,221
34261,221
10330,221
5563,221
8860,221
25407,221
24037,221
18339,221
32370,221
6980,221
29202,221
35290,221
5563,221
10703,221
28077,221
36358,221
9640,221
3227,221
2490,221
5929,221
29675,221
30726,221
19332,221
16289,221
34935,221
30646,221
1806,453
35778,453
12259,453
31757,453
5141,453
25943,453
36094,453
22775,453
25346,453
24568,453
5663,453
24869,453
17629,453
24772,453
25838,453
11359,453
31359,453
11592,453
27045,453
28582,453
36268,453
25112,453
20960,453
10660,453
34754,453
28021,453
11537,453
33319,453
35739,453
26362,453
15730,453
25819,453
6174,453
5163,453
356,453
30655,453
9563,453
27720,453
10614,453
20849,453
18157,453
26242,453
19028,453
28968,453
23672,453
20757,453
20202,453
4772,453
32468,453
26411,453
26761,453
16546,453
8452,453
25721,453
24590,453
36110,453
28409,453
28601,453
28601,453
21454,453
23658,453
20033,453
35183,453
20071,453
28681,453
21295,453
35216,453
35168,453
17260,453
23834,453
25565,453
28386,453
29617,453
35307,453
12277,453
14568,453
26733,453
37260,453
29955,679
25445,679
917,679
17141,679
35326,679
29955,679
22573,679
1137,679
5150,679
36398,679
11808,679
27658,679
2743,679
2515,679
8162,679
310,679
4649,679
27634,679
6860,679
8342,679
1222,679
6471,679
3168,679
4035,679
35479,679
16517,679
12611,679
22199,679
6262,679
35761,679
6262,679
37130,679
9740,679
36416,679
13309,679
37414,679
3364,679
12832,679
18174,679
7266,679
924,679
17702,679
3025,679
15776,679
14963,679
29351,679
30976,679
2052,679
27086,679
5781,679
27392,679
3025,679
28143,679
25231,679
25231,679
35976,679
24447,679
26379,679
24227,679
17824,679
2903,679
26932,679
34978,679
18156,679
13655,679
21475,679
5751,679
30013,679
3364,679
34292,679
30522,679
28525,679
29835,679
19762,679
16010,679
14907,679
19869,679
19035,679
13708,679
9932,679
16880,679
31818,679
32719,679
32738,679
27564,679
15614,679
11615,679
35764,679
9220,679
27427,679
20354,679
7701,679
34792,679
1626,679
23448,679
18724,663
18468,663
12564,663
29477,663
20922,663
915,663
16346,663
32113,663
2982,663
29228,663
2167,663
5317,663
18724,663
14511,663
31332,663
2465,663
3936,663
22650,663
37048,663
17120,663
26253,663
12102,663
18365,663
10630,663
31553,663
16699,663
31855,663
19276,663
30551,663
19462,663
26740,663
6845,663
26420,663
29046,663
18039,663
28140,663
33959,663
4376,663
18746,663
21375,663
1568,663
5775,663
12729,663
1568,663
7657,663
19644,663
31620,663
13911,663
33422,663
24461,663
30667,663
25935,663
21755,663
1858,663
33182,663
37083,663
25253,663
10025,663
37070,663
30638,663
17859,663
10567,663
413,663
3142,663
30634,663
28377,663
11214,663
34364,663
31468,663
29336,663
36220,663
28377,663
5898,663
21349,663
30399,663
36528,663
2095,663
6349,663
6198,663
3410,663
1071,663
921,663
2112,663
5694,663
7502,663
28576,663
12004,663
12910,663
2218,663
11152,663
25526,663
9596,663
31089,663
22975,663
14135,663
4416,663
34433,663
6154,663
13069,663
23737,663
16356,663
11328,663
23339,663
35238,663
31837,663
18770,663
27863,663
24885,663
30955,663
19323,663
18432,663
13934,663
7278,663
27117,663
3551,663
7847,663
28067,663
10276,663
6936,663
5018,663
19000,663
497,663
17976,663
21728,663
4382,663
30794,663
30866,663
6918,663
1578,663
36963,663
36963,663
1578,663
21020,663
19462,663
14250,663
37397,663
9901,663
6595,663
1953,663
9595,663
73,663
1772,663
7326,663
1083,663
18147,663
22179,663
23140,663
257,663
6313,663
5229,663
7104,663
6313,663
13406,663
9253,663
13221,663
25944,663
20400,663
7609,663
35247,663
36936,663
22351,663
5206,663
19502,663
20334,663
27945,663
29972,663
36041,663
3021,663
29434,663
8632,663
20495,663
30414,663
2436,663
25446,663
9449,663
24999,663
416,663
52,663
33298,663
4116,663
30142,663
3650,663
560,663
5703,663
35996,663
5383,663
13664,663
13664,663
24126,663
6016,663
33398,663
33398,663
33398,663
21945,663
32274,663
7636,1039
30857,1039
28472,1039
16667,1039
31568,1039
28203,1039
10923,1039
7737,1039
17897,1039
9288,1039
28108,1039
1528,1039
22610,1039
25774,1039
2198,1039
25029,1039
5685,1039
9658,1039
11642,1039
36817,1039
23898,1039
32296,1039
30557,1039
29829,1039
2436,1039
37374,1039
37308,1039
29755,1039
36045,1039
36409,1039
4785,1039
6518,1039
11078,1039
5542,1039
27650,1039
10685,1039
16315,1039
34591,1039
23694,1039
33847,1039
33259,1039
20190,1039
8978,1039
13390,1039
16108,1039
3915,1039
13390,1039
30772,1039
20920,1039
20337,1039
30957,1039
18320,1039
28223,1039
25252,1039
27070,1039
31524,1039
29521,1039
9834,1039
37586,1039
29031,1039
37586,1039
19842,1039
9729,1039
31118,1039
7499,1039
36009,1039
31104,1039
12246,1039
20209,1039
8896,1039
10258,1039
22537,1039
15587,1039
4936,1039
27706,1039
29106,1039
7512,1039
33265,1039
11145,1039
23016,1039
29355,1039
28159,1039
25618,1039
4495,1039
17185,1039
22559,1039
7060,1039
33259,1039
28203,1039
26257,1039
15123,801
14505,801
1837,801
4579,801
33250,801
33021,801
33250,801
21482,801
3089,801
23624,801
28376,801
30151,801
12729,801
19936,801
1636,801
16917,801
33387,801
4285,801
22130,801
3814,801
3564,801
30408,801
26050,801
22103,801
9702,801
9702,801
2045,801
36775,801
36208,801
31693,801
1706,801
1340,801
14594,801
24819,801
21464,801
13807,801
17286,801
13327,801
17698,801
30455,801
7512,801
5302,801
9536,801
12034,801
32787,801
29892,801
14225,801
2935,801
33326,801
2981,801
25797,801
15204,801
10188,801
763,801
19090,801
17146,801
8144,801
26253,801
31713,801
26058,801
22266,801
11145,801
3696,801
37553,801
36813,801
18039,801
37219,801
32849,801
8083,396
32457,396
18552,396
1033,396
26985,396
13836,396
37174,396
11930,396
7554,396
29945,396
15121,396
12764,396
29969,396
10366,396
18693,396
14549,396
28373,396
30020,396
32984,396
11236,396
28625,396
13855,396
12231,396
36780,396
4877,396
17650,396
30267,396
6233,396
1030,396
19011,396
12500,396
35814,396
25114,805
17012,805
25114,805
14006,805
33110,805
9432,805
9187,805
12917,805
14803,805
20570,805
32176,805
14646,295
12085,295
19514,295
28716,295
10490,295
34359,295
25823,295
2551,295
5595,295
16876,295
9021,295
1010,1035
12409,1035
9061,1035
21188,1035
17232,1035
20847,1035
917,1035
8002,1035
14598,1035
1225,1035
12409,1035
19148,1035
4234,1035
18880,1035
14598,1035
22509,1035
14304,1035
36605,1035
14851,1035
12875,1035
29884,1035
12375,1035
35415,1035
20363,1035
206,1035
20276,1035
17980,1035
6821,1035
22205,1035
17196,1035
2948,1035
17771,1035
17924,1035
6309,1035
23272,1035
9942,1035
25468,1035
15698,1035
18486,1035
35317,1035
3501,1035
2361,1035
14762,1035
5766,1035
27676,1035
33500,1035
3303,1035
34960,1035
34088,1035
20363,1035
20363,1035
34436,1035
11619,1035
13222,1035
24334,1035
37758,1035
22470,1035
2026,1035
3599,1035
26923,1035
3638,1035
8329,1035
35237,1035
4240,1035
32441,1035
12182,1035
22902,1035
8081,1035
19694,1035
4829,1035
20156,1035
26427,1035
2041,1035
13683,1035
20363,1035
746,1035
11271,1035
24329,1035
6676,1035
31878,1035
1123,1035
25548,1035
18523,1035
19088,1035
28565,1035
29604,1035
19976,1035
28774,1035
22495,1035
22495,1035
26548,1035
36226,1035
22205,1035
21725,1035
10989,1035
20027,1035
13831,1035
13831,1035
29258,1035
7860,1035
18506,1035
35777,1035
11875,1035
21867,1035
21780,1035
6063,1035
35738,1035
23797,1035
18054,1035
26809,1035
33837,1035
21232,1035
9079,1035
19139,1035
35439,1035
13743,1035
13743,1035
2423,1035
12409,1035
1120,1035
11582,1035
33349,1035
5891,1035
32024,1035
12409,1035
33348,1035
13624,1035
25169,1035
13908,1035
8054,1035
2330,1035
9414,1035
12409,1035
4409,1035
12936,1035
22142,1035
24270,1035
29943,1035
23601,1035
881,1035
21172,1035
590,1035
31207,1035
4022,1035
26511,1035
12409,1035
21172,1035
175,1035
5952,1035
16678,1035
13191,1035
37587,1035
36197,1035
17810,1035
36949,1035
12272,1035
6849,1035
689,1035
20513,1035
20363,1035
25065,1035
37331,1035
15125,1035
20418,1035
37331,1035
20350,1035
35839,1035
28169,1035
9898,1035
37886,1035
1376,1035
13611,1035
6440,1035
2538,1035
16688,1035
18310,1035
12409,1035
33131,1035
12409,1035
7821,1035
34652,1035
4518,1035
12409,1035
37626,1035
3177,1035
28099,1035
18430,1035
18430,1035
18430,1035
6162,1035
24792,1035
20363,1035
35476,1035
2636,1035
2636,1035
29230,1035
3733,1035
19243,1035
37117,1035
37117,1035
32311,1035
24196,1035
27048,1035
22397,1035
37958,1035
12450,1035
912,1035
289,1035
12409,1035
18440,1035
33770,1035
1345,1035
1926,1035
20323,1035
5891,1035
34236,1035
34236,1035
19704,1035
36068,1035
32559,1035
3234,415
27752,415
35666,415
10484,415
25634,415
17582,415
13960,415
35649,415
31068,415
21424,415
32392,415
12274,415
28984,415
2418,415
3234,415
13580,415
24948,415
13757,415
36566,415
25877,415
24948,415
13757,415
6280,415
12729,415
15316,415
10295,415
25820,415
9071,415
15482,415
15455,415
829,415
24794,415
814,415
31235,415
4015,415
30297,415
13399,415
29575,415
25181,415
13804,415
34363,415
19801,415
35885,415
34628,415
13360,788
16968,788
31270,788
2960,788
34732,788
36777,788
14247,788
9971,788
4913,788
33947,788
9418,788
35095,788
8932,788
4475,788
10229,788
10796,788
12562,788
11010,788
30651,788
14358,788
30147,788
13054,788
8991,788
31798,788
31798,788
28801,788
7112,788
4628,788
11336,788
20451,788
29063,788
4628,788
17002,788
12026,788
25934,788
37009,788
37009,788
20035,788
12477,788
4903,788
11579,788
1592,788
17128,788
32873,788
35551,535
3057,535
5552,535
9224,535
3418,535
31830,535
3296,535
4177,535
21760,535
21402,535
1925,535
16048,535
36991,535
3366,535
22737,535
32609,535
1148,535
3534,535
7542,535
15808,535
9562,535
35973,535
3648,535
21822,535
7819,535
22859,535
4708,535
33012,535
28298,535
31436,535
16483,535
18736,535
35188,535
4149,535
16955,535
15572,535
21604,662
33008,662
35216,662
26733,662
23085,662
36603,662
27420,662
29187,662
24433,662
26362,662
9338,662
34152,662
18340,662
24763,662
7915,662
27375,662
19958,662
33203,662
25517,662
31386,662
27471,662
21590,662
20391,662
27873,662
23672,662
36046,662
26934,662
12706,662
24590,662
26270,662
17685,662
35054,662
30086,662
26761,662
17260,662
9435,662
1435,325
11237,325
32982,325
16723,325
30736,325
33717,325
992,325
11721,325
11721,325
11721,325
7705,325
26366,1062
34790,1062
9303,1062
26156,1062
21176,1062
37202,1062
662,1062
32002,1062
8067,1062
30552,1062
1816,1062
21955,1062
31473,1062
28105,1062
32752,1062
27308,1062
19332,1062
9251,1062
19981,1062
28817,1062
22310,1062
30016,1062
22310,1062
18895,1062
29489,1062
37497,1062
32077,1062
27070,1062
20378,1062
33689,1062
24667,1062
29675,1062
19044,1062
36377,1062
35774,1062
11861,1062
8947,1062
32187,1062
26477,1062
31662,1062
37553,1062
36858,1062
37886,1062
37735,1062
32395,1062
30220,1062
5428,1062
26757,1062
1261,1062
9196,1062
31488,1062
30483,1062
15786,37
4174,37
536,37
31741,37
20699,37
7940,575
33894,575
5904,575
33312,575
11909,575
27860,575
21630,575
14352,575
11616,575
2715,575
2465,575
19339,575
21899,575
14690,575
21652,575
9001,575
3079,575
22663,575
21509,575
28020,575
30514,575
14113,575
2594,575
35467,575
7097,575
16428,575
5981,575
16568,575
7972,575
23133,575
27857,575
23903,575
15973,575
27077,575
27502,575
6638,575
11389,575
37139,575
2547,575
15963,575
5382,575
954,575
10501,575
11803,575
30162,575
2924,575
24739,575
35935,575
31099,575
6587,575
9372,575
16844,575
152,575
13315,575
23462,575
9692,575
20105,575
9544,575
20675,575
16944,575
23320,575
16505,575
4987,575
20358,575
5180,575
34438,575
16888,575
10983,575
16627,575
21796,575
16293,575
9235,575
6658,575
37060,575
25055,575
6806,575
30985,575
17071,575
32242,575
9997,575
28222,575
36336,575
35875,575
26621,575
29066,575
36737,575
14050,575
14140,575
6144,507
3111,507
22583,507
8970,507
36323,507
3959,507
354,507
14650,507
31261,507
28585,507
11487,507
22413,507
33834,507
13034,507
13560,507
9159,507
37119,429
32336,429
27218,429
23163,429
3055,429
32269,429
21982,429
35591,429
25067,429
1749,429
33138,429
35769,429
35232,429
22499,429
22542,429
24566,429
12973,429
2046,429
34882,429
32836,429
33835,429
2334,429
33269,429
6291,429
23289,429
23722,429
35488,429
4147,571
7505,571
37435,571
34540,571
5541,571
37229,571
991,571
595,571
3238,571
10211,571
1349,571
34988,571
24396,571
31277,571
26135,571
30352,571
30876,571
35249,571
14313,571
5432,571
33320,571
4495,571
3411,571
21895,571
18934,571
12386,571
35118,571
15119,571
10670,571
31415,571
12738,571
14851,571
13171,571
20245,571
483,571
5682,571
30120,571
37172,343
36427,343
17642,343
17890,343
5806,343
27000,343
7525,343
30265,343
7809,343
21897,343
37161,343
290,343
823,343
9832,343
7525,343
24397,343
23245,343
2650,343
27540,343
5994,343
10553,343
25103,210
25960,210
24296,210
14471,210
18214,210
18295,210
3907,210
3633,210
33973,210
32207,210
8673,210
35993,210
21998,210
760,210
29657,210
14961,210
28947,210
28766,210
21539,210
24159,210
21033,210
10475,210
20540,210
6038,210
28603,210
17812,210
27751,210
29896,210
3219,210
9413,210
25311,210
18851,210
28842,210
27092,210
30437,210
15044,210
23700,210
27447,210
19509,210
15720,210
31801,210
29565,210
27405,210
21316,210
7771,210
32050,210
9804,210
33807,210
13640,210
19062,210
23098,210
15623,210
36400,494
26501,494
17986,494
26011,494
13578,494
4443,494
3514,494
17196,494
4511,494
2543,494
22732,494
4798,494
9211,494
19782,494
14842,494
1185,494
36340,494
7326,494
8221,494
14515,494
5531,494
23720,494
22294,494
23175,494
7349,494
14664,494
21819,494
4361,494
25673,494
13333,494
3356,494
727,494
12405,494
8184,494
21169,494
7410,494
8060,494
17899,494
36975,494
2101,494
7939,494
11083,494
18565,494
17955,494
13888,494
9415,494
16487,494
17050,494
1910,494
13933,494
15037,494
2704,494
4818,494
23417,494
15416,494
11323,494
26991,494
29999,494
13864,494
7905,494
9575,494
17229,494
4025,494
5477,494
554,494
15409,494
1934,494
16595,494
767,494
15409,494
882,494
16448,494
18750,494
19867,494
5578,494
16259,494
22706,494
14106,494
22554,494
29213,494
18171,494
16623,494
35414,494
20628,494
25049,494
927,494
22503,494
15448,494
4818,494
13898,494
14103,494
34555,494
31088,494
5206,494
3137,494
9486,494
11040,494
31088,494
28739,494
1936,494
3473,494
12675,494
8454,494
12583,494
35408,494
1133,494
13658,494
28957,494
6063,494
34859,494
19510,494
35315,494
17386,494
11857,494
20388,494
27037,494
5334,494
35527,494
16806,494
32090,494
32929,494
16549,494
14522,494
27407,494
7075,494
11896,494
21785,494
12457,494
35408,494
20009,494
25216,494
1407,494
3396,494
18103,494
28279,494
23204,494
12735,494
23335,494
19146,494
21816,494
4507,494
5416,494
30202,494
15641,494
29613,494
19267,494
29882,494
29152,494
5240,494
1663,494
33879,494
2552,494
20192,494
3714,494
15895,494
10477,494
13067,494
9039,494
13075,494
13978,494
34121,494
33839,494
14031,494
2405,494
22928,494
35394,494
20370,494
13824,494
8421,494
13103,494
22424,494
30144,494
16148,494
36580,494
17593,494
17877,494
14993,494
24509,494
12643,494
28466,494
4550,494
33218,494
22661,494
8556,494
4309,494
36384,494
2114,494
36876,494
11942,494
8500,494
7105,494
6708,494
6956,494
23203,494
14657,494
1270,494
6373,494
24761,494
17483,494
27699,494
14488,494
9118,494
6257,494
6328,494
18519,494
33965,494
30585,494
16149,494
29758,494
31655,494
33765,494
31127,494
4096,494
6137,494
17998,494
24778,494
20016,494
33540,494
29181,494
12374,494
36875,494
13676,494
8726,494
13559,494
11935,494
536,494
32276,494
6243,494
12031,494
19656,494
20994,494
35728,494
14997,494
33333,494
13188,494
21921,494
33971,494
28972,494
6764,494
8748,494
11756,494
20241,494
12475,494
24256,494
20880,494
14175,494
11227,494
10785,494
29196,494
4380,494
27016,494
6356,494
3387,494
3168,494
11556,494
29805,494
19717,494
22417,494
37031,494
28400,494
7084,494
19049,494
8648,494
28079,494
17721,494
8587,494
21893,494
17893,494
15975,494
7128,494
6141,494
6272,494
2369,494
17798,494
28836,494
17370,494
21537,494
16465,494
15521,494
25382,494
21710,494
15478,494
15858,494
15940,494
4288,494
33547,494
19204,494
5605,494
23511,494
20122,494
4188,494
14827,494
4712,494
8321,494
1033,494
1018,494
6156,494
1149,494
26432,494
35702,494
6224,494
26094,494
20152,494
21923,494
8681,494
1149,494
6809,494
4075,494
28673,494
20927,494
23143,494
23084,494
3575,494
30445,494
14293,494
35541,494
24110,494
20117,494
18344,494
3905,494
23442,494
35265,494
28994,494
17741,494
4873,494
13093,494
2963,494
30920,494
17924,494
33908,494
19910,494
2963,494
24796,494
5315,494
15443,494
12241,494
18627,494
26039,494
17036,494
34317,494
5974,494
30683,494
13286,494
33461,494
31894,201
8863,201
2927,201
9883,201
23774,201
20733,201
186,201
16524,201
26202,201
3591,201
10095,201
26054,201
15079,201
1114,201
20431,201
1900,201
34137,201
23709,201
36048,201
1082,201
27220,201
8754,201
30983,201
35155,201
16446,201
30777,201
22252,201
9812,201
19623,201
15643,201
28004,201
30614,201
25168,201
32525,201
19849,201
20928,201
11751,201
18909,201
15143,201
30074,201
31390,201
23598,201
13331,201
27518,201
15897,201
33682,201
35913,201
26446,201
11727,201
14696,201
2087,201
15587,201
29469,201
8196,201
9543,201
32045,201
14755,201
7853,201
16003,201
27288,201
10467,201
31270,201
34711,201
273,201
3037,201
28830,201
31253,201
230,201
8353,201
7519,201
14499,201
22892,201
7142,201
22419,201
2855,201
11702,201
30527,201
35002,201
3248,201
16245,201
35165,201
27975,201
546,201
35095,201
20723,201
18487,201
12706,201
9192,201
12023,201
108,201
3094,201
9765,201
12364,201
20033,201
12619,201
16502,201
27484,201
27261,201
28305,201
25892,201
15977,201
17373,201
3378,201
5336,201
25283,201
27126,201
28582,201
27045,201
10777,201
26253,201
9719,201
32646,201
23664,201
18231,201
6610,201
52,201
25048,201
9008,201
1003,201
21802,201
32622,201
23530,201
9570,201
31079,201
36213,201
903,201
8311,201
21952,201
6650,201
16137,201
20974,901
17870,901
22439,901
19293,901
37491,901
10035,901
35541,901
30690,901
7476,901
33164,901
19632,901
36553,901
29887,901
29887,901
36553,901
29887,901
32008,901
33349,394
27762,394
20735,394
4466,394
18391,394
32568,394
16182,394
15589,394
25308,394
8091,394
419,394
7247,394
6330,394
32490,394
8040,394
11265,394
35052,394
32918,394
3008,394
33349,394
3008,394
34837,394
33349,394
28826,394
13430,394
15173,394
3008,394
3239,394
17944,394
30425,394
12221,394
3845,394
20314,394
20292,394
28673,394
33971,394
31652,394
33349,394
20291,394
23341,394
24110,394
18795,394
11387,394
5822,394
1308,394
16179,394
12361,394
12361,394
32763,394
7598,394
26987,394
13466,394
24013,394
16121,394
14969,394
33303,394
16121,394
25754,394
34758,394
9103,394
25038,474
1449,474
14851,474
17934,474
13038,474
2272,474
6933,474
19645,474
37369,474
7583,474
7376,474
4895,474
23675,474
37368,474
27454,474
33757,474
31390,474
19113,474
27014,474
32505,474
26575,474
18736,474
33757,474
33757,474
33757,474
7584,474
17007,474
17707,474
23335,474
6704,103
18995,103
16462,103
23558,103
7966,103
26150,103
6439,103
24042,103
5718,103
13482,103
9896,103
15833,103
4137,103
25317,103
12500,103
26643,103
4959,103
5687,103
20004,103
32385,103
32385,103
30592,103
14503,267
6627,267
36545,267
19669,267
32730,267
36311,267
3550,267
9848,267
19674,267
26145,267
20631,267
20652,267
9781,267
26021,267
15034,267
9558,267
12278,267
36623,267
14640,267
16049,267
33233,267
17245,267
14643,267
7079,267
18784,267
32960,267
4751,267
36066,267
3528,267
13902,267
4835,267
6806,267
7379,267
11227,267
23372,267
23372,267
22420,267
994,267
29212,267
28196,267
36729,267
16579,267
7807,267
32117,267
16842,267
13365,267
18197,267
12730,267
27009,267
28496,267
31706,267
32800,267
34970,267
11626,267
3933,267
4873,267
4073,267
15824,267
20658,267
204,267
25164,267
35291,267
11601,267
13124,267
26924,267
37005,955
36725,955
27890,955
20365,955
37718,955
5781,955
32191,955
19894,955
30616,955
27875,955
31570,955
17237,955
10947,955
33977,955
23335,955
9033,955
32999,955
24914,955
1227,955
31467,955
37102,955
32371,955
28823,955
22654,955
19469,469
32168,469
22185,469
17478,469
22411,469
7645,469
15586,469
11566,469
35023,469
13638,469
5964,469
21628,469
27139,469
31183,469
13274,469
21255,469
18190,469
8625,469
20661,469
6833,469
24041,469
15910,469
16892,469
34979,469
3168,469
33587,469
25616,625
27623,625
34042,625
19662,625
18006,625
30162,625
15805,625
6289,625
26622,625
33957,625
1215,625
21751,625
5217,625
12385,625
1194,625
16539,625
9181,625
20025,625
22915,625
21881,625
31790,625
11389,625
31245,625
5707,625
26276,625
7134,625
35381,625
25355,625
36902,625
18377,625
17639,625
1023,625
877,625
36087,625
5804,625
13077,625
10173,625
8644,818
32137,818
36817,818
31602,818
26587,818
11844,818
37054,818
30873,818
24538,818
36817,818
36584,818
19338,818
34312,818
36817,818
9935,818
20134,818
19338,818
30873,818
16063,818
32248,818
9143,818
9716,818
37529,818
37146,818
25841,818
23016,818
35803,818
13322,818
34278,818
5685,818
37242,818
5131,818
34071,818
34338,818
34338,818
34338,818
24160,818
9744,818
28067,818
31320,818
33848,818
34278,818
25726,818
11247,818
9196,818
17411,818
36389,818
34436,818
19400,818
6690,818
15014,818
10340,818
37202,818
37054,818
10340,818
7860,818
30854,818
7181,818
35695,818
3983,818
3913,818
9087,818
33105,818
17551,818
10340,818
13611,818
25260,818
15855,818
25841,818
1261,818
15855,818
23624,818
25260,818
11350,818
17551,818
35668,818
26897,818
27498,818
9125,818
36159,818
11276,818
19842,818
3664,818
23030,818
17739,818
27507,818
4948,818
7820,818
12599,818
2916,818
37211,818
33425,818
26744,818
3051,818
14684,818
26715,818
5733,818
22641,818
3869,818
17976,818
23423,818
22900,818
10340,818
10340,818
37565,818
37565,818
2690,818
17976,818
4799,818
12975,818
37555,818
37555,818
10298,818
27442,818
32997,818
36368,818
34366,818
14120,818
8129,818
34421,818
11642,818
13219,818
19773,818
23872,818
10377,818
31547,818
9024,818
29656,818
29670,818
18114,818
32961,818
5542,818
21294,818
13832,818
34476,818
8793,818
37394,818
8780,818
12620,818
19192,818
30746,818
6452,818
30438,818
25540,818
6769,818
35330,818
18320,818
36374,818
35606,818
11875,818
9272,818
15381,818
34476,818
1577,818
16552,818
25931,818
32337,818
28769,818
29147,818
32500,818
32874,818
19170,818
32874,818
25638,818
31823,818
30072,818
28439,818
6148,818
19170,818
32185,818
28549,818
24542,818
22172,818
37374,818
22245,818
29767,818
6903,818
25193,818
4283,818
24657,818
18085,818
35406,818
9196,818
13434,818
34933,818
20893,818
22955,818
3712,818
24528,818
16035,818
27148,818
13058,818
27650,818
2301,818
2717,818
37194,818
35597,818
12910,818
36345,818
17225,818
20313,818
23109,818
29098,818
1831,818
29296,818
34462,818
36345,818
24574,818
8288,818
26234,818
32002,818
1992,818
23814,818
23329,818
13294,818
16962,818
34462,818
36692,818
37231,818
34396,818
27963,818
26396,818
22894,818
37445,818
4328,818
29698,818
3719,818
20474,818
27642,818
14634,818
4083,818
3282,818
33510,818
14225,818
34462,818
36496,818
14225,818
22748,818
5640,818
4272,818
36122,818
28112,818
31223,818
32469,818
21028,818
9093,818
9093,818
24359,818
36958,818
18963,818
19320,818
21606,818
34188,818
31239,818
31239,818
27730,818
27944,818
27395,818
9079,818
3165,818
36385,818
9984,818
34469,818
34469,818
8441,818
15465,818
25321,818
23967,818
29952,818
29952,818
9079,818
37296,818
35105,818
37460,818
37460,818
1528,818
32395,818
4909,818
30141,818
10424,818
31360,914
1252,914
22850,914
37488,914
30819,914
7329,914
2674,914
14917,914
235,914
25300,914
26266,914
7939,914
1730,914
16490,914
24056,914
25198,914
32088,914
34376,914
12612,914
37582,914
17062,914
5991,914
29343,914
545,914
31953,914
28371,914
459,914
17980,914
32247,914
22468,914
8946,914
33286,914
180,914
12729,914
33084,914
37412,914
25186,914
3882,914
17659,914
18054,914
32657,914
35048,914
4629,914
24087,914
32967,914
36341,914
18513,914
31090,914
37244,914
2614,483
2986,483
2456,483
9110,483
13853,483
16141,483
18050,483
16480,483
4446,483
32085,483
16021,483
20781,483
28898,483
28898,483
18940,483
20767,483
27981,483
18300,483
18300,483
28329,483
9854,483
24233,483
18833,483
27820,483
33821,483
22329,483
29346,483
600,483
8731,483
15867,483
2620,483
6881,483
5189,483
11968,483
34586,483
29510,483
19717,483
28077,483
31230,483
31395,483
13491,483
13852,483
19772,483
35414,483
8809,483
12828,483
7061,483
7624,483
20607,483
23090,808
21681,808
12639,808
36216,808
21181,808
30566,808
16175,808
27382,808
29503,808
51,808
37529,808
12992,808
36785,808
31159,808
32505,808
35855,808
22059,808
19470,808
17774,808
37002,808
29846,808
3707,808
23358,808
25384,808
29373,808
10169,808
35016,808
33348,808
22670,808
21894,808
11202,808
27686,808
26098,808
20962,808
37136,808
36778,808
30701,808
17159,808
14058,808
5301,808
28080,808
33431,808
21069,808
36923,808
14143,808
16224,808
24203,808
26253,808
36473,808
11254,808
8903,808
4054,808
17859,808
34842,808
8575,808
32305,808
34153,808
9338,808
35707,808
13318,6
10994,6
15551,359
309,359
10067,359
31363,359
5578,359
24107,359
5523,359
2143,359
15958,359
22390,359
33742,359
36302,359
15773,359
16441,359
8673,359
28647,359
7961,359
7961,359
8200,359
837,359
3985,359
2952,359
35541,359
2952,359
14388,359
12831,359
24016,359
24823,359
20812,359
10410,359
16081,359
28383,359
10410,359
35588,359
16241,359
33965,359
23241,359
35387,359
32379,359
17006,359
7541,359
34775,359
34775,359
28171,359
29411,359
19183,359
2101,359
30404,359
30404,359
4813,359
4813,359
3299,359
33781,359
820,359
27344,359
21465,359
14246,359
24020,359
34035,359
11496,359
35649,359
9031,359
10365,359
32553,359
32553,359
4813,359
22820,359
15230,359
13996,359
4792,359
10895,359
33042,359
36925,359
20321,359
21574,359
19112,359
16834,359
35429,359
9090,359
19934,359
21574,359
18256,359
25701,359
628,359
10837,359
25701,359
20375,359
27896,359
21197,359
4427,359
28579,359
21639,359
22807,359
29163,359
33857,359
17292,359
22820,359
17292,359
11710,359
17502,359
11108,359
35940,359
35940,359
24350,359
33106,359
15267,359
20599,359
27130,359
3358,359
8190,359
31330,359
30389,359
31156,359
22427,359
18449,359
20246,359
18449,359
20246,359
11248,359
18376,359
3686,359
4764,359
18729,359
4764,359
4764,359
7529,359
12266,359
5395,359
31990,359
14944,359
18503,359
10247,359
18556,359
33792,359
25833,359
11443,359
8251,359
34467,359
32298,359
32237,359
32237,359
30173,359
18195,359
16441,359
4890,359
18195,359
17825,359
31651,359
5395,359
26878,359
26743,359
28909,359
16008,359
28102,359
33451,359
22568,359
22568,359
25857,359
25857,359
28106,359
6910,359
28106,359
8472,359
33893,359
4151,85
28802,85
19802,85
25840,85
26471,85
3222,85
24467,85
26705,85
22015,85
31640,85
25299,85
25702,85
15955,85
27753,85
27753,85
13463,85
33596,85
28493,85
21080,85
1375,85
13530,85
9920,85
14980,85
27071,85
30242,85
33147,85
26388,85
30209,85
31604,85
10886,85
9720,85
8650,85
11190,85
12411,85
30564,85
29309,85
33082,85
33082,85
28966,85
3581,318
9053,318
25798,318
13128,318
4305,318
31697,318
4924,318
3055,318
11933,318
4924,318
27366,318
16741,318
10737,318
15634,318
4504,318
14970,318
376,318
18394,318
31314,318
17754,318
36693,318
4235,318
2965,318
37034,318
5291,318
5291,318
14963,318
33506,318
13679,318
4235,318
27940,318
16156,318
2737,449
2555,449
19923,449
34258,449
32104,449
3156,449
20667,449
12890,449
12890,449
17454,449
27162,449
26401,449
11218,449
3213,449
14636,449
11748,449
18507,449
17034,449
3786,89
25758,89
23558,89
15262,89
4384,89
6584,89
28599,89
18688,89
12958,89
10407,89
1793,89
16489,89
25134,89
27301,89
21762,89
13620,89
23683,89
28616,89
31839,89
23359,89
22047,89
15947,89
21206,89
28719,89
19404,89
30349,89
22856,115
22856,115
14736,115
32550,115
16011,115
17433,115
30830,115
3768,208
4375,208
19249,208
26479,208
35784,208
35954,208
12757,208
10271,208
22480,208
15299,208
16176,208
33530,208
6094,208
26059,208
25061,208
1512,208
29957,208
5750,208
2471,208
25602,208
17263,208
26917,208
35818,208
14010,208
33993,208
31554,208
31087,208
11720,208
9695,208
13742,208
4077,208
12550,208
36481,208
32445,208
27295,208
27067,208
19848,208
3316,208
20733,208
6636,208
7491,208
29915,208
11553,208
792,208
20115,208
22400,208
7901,208
18366,208
625,208
26023,208
32415,208
16302,208
18752,208
31461,208
11661,208
36131,208
31556,208
18358,208
12467,208
21392,208
15976,208
20431,208
16817,208
23952,208
19918,208
7847,208
3154,208
23776,208
25843,208
16166,208
26565,208
34314,208
27284,208
3048,208
26565,208
5755,208
35783,208
24928,208
32359,208
6455,208
7401,208
14751,208
25469,208
2205,208
25993,208
28651,208
11283,208
2511,208
251,208
3477,208
10578,208
33304,208
29529,208
18953,208
6798,208
5629,208
21052,208
29319,208
28788,208
32860,208
9102,208
10166,208
6758,208
26001,208
25102,208
8044,208
7088,208
33304,208
13451,208
10615,208
15629,208
6766,208
27577,208
3676,208
29625,208
36123,208
20070,208
17469,208
16833,208
16833,208
12413,208
818,208
32289,208
14468,208
32289,208
3706,208
29319,208
10137,208
11089,208
20155,208
11282,208
7341,208
5118,208
18611,208
2196,208
31135,208
22294,208
11421,208
16507,208
11541,208
13616,208
29368,208
25102,208
27942,208
12819,208
12819,208
12819,208
22285,208
24433,208
12315,208
16770,208
30919,208
34600,208
14010,208
33392,208
21252,208
706,208
34171,208
19103,208
4604,208
4182,208
7348,208
1215,208
29492,208
17250,208
12489,208
18904,208
6817,208
706,208
27669,208
30350,208
22370,208
24258,208
22370,208
3400,208
29667,208
24526,208
33340,208
34755,208
27934,208
3719,208
31076,208
34755,208
31076,208
34850,208
12562,208
14882,208
2353,208
17555,997
12956,997
23151,997
633,997
31419,997
8900,997
6643,997
4456,997
36984,997
37704,997
792,997
3344,997
7901,997
27551,997
35858,997
20427,997
14841,997
37607,997
34839,997
34956,997
16228,997
2851,997
23238,997
11636,997
24132,997
9890,997
261,997
19149,997
10569,997
27618,997
6905,997
8387,997
8891,997
16931,997
7355,997
11854,997
20498,997
33354,997
35019,997
5834,997
10464,997
2438,997
5851,997
24608,997
7394,997
4084,997
22673,997
6111,997
8487,997
16269,997
18938,997
37791,997
7405,997
20951,997
15561,997
11371,997
10478,997
10014,997
12112,997
18169,997
21298,997
1942,997
24297,997
7111,997
16038,997
13133,997
35414,997
24456,997
35047,997
16550,997
13599,997
7454,997
22609,997
5289,997
12331,997
4545,997
26038,997
6214,997
23980,997
35671,997
24914,997
6839,997
11355,997
10506,997
1152,997
9409,997
22756,997
27146,997
14751,997
27063,997
3546,997
10241,997
30463,997
23152,997
3380,997
7584,997
20710,997
12548,997
10313,444
249,444
13110,444
17439,444
33401,444
23622,444
32058,444
17917,444
655,444
11447,444
13590,444
36243,444
27063,444
14345,444
27966,444
25366,444
21694,444
30546,444
17107,444
35054,444
11995,444
25633,444
24062,444
19329,444
13683,444
4509,444
27398,444
34750,444
37087,444
18203,444
35221,444
24916,444
8600,444
678,444
16097,444
35814,444
141,176
9247,176
17975,176
21430,176
7067,176
30012,176
8103,176
28259,176
25845,176
3222,176
12050,176
26297,176
27842,176
30614,176
34207,176
3026,176
21791,176
14717,176
32377,176
31187,176
7345,176
5123,176
4418,176
25828,176
27329,176
29642,176
15428,176
533,176
15832,176
7241,176
13173,176
15156,176
18498,176
20825,176
29788,176
11471,176
10102,176
35869,176
8190,176
16502,176
20726,176
3210,176
2956,176
33201,176
29632,176
19851,176
9920,176
10083,176
4475,176
35519,176
8639,176
14826,176
21146,176
11851,176
13769,176
16367,176
20087,176
33657,176
18450,176
13289,176
4383,176
20149,176
21602,176
30516,176
33178,176
10758,176
4142,176
16006,176
1218,807
8795,807
27550,807
35732,807
22177,807
15320,807
21537,807
74,807
22295,807
16182,807
1218,807
8366,807
22295,807
16182,807
10031,807
18061,807
11395,807
4223,807
26720,807
1414,807
1302,807
4227,807
27569,807
15530,807
148,807
28,807
148,807
34407,807
74,807
8824,807
17305,807
5464,807
21200,807
9460,807
37042,807
27323,807
4,807
22054,807
3187,807
2862,807
12766,807
2286,807
18495,807
11785,807
8408,807
32111,807
30292,807
30292,807
2238,807
22906,807
20631,807
37157,807
27188,807
31888,807
11061,807
22200,807
21375,807
35831,807
17893,807
8343,807
6091,807
2071,807
24930,807
1218,807
16149,807
24128,807
2592,807
7364,807
5597,807
3335,807
15231,807
584,35
27769,35
2537,35
4832,35
11596,35
22420,35
18370,35
8291,35
974,35
53,35
3226,35
26984,35
18372,35
10063,35
993,35
28753,35
17382,35
7818,35
3688,35
4376,35
18965,35
18787,35
18167,35
19808,35
23941,35
29455,35
19160,35
10304,35
2651,35
7988,35
27388,35
18795,35
1317,35
13642,35
13440,35
21925,35
21925,35
21925,35
20309,35
16352,35
16352,35
19549,35
7490,35
9063,35
33849,259
2115,259
7688,259
17139,259
3687,259
7850,259
2188,259
2826,259
31216,259
1691,259
32782,259
10203,259
19585,259
1673,259
24110,259
19753,259
32090,259
12329,259
21867,259
5340,259
16811,259
12400,259
1692,259
16562,259
1787,259
759,259
14094,259
26752,259
4141,259
34003,259
23095,259
6687,259
18898,259
32990,259
438,259
6964,259
12764,259
8503,259
4833,259
36591,259
27666,259
6809,259
20621,259
22073,259
941,259
6198,259
23288,259
7469,259
48,259
1966,259
12086,259
28024,259
11951,259
26124,259
10810,259
10204,259
36258,259
12573,186
17781,186
15363,186
18144,186
33909,186
15643,186
16272,186
16303,186
8656,186
9109,186
15222,186
15064,186
28220,186
16016,186
19994,186
17891,186
10875,186
15240,186
13111,186
24749,186
20915,1061
8887,1061
9816,1061
2915,1061
17303,1061
13635,1061
10324,1061
5495,1061
8039,1061
19494,1061
34227,1061
15610,1061
27686,1061
25992,1061
5069,1061
22373,1061
9362,1061
9362,1061
22373,1061
20915,1061
37983,1061
11043,1061
6071,1061
28131,561
20905,561
12970,561
34786,561
7761,561
11035,561
9400,561
8678,561
1762,561
29671,561
11886,561
68,561
15930,561
5442,561
28551,561
26642,561
20799,561
8567,561
9067,561
8923,561
616,561
4199,561
34646,561
21760,561
35693,561
155,561
3366,561
9610,561
4368,561
36177,561
740,561
17708,561
31015,561
28101,561
15211,561
13817,561
31415,561
32627,561
24435,561
20345,561
1390,561
10758,561
20310,561
3148,561
8456,561
30298,561
23048,561
15544,561
4852,561
26556,561
31277,561
16142,561
1314,561
29902,561
9659,561
5513,561
7286,561
29337,561
15406,561
17922,561
5067,561
29902,561
8021,250
36587,250
31554,250
1008,250
2976,250
34769,250
6138,250
22635,250
22427,250
26693,250
13009,250
20482,250
21645,250
34102,250
17734,250
9954,250
36306,250
20966,250
27284,250
34520,250
20697,250
21621,250
34717,250
16548,250
10616,250
27476,250
33192,250
17397,250
12349,250
27476,250
3532,250
21226,250
33843,250
21226,250
24373,250
16280,250
7746,250
30900,250
21226,250
3157,250
26958,250
22950,250
33885,250
23625,250
31148,250
25712,250
27372,250
4870,250
5678,250
32766,250
26469,250
20877,250
26693,250
26693,250
26337,250
14960,250
21226,250
27476,250
34655,250
18191,250
30015,250
26693,250
19890,250
7694,250
32930,250
30566,250
15854,250
11951,250
32930,250
17120,250
15854,250
21061,250
9759,250
14152,250
8067,250
27435,250
31925,250
25469,250
10561,250
26693,250
35585,250
26693,250
36516,250
22561,250
35585,250
23412,250
26693,250
15972,250
35585,250
36508,250
5185,250
17742,250
22635,250
20966,250
26958,250
17742,250
17567,250
15358,250
17742,250
19034,250
17589,250
30031,250
11917,250
15613,250
22172,250
33138,250
31358,250
28370,250
30069,250
4687,250
7668,250
35303,250
27795,619
3268,619
12022,619
28225,619
4448,619
2390,619
25386,619
17806,619
127,619
3315,619
664,619
21322,619
2746,619
11278,619
12433,619
9361,619
1730,619
32823,619
15286,619
10211,619
26232,619
20092,619
23184,619
30842,619
12225,619
9657,619
29912,619
28130,619
35673,619
18013,619
15708,619
8488,619
13090,619
30377,619
12418,619
19248,619
15251,619
11124,619
35841,619
9652,619
10263,619
17007,619
36538,619
37188,619
21972,619
6566,619
747,619
10391,619
32305,619
17934,619
1121,619
37332,619
28238,619
253,619
1740,619
4356,619
3878,619
15612,619
37315,619
2388,619
17315,619
7849,619
30814,619
16536,619
25167,619
28658,619
6227,619
16171,619
6227,619
17942,619
22739,619
14622,619
14622,619
19482,619
34786,619
17055,619
34321,619
37137,619
7424,619
35660,619
26333,619
12325,619
29660,619
46,619
31339,619
4972,619
8319,619
33699,619
7594,619
34679,619
11333,619
1060,619
22984,619
37435,619
5757,619
13397,619
31375,619
458,619
276,619
29084,619
21660,619
7824,619
9975,619
4199,619
967,619
14784,619
3925,619
4524,619
19578,619
1618,619
26984,619
35693,619
22099,619
8623,619
32106,619
8988,619
27994,619
15745,619
10841,619
28517,619
32907,619
10759,619
36971,619
10675,619
29335,619
31388,619
10968,619
30239,619
17922,619
5739,619
23473,619
20514,619
9890,619
36485,619
1984,619
21671,619
27153,619
919,619
12478,619
32963,619
8744,619
35637,619
24235,619
11570,619
7271,619
37013,619
35902,619
22634,619
413,576
7761,576
3799,576
22341,576
36892,576
5065,576
3466,576
16816,576
35792,576
28278,576
21936,576
16337,576
7847,576
15715,576
603,576
16702,576
113,576
29671,576
22019,576
4555,576
14313,576
15406,576
11958,576
24593,576
11273,576
10448,576
24528,576
32627,576
13901,576
21782,576
36455,576
10232,576
2924,576
4952,576
26729,576
12446,576
10051,576
35454,576
20526,576
11477,576
19016,576
9119,576
18210,576
25953,576
5798,576
28208,576
3865,576
32268,576
29084,576
1827,576
1029,576
5452,576
29506,576
1532,576
23827,576
10045,576
14953,576
34100,576
1762,576
37341,576
24101,576
22716,576
36124,576
13618,576
4150,576
35878,576
35297,576
9013,576
26673,576
16633,576
8733,576
8923,576
11,576
13925,576
20532,576
5035,576
30348,576
12770,576
13991,576
10054,576
12183,576
14934,576
20675,576
1590,576
17474,576
13181,576
17541,576
19642,576
28459,576
20348,576
19137,576
21444,576
25147,576
12663,576
32661,576
5765,576
9100,576
2746,576
9769,576
17910,576
13026,576
18872,576
4295,576
20502,576
35119,576
20799,576
5030,576
29417,576
777,576
1356,576
8320,576
13403,576
12386,576
34646,576
16409,576
20302,576
14343,576
14712,576
7187,576
26032,576
24330,576
2458,576
27645,576
24110,576
3902,576
19152,576
7154,576
15864,576
28579,576
35317,576
4852,576
9240,576
36109,576
3482,576
718,576
2859,576
12225,576
10670,576
6965,576
34228,576
35038,576
36518,576
31722,576
2316,576
26700,576
15681,576
30985,576
31099,576
9659,576
32274,576
23713,576
26465,576
16944,576
20043,576
6655,576
29958,576
33942,576
11997,576
28927,576
17149,576
10398,576
31031,576
13119,576
36441,576
20664,576
18731,576
4220,576
14519,576
29953,576
23157,576
31495,576
27314,576
17205,576
24291,576
30665,576
6813,576
7407,576
21530,576
25792,576
31337,576
36737,576
16919,576
9271,576
16469,576
10474,576
4185,576
23641,576
22225,576
22500,98
23559,98
30778,98
28616,98
31839,98
29249,98
24390,98
12593,98
12945,98
27071,98
26970,98
24081,98
19079,370
4297,370
3036,370
7834,370
36311,370
7908,370
12363,370
13953,370
6088,370
18571,370
24788,370
18042,370
7408,370
11388,370
10849,370
8657,370
23033,370
837,370
37213,370
29751,370
23121,370
4441,370
15862,370
21190,370
18382,370
35058,370
14041,370
15818,370
7208,370
6035,370
24345,370
34015,370
859,370
3300,370
3300,370
8138,370
31871,370
31709,370
8866,370
33358,370
18364,370
20122,370
7246,370
37111,334
1049,334
22303,334
6299,334
26192,334
26967,334
31313,334
29208,334
18043,334
22985,334
26568,334
2909,334
20164,334
26734,334
13854,334
3438,334
22733,334
18132,334
12374,334
11431,334
6055,334
30466,334
33809,334
23082,334
21688,334
33511,334
1061,334
1672,334
28180,334
14153,334
30303,334
19141,334
32139,334
14233,334
24328,334
34420,334
36314,334
32898,334
23459,334
7289,334
8348,334
7296,334
36537,334
10177,334
5753,334
23789,334
27931,334
21655,334
13772,334
11372,334
36560,334
26301,334
10177,334
10396,334
16652,334
36047,334
9201,334
19852,334
34176,334
31153,334
26989,334
25929,334
34447,334
29363,334
35863,334
20162,334
34462,334
7178,334
30118,334
22118,334
24660,334
34691,334
16446,334
24353,334
34385,334
18585,334
12334,334
8442,334
35128,334
20162,334
28300,334
30905,334
6130,334
7086,334
323,334
30463,334
36733,334
14130,334
34175,334
14396,334
36733,334
37057,334
33675,334
36236,334
15066,334
26807,334
33299,334
35506,334
1954,334
26591,334
37103,334
30067,334
9347,334
35215,334
30993,334
31668,334
24585,334
1090,334
26579,334
32106,334
24010,334
24585,334
31239,334
22468,334
33768,334
8094,334
33819,334
30286,334
21759,334
20829,334
33695,334
25135,334
1577,334
13671,334
26231,334
24282,334
35574,334
8908,334
11180,334
28054,334
29477,55
11833,55
12667,55
5705,55
3086,55
19650,55
18902,55
9870,55
3142,55
27056,55
9653,55
15461,55
10969,55
31749,55
32933,55
30443,55
8709,55
21033,55
31748,55
16661,55
25505,55
26513,55
9518,55
21119,55
13878,55
14690,55
21119,55
11017,55
24962,55
11653,55
7433,55
5984,55
5653,55
9238,55
31358,55
30679,55
31662,55
5441,55
25650,55
13626,55
13936,55
21015,55
32395,55
24835,55
14552,488
17130,488
6817,488
29915,488
20580,488
17415,488
6592,488
32427,488
25879,488
6944,488
1533,488
12091,488
8471,488
511,488
12783,488
7816,488
9473,488
37002,488
8929,488
19057,488
36725,488
29517,488
23305,488
33381,488
17413,488
8509,488
4588,488
15511,488
31979,488
21005,488
4367,488
47,488
22745,488
26589,488
7026,488
8728,488
29085,488
7687,488
6829,488
10617,488
29970,488
767,488
35414,488
21004,488
11717,488
16677,488
21433,488
5624,488
34941,488
20779,488
3836,488
13970,488
36755,488
33591,488
35821,488
33275,488
30252,488
35006,488
37128,488
14857,488
4316,488
4020,488
20533,488
23358,488
18167,488
14067,488
15252,488
26664,488
27027,488
6819,488
21250,488
11576,488
14334,488
30509,488
15982,488
20809,488
27239,488
18933,488
21515,488
24109,488
11880,488
7179,488
22053,488
12183,488
7584,488
32095,488
19878,488
28905,488
567,488
16147,488
6125,488
2083,488
6677,488
36926,488
6677,488
36926,488
34223,488
26651,488
4379,488
22071,488
13130,488
2939,488
37255,488
6834,488
17996,488
20512,488
35304,488
11406,488
9202,488
30118,488
33841,488
36720,488
26979,488
3502,488
1550,488
28341,488
34584,488
35601,488
10542,488
6902,488
34313,488
11434,488
16638,488
11087,488
12584,488
9724,488
22145,488
37064,488
37239,488
26001,488
28665,488
26666,488
17155,488
23676,488
27200,488
20811,488
19599,488
3443,488
6489,488
36814,488
7441,488
12218,488
16235,488
36667,488
3909,488
27090,488
25458,488
36006,488
9840,488
10822,488
22382,488
26124,488
31105,488
1505,488
5099,488
4695,488
32428,488
21090,488
29842,488
14633,488
30358,488
3128,488
11253,488
22348,488
23973,488
28939,488
7661,488
33265,488
29631,488
11868,488
15312,488
30088,488
9255,488
7739,488
13209,488
8897,488
21704,488
11492,488
20913,488
26187,488
30915,488
16904,488
11092,488
9435,488
32949,488
24292,488
12478,488
20055,488
16583,488
13209,488
29967,488
33795,488
1500,488
12315,488
29515,488
32610,488
13963,488
14926,488
37288,488
10828,488
3386,192
4312,192
29788,192
14709,192
2643,192
12891,192
5856,192
31591,192
29437,192
14251,192
26930,192
9845,192
28204,192
16972,192
19017,192
83,192
6450,192
6047,192
5041,192
30481,192
36290,192
7643,454
9911,454
15405,454
16296,454
8478,454
9329,454
1096,454
32166,454
6931,454
19941,454
36865,454
36567,454
30983,454
11059,454
32249,454
20205,454
33682,454
5455,454
20312,454
35913,454
31424,454
8910,454
1078,454
13746,454
27912,454
32371,454
31941,454
26253,454
1490,454
25247,454
3177,454
12994,454
7709,454
27996,454
32045,454
4989,454
20876,454
36667,454
20403,454
37092,454
11092,454
20125,454
24232,454
19968,454
20911,454
15235,454
30401,454
3284,454
10828,454
36199,512
5133,512
1412,512
15995,512
23837,512
11073,512
30697,512
10699,512
15085,512
11732,512
162,512
36971,512
7910,512
22236,512
37100,512
2753,512
24233,512
34032,512
27658,512
4364,512
19680,512
9555,512
12508,512
22467,512
18182,512
31261,512
36599,512
30970,512
18705,512
31079,512
11485,512
33155,512
10699,512
27027,1020
35572,1020
14594,1020
22496,1020
2904,1020
26493,1020
261,1020
2601,1020
6100,1020
20088,1020
3503,1020
1868,1020
26310,1020
18329,1020
18938,1020
37037,1020
1054,1020
2721,1020
25115,1020
16984,1020
13547,1020
9285,1020
25843,1020
36980,1020
19121,1020
29320,1020
35730,1020
1686,1020
35116,1020
37068,1020
10984,1020
4810,1020
121,1020
12237,1020
36938,1020
9178,1020
10813,1020
12638,1020
20265,1020
9735,1020
25958,1020
27568,1020
33187,1020
4036,1020
24261,1020
24809,1020
14142,1020
9285,1020
26762,1020
1822,1020
36837,1020
2823,1020
25648,1020
26001,1020
7223,1020
26452,1020
6725,1020
2513,1020
2674,1020
34323,1020
7741,1020
17859,1020
344,1020
7584,1020
31638,1020
24027,96
27301,96
21287,96
25488,96
14823,96
5642,96
29707,96
28237,96
27760,96
15346,96
20045,96
18174,348
30143,348
18474,348
25850,348
5180,348
19476,348
19785,348
5863,348
30104,348
19501,348
9001,348
23810,348
15624,348
36798,348
14677,348
31274,348
2271,348
26603,348
30560,348
7453,348
6786,348
26162,348
2016,348
5784,348
2355,348
21396,348
3020,348
18733,348
5941,348
20387,348
19755,348
17182,348
17337,348
968,348
25400,348
31927,348
3084,348
14080,348
21757,348
2016,348
23529,348
23740,348
23903,348
32218,348
8016,348
31174,348
31887,348
35501,348
23740,348
35501,348
33948,348
7237,348
21766,348
14789,348
13477,348
29495,348
34071,348
13351,348
18766,348
19339,348
7049,348
22477,348
23834,348
5355,348
17351,348
825,348
30569,348
23150,348
23596,348
32272,348
12254,348
15783,348
18654,348
18541,348
22571,348
25877,348
383,348
27857,348
22838,348
4776,348
4789,348
23644,348
17943,348
15783,348
26164,348
19501,348
29194,348
14789,348
4987,348
14789,348
8042,348
2669,348
20675,348
36936,348
20382,348
18629,348
28512,348
23150,348
10829,348
8961,348
20389,348
24979,348
20300,348
34760,348
29066,348
6759,348
14246,348
17071,348
14677,348
8702,197
712,197
16522,197
31833,197
5037,197
19046,197
28489,197
18603,197
23101,197
33819,197
3743,197
439,197
18825,481
11050,481
28329,481
18854,481
9869,481
35079,481
1152,481
3386,481
12049,481
16003,481
5443,481
7941,481
33794,481
23721,481
15146,481
7535,481
21313,481
16945,481
28271,481
16581,481
29017,481
37002,481
35445,481
12470,481
19642,481
21261,481
29105,481
15146,481
27946,481
35963,481
36980,481
36652,481
37225,481
19465,481
17841,481
11059,481
28956,481
36817,481
6174,481
13203,481
7775,481
30936,481
27820,481
35622,481
21018,481
14019,481
28698,481
36945,481
25368,407
23646,407
35914,407
11248,407
16405,407
36975,407
14083,407
23746,407
9099,407
28961,407
23885,407
13193,407
23623,407
3159,407
27773,407
12774,407
2921,407
29692,407
31749,407
10193,407
10971,407
14969,407
22211,407
25009,407
25009,407
2834,407
34047,407
14169,407
25441,721
25441,721
12649,721
9617,721
32440,721
25462,721
18695,721
12909,721
20378,687
3879,687
24592,687
30142,687
21938,687
14071,687
9143,687
36700,687
31620,687
19044,687
32725,687
10148,687
23859,687
7681,687
7681,687
17359,687
34746,687
36578,687
31104,687
7668,687
12430,687
15823,687
9984,687
12176,687
30292,687
30292,687
29698,687
34103,687
23016,687
34764,687
5046,687
1848,687
4293,687
21450,687
7512,687
4083,687
34234,687
35757,687
27496,687
32849,687
15366,687
12494,687
12897,687
15613,687
33341,687
31660,687
32442,687
33197,687
34604,687
10340,687
35309,687
29104,380
14087,380
23109,380
27191,380
17274,380
24370,380
28797,380
20396,380
18805,380
9397,380
26176,380
31767,380
16358,380
3079,380
16166,380
35855,380
1260,380
23961,380
4936,380
32342,380
12729,380
34133,380
6504,380
13081,380
28797,380
27358,380
25947,380
30456,380
28887,380
8734,380
7601,380
32579,380
13891,380
15911,380
31528,380
29800,380
29104,380
9071,380
26819,380
32579,380
27507,380
35206,380
28166,380
27079,380
24541,380
31620,380
1953,380
12910,380
4342,380
2168,380
19844,380
9238,380
36096,380
31889,380
24750,380
31313,380
28629,380
31889,380
35272,380
26013,380
13083,380
28112,380
25902,380
28112,380
28112,380
7483,380
31889,380
35934,380
27542,380
17338,380
17338,380
5563,380
15379,380
36494,380
15642,380
9553,380
4903,380
9567,380
34596,380
36383,380
13376,380
26715,380
25522,380
12841,380
28887,380
21848,380
29099,380
23368,380
4560,380
28513,380
1400,380
26690,380
35381,380
33664,380
20904,380
27968,380
28212,380
25666,380
1091,380
2024,380
1284,511
9343,511
1849,511
29455,511
21125,511
36350,511
21977,511
18399,511
2753,511
14706,511
23901,511
19098,511
1902,511
9636,511
9636,511
4053,511
7240,511
36056,511
17308,511
29125,511
22338,511
15578,511
13453,511
16664,511
16664,511
36687,511
32610,511
24469,511
16082,189
513,189
35781,189
24871,189
31852,189
9215,189
32049,189
18939,189
9109,189
10766,189
3089,189
23362,189
12814,189
186,189
36023,189
35366,189
13002,189
16286,189
14183,189
23598,189
18287,189
25402,189
30911,189
22607,189
20531,780
14856,780
37150,780
35723,780
21738,780
37507,780
10864,780
27011,780
35532,780
37185,780
21640,780
27641,780
13257,780
17763,780
27219,780
24468,780
35857,780
368,780
19519,780
3650,780
4475,780
30645,780
9339,780
12052,780
34465,732
6830,732
31386,732
20168,732
20202,732
24763,732
12127,732
38740,732
30086,732
28340,732
24757,732
26934,732
11580,18
6861,18
1364,18
4345,18
19736,18
13113,18
22878,18
29897,18
7097,18
14716,18
18117,18
17881,18
29258,18
29258,18
24006,18
18958,18
3616,18
11151,18
17353,18
21651,18
35595,468
4871,468
1211,468
23393,468
7077,468
9537,468
21040,468
9891,468
15758,468
34860,468
20517,468
33596,468
4859,468
8632,468
4184,468
20190,468
27106,468
15609,468
24750,468
7636,468
15519,468
13376,468
28148,468
8896,468
22899,468
35381,468
30033,468
25407,468
14308,468
5507,468
5306,468
13376,468
30525,468
14608,468
1077,468
25219,468
20843,468
25230,468
7087,468
6631,468
7087,468
6802,468
23366,468
22578,468
5645,422
6520,422
6520,422
31557,422
7706,422
22916,422
11775,422
11775,422
20429,422
7004,460
5698,460
4375,460
22364,460
34615,460
29805,460
14569,460
17113,460
4192,460
36053,460
18074,460
11223,460
25972,460
13532,460
27139,460
33071,460
15463,460
14140,460
21463,460
10937,460
30829,460
1314,460
20009,460
9121,460
24274,460
30227,460
16391,460
17367,460
17768,460
11036,460
17194,460
24603,460
9662,460
20269,460
22411,460
12593,460
11036,460
14502,460
34979,460
10122,460
32220,919
32562,919
18655,919
17111,919
27848,919
26431,919
34890,919
23261,919
6849,919
23267,919
4400,919
26075,919
4292,919
4537,919
3831,919
16609,919
34839,919
30061,919
4629,919
24249,919
19379,919
3501,919
15945,919
37582,919
12521,919
8038,919
2920,919
19445,919
33155,919
33254,919
7085,919
16179,919
21531,919
15284,919
6683,919
18060,919
37467,919
35541,919
5040,919
29120,919
5040,919
8416,919
8809,919
37002,919
6927,919
26009,919
3786,919
20041,919
25605,919
22866,919
36957,919
7169,919
29032,919
4343,919
27526,919
36642,919
29097,919
8368,919
19099,919
35651,919
16245,919
29840,919
28852,919
27685,919
6936,919
22090,919
6775,919
36248,919
4846,919
34748,919
13020,919
28660,919
20624,919
9612,919
7174,919
28956,919
13433,919
4540,919
35216,919
17522,919
37619,919
18362,919
37762,919
4331,919
36440,919
1202,919
17771,919
1513,919
36178,919
36256,919
13461,138
11424,138
31521,138
27653,138
3930,138
15103,138
13455,138
20242,138
7550,138
7959,138
10035,138
18858,138
32475,138
2183,138
21018,138
4634,138
19080,298
29542,298
22281,298
23783,298
20160,298
33984,298
16650,298
16194,298
14855,298
14855,298
21811,298
24366,298
10328,298
10328,298
33922,298
15840,298
28849,298
28849,298
32403,298
8554,275
16722,275
14732,275
35684,275
19154,275
15827,275
28715,275
26341,275
26808,275
20126,275
6395,275
6912,275
11483,275
10954,275
10493,275
35751,275
35751,275
9710,275
9978,275
35652,275
31673,275
26516,275
30693,275
34483,275
30693,275
18631,275
34483,275
29035,275
8842,275
32100,275
30317,275
35916,275
29035,275
35652,275
36357,275
36331,275
23196,275
19650,275
29691,275
36436,275
22576,275
6295,275
34226,275
10865,275
24374,275
24374,275
30317,275
32795,275
7074,275
35557,275
28170,275
27441,275
25176,275
32565,275
22450,275
32565,275
30113,275
19783,275
11796,275
36058,275
5407,275
5407,275
20836,275
1513,275
22591,275
24351,275
32556,275
30113,275
25176,275
14158,275
32556,275
32556,275
11920,275
14357,275
33257,275
14428,87
19168,87
18167,87
13336,87
11155,87
12824,87
17198,87
29947,87
22292,87
13598,87
22239,87
5651,87
23667,87
4737,87
17762,87
25067,87
33557,87
26595,87
32842,87
6321,87
5642,87
23359,87
26041,87
8805,87
26074,87
24755,87
21206,87
22997,87
2281,87
18961,87
6399,87
26092,159
15729,159
25245,159
16694,159
34122,159
31755,159
24971,159
31331,159
36110,820
7120,820
36110,820
854,820
37593,820
27566,820
24300,820
29608,820
36531,820
9972,820
29852,820
35994,820
33949,820
27686,820
20394,820
21586,820
2078,820
2275,820
37236,820
31825,820
2194,820
7108,820
28858,820
2598,820
1226,820
16271,820
28132,820
5220,820
33138,820
22158,820
28118,820
7425,820
28226,820
1226,820
25391,820
31825,820
6030,820
25366,820
18770,820
28280,820
1215,820
8981,820
37593,820
31823,820
15849,820
24233,820
33155,820
5561,820
22916,820
12726,820
2915,820
15474,820
16254,820
37514,820
5873,820
1123,820
12857,820
21065,820
6198,820
587,820
14546,820
3938,820
19619,820
36627,820
15532,820
27039,820
35876,820
12857,820
23095,820
25391,820
1217,496
12304,496
13104,496
7120,496
9285,496
1977,496
21086,496
12238,496
12802,496
1172,496
5211,496
1683,496
6917,496
8263,496
28595,496
1757,496
33781,496
15421,496
8927,496
7291,496
2443,496
1719,496
33567,496
4380,496
5266,496
33567,496
2831,496
20902,496
5909,496
31002,496
11465,496
978,496
23253,496
12328,496
4688,496
10206,496
18295,496
18363,496
5857,496
11320,496
13392,496
33567,496
4036,496
6013,496
18403,496
15305,496
33567,496
14565,496
905,496
31002,496
7278,496
14388,496
3822,496
15024,496
16297,496
7626,496
28262,496
2885,496
17635,496
13643,496
2552,496
9822,496
27067,496
4832,496
4907,496
27810,496
9449,496
20912,496
4502,496
15024,496
9511,496
31245,496
130,496
16921,496
13264,496
25208,496
20912,496
13644,496
11981,496
1605,496
1663,496
1663,496
22841,496
13670,496
18957,496
16608,496
4632,496
24164,496
9511,496
4395,496
16608,496
24164,496
7288,496
26258,496
15863,496
24445,496
9730,496
20931,496
6680,496
1667,496
2824,496
1334,496
32457,496
17684,496
34858,496
9824,496
4712,496
12959,496
6975,496
24842,496
961,496
14154,496
905,496
21162,496
21147,496
14154,496
36369,496
14154,496
31227,496
16643,496
16950,496
3714,496
1836,496
27109,496
20515,496
21921,496
14758,496
6595,496
30636,496
18244,496
3223,496
6957,496
1978,496
2667,496
804,496
26853,496
22882,496
35414,496
30327,496
7516,496
13484,496
18244,496
1167,496
4391,496
244,496
6019,496
27121,496
9427,496
5178,496
11196,496
1026,496
5297,496
27133,496
6152,496
10915,496
18244,496
22600,496
30255,496
4197,496
14410,496
6152,496
14360,496
24490,496
1906,496
24490,496
25826,496
20987,496
0,496
24381,496
0,496
19788,496
15728,496
30976,496
16245,496
1176,496
28279,496
18715,496
6799,496
7742,496
31044,496
23203,496
8532,496
36803,496
23121,496
35676,496
7878,496
11457,496
64,496
30055,496
436,496
11912,496
17376,496
32929,496
22006,496
30292,496
5209,496
12056,496
1779,496
7628,496
27559,496
400,496
168,496
20708,496
15679,496
274,496
20912,496
23965,496
26415,496
18680,496
20076,496
1534,496
14722,496
11912,496
1534,496
284,496
14722,496
517,496
2693,496
30489,496
11340,496
10570,496
284,496
12397,496
9420,496
22586,496
22586,496
12397,496
30489,496
29245,496
27510,496
27510,496
5703,496
33019,496
27510,496
1869,496
36091,496
17468,496
10881,496
7484,496
10881,496
28975,496
7917,496
7484,496
52,496
1222,496
1018,496
13368,496
28324,496
14647,496
28324,496
9948,496
6712,496
6712,496
9615,496
27745,496
13867,496
27745,496
34169,496
34169,496
31000,496
17208,496
31000,496
2628,496
15584,496
26734,496
33313,496
20332,496
25788,496
23149,496
34983,496
13728,496
33019,496
11122,496
13313,496
3444,496
12070,496
36914,496
22763,496
10637,496
28865,496
16028,496
114,496
17949,496
19069,496
7189,496
26655,496
10320,496
28291,496
5900,496
560,496
36226,496
30455,496
28324,496
30258,496
14180,496
15622,496
475,443
836,443
17814,443
4462,443
8583,443
14013,443
29981,443
23755,443
19388,443
10978,443
18225,443
8218,443
8182,443
16712,443
5202,443
13134,443
4539,443
15150,443
6499,443
19051,443
23377,443
18732,443
13249,443
18008,443
33136,443
33267,443
20686,443
22352,443
20859,443
19018,443
13438,443
20946,443
26795,443
29053,443
17672,443
20271,443
27896,443
33988,443
3752,443
7030,443
7513,443
19064,443
22787,443
3805,443
3536,443
2143,443
4901,443
12479,443
268,443
8596,443
13712,443
4148,443
9472,443
9128,443
17109,443
16761,443
14397,443
5419,443
20052,443
34704,443
6801,443
19964,443
24158,443
17532,443
6052,443
17673,443
31751,443
17667,443
23952,443
35388,443
6549,443
329,443
1329,443
18989,443
32027,443
22885,443
31751,443
3884,443
15217,443
8515,443
17603,443
29160,443
17809,443
9207,443
6620,443
12043,443
8177,443
24158,443
20593,443
18557,443
14267,443
5466,443
26663,443
6515,443
26387,443
7956,443
1209,443
11429,443
32671,443
16025,443
29285,443
8985,443
19654,443
7419,443
15915,443
8322,443
29067,443
13913,443
23637,443
21694,443
7419,443
15486,443
28484,443
20536,443
18515,443
35978,443
24476,443
16834,443
14377,443
35629,443
1127,443
32833,443
3263,443
3020,443
23869,443
20364,443
9448,443
29435,443
10281,443
29865,443
34395,443
17840,443
6163,443
11773,443
28808,443
32357,443
21185,443
29313,443
30159,443
15615,443
23378,443
19205,443
27986,443
35323,443
33214,443
20586,443
22325,443
33214,443
28657,443
33628,443
23795,443
23795,443
8390,443
23166,443
27979,443
33501,443
32253,443
36976,443
7423,443
27985,443
20308,443
21150,443
19568,443
24072,443
6346,443
29037,443
27304,443
29037,443
17479,443
29464,443
12032,443
20886,443
19900,443
8072,443
24525,443
24525,443
36683,443
1950,443
24111,443
25143,443
14952,443
28174,443
23371,443
36376,443
5963,443
11927,443
32811,443
8168,443
33688,443
30294,443
30492,443
37370,443
27588,443
6077,443
28311,443
6077,443
32306,443
9905,443
14674,443
22395,443
14674,443
12009,443
18790,443
17047,443
38722,443
20151,702
22910,702
31055,702
28313,702
30727,702
3823,702
7349,702
29074,702
36756,702
26637,702
36820,702
19369,702
16862,702
17521,702
31155,702
22476,702
18961,702
30895,702
24931,702
37078,702
37155,702
28313,702
31055,702
21591,702
37417,702
23033,702
36760,702
18364,702
33513,702
17595,702
17786,702
37300,702
24345,702
20547,702
17687,702
35817,702
35867,702
21062,702
15426,702
22030,702
2546,702
34960,702
35679,702
36128,702
35679,702
6491,702
14051,702
32762,702
21609,702
2546,702
31156,702
31156,702
27130,702
13996,702
27665,702
35485,702
35607,702
34370,702
35607,702
3880,702
27466,702
23310,702
33042,702
31236,702
29956,702
28767,702
37372,702
31561,702
18729,702
9422,702
36760,702
28476,702
6816,702
28476,702
1646,671
22409,671
37014,671
24242,671
6512,671
7319,671
12920,671
36514,671
25197,671
37456,671
36802,671
2387,671
25354,671
16708,671
6613,671
17634,671
35259,671
33248,671
29921,671
33982,671
29164,671
14946,671
26784,671
32527,671
34599,671
37327,671
34644,671
37568,671
20248,29
28967,29
2651,29
3373,29
23114,29
21095,29
392,29
31023,29
25351,29
9664,29
6766,29
12976,29
31327,29
23454,29
6563,29
2086,29
21040,29
24932,29
19289,29
2167,29
31716,29
25294,29
21040,29
17036,29
22167,29
15248,29
993,29
15010,29
2568,29
17495,29
3160,29
15157,29
22035,29
31306,29
23195,29
4236,29
28199,29
15819,29
15231,29
16959,29
9618,29
1067,29
30848,933
11730,933
24869,933
21795,933
31064,933
7035,933
450,933
27216,933
1505,933
18572,933
11730,933
3581,933
7035,933
33818,933
37098,933
18057,933
4088,933
37423,933
20276,933
33169,933
16275,933
32801,933
13910,933
13089,933
35479,933
13336,933
13336,933
31649,933
15277,933
29575,933
14701,933
19115,933
13888,933
31040,933
36937,933
15077,933
14254,933
16173,933
30451,933
4625,933
13628,933
23334,933
28375,933
14311,933
35414,933
29275,933
8648,933
28856,933
13754,933
28856,933
36899,933
3056,933
31421,933
33169,933
12918,933
10466,933
24423,933
22897,933
32906,933
35461,933
19667,933
14223,933
4245,933
33393,933
33393,933
36693,933
719,933
8377,933
5277,933
29655,351
18594,351
32506,351
6802,351
14789,351
16422,351
12160,351
22918,351
4533,351
35174,351
8198,351
12631,351
5670,351
20439,351
24097,351
24272,351
4402,351
6806,351
35467,351
22646,351
20894,351
20382,351
13315,351
30742,351
27771,351
6436,351
12254,351
26470,351
3746,351
31242,351
34042,351
19301,351
19301,351
23227,351
11182,351
12572,351
7097,351
36247,351
18377,351
4122,351
27857,351
32272,351
3399,351
22838,351
25500,351
31496,351
22311,351
16686,351
14910,351
6815,351
21752,351
24272,351
9671,351
21881,631
1829,631
30348,631
26662,631
16780,631
28929,631
24988,631
18572,631
10924,631
15612,631
29908,631
32330,631
29908,631
2206,631
37048,631
37018,631
24662,631
7431,631
28644,631
6867,631
14529,631
9938,631
23784,631
24660,631
31495,631
29663,631
17214,631
16637,631
12599,631
8192,631
35931,631
25499,631
36374,631
10434,631
24573,631
21020,631
18659,631
805,631
31650,631
2960,631
34092,631
21528,631
33155,631
32872,631
29755,631
5091,631
27973,631
29798,631
22112,239
3336,239
14412,239
13989,239
2355,239
16578,239
17139,239
26524,239
6800,239
22635,239
2161,239
6244,239
28211,239
10916,239
1213,239
22575,239
19495,239
14122,239
367,239
21025,239
28686,239
378,239
26278,239
21524,239
25448,239
12185,239
24138,239
4347,239
15174,239
10293,239
33899,239
21593,239
1639,239
30626,239
3220,239
15846,239
21876,239
10952,239
3203,239
3376,239
15732,239
16400,239
31637,239
28430,239
23890,239
1340,239
23454,239
25101,239
19103,239
15134,239
28991,239
25141,239
19377,239
20224,239
35222,239
22532,239
19628,239
2517,239
34022,239
627,239
10528,239
8837,239
17346,239
8939,239
3916,239
8399,239
29282,239
909,239
7199,239
31661,239
14309,239
20224,239
8503,239
8862,239
20874,239
9837,239
5650,239
31791,239
35571,181
27222,181
4101,181
29347,181
15885,181
11419,181
17623,181
4847,181
26230,181
30532,181
9953,181
21486,181
10217,181
8627,73
7736,73
29612,73
11094,73
17962,73
17744,73
13218,73
30175,73
471,73
6999,73
29817,73
15614,73
21880,73
19984,73
13895,73
7676,73
21421,73
31066,73
6258,73
24886,73
6507,73
22015,73
25702,73
25299,73
8584,73
19264,73
22439,73
25681,73
18681,73
7417,73
15001,73
15001,73
25874,73
17254,402
29050,402
1303,402
3408,402
34131,402
35232,402
4471,402
34820,402
7896,402
789,402
23490,402
19740,402
23373,402
34131,402
3833,402
25062,402
20219,402
20696,402
2834,402
6623,402
25494,402
1377,402
30469,402
27427,402
5320,402
838,402
34389,402
17298,402
4420,402
36975,402
8760,402
4963,50
2333,50
18482,50
21782,50
3105,50
29886,50
18895,50
20035,50
16898,50
6874,50
3140,50
31653,50
14235,50
27486,50
2000,50
20727,50
16464,50
20423,50
20186,50
21251,50
5503,50
4195,50
20367,50
23437,50
32791,50
30413,50
10669,50
6366,50
7672,50
15520,50
1690,50
2610,50
2112,50
14184,50
8619,50
6796,50
29477,50
30932,50
32528,50
7904,50
2311,50
19325,50
8252,50
13803,50
11348,50
18902,50
30758,50
2563,50
29195,50
4916,50
3298,50
9313,50
8698,50
22125,50
1059,50
6288,50
7974,50
2212,50
24640,50
12941,50
9764,50
23639,50
26513,50
4483,50
26832,50
27064,50
13466,50
32551,50
28850,50
5255,50
7597,50
29627,50
2425,50
28076,50
10216,50
8860,50
5990,50
15398,50
9518,50
1247,50
586,50
29809,50
32102,50
15516,50
5904,50
12739,50
19987,50
25932,50
27951,50
28574,50
5831,30
10085,30
13788,30
7688,30
30781,30
26955,30
22319,30
31716,30
22167,30
15010,30
23454,30
20095,30
29171,30
5423,30
12445,30
16747,30
17495,30
10831,30
12360,30
23614,30
16959,30
1067,30
15248,30
17655,595
21736,595
4928,595
19836,595
37302,595
806,595
27210,595
35337,595
36560,595
20498,595
31834,595
30067,595
22523,595
23356,595
36611,595
19327,595
35111,595
10439,595
26514,595
37228,595
16077,595
9366,595
35765,595
27857,595
35325,595
37197,595
1082,595
7564,595
34612,595
33920,595
10326,595
31668,595
24849,595
25781,595
33697,595
30160,595
5912,595
14275,595
8911,595
33507,114
10357,114
26905,114
14771,114
28502,114
32095,114
22499,114
24911,114
22542,114
17869,114
31793,114
18429,114
15167,114
9930,114
7027,114
31037,114
36182,418
20288,418
18500,418
27597,418
33339,418
10086,418
3285,418
28968,418
28166,418
36686,418
32139,418
23475,418
7454,418
36971,418
33155,418
32961,418
28479,418
3144,418
13846,418
27396,418
17216,418
12154,418
10444,418
33675,418
16719,418
25223,418
14778,418
9743,418
36699,418
31968,418
27857,418
36724,418
34221,418
29987,418
34660,418
24355,418
33913,418
26846,418
22842,418
30247,418
17201,418
32333,418
21128,418
27937,418
34719,418
22468,418
26810,418
8779,418
27049,418
11547,418
32597,418
23758,418
19372,418
37180,418
7584,418
14165,418
2519,418
33799,418
37003,418
803,810
338,810
7151,810
5986,810
26201,810
17399,810
335,810
32676,810
8750,810
3111,810
16182,810
20631,810
21148,810
35831,810
29598,810
35265,810
7412,810
5043,810
19640,810
20688,810
30696,810
474,810
37345,810
37345,810
5330,810
21747,810
5241,810
10251,810
8624,810
35473,810
3063,810
26102,810
28864,810
16340,810
32734,810
29393,810
25928,810
803,810
11829,810
9277,810
6207,810
16943,810
24225,810
5464,810
37526,810
26524,810
27188,810
36100,810
24548,810
25263,810
6945,810
1218,810
803,810
11115,810
717,810
34921,810
27686,810
12283,810
1526,810
14762,810
2744,810
5961,810
6156,810
22295,810
30924,810
2038,810
35694,810
13231,810
10175,810
16791,810
17143,810
1657,810
3041,810
14436,810
19582,810
1405,810
2115,810
5422,810
183,810
17630,810
1309,810
13022,810
23336,810
36528,810
19687,810
11809,810
4268,810
11908,810
33726,810
31256,810
23902,810
31652,810
37093,810
26348,84
30629,84
126,84
7897,84
32892,84
19032,84
8950,84
32729,84
28275,84
7966,84
33538,84
31107,84
28420,84
31627,84
20127,84
9882,84
29691,84
23568,84
7037,84
6954,84
19032,84
29154,84
33443,84
17856,84
13312,84
20411,84
24095,84
16680,84
32399,84
26705,84
32348,84
5740,84
18366,84
2573,84
19684,84
12874,84
5006,84
5736,84
28497,84
6199,84
26595,84
26552,84
31936,84
15955,84
20567,84
28420,84
29596,84
28091,84
27030,84
2200,84
29048,84
7299,84
28263,84
22653,84
30592,84
23558,84
11409,84
23558,84
21960,84
26833,84
27352,84
27935,84
28365,84
220,84
26043,84
24130,84
26293,84
31267,84
32320,84
31276,84
8477,84
31280,84
18688,84
9392,84
18288,84
33343,84
28838,84
4818,84
16299,84
28741,84
12120,84
31048,84
30913,84
25692,84
12912,84
20493,84
30065,84
22215,84
26369,84
29494,84
17834,84
17995,84
17680,84
21088,84
23640,84
112,320
29287,320
12608,320
60,320
22045,320
32982,320
22045,320
32225,320
1480,320
394,320
257,320
26651,320
7407,320
691,320
22029,320
735,320
498,320
21350,320
10861,320
498,320
527,320
7008,320
13804,320
36063,320
18016,531
5196,531
5552,531
1516,531
21972,531
27590,531
34199,531
2396,531
11817,531
35689,531
12095,531
22429,531
4819,531
5839,531
12446,531
1589,531
1025,531
6033,531
5541,531
14584,531
17710,531
9556,531
13901,531
28531,531
9983,531
8944,531
4952,531
14865,531
29323,531
26747,531
9025,531
33364,531
576,531
1452,531
10045,531
9635,531
26157,531
3191,531
36845,531
16626,531
7761,531
17829,531
37435,531
14141,531
30238,531
34853,531
1367,531
17887,531
9407,531
7606,531
28057,531
9673,531
4600,531
9361,531
2918,531
4026,531
17732,531
3929,531
12665,531
16879,531
28225,531
16824,531
22538,531
8725,531
11958,531
11026,531
14655,531
5855,531
27609,531
17846,531
30862,531
26769,531
4658,531
23473,531
4685,531
574,531
3294,531
36905,531
33803,531
17294,531
29459,531
37272,531
17161,531
18816,531
9209,531
19774,531
21822,531
1591,531
31200,531
10093,531
29671,531
21503,531
28872,531
28346,531
10600,531
17668,531
28914,531
13618,531
24402,531
9610,531
4281,531
6165,531
14571,531
25015,531
29422,531
22634,531
24098,531
1571,531
35709,531
29316,531
28124,531
19811,531
24253,531
8549,531
17265,531
30168,531
3737,531
20419,531
27768,531
16953,531
1368,531
16953,531
22981,531
19913,531
31523,531
10958,531
22835,531
7374,531
27021,531
21671,531
7969,531
28820,531
30714,531
26931,317
3386,317
24560,317
29692,317
13480,317
678,317
5515,317
20984,317
5167,317
17188,317
16220,317
31835,317
23855,317
11059,317
34711,317
21368,317
36543,317
24560,317
34414,317
13275,317
16147,317
9105,317
18695,317
26324,317
15905,317
27351,317
36037,317
26324,317
12347,317
36384,317
8196,317
6406,317
14311,317
36679,317
28871,317
6908,317
15564,317
11509,317
20868,317
28009,317
4890,317
27098,317
8372,317
18520,317
34027,317
26903,317
37035,317
13926,317
19543,317
25280,317
4869,317
31659,317
5925,317
25280,317
3821,317
32740,317
3821,317
22667,317
13125,317
22667,317
31204,317
27778,317
36686,317
27141,317
33085,317
24123,317
30631,317
4391,317
31648,317
19777,317
19777,317
28871,317
28871,317
12226,317
8574,317
4709,317
23047,457
30422,457
9503,457
20089,457
34135,457
26568,457
8865,457
26218,457
19943,457
19943,457
27164,457
18105,457
27917,457
18598,457
14071,457
35432,457
6003,457
30142,457
27917,457
30251,457
13626,457
16948,457
3400,457
34296,457
33159,457
23716,457
35890,457
28367,457
21140,457
1608,457
23415,457
17180,457
7404,457
34735,457
2591,457
1889,457
19528,457
32788,457
30613,457
26477,457
34833,457
16978,457
35525,457
35345,457
19686,457
24044,457
34625,457
23895,457
29872,457
30322,457
15047,457
34625,457
36933,457
33559,457
37223,457
33559,457
37223,457
6531,457
4510,457
35272,457
16556,457
35535,457
22089,457
35369,457
36923,457
26339,457
32948,457
18030,457
33656,457
25547,361
26327,361
29700,361
24725,361
35184,361
35013,361
24029,361
33833,361
25406,361
29116,361
32437,361
34154,361
34892,361
31213,361
23875,361
32389,361
33227,361
31250,361
33113,361
34576,361
33305,361
32294,361
33335,361
14395,361
35030,361
34443,361
11295,361
24024,361
30978,361
30768,361
32119,361
34371,361
18211,361
29765,361
33093,361
30761,361
28790,361
25827,361
34990,361
24844,361
26113,361
33151,361
35244,361
28437,361
27134,361
31498,361
25319,361
35065,361
25388,361
18987,361
11538,361
31054,361
32516,361
34449,361
34631,361
29965,361
33332,361
26352,361
26271,361
25235,361
24682,361
35149,361
13885,361
32807,361
35057,361
28752,361
35418,361
35376,361
29315,361
20790,361
31705,361
35661,361
34492,361
19250,361
22812,361
34606,361
12600,361
22865,361
28301,361
31030,361
30964,361
22207,361
26263,361
26267,361
33562,361
29246,361
26876,361
27058,361
26498,361
33962,361
30479,361
33487,361
23723,361
25908,361
33745,361
34109,361
14405,361
27215,361
26460,361
34067,361
33062,361
18234,361
22584,361
33532,361
32384,361
30503,361
23989,361
24173,361
34126,361
33031,361
31437,361
30554,361
34480,361
11853,361
28201,361
32908,361
11052,361
32234,361
29179,361
34961,361
32223,361
34268,361
25875,361
35146,361
27355,361
26414,361
35162,361
33890,361
29227,361
31509,361
31966,361
27567,361
34352,361
27779,361
35209,361
31465,361
32029,361
30081,361
26105,361
30846,361
27094,361
31082,361
24211,361
24179,361
24186,361
24165,361
24206,361
24176,361
24178,361
24157,361
24191,361
24187,361
24170,361
24184,361
24177,361
24185,361
24149,361
24205,361
24194,361
30313,361
22318,361
33244,361
29271,361
34300,361
35055,361
34752,361
27839,361
25234,361
16709,108
17766,108
31162,108
11291,108
12856,108
1747,108
30360,108
23982,108
34864,795
32042,795
25530,795
6298,795
4512,795
19640,795
2210,795
14592,795
9759,795
31454,795
17346,795
6257,795
10827,795
1573,795
18815,795
6621,795
16654,795
10927,795
3138,795
12343,795
19347,795
9962,795
34864,795
7895,795
12329,795
32847,795
15081,795
26501,795
6414,795
34823,795
37387,795
11692,795
23698,795
37520,795
17921,795
31974,795
37615,795
35768,795
18566,795
90,795
17592,795
22223,795
17320,795
16547,795
24434,795
28986,795
5193,795
5193,795
23277,795
33691,795
2625,795
36723,795
7083,795
23357,795
12527,795
1140,795
28351,795
15826,795
15680,795
4440,795
34317,795
31382,795
2143,795
11671,795
24936,795
4224,795
23330,795
37517,795
16205,795
7700,795
36604,795
26585,795
22201,795
9036,795
4330,795
10426,795
11901,795
37156,795
2185,795
22477,795
3640,795
3640,795
31447,795
25958,795
12478,795
9913,795
4513,795
35473,795
11907,795
4169,795
5828,795
21102,795
12058,795
3211,795
4466,795
27657,795
21710,795
15892,795
4721,795
27205,795
31009,795
37523,795
36545,795
6526,795
2304,795
30773,795
25661,795
14305,795
17050,795
18676,795
4190,795
27379,795
19093,795
4691,795
25940,795
1689,795
2,795
14465,795
12089,795
37510,795
37510,795
6070,795
15985,795
18251,795
899,795
36688,795
7721,795
8417,795
4724,795
37519,795
37596,795
26021,795
36735,795
2038,795
14925,795
801,795
27385,795
3101,795
5973,795
27686,795
1167,795
13292,795
22200,795
21124,795
26969,795
30916,795
15254,795
445,795
14191,795
17467,795
27838,795
18495,795
2025,795
12640,795
28956,795
35899,795
27312,795
1219,795
12640,795
6945,795
34996,795
10530,795
14341,795
12290,795
13484,795
17611,795
31774,795
49,795
18375,795
29377,795
18061,795
29377,795
7635,795
16818,795
14913,795
31046,795
26659,795
6825,795
35414,795
3814,795
1132,795
11100,795
6824,795
21117,795
32116,795
20634,795
1389,795
36961,795
7950,795
10773,795
18345,795
16797,795
21776,795
3784,795
3078,795
13371,795
3061,795
10091,795
209,795
2432,795
30821,795
153,795
22927,795
9714,795
25771,795
3537,795
7293,795
15236,795
1587,795
36486,795
34364,795
23524,795
14909,795
22745,795
11410,795
6495,795
10122,795
26111,795
32311,795
5418,795
14455,795
17505,795
30218,795
1405,795
36486,795
32090,795
8701,795
19492,795
22330,795
36499,795
284,795
17358,795
13642,795
7631,795
32901,795
12735,795
1910,795
14909,795
11632,795
4561,795
4508,795
9315,795
30291,795
581,795
15271,795
30121,795
6457,795
35926,795
19486,795
23734,795
34453,795
18190,795
30496,795
18380,795
37093,795
3684,795
30082,795
5975,795
18209,795
20527,795
22779,795
22575,795
3341,795
23511,795
20314,795
35756,795
25206,795
31325,795
5822,795
13016,795
17877,795
20135,795
8116,795
28227,795
34984,795
702,795
24346,795
9637,795
33247,795
18254,795
23884,795
24196,795
20768,795
16328,795
28676,795
1267,795
27675,795
6821,795
19103,795
10597,795
1606,795
3192,795
22250,795
27550,795
7463,795
21544,795
7318,795
5086,795
22491,795
12835,795
22572,795
15344,795
14111,795
37105,795
19106,795
6687,795
15409,795
11082,795
36453,795
11082,795
33389,795
21304,795
5454,795
2162,1050
28673,1050
16791,1050
3814,1050
34900,1050
5822,1050
30248,1050
20442,1050
24110,1050
2157,1050
724,1050
7411,1050
5572,1050
17964,1050
19142,1050
292,387
25141,387
6105,387
27977,387
11782,387
14515,387
6961,387
7448,387
1488,387
10547,387
20075,387
112,387
70,387
16582,387
5089,387
20806,387
99,387
11214,387
28580,387
1969,387
214,387
17013,387
19160,387
6091,387
151,387
7703,387
1946,387
20317,387
9038,387
9881,387
35157,387
10308,387
9591,387
248,387
16960,387
34730,387
35111,387
6564,387
298,387
33883,387
4779,387
779,387
34603,387
33112,387
36157,387
8282,387
4876,387
26393,387
386,387
35414,387
9325,387
3670,387
36619,387
1349,387
25802,387
162,387
36277,387
448,387
5747,387
17233,387
15735,387
294,387
18108,387
31397,387
26837,387
36402,387
35123,387
11020,387
10717,387
22489,387
28615,387
36984,387
30028,387
19038,387
30852,387
304,387
34317,387
3550,387
33723,387
15237,387
5915,387
30732,387
36658,387
24062,387
20359,387
32188,387
11405,387
17586,387
4925,387
22546,387
33845,387
11395,387
33138,387
7475,387
17165,387
11325,387
29976,387
19990,387
9820,387
19315,387
10761,387
19751,387
15283,387
4384,387
18187,387
19790,387
31794,387
10786,387
34722,387
8681,387
32007,387
27312,387
23945,387
9450,387
35982,387
12203,387
36252,387
1226,387
33743,387
31955,387
28826,387
28114,387
429,387
12074,387
22191,387
19224,387
5186,387
16445,387
28114,387
8383,387
15698,387
11939,387
22626,387
35813,387
13665,387
28596,387
3040,387
30020,387
35752,387
31915,387
204,387
12774,387
6570,387
4643,387
33144,387
13990,387
2238,387
27983,387
810,387
1215,387
25978,387
15858,387
7,387
23243,387
22267,387
25749,387
5400,387
1207,387
4704,387
3370,387
3776,387
19350,387
8845,387
22022,387
19598,387
469,387
20442,387
30534,387
13082,387
16521,387
12,387
32830,387
35,387
7925,387
19011,387
23221,387
4056,387
15546,387
151,387
35333,387
31670,387
5945,387
659,387
15148,387
10308,387
32466,387
32448,387
709,387
7034,904
31717,904
126,904
28192,904
33597,904
37261,904
18720,904
33667,904
11378,904
23819,904
35555,904
33742,904
20551,904
24535,904
36221,904
31373,904
35541,904
31937,904
12075,904
31208,904
25220,904
34139,904
36214,904
24086,904
20800,904
34838,904
35326,904
24086,904
13374,904
19058,904
19058,904
10518,904
20200,904
27748,904
5294,904
25949,904
31211,904
9017,904
31923,904
31727,904
34305,904
25914,904
30690,904
30784,904
32396,904
13374,904
31687,904
31687,904
31687,904
19632,904
14361,904
14460,904
22326,904
29267,904
10863,904
33621,904
32770,521
27614,521
27614,521
29721,521
34821,521
30216,521
28296,521
10152,521
10882,521
14799,521
26695,521
35542,521
33953,521
30365,521
35665,521
26495,521
35542,521
30691,521
13318,521
20048,178
9860,178
10624,178
9860,178
21582,178
7067,178
1537,178
15126,178
24425,178
12050,178
19803,178
7291,178
18098,178
29396,178
16570,178
15323,178
35519,178
30452,178
16127,178
28559,178
18772,178
33024,178
9714,178
7491,178
31709,178
9401,178
5921,178
10508,178
33611,1059
15908,1059
12130,1059
35051,1059
27124,1059
12903,1059
26701,1059
11043,1059
15920,1059
37208,1059
16036,1059
31106,1059
14276,1059
15621,1059
37124,1059
24045,1059
25715,1059
10115,1059
15630,1059
37618,1059
37983,1059
37999,1059
10976,1059
33327,1059
17153,1059
10739,1059
33838,1059
13818,1059
10459,1059
25853,1059
17303,1059
30689,1059
36645,1059
5001,1059
36337,1059
36337,1059
33828,1059
21587,1059
12127,1059
38740,1059
25992,1059
351,968
11764,968
6358,968
9277,968
6323,968
6623,968
1327,968
32200,968
13991,968
11444,968
34688,968
12152,968
2600,968
13847,968
22,968
16255,968
14410,968
4260,968
1887,968
1674,968
7102,968
5585,968
28402,968
9444,968
35414,968
2648,968
584,968
31855,968
14002,968
10662,968
671,968
486,968
9009,968
2216,968
8643,968
35283,968
26080,968
22114,968
15694,968
351,968
8994,968
2054,968
7626,968
1227,968
2185,968
2792,968
7407,968
7489,968
2106,968
36282,968
9502,968
19863,968
19878,968
2875,968
890,968
12263,968
14979,968
31811,968
3415,968
14946,968
19752,968
605,968
16440,968
26511,968
1500,968
12747,968
19101,968
2332,968
421,968
9194,968
9194,968
988,968
452,968
9502,968
26535,968
19778,968
7382,968
2373,968
32215,968
15571,968
2945,968
351,968
15863,968
1704,968
730,968
123,968
19752,968
6192,968
35395,968
10155,968
27318,968
8014,968
820,968
34267,968
4881,968
363,968
7827,968
9058,968
1020,968
166,968
24065,786
2817,786
30868,786
5029,786
36807,786
29222,786
13781,786
34594,786
34314,786
19278,786
32512,786
17988,786
5447,786
37160,786
23627,786
9507,786
14157,786
16995,786
35455,786
20016,786
3654,786
31260,786
12221,786
27156,786
30992,786
7333,786
5423,786
37068,786
27641,786
36639,786
14679,786
23945,786
35016,786
9388,786
13680,786
26266,786
24180,786
33425,786
7122,786
16685,786
5332,786
23992,786
26731,786
35817,786
9388,786
27857,786
5771,786
34792,786
33138,786
2919,786
24468,786
8762,786
32919,786
4965,786
9648,786
34716,786
32717,786
27826,786
30315,786
4598,786
31747,786
34507,786
37308,786
30458,786
35123,786
4632,786
30814,786
21504,786
5901,786
4475,786
3711,786
29783,786
10489,786
11996,786
3079,786
36466,786
7772,786
33792,786
4495,786
9522,786
8590,786
31548,786
2983,786
17316,786
16513,786
22954,786
16944,786
18131,786
23561,786
34002,786
16847,786
28879,786
16642,786
16847,786
16295,786
37239,786
15118,786
10835,786
19140,786
9522,786
7543,786
9234,786
32321,786
28068,786
30236,786
25979,786
35813,786
32613,786
35497,786
17737,786
26354,786
996,786
34036,786
30576,786
12845,786
35313,786
36700,786
439,786
24129,786
17269,786
18937,786
35856,786
1887,786
21377,786
25392,786
37356,786
37356,786
17951,786
17538,786
12324,786
27219,786
32329,786
10065,786
19604,786
20789,786
8229,786
27554,786
18937,786
37144,786
32330,786
36058,786
36060,786
33197,786
12462,786
27031,786
22690,786
33215,786
18048,786
15449,786
35028,786
32873,786
19259,786
15677,786
15677,786
7952,786
30508,786
11350,786
12154,786
28518,786
34462,786
18888,786
2913,786
36522,786
36466,786
34202,786
34202,786
10339,786
25775,786
24536,786
33285,786
35804,786
13626,786
20326,786
16053,786
29339,786
12877,786
7069,786
18121,786
27197,786
36461,786
23325,786
29087,786
15677,786
15677,786
7164,786
22147,786
5220,786
24230,786
11284,645
26360,645
3132,645
11473,645
24342,645
14048,645
17424,645
19010,645
933,645
29967,645
10983,645
2789,645
28271,645
32215,645
35022,645
31490,645
27830,645
4012,645
15375,645
11495,645
4012,645
11495,645
30966,645
15389,645
27264,645
16669,645
16560,645
11150,645
31971,645
33739,645
9046,645
32845,171
26760,171
12567,171
32882,171
32882,171
32845,171
24060,171
22552,171
1266,171
1266,171
15152,171
7142,171
35027,171
6362,171
30671,171
9093,171
19247,171
8885,171
10669,171
24751,171
5435,171
25896,171
33446,171
27253,171
2000,171
28439,171
20337,171
30671,171
29463,171
29463,171
26244,171
32787,171
20653,171
10004,171
6481,171
20918,171
24628,171
24037,171
9237,171
35863,171
27296,171
24060,171
29363,171
33345,171
2547,171
27987,171
4059,171
10359,171
25412,171
34808,171
33074,171
31620,171
32205,171
34887,171
31255,171
34887,171
22552,171
5555,171
30036,171
1989,171
27381,171
35027,171
28281,171
34092,171
34296,171
33904,171
33918,171
33684,171
28600,171
4293,171
20307,171
9196,171
28065,171
14849,171
9232,171
14882,171
4283,171
25410,171
25546,171
3840,171
1990,171
23369,171
26583,171
32769,171
20100,171
4366,171
32748,171
2337,171
9091,171
30857,171
27948,171
880,171
32725,171
20657,171
4701,171
6268,171
24750,171
24750,171
11875,171
5046,171
35406,171
25594,171
12791,171
19830,171
17559,171
37337,1046
26715,1046
34396,1046
16670,1046
9978,1046
35944,1046
30962,1046
33220,1046
21955,1046
28704,1046
36894,1046
27266,1046
2690,1046
33254,1046
29389,1046
29389,1046
10732,1046
18771,1046
19786,1046
26156,1046
27308,1046
23130,1046
2880,1046
29718,1046
21469,1046
33259,1046
27670,1046
8785,1046
24657,1046
8978,1046
3215,1046
37763,1046
37763,1046
30630,1046
4279,1046
32666,1046
33942,1046
28223,1046
10765,1046
26687,1046
27453,1046
29489,1046
22748,1046
24685,1046
9087,1046
33570,1046
22529,1046
8232,1046
15111,1046
9744,1046
14009,1046
37669,1046
37669,1046
28563,1046
13410,1046
23016,1046
9050,1046
32769,1046
4936,1046
27706,1046
23423,1046
28218,1046
34034,1046
26257,1046
37500,1046
11163,1046
5880,1046
6914,1046
29175,1046
29175,1046
16044,1046
22831,1046
5131,1046
6215,1046
6366,1046
5044,1046
14845,1046
34092,1046
25194,1046
5177,1046
29094,1046
23839,1046
5714,149
22469,149
14111,149
11022,149
15019,149
16647,149
24845,149
5980,149
8383,149
16124,149
6687,149
17493,149
25413,149
17062,149
807,149
18800,149
23939,149
6270,149
27034,149
8345,149
7024,149
20950,149
13839,149
1676,149
4902,149
1336,149
4099,149
13340,149
8972,149
21850,149
6458,149
3860,149
9292,149
955,149
24934,149
937,149
7498,149
6206,149
14778,360
34237,360
19552,360
12083,360
1686,360
21126,360
28551,360
30251,360
30882,360
22210,360
20266,360
11272,360
7874,360
23830,360
17892,360
33468,360
29504,360
13746,360
13065,360
23118,360
17669,360
323,360
29469,360
1744,360
28814,360
5750,360
34890,360
33872,360
11887,360
24407,360
423,360
7634,360
7941,360
29946,360
36314,360
17052,360
5165,360
16309,360
33174,360
11059,360
26814,360
1345,360
26922,360
11025,360
32368,360
6342,360
11757,360
26621,360
27046,360
27319,360
21837,360
20003,360
6316,360
23623,360
2536,360
25219,360
32282,360
24074,360
30862,360
34486,360
22515,360
51,360
9769,360
37159,360
31996,360
14793,360
24916,360
31880,360
24770,360
26322,360
9655,360
33228,360
31752,360
36167,360
18599,360
11974,360
16671,360
33758,360
1862,360
25889,360
29421,360
7384,360
28782,360
19929,360
5397,360
17767,360
28731,360
29704,360
29028,360
11202,360
29434,360
14546,360
7401,360
119,360
35414,360
31313,360
13783,360
3280,360
11325,360
16380,360
21063,360
14374,360
11338,360
21737,360
28312,360
35951,360
23418,360
10445,360
9453,360
32666,360
14948,360
36647,360
26347,360
33658,360
7584,360
28665,360
21072,360
30165,360
29513,360
7617,360
13875,360
4846,360
8770,705
34313,705
16106,705
10005,705
2623,705
20684,705
5130,705
27212,705
25268,705
32718,705
31525,705
9301,705
16446,705
32923,705
34939,705
20962,705
9094,705
2039,705
15619,705
7244,705
10307,705
18204,705
23358,705
25497,705
21837,705
1348,705
7584,705
13181,705
30406,769
33911,769
10175,769
9045,769
10175,769
1923,769
5018,769
13256,769
370,769
37002,769
34825,769
21097,769
13256,769
1923,769
13001,769
9591,769
9045,769
2685,769
10220,769
30406,769
23993,769
10039,769
16517,769
30406,769
18705,769
30848,769
2234,769
30406,769
11415,769
27519,769
7307,769
10050,769
15869,769
31971,769
28122,769
25525,769
8329,128
11673,151
14174,151
32220,151
5869,151
745,151
25347,151
9389,151
1691,151
17176,151
1134,151
5980,151
3259,151
18821,151
13085,151
18371,151
15348,151
5311,151
17409,151
29990,151
4187,151
16065,151
22181,151
17893,151
121,151
23558,151
13339,151
12575,151
689,151
5,151
5182,151
1070,151
3993,151
23890,151
21748,151
33975,151
3087,151
33140,151
26039,237
26278,237
35062,237
14375,237
29051,237
17899,237
7127,237
21797,237
1577,237
10697,237
36198,237
1394,237
14476,237
6326,237
18654,237
16340,237
36587,237
11643,237
9862,237
20226,237
36545,237
4102,237
5431,237
24311,237
19902,237
14873,237
1386,237
19674,237
22112,237
4291,237
6991,237
11091,237
34744,237
6594,237
13365,237
8812,237
25724,237
8751,237
5491,237
13333,237
34343,237
12527,237
36719,237
11227,237
1069,237
26946,237
14124,237
12527,237
7432,237
17888,237
7515,237
32730,237
7432,237
12527,237
11154,237
24519,237
4410,237
4139,237
3195,237
13535,237
3789,237
23674,237
22312,237
8472,237
32730,237
1230,237
5807,237
9950,237
1116,237
28891,237
12084,237
3495,237
13039,237
5477,237
9290,237
4223,237
20560,237
24722,237
4975,237
32057,237
6220,237
14167,237
8154,237
5162,237
25971,237
20525,237
9290,237
4472,237
14166,237
28525,237
10730,237
21834,237
22175,237
8618,237
20012,237
912,237
36311,237
18873,237
32324,237
20549,237
21124,237
4906,237
32487,237
25722,237
18355,237
29713,237
29051,237
7249,237
6326,237
27417,237
11750,237
6993,237
4911,237
29107,237
36628,237
6449,237
4115,237
14801,237
31065,237
16549,237
1156,237
32899,237
29896,237
20598,237
30987,237
23988,237
1394,237
26825,237
23988,237
14815,237
16720,237
786,237
8360,237
16651,237
34527,237
13188,237
15507,237
19631,237
35037,237
3595,237
36118,237
3497,237
22052,237
24202,237
22202,237
12267,237
5050,237
15826,237
6651,237
14440,237
11749,237
2336,237
25766,237
26057,237
11695,761
6974,761
18985,761
6974,761
33370,761
7914,761
7642,761
20153,761
16440,761
12275,761
19626,761
12071,761
24308,761
22927,761
4045,761
6559,761
18249,761
3703,761
2839,761
5214,761
33404,761
19620,761
28101,761
19957,761
11732,761
23687,761
3260,761
35549,761
33370,761
15377,285
20596,285
31959,285
32690,285
31478,285
31407,285
32692,285
32695,285
31404,285
31618,285
33644,285
31402,285
32697,285
33640,285
31480,285
32687,285
31951,285
31485,285
32685,285
30965,285
32683,285
31494,285
31401,285
32701,285
32699,285
31396,285
31543,285
32696,285
31610,285
31422,285
32708,285
32704,285
32686,285
33676,285
33678,285
32684,285
31483,285
33677,285
31963,285
31537,285
31948,285
31484,285
31961,285
31486,285
31541,285
31482,285
31609,285
31083,285
31617,285
32703,285
32705,285
33670,285
30837,285
31949,285
32713,285
32689,285
31611,285
33645,285
32698,285
32693,285
31400,285
31398,285
31964,285
32709,285
32706,285
31539,285
33646,285
31544,285
32688,285
32712,285
3706,285
29280,285
32710,285
32682,285
6845,285
32925,285
36910,490
11211,490
8968,490
15810,490
36695,490
6800,490
15394,490
31942,490
35291,490
16513,490
1643,490
11417,490
11782,490
17521,490
26818,490
37093,490
11781,490
37109,490
17467,490
31304,490
36545,490
18849,490
16643,490
16,490
26122,490
1185,490
34332,490
1342,490
17081,490
6592,490
925,490
1905,490
925,490
9415,490
14290,490
7964,490
32116,490
19701,490
36400,490
1192,490
9082,490
17615,490
36617,490
4414,490
29269,490
12308,490
16390,490
1669,490
29797,490
11847,490
24245,490
6121,490
27407,490
7041,490
686,490
18375,490
17286,490
22492,739
4652,739
9875,739
35831,739
35795,739
20356,739
11659,739
21682,739
19923,739
37019,739
29764,739
23993,739
29806,739
24068,739
2593,739
30091,739
15069,739
29608,739
18491,739
28814,739
15318,739
10587,739
15576,739
24929,739
8042,739
2497,739
10692,739
11571,739
35741,739
24068,739
37002,739
35842,739
31538,739
24456,739
22825,739
530,739
28981,739
27089,739
29040,739
13453,739
28329,739
23799,739
25837,739
26030,739
7186,739
13417,739
2360,739
10756,739
34328,739
24079,739
34607,739
26564,739
2710,739
25593,739
7867,739
12017,739
37016,739
25593,739
19415,739
8483,739
26523,739
30144,739
14215,739
4597,739
25426,739
22440,739
20725,739
35530,739
15768,739
16519,739
35530,739
16519,739
24022,739
18961,739
21721,739
3892,739
21721,739
28795,739
3892,739
20356,739
25195,739
12954,739
4099,739
12324,739
16438,739
35414,739
31724,739
22383,739
12845,739
22625,739
22625,739
18499,739
25664,739
12458,739
5066,739
28889,739
20663,739
5307,739
33073,739
25402,739
35741,739
9547,739
37163,739
37163,739
37163,739
37163,739
14432,739
9791,739
14852,739
36168,739
6693,739
15067,739
29040,739
11119,739
12877,739
18722,739
37448,723
23570,723
9817,723
22985,723
27939,723
8023,723
3785,723
8786,723
8650,723
18000,723
13242,723
7842,723
19731,723
35831,723
9538,723
18201,723
13928,723
17286,723
30370,723
8454,723
17896,723
19533,723
8089,723
29237,723
24131,723
8759,723
29152,723
22427,723
17695,723
6192,723
18605,723
27966,723
17140,723
3528,723
22268,723
9817,723
34689,723
15307,723
23294,723
27880,723
33543,723
37427,723
17458,723
7897,723
763,723
36380,723
5151,723
30201,723
4323,723
19645,723
32486,723
20487,723
20560,723
34784,723
30562,723
26544,723
25526,723
8648,723
21842,723
24507,723
37380,723
30284,723
18281,723
18281,723
6820,723
10820,723
6492,723
6492,723
8008,723
29460,723
34319,723
118,1021
26715,1021
9855,1021
1136,1021
10164,1021
33875,1021
30303,1021
323,1021
16228,1021
34526,1021
586,1021
34308,1021
15574,1021
23943,1021
31567,1021
26711,1021
18805,1021
7941,1021
25613,1021
1889,1021
6205,1021
11844,1021
27249,1021
37088,1021
18121,1021
28076,1021
36485,1021
33414,1021
3233,1021
36938,1021
17173,1021
19233,1021
24898,1021
31342,1021
32809,1021
36817,1021
29754,1021
13622,1021
8055,1021
25948,1021
36724,1021
8959,1021
28524,1021
37382,1021
10591,1021
17051,1021
14058,1021
10048,1021
20824,1021
34206,1021
28774,1021
22552,1021
15199,1021
35298,1021
17318,1021
17318,1021
34727,1021
1001,1021
17057,1021
29935,1021
28063,1021
28473,1021
22382,1021
16228,1021
27297,1021
36149,1021
24626,1021
3399,1021
27358,1021
13294,1021
8260,1021
32002,1021
23341,1021
33249,1021
7587,1021
32134,1021
7584,1021
7587,1021
8775,1021
5290,1021
22757,1021
8384,1021
27261,1021
2487,1021
18798,1021
25182,527
35280,527
14289,527
21023,527
2494,527
20483,527
27098,527
1957,527
25690,527
25712,527
14289,527
35280,527
7345,527
19941,527
3520,527
8089,527
11001,527
3957,527
8586,527
17296,527
20192,527
32980,527
17583,527
29819,527
24788,527
13677,527
27819,527
19181,527
4556,527
36860,527
8969,527
20721,527
8969,527
37255,527
16663,527
23849,527
9601,527
2397,527
6175,527
6175,527
17583,527
21552,527
33858,527
17827,527
33182,527
15298,527
18381,527
34906,527
18381,527
12263,527
32313,527
897,527
8465,527
24916,527
18177,527
35615,527
36241,527
1556,527
17014,527
22293,527
28660,527
10080,527
36632,527
6780,527
11511,41
27419,41
22721,41
16017,41
11058,41
12865,41
22478,41
32076,41
12533,41
20465,41
28802,41
27189,41
27189,41
13490,41
13490,41
9819,41
9819,41
30175,41
25449,41
13289,41
16133,41
15464,41
24033,41
31364,41
31364,41
10333,41
24017,41
6336,41
5004,41
6606,41
10333,41
26163,41
26163,41
24905,41
29978,41
24905,41
10462,41
10462,41
6999,41
30326,41
26875,41
26586,41
23077,41
23077,41
30326,41
22819,41
16690,41
18939,41
26066,41
28985,41
25652,41
29895,41
25652,41
6784,41
28985,41
29895,41
13278,41
4951,781
1327,781
37376,781
25376,781
36215,781
1253,781
27135,781
28547,781
11038,781
8127,781
10741,781
10220,781
16032,781
18029,781
30529,781
15875,781
36419,781
15875,781
13519,781
3388,781
4655,781
28358,781
35352,781
36743,781
15289,781
17226,781
30255,781
22342,781
13767,781
37496,781
30555,781
20314,781
30948,781
25262,781
13548,781
20810,781
20810,781
34916,781
32633,781
21010,781
21420,781
16904,781
4949,781
26727,781
25078,225
31088,225
23558,225
13610,225
10821,225
29005,225
1925,225
36622,225
12188,225
1011,225
36059,225
24985,225
31952,225
29407,225
18932,225
1643,225
26039,225
36471,225
30579,225
21432,225
9055,225
34967,225
10137,225
18995,225
17341,225
5569,225
27927,225
30540,225
26901,225
11802,225
10411,225
5648,225
8075,225
7584,225
19439,225
21254,225
9268,759
22447,759
7412,759
3096,759
37048,759
24196,759
36602,759
30376,759
3174,759
12570,759
11835,759
27513,759
29199,759
15845,759
1507,759
21004,759
37361,759
922,759
36453,759
1220,759
13603,759
28006,759
33556,759
15826,759
650,759
33556,759
9295,759
11162,759
29719,759
17461,759
35379,759
25376,759
13354,759
8772,759
24271,759
14189,759
37450,759
34036,759
35982,759
559,759
33207,759
24040,759
14016,759
20398,759
25704,759
7240,759
31275,759
30044,759
22719,759
11659,759
6726,759
18838,759
17308,759
37276,759
35926,759
28413,759
6349,759
12378,759
13495,759
4137,714
8741,714
3792,714
5824,714
2818,714
17850,714
21588,714
26590,714
5116,714
19127,714
32567,714
2158,714
30285,714
8720,714
5389,714
36557,714
22227,714
9333,714
17014,714
5399,714
4223,714
23942,714
4671,714
31693,714
16985,714
15396,714
32724,714
3768,714
1114,714
7571,714
33087,714
3568,714
3660,714
9189,714
30300,714
13561,714
25911,714
30300,714
16087,714
20846,714
24834,714
8040,714
15652,714
36445,714
10940,714
32580,714
19049,714
36445,714
11277,714
14349,714
9822,714
20595,714
18783,714
34613,714
7309,714
6356,714
12781,714
3078,714
13897,714
14585,714
18098,714
11200,714
13613,714
12712,714
13239,714
13613,714
9357,714
5818,714
37414,714
11493,714
10488,714
16059,714
16881,714
3205,714
25549,714
25549,714
32801,714
10567,714
12561,714
6596,714
12517,714
17134,714
3680,714
4485,714
10223,714
13513,714
34132,714
2486,714
30385,714
20991,714
35958,714
36373,714
24634,714
15092,714
24131,714
15568,714
1612,714
7739,714
21818,714
3211,714
19673,714
7905,714
12993,714
13742,714
14746,714
28520,714
22102,714
2539,714
13242,714
12607,714
16643,714
5638,714
9581,714
17591,714
1410,714
33758,714
34930,714
13642,714
15575,714
33177,714
5586,714
16332,714
30370,714
16332,714
24062,714
11445,714
24883,714
8439,714
5072,714
14681,714
33839,714
12759,714
10252,714
33401,714
17596,714
28848,714
13589,714
29368,714
35499,714
1299,714
19327,714
21536,714
10550,714
2614,714
29142,297
35313,297
33445,297
13962,297
18810,297
23175,297
26831,297
36268,297
36014,297
23968,297
33203,297
16678,297
38512,297
36014,297
38512,297
32375,297
14082,93
14082,93
15489,93
25113,93
14082,93
18850,93
10611,93
33535,93
19104,888
18747,888
26768,888
8489,888
17993,888
4033,888
18014,888
16616,888
32964,888
30540,888
10306,888
24768,888
23558,99
484,99
6827,99
18591,99
11594,99
26295,99
18366,99
9888,99
26551,99
4410,99
13861,99
31623,99
9055,99
6604,99
23849,99
14495,99
15830,99
17859,99
3375,99
12272,99
24095,99
2472,99
21257,99
16029,99
30017,99
26645,99
8052,99
31376,99
23339,99
29985,99
6843,99
8661,99
4426,99
14673,99
7040,99
3943,99
18019,99
4162,99
15270,99
6261,99
12876,99
6827,99
33576,99
14398,99
23685,99
19980,99
14202,99
21954,99
4382,99
35337,352
5090,352
20393,352
2472,352
4598,352
20721,352
7327,352
13730,352
23705,352
36313,352
9961,352
8314,352
508,352
23185,352
12631,352
27832,352
7329,352
33191,352
1416,352
6633,352
35414,352
14130,352
27686,352
5082,352
1722,352
1765,352
32106,352
688,352
30350,352
8256,352
25272,352
6451,352
17728,352
7227,352
23185,352
3899,352
6240,352
12338,352
36314,352
3296,352
32220,352
28005,352
36907,352
23916,352
9972,352
36907,352
30733,352
2872,352
11594,352
4514,352
18313,352
8139,352
33313,352
3888,352
3926,352
3369,352
35744,352
17520,352
29424,352
25015,352
29215,352
6189,352
21768,352
27656,352
26473,352
1416,352
36432,352
29630,352
16342,247
12559,247
2920,247
5134,247
33563,247
1520,247
8153,247
8459,247
14838,247
20766,247
6711,247
30285,247
19109,247
15390,247
36470,247
6719,247
18831,247
3595,247
10741,247
11733,247
1255,247
3035,247
31383,247
33383,247
3460,247
34111,247
11542,247
3528,247
4581,247
17399,247
10952,247
28923,247
23928,247
8951,247
3832,247
10293,247
10750,247
19123,247
20874,247
18190,247
13768,247
18068,247
7738,247
4032,247
8939,247
13459,247
34566,247
4651,247
6859,247
28952,247
25930,247
14776,247
25188,247
31218,247
31883,247
745,247
12623,247
23997,247
3173,247
29012,247
18652,247
5801,247
34886,247
15940,247
15985,247
5404,247
6105,247
33222,247
7245,247
17571,247
1586,247
18201,247
2589,247
36090,247
2589,247
14964,247
12823,247
6843,247
3472,247
3003,247
29626,247
35170,247
8860,12
17094,12
9520,12
1009,12
30490,12
25674,12
25165,12
13729,12
30737,12
20143,12
28206,12
16464,12
21044,12
14954,12
24563,12
19589,12
2687,12
16688,12
5927,12
20963,12
14735,12
9438,12
20524,12
21301,12
3254,12
21789,12
2000,12
10007,12
20550,12
24701,12
20550,12
25033,12
30612,12
9653,12
27894,12
22504,12
27832,12
16404,12
22955,12
27904,12
17051,12
7532,12
25407,12
19606,12
5068,12
8547,12
6193,12
24288,12
27987,12
3542,12
9742,12
18883,12
21318,12
15871,12
25889,12
25899,12
15014,12
26860,12
10853,12
27467,12
20999,12
21655,12
24693,12
8069,12
27285,12
24503,12
20100,12
23958,12
19406,12
14058,12
27589,12
9088,12
13190,12
14849,12
14038,12
7943,12
4780,12
12122,12
25763,12
18895,12
20819,12
23408,12
2412,12
22894,12
17612,12
25556,12
24221,12
19015,12
11968,12
9984,12
19589,12
26967,12
26957,12
2113,12
29736,12
10732,12
14307,12
14956,12
26846,12
24695,12
3744,12
7567,12
14600,12
1184,12
28084,12
17720,12
29375,12
29081,12
28228,12
28628,12
30071,12
28298,12
28628,12
25507,12
27031,12
4773,12
30245,12
26587,12
1331,12
2034,12
24002,12
23382,12
18963,12
24583,12
3701,12
19998,12
25287,12
25800,12
9280,12
28230,12
23716,12
19879,12
1231,12
18447,12
6086,12
28412,12
23111,12
6607,12
9047,12
16157,12
21244,12
16157,12
11952,12
5564,12
15660,12
21244,12
19246,12
12595,12
20559,12
3641,12
8344,12
17350,12
8288,12
30676,12
21196,12
24294,12
6588,12
21753,12
10359,12
13322,12
7171,12
30527,12
14075,12
19876,12
30497,12
10168,12
1436,12
4284,12
28439,12
29743,12
21435,12
2990,12
13038,12
26690,12
21435,12
10632,12
3392,12
15190,12
3627,12
22746,12
16063,12
7817,12
29133,12
28309,12
24685,12
11593,12
8162,12
3973,12
13992,12
16361,12
24013,12
17935,12
24588,12
28997,12
12914,12
2774,12
15164,12
24968,12
5705,12
1256,12
30205,12
21603,12
28334,12
28349,12
9795,12
28867,12
12176,12
28423,12
28423,12
1654,12
790,12
17913,12
10329,12
10329,12
22730,12
11653,12
17102,113
10097,113
12882,113
6261,113
11873,113
29008,113
25692,113
13461,113
19171,113
15767,113
18558,113
14770,113
6260,113
31150,113
7033,113
7959,113
13455,113
1551,113
14433,113
2663,1014
6447,1014
10116,1014
6210,1014
32363,1014
29283,1014
16196,1014
8339,1014
27174,1014
37481,1014
30173,1014
29325,1014
1746,1014
13576,1014
2919,1014
36198,1014
15750,1014
29818,1014
8606,1014
28951,1014
28257,1014
24142,1014
21351,1014
32230,1014
32146,1014
30775,1014
16728,1014
915,1014
33180,1014
27963,1014
35346,1014
17319,1014
15517,1014
7718,1014
3386,152
10585,152
18025,152
30837,152
21744,152
8343,152
19104,152
28672,152
5768,152
2708,152
2087,152
27202,152
13359,152
2979,152
5191,152
24877,152
28197,39
8088,39
8314,39
1973,39
25938,39
18015,39
28090,39
21037,39
26284,39
24214,39
23114,39
25451,39
10938,39
27477,39
14686,39
25476,39
20792,39
8996,39
2313,39
18185,39
23204,39
297,39
24411,39
20828,39
10987,39
28709,39
14724,39
10996,39
15872,39
24332,39
28812,39
4309,39
26633,39
27028,39
8666,39
16348,39
7288,39
4326,39
15471,39
7506,39
6444,39
26895,39
5412,39
19613,39
198,39
15203,39
22818,39
17061,39
20801,39
10036,39
467,39
7811,39
27683,39
19265,39
26399,39
4288,39
24063,39
19917,39
9796,39
25768,39
32462,39
25897,39
22928,241
35475,241
15291,241
11004,241
18424,241
31673,241
23108,241
12615,241
2919,241
12093,241
13423,241
13512,241
34254,241
20397,241
4314,241
36210,241
28146,241
28146,241
30382,241
30391,241
22175,241
23793,241
1475,241
34186,241
2837,241
20120,1012
32146,1012
2414,1012
13068,1012
22753,1012
17997,1012
22405,1012
35748,1012
8845,1012
22405,1012
29211,1012
26527,1012
35748,1012
12093,1012
10615,1012
26527,1012
15876,1012
11887,1012
34986,1012
34986,1012
2015,1012
27669,1012
14543,1012
18223,1012
9853,1012
27669,1012
23863,1012
9696,1012
24987,1012
7819,1012
3203,1012
17651,1012
12463,1012
25370,1012
10705,1012
31381,1012
23355,1012
31463,1012
23355,1012
15203,1012
9283,1012
22220,1012
14616,1012
33979,1012
28195,1012
28195,1012
35682,1012
22527,1012
1752,1012
26203,1012
30642,1012
987,1012
26203,1012
19965,1012
27337,1012
15536,1012
7261,1012
7310,1012
23105,1012
22753,1012
15536,1012
16947,1012
15903,1012
15913,1012
15547,1012
18031,1012
13857,1012
24495,1012
1936,1012
15305,1012
16619,1012
35557,1012
36245,1012
17612,1012
12297,1012
13916,1012
18623,1055
34474,1055
980,1055
35370,1055
22056,1055
14797,1055
3825,1055
22864,1055
13478,1055
4180,1055
24155,1055
15068,1055
10839,1055
309,1055
26191,1055
25924,1055
7927,1055
21879,1055
7340,1055
22683,1055
27585,1055
26488,1055
3729,1055
17058,1055
18709,1055
25172,1055
9144,1055
28262,1055
32374,1055
1198,1055
23715,1055
21428,1055
30541,1055
14149,1055
29622,1055
31195,1055
23299,1055
21511,1055
20047,1055
21874,1055
9805,1055
830,1055
1095,1055
18477,1055
12353,1055
23242,1055
34247,1055
26472,1055
23139,1055
19005,1055
27150,1055
9104,1055
5053,1055
4256,1055
10852,1055
24734,1055
19595,1055
23430,1055
14284,1055
23668,1055
14302,1055
22701,1055
7450,1055
37453,1055
12630,1055
21591,1055
23098,1055
17087,1055
27844,1055
34577,1055
32331,1055
5010,1055
24190,1055
35682,1055
26619,1055
37934,1055
19886,1055
27142,1055
8330,1055
333,1055
32457,1055
37438,1055
3716,1055
25034,1055
24331,1055
33801,1055
9304,1055
17573,1055
998,1055
14194,1055
6635,1055
23888,1055
26697,1055
7943,1055
22912,1055
28647,1055
32222,1055
31445,1055
631,1055
32173,1055
2008,1055
22688,1055
17189,1055
22767,1055
29795,1055
10103,1055
26147,1055
2709,1055
26792,1055
5184,1055
31180,1055
30062,1055
20206,1055
27959,1055
31254,1055
37373,1055
37718,1055
34108,1055
25311,1055
8253,1055
23409,1055
33282,1055
27150,1055
35915,1055
35549,1055
31115,1055
19795,1055
561,1055
1191,1055
19914,1055
3976,1055
8603,1055
6997,1055
10574,1055
2364,1055
19764,1055
2822,1055
14,1055
244,1055
19709,768
1646,768
31444,768
20356,768
17841,768
35414,768
11662,768
30955,768
18484,768
2298,768
27519,768
3275,768
28543,768
37085,768
14432,768
24901,169
11378,169
29269,169
15160,169
18278,169
21085,169
26733,169
8496,169
1107,974
2933,974
2840,974
27862,974
26727,974
2554,974
2029,974
27542,974
20772,974
27221,974
16607,974
16908,974
12122,974
10962,974
29076,974
28610,974
32981,974
10765,974
13279,974
14052,974
37066,974
27498,974
8260,974
29948,974
31879,974
24175,974
28166,974
13447,974
27268,974
2192,974
30630,974
32137,974
19320,974
13447,974
2768,974
7181,974
5044,974
33651,974
35281,974
31348,974
13447,974
19413,974
34161,974
34161,974
19981,974
31271,974
34510,974
9030,974
15703,974
35330,974
27866,974
18215,974
35300,974
13972,974
25818,974
36368,974
11167,974
13106,974
35426,974
8137,974
7220,974
12895,974
30493,974
37071,974
32052,974
33259,974
3707,974
25703,974
188,899
31649,899
25036,899
12040,899
2738,899
21678,899
521,899
7210,899
18488,899
12139,899
35865,899
8338,899
14059,899
35865,899
11300,899
3894,899
3513,899
3580,899
9080,899
37587,899
27067,899
11651,899
14953,899
27560,899
7267,899
12924,899
24427,899
13199,899
15101,899
488,899
32773,899
31274,899
14503,899
37706,899
25195,899
2969,899
15201,899
16517,899
30366,899
1102,899
13141,899
10552,899
13430,899
9268,899
17847,899
1039,899
33483,899
15811,899
21368,899
14148,899
6379,899
7739,899
27090,899
1022,899
1612,899
18889,899
18889,899
23472,899
36438,899
4076,899
4633,899
7174,899
36223,899
37065,899
28697,899
30366,899
18519,899
1120,899
30879,899
25867,899
20237,899
27335,899
36856,899
30866,899
25838,899
22199,899
7562,899
17089,899
26550,899
9916,899
31600,899
29468,899
24535,899
37662,899
37662,899
24604,899
2821,899
19156,899
26435,899
26012,899
25817,899
29098,899
30788,899
30545,899
33223,899
23629,899
10482,899
10482,899
10482,899
10482,899
34667,899
34989,899
36221,899
35861,899
719,899
24424,899
33857,899
26865,899
31138,899
18847,899
27408,899
12297,899
26421,899
3771,899
21994,899
30366,899
34232,899
24376,899
30690,899
32035,899
17761,899
32651,899
35361,899
37636,899
37636,899
182,427
4964,427
30813,427
11616,427
4664,427
17521,427
10457,427
17464,427
8603,427
10614,427
9305,427
9524,427
1217,427
4362,427
35268,427
27174,427
30068,427
21634,427
28534,427
34102,427
1736,427
11668,427
30513,427
12413,427
23880,427
23012,427
27098,427
35351,427
32501,427
6789,427
5070,427
18500,427
3470,427
4932,427
22153,427
8713,427
25026,427
26364,427
15405,427
5620,427
22009,427
19938,427
13877,427
31560,427
30142,427
4989,427
21175,427
27176,427
3608,427
33497,427
4371,427
36610,427
26026,427
4255,427
23188,427
18726,427
7002,427
27958,427
3533,427
33020,427
54,427
32062,427
16321,427
9312,427
26026,427
33687,427
11338,427
21344,427
34523,427
5369,427
8756,427
13555,427
8149,427
11397,427
6440,427
20748,427
7344,427
32445,427
320,427
9204,427
15684,427
16321,427
15548,427
22158,427
1402,427
16685,427
34890,427
8125,427
13325,427
22255,427
22210,427
4321,427
32738,427
17838,427
11241,427
24233,427
26336,427
22255,427
31270,427
8675,427
13181,427
24925,427
19078,427
35211,427
23984,427
19207,427
22145,427
30108,427
37026,427
13956,427
4050,427
11684,427
12972,427
22587,427
30748,427
31996,427
25889,427
23046,427
28027,427
16851,427
21072,427
19383,427
33228,427
9844,427
29480,427
9307,427
4675,427
36189,427
1854,427
2511,427
32048,427
27461,427
16193,427
7341,427
15764,427
27063,427
34914,427
14938,427
31313,427
26901,427
29818,427
30866,427
11367,427
6010,427
18323,427
28456,427
17968,427
7305,427
30350,427
6014,427
17442,427
36625,427
22071,427
560,427
6979,427
32880,427
17415,981
37464,981
37704,981
7624,981
12452,981
11309,981
2160,981
3780,981
11666,981
13320,981
899,981
23174,981
8077,981
24428,981
464,981
21393,981
4417,981
12633,981
10687,981
12091,981
20722,981
2522,981
29415,981
11123,981
14342,981
2970,981
5229,981
26080,981
18220,981
14545,981
21492,981
37482,981
2370,981
28156,981
21889,981
37672,981
9451,981
9367,981
11813,981
35603,981
31777,981
768,981
22082,981
15787,981
9116,981
14545,981
17677,981
36005,981
36275,981
35963,981
6773,981
5664,981
11335,981
36507,981
13175,981
36533,981
11947,981
23626,981
37002,981
14976,981
2796,981
8661,981
7298,981
21419,981
35832,981
22993,981
37030,981
2140,981
275,981
14510,981
35414,981
3987,981
16914,981
34313,981
33043,981
17701,981
16372,981
33902,981
29579,981
20684,981
37314,981
17397,981
29384,981
18296,981
33902,981
18543,981
1889,981
21113,981
11950,981
31904,981
2847,981
32537,981
25809,981
11798,981
20223,981
28339,981
20056,981
37334,981
11656,981
9965,981
24847,981
37128,981
12265,981
12198,981
23154,981
15974,981
33591,981
22082,981
25743,981
10173,981
31847,981
37010,981
27063,981
29191,981
34665,981
9049,981
15361,981
25728,981
8011,981
32263,981
16038,981
27146,981
10884,981
8507,981
9705,981
24772,981
33228,981
22719,981
1939,981
20640,981
14169,981
6118,981
33238,981
29444,981
32482,981
13545,981
1674,981
2723,981
26001,981
26370,981
2111,981
20386,981
10063,981
25288,981
37607,981
25001,981
6439,981
6794,981
13782,981
31621,981
27521,981
30293,981
19159,981
11682,981
30975,981
24498,981
37234,514
34133,514
24692,514
11436,514
4828,514
2919,514
36652,514
21257,514
29742,514
11095,514
3476,514
10982,514
868,514
3320,514
20998,514
1569,514
36261,514
7243,514
8635,514
34506,514
35840,514
24909,514
31217,514
11915,514
10816,514
13048,514
10254,514
2752,514
17990,514
30733,514
24668,514
35518,514
30839,514
27542,514
35920,514
28063,514
27137,514
23872,514
29283,514
12034,514
33985,514
5902,514
32077,514
36556,514
36556,514
4828,514
21434,514
26190,514
7669,514
19818,514
29750,514
7584,514
19830,514
24739,514
2270,514
32230,514
26949,514
8761,514
27258,514
5733,514
3712,514
28480,514
20819,514
25931,514
22913,514
33931,514
18428,514
31519,514
26574,514
29692,514
2139,514
37090,514
2034,514
32513,514
6065,514
30142,514
1562,514
17837,514
33836,514
25512,514
28287,147
15563,147
6039,147
7929,147
359,147
22101,147
7289,147
16730,147
3505,147
17913,147
5542,147
17954,147
2131,147
5980,147
29327,147
26976,147
28948,147
3283,147
25047,147
19197,147
31747,147
2721,147
4274,147
25585,147
9643,147
28713,147
23419,147
482,147
16092,147
9337,147
33944,147
27462,147
6416,147
15466,147
25932,147
16672,147
5749,147
29241,147
24087,147
20100,147
20700,147
11940,147
374,147
8239,147
34225,147
32621,147
13052,147
16851,147
28907,147
34336,147
8602,147
16812,147
3054,147
14295,147
16719,147
937,147
5383,34
1229,34
19560,34
915,34
30431,34
9184,34
878,34
1936,34
7533,34
1070,34
377,34
14678,34
12976,34
18665,34
24627,34
17782,34
912,34
10831,34
10536,34
21189,34
17495,34
26004,34
29000,34
12451,34
17610,34
18625,34
12595,34
14894,34
10661,34
9394,34
9395,34
31514,34
23406,34
31463,34
3621,34
7871,34
11475,34
11475,34
17508,34
21227,34
24510,34
10833,34
26577,34
10720,34
2665,209
33920,209
35076,209
16146,209
2131,209
22756,209
11401,209
5857,209
31393,209
27297,209
30960,209
24928,209
33682,209
27958,209
20621,209
21961,209
13163,209
28413,209
14129,209
28034,209
6543,209
12056,209
552,209
32932,209
10911,209
8593,209
21278,209
6459,209
941,209
7947,209
2922,209
2797,209
5669,715
1551,715
10857,715
7219,715
726,715
2566,715
32113,715
31738,715
16129,715
14493,715
14312,715
5074,715
1259,715
13163,715
20632,715
15201,715
37414,715
9976,715
2855,715
34107,715
5949,0
6506,0
8869,0
617,0
197,0
575,0
3850,0
18664,0
1104,0
3272,0
18178,0
5350,0
1307,0
1068,0
11959,709
2200,709
22544,709
6046,709
1739,709
8238,709
17710,544
20645,544
3443,544
28908,544
16048,544
15530,544
5559,544
15808,544
22051,544
36991,544
18687,544
2263,544
328,544
1352,544
11081,544
15100,544
1111,544
465,544
1760,544
30195,544
12878,544
19344,544
848,544
18184,544
851,544
25158,544
19774,544
19155,544
21437,544
16994,544
28531,544
13789,544
19815,544
36311,544
22099,544
4403,544
9957,544
34679,544
23328,544
3017,544
8725,544
15636,544
19481,544
10664,544
35297,544
30127,544
17351,544
5541,544
4329,544
23201,544
742,544
3330,544
413,544
1991,544
34393,544
1393,544
31572,544
7187,544
19513,544
27295,544
1356,544
27460,544
9491,544
8063,544
4463,544
21577,544
30471,544
35348,544
27047,544
22583,544
20452,544
21302,544
33939,544
3554,544
7683,544
23060,544
28428,544
7856,544
1521,544
19814,544
37069,544
694,544
30286,544
35454,544
6251,544
8675,544
37048,544
9025,544
15021,544
4723,544
22716,544
17285,544
30482,544
12937,544
20180,544
19824,544
6640,544
7444,544
21595,544
20693,544
2044,544
20002,544
9035,544
7851,544
12725,544
34868,544
12614,544
17016,544
16181,544
18317,544
18286,544
19811,544
31099,544
23256,544
16893,544
17414,544
22319,544
32825,544
21922,544
11559,544
4368,544
20479,544
26993,544
20762,544
24489,544
4749,544
36128,544
18053,544
15866,544
26465,544
17675,544
11316,544
29569,544
17543,544
21199,544
4398,544
19380,544
23857,544
2388,544
17456,544
6737,544
36136,544
16069,544
688,544
31172,544
6829,544
13246,544
684,544
14697,544
23863,544
32192,544
12728,544
17714,544
24263,544
17522,544
27870,544
15599,544
10448,544
4757,544
13362,544
21238,544
5104,544
5849,544
14385,544
15228,544
619,544
11386,544
35566,544
22715,544
1279,544
12771,544
19755,544
28238,544
11019,544
20015,544
982,544
24317,544
23058,544
1314,544
2132,544
4573,544
8017,544
23719,544
21442,544
5629,544
17144,544
17481,544
18518,544
30319,544
36873,544
11173,544
12245,544
22583,544
20283,544
22028,544
25301,544
22321,544
17546,544
9100,544
1390,544
18346,544
14519,544
27734,544
15105,544
28809,544
32824,544
18731,544
2577,544
7348,544
16343,544
14245,544
27087,544
20795,544
36581,544
26975,544
13903,544
18674,544
34888,544
6095,544
15572,544
16270,544
24629,544
9550,544
34925,544
22583,544
34925,544
34925,544
24921,544
22789,544
26345,544
20466,544
13185,544
24302,544
35581,544
30796,544
34907,544
8944,544
18051,544
1896,544
6063,193
13625,193
2204,193
21016,193
2435,193
36150,193
1944,193
2170,193
22033,193
22124,193
15888,193
4708,193
10374,193
5492,193
32146,193
12973,193
548,193
12762,193
12335,193
3078,193
3535,193
10683,193
2643,193
29371,193
18754,193
22435,193
13000,193
8693,193
21982,193
17464,193
1384,193
32139,193
8024,193
29814,193
3311,193
21014,193
14532,193
14222,193
28187,193
26187,193
35725,193
5856,193
9054,193
726,193
36123,193
5352,193
5590,193
20394,193
14222,193
15686,193
14251,193
19978,193
14483,193
13281,193
26169,193
3822,193
24571,193
20309,193
30957,193
31435,193
14858,193
6261,193
8630,193
26985,193
11660,193
8976,193
9845,193
17755,193
4067,193
34220,193
35072,193
34731,193
30881,193
9747,193
34256,193
12808,193
13702,193
17379,193
357,193
6462,193
5547,193
16946,193
28860,193
34033,193
12807,193
5510,193
29498,193
10294,193
17604,193
13579,193
4083,193
17489,193
21528,193
26514,193
16367,193
33703,193
6047,193
21397,193
20992,193
34310,193
25032,193
36029,193
35108,886
26877,886
32580,886
36869,886
12680,886
122,886
122,886
12375,886
23268,886
35907,886
6464,886
37774,886
33131,886
22594,886
7937,886
8754,886
34236,886
17810,886
22132,886
34748,886
24669,886
37036,886
27501,886
7678,886
26738,886
20513,886
12098,886
36563,886
359,886
17993,886
4559,886
34415,886
4559,886
4711,886
11669,886
21790,886
2742,886
36752,886
31770,886
12933,886
6455,886
32559,886
8806,886
16919,886
14878,886
5203,886
26312,886
9536,886
37779,886
23266,886
33921,886
2967,886
29235,886
8510,433
34590,433
19055,433
36502,433
7355,433
27659,433
29635,433
27098,433
16591,433
19889,433
8776,433
8257,433
31984,433
33437,433
5659,433
37094,433
5631,433
25069,433
4155,433
18620,433
25617,17
30724,17
23022,17
23911,17
26099,17
26858,17
26099,17
7154,17
29094,17
16728,17
9729,17
27417,17
21753,17
29364,17
29000,17
15415,17
7506,17
14921,17
27330,17
27330,17
27188,17
8706,17
6153,17
13948,17
20355,17
9936,17
25612,17
25612,17
19204,17
4314,17
21890,17
28218,17
14038,17
4314,17
21890,17
28218,17
28218,17
8547,17
28218,17
29736,17
27550,17
5373,135
13181,135
25894,135
12229,135
33740,135
2144,135
25737,135
21091,135
1114,135
3857,135
16467,135
14704,135
23068,135
4372,135
18170,135
5718,135
12120,135
18959,135
19367,135
10585,135
33500,135
25575,135
26074,135
16709,107
17219,107
31162,107
11291,107
32832,107
32946,107
32832,107
32832,107
33984,730
13500,730
23826,730
14322,730
20395,730
17110,730
32143,730
8948,730
30201,730
17012,730
33302,730
29602,730
21171,730
22941,730
10022,730
19832,730
18238,730
15635,730
6402,730
31295,730
10318,730
26991,730
34729,730
22281,730
25357,730
33668,730
3613,730
1170,730
33193,730
33415,730
8527,730
15699,730
27879,730
28909,730
14753,730
20259,730
20259,730
30207,730
4049,33
12249,33
30720,33
22211,33
9072,33
16707,33
19835,33
1167,33
10938,33
5098,33
20199,33
18733,33
9718,33
30898,33
12632,33
1619,33
1930,33
18142,33
27175,33
1619,33
20076,33
18185,33
26039,33
9230,33
18112,33
19030,33
10179,33
28024,33
11825,33
9857,33
3470,33
28812,33
29203,33
4748,33
23204,33
32001,33
22432,33
3071,33
26633,33
18625,33
8115,33
200,33
26938,33
6992,33
25450,33
13849,33
7506,33
10921,33
22510,33
25117,33
25079,33
8526,33
25055,33
5036,33
21781,33
8231,33
20050,33
17061,33
10541,33
2615,33
17621,33
15527,33
7286,33
4263,33
4043,33
16460,33
24267,33
500,33
5376,33
24316,33
18518,33
18716,33
14800,924
26355,924
9734,924
23522,924
9461,924
6007,924
11016,924
25805,924
34687,924
22657,924
17945,924
25805,924
22369,924
23020,924
34473,924
14710,924
17945,924
4041,924
30094,924
22369,924
12488,924
4761,924
3069,924
13908,924
30115,924
19868,924
32808,924
8563,924
7731,924
30991,924
8782,924
9011,924
26820,924
14063,924
35550,924
35828,924
5536,924
11324,924
23177,924
29160,924
4967,924
11108,924
11710,924
12687,924
25343,924
9211,924
11850,924
4641,924
2376,924
2258,924
34232,924
7206,924
21153,79
8791,79
26875,79
21654,79
6704,79
23828,79
32286,79
22972,79
10520,60
4028,60
28674,60
30969,60
4437,60
5927,60
2290,60
29611,60
9276,60
32352,60
32352,60
10520,60
29745,60
5762,60
6721,60
8947,60
21461,60
28162,60
8714,60
22187,60
10299,60
15341,60
21186,60
22894,60
2165,60
25629,60
22748,60
31530,60
9780,60
18963,60
22741,60
15502,60
9238,60
26197,60
9238,60
10854,60
28100,60
5653,60
28058,60
29087,60
31742,60
33004,60
29274,60
20881,60
14683,60
26957,60
13900,60
32395,60
32596,60
32840,60
2029,60
18914,60
23477,60
15379,60
26437,60
17612,60
13503,60
8858,60
1228,60
32405,60
28035,60
3642,60
22926,60
25422,60
1296,60
29994,60
8867,60
21015,60
21260,60
2510,60
29045,60
24541,60
6837,60
15772,60
26587,60
17268,60
22757,60
11227,720
16433,720
9337,720
19866,720
8444,720
11693,720
11533,720
10291,720
13589,720
57,720
3305,720
22760,720
3305,720
10069,720
14994,720
16406,720
2772,720
30562,720
17697,720
21423,720
29287,322
14491,322
22880,322
17708,322
6130,322
22197,322
12568,322
911,322
21233,322
1833,322
3307,322
6005,322
30783,322
1016,322
35074,322
33421,322
4388,322
14331,322
9019,322
9019,322
33429,322
24139,322
2395,322
6468,322
499,322
11887,322
15021,322
22138,322
33429,322
2866,322
26560,322
2919,322
31753,322
263,322
8603,322
1947,322
7641,322
12038,322
21510,322
3455,322
27042,322
10162,322
2974,322
3875,322
634,322
31101,322
4400,322
14739,322
35913,322
7290,322
19440,322
12257,322
27499,322
13347,322
14163,322
21945,322
9898,322
34568,322
21182,322
29896,322
274,322
20321,322
31220,322
15216,322
20690,322
21381,322
9862,322
9531,322
13560,322
24233,322
33228,322
26590,322
31096,322
11894,322
4469,322
9847,322
32834,322
700,322
22262,322
18746,322
9847,322
21997,322
32285,322
31092,322
27166,322
31097,322
10824,322
22145,322
11397,322
34417,322
30272,322
16200,322
1364,322
7886,322
5647,322
30736,322
12972,322
1857,322
1939,322
7566,322
866,322
1552,322
6391,322
2226,322
36477,322
8042,322
18504,322
6064,322
3444,322
27101,322
23384,322
27233,322
37690,973
34761,973
30580,973
28469,973
35820,973
33099,973
28861,973
33693,973
32033,973
37249,973
37181,973
15280,973
11327,973
13621,973
16443,973
37576,973
37261,973
16042,973
15491,973
30002,973
23615,973
18199,973
29310,973
31263,973
37873,973
11368,973
30472,973
34637,973
36691,973
18950,973
13096,973
21259,973
2527,973
24808,973
31836,973
21739,973
29690,973
37776,973
38063,973
34086,973
37544,973
37386,973
37696,973
28777,530
2217,530
5691,530
16912,530
26747,530
10045,530
18333,530
1025,530
1521,530
21557,530
16840,530
21353,530
9491,530
37152,530
19963,530
4026,530
14472,530
21972,530
918,530
35639,530
16307,530
37002,530
9983,530
2396,530
1501,530
28531,530
9673,530
9556,530
32942,530
3788,530
29323,530
18874,530
6108,530
3297,530
21288,530
20641,530
351,530
21519,530
3191,530
8085,530
9975,530
7443,530
13836,530
37435,530
16824,530
10414,530
15530,530
28829,530
10997,530
8921,530
7606,530
2791,530
4514,530
8205,530
9407,530
10745,530
21019,530
2918,530
12507,530
4369,530
11477,530
13516,530
8287,530
31189,530
21516,530
1761,530
7194,530
11885,530
27609,530
15508,530
8023,530
10653,530
17408,530
5855,530
29332,530
17315,530
33750,530
503,530
12641,530
1012,530
36905,530
18702,530
18802,530
7879,530
11815,530
18034,530
6733,530
14922,530
4685,530
32819,530
6430,530
1495,530
9988,530
6358,530
3023,530
3874,530
22801,530
34199,530
14242,530
32093,530
9209,530
180,530
21822,530
21503,530
4856,530
32432,530
642,530
6315,530
19344,530
18081,530
23455,530
19118,530
21302,530
26334,530
24199,530
10600,530
12206,530
19016,530
21299,530
22859,530
2612,530
13773,530
7185,530
17106,530
9610,530
27212,530
5329,530
5196,530
35414,530
33894,530
7728,530
23962,530
4056,530
8637,530
12579,530
813,530
7542,530
20590,530
993,530
22634,530
22796,530
30876,530
8799,530
991,530
32106,530
3793,530
28298,530
18050,530
4254,530
6995,530
15572,530
19580,530
639,530
29526,530
6484,530
34302,530
3461,530
34158,530
28579,530
7913,530
9957,530
10774,530
15195,530
23573,530
20563,530
20799,530
24253,530
28927,530
25322,530
4734,530
34738,530
10500,530
37123,530
29792,530
19702,530
17016,530
8446,530
33386,530
32097,530
13779,530
2138,530
30874,530
2138,530
24704,530
959,530
11389,530
11440,530
2138,530
19663,530
9555,530
2674,530
27875,530
20180,530
21181,530
1105,530
31045,530
12042,530
31523,530
19637,530
7862,530
23354,530
7169,530
30441,530
7169,530
29547,530
36754,530
12448,530
5356,530
21671,530
10054,530
1889,530
32824,530
14119,530
37341,530
29842,530
24340,530
814,530
30714,530
18090,530
33138,530
37448,725
14925,725
23676,725
652,725
19379,725
2400,725
6405,725
30893,725
24315,725
5896,725
22456,725
6309,725
6488,725
22456,725
30364,725
27686,725
30526,725
20328,725
1501,725
30526,725
25552,725
2398,725
33363,725
37433,725
16184,725
4052,725
31132,725
26880,725
32512,312
3780,312
12083,312
2115,312
29075,312
12291,312
34980,312
15140,312
22638,312
4389,312
22009,312
23837,312
7135,312
30566,312
17525,312
8079,312
2965,312
16446,312
21055,312
14975,312
34549,312
32918,312
20533,312
22615,312
17387,312
1148,312
10737,312
11887,312
7941,312
18813,312
27107,312
15982,312
35250,312
22210,312
11849,312
27241,312
15526,312
5993,312
6138,312
9305,312
31145,312
31279,312
31810,312
8735,312
35916,312
4880,312
12115,312
6648,312
32368,312
29130,312
30343,312
9825,312
34867,312
34851,312
10465,312
13956,312
9322,312
28361,312
5189,312
17779,312
23358,312
6073,312
31996,312
17442,312
29513,312
29504,312
33155,312
34012,399
19671,399
25123,399
18218,399
29009,399
33870,399
14033,399
31522,399
34971,399
4761,399
11258,399
26730,399
15291,399
19524,399
12489,399
10113,399
1930,399
22089,399
4017,399
17320,399
26962,399
17521,399
19160,399
10445,399
17568,399
28195,399
20169,399
21617,399
6620,399
19156,399
32552,399
36779,399
29558,399
26294,399
19109,399
11020,399
6628,399
36779,399
29903,399
32722,399
4985,399
19867,399
28351,399
6279,399
9714,399
25582,399
23983,399
952,399
13882,399
34695,399
35633,399
36022,399
7362,399
21515,399
4638,399
36915,399
4731,399
35277,399
28333,399
3389,399
6106,399
24042,399
13735,399
13796,399
222,399
27497,399
1873,399
6722,399
22901,399
30095,399
4788,399
20001,399
12460,399
35556,399
2352,399
5159,399
26033,399
17754,399
13870,399
1895,399
12664,399
37020,399
10766,399
31292,399
31809,399
882,399
22195,399
16196,399
29028,399
31449,399
32379,399
33547,399
6455,399
8370,399
34478,399
15552,399
8647,399
12014,399
226,399
5484,399
28576,399
5253,399
4233,399
24889,399
7602,399
15812,399
35510,399
32519,399
23808,399
31285,399
30784,399
30057,399
1741,399
213,399
27745,399
35563,399
25574,399
15977,399
17787,399
1319,399
19613,399
22267,399
17391,399
11759,399
11858,399
18716,399
20051,399
27407,399
34016,399
35835,399
23696,399
29305,399
23143,399
21161,399
32935,399
6429,399
14940,399
216,399
26238,399
2879,399
21113,399
11262,399
33177,399
35517,399
22340,399
37273,399
1818,399
1125,399
20122,399
20113,399
25348,399
4856,399
2562,399
23924,399
26262,399
14767,399
10443,399
27129,399
12267,399
9042,399
10184,399
34886,399
34759,399
21645,399
21971,399
30418,399
8938,399
5347,399
13369,399
37043,399
3351,399
10622,399
1851,399
26055,399
9837,399
2050,399
36803,399
2488,399
1573,399
18859,399
8881,399
9711,399
28279,399
15160,399
31128,399
638,379
1143,379
7358,379
31528,379
9870,379
19148,379
19407,379
28312,379
7659,379
3435,379
22758,379
9054,379
1595,379
35381,379
9238,379
3086,379
1953,379
4110,379
180,379
16122,379
6975,379
24683,379
27667,379
9309,379
14159,379
14384,379
1989,379
16442,379
2503,379
25666,379
33032,379
26742,379
21655,379
25043,379
19569,379
1986,379
29995,379
23103,379
15368,379
3362,379
6103,379
1231,379
9061,379
16600,379
33952,379
32059,379
32579,379
3298,379
19319,379
24665,379
35058,379
36774,379
32395,379
623,379
3077,379
11875,379
14555,379
14555,379
26684,379
28246,379
1889,379
20005,379
32413,379
15070,162
31389,162
25910,162
27300,162
27346,162
10602,162
15832,162
26613,162
30040,162
11864,162
17041,162
28151,162
31898,162
29929,162
25838,162
26867,162
7053,162
30502,162
33822,162
18832,162
7406,804
18202,804
33952,804
29785,804
9110,804
35437,804
20126,804
18528,804
15533,804
11215,804
21693,804
2844,804
7284,804
13028,804
34045,804
10432,804
34045,804
36463,804
34045,804
36993,804
30746,804
30598,804
7862,804
27951,804
19437,804
2960,804
25676,804
15529,804
5114,804
34045,804
18634,804
32371,804
33685,804
3144,804
14035,804
14050,804
8809,804
5744,804
27973,804
32716,804
4311,485
11439,485
5946,485
30945,485
13605,485
29213,485
24646,485
17347,485
8965,485
21758,485
17198,485
30289,485
4624,485
15942,485
30794,485
21001,485
13095,485
24006,485
3172,485
36529,485
7506,485
35843,485
35843,485
30173,485
24945,485
19409,485
26855,485
12765,485
6226,485
34166,485
19412,485
10599,485
26404,485
17825,485
29145,191
11553,191
29806,191
1957,191
20928,191
26866,191
3401,191
23784,191
14905,191
23860,191
19699,191
20794,191
11537,191
4240,191
479,191
20469,191
12003,191
26143,191
6936,191
10548,191
34088,191
26951,191
17263,191
10889,191
12304,191
31639,191
8024,191
8976,191
32023,191
31971,191
15681,191
23040,191
22527,191
26688,191
32821,191
23976,191
26978,191
266,191
9696,191
22246,191
14894,191
12467,191
19194,191
24772,191
26688,191
23041,191
21261,191
4639,191
25253,191
16456,191
6265,191
34833,191
5770,191
21620,191
2267,191
12143,191
31144,191
33481,191
34356,191
23696,191
37147,466
36313,466
18049,466
13163,466
18030,466
26218,466
29847,466
27546,466
36319,466
27426,466
22420,466
22681,466
29094,466
14169,466
26229,466
33522,466
33783,466
19706,466
34173,466
1696,466
30510,466
28031,466
1038,466
37160,466
30111,466
32496,466
33176,466
32735,466
7404,466
37191,466
34182,466
4560,466
34462,466
28424,466
27973,466
18933,466
24238,466
13072,466
26103,466
2045,466
9509,598
10439,598
8978,598
12237,598
9538,598
25128,598
10610,598
3186,598
7456,598
4199,598
16882,598
4650,598
7148,598
11526,598
4750,598
16238,598
3961,598
13087,598
19447,598
32341,598
1153,598
3405,598
6130,598
379,598
26124,598
25523,598
34956,598
18094,598
13925,598
14113,598
26819,598
15981,598
16015,598
3310,598
16379,598
10670,598
19637,598
26385,598
1533,598
4269,598
16307,598
36841,598
24378,598
34396,598
1335,598
16021,598
10813,598
2607,598
25876,598
34685,598
9659,598
4952,598
31900,598
1148,598
1100,598
26284,598
3643,598
28768,598
6965,598
17879,598
21527,598
21116,598
9968,598
35130,598
37355,598
7431,598
16523,598
36766,598
31997,598
20938,598
24739,598
19731,598
22314,598
28827,598
20594,598
36961,598
32574,598
19177,598
16627,598
34633,598
37170,598
26095,598
16442,598
27590,598
14571,598
27040,598
27653,598
31614,598
10603,598
31340,598
25526,598
35913,598
2722,598
12553,598
14338,598
24067,598
1240,598
17985,598
19967,598
14881,598
11763,598
6252,598
13091,598
25576,598
5115,598
22643,598
19866,598
1676,598
3122,598
31184,598
20579,598
15338,598
12189,598
25028,598
31731,598
28908,598
4800,598
16827,598
27074,598
3597,598
16698,598
25957,598
31675,598
37010,598
33032,598
22741,598
36247,598
27390,598
18407,598
34824,598
9089,598
37024,598
418,598
11772,598
21752,598
19126,598
26078,598
2300,598
27670,598
24221,598
30077,598
36643,598
5415,598
17054,598
25115,156
28633,156
29529,156
5448,156
5980,156
1780,156
29145,156
20822,156
11238,156
4143,156
16572,156
15334,156
31360,156
19903,156
30638,156
9371,156
21395,156
12516,156
6936,156
4290,156
9113,156
28934,156
26823,156
23219,156
21544,156
27472,156
11462,156
6943,156
14799,102
27375,102
19046,102
28011,102
21995,102
14629,102
29229,102
13312,102
25004,102
13446,102
29309,102
28125,102
28125,102
14569,751
18180,751
35482,751
7755,751
17439,751
27634,751
11391,751
17694,751
11178,751
2606,751
10707,751
29237,751
33473,751
22964,751
8236,751
28679,751
29801,751
34617,751
33319,751
19459,751
13697,751
7524,751
7897,751
22809,751
33121,751
36314,751
11447,751
13110,751
13274,751
8416,751
3896,751
18435,569
20063,569
25122,569
21559,569
6142,569
35014,569
8135,569
26385,569
15925,569
11347,569
21053,569
6644,569
2726,569
28745,569
12173,569
26497,569
21625,569
4199,569
14245,569
16343,569
25886,569
32252,569
36924,569
16604,569
33314,569
10092,569
3315,569
9265,569
7365,569
21147,569
14851,569
24169,569
24413,569
9566,569
28971,569
10774,569
29547,569
6408,569
27668,569
31375,569
15607,569
5535,569
36680,569
10297,569
2968,569
31645,569
35955,569
11219,569
18511,569
21322,569
29359,569
32461,569
16113,569
37435,569
28974,569
33523,569
16927,569
17614,569
17553,569
28033,569
33751,569
30837,569
3268,569
12729,569
32093,569
9874,569
30058,569
36570,569
14619,569
23657,569
18309,569
16523,569
31885,569
18127,569
33320,569
31947,569
1815,569
33702,569
26465,569
15790,569
10981,569
19741,569
3553,569
8290,569
34540,569
24307,569
28768,569
21895,569
7743,569
23136,569
35902,569
30298,569
19454,569
7739,569
36737,569
2960,569
32063,569
24431,569
27135,569
24484,569
21546,569
13397,569
28369,569
17658,569
33758,569
32629,569
23827,569
34296,569
16577,569
35414,569
26880,569
33418,569
3787,569
9544,569
24779,569
240,569
12546,569
6315,569
20717,569
18849,569
12469,569
17541,569
4062,569
13297,569
34589,569
30797,569
33893,569
27645,569
28384,569
24110,569
13760,569
14792,569
34810,569
16638,569
14507,569
14243,569
10543,569
14133,569
18229,569
19733,569
8580,569
25581,569
31815,569
26172,569
23064,569
20510,569
12982,569
22069,569
21919,569
7972,569
26246,569
31025,569
5447,569
36271,569
32395,569
18971,569
2690,569
30805,569
11466,569
23092,569
16851,569
23342,569
23955,569
26014,569
5587,569
7001,569
29661,569
13626,569
1305,569
2078,569
15016,569
31515,569
7905,569
18686,569
31830,569
27229,569
6552,569
28140,569
35111,569
14981,569
34529,569
4562,569
9156,569
25780,569
5532,569
22453,569
11333,569
4580,569
33217,569
11754,569
7493,569
30717,569
1601,569
8422,569
30714,569
27969,569
8081,569
21002,569
4293,569
36667,569
30264,569
32740,569
28512,569
14989,569
20472,569
14409,569
23641,569
14796,569
14932,569
18825,569
17854,569
11810,569
18839,569
20340,569
35123,569
37140,569
37316,569
22341,569
13560,569
700,569
3461,569
15503,377
20774,377
25168,377
23909,377
30673,377
2409,377
16785,377
8929,377
29936,377
11702,377
27995,377
10693,377
303,377
303,377
13427,377
22244,377
6039,377
21725,377
8692,377
2583,377
16356,377
11141,377
4460,377
32005,377
11338,377
7157,377
34048,377
31560,377
23325,377
1556,377
6104,377
34696,377
19648,377
11562,377
27067,377
13427,377
22808,377
4382,377
12994,377
1251,377
21680,377
8822,377
29687,377
25838,377
2700,708
16784,708
23512,708
25332,708
21889,708
12439,708
6011,708
3429,708
3429,708
13045,708
30886,708
15802,708
16861,708
4473,708
27591,708
24121,708
11341,750
1178,750
18505,750
14327,750
2606,750
2487,750
22384,750
7016,750
27803,750
29651,750
20863,750
7944,750
32220,750
30566,750
13514,750
35573,750
3614,750
13934,750
25427,750
36488,750
4506,750
6680,750
5198,750
7809,750
7161,750
18481,750
33046,750
12125,750
2329,750
5408,750
33024,750
25211,750
3839,750
19393,750
32979,750
36980,750
4311,750
253,750
20609,750
9850,750
18867,750
2511,750
33703,750
9784,750
28930,750
30096,750
9595,750
11431,750
30282,750
130,750
30282,750
23963,750
12424,750
16962,750
36171,750
25837,750
2210,750
34776,750
23638,750
3517,750
36417,750
12521,750
37219,750
30079,750
7526,750
15972,750
28710,750
10820,750
14394,750
20044,750
35116,750
17905,750
30900,655
12254,655
32017,655
22431,655
20631,655
9111,655
15970,655
19764,655
29880,655
26622,655
19755,655
33755,655
13822,655
18946,655
11562,655
7028,655
12094,655
925,655
8198,655
3746,655
7907,655
16436,655
5749,655
6175,655
22737,655
19562,655
20518,655
14739,655
13919,655
30306,655
4941,655
15773,655
14789,655
25400,655
5546,655
25274,655
35945,655
16620,655
46,655
11930,655
5707,655
18377,655
18968,655
21409,655
11570,655
7660,748
1035,748
18602,748
19794,748
18232,748
19873,748
3727,748
26476,748
12609,748
5034,748
11069,748
21414,748
36108,748
32427,748
12807,748
32427,748
36915,748
11581,748
6478,748
21328,748
266,748
19877,748
23293,748
12208,748
5345,748
12138,748
692,748
3546,748
573,748
5034,748
5034,748
21733,748
35917,1049
35475,1049
1157,1049
19930,1049
29200,1049
7189,1049
22183,1049
7786,1049
30397,1049
1076,1049
8925,1049
1236,1049
24472,1049
5247,1049
31933,1049
32996,1049
27024,1049
16315,1049
21326,1049
31658,1049
34949,1049
2660,1049
16703,1049
6636,1049
15692,1049
13228,1049
1745,1049
7939,1049
29502,1049
1369,1049
20328,1049
3670,1049
5585,1049
12058,1049
25958,1049
37507,1049
17133,1049
4765,1049
3343,1049
33840,1049
34539,1049
7954,1049
34440,1049
16813,1049
34893,1049
13019,1049
12643,1049
34380,1049
33482,1049
21094,1049
21384,1049
26403,1049
12653,1049
13433,1049
37440,1049
19628,1049
739,1049
33176,1049
28280,1049
12454,1049
11396,1049
14705,1049
27343,1049
36485,1049
22878,1049
18007,1049
10585,1049
1830,1049
25334,1049
32545,1049
31158,1049
18100,1049
16367,1049
14484,1049
11632,1049
29911,1049
29238,1049
5359,1049
27652,1049
30164,1049
28245,1049
8014,1049
20903,1049
27485,1049
28637,1049
13448,1049
22083,1049
20054,1049
21252,1049
8930,1049
30995,1049
1137,1049
11633,1049
5805,1049
23936,1049
10139,1049
11725,1049
27081,1049
9443,1049
2492,1049
27559,1049
6244,1049
504,1049
11638,1049
26599,1049
34824,1049
29103,1049
11082,1049
29103,1049
358,1049
37385,1049
11725,1049
17570,1049
20006,1049
30023,1049
30023,1049
26060,1049
8113,1049
25052,1049
25391,1049
34900,1049
14436,1049
30769,1049
30769,1049
15344,1049
36763,1049
27349,1049
22431,1049
18608,1049
16444,1049
31580,1049
16487,1049
24293,1049
29954,1049
18348,1049
34077,1049
27525,1049
28118,1049
32576,1049
654,1049
16179,1049
35582,1049
31864,1049
34232,1049
37048,1049
21468,1049
19511,1049
35582,1049
6964,1049
15033,1049
15836,1049
292,1049
15209,1049
29723,1049
33292,1049
36591,1049
24137,1049
20327,1049
17972,1049
9904,1049
22214,1049
17429,1049
37084,1049
24938,1049
6368,1049
16276,1049
27858,1049
7621,1049
4234,1049
24726,1049
22012,1049
24591,1049
10529,1049
29222,1049
18721,1049
11916,1049
4696,1049
3699,1049
27897,1049
4696,1049
8546,1049
12000,1049
14127,1049
22907,1049
14127,1049
11908,1049
27115,1049
22187,1049
21077,1049
6573,1049
34963,1049
37485,1049
7628,1049
30700,1049
11086,1049
10731,1049
18006,1049
1497,1049
31411,1049
22062,1049
13012,1049
6616,1049
31974,1049
3575,1049
31411,1049
10532,1049
4353,1049
32820,1049
3391,1049
5728,1049
20221,1049
7498,1049
28723,1049
7889,1049
2505,1049
16344,1049
601,1049
6859,1049
16344,1049
34823,1049
31669,1049
7437,1049
8260,1049
36885,1049
34867,1049
3153,1049
3153,1049
3373,1049
29749,1049
29827,1049
19443,1049
6828,1049
4946,1049
6821,1049
28717,1049
34953,1049
21014,1049
28504,1049
6198,1049
26175,1049
24578,1049
21462,1049
22322,1049
2407,1049
33108,1049
16791,1049
36527,1049
21834,1049
32070,1049
35839,1049
31933,1049
16992,1049
34381,1049
24716,1049
18459,1049
24716,1049
17548,1049
423,1049
15270,1049
28881,1049
35829,1049
26927,1049
5965,1049
5080,1049
1305,1049
16813,1049
5080,1049
3952,1049
15422,1049
31472,1049
14497,1049
18889,1049
31440,1049
11236,1049
3171,1049
1910,1049
1466,1049
12879,1049
1642,1049
1423,1049
3936,1049
1685,1049
26042,1049
10789,1049
16943,1049
1423,1049
3942,1049
7739,1049
31577,1049
11331,1049
17654,1049
11331,1049
17654,1049
30767,1049
33879,1049
22267,1049
13855,1049
11051,1049
32994,1049
32994,1049
14064,1049
31670,1049
32559,1049
19749,1049
16206,1049
16206,1049
16885,746
33415,746
20308,746
22732,746
8120,746
19007,746
32784,746
32784,746
14902,746
16294,746
16150,746
16570,746
2133,640
8166,640
6576,640
27409,640
12627,640
13480,640
27853,640
28157,640
28157,640
37435,640
11288,640
27220,640
6042,640
17698,640
16524,640
21971,640
25254,640
9741,640
29673,640
5875,640
29726,640
31246,640
33539,640
2946,640
7847,640
5666,640
33155,640
17616,640
35705,640
27796,640
26384,640
22483,640
22483,640
25265,640
5666,640
25265,640
21778,640
20944,640
13181,640
12193,640
15088,640
27810,640
21267,640
15088,640
29092,640
37201,640
24744,640
8931,640
5853,640
36632,640
6676,640
21069,640
1245,640
20896,640
8226,640
28290,640
8226,640
36328,640
9212,640
19491,640
4567,640
19491,640
34463,640
26632,640
32422,640
31139,640
15650,640
30590,640
21463,640
25265,640
6652,640
12879,640
35596,640
28252,640
30258,640
10553,640
4567,640
16819,640
17878,640
12634,640
12634,640
17735,640
17735,640
5245,640
3065,273
14038,273
27083,273
1469,273
23844,273
7327,273
13355,273
906,273
24530,273
21299,273
33711,273
18572,273
4674,273
7737,273
7250,273
23025,273
1837,273
24885,273
36505,273
27940,273
131,273
6181,273
24830,273
12044,273
14511,273
8293,273
9099,273
24654,273
27083,273
27942,273
1424,273
12732,273
2262,273
19453,273
2419,273
12044,273
26918,273
4450,273
30672,273
18175,273
17880,273
25740,273
7250,273
7171,273
13592,273
18836,273
598,273
17152,273
3254,273
1477,273
2617,273
1371,273
33315,273
17126,273
33315,273
14864,273
7837,273
2780,273
264,273
14570,273
26357,273
12986,273
27993,273
4370,273
33315,273
33594,273
1565,273
32883,273
5766,273
18432,273
15398,273
4244,273
7743,273
9914,273
30457,273
7992,273
8559,273
17224,273
34188,273
35868,273
25169,273
19136,273
19136,273
31822,273
7595,273
9238,273
23878,273
6653,273
11145,273
12814,273
7512,273
3374,273
27572,273
5601,273
28568,273
33910,273
9814,273
7428,273
19730,273
2696,273
23392,273
25596,273
28988,273
7888,273
22018,273
22620,273
7715,273
18526,273
25307,273
22274,273
34097,273
19280,273
5407,273
36569,273
25165,273
13891,273
9222,273
30676,273
28374,273
8409,273
25931,273
18852,273
9325,273
5672,273
1436,273
326,273
25959,273
13359,273
19117,273
33933,273
29656,273
24574,273
2575,273
3127,273
18620,273
4517,273
27929,273
29230,273
10004,273
5449,273
21603,273
985,273
985,273
6919,273
15476,273
28212,273
6771,273
21049,273
8934,273
985,273
33315,273
4028,273
27993,273
24221,273
6771,273
33315,273
6237,273
32638,273
3531,273
10148,273
8787,273
10581,273
15263,273
23132,273
33315,273
23321,273
15041,273
2538,273
24562,273
7250,273
11582,273
20427,86
28275,86
22004,86
16680,86
8604,86
6199,86
17296,86
12178,86
27326,86
4170,86
33443,86
7897,86
29940,86
7409,86
26595,86
22292,86
11944,86
29685,86
32884,86
23359,86
15457,86
5718,86
27616,86
17339,86
15795,86
12199,978
17396,978
1549,978
19808,978
17770,978
4312,978
5268,978
28993,978
33155,978
15026,978
15114,978
36473,978
24012,978
14198,978
32344,978
35231,978
35994,978
13236,978
31469,978
1691,978
12469,978
35977,978
39,978
2078,978
3006,978
30133,978
37007,978
30239,978
28899,978
37048,978
8139,978
9639,978
33572,978
30379,978
37318,978
33073,978
37657,978
16851,978
25769,978
32247,978
23232,978
23028,978
19160,978
25797,978
15189,978
3128,978
37434,978
30666,978
34648,978
14503,978
6385,978
2151,978
15425,978
18275,978
31309,978
33084,978
36627,978
20180,978
36500,978
24680,978
8416,978
32763,978
30383,978
14734,978
9490,773
13759,773
22673,773
10270,773
9959,773
24423,773
29644,773
1875,773
29644,773
1875,773
35874,773
30741,773
15549,773
36898,773
36588,773
13972,773
36255,773
6587,773
37194,773
32757,773
25292,773
22230,773
1989,773
30247,773
31547,773
24359,773
31547,773
15660,773
37381,773
1477,773
21401,773
35225,773
25809,773
7898,773
26765,773
31505,773
35359,773
19295,773
33149,773
22606,773
36385,773
22606,773
21520,773
21520,773
20216,773
7306,773
3650,773
28840,773
25599,773
33790,773
21640,773
36060,773
12557,773
18036,773
30251,773
30235,773
37231,773
31814,773
4475,773
37507,773
13710,773
19259,773
35781,773
32853,773
32853,773
32853,773
3060,912
1513,912
3280,912
17708,912
9123,912
245,912
36726,912
19506,912
6119,912
1076,912
28045,912
12718,912
30931,912
6684,912
5320,912
34466,912
2021,912
18408,912
14513,912
34937,912
34908,912
25622,912
4679,912
26429,912
7455,1044
32371,1044
17014,1044
3882,1044
4699,1044
23601,1044
15264,1044
37726,1044
12375,1044
12809,1044
12809,1044
26877,1044
35777,1044
13883,1044
18173,1044
33376,1044
7678,1044
1426,1044
30584,1044
6562,406
16409,406
9117,406
27132,406
20248,406
21804,406
26516,406
29105,406
12618,406
22772,406
32240,406
32097,406
15378,406
34340,406
4492,406
3704,406
18438,406
26449,406
2926,406
10799,406
20585,406
4783,406
7309,406
2567,406
18246,406
18246,406
16446,406
19045,406
35636,406
32469,406
26739,406
19576,406
19576,406
16613,406
19023,406
15611,342
15611,342
27178,342
33622,342
2253,342
15140,342
25830,342
188,342
4183,342
8493,342
14493,342
10361,342
31697,342
8728,342
10862,342
35819,342
22256,342
18012,342
36427,342
19153,342
7924,342
5461,342
36420,342
37172,342
26438,342
37021,342
710,342
5087,342
16669,342
3332,342
3332,342
2596,342
28473,342
2596,342
31857,342
710,342
6437,546
35329,546
3878,546
10121,546
16177,546
20964,546
374,546
22008,546
8100,546
37435,546
13517,546
27724,546
13741,546
16337,546
449,546
12485,546
32260,546
28074,546
2229,546
4254,546
33352,546
20148,546
29610,546
6996,546
19791,546
1357,546
35570,546
14731,546
33999,546
32648,546
16538,546
22280,546
4178,546
20324,546
31333,546
17884,546
3023,546
89,546
34738,546
33460,546
25439,546
11321,546
30837,546
28863,546
8988,546
2392,546
25086,546
28971,546
14147,546
14899,546
8446,546
3238,546
26385,546
35179,546
21712,546
7876,546
22526,546
25889,546
30520,546
14516,546
15544,546
23642,546
13139,546
14831,546
5544,546
35654,546
30563,546
11731,546
34446,546
21361,546
5000,546
628,546
1440,546
34646,546
19603,546
9385,546
19884,546
8090,546
3908,546
35286,546
10795,546
1976,546
18248,546
29129,546
17410,546
21935,546
29370,546
6749,546
17004,546
29013,546
15311,546
15607,546
37137,546
26333,546
7424,546
22560,546
25144,417
25526,417
4661,417
21599,417
12286,417
12286,417
3669,417
986,417
29554,417
6497,417
16308,417
13898,417
18273,417
18273,417
20028,417
18084,417
25607,417
29376,417
17398,417
7140,417
21599,417
33816,417
35031,417
35688,417
19444,417
22088,515
15861,515
37134,515
14564,515
15867,515
35078,515
30260,515
30248,515
16095,515
15468,515
2640,515
15468,515
2640,515
7864,515
7864,515
3292,515
6259,515
14486,515
31887,644
1347,644
16964,644
18285,644
9031,644
28777,644
9181,644
28222,644
23199,644
19662,644
18813,644
29216,644
14125,644
28020,644
21815,644
12202,644
13338,644
6806,644
33581,644
11024,644
2485,644
20024,644
14387,644
28202,644
17943,644
16568,644
18920,644
13943,644
8198,644
7728,644
28472,644
27857,644
21729,644
4382,644
26454,644
14339,644
9671,644
10173,644
23118,644
37284,644
24575,644
1666,644
1990,644
27733,205
14315,205
16229,205
16424,205
9748,205
6758,205
27462,205
29255,205
5760,205
23558,205
29941,205
14657,205
36498,205
26290,205
22482,205
21392,205
17191,205
8020,205
26745,205
29319,205
16817,205
29319,205
3731,205
30837,205
499,205
14629,205
27154,205
27404,205
13018,205
17851,205
21817,205
36130,205
8510,205
12291,205
31135,205
5279,205
29957,205
1268,205
8711,205
625,205
1268,205
24571,205
23598,205
2104,205
5468,205
2522,205
16312,205
12534,205
30967,205
11552,205
16223,205
186,205
4146,205
15372,205
30574,205
34044,205
16488,205
34848,205
26336,205
14814,205
12868,205
27648,205
10182,205
31680,205
15110,205
24458,205
29319,205
22881,205
8434,205
4424,205
9496,205
27648,205
31680,205
7329,205
24188,205
3938,205
11787,205
23653,205
10414,205
26469,205
18781,205
34711,205
20115,205
16510,205
23653,205
11720,205
14297,205
30230,205
19848,205
33863,205
7015,205
1889,205
12214,205
30230,205
20077,205
15893,205
23192,205
35846,205
35846,205
23653,205
16507,205
15601,205
22637,205
8950,205
35988,205
5753,205
28953,205
24127,205
7363,205
21614,205
14361,205
16160,205
25253,205
21614,205
29060,205
28953,205
33602,205
9102,205
26767,205
13552,205
34178,205
18769,205
19178,205
5513,205
18264,205
23117,205
34050,205
16505,205
27284,205
27656,205
11751,205
5692,205
444,205
3866,205
29266,205
30866,205
24124,205
8575,205
14168,205
36213,205
30461,205
8386,205
8386,205
8386,205
8386,205
29319,205
27648,205
1245,205
35783,205
10514,205
21411,205
14625,205
19333,205
36164,205
11037,205
21397,205
36263,205
22893,357
7004,357
25760,357
5374,357
4975,357
34127,357
17964,357
21550,357
30837,357
15463,357
9099,357
6208,357
11649,357
12413,357
27656,357
23309,357
17066,357
25590,357
12669,357
22636,357
28185,357
9344,357
33302,357
10252,357
37210,357
17883,357
9874,357
14859,357
23776,357
30227,357
32786,357
23563,357
12884,357
10414,357
34452,357
17240,357
13224,357
17358,357
26282,357
4500,357
11188,357
29425,357
19944,357
23879,357
26111,357
35744,357
6205,357
21208,357
15239,357
21012,357
18198,357
11338,357
9456,357
14024,357
11994,357
29467,357
5941,357
29331,357
24049,357
27995,357
10951,357
5049,357
34624,357
32820,357
37173,357
36252,357
12858,357
13188,357
27435,357
16131,357
21431,357
32657,357
34394,357
6203,357
31159,357
36589,357
5056,357
35078,357
34464,357
14382,357
20438,357
26508,357
23858,357
1879,357
3938,357
33055,357
13930,357
26372,357
14521,357
3533,357
11608,357
36493,357
33445,357
27857,357
9062,357
18540,357
30356,357
35175,357
9423,357
10087,357
36473,357
30631,357
36127,357
12780,357
26228,357
13509,357
33721,357
14348,357
35924,357
26611,357
119,357
34792,357
20576,357
26359,357
15856,357
19415,357
33658,357
34467,357
8066,357
14813,357
7584,357
36843,357
31283,357
34541,357
6010,357
7632,357
2679,357
30358,357
21556,357
12146,357
21072,357
36647,357
29513,357
10465,357
3635,357
18504,357
26755,357
18464,669
26740,669
16812,669
26840,669
10896,669
7156,669
9614,669
25008,669
2324,669
8097,669
27014,669
12899,669
14253,669
8856,669
7050,669
22808,669
17870,669
7583,669
33990,669
37291,669
9682,669
703,669
31922,669
28667,465
12599,465
20348,465
24555,465
3014,465
18274,465
14065,465
33511,465
24920,465
30072,465
33795,465
28334,465
16978,465
36593,465
31249,465
17699,465
23784,465
36368,465
2191,465
13322,465
17653,465
27644,465
36334,465
37179,465
23901,465
21520,465
21024,465
30868,465
15146,465
16945,465
34462,465
28173,465
33783,465
30422,465
26218,465
23895,465
37218,465
9696,465
35475,465
30199,465
29996,465
13519,465
30868,465
4272,465
7534,465
19148,465
11050,465
35204,465
34239,465
29879,329
20904,329
11646,329
31513,329
29785,329
15829,329
5724,329
15605,329
1834,329
35159,329
19453,329
3700,329
3344,329
24488,329
11624,329
35875,329
17730,329
11028,329
28439,329
6154,329
30142,329
12572,329
32911,329
17261,329
19324,329
28272,329
29026,329
25321,329
26859,329
13424,329
24219,329
20559,329
17691,329
6672,329
27951,329
17413,329
5067,329
33187,329
22134,329
27934,329
27486,329
33197,329
24870,329
25889,329
10638,329
3085,329
7322,329
9562,329
29551,329
19437,329
30805,329
31463,329
30207,329
4858,329
35955,329
2697,329
9489,329
33819,329
32663,329
29637,329
6970,329
32944,329
15559,329
29296,329
9489,329
29637,329
10369,329
14050,329
26446,329
12662,329
2548,329
21851,700
22384,700
6425,700
26646,700
26646,700
15629,700
20376,700
31832,700
27695,700
31832,700
7691,700
1388,700
2192,700
33959,700
26115,700
7427,700
4953,700
4458,700
34949,700
17772,700
12478,700
548,700
24091,700
15035,700
9733,700
1622,700
17048,700
10636,700
2420,700
16478,700
5719,700
6442,700
5719,700
643,700
6670,700
409,700
41,700
2334,700
7026,700
5095,700
273,700
31291,700
12363,700
10758,700
730,700
4557,700
20904,700
24955,700
2300,700
497,700
31532,700
17305,700
20883,700
22969,700
22000,700
15530,700
22463,700
23380,700
12431,700
14042,700
9274,700
11899,700
6610,700
34285,700
15671,700
28421,700
13665,700
826,700
28975,700
18945,700
26468,700
4832,700
13182,700
136,700
6640,700
22,700
2842,700
41,700
1404,700
4622,700
6254,700
27883,700
17083,700
2325,700
871,700
9332,700
8952,700
41,700
9019,700
13049,700
19094,700
19094,700
11924,700
11804,700
487,700
21921,700
12804,700
6029,700
465,700
414,700
17042,700
667,700
24754,700
17065,700
15100,700
10844,700
19774,700
1460,700
20981,700
20981,700
2022,700
19974,700
26046,700
17065,700
197,700
6287,700
12279,700
22115,700
5146,700
22907,700
10544,700
16102,700
31343,700
29836,700
26131,700
838,700
13367,700
18107,700
17078,700
19642,700
10073,700
38,700
90,700
7272,700
27982,700
7316,700
41,700
14360,700
22602,700
211,700
22602,700
1785,700
18575,700
13179,700
13398,700
32343,700
15275,700
8761,700
3429,700
30699,700
13728,700
25578,700
20332,700
28048,700
9051,700
6051,700
363,700
10609,700
8352,700
34728,700
19695,700
8658,700
8658,700
20157,700
282,700
911,700
11468,700
11468,700
941,700
2451,700
2451,700
649,700
649,700
23102,700
35963,700
15629,700
14117,700
37420,700
6051,700
24450,700
586,700
20251,700
6339,700
9063,700
9063,700
1600,700
1600,700
166,700
18945,700
25557,700
10720,700
4522,700
33452,700
13725,700
3181,700
6447,700
18547,700
22672,700
15971,700
15971,700
17048,700
8273,700
3357,700
9747,700
21851,700
21241,700
6219,911
36175,911
20377,911
14603,911
25454,911
23784,911
291,911
9496,911
19015,911
2103,911
37235,911
3160,911
3243,911
1119,911
24614,911
15412,911
2606,911
23101,911
37624,911
1418,911
18045,911
1017,911
2974,911
6643,911
1483,911
13521,911
6319,911
33404,911
28451,911
26560,911
4604,911
4841,911
28720,911
16925,911
28618,911
927,911
36036,911
22145,911
18386,911
12500,911
11724,911
17859,911
20608,911
22951,911
26649,911
9541,911
2106,911
1787,911
35206,911
18294,911
31087,911
3854,911
13063,911
35913,911
5770,911
28267,911
28184,911
34028,911
15413,911
3177,911
19852,911
8222,911
21232,911
37362,911
32899,911
22628,911
6975,911
24364,911
2547,911
4382,911
28076,911
6269,911
21343,911
37726,911
12668,911
8260,911
13331,911
27686,911
30269,911
13141,911
23158,911
32333,911
1228,911
30316,911
29840,911
21852,911
3635,911
2890,911
16125,681
34326,681
16260,681
17908,681
29093,681
11658,681
36712,681
22110,681
17920,681
30542,681
27097,681
34070,681
17641,681
21191,681
31184,681
34423,681
17275,681
32336,681
31621,681
6053,681
8125,681
29275,681
9996,681
18644,681
32515,681
12969,681
5536,681
15916,681
26907,681
8268,681
6173,681
16168,681
15569,681
5230,681
18303,681
22594,681
34930,681
37142,681
21517,681
32842,681
4832,681
12212,681
12212,681
16207,681
443,681
30616,681
4976,681
7048,681
8352,681
4176,681
38,681
27121,681
5537,681
34184,681
36753,681
14843,681
7382,681
6543,681
6295,681
44,681
30542,681
17042,681
17340,681
26131,681
17641,681
19928,681
24450,681
16246,681
6241,672
1515,672
16905,672
9468,672
10478,672
462,672
30045,672
21154,672
28415,672
5908,672
4016,672
20223,672
22900,672
25427,672
32662,672
19330,672
27148,672
5903,672
12480,672
12656,672
29809,672
24678,672
4936,672
33499,672
7072,672
6028,672
4490,672
4247,672
25042,672
25269,672
32193,672
28557,672
11024,672
4247,672
15823,672
23324,672
34315,672
22010,672
19569,672
2259,672
19793,672
13874,672
24011,672
27358,672
3051,672
7428,672
27358,672
13572,672
27358,672
36824,672
21064,672
9716,672
35803,672
31408,672
28230,672
30923,672
6103,672
6653,672
33045,672
5908,672
32326,672
9551,672
17300,672
5826,672
27358,672
32326,672
21064,672
8351,672
36270,672
36211,672
30353,672
36211,672
20449,672
33345,672
11090,672
2000,672
6159,672
8351,672
2991,672
15435,672
12828,672
7190,672
29289,672
28461,672
28461,672
7640,672
36588,672
9265,672
34772,672
9276,672
3578,672
21100,672
31336,672
14898,672
14898,672
30189,672
3983,672
27224,672
33707,672
33707,672
31696,672
12240,672
24692,672
31294,672
27500,672
3809,672
5306,672
6345,672
30805,672
28159,672
36236,672
34340,672
16772,672
8896,672
8118,672
1755,672
37263,672
29024,672
36383,672
36067,672
28148,672
29670,672
35901,672
6170,672
34950,672
29698,672
31797,672
23995,672
8234,672
2933,672
18442,672
2547,672
9047,672
7285,672
30072,672
33844,672
34409,672
36790,672
10359,672
3000,672
2538,672
22831,672
9047,672
33115,672
36459,672
3967,672
3967,672
4016,672
3967,672
3967,672
3967,672
3967,672
3967,672
6160,672
19786,672
17810,672
2083,672
4465,672
29505,672
10973,672
19844,672
24221,672
32795,672
36971,672
4608,672
1189,672
29226,672
24112,672
15677,672
30508,672
28396,672
5024,672
22848,672
16492,672
5566,672
19710,672
19710,672
4016,672
21154,672
21154,672
12322,672
21154,672
12322,672
4797,672
9684,672
5502,926
23873,926
23288,926
20004,926
9885,926
13100,926
18590,926
34473,926
5172,926
27457,926
21977,926
37481,926
20756,926
4273,926
23826,926
32145,926
15845,926
16693,674
5107,674
15112,674
36333,674
1148,674
1070,674
14789,674
35818,674
3745,674
30388,674
1691,674
10988,674
18138,674
22202,674
35977,674
28993,674
34030,674
17602,674
9622,674
34552,674
33422,674
2078,674
25760,674
10619,674
34442,674
24276,674
14646,674
16490,674
36560,674
7329,674
36560,674
16738,674
34686,674
24300,674
5940,674
2470,674
35994,674
18358,674
8398,674
21063,674
23849,674
37434,674
13563,674
25187,674
5461,674
22534,674
32295,674
12899,674
21014,674
17280,674
28930,674
29734,674
12677,674
24233,674
21014,674
5361,674
29734,674
12783,674
27686,674
5959,674
5825,674
24744,674
32463,674
28976,674
34708,674
35129,674
35129,674
28976,674
36957,674
5873,674
12966,674
7779,674
37397,674
3027,674
2609,674
36908,674
14999,674
6957,674
8122,674
13633,674
15841,674
33757,674
13181,674
33757,674
37051,674
31869,674
11862,674
21103,674
11195,674
18850,137
13312,137
10427,137
12367,137
10201,137
8819,137
33297,137
21525,137
16681,991
13630,991
20295,991
25728,991
6710,991
27262,991
261,991
26772,991
31957,991
2970,991
1970,991
6120,991
5812,991
26659,991
9698,991
4299,991
459,991
14500,991
18932,991
25061,991
8617,991
36512,991
565,991
2674,991
16545,991
23002,991
25941,991
21722,991
13732,991
11128,991
4344,991
32341,991
7706,991
12665,991
13252,991
24298,991
24318,991
3939,991
11416,991
37634,991
29874,991
29874,991
5629,991
10984,991
13887,991
10109,991
26001,991
37030,991
21665,991
2438,991
32768,991
9705,991
25272,991
12592,991
15461,991
36275,991
16075,991
2536,991
17406,991
11225,991
27439,991
16038,991
14869,991
496,991
96,991
7454,991
4317,991
35694,991
22637,991
12172,991
2321,991
15252,991
29971,991
26233,991
30917,991
3255,991
35707,991
7174,991
3010,991
13229,991
8285,991
22695,991
1500,991
5885,991
18672,991
10250,991
13560,991
30316,991
31638,991
6164,991
29385,991
7584,991
9064,903
32457,903
6553,903
33516,903
28684,903
26144,903
20646,903
27335,903
17332,903
19435,903
28894,903
18057,903
22573,903
18617,903
35479,903
13871,903
25940,903
13667,903
37453,903
19697,903
22957,903
24019,903
23478,903
1653,903
9967,903
15560,903
3938,903
33483,903
32592,903
32592,903
37453,903
32592,903
1653,903
8517,391
3187,391
30558,391
2900,391
10622,391
804,391
37020,391
10077,391
5796,391
1602,391
5504,391
16767,391
203,391
19269,391
8712,391
6342,391
315,391
25641,391
32538,391
1297,391
1158,391
753,391
853,391
10403,391
9818,391
5457,391
23212,391
25059,391
21464,391
362,391
1320,391
11325,391
1250,391
33067,391
12905,391
4402,391
11470,391
21312,391
30499,391
34730,391
19919,391
21312,391
28048,391
31291,391
30930,391
18567,391
795,391
1997,391
20292,391
25835,391
27213,391
1481,391
1900,391
21577,391
4179,391
25046,391
26423,391
30057,391
238,391
1290,391
15808,391
21910,391
27886,391
25528,391
26625,391
6121,391
5484,391
430,391
9969,391
8725,585
28225,585
4153,585
28829,585
24101,585
37435,585
574,585
18333,585
29169,585
3799,585
13117,585
6812,585
16585,585
4329,585
127,585
3878,585
2390,585
7056,585
35639,585
9491,585
18782,585
1406,585
2392,585
5111,585
13344,585
15357,585
3643,585
15725,585
12095,585
14730,585
7856,585
18090,585
19168,585
8580,585
24817,585
19464,585
6430,585
28777,585
30006,585
5299,585
16544,585
28327,585
1540,585
2377,585
34846,585
25926,585
10953,585
740,585
5453,585
14492,585
17771,585
13643,585
24048,585
16379,585
17942,585
5757,585
4030,585
31841,585
20092,585
11354,585
36988,585
1042,585
4453,585
29323,585
19774,585
6585,585
8581,585
19939,585
9550,585
32305,585
3995,585
19916,585
16066,585
36613,585
13403,585
2496,585
3873,585
10990,585
14553,585
13502,585
20692,585
9035,585
10121,585
34586,585
21557,585
2217,585
19482,585
27270,585
217,585
27153,585
6756,585
21253,585
11006,585
7124,585
355,585
11239,585
22549,585
4199,585
10682,585
18920,585
26578,585
14557,585
5656,585
4495,585
27257,585
20641,585
33864,585
21512,585
36474,585
35792,585
16337,585
20425,585
7308,585
3017,585
15627,585
13444,585
2726,585
12094,585
13773,585
14888,585
29417,585
22796,585
4385,585
58,585
35947,585
10981,585
14851,585
22380,585
29890,585
465,585
31811,585
30719,585
25037,585
4527,585
1976,585
15195,585
12717,585
21861,585
29337,585
13397,585
24739,585
15015,585
19733,585
8923,585
8022,585
28033,585
4113,585
17910,585
34988,585
13324,585
24253,585
1596,585
4974,585
8573,585
29933,585
27456,585
9265,585
12642,585
32643,585
35561,585
25379,585
16142,585
1430,585
10444,585
29491,585
37290,585
35414,585
37007,585
33788,585
18419,585
26217,585
24701,585
27443,585
2104,585
3319,585
15284,585
2844,585
10344,585
23043,585
813,585
4254,585
11136,585
13842,585
35367,585
32823,585
11598,585
26032,585
14666,585
426,585
32203,585
20498,585
4837,585
10414,585
2534,585
20558,585
33292,585
24402,585
11757,585
10830,585
27761,585
8100,585
16604,585
24951,585
27532,585
30814,585
25439,585
8031,585
21230,585
5432,585
954,585
18324,585
11838,585
413,585
15311,585
22777,585
9630,585
7426,585
5362,585
17948,585
22708,585
28131,585
36479,585
4520,585
16698,585
8015,585
32288,585
17206,585
5281,585
15745,585
146,585
36519,585
15011,585
18322,585
8531,585
16254,585
10233,585
7102,585
10901,585
37044,585
4639,585
35686,585
19248,585
24907,585
35800,585
28473,585
30793,585
25190,585
32019,585
19036,585
16469,585
4178,585
35902,585
36467,585
2838,585
9859,585
30606,585
33834,585
34340,585
23728,585
5407,585
11124,585
32852,585
36667,585
7124,585
7126,19
9578,19
12712,19
17134,19
4096,19
11774,19
13559,19
5228,19
26489,19
7177,19
13176,19
9458,19
15892,19
14332,19
19127,19
15092,19
28501,932
31223,932
30674,932
6970,932
5219,932
32617,932
22449,932
24814,932
30823,932
14038,932
32513,932
25907,932
25643,932
5219,932
2736,932
30427,932
7625,932
14570,932
36459,932
28549,932
1943,932
11034,932
11700,932
23854,932
24221,932
36253,932
34473,932
27592,932
11177,932
12814,932
22504,932
3014,932
31549,932
2148,932
6170,932
24970,932
31684,932
31684,932
4963,932
24442,932
18805,932
3744,932
29802,932
35712,932
9434,932
10608,932
17691,932
25399,932
2024,932
14310,932
9387,932
30925,932
33992,932
29184,932
23050,932
4470,932
25657,932
12316,932
34758,932
9196,932
35766,932
29734,932
5330,932
27164,932
4515,932
30757,932
35766,932
27164,932
35766,932
27253,932
23692,932
30757,932
27422,932
20898,932
28123,932
7972,932
27496,932
37211,932
25472,932
137,932
27696,932
31029,932
10298,932
20611,932
37068,932
7699,932
37374,932
37621,932
37621,932
10255,814
4617,814
16752,814
11791,814
25454,814
8416,814
34916,814
5017,814
4631,814
29091,814
8703,814
5301,814
20807,814
10518,814
15839,814
13987,814
13713,814
8838,814
24854,814
22101,814
15888,814
27781,814
26384,814
29766,814
14821,814
29513,814
10702,92
25994,92
20554,92
10702,92
21070,613
6566,613
33507,613
22523,613
19732,613
4476,613
37204,613
7816,613
30983,613
35913,613
16630,613
13740,613
33724,613
27220,613
29385,613
36567,613
36808,613
27857,613
29405,613
26514,613
6572,613
28837,613
15618,613
36865,613
33155,613
27077,613
25385,613
4355,613
36663,613
35838,613
7252,613
15122,613
36226,613
3142,613
36121,613
31340,613
34485,613
11747,613
33542,613
18471,613
31668,613
31945,613
14729,613
31439,613
34093,613
6994,230
2742,230
30740,230
6298,230
1115,230
7821,230
7729,230
22989,230
20823,230
10306,230
20145,230
35899,230
32122,230
17354,230
36105,230
258,230
32690,230
31396,230
31494,230
32688,230
31481,230
31617,230
32692,230
31539,230
32711,230
32701,230
31483,230
29280,230
11113,230
33633,230
32697,230
31400,230
31611,230
31959,230
31964,230
32710,230
33670,230
31398,230
31482,230
17591,230
24189,230
25564,230
9577,230
19679,230
6600,230
9324,230
1438,230
5678,230
33854,230
15515,230
541,230
12842,230
7867,735
29867,735
35086,735
30642,735
24039,735
24054,735
27618,735
19715,735
22329,735
35171,735
7867,735
35480,735
15229,735
16302,735
3118,735
12268,735
3118,735
14007,735
19948,735
14190,735
21021,735
15514,735
14296,735
1767,735
27337,735
7867,735
16774,735
25155,735
18887,735
14739,735
26665,735
19873,735
16784,735
34430,735
11054,735
24832,735
34709,735
10766,735
22391,735
30096,735
17582,735
9098,735
32542,735
34872,735
10042,735
2632,735
35154,735
25770,735
35414,735
21228,735
29501,735
21514,735
29362,735
4783,735
15811,735
10644,735
17624,735
9382,735
4200,735
15241,735
15241,735
26828,735
15751,735
25714,735
25714,735
33449,735
30066,735
26237,735
26337,735
15567,735
3966,735
2598,735
34734,735
27679,735
21921,735
21806,735
36574,735
24538,735
33155,735
36866,735
15774,735
23578,735
2851,735
1361,735
32440,735
14556,735
3239,261
12851,261
31157,261
12263,261
31157,261
12308,261
4920,261
11856,261
4115,261
20244,261
20244,261
14623,261
20244,261
14623,261
21920,261
11856,261
7994,261
12713,261
36698,261
13237,261
23458,261
11856,261
11787,261
5997,261
11942,261
1974,261
2830,261
28478,261
5735,261
6495,261
21129,261
14578,261
30821,261
26363,261
21673,261
25871,261
13264,261
7554,261
4933,261
34343,261
5470,261
1799,261
3345,261
5729,261
14511,676
9764,676
19698,676
12941,676
15516,676
3349,676
28268,676
11157,676
3282,676
25650,676
22504,676
32769,676
23025,676
2764,676
25121,676
8193,676
7209,676
25239,676
16971,676
2062,676
17660,676
30942,676
26618,676
5763,676
28058,676
3014,676
26559,676
14788,676
36086,676
15823,676
4660,676
11157,676
36374,676
15398,676
18875,676
7501,676
33904,676
17659,676
4284,676
36552,676
7586,676
14695,676
27446,69
32639,69
10097,69
7033,69
18696,69
20518,69
3906,69
19522,69
11400,69
15767,69
18578,69
28695,69
11827,69
24958,69
27712,69
32347,69
20791,69
24975,69
19171,69
5816,69
18558,69
19370,69
13455,69
14433,69
34404,1032
35892,1032
16661,1032
35892,1032
33032,1032
31321,1032
31820,1032
28309,1032
3384,1032
20678,1032
1093,1032
21481,1032
32411,1032
24769,1032
30235,1032
33041,1032
37450,1032
9061,1032
23423,1032
23627,1032
24555,1032
30373,1032
16978,1032
22545,1032
15465,1032
27308,1032
31573,1032
32976,1032
5724,1032
37927,1032
37748,1032
37927,1032
8128,1032
30045,1032
22380,1032
22585,1032
9325,1032
7060,1032
1921,1032
5046,1032
34476,1032
17412,1032
23325,1032
12910,1032
28682,1032
31497,1032
18320,1032
7992,1032
14186,1032
28166,1032
35717,1032
20706,1032
34182,1032
10540,1032
31701,1032
36461,1032
4887,1032
15014,1032
23718,1032
31766,1032
21138,1032
35717,1032
9150,1032
20719,1032
26754,1032
1469,1032
26954,1032
25693,1032
37763,1032
36586,1032
10732,1032
24676,1032
36422,1032
26920,1032
26607,1032
32997,1032
27070,1032
1184,1032
3051,1032
31313,1032
21796,1032
36586,1032
21014,1032
35324,1032
30805,1032
14234,1032
18215,1032
10856,1032
15059,1032
28207,1032
28283,1032
26687,1032
25973,1032
29106,1032
3241,1032
24528,1032
32917,1032
36930,1032
25472,1032
24230,1032
28503,1032
34296,1032
33601,1032
33601,1032
33601,1032
34404,1032
2423,1032
33601,1032
13874,1032
1816,1032
22641,1032
25290,1032
5850,1032
18085,1032
10363,1032
26402,1032
5824,1032
33007,1032
11634,1032
22288,1032
32421,1032
12076,1032
36384,1032
3894,1032
33159,1032
24222,1032
343,1032
33159,1032
5850,1032
31568,1032
31240,1032
33601,1032
28439,1032
27374,1032
29705,1032
35803,1032
19758,1032
27374,1032
25618,1032
36137,1032
24784,1032
4059,1032
9303,1032
26757,1032
30674,1032
20318,1032
32917,1032
36193,1032
36646,1032
21020,1032
18771,1032
27019,1032
12776,1032
33767,1032
9551,1032
23839,1032
25307,1032
29959,1032
33344,1032
4618,1032
8930,1032
2065,1032
34575,1032
37504,1032
37185,1032
36003,1032
29147,1032
37504,1032
30087,1032
37504,1032
9089,1032
16002,1032
28099,1032
8127,1032
14071,1032
20293,1032
26727,1032
14683,1032
36751,1032
10564,1032
16002,1032
14526,1032
36345,1032
34901,1032
28536,1032
12692,1032
17494,1032
37592,1032
25542,1032
25542,1032
15616,1032
27201,1032
6903,1032
6783,1032
30992,1032
16801,1032
32296,1032
18836,1032
15366,1032
21418,1032
30632,1032
2840,1032
137,1032
20293,1032
19642,1032
6783,1032
21027,1032
11852,1032
31667,1032
2032,1032
31828,1032
19413,1032
3971,1032
26949,1032
20240,1032
25249,1032
25249,1032
31879,1032
30857,1032
30815,1032
33510,1032
33931,1032
23528,1032
34876,1032
24898,1032
34071,1032
33601,1032
33601,1032
30460,1032
22746,1032
7984,1032
7707,1032
27253,1032
33197,1032
26477,1032
30917,1032
28566,1032
19140,1032
18692,1032
36670,1032
36584,1032
10027,1032
12109,1032
27671,1032
15769,1032
21140,1032
32484,1032
6871,1032
28439,1032
24678,1032
22734,1032
32189,1032
8809,1032
29838,1032
13731,1032
26851,1032
35332,1032
11247,1032
24164,1032
25020,1032
30596,1032
6074,1032
2767,1032
23958,1032
2403,1032
28349,1032
14845,1032
8940,1032
10840,1032
18194,1032
5252,1032
22900,1032
5573,1032
34946,1032
36967,1032
20267,1032
36229,1032
20267,1032
10950,1032
36967,1032
6366,1032
28704,1032
31462,1032
32904,1032
37443,1032
2126,1032
13196,1032
33799,1032
10920,1032
37916,1032
37916,1032
33601,1032
31669,1032
31669,1032
33855,1032
29786,1032
18454,1032
25969,1032
26181,1032
19999,1032
26452,1032
27498,1032
32137,1032
12828,1032
5957,1032
24303,1032
4470,1032
15084,1032
5033,1032
33091,1032
16945,1032
16945,1032
3440,1032
8260,1032
24909,1032
2892,1032
30962,1032
26257,1032
33387,1032
3700,1032
23699,1032
29656,1032
23770,1032
33952,1032
23998,1032
34034,1032
9960,1032
24247,1032
37626,1032
21496,1032
8962,1032
27944,1032
2176,1032
12975,1032
2176,1032
3983,1032
12975,1032
25666,1032
36852,1032
33966,1032
27381,1032
9196,1032
8706,1032
13731,1032
29734,1032
36211,1032
19002,1032
28538,1032
36377,1032
34422,1032
26674,1032
19993,1032
26887,1032
3287,1032
8987,1032
5441,1032
37394,1032
24792,1032
20901,1032
8865,1032
5306,1032
4447,1032
26410,1032
27592,1032
7545,1032
29133,1032
34369,1032
37680,1032
18828,1032
32147,1032
2323,1032
17274,1032
9024,1032
15059,1032
37470,1032
30249,1032
26868,1032
25054,1032
34471,1032
25703,1032
37588,1032
4283,1032
7652,1032
3116,1032
10842,1032
3834,1032
9597,1032
37853,1032
24877,1032
31385,1032
19712,244
11030,244
10911,244
34243,244
3595,244
21219,244
14467,244
28734,244
35571,244
8254,244
3339,244
438,244
24476,244
3955,244
23936,244
12785,244
25051,244
26985,244
31033,244
6364,244
1362,244
36203,244
28625,244
22551,244
35975,244
32001,244
8695,244
18391,244
27037,244
27072,244
22022,244
22338,244
10070,244
2850,244
36077,244
35346,244
3126,244
29639,244
6725,244
9324,244
18368,244
15413,244
18368,244
18368,244
7095,244
11412,83
16489,83
27307,83
3048,83
30833,83
10407,83
30063,83
7299,83
30001,83
19227,83
989,347
12568,347
15182,347
11449,347
11672,347
36391,347
24018,347
6436,347
17037,347
29763,347
24292,347
2464,347
8765,347
25115,347
25993,347
6393,347
11876,347
3940,347
12891,347
2012,347
5591,347
12534,347
13704,347
15999,347
28329,347
32366,347
4097,347
18347,347
12595,347
3359,347
37007,347
11557,347
17269,347
1134,347
6866,347
18500,347
22631,347
22631,347
15821,347
33155,347
17211,347
35271,347
10238,347
23151,347
29608,347
25592,347
17033,347
30201,347
6443,347
28640,347
32669,347
5015,347
25844,347
29771,347
35271,347
33814,347
19499,347
19306,347
15373,347
15373,347
2464,347
36395,347
8765,347
20535,347
12018,347
30551,347
373,347
20535,347
19544,347
19544,347
25132,347
8482,347
35414,347
27759,347
31703,347
34265,347
23853,347
36360,347
23311,347
26531,347
17195,347
34265,347
6412,347
23314,347
9488,347
15688,347
18360,347
21359,347
17926,347
21359,347
17926,347
29356,347
26804,347
11627,347
2728,347
14561,347
2728,347
11057,347
479,347
17330,347
27869,347
11627,347
7263,347
12017,347
1239,347
17073,347
16188,347
24669,347
24669,347
6452,347
20604,347
20604,347
4112,347
4112,347
17323,347
24544,347
20796,347
20796,347
17323,347
29551,347
15339,347
27636,347
31117,347
24269,347
24269,347
29247,347
34406,347
9761,347
13121,347
24244,347
6681,347
23314,347
16832,347
12424,347
17621,347
32449,347
34098,347
9216,347
4484,347
28669,347
16765,347
142,347
21906,347
30188,347
16617,347
15099,347
7470,347
16832,347
7470,347
35073,347
6681,347
11085,347
15469,347
14483,347
7979,347
16188,347
31087,510
22698,510
20680,510
21250,510
18481,510
25555,510
10372,510
15362,510
25481,510
25626,510
20404,510
17607,510
19958,510
25626,510
2858,510
35319,510
15403,510
14551,510
15403,510
33897,510
16200,510
32366,510
29247,510
29247,510
700,510
5537,510
22279,510
7399,510
29609,510
15645,510
23118,386
11930,386
26962,386
8746,386
18961,386
1878,386
33687,386
36798,386
16958,386
31198,386
25885,386
15184,386
23581,386
25850,386
32207,386
29458,386
19560,386
29229,386
26542,386
14509,386
31308,386
28615,386
16505,386
30625,386
16743,386
25484,386
9253,386
7889,386
430,386
24512,386
7690,386
13477,386
20603,386
19072,386
20709,386
27129,386
22196,386
10173,386
433,651
83,651
2697,651
10853,651
26829,651
3233,651
3142,651
3369,651
12893,651
32681,651
1889,651
7181,651
28202,651
30462,651
27377,651
7511,651
6056,651
180,651
1993,651
17412,651
18902,651
6362,651
27943,651
21714,651
35056,651
19465,651
16655,651
17763,651
8409,651
34315,651
34170,651
9146,651
2223,651
31223,651
35272,651
28874,651
30805,651
22018,651
31313,651
25889,651
24250,651
31776,651
24221,651
28346,651
23684,651
5935,651
34013,651
24970,651
20035,651
2006,651
28098,651
5463,651
11152,651
31742,651
10367,651
20772,651
24288,651
33252,651
14954,651
15009,651
19999,651
37351,651
35167,651
14851,651
36943,651
24692,651
17659,651
27832,651
33197,651
37297,651
35803,651
10206,651
16361,651
22169,651
6446,651
35158,651
28888,651
35158,651
34829,522
13919,522
17878,522
11391,522
4590,522
1197,522
7217,522
20163,522
29366,522
11391,522
23789,522
23717,522
7056,522
15514,522
3070,522
20812,522
12886,522
8221,492
4361,492
17899,492
25807,492
17267,492
19574,492
36910,492
6646,492
2143,492
34971,492
19079,492
22840,492
1615,492
26972,492
18209,492
7042,492
10471,492
17902,492
17899,492
37109,492
164,492
5225,492
10165,492
4205,492
8025,492
29181,492
12704,492
37270,492
12704,492
28623,492
36940,492
34613,492
8998,492
20314,492
8609,492
28631,492
15917,492
37093,492
3538,492
17267,492
925,492
1905,492
19405,492
14290,492
19701,492
6778,492
15638,492
5774,492
17615,492
15638,492
5735,492
7013,492
13456,492
4798,492
12740,492
15372,492
3767,492
13969,492
22424,492
13330,492
13330,492
20335,492
13135,492
21772,492
11693,492
9412,492
18519,492
19789,492
4414,492
20335,492
8305,492
4216,492
12308,492
14099,492
6530,492
20117,492
9510,492
28279,492
11781,492
29797,492
34824,492
5174,492
4596,492
13836,492
15613,492
18141,492
36355,492
13238,492
4829,492
231,492
24245,492
32090,492
21970,492
18105,492
7700,492
16367,492
31062,492
37105,492
4384,492
21544,492
14098,492
1219,492
27113,492
26953,492
27407,492
22012,492
19707,492
15236,492
16378,492
21662,492
2210,492
4647,492
15889,492
29367,492
15766,492
1305,492
1779,492
28834,492
35547,492
31641,492
17267,492
16445,492
15025,492
10535,492
12169,492
28832,492
35728,492
1715,492
5974,492
29963,492
17180,492
28464,492
20842,492
27115,492
1931,492
1539,492
4710,492
23702,492
6821,492
504,492
22882,492
34132,492
28142,492
33971,492
22495,492
27516,492
16781,492
4378,492
31413,492
24395,492
27984,492
26501,492
18728,492
8419,492
10604,492
13652,492
10724,492
24520,492
26990,492
2753,492
16781,492
4626,492
11192,492
24395,492
27188,492
16791,492
3814,492
10282,492
9863,492
29205,492
7842,492
22012,492
12047,492
14057,492
12047,492
284,492
4626,492
23303,492
8789,492
25829,492
34507,492
35813,492
13858,492
14057,492
36592,492
16182,492
16798,492
1858,492
16276,492
6243,492
17445,492
27652,492
19056,492
19144,492
29102,492
21415,492
28713,492
29228,492
25385,492
1243,492
27874,492
7942,492
1340,492
2739,492
27510,492
36713,492
27984,492
7942,492
17147,492
25340,492
27510,492
14997,492
36713,492
24427,492
19212,492
29723,492
30786,492
21631,492
4378,492
23894,492
16561,492
33430,492
22073,492
4801,492
21818,492
18470,492
25671,492
34589,492
3003,492
35176,492
20021,492
27109,492
3200,492
31370,492
19988,492
26853,492
4223,492
26520,492
22536,492
15737,492
7434,492
32820,492
18006,492
7323,492
33262,492
31630,492
24224,492
18252,492
7458,492
20903,492
36602,492
9857,492
8599,492
28561,492
6410,492
1491,492
12234,492
34543,492
554,492
6259,492
5379,492
34060,492
30400,492
18158,492
30987,492
15978,492
4519,492
36010,492
14817,492
3391,492
30760,492
18391,492
34757,492
33108,492
12946,492
9857,492
3121,492
5400,492
20161,492
11139,492
12498,492
34149,492
17507,492
16426,492
23430,492
23430,492
13332,492
23430,492
14759,492
13332,492
13128,492
26501,492
22067,492
10180,492
34867,492
912,492
29954,492
17229,492
909,492
8225,492
31765,492
33534,492
18725,492
37127,492
31536,492
23206,492
28688,492
29628,492
19744,492
14497,492
1230,492
24110,492
31670,492
26014,492
1427,492
6764,492
21169,492
2407,492
6920,492
11307,492
28247,492
13197,492
22726,492
6611,492
33753,492
37127,492
8919,492
21462,492
19666,492
22083,492
10858,492
21083,492
11371,492
29628,492
8514,492
4075,492
27725,492
1029,492
14152,492
19753,492
21923,492
27135,492
22873,492
35682,492
11671,492
27120,492
1778,492
21464,492
33274,492
14448,492
12061,492
2447,492
6128,492
17160,492
20468,492
14365,492
34472,492
17658,492
36311,492
8659,492
30767,492
21589,492
21811,492
29492,492
33839,492
4801,492
7939,492
25170,492
16897,492
1865,492
21785,492
23395,492
7832,492
20627,492
30757,492
29998,492
7515,492
36438,492
22267,492
17220,492
29827,492
19704,492
10099,492
12123,492
8631,492
12863,492
26501,492
12990,492
14861,269
2155,269
24850,269
1491,269
32973,269
1940,269
18297,269
20012,269
10906,269
11446,269
26651,269
25105,269
2905,269
4841,269
14790,269
25232,269
16992,269
855,269
16456,269
36407,269
3182,269
11110,269
415,269
8247,269
12543,269
2832,269
14503,269
16098,269
1358,269
32208,269
269,269
25662,269
36729,269
16601,269
12575,269
28464,269
14627,269
34022,269
25647,269
36618,269
4211,269
4211,269
18396,269
5469,269
14878,269
31579,269
1623,269
20085,269
6862,269
15283,269
12363,269
33995,269
14353,269
18665,269
11529,269
5314,269
22206,269
36557,269
36630,269
11518,269
14833,269
570,269
770,269
2354,269
2806,269
27821,269
1086,269
24150,269
16340,269
10532,269
4115,269
22815,269
30266,130
7776,130
27693,130
18383,130
21933,130
28431,130
33096,130
10821,130
2427,130
16299,130
26289,130
24545,130
20397,130
6638,130
9312,130
4165,130
4321,130
17882,130
18226,130
20701,130
19116,130
4386,130
17563,130
24911,130
8909,130
11975,130
5318,130
11742,130
15809,130
22150,130
33740,130
3734,130
4133,130
8375,130
14673,130
23319,130
6115,130
13145,130
28442,130
7959,130
12691,130
7795,130
4174,130
12038,130
14803,130
16581,130
15905,130
7223,130
4854,130
25039,130
3923,130
9121,130
4594,130
22484,130
10279,130
4958,130
5791,130
6594,130
11424,130
23983,130
14427,130
17303,130
10262,130
22991,130
32000,130
21286,130
8804,130
28375,130
26392,130
29481,130
5169,130
20109,130
28906,130
17402,130
26833,130
30565,130
15498,130
11752,130
22945,130
13482,130
6373,130
11338,130
25395,130
25345,130
5069,130
18490,130
16972,130
16457,130
18591,130
5373,130
6071,130
25755,130
6037,130
28221,130
13305,130
20849,130
26028,130
30689,130
3894,130
19490,130
10178,130
3185,130
12773,130
8508,130
5718,130
8098,130
32893,130
26474,130
30359,130
13598,130
19077,130
19077,130
20329,130
18561,130
20329,130
33630,130
8873,130
16153,130
12551,130
19543,130
17491,130
21018,130
23112,130
13635,130
14115,130
20977,130
31423,130
30213,130
15029,130
17115,130
11714,130
8425,130
19398,130
12597,130
22149,425
27871,425
25809,425
4957,425
20715,425
13150,425
14347,425
16331,425
34940,425
34218,425
14176,425
32249,425
17689,425
24233,425
2398,425
22906,425
16800,425
15202,425
11025,425
29419,425
768,425
33400,425
17423,425
32371,425
17859,425
29320,425
8512,425
23105,425
24406,425
20794,425
17299,425
28092,425
18388,425
16915,425
7584,425
20403,425
3742,627
31476,627
32626,627
2396,627
2382,627
11032,627
595,627
37435,627
29756,627
29323,627
35111,627
36538,627
31728,627
37188,627
37023,627
18439,627
14888,627
24961,627
28507,627
23784,627
35459,627
7486,627
23930,627
28070,627
7594,627
4254,627
29359,627
36679,627
17922,627
5287,627
32600,627
33934,627
36737,627
18290,627
13777,627
26389,627
6965,627
34715,627
36241,627
15031,627
5696,627
36726,627
23856,627
26273,627
15627,627
12001,627
30714,627
35720,627
37492,1026
29446,1026
37492,1026
11329,1026
27546,1026
27765,1026
17880,1026
26992,1026
22620,1026
36751,1026
621,1026
20679,1026
20679,1026
621,1026
36556,1026
5380,1026
5462,1026
26351,1026
24287,1026
36556,1026
16670,1026
8289,1026
20337,1026
18553,1026
1212,1026
3165,1026
5425,1026
20209,1026
22232,1026
16355,1026
15663,1026
9960,1026
34034,1026
13562,1026
8351,1026
37621,1026
37350,1026
1953,1026
12776,1026
768,1026
24727,1026
15042,1026
18902,1026
35240,1026
2293,1026
22289,1026
11635,1026
9630,1026
5984,1026
2446,1026
2446,1026
19270,1026
20679,1026
26892,1026
12109,1026
10899,1026
7011,1026
5131,1026
32230,1026
150,513
32083,513
2166,513
1190,513
3256,513
3370,513
33704,513
14605,513
33274,513
17135,513
11046,513
11645,513
12314,513
15645,513
36726,513
4455,513
21639,513
14254,2
20383,2
4003,2
26945,2
17829,2
26831,2
29672,2
13385,2
20420,2
1795,2
20924,2
11498,2
20924,2
12949,2
4683,2
22406,2
2777,2
6818,2
8582,2
1966,2
15003,2
30146,2
17557,2
20026,2
30713,2
8582,2
18872,2
24128,2
30898,2
42,2
527,2
2073,2
32532,2
21878,2
5775,2
25987,2
11536,2
20529,2
13044,2
31939,2
13044,2
11452,2
27114,2
19766,2
14974,2
5746,2
1069,2
26553,2
7513,2
23838,2
23812,2
24478,2
24241,2
24454,2
23841,2
21428,2
11034,2
5116,2
35101,2
4454,2
29888,2
34729,2
21820,2
10011,2
7698,2
322,2
322,2
22661,2
34572,2
34572,2
7326,2
6365,2
32667,2
10189,2
25987,2
21617,2
38262,2
6365,2
19053,2
24223,2
29646,2
30541,2
1846,2
28311,2
19107,2
29851,2
23579,2
7017,2
3843,2
17207,2
35141,2
10003,2
20030,2
25315,2
20030,2
25315,2
30578,2
22717,2
7744,2
5379,2
32053,2
8406,2
11074,2
25205,2
19235,806
36496,806
36377,806
21523,806
31820,806
27992,806
36336,806
7848,806
22894,806
9684,806
13083,806
13056,806
33150,806
27964,806
37350,806
16599,806
33028,806
35359,806
4878,806
30113,806
30923,806
1257,806
10961,806
30831,806
17733,806
24164,806
29905,806
36761,806
3705,806
25630,806
7952,806
17905,806
31874,806
29272,806
36399,806
6962,806
19579,806
37581,806
24693,806
35911,806
24693,806
21493,806
14186,806
37309,806
31878,806
28223,806
31143,806
25931,806
3227,806
33782,806
9594,806
33285,806
37581,806
28309,806
26816,806
23995,806
8785,806
37499,806
37499,806
18425,127
6870,127
19832,127
28835,127
18458,127
11384,127
8443,127
30694,127
31036,127
15539,127
31803,127
17821,127
10726,127
9259,127
11654,127
3871,127
3871,127
30622,165
27138,165
20975,165
32221,165
33822,165
12829,165
34116,165
30502,165
4077,495
4025,495
7106,495
14401,495
8213,495
36749,495
9469,495
9023,495
36749,495
22668,495
13146,495
4432,495
27776,495
31707,495
1456,495
8927,495
5085,495
2477,495
26501,495
30144,495
21646,495
5838,495
10576,495
25475,495
20237,495
5223,495
2621,495
33504,495
30711,495
15236,495
19574,495
7332,495
1538,495
17467,495
21227,495
36940,495
1538,495
21635,495
20873,495
11620,495
34121,495
11942,495
28869,495
1048,495
27274,495
23763,495
23763,495
590,495
12714,495
13282,495
19532,495
2868,495
9755,495
9755,495
20455,495
20455,495
4555,885
4341,885
2656,885
6162,885
394,885
32474,885
18817,885
11583,885
1624,885
12363,885
4654,885
14362,885
9140,885
13179,885
13753,885
4498,885
313,885
9889,885
11604,885
21915,885
23813,885
26508,885
33398,885
31984,885
29373,885
26086,885
24478,885
28514,885
20215,160
31311,160
26214,160
7150,160
33432,160
24380,160
32151,160
12838,160
32767,160
34286,160
22494,160
24816,160
4991,160
17092,160
25053,160
23632,160
27965,160
25705,160
27068,160
524,338
9611,338
36560,338
5542,338
28108,338
3051,338
22274,338
15203,338
14234,338
5763,338
3440,338
1094,338
2626,338
20819,338
524,338
22552,338
31029,338
36086,338
7142,338
12741,338
21405,338
35316,338
26477,338
2301,338
24133,338
11044,338
14582,338
21140,338
34700,338
9850,338
33553,338
27019,338
24612,338
29898,338
28321,338
36638,338
8069,338
27913,338
6362,338
4000,338
6642,338
28123,338
2345,338
11763,338
28209,338
5551,338
12729,338
13376,338
12438,338
17352,338
34128,338
35803,338
9780,338
34476,338
27862,338
7089,338
30194,338
35827,338
32840,338
14009,338
28639,338
14165,338
8492,338
24663,338
27572,338
27765,338
27931,338
36666,338
21789,338
27730,338
26013,338
30743,338
33552,338
8619,338
24685,338
10400,338
31820,338
8896,338
26000,338
30632,338
1731,338
32477,338
36117,338
5238,338
32769,338
16945,338
19211,338
23421,338
16484,338
7965,338
6528,338
27575,338
20141,338
32142,338
15823,338
32851,338
36461,338
32621,338
29283,338
34257,338
23784,338
32129,338
9341,338
21184,338
5252,338
6541,338
31080,338
28929,338
29024,338
28563,338
31853,338
2032,338
25650,338
26989,338
30016,338
2840,338
31328,338
28031,338
15703,338
28148,338
20727,338
8129,338
24355,338
21810,338
34796,338
6181,338
28309,338
8344,338
19730,338
22834,338
25959,338
24750,338
2933,338
4428,338
3712,338
28882,338
33684,338
3627,338
32944,338
33365,338
25889,338
35729,338
16537,338
23699,338
35729,338
2025,338
20474,338
9288,338
10359,338
32002,338
2553,338
27650,338
1955,338
27170,338
29729,338
15943,338
27170,338
24471,338
24471,338
25635,338
26410,338
2697,338
24238,338
1211,338
14333,338
36733,338
3491,338
32926,338
18900,338
10341,338
35221,338
8260,338
26100,338
35916,338
4293,338
17359,338
29838,338
24968,338
19573,338
13693,338
10118,338
2747,338
27706,338
18771,338
30602,338
30857,338
9418,338
30233,338
30233,338
7045,338
23275,338
7820,338
23302,338
31112,338
14670,338
28344,338
27929,338
3973,338
10331,338
4938,338
31568,338
477,338
17990,338
26715,338
23350,338
3953,338
33436,338
10339,338
21041,338
36967,338
27866,338
13321,338
36652,338
24616,338
16640,338
29076,338
34792,338
15501,338
24221,338
20742,338
19176,338
30815,338
8102,338
9623,338
12893,338
19773,338
8234,338
32189,338
32921,338
34975,338
19418,338
17255,338
34544,338
31070,338
32337,338
29994,338
9087,338
4308,338
28223,338
1372,338
32539,338
12674,338
16838,338
28415,338
14683,338
35399,338
36815,338
33252,338
26190,338
29045,338
35345,338
22289,338
24536,338
12602,338
26424,338
11234,338
9091,338
1477,338
1812,338
10732,338
28370,338
35752,338
12220,338
8644,338
6901,338
14224,338
35920,338
2913,338
4982,338
8451,338
24164,338
6150,338
4056,338
10969,338
3165,338
24909,338
2752,338
17698,338
33230,338
17674,338
28600,338
36054,338
12246,338
15369,338
16261,338
7353,307
36289,307
33339,307
13098,307
30067,307
17049,307
28958,307
10319,307
36733,307
16646,307
17980,307
18124,307
8855,307
32139,307
27463,307
31565,307
27767,307
19912,307
5965,307
15187,307
25312,307
22550,307
31567,307
25896,307
26683,307
31064,307
35128,307
35076,307
11372,307
30433,307
20086,307
32597,307
22468,307
32304,307
34919,307
14438,307
13048,307
35508,307
7584,307
28524,307
17731,307
29807,307
26000,307
7594,602
14089,602
37229,602
33519,602
24435,602
30117,602
30323,602
25107,602
595,602
8517,602
23849,602
34203,602
9892,602
12538,602
2392,602
17104,602
8567,602
3643,602
28130,602
35249,602
1205,602
37063,602
31375,602
23431,602
1555,602
7211,602
6040,602
28530,602
293,602
26882,602
6180,602
24976,602
14348,602
7213,602
15582,602
20002,602
32132,602
17105,602
10076,602
1610,602
5340,602
2775,602
22777,602
7176,602
20401,602
36737,602
12433,602
11605,602
1406,602
1205,602
11605,602
32547,602
3964,602
35419,404
28309,404
13253,404
392,404
32137,404
17671,404
37106,404
8260,404
3950,404
27299,404
36334,404
2736,404
33892,404
25572,404
15241,404
36045,404
5561,404
17054,404
29653,404
36354,404
15084,404
9977,404
35310,404
21868,404
23085,404
31175,404
22450,404
20260,404
36206,404
22450,404
21234,404
36345,404
5415,404
21234,404
34946,404
29653,404
36394,404
34457,404
5415,404
29137,404
30131,404
470,404
36436,404
34876,404
21520,404
4916,404
32921,404
27496,404
37167,404
36451,404
32094,404
23037,404
19642,404
11547,404
28817,404
27116,404
33149,404
32481,404
19506,404
19642,404
34652,404
10119,404
19642,404
36600,404
15465,404
10119,404
33964,404
27290,404
10119,404
24078,404
33155,404
35920,404
14555,404
36209,404
5033,404
5733,404
36313,404
3051,404
5265,404
4698,404
34860,404
32948,404
19044,404
9088,404
20230,404
31029,404
25080,404
20850,404
14555,404
1528,404
26190,404
33028,404
35903,404
5219,404
37180,404
8347,404
25321,404
27285,404
16021,404
5610,404
5716,404
36741,404
29076,404
29829,404
1372,404
3711,404
35399,404
14845,404
5467,404
6664,404
8250,404
36879,404
20834,404
8986,404
28816,404
17090,404
33141,404
14802,404
36815,404
30805,404
35934,404
3700,404
36384,404
2462,404
8986,404
29563,404
36971,404
27579,404
16908,404
19573,404
30438,404
12630,404
32976,404
34694,404
23956,404
28294,404
30413,404
2345,404
34694,404
19117,404
30413,404
26587,404
5542,404
32004,404
19073,404
15462,404
12477,404
14577,404
32395,404
27414,404
34388,404
27414,404
30174,404
20336,404
28614,404
35810,404
15751,404
3116,404
24219,404
35944,404
30743,404
28957,404
18469,404
3165,404
11118,404
32477,404
9196,404
32602,404
30483,404
16700,404
11514,404
18711,404
6541,404
27667,404
23673,404
10432,404
24766,404
30122,404
35497,404
4663,404
16971,404
21999,404
17897,404
27500,404
29736,404
31271,404
22118,404
21347,404
36081,404
29634,404
2841,404
14798,404
21228,404
25631,404
17646,404
34439,404
31875,404
30632,404
36015,404
4783,404
35371,404
9597,404
36787,404
11015,404
15465,404
24052,404
16492,404
15963,404
9378,404
35219,404
27523,404
29349,404
9378,404
26739,404
21234,404
31902,404
22712,404
7616,404
11072,404
10119,404
33780,404
10119,404
21383,404
24875,404
21921,404
31466,404
8288,404
24616,404
5380,404
1889,404
7691,404
16851,404
29565,404
9304,404
23851,404
24701,404
15418,404
12372,404
34883,404
26668,404
26668,404
29653,404
27079,404
9091,404
10359,404
2322,404
1094,404
32500,404
24556,404
6690,404
23341,404
7618,404
13896,404
36958,404
27421,404
8978,404
31379,404
31342,404
27421,404
31342,404
31342,404
21054,404
10119,404
34987,404
21054,404
23784,404
34987,404
9300,404
9300,404
2984,404
14845,404
36058,404
15244,404
11680,404
19579,404
6237,404
21949,404
30071,404
31255,404
28109,404
2978,404
30902,404
15144,404
2978,404
19076,404
15144,404
22077,404
14876,404
7860,404
9658,404
18786,404
2978,404
10116,404
29621,404
30661,404
29621,404
21349,404
18786,404
29653,404
35534,404
17193,404
24841,404
3440,404
34499,404
31119,404
33105,404
4250,404
6201,404
33215,404
17273,404
30525,404
30525,404
6630,404
26580,404
35403,404
28061,404
7756,404
34975,404
19247,404
7820,404
32476,404
1471,404
12420,404
35708,404
36789,404
4063,404
33716,404
27671,404
34369,404
27463,404
27463,404
33782,404
27598,404
24825,404
27598,404
27463,404
34975,404
14186,404
20553,404
33782,404
26410,404
36724,404
32230,404
32100,404
18888,404
33252,404
2690,404
2285,404
36395,404
18447,404
5105,404
15059,404
32479,404
32479,404
30785,404
22392,404
30785,404
8180,404
35636,404
36653,404
23821,404
13636,404
30189,404
117,404
16945,404
28176,404
35092,404
33037,404
28264,404
35942,404
33446,404
33446,404
18095,404
4678,404
12910,404
21955,404
26555,404
8578,404
2063,404
25589,404
35406,404
22589,404
32539,404
37175,404
24618,404
35053,404
31814,404
18328,404
4037,404
28516,404
8578,404
26644,404
25577,404
33664,404
20141,404
36086,404
11731,404
35931,404
5653,404
34331,404
33780,404
24695,404
29493,404
9460,404
22504,404
30904,404
36384,404
25316,404
28948,404
31773,404
12729,404
35579,404
35897,404
33964,404
35000,404
30083,404
12976,404
7767,404
3861,404
15506,404
29420,404
29420,404
36997,404
34365,404
34742,404
29653,404
24078,404
30527,404
19400,404
27299,404
24750,404
31828,404
5220,404
27376,404
2088,404
5220,404
2088,404
13253,404
36817,404
19413,404
15712,404
34294,404
27049,404
23899,404
26449,404
18786,404
28786,404
2036,947
35963,947
32749,947
6963,947
4425,947
7677,947
25146,947
31698,947
2662,947
26856,947
14757,947
34302,947
2648,947
17228,947
28760,947
2637,947
20974,947
25572,947
35887,947
16305,947
8124,947
37007,947
27600,947
17799,947
2960,947
27047,947
13602,947
25645,947
23124,574
11342,574
14091,574
3583,574
16446,574
11508,574
4979,574
24456,574
10164,574
32342,574
30791,574
14492,574
27963,574
19649,574
3800,574
29727,574
5582,574
8462,574
28567,574
27857,574
33423,574
3131,574
36560,574
11803,574
27401,574
10232,574
27220,574
32843,574
30543,574
7538,574
9666,574
30328,574
37252,574
2270,574
21482,574
16604,574
21759,574
33921,574
21499,574
20396,574
8170,574
13738,574
8326,574
18500,574
8911,574
22792,574
26591,574
22644,574
416,574
5091,574
34949,1047
12345,1047
27081,1047
22141,1047
18080,1047
3672,1047
2826,1047
1740,1047
27202,1047
6805,1047
2930,1047
37440,1047
24377,1047
13910,1047
18738,1047
7325,1047
17550,1047
10138,1047
21169,1047
18984,1047
35416,1047
36493,1047
6821,1047
3579,1047
22553,1047
36364,1047
14497,1047
6859,1047
19498,654
3754,654
32394,654
35681,654
1331,654
23990,654
9033,654
26526,654
35681,654
23950,654
20620,654
4664,654
33986,654
32428,654
30454,654
19446,654
21236,654
18524,654
22170,654
33663,654
16753,654
24677,654
30806,654
4653,654
5224,654
15706,654
16110,654
30158,654
11729,654
7972,654
2483,654
26528,654
9728,654
28922,654
22170,654
27729,654
9152,654
20589,654
16530,654
31056,654
32595,654
8262,654
23237,654
17726,654
25104,654
28930,654
15355,654
22657,654
19700,654
22170,654
19626,654
8767,654
20954,654
20954,654
36094,654
21295,654
36837,654
26759,654
24338,654
5235,654
36829,654
30253,654
33427,654
21703,654
19287,654
33852,654
28862,654
7169,654
13791,654
30991,654
14272,654
8584,654
33771,654
18123,654
9286,654
28433,654
33771,654
22514,654
24901,654
16793,654
28945,654
35825,654
19880,654
29577,654
14346,654
35825,654
19880,654
23950,654
23290,654
23112,654
29112,654
26022,654
28042,654
19267,654
23787,654
32328,654
28310,654
33518,654
24919,654
23011,654
36689,654
27731,654
27731,654
3754,654
16890,654
20487,654
29771,654
5051,654
28799,654
14104,654
24338,654
36450,654
9257,654
14104,654
35350,654
13094,654
19776,654
19776,654
16865,654
18336,654
18336,654
31918,654
30356,654
33471,654
19251,654
36196,654
17692,654
22680,654
17692,654
13830,654
25921,654
28193,654
5151,654
25623,654
23441,654
23441,654
31607,654
28836,654
21733,654
32394,654
19031,654
33225,654
19031,654
20138,654
33213,654
29447,654
23963,654
13337,654
5134,654
18009,654
11058,654
18446,654
27919,654
20808,654
10727,654
13093,654
6347,654
33546,654
33546,654
28641,654
19548,654
19548,654
24071,654
32079,654
12261,654
25326,654
27420,654
28322,654
24071,654
28322,654
8740,654
21892,654
36829,654
25276,654
25297,654
29112,654
25297,654
19926,654
23413,654
35234,654
34305,654
35238,654
29513,654
11679,654
30816,654
14855,654
11044,654
29900,654
28529,654
16752,654
28529,654
7080,654
7080,654
8692,654
7797,654
7797,654
29166,654
32599,654
31056,654
32599,654
12838,654
12539,654
3273,654
35678,654
26667,654
22650,654
36625,654
27897,654
24498,654
17931,654
17931,654
11986,278
3158,278
7206,278
8050,278
21795,278
10635,278
4156,278
7823,278
17920,278
21309,278
7751,278
1204,278
24745,278
24745,278
6228,278
11986,278
7751,278
35982,278
24137,278
3928,278
2025,278
24704,278
18522,278
14675,278
7802,278
14418,278
3111,278
6374,278
15174,278
16333,278
6885,278
18583,278
6167,278
14967,278
23764,278
31727,278
2493,278
18837,278
2143,278
1177,278
14794,278
35025,278
4016,278
6761,278
32782,278
8550,278
10952,278
4809,278
6993,278
20016,278
9852,278
31390,278
4277,278
1910,278
35899,278
34317,278
9495,278
3924,278
3702,278
4580,278
4405,408
32965,408
2478,408
21087,408
11431,408
1856,408
24738,408
27572,408
19998,408
30834,408
31111,408
29858,408
33622,408
35381,408
13080,408
2751,408
27148,408
12848,408
24580,408
6958,408
6018,408
8709,408
33594,408
25080,408
29785,408
29081,408
21600,408
27236,408
35987,408
32376,408
7888,408
6181,408
25627,408
4405,408
16700,408
35614,408
7277,559
22813,559
17758,559
18210,559
7745,559
36072,559
26967,559
3700,559
29050,559
20590,559
7993,559
32139,559
19649,559
37048,559
37175,559
29742,559
22670,559
29844,559
28428,559
8228,559
1738,559
30791,559
36560,559
4828,559
2674,559
28853,559
28253,559
25638,559
25929,559
9566,559
3242,559
33660,559
28847,559
25968,559
4028,559
26851,559
9103,559
2117,559
35712,559
26192,559
3242,559
24282,559
32473,559
1159,559
27857,559
2049,559
21054,559
26812,559
19330,559
22468,559
7584,559
20396,559
10339,559
8170,559
2225,559
22644,559
28237,129
12626,129
18763,129
30383,129
8443,129
15000,129
4705,129
4151,129
22584,340
32384,340
30178,340
25082,340
23989,340
17132,340
24173,340
34126,340
33031,340
31437,340
30313,340
22318,340
33244,340
29271,340
34300,340
35055,340
33371,340
27839,340
25234,340
25547,340
26327,340
32483,340
29700,340
24725,340
2463,340
24211,340
24179,340
24186,340
24165,340
24206,340
24210,340
24176,340
24178,340
24147,340
24157,340
24191,340
24187,340
24170,340
24183,340
24184,340
24167,340
24177,340
24185,340
24149,340
24161,340
24194,340
24266,340
26263,340
33562,340
29246,340
26876,340
33962,340
30479,340
33487,340
23723,340
25908,340
14405,340
27215,340
22253,340
26460,340
34067,340
33062,340
35184,340
33833,340
25406,340
32437,340
34154,340
34892,340
31213,340
32431,340
30246,340
32389,340
33976,340
33227,340
29185,340
31250,340
33113,340
34576,340
33305,340
32294,340
35185,340
33335,340
14395,340
32571,340
24286,340
34443,340
11295,340
34965,340
24024,340
31403,340
30768,340
35173,340
32119,340
34371,340
32036,340
33093,340
30761,340
34068,340
27336,340
26224,340
28790,340
34990,340
24844,340
26113,340
33151,340
27134,340
31498,340
35065,340
33412,340
18987,340
11538,340
23935,340
23508,340
23546,340
22359,340
23555,340
23532,340
23556,340
23577,340
23605,340
23567,340
23505,340
23539,340
23552,340
23499,340
23534,340
23525,340
23586,340
23602,340
23582,340
23517,340
23571,340
23595,340
23562,340
23482,340
23566,340
23531,340
23593,340
23485,340
23513,340
23510,340
23590,340
23550,340
23569,340
23487,340
23548,340
23560,340
23537,340
23495,340
23491,340
23565,340
23572,340
23520,340
23551,340
23557,340
23489,340
23536,340
23543,340
23868,340
23538,340
23575,340
23494,340
23514,340
23506,340
22828,340
23576,340
22830,340
31026,340
20856,340
17427,340
31808,340
30531,340
35077,340
31622,340
20111,340
34341,340
16766,340
20492,340
34468,340
27816,340
33590,340
28235,340
33081,340
32533,340
35134,340
17297,340
32620,340
34373,340
24422,340
35106,340
34747,340
35208,340
32028,340
11832,340
31054,340
32516,340
34449,340
34631,340
29965,340
33332,340
26352,340
20530,340
25235,340
35149,340
28833,340
30554,340
11853,340
30954,340
28201,340
11052,340
32234,340
29179,340
34961,340
32223,340
34268,340
25875,340
23661,340
35146,340
27355,340
26414,340
35162,340
33890,340
31509,340
32888,340
31966,340
27567,340
31465,340
32029,340
7110,646
6845,646
8415,646
7384,646
34219,646
19554,646
35050,646
4783,646
31346,646
22034,646
18701,646
19577,646
26115,646
5348,646
14143,646
30759,646
27317,646
9618,646
28511,646
15529,646
19045,646
19518,646
14432,646
2584,646
30894,1045
29888,1045
19828,1045
28434,1045
30310,1045
29747,1045
23838,1045
19534,1045
16116,1045
245,1045
18043,1045
6034,1045
34214,1045
16341,1045
1626,1045
23276,1045
9872,1045
27392,1045
13905,1045
4127,1045
23914,1045
19593,1045
37764,1045
16779,1045
21789,1045
15634,1045
21501,1045
31996,1045
22024,1045
8562,1045
7969,1045
20444,1045
32694,1045
33403,1045
17162,1045
1051,1045
7768,1045
29726,1045
15669,1045
19500,1045
34171,1045
30002,1045
3715,722
20614,722
18787,722
15242,722
28819,722
23570,722
8905,722
17721,722
34943,722
23623,722
33206,722
32583,722
29514,722
12400,722
19516,722
36726,722
32336,722
34941,722
23584,722
5985,722
24702,722
8939,722
28688,722
28397,722
24109,722
35306,722
29093,722
21390,722
35098,722
32318,722
2483,722
15355,722
5017,722
23294,722
33300,722
27880,722
25468,722
37427,722
8438,722
20555,722
5665,722
24001,722
5962,722
7897,722
34171,722
33827,722
763,722
8479,722
13513,722
24085,722
31338,722
1316,722
15292,722
3870,722
6604,722
22995,722
6564,722
37091,722
11868,722
34205,722
5953,71
11580,71
20552,71
20764,71
7242,71
2399,71
7200,71
5505,71
29612,71
13408,71
3508,71
7973,71
19017,71
24285,71
15107,71
21068,71
7541,71
5118,71
24531,71
3494,71
8777,71
33488,214
30546,214
32704,214
31478,214
31399,214
31609,214
32707,214
31542,214
32705,214
31404,214
31608,214
7755,214
32701,214
32695,214
32685,214
31610,214
32713,214
31618,214
31494,214
33645,214
31401,214
33633,214
31948,214
31486,214
31963,214
31965,214
32688,214
32687,214
33646,214
33677,214
33642,214
32683,214
31541,214
32689,214
32710,214
32693,214
31481,214
31407,214
32682,214
31485,214
32702,214
31422,214
31543,214
33638,214
31612,214
32692,214
30809,214
31083,214
31402,214
33678,214
33636,214
32686,214
32712,214
33670,214
32699,214
31480,214
33635,214
33644,214
32690,214
31544,214
31950,214
31539,214
31961,214
33639,214
33632,214
29280,214
27966,214
5626,214
35028,214
20797,214
23752,214
4955,214
3598,378
35441,378
11126,378
35390,378
18708,378
23490,378
1958,378
25933,378
31171,378
18593,378
32021,378
7425,378
16394,378
748,378
35390,378
35441,378
18593,378
5646,378
21517,378
20743,378
29896,378
32899,378
24339,378
27529,378
25006,378
24284,378
16346,378
21505,291
31503,291
34899,291
18189,291
3989,291
24903,291
18051,291
18894,291
15261,291
32261,291
11549,291
20713,291
3011,291
20277,291
28040,291
17683,291
22875,291
15076,291
18293,291
18792,291
3214,291
35662,291
15052,291
6781,291
18035,291
5183,291
25486,291
20118,291
15937,291
4800,291
16257,291
28736,291
25324,291
5429,291
8119,291
6622,291
72,291
3515,291
32154,291
22265,291
21921,291
22676,291
29537,291
19344,291
15098,643
18313,643
32822,643
16695,643
22191,643
15591,643
35758,643
34256,643
37177,643
23217,643
23870,643
933,643
11250,643
7431,643
15389,643
7154,643
30482,643
25896,643
32012,643
16825,643
568,643
26276,643
368,643
30281,643
27641,643
34462,643
14019,643
30281,643
16851,643
27857,643
31313,643
23423,643
25691,643
30188,643
36334,643
20665,643
25750,643
35163,643
33608,643
37256,643
37256,643
34489,643
33347,643
34205,643
20829,643
1761,643
1761,643
36542,643
22134,643
15673,643
15673,643
33197,643
24530,643
18890,643
9698,643
30251,643
30251,643
12147,643
30251,643
7112,643
16382,215
9711,215
11846,215
1404,215
27788,215
13439,215
20523,215
27686,215
27155,215
35975,215
5477,215
20459,215
25366,215
3974,215
1491,215
7964,215
35917,215
12908,215
6873,215
7850,215
8241,215
28873,215
30201,215
24778,215
20712,215
22067,215
18665,215
4641,215
10867,215
7061,215
7791,215
7052,215
34687,215
29586,215
11995,215
13060,215
9933,215
27475,215
5974,215
4430,215
20026,215
18972,215
20415,215
21835,215
12478,215
31046,215
12566,215
16802,215
17472,215
1910,215
6687,215
312,215
7739,215
31861,215
23664,215
13016,215
32763,215
8472,215
19527,215
29304,680
28889,680
19635,680
18608,680
14060,680
2662,680
18812,680
4619,680
24427,680
3839,680
24285,680
2355,680
8552,680
4835,680
13242,680
17925,680
20021,680
11008,680
7219,680
32439,680
19926,680
19471,680
22943,962
14773,962
20761,962
12731,962
9598,962
30958,962
17606,962
15984,962
17252,962
24929,962
33911,962
11344,962
9545,962
16695,962
11662,962
29608,962
18945,962
37343,962
14432,962
31971,962
30759,962
6124,962
10692,962
13449,962
28584,962
13713,962
32796,962
33603,962
28178,962
11704,962
33490,962
33607,962
25494,962
9450,962
17566,962
2298,962
9572,290
10438,290
5171,290
1548,290
478,290
5171,290
5576,290
3584,290
7883,290
3853,290
12094,290
2881,290
28979,290
12393,290
5865,290
21727,290
20185,290
10438,290
29674,290
3251,290
3251,290
29674,290
24986,290
9923,290
20185,290
30138,290
3455,290
18483,290
19331,290
31753,290
36348,290
3333,290
10126,290
25716,290
14208,290
7016,290
17030,290
23134,290
34557,290
18916,290
30167,290
18483,290
24990,290
23581,290
7604,290
28007,290
682,290
18820,290
11701,290
10170,290
22473,290
16660,290
27764,290
26517,290
34311,290
30652,290
16730,290
7644,290
30605,290
31629,290
19840,290
16870,290
16870,290
19840,290
22044,290
19745,290
1795,290
6175,290
34241,290
30640,290
26517,290
1795,290
19901,290
11221,290
11221,290
8264,290
17552,290
25461,290
15278,290
6175,290
5865,290
14676,290
22375,290
8979,290
8979,290
17447,290
30599,290
26162,290
30817,290
7615,290
28012,290
28012,290
6794,290
14188,290
9572,290
5693,290
4463,290
10648,290
8733,290
5693,290
7302,290
5338,290
17333,290
20625,290
1347,290
20024,290
246,290
10648,290
36299,290
23083,290
12786,290
20456,290
13843,290
12111,290
4819,290
7302,290
17124,290
25284,290
27490,290
17183,290
12394,290
6591,290
997,290
32108,290
32678,290
9361,290
16335,290
30405,290
14362,290
110,290
14012,290
5780,290
9358,290
756,290
478,290
4806,290
9358,290
3176,290
13326,290
12048,290
11439,290
36297,290
30250,290
27778,290
19558,290
4199,290
19476,290
1387,290
18352,290
23000,290
21921,290
26952,290
29565,290
13362,290
17067,290
16840,290
31028,290
17067,290
17149,290
16840,290
11710,290
815,290
2881,290
7435,290
17031,290
22085,290
5890,290
27059,290
26938,290
3190,290
17448,290
1795,290
5073,290
6175,290
13745,290
8839,290
5674,290
25486,290
28622,290
29725,290
31047,290
31047,290
12665,292
20256,292
30882,292
8119,292
30605,292
8355,292
6762,292
36669,292
10033,292
5677,292
5677,292
1345,292
27842,292
16877,292
12855,292
15100,292
17077,292
7056,292
16730,292
6707,292
25477,292
23801,292
2652,292
5576,292
12068,292
7633,292
25295,292
3466,292
8733,292
3584,292
3190,292
17067,292
19702,292
13905,292
19630,292
17032,292
30740,292
22869,292
22987,292
22744,292
36291,292
15718,292
30971,292
4748,292
14155,292
2195,292
36297,292
3011,292
11879,292
3045,292
11397,292
33200,292
34677,292
29784,292
26453,292
32898,292
27380,292
29426,292
14868,292
24463,292
28040,292
32177,292
21081,292
35816,292
32177,292
21779,292
21779,292
7936,292
27157,292
18311,292
36794,292
30000,292
18352,292
2861,292
1903,292
16907,292
23791,292
20380,292
23081,292
36624,292
20380,292
14534,292
17683,292
20380,292
788,292
25378,292
20380,292
22580,292
17683,292
25919,292
16257,292
19223,292
15600,292
22493,292
23226,292
22493,292
5509,292
21077,292
22473,292
32524,292
6855,292
22044,292
4213,292
2210,292
8264,292
7906,292
13863,292
29725,292
13837,292
25900,292
18071,292
31191,292
16437,292
15937,292
16957,292
20827,292
14012,292
5527,292
13529,292
13529,292
25803,292
17867,292
7485,292
29891,292
27668,610
28530,610
2392,610
12629,610
18334,610
30006,610
14651,610
36187,610
37268,610
18063,610
20514,610
6092,610
1501,610
2271,610
27994,610
26036,610
26170,610
28130,610
1709,610
10716,610
17412,610
6756,610
10414,610
16544,610
8612,610
3878,610
34586,610
24340,610
24432,610
23360,610
2396,610
15745,610
15906,610
29337,610
12418,610
22777,610
21726,610
22801,610
36446,610
77,610
31882,610
27808,610
17285,610
23641,610
34846,610
24554,610
32098,610
10439,610
34327,610
27153,610
831,11
744,11
21507,11
796,11
27769,11
14708,11
1836,11
8849,11
20767,11
23439,11
25571,11
5145,11
28572,11
3893,11
18985,11
13841,11
29738,11
22363,11
14201,11
22304,11
18774,11
3893,11
7063,11
17565,328
1863,328
3,328
32800,328
17196,328
877,328
10747,328
3270,328
21198,328
1403,328
11858,328
32939,328
33515,328
2247,328
29322,328
10174,328
2672,328
8792,328
12684,328
3891,328
13411,328
7974,328
2751,328
16655,328
26223,328
36000,328
4773,328
29096,328
24592,328
7009,328
31875,328
32769,328
10174,328
27572,328
20727,328
7715,328
29222,328
35987,328
31271,328
29143,328
9089,328
21092,328
19758,328
11875,328
14333,328
1855,328
12432,328
20481,328
20005,328
12843,328
26690,328
15189,328
37218,328
30944,833
6858,833
34296,833
21850,833
5742,833
9571,833
30068,833
3600,833
32598,833
12448,833
6538,833
855,833
34462,833
34392,833
3636,833
30152,833
20412,833
10467,833
5585,833
21935,833
21111,833
58,833
7060,833
16908,833
15863,833
33322,833
2997,833
33155,833
37640,833
23154,833
18594,833
2014,833
22430,833
14588,833
900,833
26838,833
25472,833
4592,833
11783,833
1908,833
17835,833
13075,833
21938,833
11206,25
8225,25
3956,25
15776,25
15270,25
30075,25
3948,25
13075,25
18796,25
2620,25
24110,25
24522,25
24522,25
3100,25
17690,25
9851,25
26803,25
26793,25
22477,25
6821,25
3956,25
2516,25
2516,25
17467,25
27147,25
9851,25
30828,25
31084,920
3442,920
33096,920
34937,920
36726,920
18867,920
20815,920
18661,920
14214,920
8903,920
20444,920
7726,920
15953,920
11396,920
34522,920
3635,920
27423,920
21290,920
35651,920
28230,920
11570,920
8009,920
24554,920
1414,243
6168,243
29476,243
30766,243
21967,243
10775,243
3245,243
12234,243
6711,243
4918,243
11074,243
7662,243
4115,243
36545,243
36719,243
31550,243
24781,243
1741,243
22566,243
2714,243
20207,243
36311,243
29476,243
10679,243
14375,243
5491,243
1054,243
2805,243
29403,243
26011,243
5321,243
5321,243
33166,243
24722,243
4738,243
36623,243
29988,243
5206,243
15271,243
4578,243
15552,243
3495,243
22486,243
29300,243
4801,243
30766,243
8705,243
4472,243
8153,243
1577,243
4918,243
2025,243
25445,243
22532,243
32315,243
12696,243
8814,243
29993,243
23407,243
35170,243
11333,606
217,606
6716,606
2828,606
33523,606
25889,606
23417,606
34022,606
27590,606
11884,606
6251,606
26036,606
17412,606
30323,606
16544,606
31333,606
33938,606
13087,606
1610,606
466,606
29417,606
18210,606
27270,606
3878,606
22280,606
32585,606
6130,606
6092,606
13329,606
17934,606
8400,606
34846,606
29323,606
7843,606
15572,606
23930,606
28658,606
37023,606
15756,606
2760,606
4199,606
31025,606
37347,606
24432,606
565,606
13181,606
14089,606
6598,606
1709,606
31586,606
17044,606
26172,606
31390,606
18033,606
1046,606
24739,606
27153,606
22773,606
27430,606
4530,606
35180,606
27237,606
13496,606
37435,606
25068,606
35878,606
30368,771
9869,771
7970,771
13919,771
28814,771
19940,771
35793,771
2593,771
26476,771
13419,771
17920,771
24801,771
14299,771
5520,771
8395,764
33399,764
29738,764
12609,764
8973,764
12069,764
9184,764
12998,764
33242,764
32527,764
19506,764
4055,764
4055,764
13646,764
10545,764
26564,764
2790,764
2790,764
14958,764
11761,764
9897,764
9897,764
37228,764
20635,764
1693,764
6752,764
6752,764
21884,764
4383,764
20327,764
5121,764
5121,764
263,764
530,764
5492,764
34565,764
24611,764
14822,764
35414,764
223,764
15713,718
4655,718
1462,718
21645,718
27016,718
8302,718
6356,718
12187,718
9141,718
28864,718
551,718
12929,718
30379,718
30112,718
28042,718
19771,718
28200,718
1799,718
8648,718
4912,718
18123,718
37379,526
13377,526
34765,526
16918,526
28992,526
36127,526
11408,526
33334,526
5210,526
32347,526
35128,526
10183,526
33313,526
18436,526
36424,526
31918,526
16144,526
15870,526
33971,526
21653,526
35470,526
31204,526
9062,526
19543,526
29248,526
29766,526
32463,526
22436,526
26001,526
25794,526
17743,526
29351,526
24246,603
12164,603
8517,603
13494,603
33699,603
603,603
1380,603
750,603
12444,603
5432,603
2613,603
25482,603
3068,603
2962,603
473,603
36892,603
25242,603
6095,603
8034,603
5065,603
1714,603
12485,603
36530,603
616,603
33617,603
20532,603
24732,603
20938,603
1013,603
10670,603
20532,603
13117,603
31462,603
18362,603
16422,603
29891,603
12445,603
2068,603
6251,603
35130,603
20695,603
23909,603
33871,603
6099,603
23400,603
2647,603
36455,603
33364,603
18193,603
13294,603
4301,603
11838,603
18632,603
15853,603
17162,603
17238,603
27535,603
20956,603
15477,603
14719,603
18333,603
1827,603
21293,603
1844,603
28829,603
458,603
26226,603
4767,603
33724,603
27229,603
2652,603
19513,603
27429,603
3679,603
14970,603
1791,603
17424,603
27425,603
32661,603
18882,603
29958,603
18802,603
30935,603
16704,603
7923,603
18046,603
8051,603
30138,603
13392,603
19712,603
17285,603
2901,603
10745,603
12612,603
6088,603
29912,603
34738,603
15731,603
29385,603
27017,603
14636,603
26093,603
7855,603
21367,603
12786,603
22339,603
1468,603
13510,603
27549,603
33864,603
14459,603
19559,603
16387,603
4338,603
22051,603
28852,603
35641,603
13838,603
6978,603
25015,603
27613,603
2791,603
21022,603
33697,603
24691,603
34072,603
15122,603
26883,603
25682,603
3049,603
26405,603
14733,603
14171,603
24921,603
22099,603
29222,603
6572,603
17553,603
22992,603
14061,603
26538,603
28978,603
29953,603
20839,603
29306,603
23455,603
27596,603
13943,603
2485,603
30427,603
21328,603
28532,603
9550,603
16006,603
12325,603
18839,603
36704,603
20636,603
15159,603
22789,603
33374,603
1430,603
23182,603
29457,603
29757,603
30974,603
26183,603
6450,603
35878,603
25224,603
22225,603
29881,603
13329,603
8779,603
23498,889
12870,889
26281,889
14390,889
32191,889
9581,889
37645,889
23480,889
6134,889
19651,889
33974,889
9500,889
9500,889
33974,889
26590,889
26979,889
9579,889
20175,889
20175,889
3030,889
15136,889
25620,889
25620,889
7635,889
13636,889
24277,889
21130,889
34725,889
9340,641
4824,641
24089,641
7896,641
15760,641
15239,641
10829,641
14131,641
34701,641
30129,641
27343,641
25847,641
1924,641
5345,641
17470,641
17560,641
22091,641
18335,641
26804,641
15484,641
23032,641
22261,641
35646,641
28912,641
25380,641
27412,641
15515,641
11374,641
19545,641
18213,641
29158,641
11002,641
2818,641
33235,641
18929,641
35646,641
16287,641
22573,641
8625,641
8884,641
8087,641
6638,641
11069,641
15804,641
36941,641
20197,641
33492,641
13226,641
25794,641
22440,641
19504,641
22332,641
13719,641
15894,641
9311,641
28983,641
16144,641
5308,641
24919,641
36460,641
23240,641
10948,641
11954,641
26310,641
15941,641
4535,641
29339,641
26536,641
17101,641
26185,641
13226,641
26185,641
20014,641
16819,641
26274,641
26185,641
20218,641
9985,641
11954,641
14115,641
15488,641
32175,641
18065,641
20674,641
17578,641
19069,641
19508,641
28094,641
26799,641
10497,641
36152,641
14328,641
3880,641
19895,641
34228,641
37016,641
18263,641
28078,641
18110,641
26602,641
25844,641
29757,641
5410,641
27457,641
17960,641
11843,641
10336,641
16259,641
18233,641
10336,641
2318,641
14301,641
11845,641
15163,641
18022,641
13369,641
9524,641
9787,641
19293,641
8053,641
8549,641
13537,641
8053,641
23939,641
26378,641
6208,641
27067,641
12271,641
31418,641
4758,641
14569,641
10866,641
7802,641
18536,641
8748,641
11911,641
13537,641
23669,641
18490,641
11871,641
7531,641
7531,641
2326,641
15933,641
4304,641
4114,641
13537,641
2326,641
8763,641
28310,641
27016,641
1299,641
4114,641
24243,641
35060,641
11071,641
8687,641
12621,641
5023,641
9424,641
14215,641
35093,641
14215,641
35093,641
9082,641
23284,641
13823,641
34098,641
6820,641
6863,641
28023,641
31831,641
31831,641
16283,641
36230,641
26024,641
25664,641
36759,641
14137,641
14137,641
21979,641
18316,641
10895,641
8591,641
36158,641
17252,641
11974,150
24871,150
25934,150
32743,150
10554,150
31270,150
12113,150
32804,150
26931,308
8846,308
21472,308
23674,308
32108,308
521,308
19506,308
10988,308
6685,308
28788,308
15910,308
8981,308
13961,308
19543,308
14536,308
34499,308
5277,308
27565,308
29351,308
13891,308
31212,308
516,308
26968,308
8236,308
6761,308
2133,308
5534,308
33427,308
23535,308
4419,308
18981,112
23778,112
12105,727
27394,727
3598,727
8150,727
34490,727
11863,727
22039,727
34709,727
15644,727
14315,727
25793,727
36583,727
6890,727
845,727
22943,727
21838,727
11233,727
20216,727
20318,727
8479,727
26977,727
22466,727
5867,727
26204,727
724,727
8482,727
27255,727
21125,727
5520,727
26854,727
5071,727
34834,727
29143,727
7831,727
7184,727
12830,727
5143,727
20725,727
37068,727
10999,727
30763,727
2632,727
28980,727
26523,727
26929,727
16187,727
37380,727
36534,727
36980,727
28710,727
20576,727
21793,48
3912,48
9477,48
25412,48
24641,48
15667,48
10284,48
9073,48
21782,48
17368,48
28136,48
5990,48
6874,48
22894,48
16898,48
2000,48
23395,48
20423,48
4773,48
19569,48
14107,48
3105,48
26197,48
20963,48
2533,48
5272,48
15519,48
16464,48
24116,48
3399,48
1812,48
27327,48
2241,48
2311,48
25899,48
24640,48
5645,48
10200,48
31626,48
3286,48
6647,48
1474,48
2299,48
10396,48
3032,48
2419,48
10216,48
3032,48
28255,48
7601,48
26566,48
21089,48
26566,48
11216,48
29862,48
2337,48
2015,48
5762,48
14058,48
14058,48
12739,48
19987,48
27951,48
27951,48
12426,48
26253,48
23395,48
14671,40
16804,40
20046,40
18161,40
17282,40
8335,40
6182,40
410,40
12542,40
12283,40
10823,40
5489,40
6375,40
14501,40
14021,40
8335,40
14478,40
17282,40
5859,40
24791,40
6619,40
10357,40
24791,40
12269,40
16056,40
4174,40
6682,40
24459,40
9685,40
13954,40
16920,40
20813,40
4935,40
12301,40
1113,40
28147,40
11484,40
7833,40
27044,40
22050,40
22248,40
11459,40
12146,40
8629,40
4881,40
5150,40
9789,40
4771,40
7063,40
8636,40
7231,40
8636,40
30539,40
24913,40
3260,40
11970,40
21358,40
4186,40
3713,40
3713,40
19322,40
16118,40
32239,40
7488,40
23295,40
6608,40
28011,40
565,688
590,688
98,688
25809,688
34996,688
18496,688
32082,688
5529,688
18635,688
3521,688
10403,688
12803,688
5327,688
8160,688
6369,688
21105,688
12262,688
20150,688
11597,688
34837,688
37048,688
15219,688
33515,688
36571,688
28257,688
28978,688
3600,688
13471,688
9693,688
32172,688
28304,688
5623,688
23219,688
10142,688
14851,688
33528,688
9466,688
29824,688
29824,688
7245,688
1941,688
23389,688
34211,688
8718,688
12124,688
13543,688
3552,688
11636,688
31378,688
10036,688
16534,688
9731,688
1220,688
11029,688
12437,688
34267,688
10865,688
15202,688
29853,688
29853,688
18868,688
27501,688
8837,688
20008,472
21128,472
28518,472
13401,472
9716,472
2093,472
7720,472
12240,472
4692,472
9345,472
4936,472
524,472
18852,472
2093,472
9099,472
10300,472
24842,472
34575,472
25638,472
932,472
20920,472
28246,472
36381,472
5699,472
23471,472
36848,472
17224,472
12441,472
36338,472
16968,472
37350,472
24230,472
7277,472
32716,472
28274,472
13684,472
10432,472
35000,472
36191,472
21868,472
30685,472
30650,472
37182,472
35531,472
24221,472
30527,472
10118,472
8525,472
14233,472
31713,472
26973,472
21782,472
2029,472
21782,472
18973,472
21600,472
7817,472
37354,472
18930,472
5044,472
33155,472
21345,472
22094,472
19937,472
8689,472
27891,472
34462,472
11875,472
8785,472
25394,472
26422,472
26422,472
32185,472
30602,472
8778,242
22635,242
33301,242
3373,242
19656,242
18391,242
33456,242
6821,242
17197,242
16842,242
6850,242
8564,242
1526,242
4967,242
12209,242
21117,242
28380,242
4930,242
4139,242
22840,242
17197,242
5185,242
5347,242
21155,242
14623,242
2005,242
5494,242
4867,242
5339,242
10562,242
34048,242
18078,242
3121,242
8564,242
17197,242
14994,242
21776,242
15385,242
31938,242
19172,242
4951,242
35794,242
19083,242
35631,242
8649,242
9950,242
18749,242
3460,242
3113,242
415,242
8564,242
5381,242
3935,242
2805,242
7314,242
6848,242
13708,242
34957,242
10676,242
2929,242
12207,242
4160,242
7600,242
13366,242
1874,242
5675,242
22414,242
17197,242
8564,242
8564,242
3932,242
1389,242
6809,242
20379,242
16245,242
16182,242
2413,242
14578,242
16868,242
14873,242
32735,242
2268,242
21148,242
32929,242
5221,242
30202,242
12823,242
33222,242
1886,242
12566,242
22779,242
13250,242
23884,242
9206,784
11706,784
4512,784
22133,784
16026,784
5928,784
7362,784
21342,784
3151,784
25940,784
4885,784
18251,784
18252,784
36712,784
15033,784
24229,784
1639,784
20919,784
10091,784
10446,784
8938,784
21407,784
24343,784
10927,784
16326,784
19847,784
3856,784
9516,784
25530,784
18627,784
29522,784
34450,784
14592,784
11556,784
23777,784
20817,784
28239,784
12126,784
1584,784
36948,784
16431,784
37330,784
21480,784
30575,784
35854,784
1219,784
6414,784
36311,784
1140,784
16347,784
2185,784
32670,784
21423,784
9200,784
23119,784
37253,784
14503,784
9796,784
26332,784
2128,784
36364,784
5961,784
7994,784
28411,784
23212,784
16513,784
19653,784
35922,784
31447,784
2925,784
4721,784
11265,784
15631,784
9901,784
37093,784
15631,784
38737,784
2163,784
26777,784
14305,784
13559,784
19458,784
6498,784
8112,784
74,784
10528,784
20592,784
3814,784
3755,784
29382,784
3699,784
5232,784
13169,784
24946,784
36723,784
26569,784
6325,784
12785,784
7173,784
34450,784
34450,784
35702,784
10530,784
26089,784
9040,784
9527,784
23348,784
15194,784
3508,784
22477,784
35517,784
20093,784
29749,784
35635,784
14762,784
14341,784
2026,784
25340,784
27990,784
28279,784
4075,784
27693,678
32950,678
16822,678
1171,678
11742,678
32950,678
9964,678
11933,678
2482,678
5953,678
10956,678
3896,678
883,678
35470,678
18477,678
37528,678
18827,678
30522,678
5515,678
21209,678
16526,678
35856,678
4323,678
21780,678
33427,678
19543,678
24273,678
31730,678
29351,678
5249,678
17140,678
36323,517
10838,517
33162,517
5097,517
36360,517
10942,517
36566,517
25658,517
4174,517
17625,517
14811,517
36207,517
24537,517
24537,517
33990,517
7120,5
17165,5
20085,5
26415,5
25093,5
4408,5
20858,5
1486,5
23509,5
22544,5
16007,5
11459,5
6250,5
5923,5
1605,5
24819,5
15097,5
2863,5
1461,5
4080,5
20194,5
482,5
17876,5
1098,5
4234,5
6036,5
12000,5
28547,5
5979,196
3669,196
1072,196
35143,196
20266,196
26890,196
6212,196
13137,196
31210,196
19239,196
30799,196
4659,196
565,196
25954,196
518,196
27970,196
1879,196
29046,196
21709,196
1569,196
13581,196
33652,196
24012,196
35895,196
23650,196
5784,196
19313,196
16379,196
18349,196
20972,196
12523,196
35172,196
2993,196
2525,196
21332,196
26402,196
34125,196
17881,196
21665,196
3243,196
639,196
14179,196
13487,196
34475,196
8139,196
7734,196
34824,196
30157,196
8575,196
29138,196
4732,196
1512,196
188,927
1117,927
10144,927
31685,927
19165,927
11808,927
9526,927
234,927
17008,927
33886,927
12008,927
20743,927
14370,927
9552,927
17103,927
9758,927
2194,927
6056,927
37759,927
2969,927
12613,927
12613,927
7676,927
36556,927
33584,927
16691,927
33584,927
16691,927
22030,927
11370,927
10324,927
21266,927
21266,927
30406,927
11743,927
23383,927
3619,927
5139,927
36508,927
33757,927
7170,927
15201,927
28510,927
16729,927
35186,927
20521,927
20521,927
10651,927
9532,927
21994,927
15609,927
12347,927
17159,927
31806,927
4050,927
16729,927
18701,927
31869,927
31869,927
22160,927
26301,696
24046,696
37236,696
24552,696
36533,696
33695,696
21175,696
24623,696
23164,696
15336,696
5914,696
7256,696
19879,696
29036,696
33544,696
34420,696
9303,696
37096,696
31567,696
23825,696
29892,696
28731,696
19141,696
36073,696
3476,696
5763,696
36072,696
4103,696
34176,696
19169,696
36661,696
16542,696
37411,696
31253,696
16542,696
19095,696
16309,696
10068,696
23102,696
18867,696
28661,696
27597,696
26685,696
37068,696
16997,696
21405,696
23475,696
16309,696
36957,696
21906,696
12966,696
31320,696
36834,696
31320,696
28300,696
35888,696
21258,696
18043,696
14130,696
11836,696
723,696
32333,696
22468,696
11138,696
32062,696
32919,696
26886,696
31701,696
8161,696
29948,696
23421,696
37204,696
771,696
13846,696
21860,696
34716,696
26591,696
24656,696
9128,696
31813,696
37264,696
15537,696
18421,696
19943,696
15440,696
6936,696
17471,696
28656,696
7499,696
36675,696
37311,696
6959,696
15042,696
32948,696
3881,696
26084,696
26707,696
37115,696
34481,696
24507,696
36231,696
27857,696
12574,696
18914,696
22644,696
34497,696
30743,696
31323,696
32040,696
27946,696
3125,696
21268,696
33921,696
25974,696
32573,696
30067,696
33187,696
28718,696
36930,696
21677,696
20958,696
27656,696
14112,696
2270,696
33011,696
7277,696
1907,696
35309,696
13170,696
3183,696
10975,701
8839,701
23384,701
356,701
26269,701
7705,701
32392,701
22138,701
33812,701
34636,701
11359,701
31246,701
26153,701
31155,701
22654,701
1527,701
8818,701
20463,701
35867,701
29937,701
24172,701
21292,701
9832,701
14693,701
35845,701
27179,701
33042,701
6306,701
17640,701
36217,701
33106,701
34706,701
10546,701
10546,701
22296,701
18079,701
8152,701
2843,701
33020,701
24107,701
34706,701
35960,701
3681,701
25785,701
12123,701
12123,701
26003,701
11480,701
18999,701
35880,701
27643,701
15511,701
19469,701
27643,701
34292,701
26637,701
32471,701
34865,701
1527,701
25124,701
37531,701
9784,701
29826,701
32561,701
13351,701
35797,701
27332,701
6926,701
33441,701
36704,701
17468,701
13079,701
28718,701
30329,701
32471,701
36464,701
35761,701
30895,701
29622,701
29074,701
23260,701
8152,701
13431,701
22918,701
31877,701
26709,701
26553,701
28689,701
10353,701
23332,701
36457,701
36065,701
36457,701
13192,701
10756,701
23351,701
25343,701
29470,701
36468,701
35349,701
34076,701
34076,701
643,701
23260,701
30906,701
18044,701
31149,701
21179,701
19950,701
69,701
26709,701
31224,701
69,701
33598,701
8262,701
3812,701
32218,701
19112,701
29587,701
37116,701
33986,701
23529,701
9942,701
25511,701
29858,701
18730,701
35271,701
19933,701
37164,701
37164,701
37164,701
34262,701
16617,701
2629,701
22390,701
11187,701
18304,701
18304,701
22243,701
30324,701
5952,701
13399,701
33582,701
15131,701
14727,701
29669,701
4791,701
26639,701
26639,701
32003,701
24941,701
11811,701
35349,701
32298,701
12636,701
21490,701
21490,701
34318,701
34363,701
34288,701
4791,701
36308,701
26963,701
16762,701
23816,701
36750,701
35885,701
35838,477
14856,477
8442,477
26905,477
1934,477
27198,477
7232,477
13633,477
3919,477
36583,477
8894,477
36846,477
63,477
20748,477
23686,477
2075,477
12036,477
11126,477
13399,477
25087,477
21784,477
13241,477
21784,477
13850,477
10534,477
7581,477
517,477
11482,477
8187,477
29351,477
16979,477
12001,477
14172,477
14172,477
14607,793
9305,793
34275,793
18291,793
19470,793
32005,793
19843,793
30603,793
4334,793
11410,793
12953,793
9762,793
7246,793
28896,793
5813,793
32031,793
33025,793
32031,793
7509,793
13932,793
17921,793
23112,793
18040,793
26044,793
29808,793
17286,793
15372,793
15918,793
19459,793
15102,793
33923,793
18815,793
36867,793
17014,793
11235,793
13236,793
24771,793
34959,793
19652,793
21744,793
33883,793
4863,793
35201,793
13735,793
8624,793
33706,793
8494,793
10789,793
15236,793
12463,793
16205,793
17693,793
1230,793
22530,793
28343,793
19735,793
13135,793
34578,793
24709,793
28972,793
14480,793
9882,793
1253,793
4863,793
17693,793
15978,793
30110,793
20330,793
36492,793
37227,793
29299,793
25976,793
28186,793
15678,793
30585,793
28757,793
17445,793
685,793
15701,793
9248,793
33102,793
20237,793
922,793
1580,793
37534,793
35315,793
35548,793
10440,793
35635,793
6540,793
33950,793
28819,793
12343,793
6931,793
31254,793
953,793
22919,793
20459,793
33101,793
9154,793
17620,793
26082,793
18975,793
381,793
16130,793
20469,793
31571,793
5008,793
7880,793
19640,793
18380,793
36648,793
6828,793
37519,793
6930,793
36528,793
27245,793
14912,793
19847,793
29009,793
7336,793
28661,793
9202,793
7379,793
12283,793
17085,793
27497,793
10588,793
14488,793
15545,793
20739,793
20662,793
35414,793
20591,793
17177,793
9634,793
11556,793
6534,793
29993,793
3409,793
17281,793
8599,793
16262,793
6089,793
7013,793
34047,793
36037,793
10952,793
11117,793
19470,793
15255,793
1664,793
9424,793
26636,793
37612,793
33474,793
28576,793
35137,793
10895,793
35320,793
36596,793
35404,793
34073,793
27386,793
17562,793
28461,793
13528,793
15141,793
37433,793
27364,793
2704,793
17517,793
24106,793
10764,793
10764,793
17120,793
300,793
34257,793
16090,793
16575,793
13067,793
18345,793
33222,793
19633,793
19672,793
34272,793
27407,793
2318,793
18660,793
6061,793
8746,793
31532,793
22119,793
3717,793
25333,793
6918,793
12909,793
893,793
10719,793
18421,793
19890,793
31304,793
36545,793
6207,793
11638,793
16,793
36673,793
2141,793
4334,793
9297,793
4073,793
4353,793
19285,793
17320,793
9415,793
19990,793
17996,793
34041,793
35676,793
608,793
16183,793
33170,793
12126,793
20910,793
26932,793
22086,793
37539,793
31816,793
37475,793
1061,793
12116,793
20568,793
22887,793
36529,793
9823,793
24955,793
36918,793
36028,793
3522,793
33398,793
19804,793
25163,793
18590,793
9287,793
11709,793
13875,793
4224,793
35933,793
34343,793
14700,793
15608,793
12135,793
36816,793
20778,793
24074,793
23352,793
29075,793
18655,793
22614,793
14070,793
5136,793
23973,793
21236,793
27802,793
14479,793
25175,793
16145,793
17697,793
7114,793
18651,793
13033,793
19615,793
1388,793
1994,793
26108,793
10006,793
26823,793
252,793
14046,793
36527,793
19697,793
10370,793
32676,793
34387,793
13228,793
33348,203
34669,203
5340,203
12027,203
1878,203
31833,203
6447,203
13740,203
14102,203
17243,203
8664,203
8664,203
29145,203
35913,203
3834,203
36001,203
32646,203
10693,203
24433,203
22523,203
23243,203
30183,203
26745,203
19303,203
7023,203
13622,203
23178,203
24985,203
11675,203
31270,203
5770,203
13812,203
29783,203
26703,203
14499,203
5336,203
26259,203
6733,203
6439,203
13304,203
35075,203
18019,203
31682,203
21817,203
24108,203
12619,203
17043,203
14556,203
13216,203
230,203
30866,203
35967,203
25797,203
993,203
7815,203
4377,203
8271,203
9923,203
19288,203
35988,203
30432,203
13642,203
17982,203
18391,203
1920,203
21952,203
20654,203
23214,203
25718,203
13646,203
17259,203
35406,203
18953,203
31675,203
25679,203
32304,203
3048,203
10986,203
8397,203
8397,203
14481,203
12226,203
16851,203
4028,203
13172,72
22770,516
17578,516
18220,516
26296,516
33823,516
33821,516
31346,516
3104,516
29939,516
26676,516
32220,516
30937,516
21313,516
33758,516
36968,516
16964,516
33971,516
5635,516
18182,516
10313,516
1927,516
11810,516
3607,516
2908,516
7366,516
11245,516
9168,516
35414,516
26910,516
3394,516
3394,516
11173,516
15054,516
33410,516
36133,516
7594,594
217,594
17554,594
31885,594
3201,594
6996,594
14572,594
1531,594
35529,594
30591,594
20063,594
9284,594
35459,594
18601,594
9945,594
139,594
36362,594
29966,594
13810,594
8015,594
4030,594
6835,594
33788,594
35292,594
6671,594
7471,594
15357,594
19450,594
24607,594
31203,594
6437,594
12030,594
12717,594
25525,594
34738,594
15627,594
10516,594
12245,594
23092,594
12507,594
3990,594
3310,594
37347,594
19942,594
10051,594
15906,594
4703,594
18870,594
29337,594
28507,594
19578,594
8085,594
9277,594
4510,594
887,594
21732,594
3692,594
24031,594
1050,594
466,594
2934,594
9038,594
7047,594
34586,594
35731,594
34447,594
8017,594
9455,594
3141,594
10981,594
31238,594
28049,594
24441,594
28229,594
6213,594
20425,594
13777,594
37152,594
13311,594
22211,594
21606,594
4259,594
20000,594
31131,594
20000,594
24098,594
17290,594
23465,594
36124,594
13004,594
34129,594
26389,594
28473,594
36467,594
20424,594
344,594
37817,1023
14442,1023
33798,1023
19411,1023
28244,1023
19411,1023
28244,1023
11675,1023
30136,1023
25565,1023
8099,1023
7882,1023
12340,1023
24957,1023
22393,1023
13493,1023
27800,1023
553,1023
553,1023
32645,1023
553,1023
553,1023
19051,1023
31842,1023
35525,1023
29462,1023
29209,1023
4523,1023
10773,1023
553,1023
553,1023
553,1023
553,1023
7096,1023
28807,1023
7101,1023
13577,1023
26652,1023
20475,1023
553,1023
24334,1023
20322,1023
18504,1023
553,1023
24394,1023
746,1023
3183,1023
24699,1023
6380,1023
37729,1023
23630,1023
25084,1023
12536,785
19295,785
19851,785
8762,785
35534,785
20933,785
35567,785
9348,785
37505,785
25212,785
12309,785
22382,785
37343,785
31713,785
18315,785
20789,785
19232,785
32716,785
34056,785
36560,419
22247,419
22933,419
7652,419
37147,419
6340,419
11234,419
27910,419
22152,419
3349,419
34920,419
10242,419
22100,419
36032,419
29491,419
772,419
33847,419
29155,419
23179,419
27625,419
21137,419
19324,419
9855,419
3734,419
13874,419
24909,419
33063,419
21063,419
36887,419
22263,419
23248,419
20544,419
20288,419
34439,419
34439,419
26616,419
16473,419
11138,419
24351,419
6424,419
9150,419
4382,419
26591,419
24351,419
17201,419
35514,419
36887,419
35912,419
32951,419
23208,419
11514,419
30118,419
8388,419
7483,419
32912,419
29042,419
29042,419
27957,419
13050,419
11694,419
27261,419
963,419
14441,419
21355,419
34719,419
36585,419
5255,419
15849,419
36537,419
11735,419
9089,419
34847,419
5930,419
31954,419
36762,419
25223,419
22589,419
22589,419
19479,419
7011,419
28458,265
6750,265
378,265
884,265
14467,265
35343,265
10287,265
19237,265
25533,265
23724,265
15917,265
21517,265
14917,265
20117,265
13152,265
15613,265
15613,265
10797,265
36356,265
20093,265
15087,265
36711,265
793,265
1529,265
17564,265
36703,265
35495,265
13298,265
29238,265
7231,265
13298,265
19529,265
9118,265
3454,265
9723,265
5681,265
4595,265
1803,265
20435,265
16569,265
28082,265
10236,265
36097,265
25382,265
2473,265
2355,265
21668,265
5205,265
22331,265
257,265
20153,265
35901,265
14122,265
665,265
5084,265
35343,265
22054,265
20546,265
10352,265
19276,265
4574,265
5147,265
11519,265
34413,265
35010,265
21643,265
6279,265
9505,265
35010,265
36066,265
29502,265
13780,265
11323,265
36618,265
15880,265
19097,265
23757,265
17973,265
30426,265
2071,265
10547,265
14373,265
20816,265
15427,265
20241,265
12258,265
17289,265
31884,265
8167,265
35899,265
10827,265
28464,265
11140,265
30142,265
11896,265
31774,265
10237,265
15377,265
26220,265
15332,265
3351,265
15033,265
31264,265
19052,265
14585,265
3771,265
11387,265
10567,265
17086,265
4065,265
18810,265
15665,265
5805,265
26035,265
9007,265
23676,265
6105,265
9428,265
7905,265
18765,265
8163,265
30634,265
25866,265
20753,265
10916,265
107,265
9174,265
29757,265
15436,265
28279,265
33436,265
6860,265
12957,265
22745,265
13654,265
5305,265
5494,265
1286,265
2724,265
25105,265
8247,265
10301,265
21691,265
4201,265
17271,265
36616,265
24225,265
8311,265
12463,265
21686,265
27263,265
11192,265
1698,265
36490,265
16573,265
5892,265
29697,265
26423,265
4194,265
17335,265
14820,265
23315,265
7293,265
2532,265
32734,265
2976,265
28700,265
21174,265
15171,265
15421,265
2840,265
33929,265
8898,265
9929,265
4571,265
36244,265
23135,265
8037,265
2946,265
6482,265
3201,265
6222,265
7745,265
4063,265
27340,265
33166,265
53,265
21,265
25855,265
31780,265
10366,265
25298,265
452,265
18919,265
8862,265
15812,265
8529,265
32567,265
19382,265
24796,265
13768,265
17545,265
1535,265
21169,265
2976,265
6455,265
24764,265
25725,265
28400,265
6270,265
3621,265
22518,265
12559,265
25574,265
10364,265
12061,265
25158,265
16866,265
28351,265
4930,265
8050,265
25158,265
28619,265
9257,265
835,265
35144,265
7918,265
21673,265
18970,265
8720,265
6137,265
17589,265
22882,265
1254,265
9517,265
7260,265
2163,265
19202,265
34111,265
15952,265
9949,265
1526,265
15672,265
948,265
11133,265
10009,265
4751,265
5829,265
5003,265
3302,265
14971,265
6442,265
27569,265
28708,265
34861,265
33917,265
2929,265
5354,265
27216,265
23817,265
17289,265
29212,265
9981,265
2365,265
15448,265
28457,265
1201,265
13,265
22011,265
36740,265
35471,265
17028,265
30206,265
14039,265
2062,265
13661,265
1376,265
7265,265
27699,265
15209,265
1181,265
20658,265
7902,265
10153,265
18147,265
11391,265
14436,265
1263,265
19502,265
13071,265
8995,265
16820,265
21921,265
35420,265
20745,265
18283,265
18495,265
17399,265
4207,265
7282,265
34066,265
8802,265
36628,265
34016,265
838,265
15174,265
34105,265
9346,265
34699,265
23817,265
9219,265
15352,265
27635,265
5684,265
9753,265
1584,265
1106,265
30810,265
23906,265
8056,265
5586,265
35939,265
10912,265
635,265
12122,265
33523,265
23619,265
25671,265
19911,265
10423,265
26506,265
2246,265
10652,265
1512,265
13588,265
647,265
20290,265
20768,265
10027,265
23985,265
5615,265
17391,265
14515,265
29091,265
21943,265
16342,265
17043,265
35548,265
19421,265
32103,265
1099,265
20029,265
2158,265
4788,265
35922,265
9950,265
7751,265
8598,265
34018,265
14017,265
6453,265
7600,265
36008,265
34584,265
4821,265
13239,265
3630,265
3340,265
17453,265
13308,265
33069,265
25742,265
21177,265
11178,265
36140,265
23858,265
2318,265
12266,265
32042,265
3001,265
8155,265
27835,265
19666,265
24330,265
35341,265
16897,265
22691,265
28625,265
33602,265
16091,265
4980,265
29225,265
15857,265
32785,265
35810,265
27024,265
18070,265
18070,265
4686,265
31844,265
16351,265
27835,265
20832,265
28576,265
30698,265
14678,265
24396,265
5266,265
5710,265
7939,265
12835,265
2025,265
27835,265
19088,265
12054,265
19719,265
22591,265
6687,265
272,265
14644,265
29095,265
32442,265
1377,265
27877,265
18652,265
13920,265
21873,265
17389,265
2242,265
13675,265
21403,265
4057,265
14293,265
7167,265
23398,265
27611,265
32474,294
17156,294
31148,294
33843,294
27157,294
28791,294
25118,294
25900,294
25157,294
21946,294
23404,125
27749,125
22376,125
25939,125
27173,125
21775,125
29198,125
25639,125
24398,125
31108,125
28906,125
13198,125
18207,125
16369,125
18371,125
33747,125
33747,125
30830,125
926,653
2231,653
25025,653
7390,653
30786,653
15324,653
22968,653
20888,653
24470,653
17228,653
26129,653
28753,653
31152,653
12454,653
36672,653
28801,653
33017,653
9276,653
31146,653
31146,653
6838,653
16706,653
33017,653
14042,653
9839,502
2413,502
1901,502
3304,502
11923,502
12993,502
18995,502
11116,502
8503,502
16488,502
14252,502
16041,502
16665,502
1650,502
7081,502
1650,502
11590,502
636,502
34731,502
17486,502
11695,502
12352,502
17914,502
318,502
24216,502
20225,502
17734,502
14613,502
23836,502
16708,502
31116,502
25920,420
11309,420
31224,420
36748,420
23067,416
28656,416
20100,416
17496,416
31758,416
10228,416
27268,416
28454,416
29605,416
27374,416
26410,416
21668,416
32279,416
33992,416
14307,416
1608,416
7545,416
34802,416
16962,416
12975,416
26715,416
22418,416
1365,416
4936,416
1365,416
24359,416
31029,416
34369,416
25316,416
25935,416
22418,416
10081,416
27031,416
685,416
14429,416
27587,416
35498,416
12479,416
7155,416
21955,416
6807,416
22172,416
10421,416
35920,416
2283,416
2690,416
25577,416
18328,416
32976,416
20654,416
25407,416
34847,416
27055,416
5219,416
5610,416
21724,416
7313,416
34425,416
35463,416
7134,416
21100,416
28233,416
29453,416
3615,416
24575,416
21863,416
34128,416
12510,416
6973,416
12554,416
26681,416
12554,416
3334,416
35105,416
19070,416
5929,416
26681,416
21669,416
36058,416
36173,416
33844,416
36159,416
35105,416
15823,416
14036,416
7342,416
32363,416
2518,416
11129,416
20057,416
3664,416
25931,416
1189,416
30080,416
19140,416
26583,416
3971,416
6181,416
33220,416
21140,416
34801,416
6624,416
23469,416
2322,416
4422,416
5581,416
27598,416
34461,416
33220,416
7730,416
10007,416
30459,416
10371,416
9479,416
1001,416
23743,416
8233,416
9387,416
27148,416
21176,416
36086,416
16948,416
6150,416
23743,416
24221,416
33349,416
16625,416
7636,416
8180,416
28503,416
29994,416
20230,416
22263,416
6131,416
21714,416
4111,416
17126,416
25042,416
8300,416
19192,416
7181,416
20923,416
32997,416
35592,416
25618,416
36819,416
32997,416
19178,416
26478,416
12372,416
35324,416
4447,416
19226,416
31035,416
25650,416
19178,416
29670,416
13083,416
10780,416
24899,416
24667,416
24667,416
36339,416
5894,416
36517,416
1989,416
28957,416
10116,416
7021,416
20708,416
3719,416
31773,416
32577,416
30131,416
34340,416
19935,416
5733,416
24488,416
31408,416
31345,416
31345,416
5255,416
23682,416
31758,416
11090,416
28994,416
31669,416
20829,416
24653,416
32282,416
19043,416
31892,416
34847,416
24592,416
30122,416
4272,416
31512,416
30602,416
11898,416
3227,416
15597,416
768,416
20742,416
34365,416
23673,416
32828,416
32828,416
30929,416
8780,416
23051,416
6630,416
21481,416
20143,416
28349,416
32666,416
28268,416
17589,416
4939,416
11680,416
20297,416
35916,416
3440,416
19117,416
29516,416
2043,416
28367,416
21469,416
28590,416
14604,416
13575,416
24727,416
8260,416
10732,416
11461,416
31255,416
13424,416
21028,416
6772,416
18771,416
14333,416
6493,416
3709,416
34857,416
25068,416
32476,416
3457,416
36549,416
18052,416
25572,416
14058,416
12420,416
28223,416
6763,416
5105,416
23692,416
17713,416
32931,416
33197,416
23030,416
26897,416
32077,416
18407,416
17019,416
27696,416
25029,416
32612,416
32612,416
5033,416
34975,416
23699,416
24516,416
23956,416
23349,416
35229,416
29534,416
25657,416
24848,416
24838,416
21693,416
24303,416
21024,416
4938,416
2353,416
5565,416
33651,416
32157,416
16596,416
18806,416
23207,416
11106,416
4366,416
4618,416
1816,416
2233,416
184,416
17312,416
1091,416
26886,416
2301,416
4499,416
5640,416
954,416
17407,416
37374,416
6201,416
24287,416
12657,416
20747,416
22890,416
6973,416
10685,416
33215,416
33215,416
9482,416
12253,416
37071,416
10601,416
7668,416
34239,416
6973,416
19161,416
32540,42
20181,42
28966,42
27252,42
10459,42
19053,42
15447,42
29123,42
26894,42
12072,42
8210,42
8006,42
6608,42
20287,42
29123,42
10646,42
24182,42
22180,42
22180,42
24182,42
29277,42
11992,42
29277,42
20287,42
11992,42
13131,42
15447,42
30085,42
2797,332
29601,332
32745,332
31500,332
10414,332
3089,332
36537,332
31406,332
9865,332
29139,332
12913,332
24832,332
25765,332
16446,332
1583,332
681,332
31354,332
18846,332
8590,332
33856,332
37057,332
31463,332
31731,332
21865,332
30849,332
13682,332
964,332
11060,332
24393,332
32718,332
31308,332
37007,332
36654,332
27552,332
34691,332
35974,332
34391,332
7357,332
18129,332
36189,332
14239,332
28721,332
13856,332
7307,482
12716,482
11449,482
989,482
32737,482
15182,482
13062,482
7706,482
26858,482
32216,482
6180,482
29608,482
1084,482
28023,482
300,482
34377,482
25236,482
18272,482
9399,482
9259,482
15911,482
5883,482
29785,482
7920,482
12090,482
23660,482
23660,482
27287,482
33499,482
14374,482
35029,482
5458,482
33931,482
23530,482
18468,482
15954,482
8535,482
1339,482
31820,482
16814,482
10575,482
26612,482
20540,482
19760,482
10782,482
9099,482
4597,482
3233,482
5734,482
30470,482
17647,482
17647,482
11169,482
16819,482
5241,482
2174,482
32669,482
13327,482
9022,482
388,482
12953,482
12493,482
12850,482
25631,482
21675,482
17536,482
24168,482
25014,482
12466,482
5267,482
15567,482
19813,482
3054,482
19363,482
16375,482
26378,482
11057,482
36230,482
14019,482
30548,482
18232,482
795,482
28535,482
22941,482
19997,482
26804,482
18110,482
15493,482
18359,482
35541,482
3002,482
30773,482
2329,482
21772,482
12808,482
27776,482
8711,482
21974,482
8393,482
13928,482
5744,482
4804,482
15238,482
20144,482
10728,482
22036,482
13263,482
13323,482
16938,482
26531,482
34765,482
24385,482
11384,482
22959,482
13946,482
19946,482
13066,482
16288,482
12596,482
5748,482
27234,482
5401,482
31604,482
5893,482
9484,482
7627,482
8563,482
29021,482
15091,482
24608,482
16435,482
26564,482
26797,482
19092,482
15567,482
7249,482
26671,482
25585,482
24456,482
22488,482
8941,482
12028,482
18447,482
35284,482
24456,482
9266,482
24859,482
7613,482
18222,482
19290,482
28795,482
11946,482
2356,482
21457,482
22188,482
22188,482
33804,482
33804,482
19306,482
22976,482
30629,66
16951,66
26348,66
15550,66
6941,66
32892,66
23748,66
2500,66
32639,66
11975,66
29752,66
12795,66
20701,66
14416,66
7897,66
10097,66
27446,66
25266,66
26340,66
20567,66
14925,66
10381,66
126,66
28938,66
32593,66
28431,66
25735,66
16299,66
26864,66
9241,66
4300,66
5248,66
30619,66
14542,66
31280,66
4027,66
14542,66
31793,66
7973,66
31936,66
16680,66
5088,66
17871,66
20127,66
12951,66
27686,66
30678,66
11607,66
23036,66
29168,66
30029,66
12860,66
25806,66
32729,66
27712,66
31107,66
32425,66
32631,66
12874,66
32399,66
31208,66
28497,66
15795,66
5945,66
22653,66
32348,66
27352,66
21960,66
28091,66
220,66
29716,66
24130,66
26843,66
16462,66
29685,66
5167,66
31276,66
18688,66
9392,66
18288,66
31679,66
33343,66
22768,66
21730,66
30913,66
12912,66
30065,66
25089,66
31631,66
29701,66
29494,66
29231,66
17995,66
17680,66
29351,66
23640,66
1807,629
12892,629
25128,629
16076,629
5938,629
8676,629
13748,629
14863,629
15935,629
385,629
511,629
9010,629
16413,629
13642,629
14466,629
13995,629
35884,629
5287,629
25369,629
31997,629
28312,629
37211,629
34998,629
30114,629
30988,629
32417,629
8959,629
35111,629
11923,629
12883,629
2470,629
1024,629
7446,629
12553,629
6773,629
35935,629
14436,629
29110,629
35478,629
36800,629
24652,629
20744,629
17859,629
17779,629
32371,629
24660,629
15458,629
34954,629
12237,629
33155,629
13181,629
20876,629
3597,629
27202,629
37045,629
7584,629
491,324
11977,324
7671,324
17112,324
10147,324
5385,324
1480,324
21381,324
29302,324
29511,324
16634,324
6618,324
6281,324
6281,324
1552,324
27521,324
9147,324
25291,324
11977,324
21607,356
7524,356
26737,356
32932,356
21971,356
24440,356
13791,356
22598,356
32764,356
32492,356
25623,356
7865,1025
28630,1025
37645,1025
2464,1025
9701,1025
34225,1025
36292,1025
15112,1025
23352,1025
30943,1025
25317,1025
24277,1025
37052,1025
21130,1025
6239,1025
16804,1025
15448,282
3308,282
537,282
16333,282
6994,282
10508,282
14440,282
10834,282
4739,282
13086,282
9029,282
26283,282
4157,282
17958,282
28627,282
16297,282
14363,282
6960,282
5934,282
24634,282
2657,282
7690,282
15485,282
4812,282
9603,282
23497,282
34740,282
13923,282
6906,282
23497,282
17200,282
8736,282
33406,282
16477,282
11969,282
9330,282
34058,282
13787,282
24330,282
19737,282
28625,282
31873,282
9245,282
20485,282
939,282
13124,282
4142,282
10098,282
3187,282
18758,282
17160,282
27569,282
17632,282
6454,282
13436,282
11556,282
35586,282
2260,282
16574,282
24526,282
1434,282
2149,282
7197,282
3101,282
8230,282
20054,282
30164,282
8268,282
6425,842
2569,842
7642,842
27047,842
22275,842
9865,842
8174,842
28024,842
13327,842
14486,842
26555,842
16506,842
27262,842
17913,842
15110,842
17653,842
18313,842
58,842
18675,842
25965,842
5917,842
37301,842
6476,842
34781,842
5664,842
15043,842
36008,842
23257,842
19808,842
28584,842
10608,842
27251,842
2104,842
18620,842
31181,842
18793,842
5760,842
19255,842
30989,842
6990,842
16166,842
12478,842
19255,842
13262,842
12183,842
16932,842
18766,842
3183,842
8940,842
37048,842
15923,842
264,842
6632,842
19904,842
13262,842
16346,842
19904,842
10016,842
30463,842
7858,842
37505,842
3319,842
18624,842
10907,842
1281,842
3339,842
35720,842
1789,842
12418,616
3742,616
1148,616
29394,616
12030,616
15357,616
12022,616
1555,616
16465,616
34660,616
29442,616
33038,616
32312,616
32886,616
32472,616
34650,616
12844,616
13412,616
10269,616
26538,616
5298,616
4062,616
4413,616
3402,616
32019,616
11120,616
11903,616
37332,616
9609,616
35541,616
16895,616
24069,616
642,616
8982,616
11507,616
31339,616
28946,616
31388,616
3233,616
22605,616
9726,616
36174,616
1762,616
30537,616
4891,616
2690,616
10289,616
4313,616
28532,616
6950,616
12133,616
6965,616
21999,616
23120,616
29830,616
5095,616
449,616
36241,616
28831,616
2312,616
14343,616
24582,616
36575,616
33876,616
13032,616
3515,616
10371,616
25621,616
34604,616
11032,616
13413,616
33258,616
91,616
8427,616
22113,38
16000,38
28197,38
16348,38
26366,38
5275,38
993,38
27833,38
8115,38
26835,38
2254,38
15037,38
23204,38
12428,38
22962,38
20705,38
8666,38
31128,38
18665,38
15592,38
16546,38
22705,38
28812,38
9429,38
2254,38
17164,38
4794,38
4288,38
27455,38
25938,38
12236,38
25476,38
28432,38
14724,38
16099,38
26633,38
27028,38
7348,38
18142,38
4326,38
26895,38
4524,38
29918,38
22818,38
17061,38
467,38
29095,38
15934,38
26399,38
16952,38
19917,38
7410,38
10217,38
10806,38
32462,38
6224,38
24741,38
4789,81
30201,81
13120,81
1787,81
1691,81
21880,81
15651,81
3673,81
2512,81
13104,81
896,81
12544,81
6695,81
20974,81
18167,81
7081,81
294,81
1650,81
3699,81
23068,81
1640,81
11195,81
29788,200
35155,200
32859,200
22362,200
31142,200
22109,200
12273,200
22788,200
20740,200
35772,200
9765,200
19810,200
34152,200
26507,200
9767,200
31856,200
23530,200
33104,200
34822,200
30351,200
21117,228
3595,228
3537,228
2174,228
2174,228
15156,228
5488,228
6371,228
1503,228
23674,228
6568,228
3981,228
33971,228
12934,228
21967,228
36484,228
6945,228
9876,228
7729,228
6007,228
12329,228
36044,228
5807,228
15967,228
13008,228
30700,228
3207,228
25263,228
7842,228
18749,228
36641,228
9527,228
16648,228
7662,228
12028,228
13346,228
5325,228
21561,228
11177,228
24793,228
2354,228
13197,228
12145,228
6301,228
9454,228
21839,228
9882,228
5008,228
25846,228
3348,228
1162,228
3348,228
1162,228
12696,228
32918,228
7434,228
7434,228
14838,228
12298,228
8875,228
759,228
9527,228
15437,228
35144,228
32984,228
17630,228
8875,228
6290,228
33222,228
24332,228
23533,228
4262,228
4262,228
14293,228
23305,228
3182,228
8875,228
4384,228
5501,228
13656,228
13012,228
4384,228
8875,228
35475,228
5501,228
24908,228
28046,228
4384,228
27379,228
4466,228
10018,228
8875,228
31370,228
28717,228
15890,228
24989,228
34994,228
18061,228
24578,228
3192,228
23426,228
1340,228
1362,228
1362,228
14484,228
17169,228
8875,228
18061,228
9979,228
17169,228
18061,228
21958,228
8875,228
8875,228
15759,228
27140,228
17591,228
31382,228
17346,228
21403,228
1526,228
8875,228
9979,228
15858,228
26746,228
6526,228
1054,228
20874,228
9527,228
29411,228
23533,228
9527,228
3119,228
34736,228
15116,228
27715,228
16811,228
5732,228
29022,228
219,228
5501,228
5501,228
6915,228
6915,228
2137,228
24434,228
10014,227
17981,227
33032,227
35595,227
9247,227
22833,227
17519,227
19210,227
10304,227
8649,227
11060,227
4056,227
567,227
19812,227
30444,227
31332,227
26462,227
8440,227
20836,227
24708,227
10652,227
4056,227
28308,227
4358,227
35116,227
6046,227
24874,227
22876,227
22864,1054
21511,1054
22683,1054
21428,1054
2521,1054
7927,1054
4180,1054
23715,1054
23812,1054
10979,1054
26488,1054
631,1054
20047,1054
4904,1054
18623,1054
33801,1054
13594,1054
15254,1054
17058,1054
10839,1054
35421,1054
14797,1054
19914,1054
27844,1054
13478,1054
18082,1054
21879,1054
83,1054
32374,1054
40,1054
8253,1054
19119,1054
25172,1054
33450,1054
14149,1054
26049,1054
31195,1054
19891,1054
34948,1054
21874,1054
34247,1054
22732,1054
20655,1054
4256,1054
14073,1054
22701,1054
25586,1054
32331,1054
29214,1054
24190,1054
33163,1054
37934,1054
33077,1054
24331,1054
23888,1054
4683,1054
21921,1054
31445,1054
22342,1054
29795,1054
23526,1054
2267,1054
35391,1054
347,1054
3146,54
9206,54
1371,54
9320,54
2610,54
19734,54
708,54
29254,54
27892,54
24962,54
21006,54
4302,54
27892,54
3840,54
6446,54
9438,54
3344,54
11690,54
23639,54
7653,54
6225,54
1856,54
26935,54
24120,54
9313,54
13769,54
7039,54
31587,54
11033,54
27325,54
28399,54
22125,54
1856,54
31587,54
10645,54
902,54
11949,54
790,54
2524,54
2793,54
4118,54
22018,54
24674,54
23054,54
12443,240
6422,240
11080,240
35849,240
35144,240
15759,240
34529,240
27725,240
5728,240
19582,240
24984,240
21611,240
35138,240
27548,240
27104,240
35181,240
1054,240
24476,240
13259,240
1225,240
27403,240
22020,240
13259,240
26850,240
8225,240
16943,240
16245,240
19227,240
3098,240
2988,240
28413,240
14269,240
27341,240
23467,240
10561,240
16123,240
5383,240
11083,240
13656,240
21737,240
21737,240
19495,240
16416,240
23165,240
19526,240
956,240
11067,240
36495,240
19210,240
28380,240
34146,240
7738,240
378,240
19262,240
1070,240
712,240
6171,240
77,240
29474,240
32250,240
4410,240
17255,240
24138,240
30626,240
21330,240
9019,240
16270,240
12159,240
22218,240
31550,240
21174,240
21265,240
25490,240
23301,240
12002,240
17694,240
17143,240
30314,240
26730,240
36719,240
34527,240
1270,240
36705,240
20468,240
32478,240
28944,240
33222,240
3426,240
36628,240
36589,240
1842,240
1757,240
27379,240
3667,240
3078,240
14959,240
18117,240
28430,240
909,240
4188,240
23426,240
29115,240
24026,240
34663,240
4738,240
13115,240
13298,240
3887,240
6730,240
2444,240
29988,240
12503,240
11985,240
19524,240
13266,240
10801,240
20170,240
2625,240
6810,240
7648,240
13806,240
34863,240
34863,240
4345,240
22060,240
9711,240
36188,240
34792,240
13193,240
15960,240
21839,240
21303,240
10952,240
341,240
14241,240
8705,240
18912,240
165,240
16434,240
33145,240
1456,240
23376,240
5795,240
20214,240
21773,240
36635,240
9111,240
29641,240
25982,240
3121,240
912,240
3905,240
26011,240
15485,240
1350,240
13606,240
2444,240
12163,240
34863,240
5410,240
33726,240
7435,240
13456,240
31178,240
35872,240
15246,240
15962,240
10057,240
25729,240
4873,240
32434,240
13290,240
9754,240
16674,240
8830,240
9075,240
7263,240
1656,240
20073,240
30698,240
2505,240
3182,240
2931,240
15931,240
17619,240
20211,240
34210,240
7469,240
23095,240
30959,240
25568,240
25152,240
25263,240
7236,240
30092,240
5978,240
21611,240
30700,240
3852,240
24434,240
1242,240
29781,240
5675,240
6116,240
34863,240
34602,240
1921,240
32495,240
6207,240
24621,240
29930,240
28154,240
11093,240
32343,240
27733,639
27905,639
21372,639
34142,639
13548,639
10161,639
5921,639
8157,639
31589,639
30988,639
5229,639
1691,639
24133,639
37293,639
29935,639
37064,639
12904,639
6405,639
3104,639
22985,639
2626,639
10262,639
23179,639
5682,639
37068,639
30151,639
6027,639
16663,639
11412,639
22694,639
30114,639
23476,639
29930,639
14287,639
6330,639
19932,639
29819,639
37294,639
36684,639
22410,639
18766,639
4130,639
29696,639
34097,639
25283,639
23984,639
36223,639
6485,639
36500,639
440,639
5475,639
914,639
16851,639
3127,639
7857,639
34792,639
18517,639
32965,639
25820,639
13531,639
11847,639
10767,639
6493,639
2606,441
13550,441
19902,441
3769,441
35036,441
19959,441
20470,441
1363,441
4826,441
569,441
11316,441
12443,441
1945,441
8826,441
29523,441
7408,441
29255,441
8089,441
6685,441
36725,441
22858,441
207,441
850,441
15080,441
193,441
14227,441
9554,441
8174,441
1237,441
19047,441
648,441
10785,441
6946,441
35439,441
5140,441
5346,441
5459,441
4403,441
13357,441
17953,441
22398,441
6241,441
23389,441
12373,441
4174,441
9604,441
204,441
10673,441
3332,441
16275,441
33103,441
4859,441
20721,441
9014,441
4802,441
24761,441
9014,441
7386,441
25265,441
22598,441
20766,441
2099,441
14255,441
23633,441
4802,441
9604,441
23250,441
28354,441
14581,441
3358,441
3991,441
6392,441
925,441
4605,441
35337,441
18295,441
8108,441
20171,441
11316,441
13842,441
4430,441
2168,441
27966,441
9604,441
14056,441
36771,441
14024,441
31139,441
4661,441
4699,441
10754,441
18669,441
30546,441
9285,441
5081,441
4547,441
5468,441
11145,441
22632,441
21651,441
4405,441
18915,441
6576,441
4892,441
26041,77
4386,77
15161,77
16163,77
29761,77
12951,77
4594,77
28973,77
11494,77
10918,77
11558,77
5718,77
21654,77
10097,77
32425,77
25067,77
26915,77
18666,77
23190,77
14428,77
4064,77
33613,77
19370,77
17891,77
33764,77
13182,268
20012,268
4443,268
4722,268
13999,268
10471,268
9934,268
13152,268
4869,268
21191,268
8656,268
12268,268
8750,268
28356,268
18843,268
36746,268
32722,268
2318,268
23924,268
18292,268
20207,268
22095,268
33233,268
11230,268
36648,268
6743,268
4571,268
17955,268
3454,268
23088,268
7032,268
7189,268
13902,268
1376,268
22448,268
13147,268
5511,268
26432,268
19551,268
32901,268
9115,268
9929,268
15880,268
547,268
3031,268
18522,268
28333,268
9577,268
31764,268
34768,268
519,268
27065,268
13726,268
36734,268
15826,268
16818,268
26290,268
30261,268
2106,268
9496,268
32354,268
4620,268
4825,268
11423,268
11313,268
2430,268
33726,268
23224,268
6337,268
8230,268
21416,268
34264,268
27322,268
34317,268
1133,268
9327,268
36592,268
1278,268
33246,268
1550,268
34478,268
3856,268
4065,268
29823,268
19217,268
26035,268
9007,268
13193,268
7260,268
32407,268
23824,268
12767,268
4160,268
23320,268
32603,268
12735,268
25978,268
15552,268
26445,268
35072,268
18145,268
28457,268
14055,268
14118,268
22556,268
32351,268
2163,268
35420,268
20122,268
13762,268
8037,268
23467,268
24587,747
15232,747
35630,747
32539,747
35630,747
32539,747
5044,747
17733,747
5826,747
5640,747
36270,747
8250,747
14802,747
36270,747
22235,747
15823,747
12005,747
15823,747
12005,747
29800,747
4121,747
30632,747
6607,747
32931,747
21484,747
32931,747
14683,747
5132,747
9513,747
12848,747
29740,747
26084,747
14845,747
30576,747
34388,747
15014,747
33365,747
27325,747
28395,747
27670,747
29386,747
4872,747
31466,747
19298,747
2768,747
23325,747
35330,747
35426,747
26084,747
9234,747
10298,747
30402,747
28105,747
21702,747
987,747
14234,747
28472,747
10243,747
21484,747
30220,747
28349,747
22459,747
36546,747
20230,747
5563,747
12782,747
33040,747
33303,747
12541,747
33390,747
21223,747
24838,747
27500,747
28283,747
32843,747
31029,747
2913,747
20449,747
22576,747
324,747
5356,747
25012,747
9849,97
13911,405
19784,405
16982,405
2164,405
227,405
9856,405
930,405
27887,405
28141,405
22980,405
1942,405
1005,405
11013,405
11013,405
702,405
930,405
19798,405
19798,405
613,405
24135,405
302,405
21521,405
639,405
13045,405
1098,405
1523,405
310,405
29432,405
7948,405
21,405
29295,405
17356,405
741,405
13984,405
19203,405
14326,405
411,405
6782,368
20752,368
7321,368
1773,368
25027,368
21953,368
29277,368
24810,368
21799,368
10663,368
25933,368
35949,368
28048,368
25785,368
33582,368
20506,368
34865,368
28886,368
19711,381
26351,381
26684,381
3757,381
25608,381
20089,381
27302,381
28377,381
26351,381
20700,381
3707,381
2935,381
27937,381
17494,381
22105,381
29802,381
21793,381
3637,381
18328,381
6010,381
3404,381
30777,381
4579,381
28299,381
31616,381
3666,381
32232,381
22190,381
32612,381
8128,381
6901,381
22461,381
18092,381
23885,381
32612,381
1088,381
4007,381
14038,381
28516,381
11861,381
34780,381
23421,381
23415,381
29829,381
21040,381
332,381
28453,381
36990,381
26351,381
16430,381
7243,381
26351,381
15051,381
32469,381
4783,381
14555,381
14555,381
26351,381
32293,381
35105,381
33942,381
35274,381
26351,381
19711,381
33942,381
14860,381
7659,381
22578,381
36414,381
24543,381
26351,381
13982,381
26351,381
25098,381
25098,381
35274,381
19180,381
14308,381
35274,381
28453,381
26351,381
28223,381
644,381
31954,381
5033,381
16500,381
10145,381
16851,381
31758,381
31758,381
26351,381
10924,355
1036,355
9054,355
1789,355
9490,355
33809,355
8313,355
6461,355
5949,355
36210,355
10599,355
22007,355
27697,355
1595,355
1212,355
6819,355
27803,355
9099,355
27220,355
25407,355
26575,355
36973,355
25947,355
33021,355
12422,355
26707,355
15565,355
26812,355
32139,355
30433,355
28300,355
2184,355
9071,355
2678,355
12606,355
4660,355
25283,355
2057,355
23835,355
29573,355
3485,355
19781,355
32458,355
22468,355
7391,355
28715,355
18043,355
32096,355
36585,355
23024,355
8825,355
17051,355
33404,355
29898,355
13299,355
35920,355
16688,355
5993,355
36494,355
14576,355
29760,355
28446,355
15112,355
12975,355
24667,355
7153,355
10517,355
18900,355
36174,355
18485,355
34580,355
36755,355
13368,355
3996,355
27863,355
8102,355
36383,355
21294,355
16962,355
28473,355
18530,355
17835,355
7011,355
35497,355
11097,355
11097,355
36389,355
34870,355
2553,355
18247,355
18247,355
12296,355
33302,355
23484,355
17830,355
11097,355
9427,355
26376,355
32589,355
23249,355
32473,355
7584,355
35918,421
33032,421
16424,421
27923,421
142,421
32883,421
36560,421
30559,421
35909,421
31169,421
24160,421
12913,421
7636,421
9672,421
36560,421
26760,421
3809,421
34860,421
20057,421
4487,421
32282,421
31169,421
34938,421
30805,421
29987,421
524,421
6133,421
7346,421
6394,421
30836,421
19980,421
7512,421
13410,421
36482,421
36482,421
24013,421
6133,421
35918,421
24698,421
27041,421
7709,421
6133,421
6133,421
6058,421
36939,421
25756,421
28951,421
20166,421
4355,421
28715,421
35406,421
2585,421
25756,421
25756,421
1848,421
36755,421
35911,421
24392,421
30304,421
30304,421
34340,421
36537,421
25033,421
6133,421
30304,421
23266,421
23380,421
10685,421
18805,421
15716,918
36042,918
36882,918
32313,918
2606,918
3939,918
4892,918
36214,918
17339,918
29120,918
2052,918
8416,918
6445,918
19578,918
5287,918
28852,918
4292,918
1121,918
6936,918
36411,918
12899,918
9612,918
25622,918
4679,918
35415,918
28746,918
30485,918
21863,918
37244,918
29766,918
24062,918
7129,929
721,929
3786,929
34618,929
14652,929
36900,929
1961,929
29041,929
10049,929
5790,929
16068,929
20377,929
23831,929
23831,929
10619,929
29385,929
35705,929
613,929
27192,929
4176,929
7986,929
9485,929
3761,929
33264,929
15716,929
5635,929
37472,929
37504,929
9195,929
25386,929
27238,929
19524,929
15200,929
9861,929
27552,929
16280,929
20126,929
31309,929
27685,929
23570,929
20519,929
19445,929
11238,929
3061,929
6223,929
34379,929
3564,929
18610,929
34748,929
17286,929
31592,929
20487,929
5577,929
14370,929
34261,929
22949,929
20781,929
8147,929
7307,929
17464,929
19153,929
37414,929
2194,929
20217,929
25334,929
31592,929
1673,929
34993,929
10754,929
1881,929
16331,929
24204,929
26431,929
12294,929
21531,929
31894,929
8306,929
33997,929
22722,929
34837,929
26384,929
2442,929
24956,929
19905,929
15481,929
12268,929
9752,929
24825,929
16039,929
30669,929
16809,929
37590,929
16809,929
13985,929
33000,929
25403,929
33000,929
4966,929
3938,929
4966,929
15540,929
2268,929
37759,929
33971,929
35334,929
6572,929
18408,929
16245,929
32939,929
8939,929
3077,929
30016,929
18006,929
10641,929
22293,929
13080,929
4948,929
8951,929
29345,929
30055,929
32016,929
34273,929
18613,929
29607,929
23158,929
28852,929
6159,929
32080,929
916,929
7353,929
14003,929
29155,929
13663,929
15921,883
1686,883
14633,883
13040,883
28708,883
12461,883
9215,883
34052,883
27063,883
9252,883
11509,883
37582,883
30548,883
18180,883
26874,883
26001,883
18428,883
25686,883
30061,883
37539,883
31469,883
12472,883
37158,883
15188,883
3137,883
34216,883
26364,883
19453,883
12288,883
18793,883
33660,883
3939,883
29763,883
5117,883
10663,883
18935,883
14316,883
22570,883
35294,883
31212,883
26929,883
18019,883
20844,883
25233,883
9476,883
1766,547
14281,547
297,547
15728,547
4379,547
17104,547
35570,547
9277,547
32260,547
32605,547
28663,547
36479,547
5588,547
31928,547
28379,547
30355,547
35660,547
17145,547
37229,547
25322,547
15015,547
20584,547
28818,547
2930,547
16988,547
15448,547
11170,547
21922,547
21712,547
24487,547
10090,547
32188,547
35414,547
33460,547
35654,547
1169,547
24704,547
32407,547
2279,547
29506,547
22724,547
31415,547
11531,547
6529,311
21921,311
11151,311
27309,311
18286,311
31245,311
23698,311
907,311
25087,311
1736,311
5028,311
11492,311
20046,311
8329,311
29098,311
15626,311
4226,311
2389,311
35049,311
33023,311
5133,311
17087,311
15584,311
7105,311
17349,311
9590,311
15644,966
31740,966
22403,966
21510,966
2802,966
23744,966
4639,966
26926,966
13907,966
21855,966
30341,966
10302,966
19473,966
31452,966
33882,966
15782,966
21870,966
22466,966
5100,966
1670,966
31324,966
13244,966
24518,966
319,504
35549,504
2629,504
14551,504
2750,480
11284,480
3359,480
10220,480
30992,480
4693,480
16187,480
9606,480
6466,480
28862,480
31062,480
19067,480
20447,480
16832,480
9606,480
12200,480
18555,480
2750,480
36890,480
22001,480
19067,480
6626,480
29608,480
35480,480
17560,480
13474,480
6174,480
23516,480
15648,480
12954,480
568,480
29015,480
26786,480
11057,480
20534,480
20534,480
17750,480
17470,480
8884,480
25426,480
16520,480
13946,480
33895,480
31923,733
34298,733
8108,733
14079,733
27408,733
25817,733
29825,733
21929,733
6399,733
21929,733
31898,733
35664,733
35664,733
24572,733
16718,733
16718,733
36904,733
36904,733
27748,733
13480,733
2503,570
11347,570
21053,570
37188,570
15704,570
2898,570
8405,570
1440,570
28658,570
3294,570
32609,570
1915,570
1980,570
1413,570
4646,570
12448,570
32600,570
28033,570
12396,570
13741,570
1282,570
6571,570
4108,570
2838,570
8456,570
36613,570
13568,570
7012,570
19578,570
24396,570
4199,570
11900,570
393,570
36570,570
8234,570
18309,570
28531,570
10670,570
3188,570
27487,570
17942,570
12871,570
16069,570
23518,570
32252,570
13690,570
17556,570
4254,570
28509,570
8017,570
10264,570
19601,570
10162,570
5730,570
2214,570
3553,570
35081,570
14881,570
30311,570
34853,570
34540,570
6538,570
34446,570
15010,570
15864,570
33702,570
8923,570
21124,570
24739,570
9363,570
34656,570
33542,570
5000,570
1591,570
34804,570
36549,570
2180,570
14459,570
27724,570
6431,570
35414,570
24779,570
22287,570
9887,570
24341,570
7037,570
22835,570
19947,1042
29371,1042
32139,1042
21722,1042
14321,1042
1096,1042
4537,1042
7094,1042
4839,1042
11556,1042
750,1042
5803,1042
12369,1042
36477,1042
18313,1042
20125,1042
15414,1042
22480,1042
16250,1042
13613,1042
23396,1042
19294,1042
21926,1042
36536,798
21411,798
21348,798
12689,798
28623,798
26367,798
11781,798
7400,798
31694,798
6167,798
33187,798
26972,798
4885,798
957,798
15035,798
673,798
12489,798
36364,798
22855,798
1194,798
10906,798
27179,798
20084,798
23048,798
3684,798
5260,798
18317,798
19689,798
4751,798
9739,798
3473,798
803,798
15515,798
18889,798
35414,798
37048,798
4194,798
677,798
7821,798
19254,798
5997,798
22882,798
27821,798
29598,798
3602,798
1380,798
18172,798
32847,798
6579,798
13376,798
10446,798
10458,798
27500,798
2206,798
19731,798
28587,798
8049,798
22546,798
27686,798
5932,798
15548,798
33259,798
34147,798
6345,798
11736,798
31118,798
36058,798
34462,798
15442,798
37409,798
13845,798
12959,798
13685,798
16245,798
17630,798
2744,798
26052,798
27126,798
27025,798
20003,798
12478,798
941,798
35500,798
475,1058
6075,1058
29140,1058
22030,1058
7256,1058
23438,1058
17726,1058
2777,1058
21326,1058
17291,1058
11536,1058
10067,1058
3250,1058
15939,1058
8413,1058
5778,1058
21059,1058
28353,1058
34713,1058
561,1058
5292,1058
6899,1058
22688,1058
18762,1058
4359,1058
7420,1058
22262,1058
20351,1058
14663,1058
7698,1058
20758,1058
36311,1058
34389,1058
30933,1058
1113,1058
23658,1058
6864,1058
10031,1058
11053,1058
17066,1058
28194,1058
28048,1058
30105,1058
1339,1058
30324,1058
36370,1058
35374,1058
33861,1058
27813,1058
15562,1058
25798,1058
27150,1058
11828,1058
23116,1058
29888,1058
21534,1058
25464,1058
28317,1058
25704,1058
26526,1058
16775,1058
31428,1058
14692,1058
36847,1058
6576,1058
20299,1058
32035,1058
998,1058
35391,1058
27062,1058
22574,1058
7619,1058
20694,331
19478,331
20515,331
705,331
19283,331
9540,331
34940,331
34218,331
7629,331
25035,331
15196,331
26560,331
105,331
22893,331
23745,331
12567,331
13970,331
36072,331
16446,331
26296,331
9968,331
30372,331
4181,331
5563,331
26861,331
37111,331
12336,331
14975,331
4574,331
25131,331
2482,331
19440,331
2248,331
5542,331
26120,331
32285,331
2531,331
3051,331
3943,331
14169,331
35913,331
36590,331
9721,331
13854,331
9084,331
14739,331
5316,331
28721,331
35863,331
22961,331
7566,331
12668,331
6134,331
15066,331
3284,331
8793,331
10079,331
32266,331
27043,331
4969,331
33299,331
22158,331
20744,331
23745,331
33228,331
2919,331
17354,331
31095,331
31102,331
31239,331
12003,331
7907,331
21997,331
18388,331
23745,331
36781,331
35680,331
6068,331
1780,331
11636,331
22203,331
31092,331
22165,331
11925,331
22017,331
32220,331
30272,331
30269,331
31096,331
31100,331
31094,331
18864,331
12647,331
36264,331
31093,331
19459,331
18640,331
31091,331
15269,331
47,976
2716,976
33352,976
12212,976
33837,976
36776,976
19020,976
32417,976
25240,976
16187,976
1691,976
36834,976
34743,976
14463,976
16663,976
31502,976
37704,976
4475,976
5956,976
27646,976
19160,976
33238,976
12853,976
13815,976
22348,976
24498,976
16053,489
33812,489
12274,489
20443,489
612,489
20965,489
434,489
20965,489
22469,489
20384,489
20965,489
20384,489
603,489
1006,489
6952,489
6061,489
27729,489
8051,489
7549,489
13189,489
6952,489
16045,489
612,489
27088,489
32771,489
211,489
37077,489
11146,489
10584,489
13793,489
435,489
17765,489
599,489
29410,489
29410,489
20443,489
24305,489
531,489
24305,489
531,489
13873,489
13086,489
31761,489
34628,489
2284,489
13644,489
12085,489
13644,489
33172,489
2503,489
17214,489
23752,489
33461,489
27868,1031
26620,1031
15605,1031
1926,1031
470,1031
28203,1031
12758,1031
10732,1031
34643,1031
21349,1031
28112,1031
28067,1031
31785,1031
33689,1031
10027,1031
18183,1031
30149,1031
10400,1031
28424,1031
1034,1031
32452,1031
29076,1031
19418,1031
28704,1031
3042,1031
37497,1031
28206,1031
18454,1031
30926,1031
2148,1031
16029,1031
33855,1031
10299,1031
32442,1031
21196,1031
35359,1031
29718,1031
33328,1031
34011,1031
32304,1031
36855,1031
28592,1031
32129,1031
28223,1031
34312,1031
7072,1031
30951,1031
35518,1031
28990,1031
15580,1031
2198,1031
8809,1031
15111,1031
37231,1031
37730,1031
13410,1031
13410,1031
37730,1031
31586,1031
32577,1031
22235,1031
23329,1031
32395,1031
37748,1031
37748,1031
24303,1031
28098,1031
23423,1031
35916,1031
13881,1031
34197,1031
12671,1031
255,1031
14802,1031
33252,1031
7512,1031
5426,1031
5131,1031
24438,1031
26197,1031
35079,1031
30695,1031
6970,1031
34379,1031
24222,1031
11072,1031
29640,1031
30823,1031
30220,1031
25020,1031
4447,1031
37115,1031
27197,1031
31118,1031
30697,508
27376,508
2416,508
10626,508
36051,508
33777,508
12295,508
36945,508
1627,508
16325,508
36707,508
15392,508
16830,508
25687,508
25555,508
13634,508
4848,508
8263,508
5229,508
15085,508
8011,508
30,508
31261,508
17436,508
12764,508
7910,508
35837,508
13560,508
4832,508
22413,508
37312,508
32901,508
3226,508
33704,508
7048,508
18424,508
6736,508
15848,508
914,508
700,508
10063,508
112,508
20338,508
27085,508
35414,508
2908,508
22194,508
11645,508
27089,508
12483,508
993,508
23059,508
15645,508
11950,508
10609,508
19807,508
33155,508
28965,508
8791,82
25129,82
26132,82
10670,346
8548,346
13259,346
19483,346
3979,346
23356,346
16782,346
6330,346
3022,346
19405,346
21079,346
19297,346
35040,346
7859,346
15494,346
15233,346
21373,686
20463,686
33513,686
5505,686
3823,686
14045,686
30210,686
22512,686
8178,686
30895,686
187,686
25567,686
22476,686
6896,686
23896,686
17595,686
26313,686
34402,686
37155,686
5142,686
9020,686
1325,686
15942,686
17786,686
29859,686
31221,686
33464,686
21062,686
35251,686
19581,686
34568,686
30297,686
5905,686
9422,686
32762,686
22558,675
2767,675
25927,675
35229,675
25927,675
6587,675
9314,675
33051,675
23246,675
15660,675
6980,675
19920,675
34596,675
2055,675
30235,675
2039,675
36873,675
28401,675
35290,675
23341,675
24667,675
4963,675
37071,675
1992,675
25756,675
15823,675
28159,675
36432,675
31497,675
34386,675
27458,675
24035,675
26690,675
12154,675
32997,675
27296,675
26234,675
15071,675
23995,675
10685,675
25290,675
27766,675
10973,675
22827,675
31568,675
29307,675
30072,675
25156,675
23350,675
34424,675
32606,675
23133,675
8228,675
30543,588
5070,588
6718,588
22813,588
6744,588
20498,588
7873,588
19521,588
37341,588
30003,588
33930,588
36236,588
34255,588
7289,588
32158,588
2428,588
23656,588
4231,588
19972,588
34481,588
3117,588
1159,588
6058,588
20393,588
21482,588
6523,588
27963,588
3961,588
9566,588
8506,588
23091,588
28731,588
4556,588
8326,588
19330,588
4269,588
5522,588
9404,588
30118,588
22007,588
36383,588
5951,588
15112,588
36560,588
31932,588
34278,588
28498,588
36938,588
7584,588
33858,588
2909,588
14948,588
30805,588
31253,588
22792,588
35557,588
22842,588
8962,588
29914,588
36724,588
33941,588
36416,588
27942,588
29296,588
11755,452
25760,452
32269,452
21982,452
34941,452
22664,452
35745,452
8303,452
3883,452
35591,452
636,452
4717,452
27396,452
23880,452
11894,452
5482,452
16254,452
14819,452
12056,452
1337,452
28784,452
5722,452
7800,452
10828,452
5251,46
1219,46
12646,46
19196,46
6422,46
1750,46
881,46
3130,46
3130,46
7387,46
16400,46
30950,46
26364,46
6572,46
3675,46
19736,46
21448,46
7739,46
24815,46
3076,46
25479,46
10844,46
4346,46
2203,46
23607,46
12062,46
2922,46
12062,46
19627,46
27115,46
9527,46
33356,872
15132,872
21650,872
26192,872
963,872
6635,872
30262,872
29932,872
19095,872
24318,872
21615,872
17272,872
25361,872
37558,872
8506,872
31689,872
565,872
27112,872
6425,872
35368,872
23501,872
6919,872
1577,872
19131,872
3800,872
35050,872
36405,872
9541,872
32960,872
30726,872
36533,872
28857,872
31968,872
18501,872
37553,872
37641,872
12826,872
30458,872
17242,872
37632,872
35210,872
16851,872
36191,872
36383,872
19330,872
37606,872
25544,872
20890,872
21750,872
25361,872
32467,872
26231,872
27217,872
8775,872
34456,382
34456,382
18564,382
28495,382
25016,382
33885,382
25928,382
28495,382
8575,382
8686,382
14188,382
25444,382
21415,382
36805,382
16001,382
1559,382
1319,382
17444,382
30499,382
21457,382
25529,382
34780,382
32442,382
14873,382
22522,382
6475,382
26229,382
32198,382
35708,382
33937,382
24434,382
36354,382
21303,382
5622,382
12706,382
3443,382
1305,382
3401,382
14436,382
9898,382
24019,382
20021,382
3603,382
7458,382
36574,382
11371,382
7458,382
17704,382
27135,382
15209,382
18457,382
6699,382
18006,382
20386,382
12653,382
10187,382
333,382
25333,382
12147,382
24676,382
16635,382
10704,382
27773,382
2571,382
21988,382
6699,382
15146,382
32080,382
11278,382
29875,382
6364,382
22553,382
14375,382
28673,382
21970,382
32967,382
16576,382
25945,382
15823,382
27702,382
9510,382
17982,382
29613,382
7537,382
12813,382
1207,382
26972,382
34385,382
9260,382
18570,382
27512,382
23468,382
12558,382
35890,382
36139,382
30886,382
34693,382
23766,382
24943,382
19576,382
7707,382
36087,382
12147,382
16635,382
4075,382
34522,382
24814,382
33029,382
36619,382
34632,382
12553,382
3424,382
7545,382
38336,382
21900,382
35505,382
24488,382
30456,382
644,382
16492,382
35803,382
36086,382
4270,382
27258,382
11065,382
28769,382
19160,382
3424,382
2062,382
9537,382
34237,382
24885,382
9892,382
32411,382
28165,382
2490,382
30147,382
15786,382
36787,382
37269,382
2062,382
9015,382
15874,382
15472,382
15874,382
27362,382
37269,382
27930,382
27115,382
30197,382
9219,382
34589,382
36602,382
12478,382
22250,382
7512,382
33795,382
7842,382
15472,382
27061,382
30852,382
17423,382
25095,382
35793,382
29344,382
31954,382
32198,382
16313,382
2913,382
26390,382
9079,382
36137,382
21336,382
32067,382
21753,382
19045,382
6872,382
17659,382
33931,382
30559,382
30519,382
29206,382
30925,382
15844,382
4702,382
31476,382
28294,382
36236,382
27253,382
33235,382
30686,382
14849,382
28481,382
28481,382
24575,382
7737,382
18718,382
10432,382
4698,382
34975,382
35616,382
30440,382
15118,382
13650,382
6201,382
34487,382
8144,382
30618,382
7403,382
4924,382
26677,382
25020,382
2690,382
11763,382
36171,382
34930,382
27206,382
19460,382
34071,382
34873,382
3077,382
7737,382
18718,382
10359,382
25407,382
27256,382
5444,382
10150,382
32198,382
31231,382
5903,382
10517,382
30003,382
971,382
19610,382
30003,382
19610,382
27863,382
10583,382
11847,382
8141,382
6493,382
28203,382
35400,382
7119,382
32618,382
13603,382
10851,382
2687,15
20571,15
26880,15
2172,15
26487,15
14036,15
2112,15
5414,15
1291,15
21027,15
23915,15
11932,15
11461,15
4136,15
5551,15
20571,15
27185,15
2547,15
21688,15
14335,15
23437,15
2503,15
6284,15
1990,15
591,15
28412,15
24523,15
28284,15
24288,15
27209,15
28284,15
5335,15
26957,15
30245,15
30205,15
25800,15
6181,15
28764,15
31405,15
1565,15
2462,15
27224,15
8661,15
26819,15
19209,15
19209,15
30015,15
23872,15
7702,15
5998,15
27224,15
27224,15
7702,15
9824,15
13729,15
17957,15
10909,15
11106,15
26013,15
16531,15
4551,15
4551,15
21980,15
5955,15
22290,67
15815,67
11607,67
8887,67
16603,67
6260,67
4775,67
7897,67
31150,67
28788,67
18696,67
19522,67
12395,67
21827,67
4300,67
11400,67
18578,67
27691,67
28695,67
16680,67
28581,67
18076,67
18558,67
19370,67
13455,67
26723,67
14433,67
2555,711
20667,711
6742,711
29527,711
21875,711
4080,711
34258,711
34953,711
12800,711
36080,711
33752,711
28989,711
19420,711
16861,711
11415,711
26204,711
20813,711
24296,711
32104,711
2825,711
18437,711
18774,711
32155,711
32155,711
34027,711
11302,711
15919,711
25883,711
18236,711
2707,711
14382,711
11956,711
23240,711
20617,711
23258,711
15553,711
7558,711
16209,711
5578,711
13001,711
1008,711
25014,711
17463,711
5823,711
5436,711
30063,711
26596,711
18514,711
19661,711
18514,711
35073,711
23937,711
13733,601
9669,601
24195,601
30162,601
23199,601
13315,601
14881,601
28908,601
16409,601
11407,601
33503,601
4564,601
12458,601
23462,601
3552,601
28266,601
25649,601
12094,601
31876,601
11909,601
15361,601
6858,601
6289,601
5180,601
28266,601
11753,601
28908,601
29058,601
29256,601
29385,601
22036,601
27493,601
21564,601
2271,601
29803,601
36611,601
19975,601
27012,601
25616,601
11837,601
20894,601
19755,601
33404,601
22283,601
17257,601
1380,601
26454,601
29144,601
33758,601
9372,601
9209,601
27857,601
7839,601
26475,601
21630,601
13549,601
36737,601
22741,601
25500,601
21766,601
15622,601
20729,252
33592,252
4384,252
33665,252
2930,252
1624,252
21198,252
1171,252
15973,252
35888,252
5702,252
27078,252
19608,252
22175,252
12785,252
19025,252
5948,252
16416,252
21443,252
11733,252
28356,252
35849,252
27350,252
1787,252
5646,252
11361,252
18660,252
14578,252
15333,252
25911,252
4946,252
20500,252
15985,252
15390,252
5615,252
26250,252
31046,252
27126,252
22547,252
3106,252
13250,252
12478,252
33222,252
14293,252
15918,252
16245,252
14151,252
3252,252
24110,252
28090,252
8145,252
28089,252
12566,252
5673,252
2268,252
10604,252
5221,252
4157,252
29538,252
9492,252
4351,252
7469,252
20821,252
19230,252
19103,252
7373,252
20683,252
30780,252
5470,252
1799,252
23521,252
19694,252
24520,252
10283,252
1784,563
118,563
31589,563
32056,563
17669,563
8950,563
16338,563
11045,563
10821,563
16604,563
19690,563
28509,563
2917,563
3961,563
13309,563
4659,563
12539,563
20233,563
25890,563
8531,563
12196,563
28551,563
32444,563
6171,563
34934,563
92,563
4280,563
37061,563
28847,563
24396,563
19863,563
21372,563
3704,563
21540,563
4482,563
29863,563
33971,563
3141,563
16790,563
2817,563
18322,563
13827,563
29242,563
16867,563
6895,563
14953,563
7192,563
23120,563
2091,563
28479,563
5827,563
17523,563
12303,563
31566,563
28428,563
6635,563
31313,563
21959,563
32051,563
37235,563
34959,563
14343,563
9089,563
8733,563
9363,563
36995,563
21822,563
1941,563
32313,563
1582,563
34463,563
37255,563
23843,563
9451,563
11165,563
4109,563
24849,563
25531,563
3397,563
5331,563
16366,563
19427,563
19907,563
14119,563
6495,563
8608,563
35902,563
3963,563
1101,563
33493,563
8967,563
27016,563
418,563
31031,563
18904,563
33876,563
21681,563
33993,563
30470,563
30470,563
21681,563
29778,563
30779,563
13926,563
16469,563
6657,563
13963,563
30819,766
15247,766
13384,766
25963,766
12305,766
29739,766
29608,766
15596,766
24959,766
22492,766
32906,766
2061,766
24271,766
37002,766
30005,766
36842,766
35414,766
33224,766
32256,766
13244,766
14822,766
21076,766
24079,766
31971,766
6255,766
15492,766
26118,766
15500,766
12224,766
26977,766
965,766
7989,766
30624,766
23677,766
36609,766
29739,766
13313,766
24499,766
17256,766
17256,766
3097,766
9956,766
11101,766
14992,766
14992,766
12387,766
16217,766
15877,766
3513,766
29881,766
32175,766
11218,766
16133,766
20354,766
25637,766
3483,766
29148,766
3483,766
29148,766
9827,766
28672,766
24218,766
36429,766
1889,682
18014,682
1635,682
932,682
2465,682
7181,682
18498,682
8849,682
7564,682
13991,682
30338,682
37177,682
13320,682
19447,682
12423,682
37430,682
32058,682
36687,682
3414,682
21146,682
7874,682
7014,682
13779,682
8848,682
16592,682
6493,682
3115,682
27382,682
21692,682
4746,682
32749,682
6189,682
37048,682
26960,682
3414,682
37186,682
28478,682
37513,682
16491,682
9051,682
14126,682
36345,682
27670,682
7531,682
37274,682
12470,682
37274,682
2039,682
36422,682
36199,682
23321,682
19465,682
781,682
21025,682
475,445
35667,445
23800,445
836,445
17814,445
8583,445
14013,445
29981,445
12079,445
18757,445
23755,445
19388,445
10978,445
18225,445
8218,445
16712,445
9415,445
5202,445
13134,445
4539,445
6499,445
19051,445
23377,445
18732,445
18008,445
33136,445
268,445
33267,445
20686,445
22352,445
20859,445
19018,445
20946,445
26795,445
29053,445
20271,445
27896,445
34411,445
7030,445
14087,445
19064,445
22787,445
3805,445
4901,445
268,445
5882,445
8596,445
4148,445
9472,445
14397,445
5419,445
5096,445
21878,445
6801,445
19964,445
4569,445
17532,445
19042,445
7099,445
17673,445
5575,445
31751,445
17667,445
23952,445
35388,445
6549,445
27305,445
1329,445
18989,445
32027,445
22885,445
18531,445
31751,445
3884,445
13489,445
17603,445
17809,445
6620,445
21262,445
24158,445
20593,445
5466,445
26663,445
6515,445
24767,445
26387,445
1209,445
11429,445
6467,445
32671,445
29285,445
8985,445
19654,445
34658,445
33154,445
21694,445
7419,445
20536,445
25360,445
14377,445
19953,445
1127,445
32833,445
3263,445
3020,445
9364,445
23869,445
20364,445
18387,445
29435,445
29865,445
15912,445
29486,445
9406,445
27561,445
17840,445
25108,445
8570,445
6163,445
11773,445
32357,445
21185,445
27452,445
4941,445
37305,445
5408,445
29313,445
15093,445
20977,445
20243,445
30159,445
15615,445
29646,445
4454,445
15117,445
27986,445
35323,445
33214,445
20586,445
22325,445
33214,445
14194,445
28657,445
15227,445
20872,445
14193,445
33628,445
23795,445
8390,445
28171,445
33501,445
23166,445
27979,445
33501,445
32253,445
36976,445
12930,445
7423,445
27985,445
21150,445
19568,445
24072,445
10713,445
6346,445
29037,445
27304,445
29037,445
29888,445
20509,445
7704,445
20638,445
17479,445
29464,445
12032,445
20886,445
19887,445
22790,445
19900,445
24080,445
2166,445
1190,445
8072,445
24525,445
24525,445
24525,445
36683,445
1950,445
7330,445
33928,445
14952,445
28174,445
23371,445
36376,445
5963,445
11927,445
32811,445
8168,445
33688,445
30294,445
37370,445
27588,445
19862,445
14514,445
6077,445
28311,445
6077,445
32306,445
16610,445
9905,445
14674,445
12009,445
30090,445
13025,445
19387,445
35101,445
32091,445
27230,445
38722,445
28725,668
25591,668
25366,668
23124,668
16764,668
30668,668
35116,668
30908,668
16714,668
32843,668
10102,668
3571,668
1901,668
2742,668
1167,668
14765,668
22408,668
36533,668
31837,668
9915,668
11110,668
1429,668
31332,668
8136,668
25866,668
8505,668
34931,668
7218,668
29320,668
8334,668
16858,668
37070,668
35745,668
546,668
11377,668
14135,668
3497,668
29425,668
12595,668
14394,668
19207,668
26599,668
27653,668
943,668
3692,668
14737,668
5137,668
33422,668
14116,668
8061,668
12057,668
7607,668
31122,668
17859,668
27539,668
15735,668
8009,668
2467,668
33819,668
34604,668
36850,668
36822,668
8784,668
13290,668
35803,668
12574,668
14644,668
3314,668
9277,668
33437,668
23767,668
35789,668
8784,668
7459,668
5622,668
4832,668
24,668
8754,668
9414,668
8600,668
10136,668
12517,668
19104,668
12415,668
13255,668
12888,668
20140,668
16573,668
12066,668
19489,668
5149,668
477,668
3307,668
4861,668
13601,668
25928,668
21220,668
2924,668
32371,668
37312,668
3199,668
20366,668
4150,668
21403,668
14559,668
15801,668
35247,668
16912,668
28777,668
3131,668
2706,668
12765,668
36899,668
4654,668
11173,668
34587,668
10063,668
7620,668
16696,668
6235,668
5392,668
14477,668
11328,668
30866,668
15549,668
20386,668
11896,668
24261,668
33686,668
2395,668
19653,668
23987,668
1582,668
3576,668
6023,668
1785,668
10414,668
37463,668
35060,668
21653,668
5688,668
27871,668
22733,668
14295,668
11021,668
27354,668
32858,668
1226,668
22147,668
33411,668
31050,668
15400,668
15032,668
13573,668
6195,668
21443,668
24152,668
6195,668
20076,668
22680,668
16534,668
25491,668
9221,668
11693,668
27676,668
10813,668
13041,668
4395,668
29260,668
13435,668
30861,668
18551,668
27884,668
29944,668
12328,668
20865,668
70,668
3072,668
5475,668
56,668
23870,668
6290,668
28825,668
18889,668
34573,668
25216,668
20733,668
1427,668
8224,668
8111,668
7425,668
7786,668
20705,668
16732,668
24454,668
11939,668
28638,668
36211,668
9778,668
5213,668
24836,668
4438,668
3193,668
9760,668
10897,668
12157,668
31360,668
5601,668
30039,668
30019,668
21330,668
161,668
35293,486
35269,486
35465,486
35412,486
35444,486
35413,486
35321,486
35256,486
32277,486
35196,486
32206,486
18660,1057
31939,1057
2202,1057
2330,1057
23121,1057
8673,1057
16768,1057
18700,1057
19886,1057
22872,1057
2822,1057
18673,1057
21511,1057
527,1057
28484,1057
3716,1057
34638,1057
3766,1057
3766,1057
34638,1057
8251,1057
34915,1057
16667,1057
15210,1057
37438,1057
17087,1057
34638,1057
29445,1057
19005,1057
4713,1057
33013,1057
830,1057
24122,1057
4562,1057
8455,1057
29174,1057
5886,1057
798,1057
5380,1057
23393,1057
9304,1057
6131,1057
26147,1057
14194,1057
6635,1057
21270,1057
20285,1057
10961,1057
21921,1057
17189,1057
22767,1057
26570,1057
12520,1057
10103,1057
23526,1057
24159,1057
11623,1057
21409,1057
25586,1057
14595,1057
30109,1057
29851,1057
23739,1057
15102,1057
2709,1057
26792,1057
31180,1057
21996,1057
30062,1057
20622,1057
10499,1057
5550,1057
20488,1057
23242,1057
20206,1057
27959,1057
37718,1057
2364,1057
34108,1057
18771,1057
23515,1057
31195,1057
35915,1057
13640,1057
23922,1057
347,1057
16683,336
28406,336
37007,336
26006,336
6562,336
1207,336
2645,336
7949,336
35874,336
489,336
3468,336
28491,336
1243,336
22561,336
25698,336
4700,336
5758,336
27820,336
489,336
26315,336
28391,336
26521,392
8808,392
935,392
2443,392
11267,392
32964,392
16816,392
9285,392
5052,392
7926,392
13222,392
16386,392
2232,392
25845,392
2438,392
3390,392
14111,392
665,392
15907,392
5742,392
18566,392
6572,392
18880,392
4268,392
1301,392
331,392
10443,392
35707,392
1301,392
331,392
4420,392
32381,392
35291,392
12460,392
5797,392
2040,392
12031,392
339,392
21006,392
9099,392
18444,392
2478,392
350,760
350,760
30937,760
22223,760
35414,760
36,760
7539,760
22223,760
8683,760
27035,760
12071,760
37224,760
17454,760
17722,760
26596,760
14554,760
2729,760
14326,760
8122,760
26421,760
34601,760
12923,760
1633,760
36914,760
33854,760
33854,760
31733,760
1773,760
1633,760
21921,760
36999,760
15817,760
842,760
4593,760
16587,760
1524,760
2860,760
2295,760
1103,760
15528,760
12923,760
2295,760
16587,760
20,760
16587,760
11893,760
19025,760
4032,760
8701,120
26595,120
6522,120
17762,120
8048,120
1490,120
10097,120
24975,120
11639,120
5004,120
12229,120
11792,120
13214,120
4572,120
14487,120
63,120
4861,120
31958,120
9998,120
18558,120
12401,120
27953,120
2338,120
11314,120
33740,120
21113,120
4274,120
1644,120
29438,120
6569,120
16634,120
18463,120
28719,120
29587,120
10414,120
25511,120
33554,120
25639,120
29351,120
32560,120
215,388
151,388
7703,388
35157,388
23017,388
9051,388
5505,388
21042,388
11902,388
1207,388
2429,388
7406,388
1744,388
1085,388
35414,388
22232,388
10706,388
12415,388
16627,388
27111,388
23663,388
18496,388
4942,388
14899,388
16656,388
234,388
23219,388
36157,388
9115,388
2419,388
757,388
15530,388
4860,388
26393,388
4876,388
3493,388
22630,388
9325,388
37020,388
28883,388
36619,388
201,388
4248,388
4348,388
12642,388
13307,388
18108,388
33850,388
33874,388
1562,388
32360,388
30852,388
225,388
34335,388
16516,388
11405,388
12540,388
34692,388
20683,388
18187,388
11005,388
3432,388
24591,388
6029,388
20921,388
33743,388
31955,388
28114,388
28596,388
3040,388
33144,388
4704,388
13082,388
23221,388
4056,388
151,388
34387,388
15148,388
32466,388
32448,388
27417,1017
11660,1017
14995,1017
6265,1017
6138,1017
24892,1017
35513,1017
10156,1017
9853,1017
29549,1017
2919,1017
9627,1017
4653,1017
27857,1017
6630,1017
11755,1017
26933,1017
9142,1017
30774,1017
821,1017
30774,1017
26933,1017
12867,1017
11602,1017
24635,1017
18793,1017
9649,1017
29972,1017
34963,1017
32501,1017
12867,1017
18665,1017
14109,1017
4632,1017
23503,1017
14842,1017
16639,1017
30774,1017
20038,1017
26933,1017
22415,1017
32226,1017
32226,1017
14565,1017
5157,1017
1888,1017
35900,1017
8454,1017
15992,1017
23540,1017
35695,1017
15580,1017
15580,1017
35455,1017
34922,1017
36189,1017
35230,1017
9696,1017
22214,1017
15517,1017
23528,1017
33119,1017
12975,1017
10120,1017
3240,1017
16983,1017
14588,1017
18025,1017
24594,1017
7436,1017
31638,1017
10889,1017
30610,142
22412,142
27865,142
17962,142
30860,142
29326,142
6168,142
27141,142
32375,142
28792,142
31425,142
8819,142
31331,142
20376,109
12500,109
15356,109
5752,109
24882,109
13530,109
30704,109
14022,109
23678,109
13168,109
27583,109
19432,109
13483,109
2106,64
16416,64
423,64
11130,64
16429,64
3500,64
19625,64
611,64
12427,64
16532,64
4118,64
4441,64
2566,64
480,64
27111,64
12745,64
4118,64
4726,64
1131,64
3552,64
1735,64
11047,64
21293,64
31188,64
20172,64
1328,64
19354,64
15985,64
1297,64
12478,64
26599,64
5322,64
17295,64
5956,64
2439,64
2405,64
13448,64
11170,64
11371,64
12062,64
22139,64
27126,64
4384,64
24506,64
29022,64
27379,64
8298,64
19503,64
19443,64
19585,64
26364,64
12888,64
5982,64
17658,64
31765,64
28142,64
12646,64
8113,64
18684,894
16347,894
4760,894
6391,894
21293,894
4019,894
18350,894
13516,894
559,894
11010,894
9493,894
1227,894
400,894
21607,894
9134,894
36786,894
30079,894
15324,894
37286,894
148,894
8207,894
7506,894
178,894
19101,894
11767,461
7006,461
3343,461
31013,461
23213,461
10506,461
2810,461
12046,461
29595,461
35483,461
35483,461
26936,461
29828,461
27960,461
27960,461
30077,461
4018,461
11767,461
1650,461
32128,461
12456,813
1359,813
27331,813
8228,813
20020,813
33722,813
1359,813
11934,813
22232,813
12456,813
14789,813
11934,813
12942,813
26715,813
26480,813
8879,813
29230,813
25973,813
3385,813
14139,813
27937,813
36399,813
36873,813
3345,813
31040,813
35592,813
17217,813
8232,813
30016,813
24287,813
19176,813
14788,813
28382,813
37344,813
34780,813
25176,813
31372,813
15071,813
35290,813
2015,813
4371,813
16948,813
28885,813
7707,813
28460,813
30989,813
25889,813
37405,813
2725,813
3000,813
25007,813
14535,813
35115,813
35766,813
21294,813
10400,813
14965,813
24592,813
18310,813
32978,813
35824,813
11066,813
24539,813
32618,813
36990,813
23599,813
30724,813
13083,813
18095,737
31525,737
22154,737
32411,737
31859,737
32598,737
16166,737
30045,737
26316,737
6395,737
18095,737
13817,737
34872,737
14197,737
37381,737
33572,737
11453,737
11543,737
28536,737
27972,737
36374,737
29605,737
34782,737
1024,737
36578,737
36578,737
12326,737
36578,737
18460,737
33252,737
7452,737
16295,737
35117,737
8293,737
26496,737
35803,737
37296,737
35089,737
7545,737
20036,737
30743,737
25689,737
36336,737
34045,737
19783,737
2935,737
27244,737
35254,737
32757,737
10388,737
19465,737
7074,737
7404,737
27458,737
35497,737
36070,737
19625,194
22270,194
35249,194
21954,194
1879,194
10821,194
14748,194
29416,194
9846,194
26890,194
565,194
9536,194
20972,194
35172,194
2993,194
30568,194
13835,194
31678,194
1127,194
14179,194
24144,194
28354,194
19328,194
29256,194
25790,194
27974,194
33901,194
368,194
17243,194
8575,194
4138,236
11208,236
35986,236
10153,236
8529,236
5240,236
9594,236
10672,236
36719,236
19946,236
29535,236
25005,236
14476,236
18197,236
11001,236
783,236
6786,236
29047,236
4440,236
4115,236
15986,236
6568,236
33053,236
783,236
22227,236
4217,236
2114,236
13931,236
10802,236
7880,236
366,236
17262,236
24702,236
13369,236
18158,236
12754,236
14167,236
25842,236
22079,236
13763,236
6848,236
3302,236
25724,236
6885,236
11256,236
13931,236
10356,236
13578,236
12763,236
3974,236
16024,236
2712,236
31016,236
12234,236
36592,236
12028,236
8166,236
1563,236
5609,236
27350,236
10775,236
11091,236
36709,236
14796,236
4016,236
6474,236
16046,236
32564,236
19960,236
21021,236
5162,236
14190,236
4394,236
8556,236
35706,236
8460,236
10846,236
13176,236
11135,236
6886,236
1586,236
8953,236
21845,236
16651,236
35656,236
36503,236
23858,236
28323,236
7372,236
25930,236
24262,236
537,279
19731,279
15826,279
23497,279
7022,279
26122,279
26737,279
2228,279
4003,279
18218,279
3198,279
29907,279
18292,279
7939,279
24134,279
36243,279
36504,279
17366,279
17459,279
6388,279
19902,279
16476,279
27283,279
9,279
29287,279
1561,279
4994,279
9440,279
19570,279
23731,279
28385,279
9782,279
35452,279
939,279
35495,279
3622,279
11829,279
26717,279
19492,279
28072,279
14643,279
3814,279
28072,279
27111,279
23212,279
9781,279
15956,279
658,279
36648,279
36504,279
6994,279
3789,279
20054,279
4347,279
16107,279
27821,279
34594,279
21265,279
5416,279
4729,279
27569,279
33274,279
9783,279
29907,279
13135,279
20821,279
35899,279
953,279
13317,279
13051,279
7885,279
33101,279
16574,279
11905,279
5790,279
14390,279
29124,692
6803,692
8398,692
29001,692
18805,692
24947,692
22784,692
29606,692
15338,692
10319,692
11325,692
27257,692
12779,692
15098,692
426,692
20254,692
34743,692
17677,692
8682,692
3079,692
19924,692
15408,692
7360,692
11923,692
10836,692
34930,692
6080,692
36072,692
21665,692
396,692
13907,692
2528,692
37030,692
12033,692
6187,692
15450,692
35913,692
23729,692
10819,692
35769,692
11272,692
19125,692
7261,692
37488,692
10481,692
37380,692
17859,692
27176,692
8161,692
16413,692
6724,692
7584,692
34927,692
30561,931
3365,931
29041,931
2078,931
491,931
23276,931
37758,931
16339,931
2694,931
19932,931
17662,931
34060,931
19941,931
16226,931
29111,931
8302,931
24325,931
16226,931
4750,931
10865,931
16383,931
336,931
16396,931
30019,931
17409,931
10704,931
2607,931
27763,931
7010,931
16427,931
29302,931
29302,931
18517,931
27238,931
7074,931
26708,931
36013,931
15945,931
33155,931
31411,931
16184,931
19334,931
23984,931
10489,931
11646,931
36853,931
36050,931
10262,931
18038,931
1856,931
4088,931
14169,931
876,931
8189,931
29757,931
26486,931
8844,931
12312,931
3177,931
36980,931
37467,931
876,931
28548,931
36655,931
12873,931
1221,931
16143,931
32247,931
16555,931
24054,931
36458,931
2598,931
3218,931
24474,931
18613,931
31905,931
725,931
22761,105
33734,105
18669,105
9607,105
24810,105
11686,105
11864,105
20239,105
18425,105
18712,105
23778,105
12080,105
15539,105
20045,105
12360,105
22162,105
26044,105
20511,105
23413,105
18563,105
28221,105
8191,105
21798,105
5267,105
21832,105
29101,105
20462,105
29236,105
5960,105
9070,105
17781,105
26612,105
19032,105
17633,105
14294,105
31930,105
18383,105
15803,105
26319,105
9270,105
24151,105
12518,105
28792,105
33139,105
21717,105
27633,105
22976,105
25134,105
27760,105
30811,105
24400,105
30710,105
13270,105
21440,105
11206,105
23366,105
11620,105
12060,105
30940,105
26112,105
22221,105
16231,105
20235,105
33738,105
15784,105
26144,105
30190,105
12139,105
33183,105
18642,105
10629,105
7351,105
27254,105
24731,105
32972,105
12573,105
23725,105
21924,105
20236,105
12604,105
29010,105
27365,105
11084,105
34825,767
27977,767
26258,767
33300,767
12900,767
614,767
4795,767
12800,767
308,767
16325,767
623,767
29859,767
21875,767
6255,767
32104,767
33146,767
4012,767
15848,767
29348,767
3064,767
31194,767
27885,767
30966,767
31075,767
19420,767
2804,767
12045,767
9613,767
11302,767
14524,767
10267,767
15817,767
24105,767
30384,767
6011,767
34170,767
18437,767
3667,767
12608,767
21901,767
299,767
33441,767
22699,767
27591,767
2571,767
5283,767
1259,767
2332,767
22160,767
1002,286
3988,286
11624,286
36841,286
1355,286
23288,286
3158,286
5525,286
1002,286
31903,286
11279,286
13548,286
17296,286
32478,286
34058,286
29044,286
20054,286
9169,286
34578,286
19640,286
17892,286
27686,286
30945,286
8487,286
34296,286
11174,286
8713,286
7166,286
19132,286
2025,286
30663,286
32345,286
12198,286
36044,286
36220,286
24519,286
35998,286
7939,286
35409,286
26943,286
13721,286
4033,286
10082,286
29421,286
23676,286
941,286
4542,286
23945,286
20832,286
5009,286
6646,286
9069,286
3207,286
2369,286
26250,286
17550,286
18712,286
15171,286
26055,286
35114,286
5096,286
20268,286
15954,286
34270,286
32291,286
36311,286
31431,286
6149,286
10589,286
19666,286
35517,286
28891,286
18843,286
17389,286
14475,286
19451,286
6202,286
11122,286
11480,286
5043,286
16146,286
4789,286
13580,286
25722,286
4466,286
7061,286
2574,286
14327,286
34636,286
4762,286
4651,286
19503,286
20032,286
36752,286
8454,286
2246,286
17630,286
8828,286
17624,286
29430,286
8705,286
8981,286
14463,286
3565,286
11986,286
10476,286
13513,286
20359,286
26408,286
23335,286
21117,286
5368,286
10072,286
30950,286
20453,286
32932,286
26014,286
26736,286
34537,286
10725,286
31914,286
13858,286
35899,286
5586,286
27512,286
1132,286
5602,286
13135,286
15025,286
1084,286
14875,286
23399,286
24985,286
3640,286
8621,286
15917,286
5816,286
5531,286
35901,286
15723,286
1069,286
18472,286
18671,286
8766,286
4006,286
5858,286
8766,286
21920,286
33723,286
8766,286
8766,286
5858,286
18224,286
18224,286
28060,286
33723,286
34714,286
28060,286
33723,286
1392,286
33723,286
33723,286
28060,286
5858,286
28060,286
1392,286
8766,286
28060,286
28060,286
36766,286
5858,286
36766,286
1392,286
36766,286
5858,286
33723,286
9000,286
28060,286
9000,286
36766,286
5368,286
5368,286
5368,286
33723,286
5368,286
4453,335
8701,335
12426,335
3836,335
6216,335
3192,335
899,335
16860,335
10571,335
12307,335
1284,335
30709,335
30709,335
19434,335
12918,335
14997,335
6726,335
15259,335
29746,335
28029,335
24102,335
28765,335
25571,335
14686,335
32745,335
9557,335
25035,335
16656,335
12523,335
946,335
4860,335
37007,335
16683,335
23243,335
12765,335
7677,335
36178,335
31361,335
58,335
32611,335
29974,335
2911,335
13497,335
16491,335
34579,335
28800,335
7949,335
12731,335
9384,335
28735,335
7656,335
35414,335
13641,335
22288,335
20852,335
2921,335
3927,335
12892,335
24634,335
31577,335
7078,335
1146,335
16301,335
2567,335
2998,335
9959,335
16211,335
13759,335
36243,335
20585,335
15886,335
36765,335
19871,335
21722,335
6441,335
36482,335
29609,335
3369,335
22363,335
15399,335
6425,335
5705,335
18802,335
26815,335
7179,335
31130,335
35228,335
3361,335
31708,335
5985,335
11158,335
28520,335
13295,335
27136,335
13544,335
24506,335
21850,335
24091,335
23259,335
18455,335
10476,335
28798,335
24399,335
36805,335
24708,335
7640,335
15376,335
18226,335
15785,335
27061,335
23641,335
11502,335
23054,335
2116,335
17529,335
36448,335
21783,335
35060,335
29536,335
34799,335
18933,335
23421,335
21661,335
13072,335
35932,335
24837,335
13780,335
5314,335
6211,335
28279,335
24770,335
12000,335
16423,335
16423,335
8558,335
19741,335
12721,335
22561,335
24031,335
11674,335
2104,335
16736,335
16743,335
31805,335
25202,335
781,335
11993,335
16557,335
21921,335
19045,335
27927,335
27500,335
19002,335
30338,335
3469,335
3526,335
31510,335
9334,335
33891,335
4471,335
36145,335
29630,335
5500,335
34360,335
12940,335
36597,335
6371,335
4824,335
34046,335
35228,335
4781,335
15587,335
24370,335
34391,335
23208,335
25033,335
6457,335
21681,335
13120,335
19652,335
10257,335
29598,335
23068,335
22162,335
14968,335
26710,335
26710,335
26710,335
4379,335
17039,335
36763,335
10257,335
34317,335
34622,335
11891,335
1892,335
30075,335
26684,335
33009,300
32635,300
24383,300
21282,300
32635,300
26534,300
24383,300
26417,300
33009,300
33323,300
30994,300
35099,300
27232,300
21090,300
33358,1056
25045,1056
10852,1056
26764,1056
18759,1056
29473,1056
28126,1056
28260,1056
35485,1056
6816,1056
34807,1056
34807,1056
26086,1056
561,1056
3765,1056
37077,1056
10499,1056
26619,1056
7927,1056
13478,1056
21511,1056
16202,1056
3326,1056
18809,1056
25093,1056
27466,1056
17207,1056
21330,1056
25586,1056
12043,1056
5233,1056
34948,1056
24241,1056
29214,1056
14388,1056
19595,1056
32331,1056
12,1056
12832,1056
30879,1056
30601,1056
34915,1056
1198,1056
13097,1056
17581,1056
7335,1056
24734,1056
4713,1056
33077,1056
8455,1056
19764,1056
13938,1056
998,1056
26697,1056
20285,1056
40,1056
27950,1056
21921,1056
28452,1056
29200,1056
23549,1056
28048,1056
33495,1056
34062,1056
29795,1056
31195,1056
35391,1056
14944,1056
23526,1056
29158,1056
17607,524
26512,524
35066,524
25277,524
22371,524
25241,524
30382,248
36545,248
19732,248
14939,248
36558,248
20214,248
16578,248
26413,248
9781,248
20504,248
24509,248
5524,248
22501,248
35144,248
31356,248
415,248
14359,248
29528,248
36719,248
10992,248
4738,248
1303,248
22052,248
32412,248
6811,248
18671,248
11989,248
2432,248
20669,248
8751,248
4578,248
12502,248
16183,248
36705,248
11891,248
29584,248
16357,248
34040,248
18061,248
33996,248
24984,248
32117,248
84,248
18355,248
3356,248
656,248
1772,248
2745,248
17866,248
20669,248
14120,248
20669,248
6730,248
9429,248
2066,248
658,248
5354,248
25173,248
10009,248
32487,248
578,248
23170,248
8550,248
35170,248
3072,31
32060,31
27220,31
6648,31
21806,31
4053,31
15687,31
5589,31
12858,31
3271,31
1426,31
16630,31
28937,31
23204,31
13208,31
20487,31
28983,31
5361,31
1512,31
27465,31
21408,31
27217,31
31360,31
29469,31
30393,31
7215,31
30254,31
22266,31
1857,31
11959,31
2545,31
30482,31
5431,31
29441,31
26097,31
30039,31
1627,31
12764,31
28989,31
17989,31
1550,31
17353,31
3917,31
26963,326
16723,326
713,326
32834,326
6273,326
33398,326
33717,326
32759,326
7049,326
24661,326
24661,326
32650,326
36063,326
33476,167
34011,1037
24528,1037
21600,1037
10856,1037
24588,1037
5763,1037
26987,1037
36255,1037
36879,1037
9716,1037
9234,1037
13294,1037
37882,1037
3051,1037
4487,1037
24701,1037
6493,1037
13294,1037
26897,1037
13294,1037
37923,1037
32874,1037
27148,1037
1816,1037
32874,1037
5955,1037
22245,1037
5955,1037
18122,1037
23300,1037
37923,1037
36916,1037
36916,1037
36916,1037
13376,1037
30142,1037
1816,1037
25407,1037
1816,1037
1816,1037
5955,1037
10258,1037
28382,1037
5955,1037
23275,1037
22182,1037
21418,1037
24769,1037
35578,1037
5955,1037
36894,1037
9087,1037
20209,1037
35578,1037
34801,1037
13376,1037
12154,1037
36916,1037
13376,1037
37828,1037
13376,1037
13376,1037
17095,1037
26860,1037
33983,1037
27424,1037
4371,1037
17095,1037
25666,1037
29357,1037
20624,1037
11579,1037
31766,1037
26424,1037
32981,1037
26715,1037
32981,1037
12497,1037
26424,1037
26757,1037
9750,1037
8492,1037
32885,1037
1816,1037
37828,1037
32885,1037
32885,1037
5955,1037
524,1037
524,1037
462,1037
462,1037
22182,1037
462,1037
1816,1037
34092,1037
37132,1037
18122,1037
5955,1037
5955,1037
36000,1037
36384,1037
5955,1037
5955,1037
14107,1037
6904,1037
6904,1037
11066,1037
30036,1037
24906,1037
4037,1037
28620,1037
30508,1037
30508,1037
5955,1037
5955,1037
1592,1037
13514,1037
1816,1037
462,1037
29097,1037
36261,1037
23016,1037
416,1037
34801,1037
34801,1037
34801,1037
4983,1037
21178,1037
14684,1037
22058,1037
11103,1037
21477,1037
3983,1037
37923,1037
3042,1037
4753,188
28205,188
2247,188
30799,188
16758,188
19096,188
8991,188
15010,188
7056,188
22499,188
35063,188
22542,188
22314,188
1232,188
12859,188
7979,188
3311,188
9109,188
10294,188
28576,188
6352,188
18287,188
17035,188
28019,188
32105,188
30759,188
8519,188
33943,188
22124,188
17808,188
36023,188
32086,188
6650,188
10104,188
3751,188
1068,188
12511,188
14183,188
6604,188
6532,188
34179,188
13020,188
29498,188
23598,188
16945,188
21014,188
19978,188
6723,188
1232,188
17744,188
12997,188
1878,188
13487,188
35819,345
21388,345
4864,345
31212,345
7762,345
2965,345
7680,345
19721,345
30804,345
6285,345
16262,345
15788,345
13609,345
35040,345
3436,345
7859,345
10098,345
16034,345
12705,345
6392,345
19787,345
19047,345
17283,345
17011,345
10707,345
5461,345
26282,345
11358,345
24757,345
7773,345
26136,345
21635,345
2948,345
25349,345
21915,345
10886,345
3997,345
22436,345
15554,345
17649,345
13015,345
8892,345
7476,345
29467,345
18530,345
14219,345
29633,345
11358,345
10021,345
24041,345
32139,411
34144,411
54,411
9728,411
29371,411
32269,411
4703,411
32220,411
3555,411
9954,411
8738,411
35591,411
22499,411
22124,411
12973,411
32836,411
28744,411
7337,411
8680,411
6723,411
34144,411
35103,411
16946,411
34871,411
7656,802
29445,802
34498,802
17773,802
7546,802
16039,802
10382,802
290,802
2061,802
207,802
20860,802
35473,802
17540,802
8792,802
36449,802
3187,802
29224,802
33065,802
34583,802
33065,802
25888,802
11643,802
33205,802
3881,802
32072,802
335,802
37093,802
30948,802
43,802
26296,13
13522,13
20100,13
10923,13
21051,13
8198,13
6263,13
6481,13
24056,13
29741,13
16493,13
14295,13
21061,13
10327,13
20280,13
22460,13
25849,13
28230,13
14812,13
18680,13
10434,13
11597,13
31133,13
9288,13
28228,13
4515,13
27992,13
16492,13
24527,13
11635,13
2780,13
7672,13
30504,13
30504,13
29789,779
15305,779
28984,779
36867,779
953,779
3976,779
37035,779
4512,779
8676,779
7461,779
31694,779
13450,779
2308,779
8378,779
3302,779
3808,779
24724,779
36602,779
18016,779
20779,779
30974,779
13357,779
11526,779
22060,779
11835,779
35732,779
5657,779
6875,779
6875,779
16483,779
30252,779
10892,779
482,779
16092,779
29704,779
21567,779
19840,779
21769,779
33,779
4246,779
7914,779
19079,779
35141,779
5254,779
5163,779
9885,779
10952,779
19285,779
29007,779
5325,779
31651,779
19258,779
23848,779
23038,800
23038,800
23038,800
23038,800
20620,800
23038,800
19584,800
23038,800
15424,800
14072,800
31664,800
34615,800
27938,800
31664,800
35182,800
36148,800
11264,800
11264,800
19547,800
16892,800
24366,800
20570,800
23783,800
32790,800
5916,555
29417,555
5541,555
35164,555
13181,555
35139,555
20541,555
25737,555
35919,555
34190,555
21491,555
3024,555
13843,555
20456,555
25122,555
24806,555
28010,555
6732,555
16015,555
27909,555
21114,555
6142,555
18435,555
4177,555
25858,555
1148,555
805,555
17216,555
23052,555
27842,555
19137,555
30451,555
23621,555
27425,555
33524,555
17145,555
17910,555
34660,555
34868,555
34553,555
15370,555
20762,555
17401,555
14320,555
37258,555
26146,555
32461,555
35118,555
36128,555
19380,555
23857,555
25581,555
9616,555
29023,555
27294,555
27870,555
23292,555
688,555
17456,555
17125,555
30471,555
5911,555
36921,555
31015,555
29671,555
23863,555
17390,555
2230,555
86,555
21329,555
25069,555
19725,555
1738,555
37188,555
33999,555
30427,555
15599,555
15228,555
26320,555
25251,555
15715,555
15715,555
1279,555
14572,555
22047,555
3418,555
24239,555
22898,555
10670,555
24997,555
25710,555
11019,555
14133,555
31303,555
4585,555
982,555
23058,555
3908,555
18511,555
35670,555
8017,555
10795,555
35081,555
25486,555
31415,555
18934,555
393,555
24977,555
19601,555
23462,555
3425,555
4215,555
31688,555
34403,555
9887,555
29180,555
17199,555
15446,555
19245,555
27021,555
19897,555
3188,555
20961,555
18229,555
22965,555
31025,555
5281,555
11179,555
24415,555
28010,555
24050,555
34646,555
32268,555
9455,555
29966,555
37221,555
26114,555
19827,555
11634,555
21444,555
30514,555
21895,555
13397,555
30796,555
8723,555
6227,555
34907,555
20067,555
31116,555
9997,555
22085,555
24849,555
27621,555
22287,555
30486,555
21748,555
29694,555
29273,555
26496,555
13499,555
5527,555
26642,555
4153,555
35252,555
21919,555
22707,555
26714,555
32203,555
32046,555
36626,555
27528,555
26135,555
11780,555
12822,555
8292,555
26151,555
23342,555
13357,555
34162,555
23955,555
21057,555
6652,555
24976,555
21660,555
30717,555
28736,555
17410,555
36434,555
10994,555
10841,555
7037,555
35513,996
9661,996
18640,996
35436,996
6905,996
23002,996
3303,996
37704,996
23923,996
21540,996
34839,996
24995,996
11666,996
14408,996
23348,996
8246,996
21095,996
21488,996
824,996
36866,996
20126,996
22168,996
28705,996
20951,996
97,996
10464,996
737,996
13229,996
22734,996
7287,996
23980,996
5318,996
1554,996
34839,996
12112,996
30529,996
32517,996
22370,996
29125,996
7111,996
27857,996
8229,996
24843,996
24040,996
1888,996
14976,996
32923,996
8333,996
18743,996
16394,996
24051,996
18743,996
30232,996
37419,996
12040,996
35171,996
1542,996
1434,996
12228,996
13056,996
27809,996
32517,996
26572,996
26572,996
10701,996
33259,996
8319,996
29556,996
33774,996
35108,996
35653,996
32595,996
33704,996
31125,996
31638,996
35237,996
2919,996
27568,996
7370,996
24803,996
37235,996
23503,996
37560,996
19551,996
28199,996
15781,996
16991,996
22626,996
15010,996
33272,996
8012,996
30025,996
35559,996
11602,996
21754,996
717,996
33496,996
25718,996
7584,996
30026,996
3312,301
34307,301
12373,301
15679,301
26570,301
13436,301
30394,301
6052,301
445,301
30394,301
28279,301
15901,301
3267,301
8532,301
3350,301
11583,301
27097,301
33581,301
30840,301
447,301
14653,301
1733,301
28925,301
17635,301
12644,301
9170,301
3331,301
31651,301
22406,301
980,301
5857,301
22853,301
29732,301
2338,301
4763,301
20480,301
22958,301
12256,301
4763,301
8662,301
21921,301
8291,301
17502,301
30487,301
22032,301
17146,301
22032,301
13726,301
22680,301
821,301
15623,301
26550,301
27547,301
1947,301
21207,301
17421,301
1841,301
27969,301
6297,301
4120,301
26447,301
3259,301
3814,301
12311,301
34777,301
2257,301
36344,301
34795,301
23919,301
12209,301
31924,301
25076,301
27138,301
31924,301
15816,301
32426,301
15816,301
21207,301
25912,301
27259,301
15688,301
35192,301
21585,301
17213,301
19348,301
14693,301
2085,972
18988,972
14336,972
14336,972
30682,972
34309,972
20171,972
8644,972
35749,972
35749,972
5265,972
28415,972
11898,972
36652,972
26620,972
3345,972
3345,972
30235,972
2554,972
27358,972
17659,972
30845,972
13376,972
470,972
24214,972
36394,972
16670,972
6951,972
32795,972
30647,972
30647,972
27717,972
29656,972
17977,972
21434,972
9729,972
34510,972
32451,972
19995,972
32451,972
10284,972
18670,972
12960,972
25522,972
35263,972
28100,972
34206,972
31070,972
33761,972
33761,972
10618,1040
25192,1040
15301,1040
19927,1040
35591,1040
19258,1040
10221,1040
202,1040
14430,1040
25343,1040
14430,1040
22499,1040
22542,1040
37098,1040
17307,1040
20407,1040
29336,1040
22496,1040
18002,897
28572,897
17141,897
17606,897
30110,897
35750,897
17802,897
35402,897
29608,897
28572,897
26881,897
7,897
11876,897
34792,897
25656,897
16769,897
25879,897
14839,897
7154,897
27036,897
31548,897
10274,897
33727,897
23293,897
11166,897
16736,897
36906,897
35414,897
37007,897
11659,897
24515,897
20861,897
10847,897
957,314
19,314
12371,314
2738,314
8926,314
5899,314
17503,314
29404,314
3660,314
8708,314
11828,314
18957,314
32583,314
26508,314
30544,314
29317,314
7338,314
24285,314
6559,314
10721,314
8880,314
12956,314
10100,314
11257,314
4935,314
4212,314
30221,314
10306,314
10862,314
2600,314
35529,314
829,314
24090,314
5230,314
19644,314
35479,314
15634,314
22594,314
3,314
3401,314
5868,314
25099,314
5813,314
32621,314
8062,314
34414,314
11894,314
21897,314
29525,314
12855,314
26129,314
28169,314
34667,314
3027,314
20487,314
24397,314
30844,314
17961,314
17961,314
17156,314
25347,314
36624,314
20694,637
17817,637
2919,637
2974,637
15781,637
6757,637
25369,637
2520,637
2103,637
9066,637
13703,637
5899,637
14881,637
30198,637
12164,637
19117,637
6912,637
16446,637
1704,637
35340,637
25086,637
26560,637
3398,637
2665,637
291,637
1172,637
30241,637
27744,637
13521,637
2823,637
23925,637
31378,637
27996,637
17230,637
33269,637
18864,637
12289,637
21331,637
21343,637
15411,637
9992,637
22158,637
12326,637
5453,637
927,637
14169,637
31101,637
5849,637
21499,637
13968,637
3479,637
27857,637
30372,637
37255,637
32264,637
4895,637
14521,637
30275,637
24233,637
22165,637
323,637
13653,637
32818,637
15622,637
31245,637
30278,637
15944,637
31100,637
30272,637
34656,637
12668,637
31094,637
28721,637
30273,637
33089,637
32270,637
28720,637
31091,637
36264,637
32077,637
17859,637
31215,637
26945,695
23288,695
18781,695
27154,695
25877,695
33795,695
472,695
7867,695
35769,695
1491,695
30403,695
1665,695
33622,695
32249,695
32017,695
26029,695
27277,695
27857,695
11836,695
16780,695
27532,695
30995,695
34308,695
27623,695
13749,695
16268,695
15970,695
16911,695
22401,695
37480,695
18104,695
31790,695
34470,695
21854,695
26425,695
32232,695
7097,695
18976,695
34716,695
36488,695
18968,695
32229,753
14439,753
1584,753
34566,753
9837,753
32744,753
1106,753
20486,753
13762,753
26531,753
26130,753
34584,753
2351,753
1747,753
4751,753
35153,753
21334,753
32229,753
12570,753
7233,753
5247,753
5518,753
13128,753
32229,753
18290,753
11111,753
28991,753
24930,753
1894,753
11626,753
23589,753
23135,753
29009,753
36452,753
7621,753
9517,753
18072,753
12927,753
23906,753
30810,753
33356,863
11059,863
34617,863
3649,863
4951,863
9722,863
21828,863
35468,863
25456,863
10598,863
10598,863
11556,863
18638,863
24741,863
28884,863
2994,863
73,863
9508,863
9508,863
25997,519
33322,519
9521,519
19592,519
32714,519
12442,519
6893,519
9044,519
19297,519
22173,519
20545,519
6663,519
6294,519
9816,519
18288,519
19992,519
34227,519
25041,519
27686,519
24854,519
2431,519
6294,519
19592,519
19592,519
23070,519
6511,782
285,782
13815,782
8513,782
10435,782
8891,782
8244,782
22036,782
26731,782
13759,782
29102,782
11286,782
14834,782
37015,782
17257,782
13948,782
19440,782
11430,782
16851,782
36198,782
37496,782
16068,782
16338,782
25090,782
2919,782
33882,782
26425,782
31431,782
6421,782
5302,782
33437,782
22936,782
36208,782
3126,782
29428,782
18781,782
8061,782
16991,782
33819,782
37160,782
10587,782
9994,782
32941,782
37339,782
34815,782
14135,782
2873,782
34594,782
12065,782
14842,782
28576,782
16167,782
36222,782
34545,782
24794,782
34059,782
35460,782
5157,782
28763,782
7379,782
28710,782
28336,782
20943,782
6056,782
14003,782
18783,782
20789,782
5781,782
15212,782
28514,782
8534,782
8789,782
35881,782
27039,782
37404,782
24115,782
14239,782
21608,782
29260,782
5285,782
25949,782
26326,782
22548,782
34735,782
28821,782
25700,782
28821,782
18298,782
22690,782
33235,782
34228,782
34625,782
25198,782
31431,782
37598,782
37150,782
21896,782
3361,782
26429,782
6179,782
24728,782
26577,782
19604,782
15231,782
8276,782
15374,782
10888,782
23775,782
2078,782
32090,782
3575,782
29245,782
17769,782
22873,782
32400,782
35982,782
8872,782
11117,782
7997,782
26577,782
6179,782
22679,782
2840,782
31125,782
7984,782
30802,782
35907,782
36941,782
18692,782
12429,782
17437,782
2841,782
34291,782
18815,782
35628,782
17531,782
15882,782
2559,948
21624,948
1962,948
10614,948
22391,948
8448,948
2151,948
6254,948
35887,948
11261,948
3120,948
23383,948
35750,948
959,948
2501,948
24297,948
2648,948
25025,948
28339,948
20776,948
32959,948
9210,948
25160,948
16108,948
12239,948
28783,948
10023,948
24870,948
17055,948
2310,948
2142,948
30368,948
21857,948
35353,948
14621,948
1671,948
34601,948
15113,948
14454,948
8146,948
2873,948
37007,948
35414,948
21487,948
9853,948
24146,948
305,948
7439,948
1761,948
7631,948
4189,948
28037,948
405,948
18275,948
32496,948
3692,948
14833,948
24007,948
35353,948
4245,948
4783,948
21695,948
21695,948
29601,948
14807,948
10889,948
8916,948
25176,948
8916,948
25176,948
26648,948
24570,948
33482,948
11783,948
20847,948
1889,948
14530,948
22909,948
33037,948
37509,948
37509,948
23747,948
24818,948
6572,948
6666,948
28396,948
15075,948
13083,948
22094,948
22968,948
7184,948
24150,948
6273,948
33834,948
31713,948
33982,948
36672,948
17982,948
25072,948
14798,948
35191,948
18450,948
4142,948
24371,948
25791,948
520,948
4010,948
18429,10
25207,10
22658,10
22658,10
13919,10
22132,10
19614,10
7893,10
10022,10
24207,10
24207,10
21453,10
17676,10
24467,10
26910,10
16692,10
6542,10
30260,10
24604,10
20516,10
13778,10
23986,10
11280,10
12587,10
24304,10
5264,10
5264,10
5264,10
6826,10
12796,10
24153,10
29012,10
12311,10
26603,10
19976,10
19841,10
6161,10
30811,10
22219,10
12257,80
20490,80
7872,80
14673,80
17533,80
26537,80
27052,80
21224,80
22376,80
31867,80
10693,187
33849,187
9124,187
17749,187
3059,187
4365,187
24318,187
14495,187
30799,187
8104,187
13027,187
16858,187
7491,187
25445,187
10572,187
6907,187
18411,187
5336,187
31614,187
4528,187
17624,187
11131,187
1604,187
1012,187
6532,187
6814,187
11275,187
2186,187
22270,187
14347,187
22211,187
29405,187
604,187
1941,187
12136,187
35364,187
1649,187
2646,187
28448,187
11397,187
29308,187
34532,187
10042,187
17394,187
25865,187
9317,187
20155,187
11875,187
17380,187
4964,187
21914,187
22074,187
8519,187
30483,187
2942,187
25256,187
15239,187
20823,187
27015,187
21273,187
19,187
7154,187
12978,187
6847,187
28213,187
12549,187
15402,187
21853,187
1667,187
5950,187
16135,187
14609,187
8343,187
10811,187
34179,187
33737,187
12364,187
20972,187
17767,187
3070,187
20822,187
24298,187
28345,187
29531,187
22259,187
14239,187
33182,187
15203,187
8463,187
9953,187
35507,187
12113,187
23913,187
15437,187
7056,187
27438,187
33719,187
22256,187
33298,187
32172,187
8990,187
23545,187
3288,187
21273,187
2956,187
180,187
31332,187
3315,187
20494,187
13158,187
25604,187
18121,187
30074,187
12793,187
35545,187
10928,187
34516,187
9774,187
8238,187
11330,187
15402,187
10296,187
25837,187
16888,187
27857,187
24600,187
21622,187
31313,187
12226,187
5870,187
35172,187
22071,187
26360,187
16413,187
24110,187
17808,187
32398,187
30866,187
3891,187
35342,187
7252,187
3079,187
14169,187
28685,187
24800,187
6261,187
27272,187
15203,187
13037,187
15929,187
33763,187
32007,187
25160,187
17344,187
10104,187
35852,187
4271,187
35674,187
20401,187
15482,187
3751,187
17982,187
17045,187
27024,187
15213,187
30241,187
32855,187
6518,187
23030,187
34836,187
1283,187
23204,187
23879,187
2840,187
13020,187
32996,187
34894,187
4676,187
4141,187
34381,187
14781,187
8555,187
9006,187
35072,187
27613,187
17176,187
13077,187
35836,187
23028,187
33116,187
3167,187
9314,187
4428,187
12743,187
32442,187
1645,187
12985,187
19634,187
29478,187
4142,187
22527,187
19194,187
10613,187
28421,187
32077,187
16367,187
28215,187
12376,187
19518,187
18803,187
21332,187
20135,187
1550,187
23918,187
28318,187
28637,187
10172,187
35967,187
24028,187
26253,187
12823,187
3026,187
29867,187
16245,187
2930,187
19207,187
11834,187
6290,187
16328,187
17985,187
20323,187
9260,187
29812,187
31591,187
29437,187
35772,187
33130,187
36081,187
27895,187
8312,187
31978,187
32525,187
11796,187
5441,187
18111,187
33130,187
15402,187
10825,246
8701,246
10912,246
2920,246
33383,246
7367,246
11031,246
14122,246
20753,246
31046,246
1791,246
17143,246
31578,246
14825,246
420,246
5943,246
8914,246
6463,246
2083,246
3035,246
2073,246
29989,246
13811,246
6204,246
9711,246
2258,246
10725,246
4581,246
14548,246
14151,246
9617,246
1102,246
14080,246
3684,246
16511,246
22501,246
18402,246
30634,246
11620,246
20634,246
16777,246
34343,246
21385,246
31721,246
3041,246
316,246
4600,246
7738,246
1175,745
12668,745
28604,745
29229,745
14723,745
29582,745
26866,745
35844,745
17185,745
34347,745
13190,745
32266,745
17341,745
37068,745
31093,745
37433,745
12490,745
17859,745
32991,745
30270,745
29005,745
11082,745
36699,745
29419,745
37099,745
21343,745
24229,745
30276,745
30274,745
11925,745
30280,745
31316,745
33660,745
12609,745
15036,745
28858,745
28144,745
28144,745
1743,745
1743,745
32991,745
3173,953
33504,953
21219,953
5457,953
2983,953
35007,953
9668,953
13114,953
14548,953
36991,953
16509,953
2862,953
21022,953
25201,953
20826,953
1193,953
36178,953
1195,953
36694,953
37048,953
17280,953
36694,953
11201,953
8437,953
1336,953
24110,953
26599,953
24113,953
31370,953
33333,953
14853,953
27061,953
17072,953
35414,953
266,953
924,953
27323,953
5232,953
30188,953
32511,953
3047,953
32004,953
37102,953
17382,953
12552,953
11993,953
18150,953
6184,953
18150,953
26676,953
6184,953
14432,953
4531,953
605,953
13139,953
18960,953
37466,953
3523,953
18996,953
18996,953
24518,953
14085,953
12243,953
31844,953
1361,953
2155,953
1361,953
12243,953
6019,953
10847,953
33710,953
4304,24
9578,24
12134,24
8265,24
4156,24
15742,24
17944,24
24110,24
24434,24
17844,24
17844,24
26372,24
9851,24
27695,776
493,776
21678,776
949,776
28824,776
28178,776
16916,776
11233,776
12669,776
33290,776
5715,776
15051,776
395,776
34457,776
28968,776
24544,776
12324,776
22039,776
27588,776
31971,776
18491,776
11119,776
32396,776
18378,776
9148,776
11707,776
2095,776
13161,776
3360,776
4104,712
249,712
26011,712
4410,712
251,712
5367,712
4613,712
18347,712
24614,712
8876,712
7830,712
3685,712
34541,712
36243,712
10008,712
10011,712
4574,712
156,712
2158,712
8518,712
1772,712
32580,712
2955,712
18983,712
10230,712
7002,712
27792,712
27966,712
18918,712
30405,712
27958,712
26544,712
18858,712
22985,712
11200,712
11317,712
25445,712
4839,712
4827,712
10665,712
7087,712
7087,712
16318,235
351,235
8754,235
10683,235
28205,235
24798,235
25250,235
2940,235
16240,235
27218,235
30865,235
29371,235
8021,235
585,235
10308,235
31209,235
35169,235
30770,235
35591,235
6547,235
8995,235
36541,235
378,235
21862,235
1477,235
2017,235
32984,235
22124,235
12973,235
34243,235
3242,235
8306,235
585,235
35169,235
19350,235
11305,235
33835,235
2933,235
35169,235
20164,235
2562,235
26721,235
28568,235
10916,235
1581,235
24556,235
13016,235
5085,235
20158,235
4708,235
20041,235
7784,235
2339,235
28165,235
10878,235
5475,235
8141,235
8141,235
31209,235
9671,235
2570,235
8141,235
17261,235
10081,235
2940,235
17173,235
7403,235
18412,235
19061,235
28740,235
19061,235
7616,235
2224,235
11305,235
2309,235
14778,235
14058,235
6659,235
35169,235
19956,235
10394,235
29997,235
17173,235
33943,235
7259,235
6295,235
13140,235
9439,235
585,235
17257,235
6505,235
17019,235
33339,875
16201,875
17853,875
20702,875
21065,875
28045,875
17272,875
6710,875
12525,875
22007,875
23030,875
28910,875
18169,875
29932,875
37643,875
28857,875
37558,875
16982,875
9708,875
15132,875
5689,875
6630,875
32105,875
16465,875
37641,875
36389,875
8506,875
19812,875
36185,875
30458,875
19131,875
17853,875
34741,875
13469,875
23082,875
37474,875
35210,875
37158,875
37632,875
7019,875
37582,875
8614,875
10337,875
31187,875
15010,875
9719,875
36416,875
22126,875
32948,875
34051,875
17460,875
19330,875
34609,875
15532,875
35035,875
37606,875
25544,875
20890,875
21750,875
22468,875
2433,875
7501,923
245,923
28731,923
13393,923
7935,923
9633,923
19335,923
34221,923
33264,923
8055,923
37578,923
20132,923
33987,923
15555,923
28565,923
3882,923
27398,923
20213,923
37303,923
34296,923
28161,923
2654,923
11735,923
36072,923
16719,923
1536,923
15563,923
32249,923
13906,923
10628,923
15454,923
37002,923
8434,923
9541,923
37366,923
14538,923
12125,923
29864,923
20203,923
24997,923
28803,923
19197,923
10887,923
23145,923
5606,923
20769,923
27117,923
26943,923
14968,923
21720,923
21772,923
19426,923
32467,923
18416,923
15129,923
19095,923
33431,923
18464,923
29698,923
33215,923
30712,923
13622,923
21938,923
22468,923
13080,923
32501,923
18776,923
2508,923
8193,923
17953,923
7528,923
4517,923
25111,923
30843,923
6858,923
37578,923
8469,923
17940,923
25674,923
20217,923
27857,923
34301,923
28661,923
16838,923
28287,923
35916,923
3051,923
1078,923
18561,923
29997,923
34092,923
29380,923
19681,923
23699,923
13985,923
18421,923
16007,923
6416,923
33836,923
29014,923
31907,923
3028,923
26226,923
19912,923
18487,923
27123,923
33348,923
27261,923
15423,923
24944,923
24227,659
7897,659
23804,659
19394,659
3419,659
26963,659
3841,659
29172,659
7614,659
7614,659
10975,659
26269,659
13325,659
15926,659
35880,659
18689,659
8752,659
34628,659
1839,659
35797,659
29858,659
21534,659
31877,659
27919,659
25625,659
28689,659
22296,659
18730,659
36393,659
10918,78
6507,78
24073,78
24073,78
5853,78
21026,78
14072,78
23643,78
9661,362
47,362
9301,362
2202,362
10687,362
12005,362
9860,362
9860,362
31375,362
30534,362
32227,362
9860,362
23932,362
2749,362
23932,362
2429,362
28560,362
14244,362
27098,362
16876,362
26724,362
5041,362
20537,362
29613,362
31270,362
36781,362
18605,362
13930,362
35538,362
29822,362
35527,362
7584,362
33363,362
17247,362
36911,362
35860,372
34852,372
9540,372
10763,372
34402,372
7713,372
12200,372
938,372
24813,372
21497,372
708,372
11620,372
23813,372
21390,372
32581,372
29540,372
34559,372
12708,372
4843,372
11186,372
227,372
30187,372
23422,372
23422,372
6001,372
35347,372
23280,372
16561,372
26908,372
17793,372
28417,372
21497,372
16278,372
16278,372
11470,372
24707,372
23971,372
10043,372
12683,372
16278,372
13148,372
13148,372
15297,372
16278,372
33526,372
15297,372
28748,372
37072,372
37072,372
28748,372
22005,797
32904,797
34780,797
34337,797
30228,797
36958,797
5621,797
24231,797
17279,797
25969,797
18194,797
13322,797
12729,797
28395,797
37311,797
31568,797
117,797
25556,797
7085,797
35089,797
25080,797
22810,797
20848,797
31118,797
34644,797
34355,797
34355,797
28223,797
27872,797
4698,797
3051,797
31143,797
14071,797
15667,797
34526,797
27579,797
4051,797
19148,797
26902,797
6345,797
36818,797
33265,797
7500,797
21183,797
24540,797
30857,797
3345,797
30827,797
34349,797
33105,797
22485,797
31878,797
33648,797
29624,797
27137,797
20223,797
15014,797
6535,797
37366,797
33956,797
29583,797
35463,797
1091,797
37226,797
16552,797
30827,797
653,626
5148,626
240,626
13993,626
15829,626
10645,626
14383,626
6633,626
33871,626
37096,626
981,626
25202,626
11235,626
23636,626
30148,626
2647,626
28683,626
19864,626
37200,626
21768,626
29477,626
13779,626
30881,626
34539,626
22463,626
37200,626
6572,626
2435,626
3816,626
18313,626
17147,626
30508,626
25037,626
9938,626
22485,626
28511,626
3552,626
26497,626
19118,626
19528,626
29547,626
34715,626
12478,626
10300,626
33226,626
24102,626
7356,626
1690,626
26497,626
4293,626
24723,626
13321,626
12316,626
26454,592
31307,592
6591,592
10643,592
17516,592
12931,592
34829,592
14352,592
18874,592
25099,592
34465,592
19560,592
16699,592
966,592
4011,592
33312,592
30742,592
6944,592
18686,592
16903,592
16418,592
26357,592
12822,592
18971,592
14881,592
28683,592
8336,592
22283,592
19453,592
5217,592
25126,592
16568,592
33374,592
5686,592
16844,592
6806,592
33339,592
22036,592
31876,592
9181,592
23057,592
20254,592
6289,592
36611,592
6572,592
7739,592
14139,592
15618,592
13283,592
14756,592
16743,592
4973,592
8012,592
23298,592
29058,592
24750,592
17143,592
29242,592
28138,592
29832,592
27857,592
27361,592
7097,592
27158,1015
5060,1015
37582,1015
37459,1015
37459,1015
2224,1015
1,1015
27641,1015
35079,1015
18842,1015
36002,1015
10872,1015
10643,1015
16395,1015
31564,1015
6395,1015
15449,1015
31270,1015
12722,1015
12722,1015
17988,1015
33719,1015
14647,1015
27627,1015
20724,1015
35634,1015
20603,393
17771,393
1226,393
199,393
20001,393
5324,393
8517,393
935,393
10717,393
2721,393
11723,393
17239,393
874,393
7926,393
4717,393
12785,393
10761,393
9391,393
6342,393
9004,393
210,393
35414,393
362,393
409,393
28048,393
3571,393
6153,393
27705,393
3801,393
27886,393
22196,393
10309,393
26721,393
6367,393
24448,393
28134,65
25663,65
24053,65
24053,65
15621,65
25573,945
22466,945
33774,945
23784,945
23720,945
33691,945
2044,945
29912,945
2079,945
34675,945
28619,945
7285,945
17651,945
7478,945
17017,945
22537,945
2919,945
25554,945
35513,945
13543,945
10023,945
19829,945
7147,945
11863,945
17815,945
27857,945
13510,945
19660,945
22168,945
27530,945
16196,945
35900,945
29549,945
32595,945
23833,945
32956,945
30877,945
27039,945
7584,945
18993,945
23773,945
8601,1027
27082,1027
34508,1027
18134,1027
3760,1027
14318,1027
29783,1027
29378,1027
28612,1027
7096,1027
22974,1027
34139,1027
8562,1027
35896,1027
21188,1027
34192,1027
8601,1027
5751,1027
4617,1027
23601,1027
26307,1027
25462,1027
13876,1027
13463,1027
6701,1027
25255,1027
25257,1027
37502,1027
13153,1027
13153,1027
35734,1027
34287,1027
27100,1027
20478,1027
20478,1027
36577,1027
20377,763
11268,763
19598,763
22466,763
944,763
30601,763
2014,763
19794,763
2802,763
25665,763
20099,763
10005,763
15886,763
8395,763
660,763
19621,763
8395,763
10274,763
15051,763
4639,763
33509,763
1154,763
5819,763
24633,763
399,763
15077,763
20687,763
15798,763
8163,763
2266,763
31778,763
35414,763
3703,763
12950,763
10880,763
29847,763
1227,763
4475,763
11581,763
20512,763
2817,763
9043,763
614,763
17565,763
4004,763
21855,763
34723,763
28828,763
28619,763
2651,763
5819,763
27089,763
15571,763
23992,763
6694,763
27418,763
26716,763
31270,763
20392,763
31971,763
14785,763
23990,763
29348,763
1649,763
20055,763
8801,763
29501,763
33787,763
35593,763
14630,763
22948,763
29532,763
33225,763
25613,763
14630,763
34591,763
17972,763
32012,763
32482,763
33516,763
36917,763
7357,763
8482,763
24243,763
5370,763
15455,763
1698,763
37007,763
2842,763
2821,763
34581,763
3156,763
29599,763
16139,763
22684,763
26783,763
13389,763
9484,763
2497,763
36999,763
11712,763
573,763
7439,763
29384,763
23836,763
16283,763
10897,763
31710,763
37224,763
22522,763
32184,763
31710,763
9547,763
36856,763
34512,763
24709,763
8189,763
14517,763
31724,763
12697,763
15562,763
11051,763
2804,763
31739,763
31739,763
31739,763
1889,763
37086,763
26809,763
12113,414
18005,414
352,414
352,414
1040,414
22979,414
4276,414
7263,414
32269,414
5542,414
6323,414
12716,414
7634,414
3281,414
823,414
1884,414
14705,414
2448,414
36667,414
29371,414
701,414
9,414
36491,450
3132,450
32445,450
2328,450
15010,450
20833,450
10040,450
25250,450
6649,450
3651,450
12973,450
10418,450
33930,450
33488,450
7,450
22499,450
22542,450
7287,450
28479,450
1749,450
32430,450
22600,450
12508,450
34820,450
9699,450
14210,450
6861,770
8437,770
35832,770
20939,770
8287,770
34888,770
19945,770
19945,770
22569,770
18708,199
35124,199
13035,199
6625,199
27201,199
106,199
16020,199
33178,199
5917,199
23969,199
186,199
27337,199
23295,199
5918,199
3037,199
28830,199
12637,199
14499,199
6253,199
15418,199
12706,199
2695,199
5014,199
26148,199
25892,199
27416,199
23031,199
32560,199
21123,199
20033,199
28781,199
6866,199
440,199
19684,199
35278,199
35810,199
3042,812
37598,812
21351,812
20747,812
23461,812
32230,812
26823,812
34254,812
4532,812
26265,812
29062,812
15415,812
7584,812
35840,812
18864,812
30277,812
21343,812
12668,812
30271,812
16926,812
32270,812
11925,812
30274,812
33180,812
36264,812
15750,812
17232,812
7077,812
26574,812
37157,812
8686,812
17319,812
18369,812
35346,812
21658,812
36417,812
13798,1043
37958,1043
11288,1043
10947,1043
26478,1043
14163,1043
3503,1043
36894,1043
8448,1043
36861,1043
37052,1043
29235,1043
36749,1043
7768,1043
29146,1043
37764,1043
23278,1043
37972,1043
3663,1043
25414,1043
19593,1043
7414,1043
3986,21
22914,21
12502,21
15504,21
13136,21
17917,313
29434,313
2682,313
15757,313
36262,313
27255,313
13243,313
36678,313
9021,313
3132,313
32607,313
6604,313
2523,313
34849,313
18204,313
36422,313
2226,313
18116,313
37002,313
31188,313
2039,313
18006,313
17956,313
12434,313
24491,313
14067,313
21432,313
22803,313
19808,313
23339,313
26564,313
34792,313
15687,313
25599,313
818,313
27250,313
31313,313
16166,313
13252,313
34549,313
18501,313
35842,313
17859,313
11434,313
16402,313
28883,313
14869,313
36667,313
5153,313
18755,313
35996,313
4152,650
21472,650
6877,650
4482,650
3788,650
244,650
2845,650
2258,650
33264,650
28116,650
2124,650
37070,650
8453,650
6876,650
37283,650
914,650
11515,650
3333,650
6745,650
30067,650
3292,650
132,650
391,650
1071,650
28735,650
2875,650
34184,650
11862,650
11351,650
586,650
2706,650
5958,650
11972,650
26009,650
11658,650
5548,650
18515,650
46,650
5285,650
23338,650
35414,650
34842,650
693,650
1904,650
9712,650
779,650
1387,650
3079,650
2924,650
333,650
9207,650
1127,650
27208,650
13355,650
26272,650
19506,650
5630,650
37048,650
25671,650
1672,650
32629,650
4489,650
26811,650
2890,650
419,650
6172,650
14745,650
4074,650
14745,650
4074,650
3255,650
4002,650
11111,650
4884,650
30176,650
13319,650
23758,650
5451,650
22898,630
25128,630
577,630
5397,630
30348,630
12717,630
8034,630
2349,630
26984,630
34009,630
16446,630
6835,630
4178,630
36387,630
22429,630
1153,630
15572,630
9010,630
29877,630
3225,630
19302,630
12938,630
17374,630
23304,630
7485,630
3728,630
2031,630
8431,630
8558,630
25122,630
15531,630
1148,630
4042,630
35884,630
9945,630
36538,630
3204,630
35639,630
32886,630
17088,630
11243,630
30837,630
17032,630
10981,630
8405,630
33007,630
14916,630
3233,630
35329,630
31339,630
16893,630
26385,630
28471,630
10054,630
30004,630
5257,630
35154,630
13301,630
13181,630
19557,630
739,630
22241,630
23068,630
23060,630
16411,630
2787,630
24361,630
28517,630
5287,630
6965,630
19916,630
22984,630
15031,630
4254,630
30956,630
20133,630
31885,630
30441,630
17265,630
35032,630
8181,630
36241,630
23856,630
23388,630
24976,630
5299,630
30793,630
36684,630
35123,630
18003,630
36905,630
32489,630
28161,630
28644,630
21285,630
17088,630
29221,630
37018,630
33610,630
23730,630
30747,630
29180,630
32274,630
299,630
3649,630
29350,630
22549,630
16266,630
23465,630
27609,630
11818,630
23688,630
33435,630
4128,630
19837,630
16535,630
4988,630
25041,630
29417,630
616,630
11372,630
28872,630
17910,630
36667,630
24645,630
14645,630
7383,630
2434,630
2434,630
36298,630
37152,630
9049,630
24463,630
12771,630
30714,630
18532,630
16221,630
19774,630
17090,630
37258,630
10623,630
19027,630
13959,630
14875,630
6572,630
9727,630
32654,630
13690,630
8902,630
10145,412
14038,412
17718,412
3626,412
36154,412
21848,412
3982,412
3116,412
8179,412
36569,412
34534,412
34808,412
6133,412
18277,412
26013,412
5462,412
16607,412
33254,412
9742,412
34349,412
27137,412
8033,412
14398,412
36176,412
31372,412
34330,412
3615,412
23380,412
20348,412
31748,412
18930,412
32395,412
21138,412
23051,412
18277,412
4399,412
27579,412
4111,412
36496,412
10228,412
32993,412
33032,412
32993,412
35068,412
23349,412
27041,412
24994,412
24994,412
27894,412
36839,412
14802,412
24994,412
15797,412
6624,412
31312,412
31312,412
31312,412
24822,412
19935,412
4570,412
32058,412
33622,412
29563,412
32948,412
19943,412
1831,412
27496,412
24814,412
16998,412
5441,412
6396,412
36117,412
28268,412
4272,412
22641,412
32498,412
27948,412
6135,412
24484,412
32741,412
33015,412
21338,412
2043,412
6984,412
8162,412
2892,412
8033,412
32864,412
21111,412
32864,412
3840,412
25021,412
29908,412
22641,412
27500,412
30446,412
24483,412
27221,412
32983,412
8344,412
27441,412
16035,412
24950,26
22072,26
2943,26
6534,26
5623,26
314,26
27957,26
10590,26
23274,26
32314,26
35667,442
5042,442
1977,442
25396,442
27406,442
23800,442
30756,442
17814,442
2397,442
4462,442
23854,442
22732,442
8583,442
14013,442
29981,442
33464,442
21059,442
18757,442
10904,442
31171,442
29780,442
16100,442
23755,442
19388,442
20598,442
19165,442
19633,442
9396,442
20957,442
10978,442
17281,442
19080,442
18667,442
2377,442
18416,442
22888,442
11700,442
36603,442
9415,442
33369,442
5202,442
4539,442
11536,442
15916,442
6380,442
15150,442
6499,442
19051,442
23377,442
3785,442
26975,442
26781,442
18732,442
9521,442
16987,442
17063,442
18008,442
33136,442
33267,442
20756,442
3277,442
3274,442
15939,442
23597,442
16384,442
30544,442
20686,442
22352,442
25128,442
29728,442
9282,442
8605,442
7723,442
19018,442
13438,442
20946,442
1339,442
19147,442
34979,442
29053,442
28052,442
17745,442
17672,442
20271,442
27896,442
18715,442
3761,442
34411,442
7030,442
5424,442
14087,442
22099,442
7513,442
19064,442
20713,442
22787,442
34713,442
3805,442
4901,442
12129,442
26239,442
5882,442
8596,442
10618,442
24823,442
26207,442
4148,442
9472,442
34275,442
26787,442
14397,442
18733,442
4688,442
8532,442
19427,442
29251,442
13674,442
5096,442
21878,442
34704,442
6801,442
4013,442
16267,442
25957,442
24532,442
18208,442
16977,442
4569,442
3819,442
7553,442
24158,442
19843,442
17532,442
35025,442
19042,442
15124,442
20566,442
17549,442
7099,442
22921,442
3455,442
33193,442
20420,442
17317,442
17673,442
24036,442
16643,442
5575,442
17192,442
31751,442
12373,442
17667,442
4362,442
30523,442
5890,442
23952,442
35388,442
6549,442
27305,442
35288,442
29576,442
7374,442
13050,442
25937,442
32409,442
14967,442
22388,442
32027,442
21619,442
22885,442
18531,442
31751,442
25261,442
9644,442
15217,442
32758,442
8767,442
13178,442
672,442
5649,442
8515,442
8502,442
16786,442
10779,442
12834,442
12921,442
29160,442
18759,442
1869,442
36057,442
993,442
18493,442
36726,442
17809,442
30279,442
23786,442
23841,442
4039,442
6620,442
13122,442
21262,442
31428,442
8177,442
30339,442
24158,442
20593,442
24296,442
14663,442
27873,442
28317,442
21225,442
2642,442
14267,442
8866,442
6117,442
21197,442
18571,442
5466,442
26663,442
6515,442
26387,442
20065,442
7956,442
7956,442
27067,442
1209,442
11429,442
6467,442
32671,442
29285,442
8985,442
7419,442
15915,442
8301,442
28357,442
8322,442
21439,442
24696,442
36340,442
7527,442
22108,442
29067,442
14131,442
4815,442
26416,442
8406,442
13007,442
34658,442
1526,442
34797,442
17087,442
13913,442
33154,442
23651,442
2385,442
21694,442
22896,442
29497,442
18499,442
21056,442
34294,442
7419,442
17006,442
10539,442
18307,442
15486,442
21096,442
2577,442
18811,442
22452,442
25588,442
14611,442
4427,442
18446,442
8500,442
27708,442
13778,442
6306,442
10845,442
25360,442
19785,442
7066,442
14477,442
23922,442
14764,442
33338,442
34015,442
35629,442
22006,442
7144,442
19953,442
20212,442
24017,442
1127,442
7003,442
32833,442
3263,442
15847,442
3020,442
29381,442
9364,442
27057,442
13830,442
23869,442
19816,442
8212,442
20364,442
21331,442
11506,442
9448,442
29924,442
13865,442
18387,442
33294,442
10281,442
15912,442
11516,442
9406,442
34395,442
5869,442
6081,442
27561,442
1839,442
17840,442
25108,442
24360,442
25108,442
13323,442
28759,442
14424,442
10247,442
13986,442
22651,442
30651,442
8570,442
25446,442
6163,442
11773,442
28808,442
32357,442
16527,442
29313,442
19780,442
30159,442
31921,442
17435,442
21171,442
32446,442
23378,442
30749,442
24304,442
27986,442
35323,442
33214,442
20586,442
35646,442
33214,442
28657,442
15227,442
14193,442
33628,442
23795,442
33628,442
8390,442
33501,442
23166,442
27979,442
33968,442
33501,442
32253,442
36976,442
36492,442
7423,442
3808,442
27985,442
20308,442
14415,442
35509,442
21150,442
22262,442
19568,442
24440,442
8724,442
24072,442
10713,442
6346,442
6346,442
9734,442
29037,442
27304,442
29037,442
26714,442
16873,442
23284,442
17479,442
29464,442
34059,442
18751,442
12032,442
24223,442
19887,442
34362,442
19900,442
16085,442
24080,442
21157,442
815,442
8072,442
21570,442
27877,442
20555,442
28484,442
4596,442
24525,442
21676,442
17367,442
36683,442
1950,442
30109,442
12949,442
24111,442
33928,442
25143,442
20218,442
24308,442
36230,442
23870,442
28174,442
23371,442
36376,442
11486,442
5963,442
11927,442
24350,442
24141,442
33688,442
30294,442
34070,442
23271,442
18174,442
30492,442
37370,442
17071,442
35338,442
27588,442
34037,442
6077,442
28311,442
6077,442
32306,442
16610,442
9905,442
14674,442
22395,442
22395,442
14674,442
12009,442
17047,442
27230,442
19517,699
23671,699
10341,699
36973,699
18908,699
19095,699
32249,699
28534,699
24015,699
18614,699
23004,699
16983,699
18553,699
31941,699
32333,699
10086,699
34949,699
7391,699
31680,699
36930,699
36930,699
36072,699
16652,699
21422,699
36487,699
36226,699
15011,699
18043,699
36560,699
22468,699
6724,699
37068,699
32987,699
31769,699
34938,699
28300,699
31702,699
32637,699
34890,699
22158,699
31371,699
10489,699
29698,699
32573,699
36755,699
24664,699
22792,699
32267,699
30392,699
35432,699
35842,699
29386,699
23825,699
24282,699
21677,699
29608,699
10340,699
10340,699
21258,699
34128,699
2909,699
8397,699
36971,699
27656,699
16413,699
1077,699
23246,699
35535,699
24384,699
15336,699
28065,699
4860,699
5282,699
8913,699
13376,699
33791,699
28344,699
34574,758
15280,758
23266,758
31836,758
34761,758
30580,758
35820,758
22336,758
33099,758
34536,758
28861,758
37247,758
13621,758
11327,758
37181,758
19463,758
37942,758
6936,758
36533,758
37649,758
29980,758
30002,758
31263,758
15491,758
37960,758
30938,758
33693,758
21259,758
23615,758
18950,758
36691,758
16042,758
36075,758
21388,758
27767,758
37873,758
37873,758
37873,758
11368,758
24808,758
13096,758
38009,758
37249,758
21739,758
28789,890
34789,890
26118,890
18841,890
27552,951
36380,951
3441,951
9110,951
2544,951
7369,951
33696,951
5133,951
34945,951
9961,951
17555,951
17487,951
15120,951
10222,951
4388,951
9022,951
8487,951
9383,951
17444,951
18995,951
4257,951
37104,951
34890,951
37640,951
19181,951
10416,951
3370,951
26158,951
7174,951
201,951
27039,951
28213,951
20273,951
26597,951
37100,951
33404,951
9136,951
22588,951
5144,951
30803,951
16021,951
23091,951
32232,951
24967,951
36409,951
37588,951
16517,951
2210,951
14087,661
6984,661
25951,661
2465,661
11690,661
1335,661
25740,661
23878,661
16174,661
10185,661
14555,661
37048,661
4746,661
11207,661
2941,661
2941,661
932,661
26037,661
13248,661
9244,661
9244,661
12966,661
28924,661
32002,661
31029,661
7181,661
3254,661
2000,661
22018,661
13684,661
16721,661
6189,661
34928,661
33252,661
25058,661
34928,661
6060,661
16170,661
17057,661
36990,661
6434,661
22778,661
6028,661
22950,661
36505,661
16358,661
23418,661
867,661
28230,661
30268,661
6645,661
27922,661
31853,661
28424,661
7691,661
2941,661
5449,661
17977,661
7155,661
936,661
13411,661
25823,661
26744,661
5449,661
9814,661
8865,661
27260,661
25080,661
3666,661
3666,661
4293,661
21041,661
36732,661
21469,661
7285,661
33722,661
25275,661
25560,661
33390,661
15806,661
27997,661
2751,661
19698,661
33594,661
16926,661
25775,661
24592,661
3490,661
32376,661
17554,661
12182,661
12692,661
34128,661
137,661
7009,661
9467,661
35332,661
8954,661
8344,661
31568,661
28578,661
28578,661
8344,661
36334,661
8954,661
20971,661
17659,661
25546,661
14577,661
13322,661
28405,661
33044,661
32187,661
36537,661
25651,661
5694,661
30395,661
9196,661
26358,661
28381,661
28381,661
36175,661
6990,661
3779,661
33933,661
19647,661
19647,661
1547,661
4342,661
23191,661
8709,661
21655,661
1291,661
29873,661
16751,661
985,661
30392,661
29379,661
36248,661
32300,661
7837,661
4195,661
7313,661
23382,661
21810,661
7190,661
8661,661
6901,661
22470,661
16559,661
34857,661
15794,661
13376,661
31715,661
29960,74
12466,74
33334,74
30860,74
28055,74
2183,74
30354,74
17234,74
33579,74
14704,74
29198,74
31763,74
20786,74
22221,74
12626,74
7317,74
20235,74
33738,74
21676,74
27843,74
34695,212
35633,212
21853,212
34302,212
6798,212
25769,212
16354,212
16354,212
29931,212
9131,212
2956,212
33641,212
18484,212
21325,212
10442,212
35189,212
23976,212
34822,212
1645,212
13288,212
13451,212
17045,212
7107,212
17757,212
10621,212
35969,212
10658,212
33637,212
35015,212
32747,887
32747,887
26574,887
8476,887
34000,887
34000,887
34972,887
12081,887
14066,887
25487,887
12885,887
29752,887
30840,887
26450,887
24858,887
35100,887
24808,887
22193,891
28758,891
6576,891
9592,891
33595,891
17303,891
22621,891
31166,891
23456,891
16227,891
19456,891
16299,891
4335,891
15556,891
14424,891
4473,891
6409,891
19456,891
30952,891
21985,891
4032,891
31835,891
19456,891
17979,891
12965,891
3005,891
26227,891
10158,891
27686,891
8508,891
8048,891
14536,891
21043,891
21558,891
21887,891
32035,891
16152,891
20101,891
26790,891
28992,891
32631,891
14366,891
34157,891
31450,891
16919,891
10733,891
1766,891
15147,891
104,891
6172,891
9748,891
336,891
188,908
9633,908
26597,908
36895,908
26019,908
10721,908
20769,908
23478,908
8404,908
29901,908
35555,908
27849,908
31341,908
37569,908
37608,908
37608,908
37569,908
31341,908
1747,908
3673,908
37025,908
11484,908
35873,908
36272,908
9220,908
32284,908
16152,908
37779,908
9525,256
17564,256
3687,256
35062,256
4124,256
8343,256
3832,256
11000,256
33072,256
31865,256
8056,256
31791,256
11683,256
12328,256
25188,256
15892,256
18831,256
15330,256
35802,256
33223,256
34003,256
11323,256
29538,256
10454,256
28425,256
35273,256
20619,256
15868,256
23073,256
34272,256
16821,256
3245,256
8163,256
1199,256
35169,256
29012,256
20631,256
17180,256
30711,256
32037,122
22776,122
30684,122
20019,122
20556,122
25854,226
2919,226
35475,226
2724,226
15631,226
7296,226
10821,226
10533,226
5315,226
34401,226
36471,226
13053,226
30348,226
24548,226
10337,226
9658,226
32515,226
5569,226
29016,226
10549,226
18665,226
9574,226
34233,226
17097,226
6287,226
17521,226
29407,226
31779,226
9962,226
10430,226
18024,226
13053,226
7082,226
14361,226
36059,226
29638,226
36527,226
21526,226
34885,226
14447,226
35062,226
12180,226
27156,226
13721,226
4544,226
31394,226
30877,226
33834,226
18223,226
7918,226
13519,226
20805,226
10121,154
33784,154
26212,154
6136,154
10953,154
22979,154
4898,154
24330,154
15010,154
10830,154
2794,154
26212,154
9361,154
27797,154
1768,154
13567,154
11640,154
27842,154
18433,154
17448,154
21188,154
26406,154
24804,168
15490,168
3172,168
19969,168
14263,168
14263,168
4877,168
6612,168
10883,168
26855,168
6702,168
35107,168
4624,168
7506,168
13963,168
1328,168
29750,168
32259,168
2938,928
20040,928
7210,928
31264,928
4772,928
11289,928
5834,928
18021,928
2938,928
14935,928
12519,928
3343,928
20644,928
7648,928
13191,928
2515,928
6023,928
36180,928
17987,928
2194,928
36920,928
26868,928
16391,928
9532,928
10555,928
33054,928
23213,928
35799,928
36054,928
29503,928
23873,928
36500,928
36920,928
12761,928
28697,928
31790,928
31421,928
32166,928
32588,928
1972,928
23000,928
28827,928
17179,928
36305,928
5139,928
29575,928
11563,928
34117,928
10383,928
2749,928
28245,928
19114,928
3387,928
29878,928
14276,928
587,928
20087,928
21581,928
25254,928
33350,928
34368,928
37486,928
31999,928
7338,928
17763,928
28691,928
24482,928
16066,928
3607,928
34813,928
10295,928
19420,928
27864,928
33350,928
34273,928
33867,928
29607,928
23158,928
8538,928
11132,928
1313,62
9977,62
13163,62
11952,62
25407,62
24942,62
23433,62
22604,62
24942,62
32652,62
7902,62
10768,62
27926,62
16121,62
28172,62
27704,62
10649,62
5901,62
25085,62
17674,62
2064,62
28502,62
29133,62
27320,62
32201,62
32201,62
27402,62
14860,62
10401,62
13190,62
25121,62
3125,62
9397,62
13107,62
1312,62
28446,62
27805,62
9234,62
2323,62
20765,62
3091,62
3844,62
28659,62
30497,62
8547,62
8364,62
4701,62
13693,62
18756,62
1847,62
8858,62
17350,62
31819,62
26197,62
3091,62
3844,62
31035,62
25519,62
18963,62
29521,62
14683,62
20100,62
1835,62
25259,62
20999,62
13900,62
12667,62
4315,62
26819,62
29274,62
17268,62
30240,62
1228,62
23958,62
20999,62
17659,62
27492,62
4702,62
23872,62
4929,62
21810,62
14058,62
1436,62
19211,62
22504,62
14204,62
25377,62
5556,62
28692,62
3627,62
16080,62
24503,62
10048,62
1755,62
24574,62
8167,62
30527,62
26996,62
26996,62
17589,62
32011,62
26444,62
28574,62
16948,62
32917,62
1871,62
4661,62
5716,62
26008,62
9088,62
16751,62
27465,62
26437,62
23770,62
17720,62
32526,62
32526,62
1395,62
3051,62
5222,62
8046,62
5222,62
8046,62
26973,62
9984,62
16492,62
22610,62
24701,62
10168,62
32142,62
8118,62
11805,62
30743,62
26860,62
21031,62
21031,62
16044,62
29816,62
16640,62
31313,62
10343,62
26342,62
5033,62
15164,62
31660,62
5694,62
7433,62
16531,62
27785,62
32606,62
32872,62
27224,62
24290,62
20765,62
24290,62
27224,62
26897,62
10821,369
13218,369
10166,369
3328,369
6948,369
31122,369
24049,369
4491,369
6727,369
1450,369
1536,369
10256,369
37064,369
30358,369
17440,369
25861,369
9085,369
25275,369
34485,369
7813,369
27851,369
20447,369
21568,369
28180,369
16773,369
15938,369
11418,369
15054,369
16118,369
34890,369
5112,369
11857,369
6580,369
18838,369
19861,369
17333,369
18955,369
34384,369
6840,369
15018,369
25839,369
6580,369
31270,369
22664,369
36382,369
27908,369
27908,369
9157,369
21012,369
27659,369
32887,369
16336,369
2707,369
1854,369
1673,369
3261,369
16126,369
908,369
10321,369
12216,369
13915,778
14439,778
28277,778
6592,778
19083,778
5008,778
5534,778
18055,778
29445,778
4193,778
325,778
8363,778
32552,778
18253,778
15185,778
1219,778
19307,778
5003,778
22200,778
673,778
6414,778
11489,778
18154,778
7336,778
7836,778
11556,778
4920,778
36768,778
13661,778
11706,778
23928,778
14375,778
16071,778
25771,778
31571,778
49,778
15294,778
3346,778
35201,778
3259,778
5086,778
22431,778
37441,778
21117,778
8089,778
21672,778
8213,778
2569,778
9396,778
8677,778
12020,778
578,778
21588,778
20459,778
19389,778
20551,778
21747,778
10846,778
13286,778
13237,778
25106,778
21211,778
36744,778
4927,778
3064,778
30400,778
6228,778
16828,778
1498,778
5185,778
23338,778
8062,778
34563,778
1522,778
19185,778
5334,778
29939,778
20875,778
3965,778
36648,778
7199,778
14993,778
2930,778
3173,778
35460,778
17053,778
19363,778
10681,778
14876,778
14653,778
22927,778
16595,778
28893,778
2104,778
26793,778
18919,778
18065,778
14836,778
18747,778
2657,778
19382,778
24762,778
10249,778
12330,778
35854,778
11323,778
11298,778
36918,778
19753,778
32212,778
6667,778
6379,778
3509,778
4513,778
32382,778
25173,778
9126,778
5746,778
2369,778
2634,778
31225,778
13251,778
12126,778
2526,778
4834,778
10527,778
13601,778
32439,778
24343,778
632,778
10386,778
28,778
10661,778
13341,778
30384,778
5294,778
5155,778
27874,778
5347,778
7950,778
30887,778
17752,778
18318,778
14794,778
24722,778
13580,778
15680,778
20075,778
33194,778
20268,778
14254,778
28239,778
37533,778
24894,778
17467,778
11222,778
37032,778
21631,778
37253,778
29140,778
17383,778
21317,778
33775,778
3106,778
19187,778
17164,778
11307,778
15606,778
16454,778
26753,778
9421,778
1294,778
11602,778
32511,778
22322,778
7494,778
26011,778
25876,778
9187,778
5124,778
22740,778
189,778
1584,778
8808,778
22763,778
743,778
3237,778
32250,778
26466,778
5829,778
34753,778
22181,778
16533,778
26367,778
4820,778
24937,778
9246,778
35886,778
25757,778
14085,778
10544,778
7895,778
17899,778
18068,778
13023,778
14097,778
21943,778
13272,778
28457,778
2129,778
15400,778
1500,778
4076,778
15294,778
8484,778
12861,778
24137,778
31532,778
7167,778
6314,778
6314,778
8597,778
10809,778
675,778
31780,778
5967,778
14503,778
19189,778
9115,778
7372,778
10412,778
19688,778
37433,778
16909,778
19847,778
6267,778
15948,778
29706,778
12833,778
1309,778
28546,778
29648,778
7464,778
26194,778
31062,778
13990,778
7052,778
19224,778
11649,778
21887,778
9913,778
6048,778
25370,778
15441,778
20759,778
36966,778
2770,778
27811,778
1698,778
27412,778
6661,778
12570,778
19803,778
30627,778
1910,778
20932,778
1226,778
18163,778
21662,778
14767,778
5740,778
34113,778
18317,778
11324,778
11896,778
31658,778
34407,778
18163,778
31447,778
27773,778
1319,778
9035,778
20631,778
36102,778
33069,778
36876,778
30987,778
33216,778
5790,778
37064,778
26194,778
5101,778
5101,778
590,778
2569,778
1557,778
90,778
28315,778
25141,778
24989,778
30154,778
17365,778
15193,778
28315,778
26194,778
26194,778
24357,778
34779,778
31549,778
13014,778
23674,778
1969,778
5893,778
32390,778
34353,778
1191,778
30134,778
14700,778
34750,778
9787,778
6522,778
26569,778
33101,778
22073,778
3460,778
30442,778
5735,778
1664,778
36695,778
9315,778
11620,778
34327,778
27310,778
6146,778
22908,778
36695,778
10214,778
27609,778
26102,778
2163,778
6388,778
9809,778
2827,778
31989,778
20622,778
2286,778
6983,778
4100,778
1873,778
19243,778
27692,778
28303,778
35632,778
35041,778
17245,778
6820,778
7458,778
3391,778
27977,778
16146,778
13642,778
22141,778
21169,778
22969,778
4550,778
21407,778
24026,778
8618,778
20627,778
26110,778
2351,778
1021,778
28638,778
6536,778
29139,778
26447,778
8408,778
18898,778
28142,778
27479,778
32549,778
2413,778
2413,778
38737,778
7531,778
11916,778
4584,778
5997,778
21105,778
9153,778
14563,778
16281,778
29367,778
12029,778
20314,778
1433,778
21371,778
37050,778
23764,778
21773,778
12163,778
24622,778
17346,778
19337,778
16365,778
13320,778
19450,778
12672,778
37294,778
15072,778
3387,778
14615,778
23430,778
16234,778
8888,778
22313,778
11625,778
11625,778
4171,778
4954,778
91,778
37292,778
1960,778
1960,778
18061,778
31436,778
26262,778
28576,778
1759,778
5906,778
9844,778
14447,778
36813,778
11989,778
5668,778
14079,778
13341,778
35091,778
13341,778
35091,778
1298,778
11566,778
13642,778
15308,778
31284,778
20662,778
9645,778
17611,778
14800,778
570,778
6209,778
3368,778
6209,778
28018,778
30788,778
13109,778
9803,778
33700,778
34826,778
4051,778
2526,778
4051,778
12682,778
12682,778
34826,778
17163,778
19572,778
34826,778
2526,778
12682,778
8358,778
6956,778
27135,778
19503,778
3211,778
17200,778
20777,778
3410,778
32771,778
27366,778
21509,549
2325,549
6644,549
14853,549
10311,549
33448,549
27175,549
17307,549
8446,549
34973,549
32591,549
19273,549
8642,549
21572,549
15766,549
11179,549
30956,549
34660,549
27857,549
25710,549
15117,549
26763,549
2581,549
21895,549
24226,549
15371,549
24821,549
34390,549
20839,549
13853,487
7990,487
16409,487
31639,487
32056,487
9078,487
2904,487
11921,487
18414,487
21005,487
4488,487
16061,487
285,487
35414,487
1698,487
12670,487
29085,487
7947,487
7443,487
33739,487
25078,487
8730,487
7325,487
20883,487
11705,487
12377,487
10634,487
27520,487
36528,487
20883,487
36832,487
33410,487
29510,487
21566,487
23204,487
13699,487
11704,487
24907,487
32085,487
3046,487
25458,487
10155,487
27400,487
10828,487
8517,582
13306,582
7471,582
1540,582
954,582
1044,582
2859,582
811,582
18405,582
25483,582
34072,582
11136,582
18033,582
377,582
8545,582
34754,582
34393,582
1115,582
20494,582
21936,582
28917,582
7642,582
10610,582
22724,582
17299,582
16411,582
25649,582
6638,582
426,582
29385,582
8902,582
17631,582
11931,582
23037,582
33317,582
20869,582
24505,582
19770,582
15431,582
21731,582
7211,582
29424,582
3961,582
12525,582
7819,582
28501,582
14129,582
30459,582
36716,582
27528,582
28768,582
36303,582
281,582
35810,582
11763,582
14361,582
1670,582
37316,582
36667,582
19646,582
36725,310
35374,310
15263,310
25723,310
346,310
12407,310
14155,310
20243,310
26482,310
29897,310
36550,310
19471,310
29416,310
22978,310
1795,310
32408,310
12000,310
13941,310
13745,310
34518,310
30599,310
88,16
1157,16
6328,16
13193,16
12894,16
12151,16
28,16
3824,16
21986,16
5905,16
9617,16
3824,16
14055,16
30907,16
26942,16
26942,16
5647,16
15270,16
14374,16
19241,16
16887,16
27297,491
737,491
97,491
5370,491
18382,491
435,491
3913,491
26253,491
23929,491
33671,491
29093,491
10349,491
10210,491
6330,491
10617,491
19652,491
12007,491
7754,491
27853,491
30288,491
3659,491
33427,491
32160,491
36174,491
25764,491
8883,491
32181,491
25672,491
22706,491
30638,491
4591,491
4591,491
7516,491
35478,491
37288,491
5079,491
31503,289
4666,289
17816,289
6,289
30238,289
19385,289
18352,289
19583,289
15745,289
32803,289
24278,289
12579,289
16073,289
33120,289
15683,289
24679,289
19770,289
3313,289
8317,289
25851,289
13468,289
25851,289
30914,289
16371,289
19223,289
27955,289
5994,289
17301,289
11325,473
5912,473
31316,473
3184,473
35723,473
11430,473
6476,473
19576,473
6553,473
30660,473
16927,473
7717,473
4844,473
14851,473
22257,473
24608,473
33947,473
11716,473
8726,473
24044,473
899,473
24458,473
36078,473
34849,473
7277,473
7534,473
13011,473
12240,473
31249,473
9233,473
13300,473
23141,473
9060,473
1941,473
36962,473
16444,473
17513,473
845,473
29996,473
6531,473
22803,473
26339,473
34482,473
1696,473
7765,954
33290,954
7198,954
846,954
175,954
24895,954
21163,954
18378,954
7911,954
19201,954
24326,954
29044,954
27686,954
4795,954
2216,954
36004,954
33073,954
11149,954
18587,954
18587,954
33953,213
35665,213
30691,213
29481,213
29721,213
15620,213
15620,213
25967,213
32369,213
25431,213
20556,213
34989,213
18642,213
32510,213
18001,213
25485,213
29361,213
22156,213
28977,213
28664,213
29929,213
19949,213
30365,213
32817,213
10152,213
3785,906
30498,906
23609,906
26931,906
27016,906
7062,906
17681,906
17681,906
32827,906
14807,906
9534,906
7912,906
28852,906
36937,906
29267,906
9534,906
7365,995
600,995
7416,995
3431,995
12021,995
10804,995
21722,995
23015,995
6082,995
21298,995
18069,995
12695,995
9065,995
3408,995
4456,995
5229,995
26726,995
15570,995
35047,995
7365,995
10804,995
12131,995
29372,995
22131,995
8848,995
10804,995
33224,995
180,995
35414,995
2127,995
22131,995
10063,995
27906,995
3135,995
28299,995
3556,995
26726,995
301,995
15815,144
32892,144
24589,144
32805,144
10097,144
4027,144
27610,144
26010,144
20195,144
33738,144
9392,144
16604,144
28741,144
12221,144
26369,144
27935,144
18827,144
14416,144
28263,144
16951,144
13564,144
6245,144
6245,144
32893,144
27321,144
18961,144
17680,144
21088,144
22880,321
22640,321
15021,321
28249,321
8394,321
34196,321
35429,321
35788,321
26153,321
22390,321
23299,321
6731,321
34288,321
29052,321
8065,321
8065,321
6061,321
8065,321
10147,321
16911,321
9580,321
25566,321
21381,321
25566,321
33068,321
10977,321
26963,321
34417,321
1684,321
1684,321
9932,321
13662,321
13662,321
1684,321
10394,321
13804,321
20793,206
6002,206
7353,206
7023,206
10271,206
1775,206
22482,206
18088,206
7015,206
16413,206
14406,206
26847,206
20578,206
27015,206
241,206
10821,206
35954,206
28019,206
20773,206
607,206
493,206
14751,206
2956,206
30333,206
26098,206
5277,206
10743,206
29292,206
35122,206
29292,206
35122,206
26599,206
27396,206
22622,206
22622,206
18235,206
35122,206
26116,206
31779,206
31894,206
34301,206
27438,206
35033,206
7170,206
12150,206
10988,206
18752,206
32666,206
33820,206
27577,206
12218,206
5279,206
9382,206
31476,206
10758,206
35075,206
31855,665
33871,665
29970,665
8994,665
29458,665
890,665
2646,665
31864,665
25829,665
15081,665
2495,665
4789,665
4253,665
29821,665
35536,665
164,665
15661,665
7990,665
19766,665
26564,665
178,665
9700,665
9487,665
21205,665
27705,665
16732,665
27089,665
3360,665
34858,665
4163,665
22225,665
12721,665
13211,111
4680,111
17361,111
20947,111
30569,111
13391,111
11140,111
27831,111
8391,111
23346,111
23263,111
23649,111
23237,111
12906,234
758,234
4897,234
27240,234
7662,234
11480,234
6576,234
9380,234
6121,234
31989,234
16752,234
9798,234
27651,234
13445,234
23306,234
2814,234
21174,234
4821,234
2517,234
29535,234
2657,234
19526,234
31016,234
28923,234
14001,234
7052,234
15770,234
14476,234
27340,234
19572,234
10697,234
24448,234
25971,234
23997,234
14456,234
21524,234
27651,234
16005,234
21593,234
912,234
26064,234
33384,234
15732,234
14309,234
10929,234
31218,234
9644,1016
15495,1016
5237,1016
2020,1016
34452,1016
5924,1016
3136,1016
9044,1016
3355,1016
15210,1016
11364,1016
5654,1016
29121,1016
12350,1016
24532,1016
19426,1016
35394,1016
20184,1016
3168,1016
19082,1016
7013,1016
7580,1016
10255,1016
14097,1016
29757,1016
14566,1016
2012,1016
14090,1016
19130,1016
12754,1016
4613,1016
25982,1016
19130,1016
32957,1016
10318,1016
16148,1016
11175,1016
15264,1016
14631,1016
10914,1016
24289,1016
11053,1016
29447,1016
7146,1016
19441,1016
18573,1016
20487,1016
6361,1016
12714,1016
17212,1016
4655,1016
2931,1016
14753,1016
35490,1016
4139,1016
4216,1016
4671,1016
6016,1016
14866,1016
11990,1016
35400,1016
29641,1016
11990,1016
14866,1016
14801,1016
6601,1016
6863,1016
3365,1016
15396,1016
17365,1016
3702,1016
24485,1016
17549,1016
9374,1016
11241,1016
7126,1016
8972,1016
13889,1016
19451,1016
14517,1016
2243,1016
8597,1016
20421,1016
2243,1016
17900,1016
16139,1016
7212,1016
5023,1016
11563,1016
9456,1016
4019,1016
12277,1016
3784,1016
26528,1016
15473,1016
20549,1016
23332,1016
13754,1016
19760,1016
4710,1016
28925,1016
14675,1016
9164,1016
4798,1016
36274,1016
344,1016
14253,1016
26378,1016
24306,1016
24223,1016
13627,1016
11945,1016
25079,1016
37447,1016
29478,736
1609,736
30643,736
8857,736
28701,736
34721,736
33671,736
36973,736
7874,736
11502,736
30007,736
35437,736
30007,736
3670,736
33449,736
8258,736
37179,736
37439,736
35362,736
36417,736
14135,736
35362,736
2544,736
10323,736
36560,736
1264,736
26023,736
14604,736
37068,736
7333,736
33286,736
14164,736
28590,736
31524,736
15418,736
36422,736
25394,736
16505,736
31022,736
11836,736
1863,736
789,736
15252,736
20270,736
30559,736
34259,736
34259,736
19057,736
19935,736
33155,736
36859,736
6705,736
35177,736
14239,736
33118,736
33118,736
30543,1001
34856,1001
37011,1001
721,1001
24956,1001
30148,1001
34398,1001
19955,1001
24367,1001
21070,1001
31168,1001
31829,1001
37704,1001
35603,1001
5818,1001
34839,1001
6063,1001
14185,1001
20014,1001
1233,1001
2127,1001
19829,1001
22523,1001
17989,1001
4928,1001
26547,1001
3258,1001
29320,1001
33155,1001
12411,1001
35821,1001
37165,1001
4476,1001
10850,1001
33620,1001
6397,1001
15873,1001
34741,1001
10456,1001
108,1001
26548,1001
35401,1001
31713,1001
34503,1001
6963,1001
36433,1001
27857,1001
13303,1001
734,1001
19836,1001
12334,1001
12586,1001
33437,1001
17223,1001
10568,1001
34491,1001
17128,1001
20890,1001
35314,1001
12501,1001
32371,1001
6897,1001
34839,1001
31454,796
4079,796
6257,796
7326,796
25208,796
6414,796
6298,796
24984,796
15033,796
37615,796
16205,796
14964,796
17658,796
15236,796
16654,796
36245,796
19389,796
2115,796
9759,796
36659,796
10251,796
15486,796
28411,796
2799,796
3856,796
2914,796
12343,796
37552,796
635,796
9759,796
26585,796
13714,796
6008,796
6824,796
18083,796
4351,796
22201,796
23330,796
32847,796
4330,796
21177,796
390,796
7265,796
7239,796
4751,796
11901,796
17385,796
16431,796
19364,796
22477,796
15759,796
37391,796
4310,796
12478,796
27179,796
37156,796
12781,796
16026,796
33793,796
18006,796
26283,796
20117,796
11907,796
30575,796
6191,796
19874,796
5209,796
31382,796
21102,796
12058,796
1967,796
9246,796
15631,796
34090,796
25502,796
25662,796
7609,796
4721,796
35831,796
37523,796
36545,796
14305,796
18998,796
3368,796
4691,796
37536,796
37093,796
37534,796
26278,796
18375,796
17050,796
4911,796
2304,796
18676,796
37517,796
34317,796
28986,796
7829,796
2,796
6202,796
14465,796
25661,796
11322,796
3909,796
37526,796
14635,796
7064,796
14522,796
10234,796
37541,796
16050,796
3638,796
35471,796
17818,796
25725,796
25958,796
36688,796
8417,796
2149,796
37596,796
37519,796
1278,796
15172,796
3244,796
26021,796
14925,796
5928,796
30418,796
34736,796
22855,796
34736,796
9565,796
17746,796
16182,796
20615,796
6568,796
12126,796
17920,796
19029,796
4466,796
27686,796
2108,796
14820,796
22200,796
32246,796
23243,796
30064,796
31583,796
3920,796
10352,796
25687,796
12278,796
30916,796
1801,796
18259,796
14480,796
28604,796
32755,796
11387,796
12993,796
30593,796
33750,796
35586,796
9876,796
15985,796
1799,796
26821,796
27379,796
16245,796
7537,796
6945,796
4444,796
26096,796
7885,796
19537,796
518,796
27838,796
1317,796
11793,796
26060,796
10952,796
15246,796
34453,796
34996,796
21117,796
3174,796
32763,796
35756,796
4885,796
30948,796
34984,796
18254,796
15448,283
33301,283
28627,283
4466,283
711,283
1076,283
13086,283
8403,283
4812,283
17934,283
7690,283
34571,283
5680,283
9352,283
19063,283
5681,283
31694,283
417,283
22073,283
17800,283
19262,283
3232,283
10526,283
16248,283
14972,283
26840,283
18291,283
16090,283
20090,283
22417,283
32865,283
3935,283
28006,283
1381,283
17893,283
5207,283
1071,283
3084,283
1465,283
2657,283
6008,283
28279,283
3096,283
17059,283
13609,283
26562,283
36295,283
36711,283
3217,283
11099,283
14725,283
16477,283
9927,283
29071,283
19971,283
1048,283
36008,283
33136,283
15863,283
26177,283
3078,283
36620,283
29429,283
9069,283
34058,283
19312,283
19503,283
640,283
9039,283
12084,283
803,283
12818,283
13790,283
22139,283
10809,283
18798,283
17121,283
34699,283
4519,283
19737,283
23763,283
12817,283
5486,283
11446,283
3974,283
17142,283
11891,283
953,283
21166,283
13501,283
11891,283
4444,283
33216,283
19712,283
8838,283
34824,283
8827,283
36734,283
13030,283
10488,283
15271,283
2813,283
32564,283
35414,283
10031,283
3561,283
11978,283
11729,283
22037,283
2525,283
12160,283
13161,283
744,283
647,283
6810,283
809,283
28869,283
33929,283
32734,283
12474,283
8224,283
34714,283
8148,283
26220,283
14190,283
11040,283
36810,283
8399,283
6924,283
29581,283
13124,283
26752,283
18849,283
14766,283
3396,283
35899,283
27072,283
8362,283
28046,283
3625,283
7204,283
9617,283
22786,283
446,283
30334,283
12697,283
10069,283
36277,283
6499,283
15714,283
24137,283
18020,283
20366,283
4459,283
6820,283
18912,283
16363,283
752,283
20760,283
357,283
269,283
35495,283
1651,283
15442,283
11046,283
91,283
2549,283
5688,283
18767,283
6684,283
9876,283
19389,283
3952,283
15985,283
23243,283
16532,283
7694,283
17939,283
12478,283
7412,283
3195,283
19549,283
2549,283
27024,283
1304,283
2549,283
429,283
9941,283
16207,283
27877,283
28484,283
24109,283
14293,283
20054,283
8716,283
35889,283
8716,283
17630,283
16091,283
2923,283
4765,283
13286,283
36757,283
33423,283
19168,91
17762,91
10381,91
5795,91
26617,91
31349,91
1148,91
4709,91
29398,91
5620,91
24000,91
27485,91
2469,91
13940,91
349,91
33293,91
15927,91
32924,91
20499,91
15637,91
26968,91
20499,91
10347,91
30539,91
10568,91
24637,91
24637,91
25955,91
24637,91
25955,91
21880,91
14323,91
15408,642
128,642
36107,642
9265,642
6220,642
1553,642
15173,642
7090,642
28648,642
30674,642
20020,642
29352,642
8558,642
2789,642
1060,642
20938,642
2266,642
11705,642
27487,642
15289,642
26303,642
24555,642
19092,642
20260,642
34321,642
36199,642
35028,642
8752,657
6059,657
16341,657
22375,657
19287,657
32694,657
14369,657
6497,657
31145,657
27114,657
12193,657
7389,657
25732,657
11244,657
32727,657
16235,657
24141,657
31595,657
15018,657
19517,657
1076,657
36770,657
34115,657
34754,657
34547,657
34297,657
25398,657
32798,657
34115,657
5906,657
15268,657
23753,657
30649,657
2294,657
384,657
19893,657
5589,657
25732,657
31595,657
13712,657
27133,657
29243,657
4893,657
4893,657
18493,657
32798,657
34297,657
20845,657
17280,657
4251,657
32314,657
9700,657
8027,657
29763,657
36726,657
20232,657
27088,657
24352,657
4251,657
3247,657
8740,657
28066,657
21820,657
4583,657
1076,657
2321,657
33423,657
30256,657
22104,657
27337,271
13481,271
7720,271
28740,271
25889,271
4367,271
31884,271
1767,271
34438,271
7677,271
18297,271
35617,271
2120,271
10005,271
20247,271
16338,271
208,271
117,271
16981,271
2120,271
1469,271
10338,271
2112,271
10964,271
7450,271
16174,271
28306,271
12423,271
35617,271
1002,271
10895,271
31372,271
26674,271
24345,271
5114,271
33957,271
26305,271
31390,271
12239,271
577,271
22817,271
29035,271
22663,271
3210,271
6010,271
35060,271
10362,271
13073,271
7365,271
8746,271
24345,271
5447,271
10848,271
2994,271
19871,271
31379,271
17899,271
1486,271
14065,271
1680,271
19302,271
13993,271
34066,271
1516,271
28289,271
23708,271
25978,271
17008,271
16954,271
12975,271
7898,271
31087,271
1350,271
12506,271
2478,271
26445,271
6796,271
9126,271
22681,271
24488,271
36040,271
31713,271
4301,271
6796,271
1990,271
20577,271
7079,271
15591,271
8841,271
18205,271
9587,271
12672,271
18354,271
31319,271
24870,271
29833,271
10750,271
10615,271
29293,271
31168,271
32067,271
28491,271
34328,271
3351,271
35493,271
20571,271
4695,271
23708,271
3169,271
20577,271
12816,271
11297,271
26339,271
2653,271
6339,271
31545,271
13094,271
9250,271
13068,271
21092,271
26158,271
6339,271
10842,271
34006,271
10842,271
2146,271
35532,271
5763,271
18718,271
36278,271
8576,271
1990,271
18069,271
28196,271
2988,271
22026,271
1005,271
34302,271
31319,271
11297,271
15913,271
33114,271
2293,271
13081,271
23067,271
22130,271
28166,271
17423,271
25947,271
5733,271
7943,271
11384,271
5993,271
33114,271
15911,271
2096,271
22420,271
21350,271
32413,271
30083,271
24909,271
13842,271
36358,271
20881,271
22489,271
35725,271
3381,271
11337,271
22380,271
12190,271
20587,271
14285,271
25599,271
8921,271
6080,271
18853,271
15626,271
24220,271
24750,271
11297,271
525,271
1038,271
22804,271
12388,271
1765,271
12506,271
1767,271
22804,271
10724,271
10704,271
25006,271
2803,271
28156,271
25726,271
6537,271
29746,271
4982,271
35455,271
29547,271
27377,271
9222,271
26747,271
351,271
28148,271
11070,271
11253,271
30618,271
18557,271
24667,271
33045,271
565,271
30618,271
16978,271
28203,271
18998,271
14763,271
2880,271
21858,271
30737,271
22431,271
33950,271
29623,271
26839,271
14763,271
24268,271
25289,271
34375,271
34375,271
30922,271
14616,271
20318,271
11694,271
16716,271
16764,271
4565,271
22267,271
5228,271
30072,271
12104,271
36710,271
18982,271
19998,271
9451,271
14038,271
29269,271
20117,271
29130,271
6572,271
25572,271
22312,271
12188,271
16054,271
11070,271
6362,271
2873,271
9643,271
1231,271
34337,271
9890,271
4988,271
2768,271
18313,271
21140,271
18192,271
2482,271
36216,271
18192,271
9329,271
25560,271
11048,271
24573,271
3563,271
234,271
25443,271
27943,271
12816,271
14315,271
8858,271
21865,271
2672,271
6125,271
29537,271
12816,271
19948,271
4656,271
25534,271
25534,271
12253,271
3290,271
8879,271
4202,271
29064,271
29064,271
10128,271
29873,271
13533,271
16882,271
15186,271
1513,271
16655,271
1052,271
7715,271
14381,271
30111,271
2751,271
36278,271
12253,271
16263,271
28110,271
23578,271
26316,271
29861,271
28681,271
31471,271
36067,271
9346,271
34662,271
7881,271
7881,271
7881,271
7881,271
35191,271
13510,271
11512,271
8565,271
8565,271
10068,271
5316,271
5870,271
520,271
23708,271
25539,271
19188,271
15423,271
9978,271
36674,271
36674,271
8967,271
12506,271
1107,271
14855,271
16578,219
24796,219
1974,219
12527,219
11678,219
17270,219
14789,219
18483,219
12846,219
36100,219
11228,219
29976,219
9277,219
19123,219
24264,219
20355,219
3354,219
14497,219
15255,219
12993,219
24414,219
3114,219
27576,219
28006,219
8221,219
35789,219
5003,219
14497,219
19960,219
2742,219
5404,219
15050,219
3914,219
19559,219
28385,219
13308,219
5938,219
12568,219
21233,219
16601,219
24007,219
803,219
1014,219
18552,219
786,219
6906,219
19534,219
11779,219
12496,219
18278,219
7228,219
14959,219
13806,219
12478,219
23902,219
18470,219
11923,219
7462,219
12435,219
23142,121
26875,121
17166,121
29919,121
32889,121
9947,121
31640,121
32125,121
32141,121
27254,121
21590,121
25353,121
30242,121
20640,121
32845,51
15476,51
18771,51
6166,51
5530,51
21186,51
3146,51
32528,51
28460,51
30345,51
23987,51
17957,51
1628,51
26989,51
27293,51
24683,51
3241,51
15771,51
27467,51
1424,51
28613,51
5630,51
14058,51
32896,51
23433,51
24059,51
27395,51
23999,51
28659,51
21782,51
24103,51
3347,51
13206,51
2793,51
8859,51
27076,51
25608,51
24668,51
30325,51
10059,51
16428,51
28997,51
32977,51
4481,51
3241,51
24736,51
28423,51
10909,51
16641,51
11497,51
24576,51
6874,51
9404,51
32596,51
26943,51
32977,51
31615,51
5530,51
13852,51
8825,51
13299,51
3912,51
1057,51
4619,51
13498,51
3708,51
10397,51
6269,51
15368,51
22529,51
29099,51
7586,51
591,51
12667,51
27968,51
14333,51
4195,51
9513,51
7957,51
20824,51
20367,51
30677,51
2006,51
2278,51
6154,51
32791,51
7153,51
14335,51
906,51
16661,51
28415,51
21156,51
21156,51
29025,51
24640,51
25896,51
28344,51
28692,51
30490,51
2677,51
32662,51
20517,51
11764,51
5725,51
4103,51
2184,51
32142,51
16197,51
8685,51
28725,51
20709,51
29583,51
23647,51
2572,51
26996,51
28064,51
20039,51
24528,51
5441,51
7536,51
6188,51
11652,51
7113,51
2767,51
4968,51
690,51
19280,51
26277,51
24094,51
14851,51
5762,51
1312,51
27649,51
27649,51
15844,51
19550,51
32325,51
20100,51
11820,51
6107,51
15262,88
25145,88
20480,88
15020,88
9726,88
33554,88
21937,88
23315,263
28723,263
2786,263
24434,263
21762,263
10415,263
28413,263
17865,263
2923,263
16052,263
7494,263
20386,263
9898,263
19389,263
19418,263
26928,263
5767,263
12151,263
15812,263
19863,263
29336,263
1799,263
6820,263
11099,263
17083,263
3265,263
1401,263
19434,263
15270,263
13008,263
14334,263
4115,263
19265,263
6966,263
27666,263
12478,263
29022,263
27550,263
2876,263
3200,263
5322,263
1535,263
13652,263
5433,263
28213,263
12944,263
8951,263
13603,263
27835,263
4201,263
9979,263
280,263
21184,263
32026,263
32026,263
18373,263
28425,263
33003,263
33003,263
33003,263
28185,263
15425,263
7628,263
16245,263
30081,341
24266,341
26999,341
26105,341
30846,341
31082,341
23508,341
23583,341
23546,341
22359,341
23555,341
23532,341
23580,341
23556,341
23594,341
23605,341
23567,341
23505,341
23588,341
23539,341
23488,341
23499,341
23534,341
23525,341
23586,341
23602,341
23603,341
23582,341
23541,341
23517,341
23483,341
23571,341
23595,341
23562,341
23482,341
23531,341
23542,341
23493,341
23593,341
23486,341
23564,341
23485,341
23513,341
23590,341
23550,341
23569,341
23487,341
23548,341
23560,341
23537,341
23495,341
23551,341
23492,341
23557,341
23489,341
23536,341
23543,341
23868,341
23575,341
23494,341
22829,341
23514,341
23506,341
22828,341
23576,341
23587,341
22830,341
24029,341
29116,341
20856,341
30531,341
31622,341
20111,341
11637,341
34951,341
34341,341
16766,341
32214,341
20492,341
27816,341
33590,341
28235,341
33081,341
32533,341
13885,341
32807,341
35057,341
26822,341
35418,341
34493,341
35376,341
32869,341
21864,341
29315,341
31705,341
34492,341
19250,341
22812,341
34606,341
12600,341
33064,341
28301,341
31030,341
35451,341
22207,341
17297,341
32620,341
34373,341
24422,341
35106,341
34747,341
35208,341
25442,341
32028,341
11832,341
31054,341
34449,341
34631,341
29965,341
26352,341
20530,341
25235,341
24682,341
31871,341
10553,341
37020,398
22691,398
15671,398
20150,398
16240,398
20487,398
26941,398
18777,398
24007,398
13406,398
17763,398
24776,398
30400,398
25405,398
18607,398
13592,398
20750,398
33236,398
12580,398
16805,398
6371,398
8773,398
12512,398
19103,398
29598,398
33889,398
11504,398
11460,398
11460,398
20051,398
9089,398
31427,398
35291,398
36444,398
2936,398
22536,398
31234,398
28002,398
2615,398
23219,398
29333,398
31079,398
28583,398
9876,398
20040,398
28920,398
31299,398
21862,398
16483,398
1491,398
23277,398
31956,398
13957,916
3980,916
31084,916
8634,916
34582,916
8855,916
37452,916
24833,916
37171,916
28081,916
13521,916
26683,916
21068,916
37382,916
25300,916
31360,916
36383,916
22007,916
8078,916
24213,916
36726,916
28321,916
37754,916
35983,916
15898,916
17940,916
28847,916
16117,916
15008,916
18043,916
25674,916
32247,916
28455,916
14924,916
17980,916
21643,916
27410,916
18941,916
22468,916
28455,916
3725,916
34784,916
29896,916
28187,916
27848,916
22578,916
33286,916
35067,916
8997,916
30420,916
36755,916
27934,916
37412,916
32621,916
33201,916
32653,916
22010,916
1746,916
20280,916
26966,916
5886,916
25518,916
9162,916
26116,916
37550,916
23747,916
10001,916
26606,916
29093,916
26606,916
2764,916
24701,916
3067,916
21706,916
2935,916
6058,916
20158,916
25268,916
13322,916
8489,916
32333,916
6852,916
10950,916
35048,916
11411,916
8092,916
11680,916
34580,916
10327,916
17659,916
4289,916
34254,916
8069,916
27435,916
15213,916
3476,916
15791,916
11578,916
4892,916
30316,916
31820,916
2548,916
30463,916
14513,916
35356,916
34937,916
21714,916
10899,916
6210,916
4287,916
10564,916
1513,916
37627,916
25415,916
23961,916
35696,916
15051,916
26197,916
7543,916
3440,916
37399,916
18862,916
34604,916
25819,916
17903,916
19390,916
2117,916
26887,916
36186,916
36186,916
36922,916
25478,916
37344,916
27867,916
32065,916
29743,916
13219,916
27181,916
15911,916
30519,916
954,916
4308,916
9612,916
25159,916
34776,916
21873,916
2693,916
4679,916
19268,916
37619,916
33326,916
10922,916
25091,916
7765,916
30992,916
26138,916
26138,916
22118,916
18878,916
28243,916
24562,916
3779,916
7618,916
18636,916
28207,916
30142,916
16908,916
21281,916
33222,916
18915,916
7601,916
35803,916
7696,395
24771,395
31956,395
14275,395
448,395
29558,395
35770,395
10711,395
6547,395
5896,395
3814,395
3565,395
10931,395
13023,395
12405,395
17452,395
13520,395
15345,395
35770,395
26962,395
11432,395
12733,395
8424,395
2621,395
20212,395
12679,395
18583,395
25641,395
7212,395
2211,395
31770,395
4158,395
27639,395
26082,395
35414,374
7687,374
34723,374
21573,374
9943,374
6326,374
9963,374
9963,374
3726,374
6631,374
2116,374
2537,374
27688,374
1353,374
15746,374
8994,374
667,374
25142,374
24707,374
14137,374
7029,374
8884,374
12219,710
17797,710
12219,710
14979,710
893,710
1237,710
12987,710
16917,710
18021,710
15075,710
15075,710
2371,710
6997,710
32180,710
27585,710
13762,710
21932,710
6527,710
187,710
21932,710
3812,710
6527,710
4044,710
436,710
26959,710
29404,710
10722,710
10753,710
26959,710
675,710
18999,710
34250,710
10556,710
30202,710
26787,710
14524,710
6464,710
9941,710
24405,710
12353,710
19520,710
36792,710
34378,710
27278,710
27278,710
14566,710
18351,710
25582,710
6004,710
4415,710
30394,710
30394,710
7804,710
36327,1038
36327,1038
14525,1038
26146,1038
16851,1038
37211,1038
23528,1038
24112,1038
6914,1038
37470,1038
1816,1038
37470,1038
37470,1038
31668,1038
32189,1038
33197,1038
34349,1038
14525,1038
5306,1038
29349,1038
22810,1038
6871,1038
14071,1038
31568,1038
16500,1038
4526,1038
9237,1038
16029,1038
14845,1038
13562,1038
5608,1038
7622,1038
21349,1038
772,1038
23324,1038
36193,1038
33204,1038
31568,1038
33204,1038
9814,1038
26887,1038
33588,1038
24769,1038
11276,1038
12558,1038
15111,1038
34790,1038
37937,1038
30805,1038
9482,1038
21294,1038
31568,1038
37046,1038
15871,1038
1499,1038
4401,1038
28376,1038
2717,1038
36378,1038
34782,1038
34197,1038
30612,1038
2840,1038
137,1038
19406,1038
7984,1038
24675,1038
25774,1038
34034,1038
24628,1038
27496,1038
37071,1038
5220,1038
36045,1038
30630,1038
37366,1038
22315,713
7835,713
512,713
32657,713
7835,713
26479,713
1846,713
9282,713
6240,713
20815,713
6247,713
1683,713
32429,713
6799,713
33427,713
13098,713
36847,713
22406,713
19901,713
19750,713
27054,713
19750,713
21107,713
27054,713
5411,713
27955,713
5411,713
512,713
13879,713
18312,713
18462,713
18312,713
27309,713
17640,713
7712,713
26715,921
26330,921
29922,921
12565,921
27112,921
13906,921
34153,921
6235,921
26981,921
19303,921
6114,921
32139,921
29360,921
26832,921
30993,921
37582,921
22189,921
16981,921
26734,921
11138,921
7570,921
13623,921
25009,921
15406,921
28095,921
37252,921
33155,921
34548,921
17460,921
28867,921
30373,921
7060,921
17236,921
8962,921
28867,921
37627,921
21014,921
18884,921
22960,921
31371,921
19618,921
25786,921
35696,921
11240,921
31041,921
23877,921
18585,921
11411,921
19618,921
6936,921
35912,921
16997,921
30463,921
975,921
35807,921
20217,921
29157,921
34565,921
20056,921
10123,921
19095,921
323,921
31530,921
22245,921
15642,921
3349,921
10704,921
24282,921
31556,921
15555,921
37171,921
17659,921
36480,921
24820,921
8372,921
32065,921
8260,921
21290,921
9834,921
25713,921
11335,921
37068,921
27532,921
10899,921
10868,921
15617,921
13100,921
15287,921
31769,921
30316,921
19781,921
30707,921
30458,921
28166,921
34459,921
27848,921
37706,921
10591,921
19268,921
19110,921
22118,921
37754,921
33348,921
36922,921
18636,921
29817,921
35327,921
7544,787
20337,787
14008,787
36861,787
26897,787
36552,787
3051,787
5033,787
33479,787
27148,787
37225,787
13376,787
36761,787
10835,787
9196,787
25638,787
9024,787
21669,787
5467,787
26872,787
28068,787
8260,787
15823,787
28165,787
1592,787
31696,787
31392,787
35497,787
28173,787
32725,787
4416,787
5733,787
16700,787
28152,787
36480,787
23528,787
1871,787
33952,787
5542,787
23275,787
8129,787
33280,787
24322,787
21014,787
15304,787
3440,787
2345,787
30682,787
3165,787
25849,787
27670,787
5562,787
5562,787
32137,787
36600,787
7699,787
22112,195
19682,195
9025,195
25757,195
15028,195
35525,195
23741,195
1194,195
13625,195
12106,195
14748,195
16075,195
14609,195
3916,195
14893,195
15479,195
24521,195
4381,195
7629,195
18186,195
9295,195
12842,195
8643,195
5461,195
1790,195
26978,195
20783,195
25182,195
3412,195
24420,195
6572,195
10108,195
18868,195
24280,195
10757,195
27524,195
26124,195
7337,195
3196,195
761,195
13835,195
34125,195
20251,195
1127,195
9646,195
24144,195
14179,195
28354,195
12468,195
19328,195
22137,195
7412,195
29429,195
19022,195
35117,195
15830,195
33995,195
24330,195
21392,195
27974,195
17386,195
11004,195
16096,195
13394,195
4075,195
10495,195
4075,195
22860,195
1317,195
30481,195
14825,195
10624,195
3433,195
2439,195
20759,195
5627,195
16182,195
34291,195
7383,195
20610,195
11969,195
20610,195
10254,195
10613,195
7628,195
14256,195
3211,195
27513,195
33206,195
14563,195
28361,195
28764,195
28764,195
23820,195
3372,195
3211,195
33901,195
29598,195
14056,195
26312,195
12823,195
16814,195
14772,195
1928,195
12136,195
34211,195
11483,195
28152,195
22588,195
10736,195
33935,195
22659,195
20120,195
8608,20
8989,20
30054,20
10345,20
16150,20
18656,20
21256,20
25801,20
25801,20
19510,20
214,390
7552,390
993,390
7926,390
99,390
34730,390
30593,390
21354,390
556,390
7696,390
34534,390
17083,390
10094,390
35052,390
19247,390
14721,390
27607,390
1753,390
16475,390
1320,390
14412,390
10094,390
7293,390
35052,390
2495,390
2025,390
27607,390
5221,390
35575,390
19093,390
9493,390
36157,390
34464,390
31899,390
429,390
12086,390
36157,390
30509,390
3921,390
19492,390
15259,390
10457,390
5324,390
17480,390
28826,390
29945,390
26819,390
9894,390
711,390
3332,390
43,390
17669,390
215,390
215,390
18690,390
35291,390
8419,390
12785,390
14833,390
24991,390
24150,390
32830,390
37704,1002
1089,1002
13091,1002
15224,1002
26881,1002
12661,1002
18841,1002
25901,1002
13133,1002
7447,1002
2970,1002
14003,1002
31420,1002
19836,1002
34748,1002
25699,1002
31479,1002
29719,1002
11212,1002
3925,1002
17579,1002
11416,1002
26588,1002
37791,1002
27857,1002
35302,1002
26364,1002
12661,1002
17822,1002
17579,1002
16550,1002
188,752
1505,752
30143,752
19516,752
33762,752
8677,752
24980,752
8497,752
35701,752
9758,752
10538,752
12016,752
3253,752
713,752
9735,752
16114,752
10075,752
16114,752
6700,752
5590,752
7882,752
6009,752
8061,752
5863,752
29591,752
4899,752
6009,752
6700,752
16095,752
25129,752
19804,752
37091,752
4122,752
7075,752
16954,752
24090,752
57,752
33058,752
36753,752
1489,752
37281,752
9320,752
27158,752
25989,752
7129,752
9778,752
26397,752
14615,752
14615,752
31211,752
35701,752
14587,752
19738,752
30259,752
20290,752
9894,389
31210,389
11560,389
371,389
10526,389
3590,389
37020,389
32457,389
35414,389
1194,389
5348,389
9277,389
12957,389
803,389
26201,389
1842,389
1537,389
21646,389
3187,389
7393,389
9943,389
8408,389
18258,389
570,389
7204,389
1389,389
25130,389
34838,389
13051,389
23663,389
18258,389
2739,389
31527,389
22611,389
27354,389
6088,389
16843,389
20932,389
15091,389
26562,389
26122,389
3736,389
22275,389
2954,389
36402,389
20910,389
12256,389
23256,389
565,389
34335,389
9330,389
22510,389
18456,389
24377,389
28670,389
1060,389
10940,389
34859,389
7362,389
19729,389
294,389
1553,389
25466,389
34149,389
20919,389
535,389
10301,389
19904,389
845,389
10272,389
566,389
9107,389
35111,389
31216,389
32734,389
3211,389
8861,389
19389,389
1535,389
19712,389
27856,389
17223,389
21754,389
36658,389
23333,389
20656,389
33874,389
30973,389
386,389
14941,389
28194,389
24521,389
33368,389
3262,389
11711,389
8025,389
34519,389
6988,389
8321,389
6736,389
12281,389
35725,389
6211,389
2541,389
8576,389
3472,389
29071,389
28229,389
632,389
32360,389
5093,389
16420,389
23318,389
11361,389
30362,389
24457,389
37278,389
12193,389
3860,389
19416,389
1705,389
4466,389
8407,389
31317,389
16649,389
30044,389
16465,389
23066,389
1721,389
27821,389
16465,389
25597,389
15863,389
24762,389
22546,389
866,389
4193,389
5915,389
11390,389
8649,389
620,389
20172,389
33686,389
19496,389
53,389
35181,389
2545,389
945,389
11063,389
19529,389
29537,389
18778,389
35291,389
928,389
13142,389
35675,389
22334,389
16955,389
35829,389
22489,389
22600,389
21910,389
13185,389
258,389
6368,389
4925,389
17586,389
8615,389
7690,389
30852,389
11806,389
30558,389
33845,389
5201,389
33274,389
19591,389
15494,389
7437,389
34160,389
24473,389
13867,389
25541,389
556,389
3354,389
24834,389
11422,389
4820,389
34184,389
15268,389
16033,389
35808,389
5204,389
6530,389
20359,389
36271,389
899,389
13404,389
12478,389
5416,389
14445,389
6578,389
4129,389
9609,389
19038,389
4632,389
17486,389
8963,389
30997,389
22164,389
665,389
6530,389
24251,389
9808,389
36502,389
19524,389
31670,389
21839,389
24927,389
3855,389
22331,389
8298,389
35517,389
16950,389
26777,389
7434,389
35246,389
22487,389
27605,389
18433,389
2074,389
596,389
10777,389
15925,389
36252,389
12302,389
767,389
21823,389
10015,389
22669,389
32851,389
31072,389
30930,389
25051,389
421,389
10364,389
25464,389
19644,389
7175,389
7255,389
22740,389
10437,389
36391,389
30032,389
9136,389
33138,389
11457,389
14118,389
14470,389
8764,389
36144,389
10263,389
8538,389
23521,389
27115,389
1322,389
9249,389
271,389
28597,389
35656,389
4008,389
18025,389
10044,389
18329,389
28126,389
36558,389
20631,389
18145,389
10568,389
34317,389
12297,389
14213,389
14721,389
6751,389
2449,389
26403,389
16891,389
2835,389
27548,389
10951,389
25061,389
23947,389
5011,389
4458,389
33592,389
29875,389
35631,389
10267,389
8764,389
1305,389
3026,389
18728,389
10483,389
731,389
29293,389
15668,389
36444,389
15917,389
21200,389
35937,389
17521,389
6141,389
11630,389
4052,389
31646,389
13365,389
19417,389
31304,389
36545,389
4920,389
34043,389
30920,389
24202,389
28705,389
11227,389
1083,389
27263,389
14070,389
29286,389
1156,389
7390,389
31818,389
34389,389
752,389
36592,389
30534,389
24621,389
32996,389
15425,389
4337,389
20895,389
28504,389
9486,389
13135,389
4100,389
8292,389
4779,389
32952,389
11458,389
16881,389
32615,389
7661,389
12590,389
26573,389
21336,389
1276,389
30819,389
33444,389
9948,389
9527,389
28676,389
15473,389
27272,389
13003,389
26177,434
4853,434
8679,434
27991,434
7928,434
15393,434
7928,434
22523,434
11114,434
15079,434
16532,434
18047,434
30911,434
6014,434
22756,434
31945,434
15300,434
35655,280
8676,280
7075,280
34970,280
3390,280
21415,280
15425,280
7696,280
3197,280
28385,280
12571,280
14269,280
3611,280
27024,280
1570,280
1805,280
13501,280
5008,280
21664,280
22073,280
33060,280
7348,280
28089,280
312,280
16592,280
33060,280
30995,280
17250,280
19570,280
7751,280
423,280
18630,280
8165,280
6080,280
27834,280
30534,280
6947,280
18710,280
3714,280
9970,280
11325,280
32188,280
9970,280
856,280
12175,280
29095,280
21278,280
22902,280
21220,280
8113,280
28854,280
23702,280
24316,280
4809,280
7022,280
1369,280
5673,280
25870,280
18460,280
31431,280
20161,280
21342,280
15778,280
19668,280
32865,280
2210,280
7739,280
16058,280
4309,280
9153,280
16353,280
7233,280
29252,280
6374,280
16006,280
19944,280
543,280
30125,280
12463,280
24330,280
26978,280
34022,280
16381,280
5828,280
35672,280
31899,280
35176,280
7556,280
35176,280
30760,280
7556,280
1187,280
23239,280
18972,280
6577,280
22556,280
5164,280
25477,280
27548,280
35869,280
15652,731
23756,731
12834,731
23910,731
11188,731
24389,731
20439,731
35724,731
18745,698
13291,698
11946,698
9889,698
12041,698
15229,698
28458,70
15696,70
17191,70
31802,70
5651,70
23939,70
2399,70
8870,70
31581,70
28097,70
21825,70
28107,70
4165,70
11155,70
14033,70
3690,70
36,70
8842,70
471,70
27691,70
25745,70
14504,70
14427,70
13895,70
17096,70
12951,70
10692,70
11768,70
16037,70
24958,70
11558,70
4737,70
23190,70
21598,70
25067,70
33557,70
15927,70
5718,70
6936,70
25575,70
30386,70
21985,70
12824,70
30349,70
3506,959
12321,959
23334,959
18064,959
21456,959
26997,959
25159,959
22324,959
486,959
18297,959
1546,959
14911,959
33748,959
36304,959
8101,959
26655,959
32200,959
17536,959
32273,959
2356,959
12568,177
21233,177
532,177
10571,177
8143,177
24681,177
24749,177
25743,177
34671,177
19286,177
19214,177
23307,177
17172,177
2953,177
6419,177
21553,177
32329,177
10930,177
5649,177
7186,177
20825,177
23871,177
33104,177
18243,177
15885,177
10102,177
23912,177
26259,177
28390,177
28775,177
6308,177
13347,177
14773,177
20019,177
1893,177
1973,177
27001,177
12859,177
28559,177
9585,177
26563,177
22521,177
7840,177
15747,177
11009,177
22692,177
9401,177
12390,177
19799,177
11371,177
29821,177
22129,177
11629,177
35772,177
13327,145
31360,145
30831,145
5403,145
110,145
16246,145
8698,145
2915,145
8269,145
22615,145
13048,145
10582,145
23623,145
5715,145
18603,145
5335,145
21257,145
2626,145
1592,145
4140,145
32502,145
13361,145
26197,145
16029,145
23429,898
23429,898
8640,898
29634,898
23140,898
181,898
9868,898
35941,898
1823,898
20717,898
1197,898
8847,898
16714,898
30783,898
22071,898
28206,898
28206,898
20552,898
35283,898
27470,898
30219,898
30219,898
17278,898
6538,898
33228,898
17337,898
3422,898
9470,898
34238,898
141,898
37251,898
37251,898
31704,898
31663,898
30219,898
37433,898
1709,577
29346,577
6671,577
37221,577
16563,577
29084,577
5353,577
10662,577
14934,577
31289,577
13181,577
28459,577
13297,577
12663,577
24779,577
217,577
8829,577
7594,577
1738,577
9265,577
9628,577
16628,577
24237,577
34079,577
21053,577
35459,577
20381,577
25823,577
11347,577
3077,577
1899,577
14577,577
6665,577
36716,577
17922,577
928,577
12402,577
36519,577
28473,577
36737,577
31347,577
5914,577
21141,925
35276,925
18651,925
29647,925
35276,925
8989,925
21141,925
18651,925
21141,925
14423,925
12407,925
14423,925
29647,925
19345,925
22867,925
16527,925
8413,925
18332,925
34771,925
20487,925
15000,925
30243,925
5465,925
34771,925
34647,925
35018,925
32624,925
8036,925
25261,925
15145,925
11684,925
19504,925
17772,925
11292,925
14674,925
3593,925
37305,925
27617,925
29706,925
29860,925
5698,925
33970,925
22449,925
8027,925
30134,925
25972,925
25838,925
12587,925
23651,925
21874,925
35100,925
34979,925
12687,925
34800,925
9831,925
27869,925
5604,925
13501,925
6075,925
15606,925
31555,925
17877,925
10468,925
16025,925
15441,925
23643,925
27026,925
34800,925
9266,925
2020,925
33234,925
19724,925
34473,925
14824,925
29650,925
22621,925
26755,925
14824,925
8120,925
31719,925
29576,925
5899,925
33247,925
15170,925
30654,925
11516,925
5687,925
14664,925
6641,925
2376,925
18997,925
24336,925
36792,925
10626,925
6542,925
26166,925
17629,925
23177,925
26647,925
29089,925
33898,925
33898,925
18451,925
33870,925
9214,925
21553,925
35550,925
16384,925
25520,925
35199,925
21084,925
15748,925
3640,925
33470,925
15242,925
35202,925
17539,925
2009,925
19816,925
6226,925
30244,925
22244,925
33145,925
10178,925
5160,925
5869,925
14508,925
20065,925
32536,925
15940,925
29380,925
29774,925
14124,925
21662,925
28890,925
18118,925
287,925
287,925
2236,925
6583,925
29615,925
15496,925
11843,925
33861,925
33906,925
7420,925
16598,925
34073,925
19244,925
21455,925
8648,925
29269,925
26820,925
16290,925
17235,925
16290,925
5085,925
2965,925
18519,925
17678,925
31391,925
8804,925
12881,925
16360,925
14611,925
18017,925
36274,925
26195,925
13066,925
3718,925
23669,925
18490,925
17483,925
8138,925
31605,925
34204,925
16799,925
15499,925
4506,925
33097,925
32176,925
21157,925
27364,925
19800,925
24391,925
36996,925
16441,925
32180,925
10280,925
28775,925
30115,925
14879,925
16219,925
16219,925
6719,925
22104,925
32617,925
5706,925
25491,925
11069,925
29020,925
33649,925
25262,925
9461,925
13955,925
17768,925
21517,925
7239,925
14253,925
36365,925
36365,925
13509,925
10515,925
24496,925
16534,925
28190,925
6048,925
18918,925
25233,925
37126,925
22861,925
34705,925
24858,925
12166,925
3833,925
27344,925
14014,925
31816,925
25106,925
23131,925
17621,925
31891,925
30795,925
32055,925
33754,925
32055,925
21455,925
22417,925
18118,925
13511,437
21907,437
9728,437
35335,437
22542,437
11231,437
17616,437
32220,437
19334,437
5992,437
2626,437
23384,437
18047,437
4274,437
26111,437
5153,437
24925,437
18885,437
18546,437
23880,437
831,586
28746,586
9593,586
12323,586
21393,586
6130,586
19168,586
18318,586
11670,586
32813,586
12003,586
21642,586
36353,586
18331,586
30179,586
14296,586
14881,586
15147,586
12956,586
12164,586
5662,586
2974,586
2239,586
1840,586
1896,586
14851,586
3816,586
37045,586
28618,586
10615,586
7531,586
16143,586
10682,586
30719,586
25447,586
22813,586
6806,586
22089,586
30197,586
5561,586
9084,586
35340,586
19638,586
642,586
33021,586
26436,586
25363,586
36991,586
26560,586
2844,586
12026,586
35913,586
5849,586
2292,586
3867,586
19972,586
2919,586
11757,586
36841,586
4449,586
7819,586
15112,586
14169,586
5510,586
8179,586
8739,586
30372,586
5656,586
30059,586
24378,586
36036,586
707,586
32288,586
34792,586
4895,586
13718,586
9992,586
26954,586
30441,586
28721,586
13986,586
5081,586
25635,586
33155,586
12738,586
11915,586
3479,586
7886,586
4636,703
35386,703
7631,703
16741,703
28200,703
29946,703
37317,703
17194,703
25526,703
24981,703
12966,703
35197,703
23584,703
33404,703
10714,703
6936,703
5888,703
22037,703
31635,703
30901,703
7923,703
31952,703
17859,703
2468,703
24828,703
4532,703
29320,703
27176,703
3288,703
16167,703
31121,703
29608,703
26001,703
32719,703
28665,703
16480,703
32477,424
15418,424
36008,424
26989,424
35710,424
16947,424
28820,424
22222,424
35572,424
12223,424
17396,424
21579,424
18928,424
35857,424
25573,424
30079,424
36108,424
29758,424
26180,424
28716,424
23512,424
19417,424
32148,424
6256,424
24407,424
33207,424
4233,424
31234,424
18223,424
6462,424
30772,424
1336,424
23614,424
450,424
7997,424
14718,424
13577,424
28918,424
35301,424
34792,424
25837,424
28982,424
15822,424
36959,424
17747,424
20880,424
17165,424
19941,424
11111,424
18993,424
7584,424
27802,424
2919,424
34038,424
12150,424
543,424
5522,755
3671,755
4084,755
27601,755
11452,755
27049,755
14841,755
8711,755
7908,755
4341,755
14255,755
4003,755
10321,755
13454,755
15743,755
14041,755
8318,755
32693,224
10349,224
13923,224
2494,224
16082,224
20857,224
9496,224
30837,224
28413,224
24981,224
14920,224
11509,224
31953,224
32735,224
22785,224
6219,224
14950,224
25361,224
22480,224
11733,224
3939,224
4352,224
30202,224
34570,224
24189,224
27432,224
29146,224
28957,224
20199,224
26067,224
14924,224
31088,224
21437,403
6097,403
22236,403
8113,403
34183,403
18241,403
7463,403
10226,403
32316,403
18470,403
19532,403
8514,403
22846,403
13501,403
3497,403
11669,403
28282,403
31431,403
3845,403
387,403
5986,403
20219,403
14756,403
7426,403
144,403
37020,403
10597,403
1573,403
1267,403
35414,403
6431,403
30170,403
10597,403
34563,403
35291,403
31292,403
1245,403
33286,403
35038,403
2543,403
10797,403
37161,403
17919,403
22338,403
6128,403
36596,403
27379,403
12500,403
890,403
35889,403
1340,403
6238,403
28286,403
20595,403
17358,403
597,403
2210,403
20278,403
27757,403
33578,403
23924,403
27372,403
16970,403
9235,403
32489,403
25535,403
27131,403
24110,403
27131,403
13135,403
28018,403
16367,403
22426,403
32448,403
6062,403
4141,403
1740,403
11235,403
6674,403
10077,403
16726,403
34605,403
19269,403
14412,403
35728,403
17270,403
14341,403
20921,403
21943,403
24254,403
13912,403
17939,403
29103,403
7822,403
2026,403
3579,403
17220,403
10458,403
16878,403
3233,403
12835,403
33813,403
828,403
23219,403
1438,403
736,403
2384,403
30054,403
23599,403
32249,319
14491,319
1061,319
31775,319
10821,319
11067,319
6010,319
11401,319
288,319
36808,319
14266,319
23693,319
869,319
10326,319
34941,319
28149,319
410,319
30983,319
12334,319
36801,319
21388,319
22523,319
1853,319
9113,319
6468,319
36865,319
32166,319
31220,319
35913,319
30420,319
18906,319
34417,319
700,319
8750,774
31778,774
36449,774
18986,774
25196,774
6234,774
22003,774
19448,774
29813,774
13927,774
15640,774
14299,774
12933,774
31474,774
17948,774
12684,774
2762,774
4851,774
4851,774
27750,774
34019,774
26258,774
35102,354
22534,354
32084,354
13880,354
3837,354
13254,354
24761,354
3876,354
4725,354
31247,354
4259,354
19489,354
36973,354
2998,354
1036,354
12993,354
784,354
3925,354
24396,354
25026,354
3477,354
9075,354
10287,354
32753,354
2271,354
31246,354
32988,354
29317,354
11450,354
16146,354
5046,354
28637,354
1691,354
28479,354
19295,354
960,354
16652,354
19300,354
26098,354
18828,354
35102,354
23414,354
4908,354
17861,354
26575,354
16442,354
3839,354
3757,354
35935,354
29597,354
23193,354
2919,354
20077,354
995,354
5771,354
24701,354
20021,354
31219,354
31003,354
8429,354
36739,354
7952,354
6622,354
995,354
24533,354
12825,354
15115,354
33215,354
28349,354
3067,354
35466,354
20882,354
24883,354
35175,354
35998,354
1305,354
21220,354
14884,354
14739,354
17883,354
30864,354
25407,354
21655,354
32096,354
5859,354
30864,354
26180,354
33851,354
35835,354
8661,354
11325,354
32518,354
4500,354
29215,354
36859,354
25882,354
5671,354
15601,354
7043,354
35600,354
854,354
12226,354
34283,354
23396,354
24952,354
31231,354
28349,354
5361,354
17458,354
35414,354
32507,354
13008,354
10825,354
7451,354
36739,354
17286,354
11885,354
28910,354
2069,354
15710,354
6025,354
4438,354
12631,354
10246,354
20834,354
9255,354
28740,354
25818,354
28494,354
27377,354
3662,354
23105,354
26473,354
24524,354
24557,354
1503,354
31184,354
5888,354
27951,354
6634,354
32247,354
2063,354
25572,354
2104,354
12927,354
3588,354
20963,354
8321,354
30111,354
24536,354
12873,354
18507,354
7110,354
21425,354
422,354
31358,354
28371,354
21949,354
4163,354
8732,354
24830,354
28400,354
22930,354
13022,354
22930,354
33933,354
23054,354
14837,354
7107,354
28152,354
30391,354
21706,354
7425,354
31805,354
30417,354
11641,354
19503,354
35508,354
25497,354
8772,354
2311,354
36874,354
6787,354
23791,354
30052,354
16126,354
13188,354
15718,354
30695,354
28630,354
21020,354
19580,354
26923,354
21114,354
24082,354
24516,354
4214,354
31080,354
36303,354
15806,354
24230,354
14845,354
15189,354
20597,354
9075,354
33808,354
22757,354
19517,993
24298,993
11854,993
3961,993
23671,993
21624,993
3233,993
16153,993
15069,993
37048,993
3614,993
26798,993
173,993
9496,993
22189,993
32249,993
33043,993
37594,993
4674,993
7454,993
30463,993
30225,993
26192,993
24046,993
13555,993
34609,993
20498,993
16315,993
17030,993
15857,993
28874,993
25381,993
7174,993
33041,993
10478,993
30120,993
25948,993
18452,993
30316,993
11688,993
29754,993
16473,993
3476,993
25544,993
20710,993
6948,131
14562,131
3890,131
25345,131
24494,131
12973,131
24923,131
19163,131
3978,131
9617,131
8088,131
26392,131
32319,131
22124,131
1769,131
17488,131
25134,131
7027,131
23981,131
3857,131
6660,131
289,131
22599,131
14202,131
11156,131
2380,131
32841,131
6749,131
26615,131
22076,131
31425,131
19203,131
21825,131
12708,131
19429,76
23996,76
33764,76
26854,110
21880,110
8980,110
25369,110
33289,110
21916,110
4497,110
13211,110
21798,110
25633,110
15356,110
22004,110
27102,110
20787,110
25488,110
19197,110
33054,110
24249,110
9582,110
5663,110
26088,110
26751,110
8090,110
4958,110
15969,110
6399,110
30150,110
15176,217
17177,217
325,217
29582,217
7631,217
11162,217
4896,217
34040,217
27213,217
14925,217
29474,217
3340,217
2353,217
22630,217
5406,217
32722,217
1376,217
31661,217
11313,217
1487,217
5795,217
7696,217
3442,217
16465,217
28739,217
12263,217
28226,217
36503,217
27366,217
13317,217
33246,217
21518,366
2606,366
10863,366
6946,366
8270,366
10382,366
23403,366
29201,366
33669,366
36427,366
5667,366
15225,366
20450,366
23860,366
18522,366
20976,366
1902,366
3180,366
25028,366
35479,366
21446,366
21446,366
9832,366
32430,366
13679,366
24126,366
7549,366
7488,366
2720,366
31790,366
4582,366
21261,670
20731,670
30908,670
7218,670
22409,670
28824,670
14584,670
31456,670
37014,670
34219,670
31354,670
34598,670
10799,670
32340,670
24242,670
2939,670
6512,670
25000,670
30275,670
19621,670
20154,670
7319,670
27695,670
33422,670
21719,670
31971,670
20793,670
7,670
36514,670
25197,670
4045,670
31474,670
2944,670
37456,670
12830,670
24445,670
37228,670
34834,670
17253,670
36802,670
12339,670
10302,670
35535,670
17634,670
5345,670
17634,670
6613,670
17634,670
25196,670
12546,670
32527,670
34599,670
37327,670
3885,670
19023,670
37568,670
32892,106
18857,106
23404,106
18563,106
12958,106
27365,106
14393,330
14393,330
16316,330
31545,330
25698,330
23837,330
19231,330
24987,330
3102,330
10964,330
17602,330
20689,330
28617,330
18421,330
2476,330
19642,330
20187,330
11866,330
34792,330
32785,330
17261,330
20934,330
19986,330
3102,330
29703,330
4783,330
9606,330
35758,330
4355,330
16228,330
28701,330
6642,330
3010,330
30856,330
9117,330
28800,330
2397,330
33155,330
28480,330
2889,330
26358,330
37007,330
34051,330
35258,330
36765,330
15137,330
36765,330
36765,330
34977,330
33946,330
33946,330
28107,330
27085,330
8117,330
15137,330
13856,330
20776,330
26310,330
25419,330
30561,284
36301,284
13930,284
33467,284
27284,284
30350,284
30013,284
26001,284
28426,284
11509,284
31981,284
34939,284
36682,284
19177,284
18981,284
34431,284
3784,284
36682,284
21816,284
25469,284
29252,284
3706,284
8141,284
36757,284
27284,284
34655,284
27284,284
4142,284
7197,284
754,284
26985,284
26736,284
33660,284
1181,777
3002,777
11845,777
5260,777
6620,777
14914,777
8621,777
9575,777
20044,777
12203,777
27788,777
7062,777
19823,777
15996,777
21166,777
7953,777
18788,777
4089,777
19523,777
578,777
1615,777
12116,777
12763,777
23278,777
10193,777
19907,777
5347,777
2028,777
29589,777
12230,777
14590,777
27147,777
3822,777
5783,777
15967,777
6121,777
9495,777
33218,777
20860,777
13146,777
15410,777
24357,777
10575,777
14601,777
29706,777
6544,777
27307,777
15333,777
8191,777
18893,777
5293,777
443,777
25183,777
5225,777
17266,777
11003,777
5174,777
8926,777
4954,777
34690,777
1438,777
22185,777
153,777
3639,777
15962,777
3639,777
11601,777
8659,777
25524,777
20880,777
35861,777
25822,777
36250,777
29827,777
21488,1019
993,1019
7970,1019
36008,1019
35230,1019
11286,1019
6938,1019
6938,1019
34191,1019
14250,1019
37655,1019
23005,1019
13434,1019
10065,1019
14895,1019
34922,1019
34904,1019
31797,1019
25837,1019
34233,1019
12648,1019
15010,1019
24635,1019
36574,1019
11147,1019
19735,1019
21242,1019
7357,1019
35981,1019
20803,1019
2919,1019
11237,1019
8229,1019
15184,1019
5157,1019
7584,1019
13782,1019
11863,1019
31638,1019
30379,1019
1970,961
188,961
1074,961
25796,961
8708,961
15453,961
8594,961
27204,961
3864,961
9598,961
36332,961
125,961
14201,961
2857,961
11126,961
28823,961
36931,961
37007,961
1,961
14432,961
10850,961
33911,961
32839,961
2190,961
14503,961
1962,961
3169,961
6552,961
4183,961
12152,961
33286,961
3919,961
6114,961
6178,961
10954,961
10639,961
11743,961
12932,961
5634,961
14445,961
1719,961
30022,961
31638,961
31790,961
10303,961
35876,961
8574,608
1516,608
27063,608
2290,608
624,608
8395,608
14558,608
10045,608
3995,608
4344,608
8676,608
3583,608
17892,608
9169,608
22037,608
13549,608
23188,608
9509,608
20788,608
31394,608
4269,608
3043,608
27737,608
25256,608
16701,608
28914,608
17770,608
17316,608
5477,608
10819,608
8840,608
27069,608
2532,608
15873,608
8387,608
19767,608
18131,608
19924,608
30017,608
5194,608
35902,608
33622,608
2342,608
27535,608
14881,608
1476,608
11219,608
31184,608
8355,608
19177,608
31997,608
21551,608
9593,608
29257,608
30642,608
29514,608
18666,608
19489,608
15021,608
5175,608
9932,608
36028,608
9557,608
4316,608
37162,608
7584,608
35913,608
27165,608
29702,608
29150,608
24633,608
15910,608
25139,608
21445,608
25139,608
32323,608
14822,608
7741,608
17734,608
28462,608
22695,608
35253,608
17859,608
20407,608
31713,847
14834,847
29638,847
8996,847
36571,847
37334,847
7685,847
15823,847
21468,847
33272,847
13817,847
26727,847
10674,847
8041,847
36388,847
19566,847
15923,847
5695,847
31574,847
7596,847
27270,847
6425,847
34396,847
14159,847
27761,847
12106,847
16505,847
26316,847
5447,847
34295,847
36475,847
9022,847
19324,847
8891,847
15774,847
34992,847
1803,847
28371,847
19767,847
19531,847
16021,847
18320,847
8201,847
35111,847
32344,847
35551,847
15118,847
8401,847
10748,847
9627,847
29567,847
27841,847
21335,847
36499,847
12121,847
28195,847
17624,847
2919,847
1803,847
1032,847
11271,847
2419,847
18793,847
11716,847
22646,847
15911,847
4858,847
5894,847
8336,847
25528,847
25164,847
15449,847
36463,847
26920,847
34272,847
35981,847
36518,847
2436,847
20666,847
24232,847
19936,847
15084,847
23001,847
22097,847
18670,847
30705,847
34802,847
37148,847
13257,847
9682,847
37148,847
31380,847
36475,847
15474,847
30623,847
15857,847
14169,847
1049,847
19531,847
14634,847
19531,847
5220,847
30602,847
36163,847
36560,847
6553,847
27557,847
27569,847
5876,847
24268,847
5033,847
7347,847
20401,847
36850,847
37341,847
2643,847
3831,847
24146,847
13155,847
19485,847
8309,847
35219,847
6960,847
18080,847
26730,847
36300,847
9719,847
26444,847
36812,847
11011,847
17538,847
10493,847
24062,847
22954,847
24069,847
37148,847
10590,172
22689,172
33454,172
32140,172
27329,172
18909,172
26349,172
8304,172
35278,172
23307,172
19231,172
25752,172
19934,172
36166,172
24028,172
14232,172
13763,172
13075,172
24800,172
22098,172
3608,172
12516,172
23326,172
13240,172
29525,172
28250,172
6907,172
8501,172
27288,172
7010,172
24729,172
9767,172
653,172
5247,172
17254,172
22645,172
11684,172
20068,172
26260,172
169,172
22881,172
32540,172
13155,172
13702,172
27222,172
5502,172
33650,172
24748,172
23014,172
36119,172
27744,172
18367,172
29530,172
25481,172
11622,172
13552,172
8693,172
16659,172
4706,172
24459,172
26986,172
22076,172
11418,172
4510,172
18917,172
33650,172
17984,172
36196,172
14982,172
10095,172
11919,172
33836,172
4572,172
19774,172
35558,172
12918,172
2599,172
9359,172
7257,172
13111,172
7940,172
14205,172
10949,172
903,172
4263,172
7787,172
36029,172
15657,172
33657,172
12631,172
16653,172
9543,172
33129,172
29130,172
33306,172
18169,172
28103,172
26252,172
14826,172
1758,172
4980,172
28383,172
31228,172
22314,172
36130,172
17082,172
21756,172
13476,172
21667,172
5903,172
35261,172
31978,172
12711,172
36285,172
23598,172
34351,172
12003,172
13304,172
31151,172
21786,172
9709,172
11279,172
13042,172
21679,172
13713,172
17283,172
30919,172
13612,172
27499,172
19461,172
19901,172
11873,172
12891,172
19617,172
19368,172
15067,172
23103,172
23725,172
5344,172
19946,233
2374,233
9594,233
29212,233
35986,233
4217,233
33563,233
18837,233
13557,233
9858,233
11177,233
14227,233
11391,233
4394,233
13456,233
19085,233
18158,233
36709,233
33339,233
3974,233
29047,233
17262,233
24360,233
16322,233
4883,233
22844,233
14400,233
4883,233
26932,350
6662,350
19147,350
29589,350
25396,350
29497,350
35524,350
22888,350
10539,350
20426,350
31927,350
16059,350
30409,350
27719,350
15804,350
24153,350
28983,350
8782,350
30409,350
18658,350
8884,350
24974,350
24974,350
11532,350
20184,350
32758,350
7246,350
29808,350
1698,350
4454,350
4857,350
29121,350
23597,350
22945,350
19414,350
18658,350
6403,350
23116,350
20349,350
26239,350
11661,350
1181,350
11016,350
18658,350
8737,350
36603,350
30565,350
36284,350
21331,350
16130,350
17417,350
9928,350
34165,350
17417,350
13199,350
9928,350
2444,350
9891,350
19258,350
28759,350
28052,350
17613,350
2972,350
11532,350
22452,350
12925,350
16501,350
19469,350
19345,350
6590,350
22388,350
30105,350
16643,350
33369,350
25389,350
17138,350
20018,350
3036,350
36010,350
1999,350
22921,350
7527,350
4396,350
23806,350
1567,350
35522,350
15976,350
21535,350
17783,350
12248,350
17437,350
5507,350
16987,350
19187,350
11509,350
30265,350
7146,350
16375,350
15883,350
6857,350
18214,350
7144,350
28317,350
14688,350
22116,350
30360,350
18926,350
16425,350
14913,350
35223,350
8828,350
8440,350
17783,350
30841,350
4228,350
5076,350
17435,350
25548,350
5684,350
34797,350
19187,350
1163,155
10730,155
20863,155
14976,155
9593,155
9972,155
23558,155
7697,155
1332,155
33211,155
1853,155
23402,155
20295,155
22158,155
8796,155
12354,155
21954,155
33128,155
21954,155
23845,155
33140,155
10693,184
10023,184
18094,184
35124,184
16319,184
10943,184
14543,184
6572,184
35914,184
17605,184
4725,184
1343,184
21945,184
35905,184
34044,184
9707,184
12631,184
7921,184
18004,184
16968,184
7691,184
33158,184
14211,184
17477,184
20773,184
28024,184
31956,184
25495,184
15219,184
7685,184
607,184
5393,184
17045,184
8082,184
26275,184
10932,184
1941,184
20581,184
19256,184
17627,184
5758,184
19484,184
6942,184
6353,184
16006,184
35810,184
16616,184
13002,184
30732,184
11144,184
35772,184
13918,184
37448,724
37235,724
11029,724
5800,724
9025,724
26985,724
5006,724
11107,724
22668,724
37082,724
2078,724
11825,724
10387,724
37088,724
19101,724
12291,724
26048,724
35994,724
1766,724
23936,724
27686,724
36188,724
31559,724
28958,724
456,724
28479,724
9622,724
28095,724
20763,724
22855,724
32454,724
7339,724
15917,724
30121,724
35979,724
35979,724
20225,724
32304,724
5093,724
31945,724
29454,724
14217,724
3568,724
11604,724
12141,724
912,724
6340,724
8156,724
21531,724
19241,724
11673,724
13070,724
34779,724
13661,724
22179,724
37369,724
33301,656
34110,656
2520,656
15440,656
3349,656
1686,656
7329,656
17478,656
11257,656
11003,656
8555,656
4955,656
24830,656
32170,656
4335,656
1980,656
32578,656
29922,656
21153,656
2843,656
19506,656
8688,656
19909,656
36367,656
17824,656
98,656
4706,656
12002,656
14943,656
10131,656
3555,656
21149,656
36127,656
2726,656
19947,656
34547,656
31980,656
27213,656
18010,656
15632,656
14565,656
7146,656
21411,656
1101,656
860,656
35011,656
24039,656
25732,656
11550,656
2371,656
13733,656
17397,656
24614,656
15172,656
30606,656
3934,656
3749,656
6876,656
4719,656
30108,656
18653,656
8469,656
1635,656
25294,656
2150,656
14084,656
11724,656
5477,656
10082,656
22014,656
22014,656
27584,656
15801,656
11564,656
4857,656
30513,656
11846,656
12161,656
13643,656
2619,656
32952,656
13335,656
27169,656
11887,656
13062,656
29161,656
36411,656
30343,656
13391,656
19477,656
7138,656
34132,656
35414,656
850,656
6078,656
28,656
2616,656
35250,656
4143,656
24019,656
17872,656
7181,656
33841,656
28814,656
21764,656
12188,656
35666,656
24411,656
6055,656
19854,656
37002,656
26720,656
29092,656
15385,656
37048,656
19488,656
34181,656
4880,656
18331,656
31103,656
1916,656
29130,656
799,656
36473,656
5392,656
32295,656
3463,656
33934,656
30779,656
17793,656
4187,656
1673,656
34890,656
19881,656
35174,656
22931,656
34181,656
16465,656
13935,656
18112,656
9195,656
34622,656
9005,656
9307,656
31813,656
27857,656
36701,656
8222,656
24233,656
31338,656
20213,656
27115,656
22268,656
34914,656
1204,656
34527,656
15898,656
8676,656
5168,656
10915,656
17253,656
8318,656
730,656
4048,656
6335,656
18386,656
10131,656
3447,656
27086,656
37201,656
27686,656
30124,656
14747,656
26857,656
2270,656
8224,656
35487,656
3448,656
3630,656
15083,656
7617,656
30067,656
17968,656
13224,656
6073,656
2551,656
4583,656
31562,656
28665,656
30866,656
2604,656
2604,656
6445,656
28438,656
15078,656
474,656
20855,656
31996,656
13181,656
37244,656
10326,656
14430,656
20487,656
27261,656
36737,656
6979,656
36778,884
31967,884
2594,884
7972,884
21326,884
21326,884
16903,884
27718,884
15651,884
2514,884
31534,884
34115,884
1373,884
7728,884
30342,884
5217,884
14520,884
16171,884
1527,884
2514,884
6175,884
2514,884
24056,884
20389,884
23925,884
19154,884
22401,884
24097,884
36349,884
8739,884
23159,884
20633,884
29216,884
16903,884
37480,884
15224,884
5505,884
30897,884
28570,884
32642,884
32642,884
23378,884
31534,884
31790,884
23596,884
16260,884
25539,884
24552,884
18976,884
27502,884
29163,884
25215,884
13283,884
33259,884
36074,884
2674,238
20158,238
4870,238
13998,238
24534,238
26223,238
9496,238
26085,238
30053,238
2457,238
8346,238
34522,238
6292,238
26418,238
27686,238
19132,238
19897,238
24664,238
11694,238
13188,238
11983,238
16656,238
35644,238
7545,238
15662,238
8346,238
23613,238
12180,238
7362,238
18675,238
23613,238
13653,238
3532,238
28637,238
22804,238
29959,238
5653,238
15039,238
7999,238
17261,238
20349,238
25596,238
18092,238
9341,238
33155,238
7094,238
30041,238
24822,238
28173,238
23369,238
35806,238
26219,238
14734,238
16851,238
3433,238
20805,238
6949,116
25765,116
4796,116
25580,116
25580,116
4854,116
7742,116
17310,116
12036,44
25795,44
15958,44
26291,44
22629,44
31717,44
25476,44
9239,44
26609,44
24677,44
18217,44
30655,44
22411,44
13899,44
19562,44
23914,44
21451,44
30853,44
21286,44
15775,44
16839,44
9560,44
28287,44
16839,44
22024,44
28564,59
25818,59
1298,59
15379,59
28424,59
8332,59
7796,59
2874,59
7477,59
3971,59
12841,59
21260,59
5920,59
1436,59
27527,59
25608,59
19004,59
17186,59
7456,59
2631,59
23013,59
18058,59
16655,59
25422,59
32011,59
9178,59
13803,59
12875,59
31819,59
18330,59
15667,59
13080,59
6169,59
28035,59
5886,59
21039,59
7433,59
3446,59
3642,59
880,59
324,59
20089,59
27926,59
7730,59
2747,59
4166,59
30459,59
26008,59
9641,59
10842,59
10577,173
17749,173
16795,173
17744,173
12196,173
16398,173
31327,173
25040,173
7660,173
22689,173
9359,173
34041,173
8874,173
2953,173
18285,173
17485,173
24681,173
30257,173
14591,173
12090,173
34207,173
30467,173
21844,173
5384,173
32165,173
17805,173
7775,173
14244,173
14117,173
34193,173
16795,173
9585,173
12390,173
20552,173
24912,173
24902,173
15143,173
27782,173
4693,173
30944,173
1193,173
34193,173
3079,173
12143,173
8401,173
32891,173
29708,173
28259,173
23280,173
6057,173
14297,173
18139,173
28547,173
21209,173
388,173
26600,173
10428,173
12178,173
23297,173
3689,173
15464,173
22521,173
7944,173
26397,173
35278,173
25994,173
6878,173
10095,173
27080,173
22942,173
13142,173
23297,173
17987,173
35859,173
30957,173
15126,173
19984,173
8143,173
19339,173
23146,173
996,173
24748,173
23547,173
19286,173
10624,173
23297,173
7241,173
25828,173
23405,173
29530,173
23318,173
23900,173
26847,173
3653,173
20068,173
22990,173
4058,173
27975,173
36119,173
36166,173
23427,173
11471,173
16214,173
32630,173
8353,173
34720,173
5437,173
19028,173
12836,173
10611,173
1316,173
12335,173
18064,173
31522,173
23326,173
12015,173
18157,173
26699,173
29237,173
17020,173
8172,173
28390,173
5700,173
29151,173
10930,173
4101,173
22618,173
14053,173
26530,173
33100,173
31678,173
4407,173
18772,173
32788,173
14016,173
21941,173
19831,173
11980,173
26563,173
1995,173
20516,173
24302,173
21454,173
11085,173
21888,173
29480,173
33158,173
20554,173
10370,173
18179,173
1366,173
20222,173
25998,173
23759,173
26980,173
12223,173
13035,173
22527,173
19194,173
27794,173
11629,173
24124,173
35088,173
27902,173
27628,173
32910,173
29849,173
32827,371
20453,371
17379,371
30292,371
33518,371
2486,371
29243,371
13016,371
17390,371
34989,371
36263,371
28514,371
14196,371
14196,371
36490,371
25945,371
33143,371
25966,371
11071,371
231,371
13056,371
21415,371
27706,371
27617,371
36722,371
28691,371
12775,371
25912,371
33122,371
20984,371
3950,371
25569,371
21921,371
30046,371
13904,371
26695,371
29536,371
7613,371
7257,371
33477,371
25683,371
6001,371
29251,371
34124,371
20599,371
5402,371
7331,371
8212,371
29108,371
27103,371
34624,371
20487,371
22451,371
22451,371
30011,371
13823,371
31159,371
16885,371
14729,371
29415,371
24084,371
20215,371
16017,371
34871,371
32299,371
37106,371
14328,371
30158,371
20562,371
12843,371
28169,371
19635,371
6146,371
11617,371
826,371
13238,371
31086,371
33142,371
4754,371
24978,371
19365,371
33026,371
35538,371
30401,371
19297,371
25501,371
10204,371
34792,371
8329,371
23271,371
29615,371
15547,371
23309,371
24568,371
15504,371
26672,371
21115,371
12244,371
34995,371
34995,371
11074,371
27840,371
32057,371
32817,371
25367,371
35307,371
20361,371
22219,371
36722,371
810,258
17579,258
35138,258
30983,258
30673,258
3073,258
4928,258
7360,258
13967,258
16800,258
11722,258
8209,258
954,258
28210,258
22523,258
20241,258
30045,258
25229,258
20241,258
35913,258
35922,258
33310,258
11401,258
6862,258
21561,258
4160,258
25366,258
17469,258
8116,258
4870,258
19440,258
5584,258
27111,136
10547,136
2056,136
26305,136
2822,136
1691,136
6956,136
6569,136
896,136
14783,136
19144,136
18666,136
24955,136
22004,136
30025,136
32782,136
28066,136
33610,136
20830,136
1985,136
1822,136
15407,136
4719,136
6439,136
11624,337
21126,337
36678,337
18421,337
32383,337
36314,337
25929,337
16446,337
30787,337
18043,337
10687,337
24328,337
7431,337
30764,337
8348,337
30527,337
10319,337
36540,337
36313,337
18585,337
15710,337
15298,337
30466,337
32139,337
22303,337
18900,337
10323,337
36537,337
29340,337
824,337
26542,337
6872,337
36072,337
28715,337
21355,337
7577,337
6236,337
17052,337
29230,337
17529,337
11180,337
5364,337
15831,337
19057,337
35298,337
12076,337
20832,337
22137,337
22286,337
5458,337
33768,337
32304,337
15537,337
30249,337
29848,337
3834,337
21759,337
13295,337
32400,337
30536,337
32304,337
14555,337
13471,337
11688,337
12000,337
6543,337
22842,337
36717,337
22659,337
16719,337
36086,337
4495,337
11751,337
1112,337
7045,337
15865,337
25419,337
20039,337
2909,337
2154,337
193,337
5717,337
9304,337
13671,337
18884,337
19178,337
17311,337
25554,337
2687,337
26591,337
14261,337
30818,337
7935,337
19105,337
17757,337
29937,337
31813,337
14845,337
5596,337
31905,337
18914,337
22468,337
8117,337
26575,337
22644,337
33454,337
18054,337
30414,337
24282,337
22169,337
1697,337
33992,337
8908,337
32395,337
22578,337
4306,337
34128,337
700,337
19330,337
2508,337
28054,337
33921,337
34755,337
33658,337
22382,337
27023,337
18636,337
22552,337
33206,218
14375,218
29102,218
22431,218
35536,218
16271,218
14099,218
5417,218
16976,218
10952,218
33251,218
28515,218
16346,218
30511,218
24332,218
24989,218
14099,218
23305,218
8951,218
22267,218
18607,218
21862,218
12216,218
23921,218
4057,218
16976,218
29095,218
10454,218
1688,218
23921,218
35917,218
28724,218
31305,218
978,218
28140,218
11299,218
3776,218
19315,218
34527,218
18972,218
35989,218
14151,218
284,218
16378,218
1350,218
4946,218
13012,218
1327,218
28185,218
891,218
28331,218
32281,218
17801,218
34043,218
23807,218
17801,218
19265,218
22736,218
34529,218
30305,218
21571,218
17860,218
21169,218
33222,218
21169,218
16487,218
22878,218
2893,218
21561,218
14318,1034
34680,1034
8754,1034
37543,1034
37275,1034
20986,1034
18807,1034
722,1034
36901,1034
6112,1034
27214,1034
33123,1034
3760,1034
33351,1034
22677,1034
5727,1034
28490,1034
5751,1034
37248,1034
2213,1034
26184,1034
27840,1034
12862,1034
9922,1034
14066,1034
28056,1034
16165,1034
26638,1034
17919,1034
9521,1034
27100,1034
13811,223
6105,223
20076,223
183,223
9517,223
1102,223
10790,223
438,223
438,223
10790,223
28279,223
23391,223
6048,223
2416,223
2930,223
9603,223
35475,223
35541,223
18444,223
34280,223
14305,223
18544,223
12175,223
32146,223
20858,223
7924,223
19347,223
13160,223
26779,223
29496,223
21155,223
32006,223
24258,223
11198,223
2475,223
3151,223
2256,223
34566,223
1838,223
4920,223
28722,223
6008,223
19029,223
1772,223
2905,223
2955,223
30821,223
898,223
3856,223
2074,223
12713,223
34890,223
20846,223
21619,223
4,223
11340,223
34543,223
3758,223
12299,223
15003,223
14829,223
31764,223
27274,223
13255,223
34864,223
1386,223
24256,223
31115,223
5944,223
9120,223
7362,223
13602,223
15873,223
20580,223
9398,223
34583,223
22530,223
25359,223
1317,223
22414,223
1465,223
18259,223
20735,223
19575,223
30154,223
1692,223
5372,223
11556,223
20486,223
9565,223
17774,223
7144,223
14001,223
16938,223
5738,223
19202,223
16122,223
15918,223
16071,223
12700,223
4157,223
3977,223
316,223
16265,223
2783,223
18788,223
7953,223
21354,223
20711,223
7791,223
2808,223
12871,223
13358,223
15123,223
5488,223
11390,223
6378,223
16598,223
19604,223
33923,223
7114,223
8609,223
24764,223
10941,223
12571,223
6456,223
21371,223
4436,223
13103,223
24385,223
1945,223
31850,223
27738,223
2420,223
21124,223
21324,223
13439,223
9837,223
27989,223
30810,223
4276,223
2448,223
11140,223
9174,223
17866,223
15282,223
12306,223
2005,223
24134,223
11737,223
21921,223
28447,223
6137,223
29566,223
14817,223
13535,223
5417,223
11821,223
10352,223
32744,223
27569,223
4362,223
25005,223
11235,223
4584,223
16684,223
22442,223
11774,223
5559,223
3041,223
36131,223
4906,223
22477,223
23826,223
6030,223
28282,223
237,223
9258,223
20745,223
627,223
3718,223
18707,223
6966,223
4133,223
24104,223
12474,223
14756,223
5943,223
1255,223
19030,223
30518,223
28484,223
10483,223
11513,223
31666,223
682,223
21317,223
1254,223
9820,223
18290,223
2260,223
6558,223
20669,223
9183,223
32734,223
19452,223
32311,223
9188,223
15594,223
25175,223
30032,223
5808,223
16470,223
5413,223
15641,223
19778,223
20631,223
27228,223
30792,223
17620,223
20353,223
19909,223
13,223
2339,223
1554,223
2071,223
18370,223
4291,223
11613,446
16852,446
11613,446
19762,446
19957,446
36382,446
648,446
23648,446
21429,148
638,148
4599,148
8216,148
15200,148
17725,148
10769,148
12203,148
5980,148
29990,148
1873,148
15466,148
8064,148
21429,148
17586,148
12544,148
12678,148
13822,148
5289,148
16532,148
1119,148
19968,148
6961,148
11330,148
17049,148
3574,148
34383,148
6821,148
9888,148
856,148
30403,148
14696,148
33721,148
17493,148
31997,148
12545,148
5600,148
5611,148
1207,148
14544,148
27034,148
22944,148
1051,148
3699,148
15530,148
13547,148
3262,148
25016,148
11650,148
27531,148
23892,148
14265,148
27883,148
13340,148
9825,148
16577,148
5451,148
13563,148
1054,148
7834,148
28448,148
15074,148
9332,148
29852,148
10977,148
27390,148
3860,148
33576,148
8121,148
3087,148
937,148
6790,148
3841,148
29532,741
16040,741
17017,741
29967,741
28654,741
21221,741
20121,741
10555,741
33155,741
928,741
33242,741
17461,741
35795,741
24289,741
1000,741
9046,741
21107,741
27674,741
25349,741
14749,741
12850,741
17136,741
21117,229
31974,229
6576,229
32122,229
4897,229
14972,229
31493,229
19678,229
20682,229
5050,229
12934,229
15735,229
10061,229
4021,229
6257,229
26318,229
18141,229
29757,229
16648,229
732,229
9107,229
21561,229
17919,229
2264,229
2264,229
25564,229
23306,229
27488,229
7939,229
24448,229
5156,229
25930,229
25432,229
7042,229
18893,229
15931,229
16521,475
12918,475
6709,475
1207,475
19998,475
10343,475
21294,475
26897,475
16146,475
1384,475
13595,475
15559,475
4562,475
1978,475
17804,475
1655,475
6196,475
11286,475
9702,475
6196,475
22659,475
9152,475
36959,475
36077,475
11005,475
6626,475
3440,475
9460,475
28294,475
32442,475
36396,475
8850,756
24761,756
31914,756
37102,756
5505,756
27417,756
2215,756
20644,756
24533,756
17792,756
16518,756
23527,756
15995,756
1807,756
11880,756
624,756
27016,756
37130,756
3887,756
20338,756
15794,756
2729,756
36868,756
17879,756
9123,756
5558,756
34688,756
2428,756
983,756
36410,756
14739,756
29188,756
15792,756
13104,756
23858,756
28722,756
37048,756
33863,756
34075,756
22007,756
37362,756
27601,756
36836,756
32219,756
8803,756
20168,756
2215,756
21331,756
28660,756
32953,756
30522,756
31183,756
29896,756
15896,756
18475,756
7422,756
22416,756
32839,756
17859,756
32371,756
15910,756
32323,756
22408,756
28950,756
19292,756
31778,756
13752,756
8008,756
28788,756
25889,756
20904,756
18837,756
26372,756
24396,506
34130,506
30050,506
7344,506
30050,506
15640,506
37254,506
22279,506
8199,506
18249,506
4099,506
18249,506
36419,506
30844,506
28912,506
24622,506
4652,506
4848,506
1000,506
12764,506
3659,506
25010,506
14506,506
14506,506
14007,506
35073,506
15430,506
29043,506
7399,506
12997,506
3948,506
21357,506
6543,506
32519,506
5649,506
6304,506
1513,344
16722,344
15462,344
37040,344
7904,344
30992,344
35312,344
36758,344
3077,344
12494,344
4000,344
4663,344
8714,344
23369,344
544,344
8175,344
10394,344
34876,344
33365,344
36146,344
30402,344
14374,344
2626,344
32621,344
1848,344
1471,344
36208,344
26358,344
3700,344
14195,344
11497,344
31667,344
22097,344
26690,344
25274,344
30122,344
34993,344
26444,344
28682,344
22405,344
19301,344
5608,344
10388,344
3800,344
32481,344
14225,344
1953,344
10714,344
1965,344
6362,344
30434,344
30045,344
28528,344
21349,344
4783,344
36015,344
12034,344
8224,344
23437,344
26510,344
27395,344
28600,344
30197,344
32741,344
20836,344
28288,344
644,344
11118,344
5699,344
19136,344
31111,344
34860,344
33257,344
20346,260
35736,260
7738,260
14456,260
36564,260
20346,260
18457,260
35142,260
20669,260
5529,260
22431,260
29496,260
3597,260
30924,260
9821,260
6526,260
13593,260
9924,260
3916,260
5767,260
2877,260
7739,260
13593,260
20346,260
36090,260
1230,260
11638,260
12566,260
31633,260
26386,260
1874,260
391,260
6371,260
3113,260
35922,260
32208,260
6862,260
1303,260
2712,260
1563,260
34243,260
30305,260
36697,260
36697,260
15237,260
1146,260
12185,260
14939,260
17028,260
20309,260
35495,260
2830,260
23947,260
23288,260
27125,260
15358,260
32006,260
29584,260
9924,260
26368,260
2123,260
36565,260
36565,260
10231,260
32345,260
12696,260
5209,260
19103,260
28142,260
2475,260
7083,260
31999,762
14413,762
17821,762
24577,762
30595,762
35035,762
22178,762
22242,762
23233,765
31195,765
3729,765
663,765
17887,765
3371,765
26619,765
33163,765
13478,765
9104,765
10979,765
13207,765
2915,765
21511,765
18171,765
17573,765
16128,765
16567,765
9365,765
564,765
6818,765
21921,765
436,765
17581,765
3331,765
19895,765
23310,765
16768,765
2267,765
12520,765
13938,765
319,765
35549,765
561,765
6881,765
29991,104
23346,104
26165,104
20011,104
20373,104
22242,104
15489,104
31036,104
22742,104
24780,104
24081,104
23027,104
18212,104
30266,104
30229,104
7802,104
13446,104
23559,104
33720,104
20220,104
28117,104
5872,104
16794,104
10380,104
19802,104
17402,104
30102,104
30209,104
31451,104
14046,104
30619,104
20574,104
31768,849
4373,849
2528,849
3233,849
10337,849
2433,849
29466,849
21622,849
9562,849
21044,849
22859,849
27019,849
2029,849
5425,849
35930,849
21540,849
16721,849
1979,849
21205,849
18902,849
14159,849
14858,849
16889,849
8175,849
5066,849
17226,849
23225,849
13395,849
16889,849
18670,849
7383,849
32107,849
32107,849
9474,849
17567,849
10464,849
5695,849
5790,849
27963,849
34392,849
4189,849
31462,849
15040,849
15040,849
32232,849
18469,849
8412,849
18485,849
34012,849
32398,849
37183,849
37183,849
10615,849
35911,849
9880,849
15040,849
22774,691
16409,691
15098,691
23746,691
24292,691
11550,691
5823,691
1271,691
31768,691
15336,691
22991,691
7739,691
21507,691
19644,691
8682,691
20894,691
27213,691
8687,691
29551,691
13772,691
5914,691
33228,691
24613,691
36345,691
20689,691
2134,691
21844,691
35622,691
13736,691
5430,691
20037,691
598,691
10432,691
15221,262
21348,262
9525,262
19029,262
6994,262
2443,262
12931,262
1476,262
23496,262
31284,262
34080,262
36698,262
23315,262
4834,262
2129,262
12158,262
8378,262
25263,262
9149,262
11891,262
31216,262
33222,262
9904,262
21385,262
23399,262
13008,262
8113,262
31652,262
18837,262
23253,262
341,262
11829,262
5366,262
3408,262
847,262
3916,262
30400,262
25141,262
163,262
31732,262
891,262
11943,262
2930,262
16575,262
3203,262
11943,262
891,262
27488,262
1401,262
820,262
1550,262
22786,262
6091,262
2592,262
1982,262
315,262
9504,262
13603,262
9949,262
1297,202
3656,202
16413,202
6412,202
6930,202
28004,202
18428,202
34400,202
29544,202
11917,202
32489,202
14739,202
3857,202
1745,202
15897,202
33885,202
19333,202
11854,202
27694,202
19144,202
27694,202
22139,202
27924,202
36029,202
34711,202
28830,202
27396,202
14499,202
22419,202
26782,202
5277,202
26148,202
5918,202
9776,202
11682,202
13157,202
21123,202
28305,202
24876,202
23155,202
20891,202
12928,202
18385,202
28781,202
19028,202
28676,202
1959,202
32622,202
32763,202
28002,202
27202,202
10495,202
25152,202
16006,202
20549,202
7815,202
33858,202
27654,202
30225,202
27498,458
26300,458
36345,458
32189,458
4068,458
32123,458
36551,458
11163,458
27859,458
27433,458
27433,458
28704,458
13376,458
12897,458
30743,458
25047,458
28656,458
15462,458
30443,458
23692,458
27706,458
33159,458
36878,458
34097,458
6579,458
22121,458
4293,458
24587,458
37374,458
28516,458
35827,458
28704,458
36714,458
5935,458
8787,458
4606,458
5563,458
9605,458
9716,458
6528,458
27496,458
4121,458
36666,458
15823,458
31080,458
10385,458
26477,458
24472,458
35525,458
30142,458
10923,458
11136,458
5238,458
20141,458
28332,458
19642,458
10385,458
5880,458
6256,458
26119,458
1528,458
15369,458
37167,458
33463,458
33463,458
36815,458
18114,458
22610,458
28293,458
6891,458
26690,458
25763,458
24616,458
35863,458
13813,458
28990,458
1893,458
23075,458
23075,458
14234,458
34544,458
30380,458
10359,458
10685,458
25790,458
28503,458
27930,458
3440,458
4434,458
32280,458
34471,458
13058,458
23325,458
32395,458
36302,458
35044,458
30686,458
30686,458
35044,458
5694,458
32123,458
3790,458
6797,458
28160,458
4208,458
27934,458
27237,458
25717,458
25717,458
9276,458
20850,458
13626,458
6190,458
22118,458
32402,458
28148,458
25176,458
6763,458
30197,458
31722,458
24641,458
17152,458
17152,458
13322,458
16492,458
22105,458
26300,458
29097,458
19308,53
12986,53
28613,53
21425,53
24740,53
7130,53
29523,53
27281,53
33004,53
27281,53
14335,53
24640,53
6779,53
11833,53
26992,53
16261,53
27056,53
7900,53
1059,53
9518,53
14164,53
12246,53
24154,53
25412,53
12962,53
1437,53
1437,53
1184,53
13156,53
24738,53
13671,53
24674,53
5441,53
23647,53
1234,53
1234,53
7536,53
6188,53
5306,53
23835,53
10055,53
5024,53
16857,53
19001,53
9263,53
3471,53
3051,53
4909,53
12960,53
27492,53
30446,53
13349,53
6107,53
4771,1022
997,1022
8028,1022
20377,1022
20189,1022
8701,1022
8089,1022
23376,1022
20203,1022
9993,1022
1324,1022
29308,1022
28224,1022
20027,1022
28224,1022
16074,1022
23674,1022
1139,1022
5791,1022
19337,1022
20681,1022
21103,1022
33259,1022
5120,1022
32016,1022
14135,1022
16383,1022
28513,1022
8883,1022
14451,1022
21431,1022
11620,1022
15279,1022
360,717
30201,717
30017,717
30750,717
24934,717
12166,717
3177,717
6596,717
33494,717
22181,717
33494,717
1485,717
32566,717
5714,717
35049,717
5242,717
18379,717
9349,717
18074,717
25303,717
2256,717
898,717
35414,717
37004,717
17569,717
26082,717
30485,717
17715,717
28633,435
17212,435
21395,435
32139,435
14406,435
11346,435
15687,435
32220,435
11401,435
15474,435
22601,435
11564,435
25398,435
15754,435
35746,435
34030,435
1638,435
3048,435
10194,435
26441,435
9350,1
3883,1
8869,1
15541,1
575,1
3272,1
18178,1
9437,1
9402,1
15225,1
7198,1
1307,1
15307,1
5350,1
9280,1
11536,1
7666,63
3379,63
18167,63
2204,63
694,63
3196,63
9961,63
2653,63
320,63
312,63
20950,63
25101,63
14094,63
24395,63
16253,63
12575,63
2801,63
1663,63
15812,63
5529,63
12332,63
26889,63
12980,63
9229,63
23607,63
24330,63
6616,63
18564,63
26738,63
11325,456
26784,456
30142,456
31021,456
12432,456
31635,456
34890,456
9301,456
28820,456
11174,456
1691,456
15202,456
33264,456
6553,456
29864,456
10579,456
32932,456
31792,456
37314,456
20696,456
31733,456
32657,456
18103,456
37128,456
13698,456
10687,456
20885,456
13473,456
11448,456
22489,456
21344,456
21514,456
26322,456
11663,456
19893,456
12669,456
12490,456
26567,456
4754,456
15849,456
19352,456
10063,456
24515,456
35803,456
32582,456
21069,456
16861,456
7584,456
15067,456
28427,476
9669,476
34710,476
101,476
11441,476
16316,476
17326,476
24062,476
8320,476
3388,476
26046,476
27814,476
3962,476
18606,476
33758,476
34539,476
11318,476
30267,476
11318,476
23624,476
28424,476
28970,476
15678,476
13149,476
12998,476
20080,476
13525,476
3547,476
3547,476
10173,476
9537,476
3542,476
20248,476
748,476
9590,476
10925,476
32361,476
27220,430
23729,430
10674,430
19941,430
17771,430
29042,430
7360,430
10161,430
1700,430
18014,430
36072,430
35982,430
35111,430
3369,430
182,430
19128,430
12374,430
22397,430
30837,430
20021,430
32501,430
5181,430
16652,430
2045,430
22598,430
14851,430
1691,430
29327,430
28962,430
15524,430
24002,430
21030,430
9110,430
29649,430
37255,430
19300,430
30458,430
5802,430
2056,430
13340,430
10547,430
11087,430
25056,430
13531,430
15202,430
8856,430
5907,430
15331,1033
25517,1033
3098,1033
34890,1033
26440,1033
34434,1033
24973,1033
34434,1033
30014,1033
1872,1033
33085,1033
18027,1033
17626,1033
31594,1033
37797,1033
25738,1033
20986,1033
25738,1033
24466,1033
16852,1033
23290,1033
35234,1033
28410,1033
37478,1033
34168,1033
34065,1033
3760,1033
14691,1033
13876,1033
22117,1033
33351,1033
25356,1033
28728,1033
27846,1033
23034,1033
2946,1033
31207,1033
30635,1033
30635,1033
32970,1033
37537,1033
20044,1033
28675,1033
23655,1033
26353,1033
28490,1033
3449,1033
3449,1033
35632,1033
10265,1033
16165,1033
30203,1033
27855,1033
33199,1033
21210,1033
30204,1033
25255,1033
35203,1033
22723,1033
23069,1033
23069,1033
22799,1033
722,1033
14458,1033
24619,1033
26307,1033
26679,1033
33123,1033
26016,1033
35866,1033
9922,1033
26654,1033
34762,1033
8797,1033
27248,1033
19631,1033
29090,1033
20545,1033
24034,1033
33597,1033
35182,1033
35896,1033
10680,1033
25435,1033
20814,1033
35233,1033
32673,1033
30009,1033
26270,1033
36782,1033
37446,1033
24689,1033
30600,1033
35771,1033
26894,1033
27100,1033
36513,1033
17362,1033
23308,1033
31772,1033
19757,1033
11987,277
35331,277
7244,277
27246,277
11804,277
33367,277
27246,277
8486,277
25523,277
28681,277
23773,277
11987,277
12052,277
9196,277
1052,277
1052,277
20703,277
19125,277
9648,277
8471,277
8646,277
18091,277
33966,277
10902,277
31564,277
4913,277
18036,277
33892,277
34878,277
31190,277
30641,277
2960,277
30799,277
29318,277
12491,277
34614,277
21738,277
35684,277
30429,277
34614,277
35619,277
32321,277
30645,277
9651,277
9651,277
6739,277
34006,277
9319,277
13005,277
13005,277
8594,277
34330,277
26806,277
36002,277
4982,277
32804,277
12309,277
16642,277
13073,277
3009,277
34330,277
26806,277
26906,277
34503,277
9828,277
33367,277
10907,277
12943,277
12943,277
25227,277
25227,277
31572,277
20496,277
26017,277
26017,277
4475,277
16638,277
5571,277
8356,277
5571,277
26314,277
29944,277
470,277
12430,277
9710,277
32330,277
35751,277
21500,277
12121,277
6912,277
11920,277
14357,277
10386,220
4739,220
7362,220
16938,220
9524,220
24526,220
30760,220
1630,220
5680,220
24347,220
1007,220
4006,220
31493,220
19050,220
19527,220
18974,220
22636,220
29495,220
23633,220
10676,220
8074,220
15664,220
3168,220
1967,220
2201,220
3927,220
1208,220
1208,220
1968,220
4641,220
31178,220
4079,220
8209,220
14920,220
20908,220
20982,220
2291,220
6620,220
15490,220
13423,220
15490,220
6546,220
11100,220
22609,220
16476,220
11779,220
24007,220
14810,220
6604,220
5333,220
3111,220
1183,220
15045,220
9421,220
10672,220
6649,220
16234,220
10695,220
18834,220
17665,220
17665,220
3207,220
9826,220
14959,220
11785,220
5700,220
13806,220
884,220
9617,220
15123,220
10282,220
14473,220
31362,220
4956,220
8657,220
16125,220
14973,220
21862,220
1820,220
19678,220
19609,220
7005,220
6290,220
11465,220
8967,220
4647,220
11594,220
21463,220
29608,220
2104,220
7826,220
9132,220
8621,220
13195,220
13675,220
15960,220
21673,220
21635,220
32291,220
4380,220
14332,220
26286,220
3767,220
8362,220
12241,220
15050,220
9357,220
16604,220
8513,220
19196,220
24110,220
26818,220
14456,220
34201,220
11228,220
11083,220
34038,220
9933,220
28673,220
10423,220
6104,220
23978,220
21672,220
9029,220
3784,220
6810,220
22146,220
29107,220
5947,220
22422,220
16407,220
13868,220
5942,220
6168,220
7069,220
6576,220
27715,220
30305,220
16805,220
23372,220
19982,550
30561,550
3297,550
22421,550
4734,550
4599,550
7683,550
17446,550
3854,550
7795,550
2229,550
34804,550
25886,550
23636,550
14853,550
23585,550
1697,550
13129,550
11887,550
4659,550
6941,550
2375,550
33505,550
6084,550
21856,550
12452,550
20874,550
8491,550
16836,550
30741,550
4615,550
6390,550
15658,550
3443,550
1290,550
7852,550
30513,550
21550,550
14492,550
4865,550
4972,550
15991,550
10414,550
14669,550
31647,550
20951,550
32914,550
15866,550
1868,550
6108,550
33497,550
21576,550
29130,550
36560,550
36985,550
18406,550
4146,550
4129,550
1673,550
21515,550
19154,550
4615,550
1355,550
15924,550
6472,550
28961,550
27432,550
30659,550
37162,550
30067,550
19273,550
15719,550
13181,550
379,550
19249,550
25889,550
30507,550
32654,550
29861,550
17792,550
3928,550
24200,550
13560,550
36353,550
25096,550
23193,550
35669,550
25161,550
36216,550
19542,550
11708,550
14702,550
36965,550
12124,550
5256,550
6602,550
19803,550
36109,550
10947,550
6812,550
5883,550
21495,550
34962,550
14851,550
17909,550
29265,550
30475,550
23052,550
8592,550
12331,550
875,550
20132,550
2091,550
3422,550
34046,550
1172,550
35414,550
8206,550
35352,550
34219,550
32595,550
28782,550
31523,550
23965,550
30101,550
37285,550
7584,550
21805,550
14609,550
18653,550
17669,550
12218,550
295,550
13760,550
29370,550
36269,550
2049,550
10188,550
19283,550
11374,550
4937,550
23930,550
25926,550
26622,550
29784,550
31829,550
36172,550
14343,550
33758,550
20312,550
9859,550
35482,550
2437,550
17474,550
10411,550
8639,550
14507,550
22009,550
14537,550
4697,550
9005,550
25433,550
18368,550
31806,550
700,550
16827,550
6802,550
21072,550
15947,550
31996,550
35720,550
29513,550
6979,550
188,707
18394,707
31760,707
11268,707
1363,707
1074,707
5806,707
19358,707
29201,707
10937,707
18835,707
9179,707
10753,707
23753,707
14941,707
6422,707
2144,707
32014,707
35136,707
12950,707
6234,707
33818,707
488,707
8210,707
34577,707
31904,707
31236,707
5082,707
28143,707
9216,707
3425,707
8534,707
2441,707
5245,707
21851,707
7671,707
17702,707
24482,707
11765,707
4419,707
41,707
12911,707
26896,707
17179,707
21099,707
32262,707
33653,707
12421,707
10784,707
8215,707
18179,707
34254,707
7119,707
4922,707
27470,707
36398,707
22160,707
761,707
10613,707
17862,707
22632,893
8846,893
14399,893
37546,893
16220,893
14460,893
25449,893
3930,893
13554,893
12992,893
28789,893
22291,893
24890,893
15670,893
33427,893
2431,893
32728,479
32206,479
32303,479
32292,479
35293,479
35270,479
35417,479
35256,479
29342,479
1274,175
14591,175
3056,175
15323,175
20320,175
15273,175
21582,175
3076,175
17485,175
27782,175
12390,175
34044,175
28640,175
16106,175
2124,175
6057,175
16084,175
3079,175
14717,175
5123,175
19286,175
16775,175
29416,175
31296,175
16053,175
14709,175
26530,175
21392,182
3796,182
26805,182
17288,182
31574,182
15363,182
4485,182
29941,182
15656,182
29292,182
13499,182
15288,182
13968,182
16401,182
27851,182
12550,182
5301,182
26038,182
3588,182
8082,182
14496,182
7921,182
13409,182
7851,182
26059,182
9812,182
8104,182
16208,182
35680,182
16507,182
25699,182
10182,182
2967,182
33164,182
16319,182
10949,182
20070,182
16693,182
17984,182
2758,182
7872,182
6506,182
30837,182
31703,182
35490,182
4755,182
5595,182
34669,182
21917,182
20155,182
149,182
16131,182
1339,182
4750,182
28545,182
14596,182
30221,182
13166,182
21903,182
30183,182
3642,182
5511,182
6546,182
30644,182
15658,182
20393,182
22678,182
36481,182
3894,182
11882,182
22892,182
12522,182
13158,182
20430,182
4546,182
9695,182
3851,182
18463,182
4528,182
7582,182
31852,182
11994,182
12007,182
3485,182
6419,182
30945,182
5389,182
1032,182
23866,182
6461,182
14998,182
29292,182
9054,182
1916,182
36131,182
27438,182
12408,182
27703,182
16770,182
18266,182
16240,182
15575,182
12542,182
11275,182
29292,182
15222,182
35172,182
15586,182
32014,182
29266,182
30523,182
17020,182
11504,182
15921,182
4381,182
20944,182
34682,182
22618,182
12992,182
31390,182
7363,182
6356,182
10472,182
33339,182
32514,182
17477,182
24963,182
31012,182
7660,182
30703,182
27152,182
30625,182
25120,182
4649,182
19120,182
27819,182
27013,182
35823,182
12727,182
30033,182
8304,182
16392,182
14632,182
9302,182
2851,182
34285,182
29811,182
25602,182
10919,182
32415,182
16510,182
11841,182
9458,182
9749,182
31193,182
10763,182
4827,182
27509,182
22678,182
22195,182
17386,182
35784,182
30798,182
26917,182
35016,182
28300,182
22149,182
24399,182
10040,182
21052,182
24108,182
15553,182
25431,182
23786,182
13590,182
21550,182
26725,182
14960,182
12513,182
26275,182
30516,182
21945,182
6878,182
10445,182
12631,182
27686,182
12740,182
27239,182
20034,182
13018,182
13649,182
31830,182
6691,182
11872,182
16638,182
11541,182
700,182
15317,182
24785,182
34177,182
10823,182
30967,182
31212,182
3150,182
27857,182
22021,182
14913,182
33073,182
29822,182
33987,182
18847,182
13560,182
29608,182
27804,182
23811,182
19323,182
19166,182
10095,182
30000,182
33721,182
15777,182
14674,182
21756,182
11751,182
25038,182
8544,182
7577,182
36123,182
35199,182
10439,182
7168,182
20726,182
9488,182
34896,182
20222,182
14223,182
8121,182
19484,182
5465,182
15839,182
14980,182
13125,182
22648,182
19639,182
9660,182
21667,182
24342,182
23759,182
10317,182
17890,182
8463,182
23311,182
22715,182
17489,182
27555,182
10166,182
9774,182
14934,182
3257,182
25998,182
29530,182
13035,182
5544,182
24859,182
15058,182
33398,182
26242,182
21786,182
30288,182
31394,182
21679,182
29770,182
18363,182
34869,182
10172,182
31151,182
13877,182
18803,182
1891,182
6787,182
18466,182
21837,182
29632,182
15856,182
33192,182
15823,182
30953,182
30953,182
25049,182
21715,182
4552,182
13240,182
34050,182
11685,182
29292,182
30046,182
27628,182
32859,182
26782,182
29942,182
8575,182
3050,182
32910,182
30870,182
29849,182
25048,182
26507,182
30351,182
10735,182
16175,182
24822,182
2328,706
116,706
5340,706
9019,706
15793,706
21982,706
22499,706
5853,706
883,706
22542,706
9838,706
32515,706
31199,706
26483,706
12950,706
34787,706
36061,706
7046,706
13911,706
29371,706
1019,706
12973,706
33271,706
10087,706
32836,706
14202,706
26564,706
17750,706
23079,706
35103,706
28839,706
28839,706
5659,706
21708,706
20911,706
21708,706
26432,706
6735,706
15793,706
11150,174
2753,174
2895,174
23871,174
15481,174
944,174
33614,174
21593,174
25812,174
29531,174
3276,174
18986,174
30532,174
18677,174
31870,174
16393,174
16401,174
10531,174
28345,174
9002,174
21853,174
18186,174
26007,174
35511,174
25865,174
13740,174
14232,174
6528,174
11141,174
23912,174
33637,174
23031,174
31296,174
13839,174
29905,174
16102,174
32948,174
23645,174
22505,174
16659,174
35110,174
29530,174
13157,174
34904,174
2361,174
2055,673
17734,673
1594,673
22398,673
17557,673
18350,673
16509,673
26584,673
18617,673
20365,673
9480,673
9449,673
24373,673
26947,673
29820,673
7266,673
5167,673
33526,673
33674,673
20917,673
11421,673
24945,673
13493,673
27781,673
23007,673
17458,673
29077,673
26970,673
19163,673
20372,673
7569,673
21638,673
10120,673
25110,673
23007,673
22246,673
37078,673
6976,673
33049,673
19488,673
6637,673
14811,673
29673,673
36550,673
27143,673
32948,673
8741,673
4493,673
21854,673
4015,673
11773,673
30442,673
10514,673
745,673
28767,673
23968,673
21128,673
30976,673
31958,673
35482,673
12300,43
13061,43
25053,43
23983,43
32076,43
32217,43
32510,43
32141,43
37464,977
34029,977
13143,977
34696,977
28654,977
4492,977
16773,977
7612,977
2663,977
2499,977
10058,977
9116,977
17396,977
36551,977
16545,977
3290,977
18879,977
10222,977
21045,977
15340,977
15120,977
24428,977
13075,977
24051,977
10238,977
15202,977
13011,977
33155,977
24428,977
30529,977
28667,977
2158,977
29967,977
33572,977
28698,977
26071,977
25236,977
13553,977
19921,977
15769,977
14342,977
32598,977
29815,977
6385,977
16851,977
29608,977
14679,977
7584,977
30969,61
12873,61
15505,61
9723,61
9630,61
28568,61
3342,61
28564,61
15505,61
21963,61
7929,61
1706,61
23872,61
3772,61
30408,61
5927,61
8092,61
18895,61
10601,61
17079,61
24250,61
16405,61
28540,61
28540,61
9723,61
4437,61
21461,61
28240,61
7313,61
28162,61
6602,61
2412,61
28569,61
25085,61
11216,61
2015,61
5886,61
8860,61
7715,61
2874,61
12477,61
29740,61
7796,61
25629,61
22926,61
15633,61
2659,61
20089,61
18890,61
25754,61
21260,61
29096,61
26089,61
9723,61
2165,61
21186,61
27527,61
26089,61
14107,61
2550,61
12902,61
14107,61
25169,61
17935,61
19086,61
1420,61
5955,61
27402,61
24583,61
31826,61
31826,61
30395,61
10854,61
11180,61
1592,61
7987,61
6867,61
25422,61
3599,61
12194,61
3086,61
16640,61
20524,61
18330,61
6589,61
12656,61
4503,61
14235,61
3471,61
25412,61
5317,61
25270,61
29505,61
29505,61
27496,61
2171,61
9723,61
12732,61
8940,61
5388,61
14668,61
7548,61
7548,61
9723,61
7548,61
28230,61
3215,61
26197,61
1835,61
29132,61
25902,61
7055,61
5179,61
32748,61
28374,61
3996,61
24835,61
3642,61
26208,61
18914,61
18915,61
32733,61
32733,61
9723,61
1184,61
1517,61
12171,61
9723,61
36051,900
25796,900
7492,900
2190,900
7798,900
18109,900
22002,900
20477,900
35588,900
11132,900
22002,900
21456,900
13720,900
10263,900
5500,900
7411,900
20402,900
27750,900
1458,900
3489,900
30574,204
33802,204
10683,204
22252,204
80,204
26143,204
1944,204
10146,204
7154,204
21982,204
17851,204
32139,204
9016,204
15010,204
29371,204
28205,204
22499,204
22124,204
12973,204
2132,204
16168,204
12408,204
21367,204
3573,204
8991,204
5445,204
24127,204
16160,204
30342,783
32382,783
12705,783
20426,783
16873,783
14241,783
35401,783
20016,783
17000,783
14514,783
7991,783
20980,783
6335,783
4069,783
17180,783
1293,783
33275,783
24385,783
34326,783
10538,783
26209,783
33060,783
26283,783
6536,783
17753,783
31285,783
37404,783
26012,783
35360,783
18120,783
9882,783
32764,783
6403,783
28433,783
8931,783
14057,783
16144,783
31583,783
21297,783
1539,783
11563,783
27135,783
23348,783
1236,783
15390,783
1910,783
2413,783
1202,783
28253,783
20638,783
27949,783
6290,783
29522,783
15498,783
26200,783
33971,783
14631,783
24434,783
9257,783
4788,783
36640,783
5401,783
22073,783
15576,783
36620,783
33906,783
11108,783
16326,783
34589,783
17900,783
29344,783
14124,783
31734,783
19144,783
11785,783
21579,783
21161,783
19707,783
28078,783
3397,783
27603,783
4561,783
35328,783
20168,783
22889,783
24280,783
26719,783
2813,783
10223,783
29860,783
6662,783
36898,783
35937,783
6495,783
13440,783
33029,783
30528,783
19258,783
11493,783
21704,783
11299,783
2341,783
37513,783
23316,783
22177,783
8382,783
19224,783
8382,783
35635,783
36068,783
9498,783
25310,783
35352,783
12755,783
35288,783
9688,783
32753,783
15721,783
17611,783
10937,783
11945,783
34869,783
33321,211
25103,211
14471,211
13657,211
25372,211
3633,211
8673,211
35993,211
21998,211
29657,211
31384,211
21539,211
23957,211
25960,211
33363,211
32331,211
14961,211
28947,211
28603,211
27447,211
17812,211
29518,211
28484,211
33321,211
27751,211
33973,211
7417,211
19452,211
20250,211
19726,211
15044,211
23700,211
19509,211
26656,211
15720,211
31801,211
21921,211
27405,211
21316,211
7771,211
36335,211
9804,211
33807,211
11842,211
19062,211
13640,211
25222,211
25222,211
1595,14
17657,14
613,14
18526,14
9654,14
14058,14
7715,14
3142,14
4875,14
11593,14
2274,14
24670,14
8208,14
24527,14
24313,14
14429,14
24711,14
21241,14
27458,14
8653,14
5449,14
2570,14
4214,14
19407,14
19246,14
31078,14
31078,14
28293,14
11715,14
27118,14
27785,14
5132,14
27805,14
20597,14
31005,14
15625,14
24917,118
30085,118
9070,118
25448,118
14736,118
18860,118
24000,118
19769,118
18656,118
21529,118
33139,118
26319,118
29481,118
9270,118
22776,118
30684,118
12518,118
24151,118
15183,118
30940,118
27633,118
32550,118
9582,118
25134,118
13118,118
24400,118
13270,118
30710,118
13405,118
12945,118
30292,118
12863,118
32179,118
26112,118
9677,118
24319,118
32972,118
19612,118
21924,118
20236,118
12604,118
14896,118
27849,118
16529,118
31736,118
11084,118
18924,270
16,270
21524,270
12463,270
16612,270
7390,270
23407,270
19097,270
23165,270
22200,270
36644,270
17986,270
19185,270
1229,270
2884,270
16434,270
11569,270
34264,270
1648,270
32901,270
13115,270
35107,270
10572,270
10567,270
10589,270
5477,270
4223,270
30314,270
35937,270
2714,270
16020,270
5781,270
27737,270
25584,270
11232,270
12258,270
36400,270
21593,270
11176,270
12527,270
13266,270
1880,270
2660,270
36557,270
15332,270
5390,270
11135,270
11181,270
33384,270
21475,270
32995,270
25541,270
8615,270
21830,270
15212,270
13039,270
28333,270
21424,270
5212,270
3933,270
1586,270
8541,270
11848,270
5650,270
34478,270
8060,270
29364,270
23224,270
9351,270
20546,270
16094,270
7850,270
5841,270
34634,270
5390,270
30344,270
36100,270
35656,270
3638,270
10153,270
7602,270
2313,270
19217,270
19737,270
26622,270
32519,270
32603,270
35423,270
29423,270
3745,270
31894,270
13954,270
18168,270
1529,270
36138,270
13652,270
18725,270
17803,270
21420,270
26238,270
8889,270
28964,270
13912,270
35416,270
18209,270
11154,270
11154,270
14365,270
8292,270
6128,270
26094,270
3677,270
24427,270
14047,270
27081,270
1855,270
22556,270
20122,270
847,270
7126,270
23272,270
28466,270
11950,270
479,270
4981,270
14497,270
16586,270
11331,270
6341,270
2524,498
27255,498
28970,498
8932,498
26360,498
18619,498
7416,498
2275,498
2825,498
25698,498
10586,498
26669,498
26669,498
10634,498
12977,498
19663,498
26657,498
27297,498
17413,498
6868,498
17413,498
5883,498
27162,498
5137,498
3314,498
19599,498
3193,498
7065,498
26427,498
35096,498
1759,498
30899,498
21366,498
21366,498
13181,498
7749,498
7749,498
21818,498
26990,498
12540,498
35403,498
18951,498
18951,498
9167,498
11950,498
21378,498
9553,339
11129,339
36055,339
5957,339
29393,339
27956,339
27253,339
3982,339
17653,339
20714,339
14603,339
5444,339
13944,339
18598,339
20862,339
26439,339
10096,339
35506,339
9434,339
22005,339
4342,339
23130,339
19178,339
20100,339
1507,339
35228,339
17674,339
4903,339
12703,339
12841,339
4908,339
6140,339
8093,339
33463,339
2913,339
31528,339
31118,339
31854,339
30197,339
2767,339
32947,339
32948,339
35971,339
30527,339
31328,339
34526,339
16620,339
3953,339
22392,339
20913,339
3349,339
36201,339
34462,339
35229,339
26742,339
16801,339
28607,339
34469,339
35579,339
32911,339
10649,339
24663,339
9087,339
28816,339
10346,339
25522,339
35768,339
22368,339
21496,339
34409,339
25193,339
8260,339
32602,339
25377,339
21469,339
24805,339
26754,339
21949,339
15205,339
36432,339
36269,339
30122,339
2690,339
26197,339
23216,123
32889,123
31142,123
17967,123
25113,68
28407,68
25840,68
18158,222
1522,222
5422,222
20880,222
3914,222
9970,222
29598,222
13060,222
30206,222
4682,222
20637,222
28279,222
13933,222
16917,222
12603,222
269,222
35877,222
20908,222
2742,222
20193,222
20759,222
8343,222
19668,222
8701,222
12676,222
19109,222
11891,222
19559,222
4647,222
26030,222
35849,222
9668,222
6547,222
1609,222
24434,222
7296,222
12306,222
9226,222
20880,222
11113,222
8968,222
2123,222
16407,222
15824,222
1662,222
6410,222
16574,222
36511,222
1662,222
30156,222
33136,222
6407,222
3381,222
4758,222
17270,222
31068,222
5117,222
5892,222
34527,222
7145,222
26953,222
3413,222
24770,222
17619,222
9226,222
14269,222
483,222
12676,222
30123,222
16426,222
24770,222
3413,222
14473,222
13670,222
19597,222
16024,222
9260,222
21157,222
26953,222
2411,222
9786,222
25871,222
13606,222
29535,222
19570,222
5339,222
14972,222
11930,222
2473,222
32536,222
6860,222
2473,222
28934,222
4809,222
24765,222
31861,222
6526,222
25585,222
5878,222
11387,222
5732,222
10476,222
12826,222
1303,222
6455,222
20096,222
26985,222
2445,222
15810,222
32929,222
34078,222
13955,222
26193,222
1651,222
9525,222
10283,222
4358,222
1644,222
13749,222
5808,222
3671,222
18306,222
24578,222
10105,222
12474,222
26797,222
4542,222
34236,222
7842,222
3363,222
2571,222
9714,222
2571,222
10887,222
36527,222
5633,222
8194,222
10227,222
12226,222
20333,222
36355,222
9380,222
19224,222
26393,222
12881,222
20073,222
22108,222
731,222
25366,222
5938,222
25884,222
31057,222
34632,222
13160,222
16569,222
32672,222
22882,222
16451,222
16451,222
7084,222
204,222
16757,222
7788,222
21988,222
2333,222
929,222
7507,222
9107,222
23398,222
7656,222
14090,222
3721,222
3959,222
26322,222
7464,222
5895,222
26445,222
35655,222
26599,222
13353,222
35037,222
10952,222
19951,222
20487,222
36008,222
36602,222
21785,222
25480,222
29943,222
16006,222
21415,222
32180,222
166,222
2993,222
29665,222
19056,222
2205,222
22079,222
17391,222
30299,222
11198,222
18521,222
36252,222
17081,222
31650,222
36260,222
11269,222
19656,222
2026,222
22846,222
36038,222
19841,222
3094,222
25380,222
30864,222
34911,222
14783,222
13232,222
29781,222
2914,222
7200,222
6070,222
31702,222
1204,222
33879,222
16091,222
3339,222
15390,222
2977,222
14365,222
5205,222
13016,222
15513,222
13961,222
6374,222
10356,222
23827,222
8113,222
14211,222
1362,222
8345,222
6175,222
23827,222
34823,222
16351,222
13884,222
18416,222
8221,222
18459,222
12529,222
22491,222
21192,222
3434,222
33937,222
21553,222
17591,222
23138,222
33496,222
11034,222
21102,222
16363,222
15778,222
11556,222
29735,222
34437,222
31714,222
7894,222
21498,222
16849,222
35235,222
14769,222
4376,222
31661,222
18344,222
8450,222
21715,222
1350,222
16849,222
33643,222
4124,222
6388,222
20792,222
23,222
1161,222
8802,222
28447,222
3454,222
19146,222
1161,222
8905,222
15952,222
18522,222
4466,222
1004,222
35869,222
18341,222
786,222
33881,222
35235,222
32567,222
32567,222
10280,222
10249,222
33881,222
4158,222
25440,222
2166,222
35923,222
17133,222
17175,222
23232,222
27510,222
27879,222
3247,222
27510,222
378,222
14688,222
12660,222
23234,222
12585,222
5244,222
21797,222
8868,222
23884,222
28089,222
12300,222
912,222
8454,222
10487,222
27829,222
12029,222
3016,222
13868,222
27283,222
2291,222
736,222
12281,222
33971,222
3852,222
3925,222
5431,222
27757,222
8120,222
4946,222
2656,222
33965,222
3107,222
15218,222
5359,222
1519,222
24908,222
15843,222
14294,222
15843,222
11500,222
14817,222
21589,222
11647,222
2459,222
5160,222
22815,222
2268,222
17313,222
16275,222
16271,222
7121,222
28357,222
1402,222
20160,222
11093,222
28478,222
26286,222
15416,222
7128,222
18212,222
9600,222
33813,222
33813,222
14006,222
3336,222
33993,222
14759,222
5099,222
24336,222
14034,222
15310,222
29423,222
28386,222
24118,222
26781,222
29286,222
25937,222
15770,222
21255,222
31391,222
10845,222
26834,222
13859,222
26924,222
4304,222
35672,222
26166,222
2745,222
34018,222
36131,222
676,222
36131,222
22226,222
13243,222
26725,222
8890,222
12992,222
34329,222
14503,222
19389,222
9903,222
16245,222
17467,222
4724,222
14081,222
34753,222
28184,222
22736,222
4631,222
17091,222
12700,222
20211,222
14488,222
20157,222
8008,222
2642,222
25524,222
14488,222
12062,222
1418,222
3986,222
15804,222
28881,222
35835,222
4192,222
25052,222
12581,222
6474,222
12581,222
15212,222
15541,222
19055,222
30289,222
11943,222
14345,222
12754,222
7529,222
19291,222
24526,222
14801,222
26363,222
27513,222
21011,222
11351,222
20947,222
20948,222
13008,222
32941,222
12815,222
16624,222
20044,222
23724,222
35794,222
17517,222
17798,222
2397,222
16283,222
20086,222
18298,222
27322,222
18165,222
19393,222
18148,222
26653,222
35802,222
22914,222
16267,222
27721,222
18106,222
18106,222
21281,222
16367,222
27024,222
25870,222
6206,222
3167,222
34444,222
7387,222
10070,222
10641,222
36068,222
3114,222
6615,222
14375,222
27135,222
10218,222
19196,222
16665,222
17650,222
10218,222
19196,222
3603,222
31370,222
34824,222
25883,222
33157,222
33539,222
25729,222
3192,222
18982,222
33301,222
34110,222
23948,222
5962,222
35475,222
16549,222
13855,222
34283,222
19693,222
33222,222
27409,222
27366,222
20943,222
925,222
27115,222
15087,222
31103,222
1559,222
14162,222
17229,222
2078,222
19377,222
17860,222
4141,222
16098,222
1207,222
13923,222
20461,222
18576,222
6687,222
20461,222
18926,222
15721,222
7932,222
29720,222
8919,222
34380,222
32990,222
12440,222
14508,222
22533,222
26085,222
4932,222
25855,222
26647,222
6530,222
23243,222
1526,222
30981,222
16353,222
31431,222
19549,222
8942,222
32760,222
5532,222
6459,222
438,222
19138,222
27874,222
173,222
11325,222
16175,222
14497,222
3265,222
23817,222
9049,222
19144,222
7075,222
1177,222
22448,222
835,222
19687,222
22267,222
14873,222
26145,222
26535,222
8977,222
1293,222
280,222
29588,222
16123,222
25198,222
8618,222
9711,222
25170,222
28303,222
14703,222
1330,222
284,222
24110,222
14043,222
14043,222
30098,222
20880,222
3736,222
1330,222
34602,222
34537,222
5022,775
136,775
25332,775
18087,775
12377,775
15030,775
25637,775
19554,775
2971,775
11975,133
20900,133
23612,133
31679,133
9114,133
6406,133
28589,133
24067,133
29244,133
6894,133
25686,133
24923,133
3635,133
23186,133
8429,133
6124,133
16677,133
27303,133
15103,133
23317,133
30461,133
26864,133
8487,133
25133,133
17563,133
25039,133
3923,133
2463,133
5459,133
26419,133
17402,133
26537,133
7655,133
17661,133
15961,133
10422,133
3791,133
5006,133
21707,133
31919,133
16457,133
24496,133
23176,133
9037,133
26419,133
21707,133
22407,133
15969,133
15056,133
24975,133
19084,133
25737,133
19432,133
11472,133
24482,133
16467,133
32183,133
21674,133
13455,133
23374,133
28497,133
19120,133
7550,133
23317,133
7959,133
32179,133
12192,133
19834,133
20557,133
30331,133
16288,133
7995,133
22064,133
11752,133
24609,133
4426,133
31201,133
25808,133
13272,133
24092,133
33566,133
30226,133
28038,133
29947,133
9746,133
8999,413
8734,413
25512,413
35419,413
3982,413
22368,413
1296,413
28289,413
4534,413
10582,413
36992,413
27575,413
24692,413
7512,413
19781,413
18930,413
6664,413
27866,413
27956,413
6288,413
8749,413
24848,413
25169,413
27929,413
15164,413
34386,413
27079,413
14555,413
22558,413
7484,413
4424,413
2462,413
5653,413
31776,413
33252,413
4409,413
29220,413
26100,413
4428,413
35432,413
6135,413
8069,413
22422,413
10367,413
28167,413
32395,413
26142,413
24852,413
34782,413
28626,413
32088,413
34278,413
28137,413
23202,413
3404,413
1992,413
5707,413
32325,413
28233,413
3627,413
32976,413
22274,413
4495,413
26410,413
34425,413
10359,413
21955,413
9611,413
16962,413
8698,413
5785,413
24685,413
25657,413
20836,413
12477,413
21301,413
19070,413
27168,413
33711,413
416,413
28416,413
2032,413
29573,413
26013,413
4244,413
3399,413
8228,413
18442,413
1507,413
32498,413
10101,413
30706,413
7378,413
36739,413
23699,413
10173,413
9938,413
33510,413
20311,413
9265,413
36967,413
32363,413
22624,413
31742,413
34206,413
35092,413
11861,413
27168,413
33390,413
28223,413
23349,413
34792,413
4690,413
10732,413
27944,413
21688,413
33722,413
5733,413
8667,413
35371,413
22641,413
35258,413
27867,413
26351,413
19372,413
30205,413
1816,413
32442,413
18594,413
6018,413
19274,413
19274,413
1816,413
28755,523
5006,523
16609,523
8219,523
11059,523
28755,523
9286,523
11230,523
30118,523
15775,523
31330,523
27907,523
19992,523
29910,523
7740,523
15585,523
28896,523
13583,523
9062,523
36424,523
12232,523
29236,523
23983,523
14691,523
27907,523
29910,523
26384,523
7985,523
14692,523
29117,523
30806,523
28387,523
18845,523
33109,523
11213,523
17548,523
23044,523
16756,478
10821,478
6398,478
18599,478
22600,478
3736,478
19394,478
8394,478
1148,478
21982,478
22525,478
14737,478
19081,478
26708,478
2318,478
11509,478
19956,478
1768,478
32430,478
1916,478
18319,478
11111,478
29555,478
14814,478
15300,478
8187,478
28696,478
16979,478
34895,478
34895,478
34895,478
11327,1028
33099,1028
37649,1028
37942,1028
16443,1028
2527,1028
12651,1028
37960,1028
30633,1028
23615,1028
18199,1028
27767,1028
37690,1028
31263,1028
36691,1028
19463,1028
18950,1028
37249,1028
30753,1028
13621,1028
37386,1028
9788,1028
32350,1028
37873,1028
12354,1028
37247,1028
30472,1028
37776,1028
19115,1028
28469,1028
11368,1028
13096,1028
34637,1028
22336,1028
36647,1028
30938,1028
37181,1028
36533,1028
33137,1028
29980,1028
38063,1028
30002,1028
34086,1028
31836,1028
29690,1028
21388,1028
338,383
30082,383
10827,383
7531,383
4393,383
8861,383
1987,383
2289,383
335,383
43,383
27016,383
11692,383
1747,383
17335,383
36545,383
12527,383
4633,383
22431,383
8408,383
9783,383
11678,383
25807,383
31427,383
35111,383
16180,383
16499,383
11501,383
7464,383
2394,383
32847,383
20314,383
32188,383
11701,383
29444,383
34558,383
8025,383
3346,383
11949,383
519,383
11890,383
13428,383
13428,383
21943,383
7479,383
2552,383
27914,383
29598,383
8647,383
30008,383
30008,383
22536,383
4521,383
22218,401
9351,401
8672,401
21453,401
16421,401
17346,401
5064,401
15443,401
1526,401
18020,401
29911,401
34350,401
33097,401
3804,401
10660,401
11271,401
14613,401
35956,401
941,401
8689,401
8824,401
8599,401
19056,401
26954,401
25613,965
34029,965
6752,965
24318,965
2651,965
26357,965
10943,965
4733,965
11899,965
15646,965
37211,965
35231,965
37599,965
19528,965
32891,965
8496,965
24298,965
10169,965
12289,965
33852,965
15429,965
16925,965
20626,965
36129,965
25572,965
35758,965
13599,965
28310,965
16851,965
20898,965
12813,965
20685,965
36671,965
33819,965
10001,965
28548,965
17360,965
1638,965
2840,965
7111,965
11600,965
1670,965
36451,965
15184,965
12941,965
5768,965
20635,965
17251,965
22441,965
6622,578
7876,578
21053,578
15704,578
3482,578
24101,578
11,578
37063,578
24739,578
10121,578
9491,578
31810,578
34611,578
37435,578
28837,578
5827,578
20425,578
36924,578
36581,578
10682,578
33003,578
20514,578
20510,578
24779,578
34351,578
5487,578
8829,578
4852,578
24735,578
37348,578
3402,578
24237,578
19467,578
28498,578
15149,578
7923,578
2580,578
20901,578
1996,578
7810,578
13960,1018
21202,1018
32979,1018
31123,1018
10974,1018
24958,1018
6398,1018
28757,1018
9248,1018
2819,1018
30666,1018
52,1018
15096,1018
11245,1018
17898,1018
10239,1018
21459,1018
14552,1018
35868,1018
12027,1018
24085,1018
34032,1018
14275,1018
13623,1018
2414,1018
21459,1018
21257,1018
7685,1018
22973,1018
518,1018
3814,1018
28045,1018
23712,1018
23250,1018
11852,1018
1014,1018
1892,1018
9676,1018
33963,1018
24129,1018
1217,1018
26115,1018
1150,1018
2307,1018
12298,1018
27255,1018
3077,1018
9192,1018
1034,1018
18421,1018
31667,1018
31390,1018
15090,1018
15090,1018
10489,1018
26370,1018
34648,1018
29764,1018
1782,1018
23461,1018
5153,1018
16888,1018
29815,1018
14766,1018
5910,1018
4637,1018
29245,1018
18866,1018
17646,1018
30632,1018
22513,1018
7584,1018
530,1018
13568,1018
25918,1018
13568,1018
28840,1018
35813,1018
1054,1018
23674,1018
2150,1018
17741,1018
32467,1018
23423,1018
15756,1018
16137,1018
20666,1018
35073,1018
13634,255
32324,255
10207,255
11000,255
1747,255
2691,255
23421,255
4576,255
4080,255
22379,255
7556,255
24730,255
18006,255
24793,255
5003,255
5605,255
15626,255
26368,255
3951,255
12944,255
5409,255
3150,255
14246,255
13810,287
2974,287
26093,287
13504,287
13784,287
14181,287
31307,287
10832,287
10832,287
522,287
8605,287
4666,287
25461,287
9275,287
15076,287
23117,287
22171,287
20970,287
12864,287
33034,287
29329,287
6733,287
5270,287
30099,287
30099,287
32108,287
24363,287
14716,287
28931,287
21308,287
17966,287
15966,287
22705,287
21308,287
36764,287
18979,287
2067,287
16662,287
23784,287
11137,287
7828,287
8467,287
31503,287
13947,287
14620,287
15966,287
25125,287
30306,287
3720,287
12982,287
10448,287
23287,287
3720,287
17393,287
34501,287
13470,287
30566,287
31994,287
14924,287
8317,287
21229,287
19360,287
16942,287
5270,287
17447,287
29402,287
18196,287
11255,287
28668,287
1072,287
19558,287
13326,287
9572,287
10402,287
8367,287
30167,287
34677,287
23691,287
13784,287
11255,287
5109,287
7279,287
18955,287
32242,287
19296,287
22095,287
22023,287
23691,287
1072,287
22023,287
19493,287
7633,287
30362,287
25900,287
4049,287
5991,287
15278,287
33312,287
27157,287
32242,287
31994,287
22863,287
32678,287
7892,287
17791,287
7892,287
19583,287
18352,287
13470,287
34501,287
5109,287
20312,287
22728,287
8217,287
26299,287
33034,287
29426,287
31028,287
20257,287
19724,287
30880,287
34351,287
11834,287
30250,287
18051,287
23274,287
23457,287
12048,287
11589,287
5250,287
9811,287
4282,287
11386,287
34501,287
13529,287
22136,287
21594,287
23273,287
25295,287
27029,287
24145,287
36291,287
19344,287
26453,287
21081,287
4295,287
19351,287
21946,287
17244,287
34557,287
32532,287
19378,287
18071,287
485,287
485,287
20505,287
485,287
20505,287
26545,500
19712,500
12568,500
32168,500
12217,500
33587,500
33580,500
16068,500
20902,500
33580,500
18308,500
24047,500
9839,500
24787,500
26039,500
33580,500
31246,500
27406,500
31098,500
37198,500
37028,500
16967,500
16967,500
32202,500
24787,500
24047,500
20083,500
23804,500
32202,500
24895,500
27876,500
25283,500
12924,500
34802,500
19823,500
14178,500
15108,500
34513,500
14178,500
19766,500
13615,500
23403,500
6308,500
20083,500
15108,500
16241,500
24706,500
24240,500
17765,500
22472,500
31032,500
21311,500
23908,500
21311,500
22472,500
36268,500
31032,500
7173,500
91,500
13615,500
33122,500
14580,500
15669,500
7383,500
33888,500
6499,500
6247,500
17398,500
17900,500
16148,500
12222,500
17117,500
13189,500
14580,500
14301,500
5860,500
27709,500
9857,500
9717,500
259,500
15730,500
9756,500
21225,500
18084,500
2813,500
18084,500
34037,500
19469,500
17010,500
5497,500
10904,500
32449,500
18165,500
18832,500
27709,500
4525,500
26865,500
24284,500
1075,500
16650,500
20566,500
22098,500
35396,500
29574,500
29574,500
3520,500
19399,500
35183,500
24391,500
33816,500
25451,500
16738,500
15959,500
34230,500
15959,500
9782,500
19444,500
30279,500
14764,500
23186,500
25536,500
25536,500
8447,500
35226,500
29542,500
24935,500
21084,500
35628,500
21426,500
21157,500
13269,500
13269,500
10929,500
15339,500
27583,500
20899,500
20899,500
30703,500
20028,500
36308,500
34654,500
24789,500
26153,500
21553,500
28775,500
19494,500
1820,500
24789,500
31784,500
34048,500
11897,500
23873,500
20486,500
18554,500
27674,500
37043,500
24198,500
8421,500
32831,500
27143,500
13016,500
23012,500
32659,500
19363,500
36363,500
6488,500
27640,500
35031,500
18400,500
24036,500
2289,500
27016,500
19085,500
12259,500
5970,500
9752,500
13677,500
13364,500
19805,500
14401,500
20357,500
17613,500
19882,500
16794,500
23375,500
26750,500
23749,500
23749,500
16034,500
15299,500
6628,500
16127,500
16880,500
6628,500
19523,500
6093,500
23592,500
6628,500
24076,500
16127,500
19523,500
12529,500
23592,500
21256,500
15441,500
13251,500
26211,500
26211,500
34299,500
36053,500
24166,500
24166,500
7140,500
21187,500
14014,500
23176,500
16308,500
29406,500
13678,158
10944,158
14079,158
28085,158
26602,158
34122,158
27969,158
11205,158
13061,158
30545,158
21921,158
26550,158
23632,158
29825,158
29187,158
31454,158
11008,956
30527,956
15362,956
22599,956
18264,956
11603,956
34972,956
16214,956
27689,956
16284,956
2079,956
25943,956
22867,956
19807,956
14526,956
20369,956
22337,956
11765,956
11687,956
604,956
20715,956
4475,956
5867,956
27482,956
30571,956
35433,956
35433,956
9533,956
20263,956
34262,956
9971,956
15240,956
10531,956
13291,956
25145,956
22607,956
8497,956
14181,956
30952,956
4549,956
8147,956
7351,956
33317,956
10668,956
25480,956
12152,956
33607,956
21891,956
16283,956
30450,956
8798,956
13672,956
7723,956
35873,956
30153,956
8186,956
17465,956
17465,956
4957,956
25645,956
31287,956
31287,956
14701,956
27285,956
1646,667
23971,667
23174,667
16172,667
33453,667
17951,667
37086,667
4446,667
15318,667
20494,667
27089,667
25814,667
11748,667
12441,667
13759,667
12056,667
29428,667
34301,667
20794,667
7657,667
7657,667
22256,667
34490,667
9531,667
15392,667
21850,667
13149,667
5785,667
6200,667
33956,667
13080,667
13376,667
33197,667
21082,667
3900,667
25587,667
15964,667
25587,667
15964,667
15964,667
24927,704
11240,704
6883,704
21373,704
31149,704
6896,704
35472,704
21591,704
5142,704
27752,704
37213,704
13351,704
7389,704
16899,704
33598,704
35811,704
33049,704
37056,704
4841,704
37116,704
35251,704
29956,704
28249,704
13192,704
14045,704
1385,704
37056,704
11296,704
11187,704
4622,704
37372,704
17687,704
36820,704
32762,704
37081,704
23079,704
30571,704
17786,704
9459,704
20983,704
26083,431
1096,431
25361,431
32073,431
22523,431
29769,431
824,431
36567,431
34941,431
11401,431
288,431
9749,431
34938,431
23105,431
34294,431
604,431
20205,431
6977,431
24062,431
14958,431
15509,431
16800,431
14746,754
21554,754
7972,754
6409,754
3208,754
9823,754
15542,754
7408,754
36928,754
7694,754
24065,754
20138,754
35744,754
6498,754
11079,754
37243,754
18400,754
21926,754
844,754
35161,754
22046,754
13920,754
9741,754
11976,754
31071,754
16526,754
15316,754
17970,754
18854,740
3007,740
15273,740
31456,740
5884,740
11073,740
21016,740
11275,740
27255,740
11546,740
18896,740
30902,740
16886,740
15051,740
29007,740
37002,740
31901,740
32959,740
22003,740
22308,740
1071,740
29136,740
10734,740
14649,740
11823,740
11823,740
22684,740
26564,740
22509,740
19939,638
35551,638
8173,638
35951,638
26189,638
17707,638
5637,638
374,638
6566,638
6845,638
11032,638
19638,638
36241,638
25429,638
34872,638
9453,638
10160,638
25603,638
12614,638
11112,638
7070,638
28926,638
10269,638
34171,638
27687,638
14719,638
33652,638
14851,638
23300,638
344,638
34384,728
26912,728
19695,728
12102,728
23294,728
3799,728
26379,728
14665,728
7851,728
22421,728
8688,728
16603,728
35316,728
26253,728
3940,728
177,728
7496,728
7413,728
7496,728
22807,728
17080,728
25990,728
6330,728
7754,728
32518,728
19555,728
17537,728
14493,728
4083,728
34689,728
25990,728
12729,728
15200,728
20893,728
22102,728
7496,728
10425,728
7413,728
15400,728
12439,728
20007,728
14999,728
33951,728
14665,728
10757,728
14907,728
17649,728
22535,728
8906,728
16119,728
23710,728
763,728
32422,728
7051,728
15542,728
3652,728
32422,728
31132,728
23202,728
27587,728
193,728
21578,728
21578,728
1331,728
14511,728
36974,728
17715,728
26912,728
7016,728
17715,728
24830,728
27928,728
25559,728
9178,728
25179,728
24970,728
20657,728
18432,728
14298,728
14298,728
20854,728
14298,728
4603,728
23054,728
5250,728
35916,728
20408,728
31704,728
25601,728
33416,728
15269,728
18072,728
34459,728
5025,728
4587,728
18622,728
29957,728
36194,728
30339,728
35215,728
34159,728
33786,728
34159,728
9064,728
36088,728
36088,728
9374,728
36423,728
12553,689
34401,689
18805,689
24870,689
15574,689
24318,689
30845,689
32611,689
35768,689
35668,689
23753,689
10536,689
18202,689
36520,689
3399,689
11803,689
6672,689
29484,689
32935,689
10432,689
33685,689
34401,689
31822,689
10369,689
25394,689
13916,689
32741,689
16980,689
28682,689
6493,689
13373,689
26621,689
21675,689
21675,689
27253,689
33799,689
21640,689
34128,689
34930,689
7021,689
21868,689
23837,689
37341,689
31754,689
20121,689
24224,539
22716,539
8488,539
15636,539
11957,539
25953,539
9859,539
1980,539
12338,539
16633,539
5971,539
1357,539
8164,539
4514,539
14621,539
8612,539
3873,539
36826,539
11863,539
15119,539
13117,539
155,539
11507,539
6315,539
16064,539
33931,539
16413,539
16463,539
2317,539
30312,539
1550,539
12764,539
10709,539
14056,539
37123,539
34274,539
8446,539
1287,539
10704,539
22726,539
35297,539
27972,539
14145,539
27537,539
34517,539
17206,539
34660,539
22008,539
16209,539
27537,539
14343,539
5287,539
2553,539
33971,539
1697,539
35875,539
29760,539
37134,539
33436,539
9373,539
7906,539
21571,539
4686,539
21445,539
21237,539
21237,539
17027,364
930,364
4792,364
11397,364
28960,364
14715,364
4976,364
29619,364
716,364
36827,364
29432,364
716,364
13984,364
29295,364
26976,364
3723,364
3723,364
29182,364
29182,364
32887,364
13980,364
35113,364
15837,364
6715,364
13673,364
4372,364
29029,364
13673,364
411,364
15837,364
5,364
11482,364
19203,364
12216,364
10043,364
3253,518
3903,518
31237,518
27958,518
31237,518
20088,518
11377,518
11923,518
13020,518
14384,518
16671,518
4082,518
28291,518
29519,518
9506,518
14029,518
26395,518
26395,518
26236,518
27857,518
32134,518
24909,518
22193,518
7640,518
1471,518
23789,518
8347,518
1259,518
10400,518
25018,518
36350,553
7370,553
10432,553
11367,553
23219,553
33775,553
32240,553
6572,553
10673,553
1048,553
19093,553
35933,553
749,553
12478,553
25523,553
32760,553
2960,553
4973,553
35722,553
23633,553
8393,553
5899,553
27612,553
23141,553
35572,982
22481,982
37634,982
7530,982
169,982
8028,982
32257,982
18640,982
16082,982
23238,982
7309,982
23923,982
35559,982
7798,982
11210,982
33774,982
29871,982
1419,982
36831,982
9627,982
11057,982
6421,982
26798,982
12199,982
10464,982
36388,982
6610,982
32595,982
30607,982
30607,982
33437,982
22055,982
32768,982
29385,982
12228,982
10803,982
37599,982
10119,982
9994,982
37419,982
23540,982
24843,982
3385,982
28492,982
30799,982
31638,982
2919,982
7584,982
32319,139
33147,139
25663,139
22173,139
22394,139
22394,139
22088,882
27062,882
34582,882
34098,882
22320,882
17633,882
30829,882
14502,882
24937,882
24768,882
22861,882
5408,882
16283,882
31719,882
27332,882
15296,882
19784,882
19989,882
9903,882
20845,882
17117,882
537,231
1167,231
20525,231
2206,231
18837,231
2206,231
1069,231
26752,231
13661,231
2671,231
21673,231
5007,231
14925,231
6994,231
6091,231
6811,231
11249,231
4751,231
19731,231
5086,231
492,231
19490,231
9342,231
23472,231
26360,231
13147,231
32412,231
36614,231
10260,231
9927,231
9565,231
10013,231
3941,231
22211,231
13009,231
7694,231
12812,231
2714,231
3558,231
3558,231
9615,231
21646,231
5007,231
17431,231
12592,231
27715,231
13682,231
5086,231
21977,231
15436,231
24026,231
25171,231
2714,231
9352,231
18158,231
11701,231
1056,231
22211,231
36484,231
26946,231
15714,231
5738,231
36614,231
36614,231
2540,231
2139,231
22286,231
21450,231
3086,231
16604,231
19818,231
17619,231
29411,231
26057,231
21747,231
31888,803
26659,803
18149,803
34047,803
28195,803
1273,803
12428,803
26527,803
13512,803
31888,803
35921,803
36784,803
11822,803
27511,803
7717,803
12766,803
25872,803
12627,803
9991,803
20865,803
22200,803
32657,803
31160,803
29684,803
37376,803
31888,803
16641,803
20857,803
22628,803
22379,803
460,803
16232,803
5686,803
5683,803
5683,803
31499,803
34280,803
864,803
15231,803
21626,803
5147,803
35475,803
3946,803
30575,803
34498,803
1126,803
5312,803
16642,803
2724,803
11671,803
18784,803
26913,803
16012,803
16012,803
19875,803
21986,803
2878,803
3825,803
25385,803
17147,803
16995,803
36051,803
1123,376
9898,376
28216,376
19866,376
34792,376
10078,376
12436,376
8485,376
10435,376
13410,376
16532,376
11878,376
24812,376
34835,376
4989,376
14128,376
22050,376
13630,376
27875,376
3261,376
4511,376
26857,376
10321,376
22643,376
32135,620
18674,620
12433,620
21346,620
32341,620
30876,620
35686,620
17205,620
24088,620
9631,620
11903,620
12160,620
13834,620
7849,620
32852,620
6490,620
35947,620
19155,620
2325,620
3742,620
35601,620
2064,620
30117,620
17659,620
2396,620
35841,620
18897,620
14847,620
17929,620
5298,620
27257,620
9576,620
9751,620
33107,620
21595,620
25256,620
26162,620
28499,620
7090,620
33391,620
3626,620
8029,620
4356,620
33505,620
26861,620
21335,620
26673,620
26900,620
28290,620
14712,620
17105,620
14606,620
1111,620
33386,620
6180,620
15460,620
27493,620
34509,620
26882,620
17942,620
23120,620
30355,620
8341,620
32108,620
14571,620
24947,620
17963,620
5019,620
5394,620
17574,620
9243,620
29569,620
35529,620
28666,620
10623,620
28539,620
22454,620
6972,620
34646,620
13495,620
3090,620
19000,620
17813,620
7444,620
12160,620
34446,620
9353,620
8130,620
18248,620
17740,620
7367,620
9918,620
36953,620
35414,620
27582,620
11369,620
24363,620
10141,620
29778,620
8507,620
8543,620
11540,620
8341,620
15097,620
28371,620
9271,620
276,620
34853,620
19036,620
9389,620
9856,620
29877,620
18393,620
33226,620
19913,620
6971,620
35689,620
23187,620
16626,620
20928,620
18075,620
21849,620
967,620
10090,620
31243,620
27842,620
25795,620
13301,620
9596,620
4199,620
30319,620
27017,620
21768,620
13515,620
9969,620
24415,620
7711,620
9254,620
29316,620
16988,620
15531,620
7014,620
1054,620
5035,620
31099,620
20479,620
23045,620
34788,620
27397,620
33517,620
22754,620
3485,620
30841,620
2571,620
2001,620
34248,620
26729,620
6995,620
24399,620
20664,620
20770,620
18346,620
7767,620
2458,620
34304,620
34304,620
11551,620
14808,620
6851,620
28517,620
2501,620
9127,620
12344,620
30133,620
8637,620
17158,620
30435,620
21895,620
30435,620
10759,620
28915,620
22463,620
16771,620
17158,620
1321,620
4849,620
5030,620
12636,620
739,620
3929,620
32942,620
25224,620
31531,620
20282,620
8771,620
6482,620
27349,620
14888,620
34985,620
2452,620
5848,620
17872,620
32883,620
10000,620
5270,620
3625,620
17453,620
19646,620
21338,620
8192,620
34540,620
1409,620
1409,620
18865,620
20460,620
18458,620
13893,620
19313,620
25733,620
22241,620
6484,620
36669,620
24221,620
20315,620
988,620
27680,620
25495,620
18870,620
23452,620
29661,620
10513,620
18365,620
36178,620
2584,620
13268,620
28642,620
21627,620
32736,620
24821,620
24025,620
35803,620
25583,620
31882,620
12184,620
37338,620
1852,620
12747,620
15228,620
36593,620
26077,620
35902,620
22178,620
29845,620
17762,90
14896,90
26214,90
28275,90
22768,90
26072,90
10882,90
26289,90
15167,90
10026,90
31182,90
16011,90
6353,90
6037,90
10715,90
29048,90
26692,90
29596,90
7890,90
5718,90
25303,90
4064,90
4162,90
23319,90
27882,90
8909,90
20109,90
27186,90
29398,90
21801,90
14803,90
4384,90
33078,90
14770,90
25395,90
11169,90
29008,90
11944,90
28365,90
19167,90
6321,90
26843,90
5638,90
29043,90
26028,90
13940,90
18597,90
4027,90
21558,90
30800,90
20242,90
5167,90
31201,90
13405,90
28751,90
22516,90
13305,90
11408,90
28422,90
10279,90
8805,90
26380,90
31679,90
30213,90
32047,90
22958,90
22150,90
13400,90
21730,90
30729,90
29168,90
16299,90
20900,90
28442,90
31001,90
17869,90
12773,90
27434,90
30359,90
13598,90
8873,90
21575,90
12551,90
19543,90
15029,90
17115,90
8425,90
19398,90
31161,464
36983,464
18049,464
18030,464
33555,464
33559,464
1837,464
4315,464
22426,464
20496,464
4293,464
33197,464
36319,464
32612,464
8356,464
17589,464
21345,464
18274,464
23047,464
17589,464
13874,464
26218,464
31624,464
21969,464
31726,464
21904,464
32267,464
30422,464
32948,464
24058,464
21111,464
28600,464
27642,464
36855,464
7277,464
21111,464
30422,464
30422,464
27670,464
27253,464
29036,464
29872,464
29465,464
15047,464
34721,464
37217,464
23818,464
34545,464
23895,464
24650,464
21692,464
7848,464
24559,464
15797,464
3051,464
26715,464
31553,464
29767,464
25764,464
1608,464
14381,464
35330,464
9263,464
33983,464
30247,464
23016,464
35426,464
872,464
7022,455
4138,455
33211,455
26446,455
17562,455
24311,455
19941,455
5155,455
3509,455
28638,455
27569,455
35895,455
4576,455
33778,455
31792,455
10971,455
28697,455
32582,455
9131,455
7977,455
25298,455
24180,455
12711,455
1289,455
35405,455
13022,455
33078,94
5620,94
20109,94
20699,94
7253,94
22972,94
33740,94
25737,94
5883,94
32842,94
5165,94
4478,94
16737,94
33054,94
23359,94
11408,94
28422,94
17916,94
22129,94
28442,94
30347,94
25089,94
30386,94
28129,94
33512,94
4634,94
16846,967
20983,967
25212,967
7111,967
7370,967
10547,967
1009,967
215,967
23145,967
35663,967
588,967
25376,967
33889,967
159,967
12252,967
23980,967
28648,967
18083,967
10461,967
943,967
19892,967
10461,967
19892,967
159,967
588,967
23145,967
21458,967
9343,967
23059,967
37242,967
15131,967
15131,967
33772,967
28920,967
159,967
343,967
1475,967
32230,967
1302,967
10036,967
35813,967
15782,967
35831,967
32139,198
12206,198
351,198
28205,198
12435,198
36150,198
30799,198
5143,198
149,198
18013,198
26193,198
8519,198
2525,198
39,198
1790,198
935,198
11325,198
5237,198
22270,198
10683,198
9777,198
5979,198
24028,198
10212,198
18802,198
1796,198
17103,198
1086,198
1944,198
22953,198
32514,198
4181,198
5547,198
2214,198
12511,198
306,198
12973,198
13065,198
22378,198
11238,198
418,198
19774,198
21160,198
29651,198
9571,198
26143,198
2173,198
14529,198
29371,198
16886,198
27623,198
2643,198
29708,198
12641,198
8487,198
186,198
32140,198
32067,198
16103,198
7270,198
10374,198
27888,198
20470,198
31270,198
36048,198
17254,198
11857,198
7645,198
1651,198
7270,198
29188,198
1715,198
22,198
373,198
22542,198
19278,198
9972,198
8611,198
19288,198
12098,198
33686,198
14539,198
5369,198
33758,198
24108,198
26600,198
18779,198
18754,198
17078,198
24438,198
6562,198
24433,198
31435,198
8132,198
26098,198
3624,198
14353,198
27478,198
10581,198
15329,198
10974,198
6691,198
35242,198
16781,198
28250,198
190,198
2104,198
23028,198
5058,198
32045,198
10638,198
17637,198
32932,198
11875,198
7982,198
7019,198
18255,198
1812,198
8793,198
12702,198
15260,198
27204,198
30951,198
7238,198
14211,198
12055,198
12762,198
13582,198
15926,198
34201,198
10919,198
17295,198
20952,198
754,198
14409,198
17321,198
13694,198
24940,198
7815,198
31720,198
2894,198
14887,198
32489,198
1068,198
9147,198
15317,198
6352,198
31862,198
33614,198
30068,198
31870,198
34220,198
33825,198
35193,198
25018,198
35193,198
28489,198
22109,198
1604,198
23707,198
25752,198
32560,198
3050,198
2132,198
34400,198
32860,198
26429,198
33637,198
23741,198
35189,198
21486,198
12928,198
18385,198
12793,198
36001,198
22788,198
25812,198
33528,198
2649,198
2942,198
1794,198
9529,198
22238,198
35836,198
23912,198
36145,198
25779,198
17035,198
25847,198
26069,198
31513,198
35671,198
19994,198
21871,198
21871,198
17799,198
30763,198
25046,198
15179,198
35969,198
26007,198
13000,198
17233,198
19906,198
33737,198
6633,198
15050,198
21709,198
14833,198
6214,198
21853,198
23696,198
35511,198
14256,198
8011,198
27318,198
16584,198
8185,198
36290,198
24150,198
513,198
11572,198
25562,198
31720,198
10613,198
14312,198
18452,198
31179,100
27723,100
13620,100
33016,100
21314,100
8604,100
25488,100
31645,100
22500,100
31457,100
30778,100
18597,100
30001,100
30192,100
15809,100
33613,100
5718,100
33373,100
19965,100
32138,100
27616,100
15135,100
28129,100
22215,100
26723,100
21249,100
13548,23
15792,448
11055,448
7414,448
10071,448
17815,448
6858,448
938,448
15320,448
1489,448
7356,448
2718,448
23954,448
14248,448
21674,448
25246,448
25225,448
23568,143
4680,143
4705,143
32794,143
8627,143
32805,143
20220,143
27052,143
21598,143
33720,143
21643,143
27772,143
9703,143
14046,143
29090,143
29010,143
16604,143
30505,143
33535,143
1964,143
31803,143
32464,143
21592,143
11687,143
870,658
4514,658
127,658
2140,658
1014,658
1798,658
22542,658
31471,658
18116,658
14627,658
13497,658
22404,658
9508,658
10463,658
37048,658
1145,658
199,658
1281,658
1488,658
1071,658
460,658
874,658
13842,658
1973,658
8407,658
3459,658
7739,658
318,658
5675,658
11068,658
4018,658
6342,658
693,658
12720,658
10366,658
28940,658
29029,658
10338,658
15578,658
21632,658
3946,658
953,658
6743,658
20932,658
12448,658
31010,658
20932,658
32220,658
58,658
328,658
351,658
7988,658
12627,658
20564,658
13792,658
13792,658
3493,690
721,690
2036,690
33249,690
36225,690
36225,690
27399,690
9647,690
28024,690
2214,690
14102,690
17136,690
36520,690
8569,690
35683,690
19256,690
14490,690
15533,690
23461,690
25676,690
28583,690
23775,690
31161,690
26624,690
30641,690
19642,690
23003,690
37015,690
35554,690
652,690
28904,690
12097,690
23877,690
22670,690
19937,690
7189,690
7406,690
15619,690
29705,690
11406,690
27302,690
8569,690
22360,690
32188,690
16991,690
3651,690
9828,690
34893,690
22681,690
21745,690
28029,690
37068,690
28635,690
36524,690
26599,690
31524,690
23898,690
30702,690
24110,690
32257,690
23141,690
23141,690
10586,690
8640,690
37439,690
492,690
1533,690
15449,690
749,690
14533,690
28562,690
32780,690
13884,690
36269,690
13395,690
3431,690
4744,690
33829,690
19682,690
30824,690
15452,690
3314,690
10417,690
9439,690
1546,690
4855,690
25689,690
35309,690
16413,690
1340,690
20412,690
31551,690
22733,690
28763,690
1179,690
10902,690
37015,690
14643,690
11759,690
6615,690
1897,690
10902,690
31134,690
29527,690
32454,690
34266,690
34930,690
1897,690
6758,690
24423,690
37505,690
11075,690
9319,690
7739,690
426,690
20531,690
13180,690
33685,690
27647,690
11075,690
35402,690
23211,690
11539,690
1897,690
4845,690
4845,690
23211,690
20037,690
13019,690
18315,690
7480,690
12823,690
14962,690
33626,690
26187,690
7361,690
27135,690
1123,690
10668,690
6758,690
1060,690
26765,690
36913,690
12169,690
36417,690
4724,690
12478,690
17624,690
36022,690
5622,690
2460,690
15326,690
28963,690
3115,690
23884,690
27126,690
17471,690
15322,690
20082,690
17859,690
37115,690
24015,690
23259,690
24044,690
33626,690
28963,690
16328,690
8646,690
31257,690
10151,690
17669,690
15728,690
11772,690
6965,690
27257,690
36522,690
10658,690
8538,690
36898,690
33257,690
9864,690
11772,690
26374,690
7643,690
21850,690
30470,690
30186,690
30186,690
2134,690
5532,690
3339,690
6197,690
6197,690
2531,690
34502,690
26648,690
5966,690
4933,690
8067,690
8312,690
3769,584
6944,584
2292,584
10046,584
35050,584
2865,584
30352,584
4344,584
25995,584
3876,584
32220,584
18317,584
12472,584
13437,584
11130,584
1784,584
19939,584
37235,584
15526,584
17662,584
5613,584
6927,584
29868,584
29385,584
11045,584
29347,584
32249,584
14531,584
14320,584
10543,584
32051,584
29071,584
15891,584
22089,584
5115,584
35561,584
4109,584
1101,584
30118,584
7584,584
25605,584
1449,584
9512,584
16604,584
17981,584
14919,794
12872,794
1434,794
23088,794
1721,794
16454,794
26633,794
35872,794
927,794
17568,794
25673,794
34378,794
8795,794
21645,794
17948,794
28684,794
13791,794
16125,794
30396,794
19285,794
19560,794
19672,794
28411,794
15206,794
3611,794
11325,794
20284,794
36832,794
10951,794
18565,794
24950,794
19524,794
15812,794
13457,794
30884,794
9702,794
26850,794
25340,794
13658,794
6276,794
9394,794
22200,794
11556,794
11212,794
8366,794
9625,794
32354,794
11227,794
36718,794
11121,794
33102,794
12236,794
20977,794
31225,794
6748,794
18478,794
10276,794
3702,794
21177,794
6918,794
19139,794
36163,794
4205,794
18238,794
30032,794
16205,794
7318,794
10711,794
14957,794
14940,794
6708,794
37602,794
7169,794
6682,794
34166,794
31447,794
20122,794
9625,794
31734,794
28466,794
36163,794
22614,794
11121,794
37140,794
1816,666
9770,666
37027,666
30805,666
29583,666
30896,666
1816,666
3129,666
35167,666
17342,666
8430,666
34860,666
30142,666
36377,666
7668,666
23312,666
34857,666
28614,666
27963,666
30896,666
13935,666
37341,666
33570,666
28309,666
13322,666
35916,666
1816,666
24822,666
2032,666
27031,666
8783,666
5033,666
26607,666
26607,666
7701,666
8547,666
6634,666
23369,666
12280,666
28016,666
25080,666
33815,666
8260,666
5002,666
3440,666
7884,666
19850,666
11795,666
33197,666
2518,666
23710,666
28160,666
28160,666
33390,666
18447,666
29892,666
17190,666
34487,666
1001,666
17273,666
32157,666
32094,666
27930,666
18237,666
29892,666
2951,666
18237,666
35316,666
35316,666
34930,666
18237,666
2951,666
36560,666
1547,666
4698,666
30174,666
35432,666
19140,666
34120,666
5125,666
35210,666
27872,666
15411,666
33622,666
985,666
29379,666
13519,666
10390,666
24899,666
4195,666
24540,666
27073,666
33983,666
3712,666
7640,666
2283,666
3164,666
33105,666
16559,666
20963,666
14670,666
13813,666
10583,666
5441,666
15616,666
36025,666
28567,666
31143,666
22944,666
32531,749
11193,749
11231,749
27394,749
21777,749
28473,749
3180,749
36890,749
5178,749
14371,749
16224,749
32531,749
2851,749
14444,749
28806,749
14444,749
35084,749
13971,749
15510,749
28017,749
15510,749
28017,749
513,749
15432,749
13515,749
7262,749
29320,749
23901,749
21480,4
3783,4
9327,4
19901,4
2774,4
9277,4
770,4
17993,4
9127,4
2991,4
22544,4
2622,4
20151,4
410,4
19875,4
25917,4
16895,4
376,4
9420,4
3071,4
20199,4
26040,4
6036,4
16887,4
11080,819
27063,819
32083,819
25243,819
29001,819
3538,819
10257,819
37048,819
26716,819
2979,819
10463,819
37379,819
5934,819
28665,819
35414,819
25526,819
25447,819
37513,819
31570,819
17843,819
26468,819
6230,819
6230,819
19612,819
33866,819
14739,819
3635,819
18317,819
5884,819
11831,819
684,819
12990,819
34910,819
19144,819
25713,819
28986,819
21778,819
11854,819
12872,819
5649,819
15277,819
30716,819
30716,819
32371,819
3694,819
6757,819
5106,819
32137,819
456,819
33575,819
11142,819
12222,119
25257,119
30048,119
23620,119
21630,573
31260,573
23118,573
5904,573
17286,573
17659,573
3755,573
20739,573
20894,573
2666,573
23903,573
11909,573
25274,573
32248,573
5505,573
5919,573
511,573
4941,573
21116,573
20978,573
3966,573
4944,573
13756,573
28908,573
14881,573
25379,573
5535,573
26622,573
27857,573
18624,573
1129,573
22646,573
10311,573
21874,573
11389,573
28562,573
14690,573
35902,573
21652,573
36737,573
5152,573
21305,573
10837,573
22431,573
1127,573
28320,573
12190,573
4011,573
7097,573
27502,573
27454,573
26478,573
16844,573
17257,573
2262,573
5399,573
24638,573
4794,573
37060,573
6806,573
11753,573
2239,599
11199,599
16418,599
6511,599
3017,599
30903,599
15011,599
32056,599
27443,599
30515,599
18882,599
15728,599
16591,599
37235,599
11780,599
17889,599
13444,599
5111,599
30670,599
6749,599
3797,599
34505,599
4650,599
2980,599
1794,599
22515,599
8394,599
818,599
5374,599
13397,599
11511,599
3613,599
26493,599
23046,599
27122,599
21576,599
6732,599
20935,599
7809,599
15619,599
24785,599
425,599
20498,599
34524,599
30424,599
6630,599
11951,599
3961,599
12196,599
1290,599
25190,599
9735,599
13799,599
6965,599
14243,599
4975,599
1590,599
12538,599
10134,599
28488,599
555,599
1100,599
27463,599
10272,599
3875,599
18501,599
21298,599
31260,599
34432,599
10857,599
33468,599
10670,599
25953,599
6435,599
24870,599
1148,599
96,599
25071,599
27192,599
5268,599
33311,599
9284,599
19177,599
26018,599
11887,599
15526,599
11333,599
24739,599
36610,599
13774,599
12642,599
35258,599
33155,599
14380,599
3990,599
19514,599
13877,599
6309,599
10709,599
34633,599
37342,599
24075,599
37285,599
21527,599
19975,599
33052,599
34219,599
35046,599
1240,599
16167,599
10901,599
12494,599
1179,599
19854,599
36853,599
1393,599
22823,599
10901,599
35810,599
30287,599
11870,599
8997,599
8531,599
13015,599
35003,599
8135,599
21072,599
20894,599
5643,599
14531,599
31492,599
4959,599
21805,599
30287,599
13224,599
16867,599
3752,599
16931,599
26965,599
35525,599
35566,599
17569,599
2778,599
28260,599
1271,599
27067,599
35884,599
9652,599
30163,599
3349,599
1279,599
33758,599
35111,599
19967,599
27040,599
12027,599
33288,599
22276,599
24399,599
16037,599
18127,599
5848,599
12313,599
36232,599
28760,599
28665,599
29622,599
31977,599
4697,599
22210,599
19549,599
28479,599
26475,599
31184,599
26589,599
19301,599
12402,599
9322,599
21372,599
36800,599
7214,599
36238,599
29856,599
19929,599
1657,599
31270,599
30392,599
23192,599
24371,599
22860,599
35133,599
35704,599
15149,599
37010,599
14537,599
5083,599
9932,599
7951,599
8223,599
30343,599
27461,599
30566,599
36189,599
13887,599
9512,599
13216,599
26078,599
27825,599
29391,599
22555,599
34394,599
24433,599
22074,599
29513,599
6979,599
31922,599
27809,892
32409,892
17979,892
29117,892
32521,892
14744,892
28756,892
3771,892
1972,892
36046,892
33403,892
7716,892
14851,892
10138,892
33758,892
15546,892
15096,744
37255,744
35577,744
8157,744
22270,744
35842,744
29515,744
30091,744
13736,744
2239,744
20608,744
6621,744
32980,744
6688,744
2606,744
29608,744
37226,744
22694,744
9340,744
1039,744
32051,744
31414,744
11111,744
19616,744
31207,744
27804,744
26020,744
34238,744
9834,744
33155,744
4607,744
8163,744
12539,744
9660,744
16526,744
7076,744
8273,744
6436,744
6436,744
20440,744
24349,565
25178,565
1440,565
10045,565
664,565
33617,565
20397,565
807,565
918,565
23120,565
7843,565
2867,565
19716,565
18943,565
29417,565
29323,565
21253,565
37061,565
2888,565
17909,565
2590,565
6921,565
9265,565
6533,565
24098,565
7047,565
20062,565
9059,565
24404,565
34830,565
3034,565
16816,565
1370,565
740,565
20256,565
28801,565
16192,565
374,565
29863,565
3204,565
15686,565
7691,565
17910,565
15936,565
34603,565
4520,565
22111,565
688,565
25483,565
23133,565
33683,565
30837,565
20692,565
29359,565
35028,565
1550,565
12717,565
3142,565
21577,565
27456,565
20770,565
13139,565
19884,565
29265,565
8260,565
17004,565
5786,565
13311,565
27909,565
30623,565
8297,565
28498,565
16254,565
34255,565
2851,565
25429,565
2180,565
29013,565
24307,565
27882,565
36873,565
28033,565
2590,565
9385,565
31722,565
2769,565
29337,565
30743,565
25764,565
8206,565
37341,565
27429,565
9361,565
3925,565
21285,565
29030,565
28369,565
25444,565
19870,565
17424,565
24779,565
34101,565
22773,565
32541,565
19638,565
32046,565
11811,565
18904,565
1072,565
3428,565
5161,565
13866,565
35257,565
28652,565
14983,565
35720,565
15438,179
16377,179
16529,179
22645,179
33201,179
9906,179
26260,179
27288,179
22692,179
24593,179
28220,179
33714,179
4755,179
18367,179
23326,179
28841,179
20405,179
23828,179
31012,179
15643,179
26230,179
28250,179
11009,179
32855,179
22314,179
35772,179
36123,179
37405,816
18944,816
4083,816
7237,816
6166,816
24528,816
21508,816
28885,816
31809,816
28777,816
3895,816
27410,816
32230,816
21160,816
28803,816
8430,816
23325,816
37027,816
20540,816
474,816
37048,816
9065,816
15878,816
35948,816
37405,816
25287,816
5425,816
12076,816
31321,816
4803,816
13219,816
20039,816
4803,816
30462,816
10308,816
37590,816
24659,816
36661,816
33658,816
32502,816
24420,816
21060,816
28538,816
23835,816
34932,816
32717,816
17659,816
24451,816
7652,816
36159,816
16531,816
19043,816
1139,816
28115,816
27592,816
24655,816
12250,816
6772,816
26410,816
35803,816
33664,816
29507,816
23302,816
26690,816
5866,528
228,528
3030,528
228,528
24311,528
19201,528
10404,528
34587,528
34877,528
223,528
11596,528
28533,528
10651,528
32657,528
29068,528
9440,528
18915,528
16931,303
27255,303
32249,303
3048,303
19149,303
29598,303
13616,303
22042,303
32084,303
8224,303
33544,303
16006,303
7262,303
26741,303
10704,303
10751,303
8950,303
14053,303
32220,303
2655,303
26331,303
33073,303
19621,303
914,303
31124,303
21944,303
15106,303
32757,303
14165,303
30266,101
26072,101
27303,101
14300,101
25808,101
25133,101
8777,101
23558,101
4302,101
30629,101
11314,101
20127,101
25488,101
18597,101
31457,101
2965,101
25755,101
11603,101
22407,101
9579,101
13225,101
28751,101
3791,101
27326,101
7655,101
31201,101
8477,101
4607,101
5167,101
30765,101
30363,101
20699,101
26380,101
18139,101
23612,101
6936,101
31679,101
5996,101
21827,101
13461,101
22868,101
18857,101
19433,101
33168,101
19370,101
10422,101
33557,101
13455,101
12773,101
14897,101
10659,101
22064,101
11752,101
5308,101
24092,101
14433,101
33566,101
30226,101
14799,101
9746,101
35913,987
3181,987
9395,987
5092,987
8431,987
4522,987
36938,987
33356,987
12318,987
3060,987
29333,987
14951,987
5852,987
121,987
8198,987
14976,987
31452,987
25786,987
11128,987
30997,987
32417,987
36072,987
12513,987
24318,987
36862,987
31479,987
3994,987
13252,987
16166,987
28683,987
31123,987
33422,987
9953,987
18245,987
28343,987
10457,987
14869,987
16523,987
15036,987
31349,987
17579,987
11238,987
26562,987
27871,987
6132,987
26233,987
28656,987
18006,987
35231,987
22534,987
5327,987
15432,987
3961,987
606,987
12638,987
10984,987
28845,987
23711,987
105,987
27404,987
34820,987
13732,987
26808,987
8224,987
13782,987
11882,987
26659,987
31957,987
24062,987
16263,987
22570,987
26001,987
27142,987
13555,987
31165,987
27856,987
31638,987
7584,987
19072,987
22774,1000
21055,1000
23980,1000
396,1000
28156,1000
16589,1000
35572,1000
33381,1000
37599,1000
20040,1000
12552,1000
3079,1000
2741,1000
24652,1000
15026,1000
21774,1000
8544,1000
6138,1000
19838,1000
7612,1000
17734,1000
1833,1000
34983,1000
32935,1000
22901,1000
14466,1000
28950,1000
27568,1000
32188,1000
10456,1000
9367,1000
37560,1000
29320,1000
261,1000
37419,1000
37011,1000
12638,1000
12472,1000
18982,1000
26020,1000
22804,1000
37704,1000
1483,1000
10417,1000
24318,1000
36072,1000
23192,1000
15458,1000
35414,1000
3961,1000
11225,1000
15010,1000
15232,1000
2513,1000
14643,1000
26071,1000
29233,1000
27531,1000
25433,1000
14185,1000
5800,1000
27178,1000
9151,1000
16681,1000
13252,1000
11863,1000
37678,1000
34503,1000
25889,1000
12595,1000
3258,1000
32118,1000
27155,1000
37678,1000
35438,1000
25162,1000
16038,1000
34924,1000
34954,1000
3255,1000
24485,1000
12846,1000
18917,1000
14169,1000
19330,1000
26001,1000
4175,1000
9340,1000
32219,1000
31840,1000
1282,1000
22915,1000
18203,1000
26852,1000
7939,1000
34748,1000
437,1000
34741,1000
37048,1000
37369,1000
32371,1000
31638,1000
32614,534
2217,534
1991,534
3406,534
7505,534
11026,534
1980,534
28908,534
7761,534
16536,534
17659,534
13090,534
22106,534
6251,534
180,534
32819,534
30909,534
782,534
217,534
17246,534
5065,534
2867,534
9377,534
10010,534
18601,534
13789,534
18816,534
26747,534
25750,534
6302,534
29459,534
2393,534
7431,534
15290,534
32810,534
3023,534
5734,534
31811,534
33784,534
28057,534
6671,534
28075,534
31189,534
15538,534
20345,534
3233,534
6996,534
6733,534
29671,534
7012,534
3335,534
15406,534
17381,534
32614,534
10414,534
21230,534
7801,534
12979,534
851,534
18046,534
36383,534
12458,534
29388,534
12631,534
17942,534
1979,534
22634,534
11997,534
33391,534
24098,534
4510,534
29130,534
9243,534
27768,534
34097,534
20839,534
23591,534
12148,534
15159,534
30714,534
25373,534
22560,534
15678,917
16229,917
2655,917
26401,917
34607,917
34926,917
13607,917
24528,917
27812,917
36304,917
18910,917
6452,917
6452,917
28264,917
33201,917
26341,917
133,917
18487,917
15213,917
37558,917
18910,917
4549,917
20563,917
2437,917
17418,917
12020,917
13980,917
32421,917
4022,917
26054,917
9776,917
7347,917
18694,917
6610,917
463,917
7660,917
11644,917
24928,917
17734,426
14437,426
28615,426
15672,426
35052,426
18209,426
24396,426
26001,426
26906,426
19924,426
5141,426
27830,426
3077,426
15312,426
30348,426
35913,426
7757,426
14454,426
3662,426
26772,426
28814,426
34107,426
31997,426
14968,426
30142,426
27871,426
30088,426
36797,426
24062,426
32220,426
33799,426
33400,426
35452,426
22656,426
17567,426
9800,426
30535,426
18217,426
29823,426
1134,426
16639,426
29320,426
24406,426
17767,426
34475,426
31913,426
7236,426
37302,426
31675,426
24916,426
7584,426
23303,426
6794,426
14268,426
21492,426
2391,545
11499,545
3090,545
24195,545
35689,545
6136,545
22111,545
17929,545
28680,545
4448,545
13352,545
26345,545
22634,545
15290,545
4658,545
28360,545
16796,545
919,545
7747,545
17806,545
36177,545
28870,545
36991,545
15808,545
25792,545
1766,545
35673,545
22983,545
26179,545
14791,545
35805,545
17106,545
21519,545
664,545
30195,545
33012,545
4254,545
21353,545
12560,545
14324,545
21712,545
2392,545
25649,545
25443,545
32305,545
6603,545
22563,545
6655,545
14662,545
4379,545
21093,545
29323,545
4644,545
22773,545
1815,545
21518,545
13817,545
4329,545
4149,545
5453,545
31268,545
21886,545
21019,545
1148,545
6275,545
36788,545
1599,545
13502,545
30903,545
28074,545
7849,545
22538,545
7728,545
374,545
2787,545
11885,545
12077,545
2396,545
36884,545
13324,545
22066,545
19774,545
23328,545
19464,545
10414,545
11260,545
28238,545
24760,545
31647,545
29777,545
13517,545
4708,545
10121,545
7795,545
31928,545
15725,545
17863,545
4356,545
20148,545
3466,545
3233,545
12418,545
1788,545
21856,545
7448,545
28663,545
30881,545
20626,545
25925,545
15015,545
3023,545
5456,545
3141,545
17846,545
30876,545
21038,545
2760,545
35657,545
28075,545
27425,545
22236,545
15659,545
4865,545
14147,545
28660,545
24827,545
29169,545
812,545
3798,545
10500,545
36828,545
35179,545
3737,545
4196,545
37123,545
30807,545
20836,545
29150,545
8080,545
35292,545
5629,545
31203,545
11870,545
21512,545
33806,545
35024,545
3990,545
15270,545
10054,545
2456,545
26114,545
9659,545
27153,545
24758,545
28644,545
25373,545
8601,1036
9485,1036
34508,1036
18134,1036
9831,1036
28612,1036
22974,1036
29378,1036
29747,1036
6886,1036
33476,1036
33994,1036
18883,1036
37502,1036
17213,1036
24831,1036
7570,1036
36683,1036
8684,1036
25707,1036
23769,1036
36577,1036
22106,180
16229,180
11947,180
28788,180
1814,180
31182,180
13133,180
11144,180
20415,180
20922,180
10142,180
12039,180
24080,180
12836,180
27032,180
16472,180
11397,180
24396,180
31461,180
35337,180
2578,180
11858,180
35172,180
22236,180
32878,180
24970,180
3903,180
19386,180
33275,180
16413,180
21945,180
21209,180
12522,180
1997,180
25561,180
14327,180
17623,180
35304,180
11564,180
15995,180
11863,180
7575,180
28213,180
10296,180
27703,180
13008,180
6094,180
9124,180
5966,180
18038,180
14739,180
17136,180
418,180
23650,180
27438,180
8732,180
30452,180
17645,180
8813,180
2723,180
30936,180
9302,180
17477,180
10522,180
31332,180
11114,180
34669,180
18777,180
34603,180
30868,180
28685,180
23545,180
33577,180
19159,180
27884,180
8611,180
19577,180
31144,180
19831,180
34792,180
31779,180
14402,180
14169,180
17328,180
18266,180
27210,180
27152,180
14530,180
28448,180
11841,180
16604,180
30516,180
34177,180
26980,180
21487,180
26124,180
7567,180
17523,180
23046,1006
20470,1006
21763,1006
3212,1006
13887,1006
6002,1006
3430,1006
35393,1006
111,1006
16465,1006
6359,1006
14379,1006
15011,1006
29006,1006
1289,1006
3103,1006
442,1006
21993,1006
17822,1006
14862,1006
23432,1006
35020,1006
18640,1006
21152,1006
30812,1006
13709,1006
12922,1006
20498,1006
12181,1006
13681,1006
7300,1006
1723,1006
10154,1006
18867,1006
18086,1006
29281,1006
26364,1006
37190,1006
37647,1006
19039,1006
5946,1006
1833,1006
7514,1006
6469,1006
30910,1006
5199,1006
16399,1006
3403,1006
19438,1006
37704,1006
15096,1006
34906,1006
19177,1006
30018,1006
14489,1006
29130,1006
3678,1006
27857,1006
9139,1006
34260,1006
11800,1006
18753,1006
37364,1006
19033,1006
30603,1006
6610,1006
97,1006
22951,1006
36426,1006
18059,1006
7388,1006
6765,1006
11926,1006
25120,1006
37206,1006
5815,1006
6666,1006
19174,1006
6509,1006
34195,1006
4888,1006
8528,1006
10429,1006
565,1006
1065,1006
30126,1006
15548,1006
24292,1006
14185,1006
2060,1006
16931,1006
7573,1006
27242,1006
5936,1006
11148,1006
2358,1006
1514,1006
11887,1006
32895,1006
37048,1006
51,1006
18219,1006
15828,1006
31956,1006
2047,1006
37489,1006
9231,1006
10290,1006
35414,1006
37295,1006
7728,1006
37419,1006
33795,1006
17327,1006
34767,1006
12919,1006
25889,1006
8331,1006
35677,1006
3724,1006
26001,1006
29303,1006
32746,1006
26623,1006
22507,1006
12701,1006
13747,1006
24775,1006
6556,1006
31681,1006
28128,1006
26890,1006
28665,1006
36812,1006
37122,1006
11691,1006
33631,1006
20176,1006
10558,1006
26689,1006
33571,1006
6979,1006
26067,859
36559,859
18382,859
188,859
26802,859
16611,859
16252,859
22598,859
3763,859
4423,1322
24868,1322
18582,1322
25375,1322
25859,1322
21000,1322
27066,1322
24861,1322
26766,1322
24881,1322
30982,1322
25285,1322
35043,1322
24864,1322
32777,1322
25667,1322
27203,1322
25654,1322
23218,1322
20997,1322
32776,1322
24880,1322
25880,1322
23019,1322
24879,1322
26893,1322
17952,1322
26168,1322
9269,1322
32775,1322
30979,1322
24579,1322
27075,1322
36830,1322
30980,1322
28942,1322
22923,1322
25669,1322
23035,1322
16713,1322
27096,1322
26141,1322
24865,1322
26167,1322
32774,1322
25397,1322
24863,1322
21394,1322
24873,1322
25050,1322
24862,1322
25424,1322
38280,1322
27110,1322
33736,1322
24174,1322
38007,1322
8674,1322
33932,1322
34639,1322
22455,1322
14329,1322
10967,1322
23264,1362
33261,1362
19564,1362
16215,1362
25730,1355
18830,1355
10197,1355
38453,1355
20929,1355
38540,1355
38468,1355
31820,1355
30653,1355
18830,1355
30653,1355
28086,1355
37574,1355
38568,1355
32851,1355
1258,1355
4799,1355
19162,1355
24275,1355
15922,1355
23443,1355
35248,1355
38398,1355
25248,1355
6567,1355
38375,1355
32120,1355
21476,1355
15823,1355
28573,1355
23933,1355
38200,1355
32241,1355
7630,1355
2719,1355
33001,1355
38062,1355
32241,1355
9316,1355
8547,1355
38661,1355
10473,1355
28359,1355
32401,1355
27754,1355
26254,1355
27148,1355
19006,1355
19006,1355
3604,1355
32851,1355
36556,1355
38566,1355
27360,1355
38608,1355
25666,1355
23229,1355
36556,1355
34510,1355
4742,1355
34296,1355
2314,1355
32054,1355
17724,1355
27360,1355
38577,1355
11145,1355
9430,1355
38534,1355
36012,1355
38715,1355
38577,1355
36062,1355
38518,1355
21467,1355
35703,1355
38677,1355
21122,1355
16848,1355
38690,1355
24565,1355
38638,1355
38191,1355
38690,1355
38517,1355
662,1355
7663,1355
12107,1355
22696,1355
9430,1355
38604,1355
7686,1355
38556,1355
34097,1355
36389,1355
25471,1355
5542,1355
9549,1355
32367,1355
18830,1355
27925,1355
36211,1355
22923,1371
23864,1371
27110,1371
28987,1371
5792,1371
28650,1371
38345,1371
26338,1371
13642,1371
36085,1371
16713,1371
34621,1371
20234,1371
17727,1371
25116,1371
33998,1371
38147,1371
26817,1371
5792,1371
30692,1371
19614,1371
7460,1371
27046,1371
16588,1371
9884,1371
37388,1371
38605,1371
13614,1371
10718,1371
5893,1371
31129,1371
21562,1371
38657,1371
31715,1371
31676,1371
7877,1371
28876,1371
16863,1371
10889,940
17509,940
11941,940
33402,940
7025,940
3496,940
18925,940
12963,940
10657,940
13701,940
25189,940
31168,940
6476,940
11760,940
22217,940
9775,940
761,940
26773,940
25031,940
17324,989
9452,989
7394,989
22886,989
12792,989
14564,989
30318,989
5300,989
24297,989
16750,989
1546,989
31934,989
1382,989
13252,989
27270,989
14892,989
25177,989
17360,989
12334,989
8498,989
3295,989
22697,989
13057,989
30771,989
17299,989
5337,989
2047,989
9386,989
1861,989
28824,989
13233,989
31081,989
36350,989
29232,989
3506,989
33301,989
34110,989
36138,989
5754,989
8853,989
11191,989
1434,989
27115,989
23479,989
15968,989
10650,989
17518,989
9593,989
30875,989
23231,989
14432,989
5263,989
11392,989
30025,989
5026,989
21413,989
35491,989
4475,989
7760,989
2705,989
33272,989
29130,989
6041,1108
14355,1108
21148,1108
364,1108
1123,1108
19431,1108
15799,1108
25330,1108
21289,1108
14464,1108
10648,1108
3563,1108
1467,1108
2130,1108
29878,1108
24449,1108
17451,1108
20691,1108
36456,1108
20730,1108
12658,1108
9961,1108
17544,1108
7766,1108
12820,1108
9516,1108
37048,1108
22634,1108
11056,1108
12457,1108
14840,1108
3393,1108
17915,1108
27861,1108
1882,1108
6639,1108
12204,1108
17873,1108
817,1108
7665,1108
25180,1108
6760,1108
18663,1108
21544,1108
9205,1108
542,1108
25232,1108
8831,1108
25836,1108
6669,1108
10107,1108
505,1108
19145,1108
7891,1108
30835,1108
20660,1108
1716,1108
29681,1108
38224,1108
962,1108
25213,1108
3863,1108
10648,1108
13165,1108
30477,1108
9674,1108
8817,1108
947,1108
7673,1108
3412,1108
9106,1108
12481,1108
3697,1108
37789,1108
28313,1108
19003,1108
2569,1108
24436,1108
6880,1108
15985,1108
19774,1108
32167,1108
9893,1108
28900,1108
9893,1108
17473,1108
34785,1108
36397,1108
30336,1108
38176,1108
2809,1108
7115,1108
33268,1108
5241,1108
3782,1108
11184,1108
23253,1108
827,1108
38123,1108
9583,1108
35590,1108
18345,1108
30184,1108
3327,1108
2208,1108
22735,1108
32731,1108
15755,1108
38227,1108
157,1108
8945,1108
24429,1108
28116,1108
23445,1108
32628,1108
30885,1108
13921,1108
36956,1108
11382,1108
1634,1108
22365,1108
4125,1108
1554,1108
24960,1108
12598,1108
15364,1108
20792,1108
18494,1108
38202,1108
26891,1108
12419,1108
6666,1108
38299,1108
2251,1108
18128,1108
18990,1108
20301,1108
20569,1108
37957,1108
683,1108
26627,1108
28605,1108
37611,1108
28959,1108
18395,1108
2454,1108
26494,1108
4320,1108
32837,1108
5440,1108
24697,1108
528,1108
38308,1108
9228,1108
38167,1108
29440,1108
2042,1108
30436,1108
24136,1108
3699,1108
14548,1108
521,1108
12790,1108
24529,1108
13420,1108
32163,1108
30512,1108
31756,1108
32456,1108
21697,1108
14947,1108
17828,1108
278,1108
10163,1108
16618,1108
9909,1108
28175,1108
14689,1108
32066,1108
3445,1108
11877,1108
2159,1108
18125,1108
34053,1108
37854,1108
10594,1108
29204,1108
29753,1108
22300,1108
4275,1108
38226,1108
22345,1108
12478,1108
19973,1108
23905,1108
27495,1108
19622,1108
680,1108
1351,1108
38003,1108
32220,1108
1186,1108
8292,1108
2350,1108
19622,1108
6350,1108
9074,1108
7721,1108
1295,1108
21767,1108
33701,1108
1022,1108
25611,1108
20643,1108
21623,1108
19396,1108
7752,1108
1277,1108
15404,1108
13194,1108
13194,1108
13194,1108
22300,1108
30835,1108
4931,1108
4167,1108
26034,1108
6249,1108
35187,1108
24564,1108
10812,1108
12810,1108
36667,1108
38261,1108
16504,1108
7315,1108
4835,1108
2250,1108
28394,1108
2668,1108
1753,1108
27202,1108
4714,1108
3,1108
32038,1108
16027,1108
3301,1108
19041,1108
1708,1108
35414,1108
8912,1108
7059,1108
59,1108
37277,1108
6076,1108
12823,1108
14787,1108
14783,1108
35071,1108
33770,1108
3300,1108
32174,1108
1024,1108
29400,1108
164,1108
16167,1108
37511,1108
2484,1108
36099,1108
1799,1108
28496,1108
1446,1108
5805,1108
167,1108
27630,1108
38437,1108
4357,1108
12035,1108
31912,1108
15128,1108
14114,1108
13112,1108
2847,1108
14953,1108
26525,1108
10772,1108
31533,1108
28571,1108
28177,1108
3439,1108
23028,1108
35743,1108
10855,1108
33862,1108
6678,1108
17401,1108
4157,1108
22161,1108
23436,1108
30620,1108
13692,1108
35834,1108
7628,1108
5956,1108
21235,1108
18465,1108
3145,1108
2947,1108
8721,1108
8473,1108
1305,1108
29027,1108
2422,1108
6360,1108
18560,1108
4977,1108
9501,1108
27333,1108
37246,1108
37246,1108
563,1108
17473,1108
10496,1108
21036,1108
13828,1108
12053,1108
1427,1108
22300,1108
18006,1108
7710,1108
31266,1108
19896,1108
7434,1108
10130,1108
17,1108
31430,1108
9487,1108
25696,1108
25064,1108
15744,1108
21489,1108
21489,1108
11963,1108
22127,1108
2920,1108
32235,1108
28371,1108
23243,1108
26948,1108
16996,1108
789,1108
22435,1108
24125,1108
17306,1108
21284,1257
32322,1257
19545,1257
934,1257
14288,1257
16520,1257
19359,1257
33148,1257
16657,1257
26914,1257
13716,1257
33736,1257
33245,1257
27756,1257
26373,1257
18342,1257
33256,1257
22092,1257
25815,1257
37712,1257
12626,1257
29365,1257
19218,1257
32339,1257
11172,1257
32789,1257
29654,1257
6865,1257
8376,1257
21947,1257
37808,1257
11881,1257
38575,1257
22148,1257
15351,1257
17038,1257
9028,1257
18801,1257
15884,1257
13765,1257
16210,1257
37751,1257
32876,1257
19962,1257
35150,1257
10565,1257
37790,1257
23235,1257
17712,1257
26561,1257
36230,1257
24549,1257
18527,1257
22356,1257
37408,1257
35045,1257
25598,1257
10225,1257
18913,1257
18962,1257
30869,1257
13016,1257
26756,1257
14929,1257
10625,1257
31136,1257
28087,1257
23161,1257
35227,1257
11979,1257
17364,1257
22423,1257
24617,1257
19504,1257
33160,1257
19508,1257
29278,1257
31789,1257
34007,1257
34733,1257
34733,1257
11373,1257
38006,1257
24918,1257
13937,1257
32346,1257
29949,1257
38192,1257
12449,1257
9306,1257
34224,1257
29276,1257
36038,1257
37775,1257
18679,1257
18115,1257
20583,1257
22904,1257
21844,1257
22822,1257
32838,1257
8449,1257
28730,1257
34897,1257
29748,1257
6531,1186
38415,1186
33209,1186
6861,1186
1726,1186
9445,1186
30234,1186
14078,1186
16013,1186
32986,1186
24981,1186
2438,1186
9003,1186
7360,1186
684,1186
14406,1186
16652,1186
27857,1186
14885,1186
38184,1186
3338,1186
3288,1186
21478,1186
22027,1186
25003,1186
15828,1186
23934,1186
11667,1186
5038,1186
3589,1186
4636,1186
25759,1186
5995,1186
5038,1186
28375,1186
5788,1186
37785,1186
27686,1186
36633,1186
37957,1186
1711,1186
7588,1186
8243,1186
32732,1186
3759,1186
33240,1186
7276,1186
17859,1186
37580,1186
31244,1186
18770,1186
3529,1186
16155,1224
14698,1224
16875,1224
36497,1224
2557,1224
6438,1247
7216,1247
28593,1247
23917,1247
23917,1247
16195,1247
14108,1247
19722,1247
36644,1247
35260,1247
18443,1247
37101,1247
21466,1247
4134,1247
20704,1247
19915,1247
14420,1247
24992,1247
19191,1247
22174,1247
7689,1247
17547,1247
38296,1247
17170,1247
15851,1247
9281,1247
15153,1247
35645,1247
16934,1247
13356,1247
38325,1247
5039,1247
11586,1247
3999,1247
1918,1247
16018,1247
36007,1247
1510,1247
28591,1247
14654,1247
37483,1247
16388,1247
2950,1247
958,1247
6935,1247
12287,1247
22498,1247
37462,1247
13631,1247
38612,1247
37483,1247
9999,1247
21616,1247
12715,1247
12715,1247
15525,1247
15789,1247
6354,1247
24061,1247
32159,1247
31258,1247
31318,1247
15154,1247
19317,1247
7020,1247
18529,1247
18529,1247
33382,1247
28378,1247
2846,1247
17833,1247
10523,1247
102,1247
14599,1247
38588,1247
18886,1247
17923,1247
34806,1247
10926,1247
37688,1247
5063,1247
28181,1247
17331,1247
38542,1247
4609,1247
13821,1247
16826,1247
35147,1247
27411,1247
32470,1247
2197,1247
30103,1247
38660,1247
18397,1247
17100,1247
26107,1247
1564,1247
34213,1247
35891,1247
37205,1247
36242,1247
36242,1247
14915,1247
38644,1247
27269,1247
38644,1247
16367,1247
27852,1247
16023,1247
38213,1247
30073,1247
9680,1247
38169,1247
19826,1247
32356,1247
3655,1247
20904,1247
2667,1247
37904,1247
30382,1247
21321,1247
38658,1247
34840,1247
38664,1247
38571,1247
3033,1247
5479,1247
36404,1247
26823,1247
1269,1247
37973,1247
20296,1247
8328,1247
8710,1247
13534,1247
22575,1247
33124,1247
27790,1247
969,1247
7654,1247
37304,1247
18980,1247
38624,1247
25727,1247
25416,1247
9793,1247
31366,1247
3773,1247
33749,1247
5262,1247
5262,1247
12686,1247
5439,1247
29128,1247
38635,1247
17901,1247
38273,1247
31695,1247
25191,1247
34535,1247
23379,1247
8237,1247
1421,1247
1421,1247
36437,1247
10133,1247
36615,1247
35743,1247
29049,1247
13380,1247
20895,1247
34840,1247
5404,1247
8579,985
34617,985
23171,985
24298,985
33228,985
2701,985
15763,985
1691,985
24985,985
9056,985
37704,985
23270,985
26773,985
16038,985
9386,985
12524,985
31206,985
7510,985
6432,985
5229,985
26344,985
14574,985
17039,985
27255,985
31589,985
15069,985
2528,985
33408,985
28210,985
32493,985
35994,985
16367,985
15112,985
7769,985
35977,985
33356,985
32436,985
17070,985
30864,985
5658,985
36016,985
13747,985
29340,985
29608,985
24233,985
21204,985
8158,985
5814,985
7451,985
6839,985
1502,985
29791,985
22878,985
12580,985
1777,985
1777,985
8416,985
19512,985
10507,985
1777,985
14903,985
29340,985
13966,985
15953,1253
31367,1253
28003,1253
32774,1253
20906,1253
32775,1253
26766,1253
25667,1253
26167,1253
24878,1253
24868,1253
24879,1253
27075,1253
32778,1253
23019,1253
18581,1253
18580,1253
21000,1253
24872,1253
30979,1253
32777,1253
25654,1253
25397,1253
27066,1253
24881,1253
24873,1253
27038,1253
35043,1253
26141,1253
24862,1253
23218,1253
30872,1253
24865,1253
24579,1253
32776,1253
26168,1253
24863,1253
24864,1253
26893,1253
18582,1253
25859,1253
30982,1253
21394,1253
24861,1253
20997,1253
27187,1253
22999,1253
30980,1253
6785,1253
4423,1253
11657,1253
345,1253
9910,1253
36523,1253
28632,1253
33537,1253
345,1253
37739,1253
37848,1253
34630,1253
31475,1253
31642,1094
7418,1094
32188,1094
1544,1094
19015,1094
17196,1094
431,1094
209,1094
26540,1094
13890,1094
27556,1094
30448,1094
26540,1094
10368,1094
7840,1094
23736,1094
32167,1094
338,1094
4474,1094
21410,1094
17915,1094
25228,1094
2076,1094
5054,1094
37048,1094
37556,1094
32815,1094
11456,1094
36153,1094
38136,1094
37854,1094
28368,1094
14927,1094
12847,1094
17598,1094
12723,1094
8096,1094
16486,1094
4087,1094
15404,1094
16179,1094
2920,1094
4970,1094
32290,1094
695,1094
28526,1094
3947,1094
6123,1094
17934,1094
29843,1094
8603,1094
24436,1094
10452,1094
12642,1094
16350,1094
6666,1094
4261,1094
20167,1094
20643,1094
10315,1094
30950,1094
11614,1094
20258,1094
15744,1094
28113,1094
35718,1094
20385,1094
22735,1094
31575,1094
9026,1094
23822,1094
20940,1094
36706,1094
11523,1094
28378,1094
2606,1094
15654,1094
18289,1094
12270,1094
34091,1094
1141,1094
35026,1094
7264,1094
9514,1094
29057,1094
22063,1094
33126,1094
25903,1094
7735,1094
17930,1094
35528,1094
3794,1094
1168,1094
4790,1094
1800,1094
35187,1094
10130,1094
33615,1094
15360,1094
30801,1094
10788,1094
4790,1094
20414,1094
8349,1094
29559,1094
21835,1094
3211,1094
10817,1094
24597,1094
1774,1094
5743,1094
33565,1094
29994,1094
11481,1094
11111,1094
21683,1094
4790,1094
17971,1094
15789,1094
13210,1094
35447,1094
31804,1094
26869,1094
33438,1094
7079,1094
29998,1094
38251,1094
24486,1094
33135,1094
34741,1094
1427,1094
13603,1094
15523,1094
27517,1094
2529,1377
4950,1377
33380,1377
33945,1377
37993,1377
38038,1377
25784,1377
17776,1377
27472,1377
21764,1377
22135,1377
4093,1377
16204,1377
6656,1377
9974,1377
17527,1377
12554,1377
501,1377
9764,1377
12694,1377
26154,1377
36539,1377
38189,1377
23464,1377
30556,1377
15512,1377
23980,1377
33427,1377
25075,1377
32902,1377
26253,1377
3517,1377
1066,1377
36491,1190
18794,1190
38431,1190
4412,1190
19129,1190
12967,1190
5135,1190
3211,1190
30234,1190
5269,1190
3722,1190
5703,1190
38395,1190
38396,1190
11740,1190
4105,1190
32124,1190
38617,1190
30211,1190
18742,1190
20575,1190
38245,1190
19968,1190
19506,1190
36017,1190
19224,1190
19144,1190
22124,1190
15184,1190
11281,1190
7203,1190
1613,1190
15818,1190
27543,1190
2410,1190
5479,1190
925,1190
24529,1190
19037,1190
21264,841
35297,841
12599,841
32494,841
33907,841
6839,841
7010,841
24456,841
20422,841
28629,841
14547,841
31487,841
9331,841
37007,841
8402,841
9331,841
25720,841
37458,841
22232,841
35111,841
7639,841
11338,841
22097,841
22232,841
4278,841
26599,841
29113,841
31677,841
24292,841
37329,841
26532,841
29127,841
33730,841
21413,1068
2090,1068
34495,1068
16657,1068
12699,1068
32338,1068
37479,1068
37375,1068
6363,1148
38312,1148
19326,1148
24444,1148
31673,1148
21351,1148
2919,1148
27774,1148
35486,1148
8713,1148
36909,1148
37572,1148
12480,1148
24162,1148
38259,1148
36562,1148
11007,1148
37633,1148
15674,1148
22738,1148
38154,1148
9191,1148
22738,1148
9564,1148
32230,1148
21699,1252
21699,1252
37597,1252
26051,1252
18077,1252
8727,1252
10360,1252
38105,1252
14156,873
16397,873
18257,873
35050,873
2194,873
2676,873
9961,873
30215,873
1577,873
36430,873
16697,873
8357,873
10325,873
35414,873
23474,873
8774,873
914,873
31447,873
13252,873
37333,873
15548,873
20388,873
9842,873
32625,873
14004,1370
12025,1370
30382,1370
27857,1370
36428,1370
12063,1370
22652,1370
11826,1370
38243,1370
38243,1370
26081,1370
18993,1370
31369,1370
23798,1370
14618,1370
38728,1370
38728,1370
2919,1370
25860,1370
27656,1370
8410,1370
24657,1370
20691,1075
1747,1075
3541,1075
37481,1075
37900,1075
1616,1075
20374,1075
15434,1075
5246,1075
2177,1075
7203,1075
24508,1075
9223,1075
1843,1075
7628,1075
30972,1075
13167,1075
26302,1075
7579,1075
30418,1075
10249,1075
24453,1075
37782,1075
11111,1075
38133,1075
4232,1075
27715,1075
22520,1075
26670,1075
31899,1075
18622,1075
4439,1075
26398,1315
23470,1315
19507,1315
25434,1315
19472,979
37704,979
7731,979
23171,979
17039,979
1280,979
12869,979
28629,979
24985,979
5567,979
8059,979
19012,979
470,979
16140,979
8468,979
35557,979
2633,979
15418,979
28329,979
34792,979
30142,979
29608,979
33155,979
12416,979
18398,979
98,1220
7945,1220
20670,1220
26541,1220
15303,1220
14406,1220
18734,1220
36214,1220
32371,1220
9715,1220
32245,1220
28731,1220
32493,1220
8457,1220
34805,1220
38609,1220
27007,1220
26598,1220
8457,1220
36227,1220
30866,1220
24915,1220
26253,1220
10350,1220
35590,1220
38454,1220
12227,1220
16356,1220
35759,1220
1629,1220
9621,1220
37192,1220
6554,1220
28609,1220
4657,1220
14809,1220
34435,1220
32797,1220
31290,1137
17325,1137
29917,1137
16083,1137
22929,1137
19720,1137
16237,1137
26794,1137
7473,1137
7983,1137
9656,1137
22852,1137
38088,1137
28747,1137
15953,1137
35785,1137
30137,1137
11310,1137
12205,1137
13511,1137
20873,1137
37192,1218
21104,1218
38396,1218
579,1218
5999,1218
25595,1218
35565,1218
3504,1218
16643,1218
6521,1218
35776,1218
38416,1218
15879,1218
20415,1218
38220,1218
38630,1218
32244,1218
25013,1218
1408,1218
9715,1218
19134,1218
31743,1218
9573,1218
16652,1218
1374,1218
2847,1218
13296,1218
15349,1218
32792,1218
38594,1218
38630,1218
12211,1218
16148,1218
38594,1218
16803,1218
2251,1218
3644,1218
7739,1218
32167,1218
4648,1218
7162,1218
12053,1218
20650,1218
37184,1218
37957,1218
37753,1218
16279,1218
34902,1218
13524,1218
6686,1218
5181,1218
30214,1218
26253,1218
2094,1218
38342,1218
10797,1218
38521,1218
38552,1218
2059,1218
2899,1218
5615,1218
1351,1218
9715,1218
218,1218
2094,1218
12478,1218
26014,1218
28776,1218
22220,1218
6483,1218
31700,1218
9293,1218
11334,1218
22541,1218
14221,1218
112,850
1776,850
7783,850
34082,850
348,850
1027,850
12011,850
4078,850
2973,850
23322,850
7971,850
1859,850
12756,850
5200,850
6768,850
28618,850
18339,850
27686,850
17771,850
17609,850
17322,850
5425,850
15762,850
29109,850
15800,850
11960,850
35097,850
34741,850
21405,850
2104,850
12844,850
32826,850
9452,850
25744,850
37498,850
28427,850
11191,850
30172,850
2261,850
35537,850
2785,1246
15309,1246
2406,1246
32557,1246
32557,1246
32557,1246
32557,1246
28621,1338
25756,1338
28729,1338
264,1338
38590,1338
22234,1338
9272,1338
38177,1338
29516,1338
21007,1338
27542,1338
23881,1338
10710,1338
28449,1338
1986,1338
21110,1338
2626,1338
35389,1338
15677,1338
29083,1338
24615,1338
34522,1338
20396,1338
3904,1338
24887,1338
24615,1338
324,1338
26197,1338
25465,1338
24275,1338
29096,1338
38718,1338
5847,1338
22641,1338
27754,1338
23754,1338
8704,1338
25077,1338
2346,1338
16640,1338
38293,1338
1372,1338
27395,1338
1981,1338
31014,1338
38611,1338
38376,1338
5219,1338
30030,1338
14768,1338
2941,1338
35345,1338
38537,1338
6086,1338
38720,1338
2812,1338
38684,1338
28715,1338
20231,1338
1543,1338
4382,1338
21008,1338
33991,1338
33744,1338
3620,1338
38720,1338
28996,1338
37796,1338
6879,1338
38535,1338
38535,1338
33744,1338
18164,1338
34882,1338
9133,1338
10330,1338
30857,1338
25986,1338
26715,1338
37415,1338
37750,1338
28574,1338
38657,1338
28662,1338
10596,1338
23680,1338
38625,1338
25532,1338
9935,1338
19850,1338
33659,1338
37114,1338
38494,1338
38151,1338
34635,1338
38216,1338
38216,1338
38625,1338
10027,1338
38625,1338
21814,1338
24786,1338
32231,1338
18389,1338
14832,1338
6266,1338
33508,1338
32300,1338
11875,1338
93,1338
25267,1338
28996,1338
26152,1338
30815,1338
38386,1338
33569,1338
22709,1338
25862,1338
26674,1338
8167,1338
25267,1338
32861,1338
30307,1338
21340,1338
36506,1338
38527,1338
26690,1338
25493,1338
36776,1338
7311,1359
1963,1359
37237,1359
1043,1359
5463,1359
283,1359
32634,1359
11799,1359
5659,1359
7311,1359
32903,1359
817,1359
30211,1359
7605,1359
20749,1359
11312,1359
38461,1359
16317,1359
38732,1359
1708,1359
17504,1359
8248,1359
23727,1359
17780,1359
10041,1359
11479,1359
22531,1359
38732,1359
21765,1359
23463,1359
11209,1071
8561,1071
18061,1071
17785,1071
24526,1071
15705,1071
12789,1071
30950,1071
16643,1071
2255,1071
11874,1071
33485,1071
1613,1071
8096,1071
26011,1071
4347,1071
19866,1071
16239,1071
23181,1071
8817,1071
11984,1071
6706,1071
6021,1071
13914,1071
2958,1071
2037,1071
7362,1071
53,1071
26599,1071
23104,1071
20575,1071
12101,1071
12086,1071
18574,1071
23768,1071
33346,1071
23104,1071
6230,1071
8561,1071
5997,1071
31051,1071
10488,1071
329,1071
21272,1071
7179,1071
25401,1071
34023,1071
4206,1071
22208,1071
11719,1071
38299,1071
36775,1071
15812,1071
28606,1071
1781,1071
19901,1071
14602,1071
6687,1071
8993,1071
2882,1071
6021,1071
27630,1071
19403,1071
1494,1071
18949,1071
37864,1071
8993,1071
22608,1071
17026,1071
2549,1071
4728,1071
30920,1071
5334,1071
32497,1071
25836,1071
20366,1071
338,1071
37556,1071
23282,1071
1983,1071
21098,1071
13022,1071
24396,1071
35544,1071
1166,1071
37628,1071
3947,1071
1799,1071
4914,1071
7343,1071
17151,1071
6983,1071
3916,1071
5871,1071
27126,1071
2268,1071
11099,1071
1220,1071
20874,1071
34749,1071
26447,1071
1249,1071
1249,1071
29834,1071
6371,1071
23001,1071
1434,1071
21992,1071
1203,1071
31652,1071
338,1071
15985,1071
833,1071
26848,1071
17711,1071
833,1071
2682,1071
4320,1071
6230,1071
6230,1071
7724,1071
15320,1071
15626,1071
14830,1071
34837,1071
26302,1071
12478,1071
11784,1071
16314,1071
16137,1071
16328,1071
3244,1071
7628,1071
15343,1071
6080,1071
27202,1071
338,1071
17630,1071
38475,1071
27063,636
23706,636
36142,636
11870,636
37267,636
23046,636
10399,636
5083,636
51,636
1155,636
11887,636
17466,636
34022,636
36651,636
18011,636
14156,636
28120,636
27686,636
10292,636
9735,636
2076,636
10670,636
3177,636
30343,636
14135,636
16164,636
35104,636
13181,636
35200,636
10290,636
6466,636
17859,636
34219,636
24233,636
9041,636
17388,636
34890,636
35440,636
6221,636
14609,636
32220,636
21687,636
31905,636
29449,636
26882,636
31313,636
7421,636
2887,636
37285,636
6330,636
1130,636
16047,636
33936,636
30513,636
17446,636
26001,636
5914,636
21978,636
27196,1117
4439,1117
38045,1117
35296,1117
19742,1117
37722,1117
38464,1117
7248,1117
17849,1117
3480,1117
35583,1117
11273,554
6318,554
3847,554
31811,554
19898,554
13329,554
22845,554
20978,554
17171,554
2787,554
3596,554
11818,554
3498,554
19310,554
3739,554
6318,554
3498,554
20514,554
19756,554
4322,554
3596,554
3596,554
8603,554
1786,554
3596,554
33331,1369
28643,1369
37395,1369
25553,1369
37610,1369
14200,1369
13551,1369
19321,1369
38580,1369
34156,1369
22847,1369
27656,1369
8314,1369
30430,1369
25970,1369
8864,1379
5840,1379
24215,1379
37737,1379
38436,1379
8807,1379
19353,1379
38146,1379
33261,1379
18382,1379
8623,1379
29923,1379
11565,1379
12472,1379
13507,1379
15022,1379
38698,1379
17033,1379
13262,1379
36539,1379
27963,1379
38436,1379
38436,1379
6936,1379
33263,1379
23984,1379
11087,1379
32299,1379
37313,1379
21066,1379
32371,1379
22010,1379
27027,1379
35470,1379
27235,1379
13622,1379
16590,1379
14988,870
20409,870
16495,870
9210,870
34043,870
23784,870
22229,870
37444,870
9339,870
1577,870
27292,870
8333,870
12179,870
13942,870
35424,870
29279,870
24765,870
22314,870
32190,870
26722,870
17911,870
22543,870
25126,870
8283,870
33438,870
17986,870
25573,870
11556,870
18206,870
16697,870
26205,870
19748,870
31447,870
23039,870
16485,870
16851,870
14249,870
1889,870
33276,870
18398,870
34092,870
11057,870
17466,870
18024,870
32595,870
35720,870
29866,870
37365,870
36417,870
18589,604
2392,604
31238,604
22634,604
217,604
23417,604
8788,604
34022,604
888,604
16379,604
19242,604
14351,604
27918,604
4852,604
23171,604
19234,604
22750,604
34282,604
5634,604
6251,604
14512,604
27257,604
15745,604
7608,604
25950,604
33047,604
2760,604
36987,604
35017,604
6877,604
21310,604
33404,604
36987,604
13181,604
35111,604
27153,604
31973,604
25373,604
24888,604
19536,604
24480,604
22528,604
31347,604
8004,604
3863,604
26173,604
4708,604
31067,604
5704,1303
30738,1303
21071,1303
15820,1303
33150,1303
24592,1303
9272,1303
26690,1303
28217,1303
5542,1303
23096,1303
3224,1303
20866,1303
38548,1303
26390,1303
34416,1303
23197,1303
38492,1303
38510,1303
38518,1303
36052,1303
34525,1303
7663,1303
38235,1303
38293,1303
38235,1303
29499,1303
38230,1303
38608,1303
36192,1303
30596,1303
29414,1303
38689,1303
35525,1303
19703,1303
19703,1303
36179,1303
15383,1303
38572,1303
32992,1303
27822,1303
38520,1303
28374,1303
38502,1303
32765,1303
27664,1303
19240,1303
36190,1303
37400,1303
37400,1303
35584,1303
38645,1303
7756,1303
32161,1303
21698,1303
13359,1303
38338,1303
2007,1303
38479,1303
38233,1303
30407,1303
1702,1282
24137,1282
11209,1282
35713,1282
21601,1282
13382,1282
23128,1282
24526,1282
1616,1282
8026,1282
22612,1282
9680,1282
2110,1282
7199,1282
19384,1282
21403,1282
1558,1282
30411,1282
5632,1282
38636,1282
20846,1282
15851,1282
37732,1282
16820,1282
27135,1282
25170,1282
7793,1282
30593,1282
36183,1282
1408,1282
14109,1282
14623,1282
942,1282
16966,1282
3589,1282
21835,1282
6983,1282
10793,1282
5126,1282
18562,1282
17343,1282
4154,1282
9665,1282
36547,1282
18188,1282
8588,1282
26325,1282
38208,1282
23236,1282
4833,1282
17160,1282
3910,1282
3911,1282
10776,1282
29181,1282
31765,1282
34021,1282
11274,1282
13917,1282
1305,1282
30588,1282
10580,1282
19535,1282
26712,1282
1824,1095
32523,1095
509,1095
10245,1095
25154,1095
8817,1095
3353,1095
1367,1095
18574,1095
4019,1095
6698,1095
5593,1095
14092,1095
794,1095
23053,1095
37048,1095
13914,1095
28646,1095
4354,1095
2103,1095
28424,1095
325,1095
138,1095
2169,1095
6088,1095
15089,1095
9626,1095
35618,1095
1984,1095
25521,1095
13842,1095
15626,1095
18242,1095
3945,1095
16408,1095
23067,1095
183,1095
27227,1095
534,1095
19305,1095
16675,1095
14069,1095
28385,1095
21794,1095
12342,1095
36465,1095
2029,1095
12270,1095
20272,1095
12635,1095
10315,1095
3269,1095
30223,1095
29681,1095
31823,1095
7844,1095
32213,1095
14453,1095
18289,1095
34649,1095
20659,1095
29057,1095
9225,1095
25365,1095
15319,1095
787,1095
18764,1095
7792,1095
36125,1095
7958,1095
25762,1095
9899,1095
626,1095
12810,1095
23727,1095
626,1095
3794,1095
36761,1095
8949,1095
1800,1095
22729,1095
10951,1095
10089,1095
26288,1095
10089,1095
20378,1095
36761,1095
1043,1095
20864,1095
15994,1095
29408,1095
33175,1095
8007,1095
29559,1095
17599,1095
33701,1095
20629,1095
12947,1095
24605,1095
3859,1095
38180,1095
35443,1095
2932,1095
12481,1095
27661,1095
24429,1095
14575,1095
38119,1095
23659,1095
17451,1095
16459,1095
209,1095
816,1095
38119,1095
35953,1095
15293,1095
865,1095
18242,1095
5794,1095
18923,1095
1174,1095
5295,1095
7165,1095
28646,1095
14577,1095
30171,1095
374,1095
17950,1095
26840,1095
30166,1095
26521,1095
29408,1095
36125,1095
890,1095
34249,1095
5794,1095
23067,1095
38237,1095
3093,1095
23067,1095
33295,1095
9878,1095
11797,1095
14945,1095
2130,1095
1593,1095
16792,1095
12246,1095
29995,1095
31006,1095
31599,1095
25887,1095
20198,1095
38012,1095
36576,1095
15590,1095
5939,1095
13165,1095
30517,1095
16317,1095
37212,1095
19922,1095
6519,1095
8350,1095
20738,1095
1937,1095
8665,1095
19779,1095
29149,1095
9101,1095
7523,1095
4945,1095
36329,1095
4799,1095
1249,1095
6586,1095
242,1095
33533,1095
12734,1095
10791,1095
4294,1095
13350,1095
26240,1095
14634,1095
12991,1095
20884,1095
38008,1095
885,1095
38072,1095
23055,1095
23067,1095
38072,1095
15994,1095
22932,1095
23067,1095
37212,1095
36326,1095
12576,1095
15994,1095
16315,1095
2424,1095
26133,1095
33231,1095
14100,1095
13462,1095
20611,1095
4126,1095
36547,1095
32015,1095
20059,1095
1443,1095
14403,1095
38044,1095
37603,1095
37603,1095
10476,1095
9012,1095
4357,1095
15128,1095
21968,1095
29433,1095
37190,1095
29097,1095
18942,1095
12744,1095
13021,1095
365,1095
12547,1095
15177,1095
14573,1095
38196,1095
2624,1095
35434,1095
32443,1095
30739,1095
31273,1095
1443,1095
17151,1095
20279,1095
30043,1325
98,1325
26594,1325
29239,1325
31479,1325
37361,1325
35383,1325
37887,1325
9980,1325
38029,1325
38277,1325
6842,1325
17147,1325
17147,1325
7410,1325
28606,1325
11759,1325
33465,1325
10239,1325
3897,1325
31795,1325
38436,1325
38279,1325
21637,1325
32989,1325
25404,1325
25404,1325
22595,1325
22595,1325
18486,1325
37887,1325
4645,1325
30977,1325
4522,1325
12073,1325
34648,1325
3264,1325
25421,1325
25421,1325
34867,1325
34867,1325
33896,1325
35587,1325
3842,1325
37393,1325
12889,1325
11698,1325
36721,1325
11671,1325
27700,1325
35305,1325
35305,1325
22595,1325
16171,1325
38379,1325
863,1325
15270,1325
7343,1325
25209,633
35699,633
13069,633
35699,633
21957,633
21073,633
20673,633
715,633
28550,633
28550,633
15745,633
6098,633
12952,633
18662,633
36252,633
18205,633
10266,633
10266,633
25985,633
36538,633
18948,1367
32371,1367
5128,1367
31313,1367
33014,1367
14259,1367
33983,1367
37353,1367
33237,1367
25889,1367
37395,1367
24783,1367
11843,1367
25607,1367
36204,1367
18930,1367
19321,1367
26539,1367
11961,1367
26576,1367
24292,1367
22577,1367
15423,1367
30465,1367
4648,1367
26582,1367
10573,1367
33033,1367
19503,1367
19743,1367
12626,1367
15053,1367
33424,1367
3423,1367
33395,1367
9736,1367
9829,1367
22159,1367
31643,1367
38561,1367
22847,1367
23421,1367
21711,1367
6666,1367
26898,1367
36547,1367
36103,1367
15765,1367
5328,1367
33960,1367
23430,1367
26604,1367
37705,1367
27656,1367
15655,1367
36738,1367
15593,1367
27348,1367
18160,1367
29731,1367
34999,1367
17023,1367
12582,1367
18374,1367
22783,1367
31868,1367
38236,1367
8314,1367
38056,1367
34947,1367
11948,1367
34156,1367
26756,1367
16850,1367
3972,1213
3972,1213
14904,1213
28470,1213
26484,1213
19402,1213
26484,1213
28393,1213
38124,1323
20275,1323
29857,1323
23424,1323
7975,1323
329,1323
9261,1323
24327,1323
36791,1323
38614,1323
37079,1323
21205,1323
24248,1323
9193,1323
3204,1323
15566,1323
334,1323
5889,1323
27936,1323
23123,1323
2995,1323
21641,1323
38340,1323
21319,1323
8435,1323
14494,1323
4602,1323
9261,1323
646,1323
14077,1323
1734,1323
4602,1323
26321,1323
22386,1323
38489,1323
10580,1323
22462,1323
13439,1323
22386,1323
21641,1323
14077,1323
34997,1323
20728,1323
24163,1323
34997,1323
5440,1323
19925,1323
38171,1323
4237,1323
1168,1323
38477,1323
27622,1323
21399,1323
2121,1323
9462,1323
1933,1323
33927,1323
33927,1323
334,1323
19198,1323
19596,1323
2010,1323
32450,1323
34879,1323
32450,1323
35198,1323
35198,1323
5370,1323
21950,1323
3864,1323
12901,1323
25459,1323
15181,1323
5215,1323
10325,1323
5215,1323
1166,1323
22824,1323
35414,1323
3134,1323
3204,1323
36727,1323
5472,1323
36969,1323
20319,1323
29222,1323
1058,1323
32338,1323
7283,1323
4752,1323
37324,1323
20289,1323
1867,1323
3093,1323
3081,1323
12772,1323
7283,1323
224,1323
35447,1323
6026,1323
36435,1323
18301,1323
11183,1323
19279,1323
34325,1323
16936,1323
16936,1323
3818,1323
10559,1323
30637,1323
20406,1323
16327,1323
16960,1323
6597,1323
3279,1323
8731,1323
3012,1323
17535,1323
16754,1323
7868,1323
14720,1323
296,1323
20342,1323
14720,1323
296,1323
5833,1323
32632,1323
8001,1323
21770,1323
16993,1323
1876,1323
7962,1323
16993,1323
16993,1323
7962,1323
7783,1323
37679,1323
21243,1323
8001,1323
21770,1323
28911,1323
325,1323
3149,1323
18967,1323
19279,1323
38610,1323
21885,1323
35469,1323
35469,1323
514,1323
38253,1323
38253,1323
1584,1323
19275,1323
1277,1323
16159,1323
10805,1323
12499,1323
10755,1323
266,1323
857,1323
857,1323
11769,1323
19103,1323
10335,1323
75,1323
7790,1323
609,1323
29755,1187
15722,1187
33396,1187
29755,1187
33396,1187
7667,1123
1919,1123
34437,1123
28506,1123
30468,1123
32493,1123
23416,1123
780,1123
13234,1123
4998,1123
27213,1123
30963,1123
7195,1123
37740,1123
38437,1123
13407,1123
36106,1123
31989,1123
7195,1123
9012,1123
3145,1123
38209,1123
28506,1123
37022,1123
31244,1123
5777,1123
26357,1123
14750,1123
32443,1123
1246,1383
16571,1383
21276,1383
13848,1383
2853,1383
38643,1383
27182,1383
21920,1383
16456,1383
38641,1383
18704,1383
14828,1383
2480,1383
28720,1383
38514,1383
26521,1383
9678,1383
16545,1383
38671,1383
8160,1383
7031,1383
32493,1383
18949,1383
12373,1383
6317,1383
13809,1383
8731,1383
28026,1383
11582,1383
21647,1383
37839,1383
7759,1383
2277,1383
4243,1383
12723,1383
35320,1383
4340,1383
17785,1383
21562,1383
37556,1383
25809,1383
29731,1383
2987,1383
6389,1383
196,1383
14783,1383
7578,1383
2882,1383
11906,1383
13848,1383
7563,1383
18299,1383
21399,1383
19455,1383
37233,1383
17859,1383
12605,1383
38161,1383
11797,1383
37739,1383
26140,1383
16105,1383
8561,1383
34354,1383
32644,1383
37121,1383
19968,1383
12478,1383
27557,1383
38426,1383
30400,1383
7551,1383
6510,1383
30092,1383
17748,1383
9638,1383
26964,1383
31520,1383
2695,1383
31270,1383
13597,1383
38397,1383
38650,1383
6572,1383
33466,1383
38516,1383
15749,1383
22462,1383
33830,1383
6842,1383
23849,1383
31416,1383
17075,1383
26133,1383
22878,1383
12823,1383
27171,1383
26950,1383
29664,1383
29664,1383
30465,1383
29564,1383
6842,1383
26076,937
35425,937
35393,937
15787,937
35543,937
16079,937
27815,937
7605,937
277,937
7275,937
30217,937
2733,937
30662,937
3177,937
2628,937
95,937
19122,937
32863,937
8533,937
2226,937
18492,937
2156,937
2156,937
2156,937
37000,937
22503,1157
4303,1157
37196,1157
34792,1157
34569,1157
34763,1157
11801,1157
35479,1157
25753,1157
19821,1157
15188,1157
15488,1157
10633,1157
31360,1157
2702,1157
35427,1157
28908,971
12867,971
16465,971
23286,971
37075,971
30826,971
925,971
14909,971
12478,971
14528,971
8084,971
28464,971
4261,971
18559,971
33262,971
19225,971
25130,971
9185,971
28857,971
25136,971
29482,971
34942,1344
29330,1344
23994,1344
35308,1344
29618,1344
32548,1344
13100,1344
32009,1344
5632,1344
25570,1344
36872,1344
18357,1295
21990,1295
29119,1295
37176,1295
12087,1295
610,1295
33388,1295
24869,1295
521,1295
8983,1295
35479,1295
11929,1295
28880,1295
17348,1295
6401,1295
19366,1295
7560,1295
14885,1295
29490,1295
3750,1295
7188,1295
7946,1295
25942,1295
2902,1295
33789,1295
17868,1295
22762,1295
6654,1295
7846,1295
25504,1295
3747,1295
1751,1295
29054,1295
30181,1295
1751,1295
17946,1295
3658,1295
16864,1295
714,1295
31790,1295
10995,1295
16590,1295
6333,1295
457,1295
15581,1295
8171,1295
33010,1295
28773,1295
11476,1295
27574,1295
29311,1295
10303,1295
12358,1295
20698,1295
36634,1295
5286,1295
2367,1295
38122,1295
32922,1295
28047,1295
26732,1295
22619,1295
13462,1295
23071,1295
35428,1295
15518,1295
22633,1295
38196,1295
3763,1295
12805,1295
4333,1295
36954,1295
209,1295
5286,1295
838,1295
23344,1295
26310,1295
38628,1295
22917,1156
26830,1156
4641,1156
26428,1156
17505,1156
29520,1156
18899,880
16602,880
33125,880
26005,880
21734,880
29714,880
30021,880
23703,880
35879,880
14279,880
33152,880
28733,1111
23654,1111
33076,1111
16370,1111
38008,1111
33076,1111
34104,1111
1445,1111
8307,1111
38251,1111
30051,1111
36421,1111
33135,1111
36896,1268
27269,838
27735,838
5861,838
24955,838
31768,838
11646,838
30491,838
9218,838
27067,838
23420,838
26791,838
2957,838
797,838
1803,838
19497,838
35720,838
38152,1269
35779,1269
37299,1269
36989,1269
23008,1269
8983,1269
35059,1269
33551,1269
31410,1269
7158,1269
27677,1269
32905,1269
22925,1269
24500,1269
34231,1269
35385,1269
36715,1269
23470,1269
32109,1269
27517,1269
37702,1269
35840,1339
2883,1339
23867,1339
23867,1339
38486,1339
4786,1339
38486,1339
18604,1339
38633,1339
38633,1339
32752,1339
38684,1339
32928,1339
23867,1339
29548,1339
4823,1339
23867,1339
35716,1339
4786,1339
38633,1339
38633,1339
38633,1339
38633,1339
38633,1339
32416,1339
16728,1339
4823,1339
1472,1339
18369,1339
25653,1339
19282,1339
16755,1339
4477,1339
11007,1339
32503,1339
37633,1339
34941,862
13243,862
8388,862
6129,862
32127,862
31,862
47,862
9944,862
36413,862
37402,862
7866,862
29557,862
34791,862
3427,862
37480,862
9231,862
22151,862
12179,862
16611,862
33021,862
29218,862
29219,862
5611,862
6834,862
10094,862
33264,862
37582,862
12784,862
1763,862
9493,862
8836,862
7919,862
14751,862
172,862
5263,862
36117,862
34890,862
14169,862
20196,862
9318,862
33379,862
26546,862
35005,862
5227,862
15487,862
20261,862
13163,862
8607,862
33925,862
12110,862
1804,862
30820,862
1939,862
10647,862
1638,862
14239,862
36881,862
35414,862
37007,862
21214,862
9842,862
3424,862
26001,862
6587,862
16446,862
32595,862
15252,862
28859,862
33850,862
28995,862
32189,862
13252,862
5664,862
20617,862
5721,862
31351,862
32958,862
32445,862
24181,862
11573,862
22537,862
15548,862
11338,862
34670,862
14027,862
35560,862
8842,862
22816,862
9403,862
27521,862
18568,862
15526,862
3141,862
31681,862
20386,862
23323,862
26995,862
21937,862
8958,862
35294,862
14027,862
21659,874
989,874
21264,874
33884,874
4229,874
13711,874
33161,874
24387,874
32010,874
26675,874
2408,874
2051,874
13942,874
36389,874
35737,874
10219,874
35737,874
2097,874
12356,874
21930,874
9024,874
9198,874
11250,874
4257,874
23782,874
25540,874
1837,874
25236,874
15653,1107
4258,1107
18723,1107
15666,1107
18967,1107
14464,1107
12993,1107
7115,1107
16317,1107
16594,1107
15250,1107
1647,1107
8248,1107
6678,1107
24449,1107
17544,1107
15162,1107
2673,1107
35121,1107
27606,1107
8280,1107
25264,1107
16656,1107
4374,1107
1634,1107
34792,1107
26802,1107
24647,1107
10089,1107
11127,1107
21217,1107
31350,1107
10019,1107
19074,1107
35853,1107
30593,1107
26627,1107
30133,1107
24647,1107
19215,1107
3003,1107
29762,1107
16236,1107
37796,1107
7635,1107
365,1107
10855,1107
10213,1107
3668,1107
1448,1326
24163,1326
8832,1326
31477,1326
2815,1326
8949,1326
22520,1326
838,1326
8315,1326
35565,1326
23121,1326
15138,1326
12567,1326
33981,1326
33981,1326
17150,1326
22612,1326
22531,1326
12744,1326
38498,1326
22725,1326
5055,1326
19102,1326
36249,1326
33981,1326
33427,1326
8337,1326
38110,1326
38110,1326
38697,1326
25116,1326
20179,1326
34372,1326
36960,1326
37367,1326
31569,1326
13560,1326
37431,1326
13215,1326
700,1326
6770,1326
1797,1326
8278,1326
26279,1326
30687,1326
30687,1326
20061,1326
20061,1326
31762,1326
29261,1326
21990,1326
34968,1326
38697,1326
24164,1326
33981,1326
20446,1326
38603,1228
37845,1228
37826,1228
38066,1228
37847,1228
37975,1228
37849,1228
37859,1228
37874,1228
38021,1228
37802,1228
37850,1228
37349,1228
37961,1228
37876,1228
37979,1228
38028,1228
37855,1228
38046,1228
37319,1228
37768,1228
37866,1228
37815,1228
38016,1228
37870,1228
37875,1228
37840,1228
37867,1228
38027,1228
37686,1228
37943,1228
37844,1228
38018,1228
37825,1228
37817,1228
37962,1228
37976,1228
38026,1228
38019,1228
35200,1228
37939,1228
37908,1228
37879,1228
37878,1228
37883,1228
37952,1228
37834,1228
37880,1228
37929,1228
37884,1228
37932,1228
37889,1228
37931,1228
37888,1228
37933,1228
37890,1228
37950,1228
37891,1228
37954,1228
37988,1228
37981,1228
37968,1228
37940,1228
37941,1228
37899,1228
37897,1228
37898,1228
37813,1228
37944,1228
37835,1228
37806,1228
37901,1228
37906,1228
37946,1228
37822,1228
37824,1228
37930,1228
37746,1228
37911,1228
37831,1228
37917,1228
37910,1228
37919,1228
37801,1228
37920,1228
37966,1228
37809,1228
37956,1228
37926,1228
37821,1228
37955,1228
37811,1228
37856,1228
37969,1228
38098,1228
37673,1228
37799,1228
37683,1228
37659,1228
37770,1228
37819,1228
37713,1228
38080,1228
37667,1228
37793,1228
37747,1228
37681,1228
37938,1228
37860,1228
37861,1228
38104,1228
37674,1228
37682,1228
38097,1228
37676,1228
38113,1228
38109,1228
37684,1228
37857,1228
37846,1228
37803,1228
37814,1228
38079,1228
37714,1228
38057,1228
37677,1228
37827,1228
37865,1228
37780,1228
38059,1228
37749,1228
37723,1228
37851,1228
37725,1228
37781,1228
37838,1228
38047,1228
37715,1228
37837,1228
37717,1228
37724,1228
38033,1228
37666,1228
21926,1228
38181,1228
38429,1228
34339,1228
10060,877
23173,877
26456,877
36083,877
26785,877
20129,877
17022,877
1153,877
11747,877
26809,877
27436,877
21143,877
21522,877
19419,877
23703,877
24596,877
19206,877
14933,877
14931,877
6109,877
6127,877
24375,877
9689,877
7310,877
16602,877
10143,877
12380,877
16602,877
29711,877
24596,877
2666,877
2207,877
34004,877
6049,877
1305,877
2386,877
25655,877
29841,877
16900,877
36595,877
18761,877
13711,877
34344,877
11220,877
30892,877
25964,877
5567,877
16367,877
26919,877
35991,877
36084,877
31248,877
23652,877
18545,877
8633,877
24387,877
10392,877
3066,877
37323,877
23837,877
26605,877
7650,877
33075,877
3511,877
28653,877
24891,877
25515,877
25064,877
23606,877
26210,877
2964,877
21921,877
25761,877
22581,877
17276,877
36151,1209
11530,1209
38469,1209
27284,1209
33353,1209
26698,1209
37437,1209
27998,1209
12370,1209
37935,1209
22920,1209
38391,1209
27686,1209
38258,1209
38153,1209
31743,1209
38506,1209
38244,1209
38631,1209
10744,1209
31723,1209
11967,1209
7806,1209
3806,1209
26001,1209
33036,1209
38600,1209
29479,1209
27284,1209
17859,1209
11442,1209
34023,1209
12898,1209
29925,1209
27284,1209
951,1209
26689,1209
21252,1209
7572,1209
115,1209
1206,1209
23097,1209
33385,1209
9797,1209
23313,1122
7710,1122
16520,1122
12857,1122
37635,1122
5438,1122
35834,1122
25680,1122
32287,1122
32443,1122
25984,1122
27393,1122
21300,939
13747,939
11544,939
1546,939
10889,939
7449,939
26722,939
34798,939
35425,939
16254,939
29427,939
10657,939
27200,939
11285,939
31344,939
32334,939
13112,939
18818,939
13639,939
9528,939
24688,939
33811,939
6828,1283
17938,1283
16449,1283
35111,1283
12108,1283
35475,1283
36742,1283
37129,1283
35358,1283
27135,1283
36342,1283
37076,1283
27489,1283
29165,1283
18972,1283
34970,1283
29444,1283
31765,1283
24686,1283
7116,1283
32163,1283
6455,1283
38401,1283
37583,1283
26888,1283
36929,1283
29181,1283
29837,1283
17510,1283
38135,1283
17314,1283
27682,1283
36371,1283
38691,1283
13440,1283
11937,1283
34290,1283
30588,1283
38131,1283
38462,1283
14206,836
22724,836
33455,836
12756,836
6355,836
31137,836
13378,836
9678,836
11153,836
14756,836
2145,836
7010,836
25945,836
1223,836
32327,836
21106,836
7312,836
28936,836
15728,836
37279,836
5540,836
1560,836
1938,836
3570,836
8729,836
10766,836
22839,836
37410,836
27356,836
31946,836
18056,836
852,836
12891,826
33666,826
22365,826
3975,826
32127,826
7354,826
37535,826
28523,826
29448,826
2118,826
12784,826
37128,826
2178,826
3628,826
29975,826
23243,826
16446,826
5130,826
248,826
20289,826
2919,826
22458,826
25030,826
34893,826
34423,826
16228,826
13481,826
35414,826
37007,826
7362,826
879,826
1215,826
13974,826
7438,826
34138,826
29397,826
6936,826
2378,826
20967,826
3693,826
1691,826
36942,826
30292,826
36560,826
538,826
5843,826
13497,826
27961,826
5772,826
12341,826
28629,826
3699,826
15274,826
14450,826
2662,826
16413,826
29109,826
2492,826
6180,826
19075,826
8920,826
12100,826
15274,826
26499,826
33380,826
31154,826
35104,826
33605,826
32371,826
6466,826
24233,826
4783,826
35560,826
37524,826
37362,826
23137,826
14374,826
14201,826
18422,826
32508,826
5773,826
4635,826
18176,826
22302,826
30587,826
29449,826
571,826
14135,826
16831,826
13949,826
27464,826
37384,826
27313,826
30587,826
29608,826
9958,826
26757,826
29616,826
32508,826
32625,826
32227,826
33558,826
11250,826
27250,826
30866,826
14169,826
18952,826
11741,826
27383,826
20264,826
13017,826
20264,826
7714,826
28987,826
23780,826
36241,826
31890,826
14168,826
5928,1084
4730,1084
24137,1084
28478,1084
1631,1084
23633,1084
11363,1084
11053,1084
11826,1084
24110,1084
1892,1084
11099,1084
22057,1084
10235,1084
10056,1084
4182,1084
5543,1084
21547,1084
37199,1084
5969,1084
8719,1084
38475,1084
25136,1084
24299,1261
618,1261
13472,1261
7408,1261
36478,1261
7887,1261
16439,1261
26308,1261
16937,1261
35610,1261
17796,1261
12482,1261
23345,1261
5304,1261
5954,1261
24299,1261
27435,1261
3439,1261
1248,1261
38429,1261
18240,950
13974,950
16120,950
16417,950
2919,950
32772,950
3597,950
97,950
17770,950
15184,950
8487,950
30290,950
35981,950
19260,950
18024,950
18025,950
27530,950
4783,950
9515,950
27857,950
28199,950
7584,950
36807,950
18993,950
37704,950
31638,950
31229,1334
5840,1334
9356,1334
25688,1334
26713,1334
15497,1334
13132,1334
34426,1334
11087,1334
7253,1334
23123,1334
35565,1334
794,1334
886,1334
17618,1334
28542,1334
33059,1334
13507,1334
34681,1334
13540,1334
2925,1334
11694,1334
31085,1334
26139,1334
24795,1334
32424,1334
24795,1334
26845,1334
5296,1334
13132,1334
31229,1334
38682,1334
9697,1334
37773,1334
32940,1334
37744,1334
37744,1334
20936,1378
26658,1378
25063,1378
38614,1378
26173,1378
38107,1378
33868,1378
17040,1378
35422,1378
33779,1378
26485,1378
28815,1378
11859,1378
34884,1378
17392,1378
22891,1378
27714,1378
38127,1270
28942,1270
20600,1270
30182,1270
30980,1270
24867,1270
14656,1270
24866,1270
25880,1270
25654,1270
25669,1270
20997,1270
32775,1270
26893,1270
32776,1270
18580,1270
35043,1270
27187,1270
17952,1270
24864,1270
18582,1270
32777,1270
9269,1270
24861,1270
23019,1270
25375,1270
27038,1270
26168,1270
24880,1270
30979,1270
25285,1270
24881,1270
25667,1270
27203,1270
24579,1270
24879,1270
18581,1270
24873,1270
24863,1270
27207,1270
21394,1270
24878,1270
25397,1270
24872,1270
27096,1270
20906,1270
26141,1270
24865,1270
26167,1270
11098,1270
11098,1270
11610,1270
24043,1270
28588,1270
33915,1270
31300,1270
38457,1270
32943,1270
36982,1270
22316,1270
33980,1270
29679,1270
26748,1081
26780,1081
23113,1081
31251,1081
12652,1081
2090,1081
25922,1081
35740,988
17129,988
442,988
2453,988
27847,988
17056,988
4677,988
18220,988
3780,988
5386,988
23708,988
14434,988
18052,988
7976,988
23162,988
31674,988
33469,988
12869,988
22229,988
23665,988
22269,988
14873,988
3623,988
4501,988
20110,988
175,988
2363,988
31479,988
1252,988
5148,988
11352,988
9692,988
15069,988
6109,988
176,988
32625,988
5528,988
25510,988
24212,988
35414,988
37007,988
36030,988
4110,988
20588,988
13997,988
34320,988
17405,988
22113,988
17231,988
2383,988
18024,988
16228,988
2628,988
18476,988
12168,988
4684,988
24070,988
10245,988
11936,988
5773,988
25616,988
22093,988
35242,988
8964,988
35242,988
3577,988
10053,988
21204,988
15184,988
10063,988
21151,988
24567,988
24966,988
30362,988
4529,988
27003,988
22774,988
17148,988
6049,988
1694,988
9521,1244
21478,1244
17822,1244
25236,1244
35470,1244
6278,1244
16233,1244
5526,1244
38614,1244
14370,1244
31085,1244
11338,1244
25799,1244
28047,1244
8871,1244
21926,1130
15667,1130
22939,1130
22952,1130
1697,1130
29341,1130
20457,1130
28844,1130
8722,1130
4461,1130
35647,1130
7334,1130
28621,1130
23021,1130
38024,1130
2597,1130
32523,1130
33536,1130
29737,1130
14809,1130
8310,1130
18534,1130
37892,1130
22792,1130
27638,1130
36347,1130
4720,1130
22749,1130
32044,1130
20651,1130
9597,1130
687,1130
36170,1130
5119,1130
6186,1130
7733,1130
17443,1130
6845,1130
31043,1130
8722,1130
8577,1130
4477,1130
38491,1130
38491,1130
38491,1130
37097,1130
2136,1130
38238,1130
26680,1130
8204,1130
2597,1130
14851,1130
32503,1130
27180,1130
27180,1130
36506,1130
1620,1130
37392,1130
9238,1130
23106,1130
33018,1130
33931,1130
37590,1130
37143,1130
26467,1231
38570,1231
37648,1231
2002,1231
37416,1231
38469,1231
38435,1231
12284,1231
5075,1231
5075,1231
15112,1231
26287,1231
13622,1231
22468,1231
8775,1231
30754,1231
37959,1231
30708,1231
38563,1231
37512,1231
31882,1231
22940,1195
36462,1195
30263,869
15165,869
23173,869
26456,869
27571,869
3431,869
24375,869
25150,869
3931,869
30181,869
6122,869
21405,869
12380,869
26605,869
14258,869
3467,869
18791,869
2320,869
17069,869
37658,869
8836,869
20110,869
16014,869
2207,869
17764,869
17933,869
3066,869
979,869
2666,869
1063,869
6889,869
31248,869
5425,869
11758,869
21376,869
19865,869
4610,869
33404,869
34004,869
13373,869
33073,869
20017,869
29314,869
35773,869
2104,869
24230,869
10354,869
10414,869
35879,869
33548,869
4736,869
36430,869
19808,869
19865,869
14597,869
6049,869
3774,869
26809,869
25540,869
4736,869
26210,869
22581,869
7517,1305
461,1305
20840,1305
1837,1305
36034,1305
23611,1305
28167,1305
33499,1305
18135,1305
16199,1305
36273,1305
24657,1305
7385,1305
31879,1305
22952,1305
9086,1305
5836,1305
26478,1305
33618,1305
20343,1305
38573,1305
15697,1305
37522,1305
19341,1305
30371,1305
37141,1305
9061,1305
20039,1305
1817,1305
34707,1305
1066,1305
20829,1305
3937,1305
22922,1305
16882,1305
22988,1305
36211,1305
6237,1305
23675,1305
23544,1305
19602,1305
37071,1305
5847,1305
3385,1305
32816,1305
14828,1305
8188,1305
18052,1305
24224,1290
28030,1290
16020,1290
22686,1290
31304,1290
38596,1290
15257,1290
15257,1290
1315,1290
33342,1290
33389,1290
18101,1290
35713,1290
23128,1290
31765,1290
38275,1290
27145,1290
37691,1290
35690,1290
36656,1290
38663,1290
38116,1290
26501,1290
13022,1290
38203,1290
22685,1290
25811,1290
13737,1290
34054,1290
36840,1290
32349,1290
6312,1290
17986,1290
7814,1290
6069,1290
20780,1290
10800,1290
7875,1290
14964,1290
18126,1290
9227,1290
26128,1290
11937,1290
28994,1290
5479,1290
36147,1290
35677,1290
27046,1290
22726,1290
24110,1290
27323,1290
25677,1290
28256,1290
28256,1290
35711,1290
4014,1290
7224,1290
13010,1290
9912,1290
27008,1290
20122,1290
5446,1290
31413,1290
14762,1290
28554,1290
30963,1290
12500,1290
3618,1290
35602,1290
22693,1290
38195,1290
17510,1290
6514,1290
3264,1290
34970,1290
18972,1290
37711,1290
7692,1290
33117,1290
2110,1290
9171,1087
24856,1087
31931,1087
36421,1087
27684,1087
13187,1087
34212,1087
25916,1087
33551,1087
11306,1087
25342,1087
17849,1087
34874,1087
32310,1087
27472,1087
28198,1087
28198,1087
20128,1087
38274,1087
38274,1087
37375,1087
38348,1087
27199,1087
15387,1125
15470,1125
7758,1125
18761,1125
11567,1125
32986,1125
8478,1125
38245,1125
17024,1125
1275,1125
13378,1125
7899,1125
7667,1125
24298,1125
16410,1125
38124,1125
24671,1125
19103,1125
37582,1125
13724,1125
2182,1125
6482,1125
38041,1125
10865,1125
2244,1125
33153,1125
12530,1125
5737,1125
38291,1125
21800,1125
38309,1125
38309,1125
38041,1125
22233,1125
3003,1125
34005,1125
9294,1125
12495,1125
13388,1125
20612,1125
22346,1125
28177,1125
19074,1125
35434,1125
34096,1125
36667,1125
14367,1125
19340,1125
36730,1125
14782,1125
16368,1125
3695,1125
27553,1125
14207,1125
13691,1125
24985,1125
33428,1125
28742,1125
22590,1125
22590,1125
14226,1125
30739,1125
1668,1125
21800,1125
23345,1125
9074,1125
25696,1125
38343,1125
38343,1125
31315,1125
36793,1125
26690,1125
35714,1125
35714,1125
35714,1125
13724,1125
36793,1125
12690,1125
12690,1125
12690,1125
34324,1278
30116,1278
28964,1278
17643,1278
37320,1278
1466,1278
17885,1278
12144,1278
37532,1278
35946,1278
12144,1278
29418,1278
785,1278
19758,1278
38683,1278
33585,1278
34349,1278
14634,1278
12144,1278
9675,1278
35782,623
23726,623
8299,623
17060,623
9642,623
31830,623
29916,623
3329,623
18024,623
9186,623
33228,623
27428,623
14144,623
11425,623
29553,623
14173,623
24910,623
7221,623
23681,623
36241,623
27857,623
31067,623
28015,623
1148,1184
21877,1184
76,1184
9691,1184
755,1184
895,1184
5082,1184
1333,1184
34913,1184
26304,1184
12915,1184
8823,1184
11582,1184
3256,1184
38258,1184
33940,1184
17033,1184
2175,1184
2606,1184
32110,1184
32043,1184
13262,1184
13071,1184
30056,1184
30056,1184
8089,1184
26280,1184
23042,1184
33073,1184
8307,1184
11606,1184
35935,1184
1566,1184
33427,1184
3288,1184
18753,1184
31552,1178
17203,1178
37383,1178
34499,1178
35516,1178
20344,1178
34499,1178
14661,1178
35516,1178
2906,1133
762,1133
21502,1133
13977,1133
12099,1133
36883,1133
30211,1133
38245,1133
22499,1133
22542,1133
36017,1133
15175,1133
11740,1133
24069,1133
5976,1133
38331,1133
36634,1133
38222,1133
5048,1133
37736,1133
6389,1133
1904,1133
2958,1133
2234,1133
37556,1133
15777,1133
10146,1133
35864,1133
34052,1072
30,1072
28683,1072
37121,1072
6072,1072
29219,1072
30494,1072
17886,1072
12255,1072
1781,1072
13197,1072
8850,1072
12645,1072
7850,1072
5328,1072
34560,1072
6565,1072
9446,1072
38185,1072
1983,1072
38185,1072
8183,1072
8365,1072
33712,1072
21723,1072
14891,1072
8800,1072
6449,1072
14806,1072
1983,1072
38056,1072
35608,1072
26533,1072
20388,1072
8043,1072
24551,1072
27707,1072
31744,1072
23148,1072
7875,1072
24551,1072
20522,1072
38001,1072
11556,1072
25099,1072
35464,1072
26870,1072
33221,1072
18151,1072
17482,1072
1983,1072
8560,1072
18565,1072
29423,1072
3963,1072
1200,1072
27660,1072
32156,1072
14340,1072
31051,1072
17482,1072
8560,1072
28398,1072
8747,1072
25401,1072
1717,1072
3088,1072
14806,1072
32586,1072
38119,1072
31052,1072
32018,1072
12319,1072
35111,1072
20755,1072
7137,1072
31643,1072
19403,1072
6565,1072
30751,1072
12719,1072
33086,1072
33156,1072
29949,1072
27726,1072
33086,1072
14610,1072
10498,1072
4993,1072
32535,1072
18508,1072
14804,1072
19553,1072
20081,1072
19468,1072
1725,1072
38228,1072
38228,1072
15006,1072
19607,1072
22262,1072
20880,1072
30060,1072
2318,1072
23633,1072
4914,1072
23251,1072
16120,1072
32890,1072
22836,1072
5334,1072
14114,1072
26031,1072
13744,1072
7172,1072
11881,1072
16631,1072
28594,1072
11534,1072
10192,1072
19508,1072
29149,1072
28022,1072
7763,1072
34551,1072
21247,1072
15310,1072
6370,1072
8607,1072
20044,1072
32655,1072
21412,1072
6185,1072
13586,1072
31460,1072
28690,1072
27231,1072
36891,1072
10995,1072
5498,1072
38377,1072
27789,1072
16742,1072
13379,1072
24403,1072
18628,1072
36525,1072
38161,1072
8278,1072
24972,1072
10879,1072
23604,1072
29131,1072
22346,1072
18903,1072
26448,1072
28655,1072
26448,1072
29131,1072
5357,1072
12526,1072
26155,1072
13506,1072
26576,1072
38089,1072
25550,1072
27161,1072
13100,1072
26310,1072
22434,1072
11643,1072
25838,1072
22877,1072
33325,1072
33325,1072
24283,1072
24283,1072
31910,1072
33325,1072
27962,1072
33705,1072
13865,1072
18773,1072
8811,1072
37761,1072
11111,1072
34085,1072
18356,1072
38269,1072
38269,1072
38269,1072
38269,1072
17482,1072
8176,1072
14806,1072
26521,1072
23110,1072
25411,1072
13293,1072
15319,1072
9638,1072
20583,1072
26879,1072
10783,1072
14848,1072
8657,1072
19723,1072
10620,1072
17991,1072
19065,1072
22710,1072
26268,1072
13722,1072
22783,1072
10935,1072
20642,1072
20122,1072
6328,1072
4267,1072
24197,1072
13840,1072
20325,1072
26799,1072
22159,1072
18750,1072
2886,1072
9807,1072
19761,1072
38011,1072
21844,1072
26728,1072
10869,1072
27105,1072
1983,1072
6555,1072
17023,1072
18905,1072
18905,1072
22764,1072
36952,1072
32850,1072
31006,1072
8249,1072
24501,1072
24501,1072
28486,1072
7579,1072
35576,1072
674,1072
22614,1072
18814,1072
9867,1072
12919,1072
25600,1072
14816,1072
35008,1072
17526,1072
11528,1072
8259,1072
2329,1072
26206,1072
25074,1072
8616,1072
26027,1072
37651,1072
17855,1072
17558,1072
27359,1072
6550,1072
3911,1072
26338,1072
22994,1072
15980,1072
18977,1072
33424,1072
19970,1072
33184,1072
29509,1072
19970,1072
23726,1072
25204,1072
30972,1072
36281,1072
11194,1072
34560,1072
33805,1072
15038,1072
36946,1072
1747,1072
12486,1072
24511,1072
38192,1072
6246,1072
9656,1072
27468,1072
9334,1072
11414,1072
38475,1072
27149,1072
28445,1072
21617,1072
37864,1227
23991,1227
20112,1227
28851,1227
26051,1227
11304,1227
21921,1227
7324,1227
16264,1227
11373,1227
5343,1227
15166,1227
23960,1227
38575,1227
21649,1227
21649,1227
8884,1227
18136,1227
7328,1227
32101,1227
29365,1227
9986,1227
19019,1227
37538,1227
23365,1227
12999,1227
2902,1227
23779,1227
10666,1227
28013,1227
11964,1227
2378,1227
8329,1227
4977,1104
32238,1104
1220,1104
15618,1104
34678,1104
26243,1104
13183,1104
20827,1104
1123,1104
35883,1104
2919,1104
3018,1104
8719,1104
2222,1104
2182,1104
1631,1104
17015,1104
30494,1104
15726,1104
34249,1104
13210,1104
29961,1104
12769,1104
10191,1104
2089,1104
5226,1104
1882,1104
27135,1104
15142,1104
19145,1104
32616,1104
25928,1104
21809,1104
30517,1104
30184,1104
28711,1104
38392,1104
26210,1104
6882,1104
3911,1104
15997,1104
16763,1104
5628,1104
13604,1104
38308,1104
17663,1104
11197,1104
21657,1104
35152,1104
21657,1104
28632,1104
16368,1104
31310,1104
8243,1104
29961,1104
15726,1104
34620,1104
22824,1104
2122,1104
10885,1104
14201,1104
35299,1104
19553,1104
18719,1274
8810,1274
37320,1274
35384,1274
27857,1274
17099,1274
32453,1274
33095,1274
38304,1274
32453,1274
24955,1274
137,1274
2424,1274
17274,1274
10184,1274
11007,1274
19758,1274
24713,1274
32022,1274
22349,580
31691,580
13647,580
25140,580
23847,580
11435,580
4588,580
2340,580
24774,580
27005,580
6666,580
36560,580
6673,580
15386,580
18422,580
902,580
14414,580
25393,580
10046,580
29328,580
37348,580
17819,580
12870,580
31926,580
6300,580
35541,580
35414,580
31585,580
6177,580
35231,580
21240,580
1738,580
1289,580
5103,580
16247,580
37128,580
26059,580
35005,580
7149,580
31848,580
36383,580
23784,580
33591,580
14273,580
17686,580
22210,580
265,580
30431,580
33264,580
16450,580
31526,580
14023,580
5864,580
35659,580
27464,580
22176,580
14953,580
24909,580
5173,580
29517,580
12663,580
35406,580
11339,580
28768,580
35965,580
7584,580
2292,580
31110,580
34296,580
16656,580
35763,580
17016,580
14680,580
23323,580
18331,580
14835,580
23325,580
13891,580
37257,580
16851,580
32344,580
25024,580
11966,580
4720,580
5803,580
2340,580
24541,580
6466,580
24750,580
30639,580
1707,580
29127,580
35809,580
21829,580
26518,580
13342,580
25787,580
36812,580
33493,580
14583,580
22421,580
34936,580
14058,580
4741,580
29397,580
23421,580
35858,580
16605,580
22233,580
33756,580
9318,580
36294,580
14350,580
33705,580
35913,580
6791,580
34140,580
12183,580
25344,580
14109,580
22468,580
15993,580
28665,580
5652,580
22951,580
15252,580
27086,580
17934,580
9735,580
11757,580
13108,580
3161,580
27521,580
25700,580
11855,580
23279,580
34069,580
10322,580
9586,580
36099,580
12357,580
17588,944
15420,944
36935,944
12638,944
10369,944
1482,944
14835,944
15220,944
26073,944
3228,944
29006,944
14917,944
32334,944
18692,944
7135,944
20540,944
7360,944
2287,944
31953,944
20137,944
1722,944
18609,944
10173,944
37048,944
36547,944
19336,944
34872,944
18921,944
25630,944
32457,944
24401,944
36476,944
6432,944
27857,944
37045,944
4319,944
11783,944
37461,944
6692,944
4697,944
22766,944
8810,944
30946,944
12370,944
28762,944
35525,944
351,949
6317,949
35997,949
22998,949
8854,949
154,949
87,949
19796,949
22499,949
12233,949
33278,949
26253,949
36909,949
2210,949
5512,839
31781,839
33604,839
6929,839
5820,839
12568,839
22724,839
28936,839
21840,839
18612,839
5720,839
17022,839
28024,839
13842,839
18621,839
13981,839
36021,839
562,839
5403,839
22934,839
19708,839
7310,839
15239,839
25030,839
8041,839
24393,839
6714,839
14518,839
4214,839
1938,839
33850,839
25631,839
20201,839
36160,839
14642,839
18056,839
13952,1242
24032,1242
16958,1242
32812,1242
26467,1242
13388,1242
31917,1242
38432,1242
38654,1242
38654,1242
37437,1242
38258,1242
32623,1242
18983,1242
22874,1242
20969,1242
34674,1242
38506,1242
37585,1242
37997,1242
7188,1242
35287,1242
38603,1242
13802,1242
7225,1242
11338,1242
38626,1242
38626,1242
1911,1242
31894,1242
31636,1242
27363,1242
17160,1242
17585,1242
26253,1242
31686,1242
33036,1242
8379,1242
4241,1242
6853,1242
38667,1242
36098,1242
618,1258
23938,1258
33318,1258
16439,1258
24367,1258
5954,1258
30035,1258
10678,1258
17796,1258
9937,1258
18151,1258
913,1258
7276,1258
8592,1169
37424,1169
38310,1169
35456,1169
26,1169
6067,1169
38303,1169
6067,1169
38303,1169
6067,1169
11887,1169
1214,1169
254,1169
36561,1169
38405,1169
38403,1169
9386,1169
38378,1169
7673,1169
38327,1169
12012,1169
13421,1169
37991,1169
26477,1169
28665,1169
38162,1169
33757,1169
37166,1169
37166,1169
13794,1169
31807,1169
23115,1169
36224,1169
9210,1169
16512,1169
35929,1169
37894,1169
12915,1169
22254,1169
6344,1169
11544,1169
13632,1169
26268,1169
36325,1169
31996,1169
8592,1169
25304,1169
32587,1169
13536,1169
37792,1169
31672,1169
19765,1169
33583,1169
19154,1169
27086,1169
27086,1169
27435,1169
27435,1169
8464,1169
8,1169
17168,1169
17168,1169
38447,1169
3231,1169
1341,1169
6080,1169
10945,1169
31313,1169
8757,1169
25889,1169
22541,1169
37862,1169
19873,1169
1118,1169
27999,1169
21252,1169
279,1169
7638,1169
38204,1169
38204,1169
11159,1169
33472,1169
34189,1169
32894,1169
21214,1169
32802,1169
31800,1169
9790,1169
2018,1169
38121,1169
34664,1264
24048,1264
13472,1264
8297,1264
22372,1264
15094,1264
31628,1264
16906,1264
15010,1264
37712,1264
3427,1264
22144,1264
17119,1264
18800,1264
18586,1264
35826,1264
30688,1264
36478,1264
34410,1264
18028,1264
10001,1264
27298,1264
14828,1264
19299,1264
38078,1264
31929,1264
32224,1264
14169,1264
31214,1264
23363,1264
28813,1264
17512,1264
2401,1160
475,1160
23222,1160
27042,1160
20119,1160
34884,1160
3815,1160
10361,1160
25210,1160
24403,1160
14054,1160
8816,1160
2201,1160
22891,1160
802,1160
5811,1160
8585,1160
27177,1160
16048,1160
27177,1160
35642,1160
29224,866
14361,866
26784,866
21389,866
8030,866
21494,866
11294,866
14626,866
36413,866
913,866
25614,866
18922,866
18922,866
21689,1234
19765,1234
20871,1234
13596,1234
36946,1234
22389,1234
36462,1234
25558,1234
7845,1234
5217,1234
5893,1234
29560,1234
31140,1234
20989,1234
5099,1234
8699,1234
5258,1234
24799,1234
18893,1234
19291,1234
15104,1234
34164,1234
23785,1234
26932,1234
4172,1234
30060,1234
33175,1234
23893,1234
30533,1234
5375,1234
23697,1234
35925,1234
14020,1234
26056,1234
38043,1234
32504,1234
32115,1234
19468,1234
23463,1234
36706,1234
14124,1234
26994,1234
17457,1234
32966,1234
34659,1234
15543,1234
22213,1234
25600,1234
16088,1234
19658,1234
25070,1234
27020,1234
20114,1234
21127,1234
15151,1234
24672,1234
17387,1234
17040,1234
16746,1234
19954,1234
2199,1234
29262,1234
25553,1234
24904,1234
11631,1234
11859,1234
38094,1234
7340,1234
36249,1234
19361,1234
23750,1234
12628,1234
17790,1234
36579,1234
12628,1234
32485,1234
13770,1234
21569,1234
23689,1234
34339,1234
17392,1234
24453,1234
30822,1234
26775,1234
12473,1234
31750,1234
25804,1234
12170,1234
32297,1234
19676,1234
34085,1234
34026,1234
21689,1234
15761,1234
38180,1234
9694,1234
29748,1234
33253,1234
32447,1234
12788,1234
11545,1234
23156,1234
10985,1234
13425,1234
20612,1234
6516,1234
8350,1234
16159,1234
7473,1234
16104,1234
10312,1234
26101,1234
25545,1234
33033,1234
36978,1234
24809,1234
6185,1234
28398,1234
9166,1234
16869,1234
17558,1234
21956,1234
20255,1234
5641,1234
18489,1234
22925,1234
7158,1234
6820,1234
38738,1234
21920,1234
15954,1234
11403,1234
28041,1234
25607,1234
38107,1234
3970,1234
13388,1234
17490,1234
17490,1234
28611,1234
9108,1234
36204,1234
29291,1234
32660,1234
13217,1234
36019,1234
10431,1234
22163,1234
21765,1234
20275,1234
20897,1234
16935,1234
21772,1234
5807,1234
12251,1234
14949,1234
4950,1234
35375,1234
6992,1234
25551,1234
19309,1234
21808,1234
37629,1234
35626,1234
5357,1234
25869,1234
23086,1234
38496,1234
31374,1234
21400,1234
22305,1234
16666,1234
27594,1234
20072,1234
31606,1234
18923,1234
26251,1234
12907,1234
38580,1234
18401,1234
27684,1234
31868,1234
38114,1234
1558,1234
36891,1234
20895,1234
35658,1234
11371,1234
34818,1234
36893,1234
34410,1234
13619,1234
8820,1234
38354,1234
14110,1234
14110,1234
27468,1234
14110,1234
18829,1234
11226,1234
23608,1234
6026,1234
20325,1234
34007,1234
27149,1234
29134,1234
31282,1234
35625,1234
10509,1234
10509,1234
33395,1234
38091,1234
33010,1234
14880,1234
38603,1234
2606,1179
4025,1179
15365,1179
11530,1179
37623,1179
9521,1179
7980,1179
11554,1179
22433,1179
11567,1179
19316,1179
35200,1179
38488,1179
34052,1179
25778,1179
26502,1179
21939,1179
4502,1179
32118,1179
24337,1179
35287,1179
22826,1179
4197,1179
34923,1179
37437,1179
37871,1179
7395,1179
33404,1179
34167,1179
26253,1179
38391,1179
10905,1179
25296,1179
38328,1179
7922,1179
12580,1179
18717,1179
34756,1179
12101,1179
30947,1179
16013,1179
5611,1179
3738,1179
38470,1179
3738,1179
38049,1179
7091,1179
20003,1179
11869,1179
5519,1179
38430,1179
38430,1179
38430,1179
8068,1179
38361,1179
22157,1179
38246,1179
30155,1179
29744,1179
35042,1179
25713,1179
30855,1179
26412,1179
18734,1179
17859,1179
14609,1179
19713,1179
16184,1179
5538,1179
24093,1179
21687,1179
35692,1179
11510,1179
38598,1179
7589,1179
25731,1179
10521,992
23210,992
18297,992
23453,992
7445,992
22365,992
11235,992
32569,992
22354,992
993,992
33859,992
37341,992
37617,992
26960,992
12748,992
377,992
11988,992
169,992
25616,992
33262,992
26960,992
8537,992
4110,992
557,992
23262,992
21093,992
26960,992
22870,992
15298,992
23453,992
374,992
34392,992
12144,992
8255,992
20571,992
16682,992
4838,864
3780,864
10110,864
12638,864
36636,864
18146,864
22204,864
4992,864
19825,864
4992,864
25236,864
11343,864
11451,864
5476,864
7397,864
33319,864
1014,864
20631,864
22113,864
12188,864
2582,864
4783,864
1454,864
36426,864
1014,864
16134,864
36955,864
14239,864
15572,864
18492,864
16134,864
14361,864
13328,864
37365,864
1241,864
16134,864
33339,1206
22431,1206
11111,1206
5047,1206
20473,1206
2044,1206
16251,1206
22562,1206
10865,1206
38229,1206
20851,1206
24452,1206
31962,1206
11928,1206
23498,1206
14985,1206
16884,1206
7207,1206
31762,1206
37993,1206
25961,1206
19775,1206
30013,1206
12532,1206
25962,1206
13976,1206
37480,1206
35855,1206
30418,1206
36288,1206
29598,1206
37542,1206
36406,1206
21772,1206
29598,1206
16884,1206
26079,1206
16922,1206
34484,1206
13388,1206
8843,1206
19539,1206
3165,1206
32721,1206
33308,1206
13348,1206
22595,1206
23298,1206
30387,1206
16922,1206
16922,1206
28636,1206
10064,1206
25685,1206
28743,1206
18871,1206
16432,1206
37406,1206
17248,1206
35642,1206
11797,1206
27973,1206
28227,1206
4759,1206
22543,1206
16446,830
34082,830
2919,830
17090,830
24064,830
6436,830
2854,830
36942,830
8661,830
24064,830
25630,830
30015,830
3062,830
33914,830
15697,830
23674,830
35551,532
2959,532
18113,532
1861,532
17241,532
1659,532
32152,532
8733,532
5629,532
24480,532
5897,532
3443,532
10502,532
7430,532
7770,532
4852,532
1659,532
35990,532
3162,532
13486,532
3511,532
32353,1076
26,1076
10785,1076
286,1076
29183,1076
7983,1076
6751,1076
38214,1076
13669,1076
38378,1076
11125,1076
8850,1076
30179,1076
2816,1076
22877,1076
32895,1076
11887,1076
36932,1076
22355,1076
1015,1076
34866,1076
18314,1076
33757,1076
14185,1076
17068,1076
13345,1076
11125,1076
15390,1076
37991,1076
12500,1076
5978,1076
37892,1076
16148,1076
14609,1076
36072,1076
20104,1076
18461,1076
6473,1076
12971,1076
13696,1076
37385,1076
18097,1076
37833,1076
32835,1076
24916,1076
37833,1076
3372,1076
5460,1076
22457,1076
19261,1076
20454,1076
31996,1076
29385,1076
31897,1076
36408,1076
38142,1076
8071,1076
18867,1076
2021,1076
36408,1076
8071,1076
38119,1076
3741,1076
38119,1076
13345,1076
21939,1076
34974,1076
29032,1076
29032,1076
38471,1076
30878,1076
36408,1076
10476,1076
30878,1076
4046,1076
17859,1076
37244,1076
8638,1076
12753,1076
36043,1076
37199,1076
38217,1076
38217,1076
1651,1076
1022,1076
1935,1076
1434,1076
6221,1076
16216,1076
17455,1076
28478,1076
11125,1076
17455,1076
37521,1076
270,1076
32894,1076
38119,1076
4172,1076
7139,1076
6513,1076
9926,1076
12382,1076
19503,1076
7960,1076
28702,1076
24292,1076
38465,1076
28877,1076
13255,1076
9790,1076
16151,1076
24795,1076
28385,1076
13855,1076
6080,1076
6080,1076
20066,1076
20066,1076
17666,1076
24985,1076
29834,1076
11125,1076
11125,1076
11125,1076
14030,1076
38256,1076
15175,1076
28665,1076
31899,1076
31652,1076
33616,1076
33616,1076
33309,1076
31232,1076
17455,1076
38475,1076
16969,1076
6593,1076
6593,1076
19400,1076
32051,1208
25198,1208
13570,1208
8823,1208
33800,1208
32110,1208
23446,1208
38531,1208
12655,1208
38101,1208
25122,568
22111,568
3683,568
8612,568
11734,568
36613,568
217,568
23823,568
5129,568
2315,568
11555,568
972,568
33397,568
2229,568
32341,568
22837,568
2502,568
4387,568
12095,568
25889,568
22845,568
118,568
37240,568
2392,568
1457,568
5351,568
16882,568
15725,568
26769,568
1815,568
13842,568
10563,568
17543,568
3478,568
20945,568
22008,568
19186,568
24827,568
31313,568
6510,568
4814,568
35118,568
34022,568
18760,568
32465,568
1530,568
19655,568
19985,568
18404,568
22623,568
19310,568
10448,568
7782,568
15859,568
4024,568
27153,568
37008,568
18682,568
374,568
14160,568
37188,568
30362,568
3949,568
21240,568
3141,568
2732,568
18538,568
1678,568
28225,568
15722,568
17329,568
22780,568
16544,568
23670,568
8334,568
9713,568
6996,568
2726,568
21353,568
4495,568
24743,568
15925,568
3221,568
9859,568
33756,568
29417,568
31613,568
16816,568
3229,568
595,568
20204,568
12366,568
34846,568
16337,568
22662,568
15158,568
9712,568
4199,568
6895,568
35414,568
23120,568
10670,568
8035,568
23688,568
23009,568
28153,568
27051,568
2844,568
29768,568
19845,568
3170,568
22231,568
37048,568
8433,568
8725,568
9589,568
29912,568
18,568
3609,568
35205,568
37435,568
9465,568
32089,568
17123,568
1890,568
19817,568
3417,568
22754,568
12292,568
10804,568
1555,568
15957,568
26824,568
7594,568
32640,568
13458,568
35952,568
37110,568
4070,568
28033,568
23183,568
20573,568
6932,568
16523,568
1129,568
26571,568
2579,568
1428,568
8542,568
32259,568
1659,568
22883,568
23610,568
21136,568
14881,568
26504,568
14672,568
36425,568
9490,568
9308,568
17515,568
10981,568
15270,568
19685,568
10698,568
30858,568
2393,568
28870,568
5629,568
32305,568
16543,568
30858,568
36737,568
23144,568
14874,568
36237,568
16055,568
1576,568
37289,568
5701,568
17334,568
18735,568
22198,568
22198,568
10981,568
23704,568
3862,568
18731,568
6426,568
13637,568
29603,568
26503,568
25873,568
7841,568
820,568
25373,568
16896,822
8470,822
26459,822
6557,822
36791,822
10898,822
8374,822
21201,822
24718,822
17934,822
14518,822
16896,822
1508,822
6126,822
13600,822
4947,822
6844,822
18927,822
5777,822
5574,822
1694,822
22564,1098
11575,1098
13844,1098
7143,1098
13700,1098
13828,1098
36313,1098
28113,1098
11428,1098
14840,1098
12452,1098
183,1098
37048,1098
37556,1098
29801,1098
31665,1098
12086,1098
35938,1098
29889,1098
11585,1098
19855,1098
6032,1098
13979,1098
10135,1098
9379,1098
7891,1098
31983,1098
24839,1098
7482,1098
2564,1098
3393,1098
5295,1098
2641,1098
21569,1098
35883,1098
5939,1098
36633,1098
523,1098
30336,1098
15061,1098
29677,1098
14212,1098
5323,1098
31998,1098
2602,1098
35456,1098
5236,1098
23701,1098
914,1098
27599,1098
18616,1098
10551,1098
18426,1098
31370,1098
14754,1098
37989,1098
1747,1098
4768,1098
26712,1098
33713,1098
37190,1098
37671,1098
9096,1098
9096,1098
35733,1098
35733,1098
31273,1098
2602,1098
1699,1098
33694,1348
27777,1348
38656,1348
38388,1348
4895,1348
27713,1348
33618,1348
27780,1348
38616,1348
8935,1348
8620,1348
30185,1348
2919,1348
932,1348
24558,1348
13370,1348
20941,1348
38536,1348
32732,1348
20343,1348
22204,1348
35148,1348
26629,1348
37564,1348
20305,1348
34707,1348
9629,1348
35365,1348
7155,1348
2984,1348
38710,1348
33525,1348
37670,1348
18947,1348
20159,1348
16277,1348
9602,1348
5045,1348
7313,1348
38518,1348
21718,1348
38398,1348
6914,1348
24553,1348
10816,1348
38661,1348
34358,1348
20988,1348
24660,1348
38356,1348
24714,1348
28649,1348
36783,1348
2082,1348
24217,1348
29524,1348
34008,1348
3383,1348
34008,1348
24547,1348
31313,1348
34112,1348
27091,1348
22464,1348
33285,1348
24968,1348
6690,1348
28014,1348
33985,1348
37250,1348
24592,1348
5173,1348
36807,1348
18639,1348
27449,1348
28897,1348
24455,1348
28999,1348
27235,1348
26635,1348
38648,1348
30883,1348
15325,1348
4182,1348
1477,1348
28043,1348
26819,1348
1344,1348
23410,1348
35957,1348
32106,1348
36273,1348
26838,1348
5929,1348
18093,1348
17180,1348
6362,1348
27573,1348
1238,1348
2366,1348
12195,1348
30142,1348
9431,1348
38291,1348
11380,1348
37894,1348
36115,1348
22778,1348
36212,1348
5763,1348
37307,1348
26366,1348
16606,1348
7659,1348
3345,1348
35972,1348
37590,1348
20270,1348
27925,1348
21355,1348
25931,1348
9087,1348
34958,1348
34276,1348
27681,1348
2556,1348
34702,1348
21584,1348
30723,1348
14923,1348
13342,1348
21584,1348
2717,1348
13102,1348
38134,1348
35399,1348
32300,1348
32902,1348
10746,1348
16668,1348
33499,1348
38417,1348
34252,1348
9833,1348
34263,1348
38679,1348
11867,1348
29127,1348
36192,1348
6237,1348
5533,1348
34097,1348
6586,1348
8142,1348
29585,1348
6586,1348
34783,1348
36840,1348
33732,1348
22068,1348
8709,1348
1993,1348
1993,1348
29482,1348
4173,1348
29493,1348
29493,1348
26897,1348
24807,1348
38095,1348
25756,1348
23421,1348
21241,1348
27280,1348
15951,1348
20146,1348
6776,1348
16728,1348
2697,1348
2812,1348
36751,1348
38702,1348
38593,1348
5002,1348
38323,1348
10447,1348
33991,1348
11928,572
2787,572
3420,572
20514,572
10766,572
21656,572
22463,572
3617,572
11672,572
33995,572
3416,572
2220,572
22462,572
34679,572
20310,572
23523,572
18486,572
16450,572
19821,572
4889,572
7674,572
19756,572
2220,572
10670,572
12095,572
10670,572
16461,572
25037,572
2220,572
9539,572
3131,572
25037,572
25037,572
9539,572
13464,1070
7945,1070
34284,1070
8691,1070
17288,1070
37196,1070
26364,1070
17736,1070
9725,1070
22075,1070
37306,1070
33821,1070
37238,1070
17492,1070
18645,1070
17221,1070
18823,1070
22506,1070
30179,1070
37629,1070
9418,1070
14848,1070
16734,1070
18814,1070
25302,1070
16734,1070
20755,1070
25455,1070
15449,1070
4840,1070
16710,1070
24382,1070
24382,1070
14169,1070
34981,1070
36767,1070
29072,1070
10898,1070
20112,1070
19349,1070
15932,1070
19856,1070
10898,1070
23451,1070
23451,1070
12482,1070
6806,1070
22497,1070
22254,1070
36767,1070
32418,1070
9497,1070
12125,1070
2897,1070
13622,1070
4766,1070
1943,1070
16565,1070
32838,1070
38048,1070
16631,1139
2318,1139
37757,1139
7803,1139
885,1139
22421,1139
6348,1139
5166,1139
11014,1139
2397,1139
18569,1139
36228,1139
8616,1139
13696,1139
17886,1139
4818,1139
33712,1139
19954,1139
32897,1139
26447,1139
34117,1150
2222,1150
26784,1150
9349,1150
8801,1150
33331,1150
33318,1150
1292,1150
15188,1150
13442,1150
7846,1150
5031,1150
24511,1150
28366,1150
38231,1150
8937,1150
4538,1150
6940,1150
32604,1150
32604,1150
9077,1150
27494,1150
28602,1150
25748,1150
28022,1150
18434,1150
18434,1150
33884,878
22264,878
30021,878
17656,878
2582,878
25126,878
37480,878
20129,878
21734,878
27571,878
6127,878
9683,878
11293,878
10060,878
15054,878
5365,878
8416,878
858,878
2992,878
30577,878
17598,878
36751,878
32806,878
29711,878
13469,878
15811,878
26005,878
17934,878
25508,878
36944,878
11819,878
5773,878
35082,878
24387,878
34783,878
18692,878
19158,878
13949,878
26361,878
34673,878
25964,878
10612,878
30527,878
30263,878
25950,593
16051,593
12797,593
30941,593
18797,593
21577,593
34770,593
14343,593
23823,593
9642,593
14068,593
28152,593
12183,593
35094,593
10670,593
18535,593
11973,593
5351,593
15265,593
30084,593
5701,593
4510,593
14351,593
35551,593
22008,593
2732,593
1603,593
21984,593
27857,593
5634,593
34656,593
19549,593
27830,593
3610,593
26630,593
9355,593
35133,593
9355,593
3458,593
3887,593
19160,593
34788,593
2618,593
14528,593
7444,593
17658,593
33860,593
19863,593
19536,593
10655,593
22528,593
14414,593
21220,593
24888,593
31347,593
23688,593
36667,593
14874,593
36099,593
29433,593
1750,999
24636,999
28777,999
24224,999
7310,999
4989,999
27736,999
22043,999
16653,999
20785,999
351,999
14531,999
33850,999
36072,999
37731,999
32934,999
327,999
33264,999
25286,999
24224,999
7454,999
6858,999
15011,999
16851,999
33356,999
8504,999
19968,999
15266,999
28261,999
7732,999
29001,999
37704,999
6713,1267
26650,1267
17001,1267
38246,1267
21581,1267
36095,1267
32371,1267
6042,1267
38435,1267
26994,1267
6278,1267
11535,1267
29082,1267
14707,1361
19336,1361
38514,1361
7945,1361
38444,1361
38002,1361
37298,1361
3889,1361
38002,1361
38285,1361
3083,1361
37298,1361
8936,1361
14406,1361
9430,1361
16808,1361
38703,1361
38114,1361
10625,1361
38729,1361
38099,1361
4340,1361
38729,1361
32156,1361
38729,1361
14830,1361
3645,1361
35380,1361
38511,1361
34619,1361
31619,1361
28932,1361
34703,1361
38285,1361
6617,1361
8769,1361
28269,1361
4707,1361
27444,1361
10492,1361
4707,1361
13988,1361
34458,1361
32535,1361
11967,1361
15543,1361
4808,1361
2575,1361
3828,1361
16788,1361
761,1361
37425,1361
38345,1361
6384,1361
27342,1361
11797,1361
37785,1361
16869,1361
35320,1361
11778,1361
15215,1361
26836,1361
29683,1361
35449,1361
14209,1361
32660,1361
19065,1361
21166,1361
22577,1361
38666,1361
11503,1361
23327,1361
17561,1361
25411,1361
35698,1361
23975,1361
14240,1361
18357,1361
16666,1361
23697,1361
24972,1361
38165,1361
24972,1361
38165,1361
8936,1361
35160,1361
30715,1361
23071,1361
21562,1361
10890,1361
38738,1361
34488,1361
26728,1361
24197,1361
28594,1361
25981,1361
10935,1361
34451,1361
30506,1361
35021,1361
16088,1361
6015,1361
6015,1361
6015,1361
38147,1361
27735,1361
35632,1361
32485,1361
29072,1361
38730,1361
38730,1361
12919,1254
36095,1254
11887,1254
1214,1254
23411,1254
38640,1254
38487,1254
32895,1254
16135,1254
36317,1254
12956,1254
35311,1254
32401,1254
37637,1254
13556,1254
10694,1254
12213,1254
25799,1254
38576,1254
38276,1254
33212,1254
7540,1254
15954,1254
31996,1254
1496,1254
38384,1254
37244,1254
35042,1254
12633,1254
37903,1254
38429,1254
30484,1254
38414,1254
24265,1254
25304,1254
27698,1254
37532,1254
22336,1254
5560,1254
9276,1254
17859,1254
37903,1254
38244,1254
9680,1254
38281,1254
17099,1254
33061,1254
28732,1254
27104,1254
4046,1254
12320,1254
5835,1254
35243,1254
35243,1254
6937,1254
29488,1254
33749,1254
31800,1254
38421,1254
6384,1254
19271,1254
58,558
13174,558
15725,558
33397,558
1027,558
24830,558
16379,558
35381,558
18297,558
12106,558
7392,558
5904,558
877,558
7418,558
24897,558
3543,558
7438,558
5517,558
13177,558
9830,558
6054,558
5319,558
35414,558
14612,558
36085,558
5309,558
24409,558
35491,558
27358,558
33834,558
20121,558
6002,1005
22479,1005
4756,1005
22774,1005
7931,1005
11105,1005
12568,1005
8323,1005
18948,1005
12416,1005
18384,1005
13375,1005
37259,1005
6384,1005
6501,1005
17913,1005
22043,1005
33925,1005
2692,1005
19314,1005
12181,1005
17324,1005
31288,1005
9955,1005
7300,1005
173,1005
5061,1005
28032,1005
20454,1005
11941,1005
16807,1005
27200,1005
852,1005
35853,1005
10379,1005
26554,1005
15787,1005
79,1005
6989,1005
34881,1005
25891,1005
28050,1005
35790,1005
1265,1005
25684,1005
2327,1005
34043,1005
29517,1005
31768,1005
1614,1005
9813,1005
14881,1005
31168,1005
16495,1005
15184,1005
13939,1005
1732,1005
2705,1005
22886,1005
5926,1005
13751,1005
37599,1005
8957,1005
11301,1005
10215,1005
3646,1005
21913,1005
14741,1005
8731,1005
29288,1005
15002,1005
16750,1005
21405,1005
18219,1005
1723,1005
13285,1005
2402,1005
2947,1005
29130,1005
12625,1005
18265,1005
15130,1005
36652,1005
6372,1005
3612,1005
14870,1005
6823,1005
12380,1005
1718,1005
17575,1005
15752,1005
1877,1005
22963,1005
8568,1005
10053,1005
5337,1005
11365,1005
2528,1005
2635,1005
20602,1005
2666,1005
9041,1005
8423,1005
4373,1005
21275,1005
7430,1005
9025,1005
25100,1005
10186,1005
33859,1005
35740,1005
751,1005
8333,1005
28342,1005
351,1005
7869,1005
11599,1005
10140,1005
6667,1005
1434,1005
5026,1005
6332,1005
16079,1005
18453,1005
35938,1005
721,1005
19175,1005
22458,1005
62,1005
16060,1005
12508,1005
23198,1005
5553,1005
20996,1005
21771,1005
4650,1005
8238,1005
766,1005
15065,1005
32188,1005
7919,1005
30239,1005
6469,1005
16687,1005
35393,1005
762,1005
3293,1005
18740,1005
21101,1005
18861,1005
23285,1005
13036,1005
14337,1005
13126,1005
2023,1005
9801,1005
33698,1005
2450,1005
10373,1005
19177,1005
3230,1005
20995,1005
3605,1005
25762,1005
37007,1005
16656,1005
8267,1005
2686,1005
9402,1005
3740,1005
9935,1005
10788,1005
6130,1005
4145,1005
37647,1005
30771,1005
1583,1005
9608,1005
31698,1005
1764,1005
7454,1005
32546,1005
32594,1005
30049,1005
10208,1005
25496,1005
565,1005
20671,1005
32569,1005
17934,1005
13958,1005
17501,1005
1280,1005
28127,1005
20286,1005
8275,1005
33486,1005
19436,1005
1875,1005
13842,1005
15649,1005
7603,1005
36426,1005
35491,1005
16859,1005
37377,1005
22148,1005
10655,1005
1864,1005
32913,1005
468,1005
7226,1005
2023,1005
4989,1005
8955,1005
778,1005
1754,1005
34661,1005
17425,1005
7612,1005
23015,1005
7396,1005
8340,1005
10955,1005
34504,1005
2104,1005
12850,1005
1272,1005
87,1005
26801,1005
2265,1005
20953,1005
25463,1005
12086,1005
24648,1005
32130,1005
24966,1005
14056,1005
37190,1005
4944,1005
1677,1005
34521,1005
615,1005
6822,1005
34208,1005
22934,1005
10656,1005
35282,1005
14612,1005
10607,1005
540,1005
5946,1005
15887,1005
32876,1005
7487,1005
25829,1005
6282,1005
10933,1005
3430,1005
32726,1005
4777,1005
33229,1005
18703,1005
20892,1005
32317,1005
6987,1005
23042,1005
34119,1005
11738,1005
7275,1005
18568,1005
11636,1005
3279,1005
212,1005
6175,1005
9990,1005
16687,1005
16900,1005
27291,1005
5192,1005
6747,1005
3488,1005
10891,1005
35569,1005
9293,1005
3597,1005
8498,1005
1637,1005
5188,1005
9944,1005
23666,1005
26774,1005
19505,1005
17360,1005
4984,1005
6795,1005
781,1005
1065,1005
518,1005
19977,1005
16854,1005
20942,1005
37048,1005
11023,1005
13523,1005
31491,1005
34428,1005
31585,1005
10017,1005
19588,1005
3949,1005
19546,1005
4811,1005
25258,1005
36113,1005
33892,1005
26328,1005
4095,1005
22502,1005
32058,1005
4919,1005
35145,1005
2730,1005
8877,1005
16242,1005
775,1005
25052,1005
31352,1005
32118,1005
37584,1005
8294,1005
18271,1005
1802,1005
17227,1005
25073,1005
1122,1005
2756,1005
22903,1005
17114,1005
25059,1005
21989,1005
4024,1005
31377,1005
1621,1005
36112,1005
16310,1005
7497,1005
11349,1005
3103,1005
32,1005
20804,1005
13527,1005
13214,1005
6479,1005
17204,1005
18169,1005
29427,1005
21452,1005
8540,1005
28750,1005
3659,1005
10787,1005
668,1005
20362,1005
1514,1005
3693,1005
34737,1005
13966,1005
3872,1005
9542,1005
774,1005
23107,1005
5679,1005
6509,1005
2426,1005
23876,1005
17181,1005
7760,1005
37364,1005
18216,1005
4740,1005
19670,1005
19587,1005
11392,1005
17426,1005
21300,1005
15298,1005
13277,1005
11204,1005
9410,1005
3179,1005
17137,1005
14389,1005
29126,1005
11225,1005
4150,1005
37341,1005
21853,1005
18059,1005
7782,1005
18155,1005
6043,1005
646,1005
25314,1005
15497,1005
30088,1005
16687,1005
36555,1005
12983,1005
8160,1005
5067,1005
21942,1005
30126,1005
8572,1005
13245,1005
15689,1005
16414,1005
34195,1005
26478,1005
35767,1005
10631,1005
17090,1005
29122,1005
34342,1005
24055,1005
17822,1005
19691,1005
19238,1005
2869,1005
15253,1005
27292,1005
7303,1005
29482,1005
19154,1005
32197,1005
27909,1005
18863,1005
36350,1005
10259,1005
11830,1005
16724,1005
12478,1005
12774,1005
13252,1005
3724,1005
24649,1005
12622,1005
32575,1005
13101,1005
1425,1005
15270,1005
23180,1005
33797,1005
34855,1005
9122,1005
22282,1005
999,1005
7934,1005
32768,1005
28901,1005
2455,1005
25011,1005
30927,1005
26623,1005
13687,1005
14432,1005
13608,1005
9643,1005
12569,1005
24829,1005
25757,1005
16191,1005
11819,1005
6083,1005
4031,1005
11311,1005
28998,1005
21502,1005
37786,1005
18548,1005
2033,1005
10285,1005
33355,1005
37784,1005
13764,1005
15685,1005
33914,1005
29290,1005
26233,1005
12334,1005
23343,1005
25644,1005
5793,1005
3954,1005
18618,1005
6525,1005
11310,1005
23037,1005
16514,1005
18589,1005
7315,1005
19530,1005
15523,1005
8204,1301
22793,1301
4909,1301
10714,1301
2560,1301
31680,1301
20727,1301
629,1301
19466,1301
20929,1301
14233,1301
2175,1301
25606,1301
10029,1301
38681,1301
25271,1301
9425,1301
6793,1301
20727,1301
17412,1301
25409,1301
32195,1301
21387,1301
32309,1301
34276,1301
19611,1301
23754,1301
2283,1301
4996,1301
1566,1301
38358,1301
38676,1301
36783,1301
629,1301
10746,1301
1980,1301
28164,1301
17519,1301
28549,1301
33171,1301
4397,1301
28362,1301
27736,1301
28043,1301
31796,1301
4480,1301
3820,1301
33634,1301
33634,1301
18502,1301
37194,1301
17519,1301
30071,1301
889,1301
24323,1301
501,1301
8775,1301
35957,1301
629,1301
19602,1301
37340,1301
37194,1301
11106,1301
8175,1301
24503,1301
35067,1301
1993,1301
6914,1301
25083,1301
30723,1301
37986,1301
7665,1109
4740,1109
27852,1109
31756,1109
6370,1109
32986,1109
15343,1109
26121,1109
20720,1109
19271,1109
22175,1109
10130,1109
10791,1109
8618,1109
38176,1109
30208,1109
32066,1109
14739,1109
1972,1109
1244,1109
24620,1109
34445,1109
19525,1109
12156,1109
17826,1109
38084,1109
26988,1109
4385,1109
37401,1109
1502,1109
19692,1109
35275,1109
16614,1109
28542,1109
34785,1109
4198,1109
37613,1109
23337,1109
26943,1109
5549,1109
1722,1109
21833,1109
20738,1109
5881,1109
3244,1109
37556,1109
26336,1109
2042,1109
27701,1109
670,1109
17941,1109
2579,1109
28338,1109
2624,1109
32038,1109
26678,1109
34167,1109
22059,1109
35336,1109
27099,1109
12996,1109
38289,1109
37708,1109
29038,1109
37992,1109
35363,1109
20738,1109
1543,1350
35840,1350
31879,1350
19713,1350
20867,1350
38634,1350
28500,1350
24455,1350
25423,1350
7854,1350
11953,1350
6310,1350
18947,1350
36731,1350
8652,1350
14264,1350
37810,1350
7860,1350
11508,1350
22464,1350
18096,1350
18744,1350
33088,1350
28083,1350
24807,1350
37336,1350
32275,1350
28521,1350
38201,1350
38652,1350
1981,1350
22639,1350
38637,1350
25088,1350
28467,1350
38140,1350
38140,1350
4971,1350
23370,1350
20396,1350
34707,1350
29666,1350
14845,1350
4117,1350
31197,1350
38259,1350
6266,1350
11875,1350
15046,1350
16186,1350
15328,1350
27730,1350
29127,1350
6181,1350
33111,1350
24164,1350
24659,1350
27650,1350
10202,1350
10199,1350
6925,1350
7701,1350
37970,1350
24719,1350
28212,1350
16101,1350
22080,1350
35431,1350
7512,1350
31582,1350
16629,1350
3637,1350
9764,1350
21906,1350
9630,1350
38333,1350
16855,1350
35594,1350
38657,1350
33001,1350
33708,1350
23021,1350
32380,1350
28897,1350
21111,1350
23080,1350
1424,1350
7243,1350
5957,1350
28044,1350
38032,1350
8499,1350
38390,1350
33083,1350
1509,1350
6181,1350
38714,1350
22038,1350
25075,1350
38715,1350
23792,1350
20171,1350
37421,1350
38323,1350
35156,1350
17309,1350
1889,1350
38359,1350
5835,1259
25614,1259
11127,1259
29679,1259
27339,1259
1776,834
16829,834
15762,834
973,834
33666,834
13508,834
1346,834
6261,834
35005,834
11628,834
17819,834
21760,834
11160,834
30427,834
10698,834
19587,834
58,834
33548,834
29926,834
32259,834
24416,834
7310,834
33561,834
20467,834
24606,834
13088,1226
28403,1226
31975,1226
12798,1226
36049,1226
16256,1226
17580,1226
34809,1226
9617,1226
17868,1226
23815,1226
34594,1226
15834,1226
33394,1226
38519,1226
29593,1226
29593,1226
35112,1226
7297,1226
34405,1226
34405,1226
16171,1226
33394,1226
37055,1226
37985,1226
37321,1168
51,1168
38310,1168
35020,1168
38181,1168
8592,1168
18018,1168
7415,1168
3549,1168
27284,1168
9895,1168
32936,1168
15780,1168
38298,1168
38298,1168
2542,1168
26689,1168
38470,1168
30963,1168
9328,1168
33729,1168
36844,1168
4241,1168
17859,1168
18734,1168
38405,1168
32739,1168
15780,1168
33729,1168
23018,1168
31625,1168
38095,1168
36325,1168
23194,1168
15739,1168
9137,1168
15739,1168
36325,1168
22826,1168
34751,1168
37321,1168
13536,1168
33583,1168
6889,1168
26691,1168
32228,1168
31252,1168
31519,1168
33228,1168
16851,1168
27999,1168
35992,1168
37909,1168
32534,1168
31636,1168
5002,1168
26434,1168
17698,1168
27237,1168
26134,1132
21112,1132
13439,1132
6861,1132
24132,1132
9853,1132
3451,1132
21058,1132
8943,1132
12113,1132
29240,1132
453,1132
4923,1132
4997,1132
6076,1132
581,1132
1621,1132
2605,1132
37153,1132
6985,1132
432,1132
18592,1132
18261,1132
23618,1132
31270,1132
1431,1132
37692,1132
37692,1132
167,1132
18592,1132
13162,1132
1545,1132
20279,1132
30180,1132
37575,1132
11918,1199
30815,1199
16408,1199
28223,1199
2007,1199
33462,1199
687,1199
31118,1199
36730,1199
33237,1199
13343,1199
22245,1199
21847,1199
22245,1199
32619,1199
26306,1199
6338,1199
36443,1199
26306,1199
30863,1199
38544,1199
17845,1199
38050,1199
26826,1199
12694,1199
7968,1199
1812,1199
5704,1199
23353,1199
26826,1199
30128,1199
16908,1199
4886,1199
19326,1199
28687,1199
12365,1199
38550,1199
2897,1199
20582,1199
31882,1199
14984,1199
29475,1199
7512,1199
4475,1199
11438,1199
20342,1199
38369,1199
19397,1199
36685,1199
23428,1199
16642,1199
36685,1199
23246,1199
6266,1199
11438,1199
36383,1199
16642,1199
34610,1199
29408,1199
6696,1199
33708,1199
2667,1199
26198,1199
11948,1199
9339,1199
25149,1199
36696,1199
11521,1199
33070,1199
29982,1199
29284,1199
18410,1199
15048,1199
32355,1199
21618,1199
38186,1199
4541,1199
5119,1199
31995,1199
30596,1199
31995,1199
35090,1199
16238,1199
13973,1199
37216,1199
37216,1199
38419,1199
4783,1199
7497,1199
28681,1199
2408,1199
15467,1199
1875,1199
36927,1199
15835,1199
9418,1199
28681,1199
4566,1199
15086,1199
1875,1199
6191,1199
38207,1199
36034,1199
36141,1199
15467,1199
11109,1199
38353,1199
14303,1199
9180,1199
14231,1199
9180,1199
27655,1199
26823,1199
11420,1199
13127,1199
28969,1199
21340,1199
22934,1199
28068,1199
32395,1199
35775,1199
26718,1199
35775,1199
28316,1199
33032,1199
34349,1199
32030,1199
4421,1199
18533,1199
38120,1199
38338,1199
18533,1199
37862,1199
28191,1199
27644,1199
15327,1199
31917,1199
34875,1199
12750,1199
34875,1199
12750,1199
38564,1199
38564,1199
38290,1199
5441,1199
8715,1199
29793,1199
16199,1199
34773,1199
37545,1199
36179,1199
27740,1199
27740,1199
27740,1199
1943,1199
33316,1199
23839,1199
23401,1199
31742,1199
16948,1199
38287,1199
3163,1199
30583,1199
30583,1199
33396,1199
22430,1199
32971,1199
25610,1199
8924,1199
3345,1199
26816,1199
15519,1199
32032,1199
21363,1199
28212,1199
36267,1199
1898,1199
10447,1199
10519,1199
36025,1124
31244,1124
8834,1124
3838,1124
16845,1124
25747,1124
26371,1124
4998,1124
35464,1124
12053,1124
2946,1124
12162,1124
15142,1124
13964,1124
25694,1124
11059,1124
24926,1124
22161,1124
8933,1124
23115,1124
35299,1124
9564,1124
14750,1124
32443,1124
38480,1124
13577,1124
19590,1124
36293,1124
31334,1124
31334,1124
5821,552
2372,552
5358,552
31830,552
18816,552
19774,552
28777,552
26412,552
2870,552
12854,552
3124,552
2507,552
23120,552
3519,552
13943,552
4852,552
145,552
18855,552
16292,552
16853,552
16292,552
23679,552
22780,552
30876,552
5568,552
1235,552
30570,552
10504,552
17315,552
28242,552
34024,552
13844,1360
71,1360
20969,1360
1720,1360
4920,1360
1782,1360
38042,1360
19455,1360
5592,1360
24855,1360
24265,1360
12508,1360
29850,1360
38159,1360
29854,1360
9433,1360
2763,1360
17794,1360
13892,1360
27558,1360
5278,1360
24452,1360
12167,1360
8626,1360
17580,1360
26592,1360
7268,1360
25863,1360
402,1360
10690,1360
8568,1360
14786,1360
26974,1360
13604,1360
3,1360
23701,1360
38442,1360
16837,1360
20914,1360
23879,1360
17438,1360
18665,1360
1207,1360
3975,1360
34334,1360
2377,1360
4662,1360
2887,1360
15590,1360
29904,1360
30582,1360
29049,1360
25729,1360
26974,1360
28371,1360
30751,1360
14573,1360
53,1360
27662,1360
34944,1360
37209,1360
8956,1360
6845,1360
9478,1360
6329,1360
20606,1360
38321,1360
20925,1360
20925,1360
34623,1360
20925,1360
5314,1360
7482,1360
20925,1360
32675,1360
19896,1360
6259,1360
18445,1360
37556,1360
22726,1360
1753,1360
28385,1360
7609,1360
22385,1360
29103,1360
4225,1360
31038,1360
30447,1360
418,1360
11306,1360
2035,1360
34083,1360
21252,1360
1883,1360
10690,1360
30400,1360
31695,1360
29620,1360
18006,1360
15946,1360
28440,1360
21670,1360
2078,1360
22377,1360
423,1360
28325,1360
947,1360
4662,1360
27499,1360
2618,1360
3569,1360
6738,1360
4745,1360
37818,1360
33308,1360
10908,1360
9797,1360
30423,1360
23659,1360
431,1360
28461,1360
5845,1360
12452,1360
32815,1360
8089,1360
37048,1360
23829,1360
4452,1360
34451,1360
15380,1360
20670,1360
20732,1360
15985,1360
10890,1360
36093,1360
22446,1360
15007,1360
19375,1360
29392,1360
20916,1360
28921,1360
35414,1360
12823,1360
27512,1360
27806,1360
7225,1360
5845,1360
20990,1360
15007,1360
34130,1360
10470,1360
38053,1360
22041,1360
27755,1360
38530,1360
3730,1360
20672,1360
20672,1360
14787,1360
7777,1360
23762,1360
29598,1360
7551,1360
38379,1360
38379,1360
16933,1360
247,1360
28805,1360
29677,1360
32820,1360
38675,1360
32820,1360
38675,1360
15049,1360
13800,1360
8928,1360
15298,1360
8917,1360
24279,1360
13656,1360
17147,1360
31671,1360
31088,1360
19354,1360
13642,1360
9018,1360
5316,1360
14639,1360
6198,1360
30092,1360
22435,1360
33919,1360
23347,1360
26014,1360
704,1360
10287,1360
8480,1360
35071,1360
10677,1360
1892,1360
35322,1360
35322,1360
36742,1360
20042,1360
37559,1360
12999,1360
19665,1360
26776,1360
3192,1360
17430,1360
14878,1360
36871,1360
30412,1360
36254,1360
30447,1360
37561,1360
6679,1360
37561,1360
13603,1360
18153,1360
17325,1360
30431,1360
35965,1360
10859,1360
17994,1360
9665,1360
4439,1360
951,1360
17711,1215
32244,1215
4379,1215
38395,1215
38381,1215
4031,1215
4105,1215
4265,1215
29810,1215
17859,1215
17608,1215
5229,1215
4970,1215
26109,1215
20497,1215
22254,1215
24981,1215
10149,1215
34674,1215
28895,1215
2343,1215
38582,1215
15168,1215
20930,1215
12204,1215
14937,1215
35410,1215
38160,1215
19340,1215
6439,1215
38220,1215
22040,1215
38628,1215
4203,1215
38552,1215
38265,1215
27007,1215
14354,1215
19683,1215
7591,1215
6464,1215
29876,1215
20652,1215
19266,1215
6832,1215
34095,1215
1196,1215
1478,1215
14804,1215
38521,1215
9416,1215
36246,1215
22993,1215
27711,1215
30934,1215
18542,1215
26732,1215
35776,1215
34749,1215
6157,1215
26581,1215
27770,1215
2899,1215
5377,1215
542,1215
21104,1215
19532,1215
5887,1215
11366,1215
1783,1215
20818,1215
38305,1215
16279,1215
4505,1215
33903,1215
16258,1215
26253,1215
2381,1215
5398,1215
36024,1215
37429,1215
28665,1215
9326,1215
10797,1215
24915,1215
33377,1215
20737,1215
993,876
369,876
18800,876
1763,876
34253,876
11819,876
24132,876
35231,876
7722,876
369,876
28961,876
21550,876
2731,876
10310,876
5309,876
32854,876
22128,876
29557,876
15073,876
22229,876
33797,876
855,876
15641,876
25904,876
15641,876
14086,876
7941,876
31270,876
31576,876
33730,876
22459,876
31462,876
1482,876
10596,876
36016,876
34805,876
6066,876
18257,876
4047,876
25986,876
8499,1354
21684,1354
22576,1354
12142,1354
15435,1354
14956,1354
29552,1354
38404,1354
35987,1354
35330,1354
11948,1354
21438,1354
27449,1354
13343,1354
38710,1354
22576,1354
37353,1354
21355,1354
31049,1354
23275,1354
15588,1354
38458,1354
2072,1354
15922,1354
5425,1354
13386,1354
5709,1354
38661,1354
30815,1354
37772,1354
17729,1354
38622,1354
36439,1354
28522,1354
34969,1354
36351,1354
35697,1354
28071,1354
17724,1354
35355,1354
3632,1354
5261,1354
9871,1354
38450,1354
17709,1354
25094,1354
15051,1354
17249,1354
32355,1354
38234,1354
30100,1354
30823,1354
35970,1354
35970,1354
35557,1354
32864,1354
35092,1354
36104,1354
38712,1354
35285,1354
5886,1354
30069,1354
38485,1354
23839,1354
27727,1354
16848,1354
37984,1354
38351,1354
3407,1354
32857,1354
22277,1354
12724,1354
27714,1354
22277,1354
38428,1354
25407,1354
38655,1354
8815,1354
22277,1354
30557,1354
11840,1354
11840,1354
4566,1354
29894,1354
36212,1354
11676,1354
28811,1354
18361,1354
21467,1354
28314,1354
10393,1354
28314,1354
30567,1354
37216,1354
38295,1354
2984,1354
38717,1354
15709,1354
19681,1354
3407,1354
3147,1324
5830,1324
32968,1324
9481,1324
32457,1324
22199,1324
8220,1324
38700,1324
10511,1324
34322,1324
17067,1324
18067,1324
37080,1324
26628,1324
16759,1324
27324,1324
4486,1324
27324,1324
31746,1129
28772,1129
32210,1129
25609,1129
36501,1129
17811,1129
37033,1129
36313,1129
10856,1129
34556,1129
25166,1129
13092,1129
35847,1129
36660,1129
22490,1129
31043,1129
5709,1129
17218,1129
18227,1129
33680,1129
38490,1129
35255,1129
12736,1129
11353,1129
4063,1129
34084,1129
31192,1129
35533,1129
5441,1129
8248,952
8877,952
11204,952
7623,952
35344,952
30068,952
8853,952
25809,952
15838,952
12638,952
427,952
14169,952
10984,952
17357,952
1858,952
8238,952
3167,952
13252,952
29130,952
2675,952
12013,952
23015,952
15184,952
13262,952
12478,952
7612,952
19480,952
10788,952
33472,952
14564,952
34741,952
2919,1306
4964,1306
1049,1306
27777,1306
32224,1306
31680,1306
38368,1306
33417,1306
38458,1306
19830,1306
38656,1306
37138,1306
5380,1306
29039,1306
9757,1306
661,1306
38368,1306
38478,1306
12114,1306
38422,1306
31409,1306
27949,1306
10749,1306
1955,1306
38219,1306
36649,1306
38240,1306
3827,1306
3634,1306
31360,1306
35248,1306
38204,1306
13894,1306
38693,1306
30928,1306
32769,1306
30185,1306
6879,1306
26871,1306
21351,1306
38637,1306
37697,1306
38423,1306
38518,1306
33659,1306
27449,1306
11375,1306
33417,1306
38367,1306
25526,1306
5876,1306
14356,1306
18902,1306
24968,1306
35870,1306
4900,1306
28779,1306
31689,1306
34707,1306
27732,1306
22464,1306
38553,1306
21983,1306
5685,1306
23751,1306
3627,1306
38545,1306
36115,1306
8974,1306
38666,1306
33285,1306
1441,1306
33088,1306
16334,1306
8924,1306
38510,1306
3572,1306
25624,1306
21263,1306
7454,1306
32410,1306
21718,1306
4144,1306
10334,1306
13359,1306
21015,1306
1472,1306
28513,1306
14614,1306
27730,1306
8175,1306
38581,1306
32395,1306
27586,1306
25624,1306
27586,1306
28999,1306
20343,1306
26091,1306
5764,1306
5769,1306
14986,1306
28522,1306
33985,1306
36751,1306
5119,1306
25824,1306
24660,1306
27916,1306
32668,1306
14871,1306
37638,1306
37862,1306
23675,1306
36598,1306
3095,1306
38502,1306
38217,1306
28337,1306
22430,1306
26197,1306
5707,1306
28374,1306
38659,1306
34358,1306
2491,1306
2974,1078
38266,1078
34533,1078
27358,1078
13243,1078
1305,1078
5726,1078
26126,1078
5099,1078
5231,1078
28553,1078
2701,1078
5726,1078
32721,1078
27194,1078
35913,1078
1710,1078
12638,1078
10984,1078
17859,1078
28464,1078
7426,1078
31429,1078
31429,1078
22729,1078
35893,1078
33837,1078
36162,1078
3211,1078
33732,1078
22445,1078
27115,1078
10239,1078
33574,1078
3722,1078
35544,1078
11414,1078
2018,1078
16871,1078
38475,1078
16969,1078
22237,1078
37704,960
19472,960
12186,960
37566,960
15335,960
33408,960
15968,960
30155,960
35521,960
17327,960
12472,960
30015,960
1691,960
14899,960
36559,960
14903,960
35336,960
27250,960
37647,960
35994,960
37634,960
10647,960
18941,960
33167,960
8657,1272
13648,1272
21127,1272
5273,1272
14236,1272
2329,1272
6048,1272
15814,1272
8076,1272
9145,1272
8850,1272
33485,1272
12760,1272
15749,1272
13388,1272
9620,1272
31138,1272
20147,1272
15384,1272
7359,1272
36228,1272
10395,1272
15902,1285
11049,1285
22595,1285
33117,1285
36480,1285
8292,1285
12210,1285
26921,1285
15350,1285
9772,1285
27135,1285
30593,1285
1062,1285
33121,1285
31353,1285
20042,1285
38316,1285
20904,1285
36183,1285
31765,1285
2035,1285
14109,1285
29165,1285
23803,1285
8083,1285
1729,1285
38281,1285
16966,1285
27334,1285
38643,1285
5989,1285
34970,1285
9306,1285
5126,1285
38132,1285
7572,1285
29176,1285
22947,1285
22947,1285
24110,1285
38685,1285
38685,1285
33839,1285
4833,1285
17160,1285
1421,1285
3074,1285
27108,1285
22556,1285
28673,1285
38042,1285
25811,1285
16149,1285
27323,1285
18657,1285
33589,1285
29181,1285
1607,1285
26823,1285
17497,1285
38624,1285
9527,1285
35917,1285
27682,1285
31369,1285
24686,1285
423,1285
31598,1285
9405,1312
25762,1312
16397,1312
863,1312
12774,1312
36796,1312
37556,1312
6404,1312
31576,1312
6629,1312
27104,1312
27278,1312
31671,1312
25876,1312
38610,1312
17209,1312
4372,1312
16243,1312
881,1312
24479,1312
5181,1260
6587,1260
38377,1260
4532,1260
26909,1260
12963,1260
24981,1260
38193,1260
34941,1260
29810,1260
38344,1260
16230,1260
27672,1260
19425,1260
12737,1260
2461,1260
37605,1260
7610,1260
2280,1260
25059,1260
32922,1260
2958,1260
17820,1260
16230,1260
37585,1260
10908,1260
29618,1260
37885,1260
7637,1260
17180,1260
37743,1260
27418,1260
25956,1260
28328,1260
14239,1260
25904,1260
31011,1260
33189,1260
22128,1260
15787,1260
30423,1260
18325,1202
27459,1202
33627,1202
24550,1202
36330,1128
29451,1128
28474,1128
19857,1128
32647,1128
34244,1128
34244,1128
29298,1128
23147,1128
29450,1128
28558,1128
30615,1128
22617,1128
26068,1128
28527,1128
22166,1128
38324,1128
34556,1128
36501,1128
13092,1128
36379,1128
30357,1128
37432,1128
27704,1128
662,1128
37650,1128
25719,1128
18227,1128
10871,1128
35533,1128
32455,1128
37390,1128
10062,1011
31596,1011
28443,1011
5276,1011
2303,1011
11451,1011
8235,1011
5032,1011
14901,1011
11225,1011
31329,1011
24298,1011
14434,1011
10972,1011
20126,1011
10088,1011
16900,1011
31674,1011
7603,1011
27079,1011
11982,1011
13645,1011
27469,1011
18409,1011
7612,1011
9198,1011
9562,1011
9542,1011
7559,1011
598,1011
11250,1011
15184,1011
30681,1011
6043,1011
33785,1011
10783,1011
7635,1011
25893,1011
8126,1011
28404,1011
18548,1011
26310,1011
27391,1011
4091,1011
10001,1011
6096,1011
7324,1011
15169,1011
11870,1011
13422,1011
33603,1011
28182,1011
28182,1011
10592,837
11508,837
1223,837
20720,837
9291,837
4382,837
14851,837
36865,837
22523,837
24393,837
25274,837
31699,837
33612,837
7152,837
20158,837
11788,837
11741,837
23782,837
28427,837
37640,837
15487,837
19009,837
26532,837
8810,837
5659,837
7714,837
32371,837
4230,824
14306,824
37058,824
32178,824
19008,824
2262,824
36163,824
1899,824
20571,824
3662,824
2907,824
10924,824
37589,824
16029,824
17659,824
5387,824
34089,824
2051,824
16525,824
36817,824
31186,824
2437,824
23498,824
34832,824
9265,824
23676,824
37374,824
6028,824
19567,824
34893,824
15062,824
10898,824
33489,824
13820,824
33731,824
33731,824
24437,824
35560,824
18620,824
19506,1174
1070,1174
20643,1174
19304,1174
15368,1174
34672,1174
3504,1174
9048,1174
8864,1174
9375,1174
13202,1174
7574,1174
11509,1174
1859,1174
4372,1174
1285,1174
5595,1174
21048,1174
26160,1174
21048,1174
21622,1346
34862,1346
23410,1346
8019,1346
33732,1346
26522,1346
5348,1346
30197,1346
10503,1346
12736,1346
17933,1346
30410,1346
7155,1346
5414,1346
32300,1346
14126,1346
15433,1346
26621,1346
25083,1346
30338,1346
16721,1346
25119,1346
12707,1346
3362,1346
30812,1346
25467,1346
5929,1346
6010,1346
16528,1346
20103,1346
8232,1346
36670,1346
18284,1346
8815,1346
34707,1346
34511,1346
15383,1346
14058,1346
38301,1346
20503,1346
24807,1346
17449,1346
9133,1346
28527,1346
35383,1346
9086,1346
28230,1346
27536,1346
19681,1346
36106,1114
9205,1114
32731,1114
1771,1114
12963,1114
38112,1114
24924,1114
10292,1114
16749,1114
34678,1114
14560,1114
20116,1114
14384,1114
5499,1114
36072,1114
16364,1114
15353,1114
11938,1114
10744,1114
914,1114
33568,1114
13983,1114
7360,1114
11929,1114
1932,1114
34333,1114
6916,1114
2595,1114
34562,1114
38123,1114
6575,1114
1417,1114
23760,1114
2311,1114
27348,1114
17727,1114
17576,1114
9276,1114
10594,1114
22503,1114
37628,1114
38122,1114
14169,1114
34902,1114
14367,1114
16236,1114
38178,1114
18586,1114
38112,1114
12211,1114
19396,1114
8227,1114
25611,1114
16184,1114
30951,1114
1538,1114
37628,1114
25149,1114
1538,1114
1538,1114
8490,1114
38322,1114
18819,1114
18270,1114
37495,1114
14586,1114
30034,1114
21341,1114
32302,1114
38170,1114
1492,1114
33428,1114
15682,1114
9336,1114
34660,1114
29770,1114
20860,216
16515,216
27357,216
6168,216
27788,216
3887,216
16462,216
5273,216
34174,216
7362,216
2930,216
13167,216
25124,216
100,216
7850,216
27357,216
21862,216
21862,216
18061,216
6048,216
22202,216
19687,216
8113,216
32763,216
5807,216
23633,216
13692,216
27357,216
8951,216
20643,216
13197,216
3192,216
15626,216
17886,216
7739,216
13548,216
9034,216
34174,216
10249,216
18344,216
17936,216
81,216
27357,216
17630,216
33095,216
8939,216
3585,216
35392,216
20434,216
31353,216
30367,216
14292,216
16271,216
19182,216
26302,216
36279,1003
14007,1003
18181,1003
31934,1003
32572,1003
30239,1003
16939,1003
33873,1003
23794,1003
10088,1003
14862,1003
35393,1003
5276,1003
35898,1003
6130,1003
30049,1003
31352,1003
30473,1003
6332,1003
2402,1003
427,1003
29869,1003
23285,1003
19475,1003
12412,1003
20058,1003
28810,1003
10176,1003
30572,1003
8058,1003
13159,1003
19977,1003
17656,1003
29950,1003
31698,1003
35767,1003
21761,1003
31932,1003
28404,1003
20131,1003
6888,1097
11428,1097
38173,1097
3516,1097
9139,1097
8169,1097
720,1097
31029,1097
592,1097
18579,1097
720,1097
22256,1097
38173,1097
20171,1097
23628,1097
14355,1097
24746,1097
3266,1097
12955,1097
11746,1097
21846,1097
34123,1097
11180,1097
36313,1097
720,1097
670,1097
1112,1097
33978,1097
38139,1097
38332,1097
38332,1097
3139,1097
34219,1097
38139,1097
3139,1097
38139,1097
720,1097
38139,1097
32974,1097
20159,1097
26433,1097
14169,1097
19830,1097
11746,1097
6793,1097
29079,1097
592,1097
8939,1097
15741,1097
16320,1097
13080,1097
38173,1097
16320,1097
38173,1097
26532,1097
18869,1097
38117,1097
18135,1097
35213,1097
1022,1097
19044,1097
15404,1097
22468,1097
38173,1097
18615,1097
720,1097
12624,1097
21007,1097
8736,1097
31781,1097
35787,1097
37895,1097
38173,1097
38139,1097
4932,1097
37512,1097
26891,1097
28043,1097
34668,1097
17506,1097
29461,1097
38173,1097
29461,1097
29461,1097
27599,1097
29461,1097
17729,1097
25537,1097
9182,1097
37389,1097
30708,1097
15823,1097
13127,1097
14780,1097
14780,1097
28903,1097
16030,1097
21015,1097
35085,1097
35085,1097
22592,1097
22592,1097
25543,1097
720,1097
22592,1097
31882,1097
3487,1097
3487,1097
4932,1097
22592,1097
24493,1097
24493,1097
24493,1097
38173,1097
22506,1097
38519,1307
15281,1307
15529,1307
34354,1307
31650,1307
10268,1110
9568,1110
15654,1110
8169,1110
20792,1110
827,1110
7585,1110
17544,1110
33795,1110
12156,1110
15303,1110
14641,1110
23337,1110
11362,1110
12478,1110
2761,1110
38418,1110
19381,1110
10502,1110
7425,1110
6750,622
18647,622
10124,622
17005,622
2031,622
12952,622
18480,622
37348,622
27596,622
5541,622
18480,622
21398,622
5552,622
32106,622
25322,622
8592,622
23679,622
20210,622
3661,1009
26801,1009
16750,1009
13709,1009
35282,1009
10607,1009
12792,1009
16198,1009
14862,1009
7185,1009
33378,1009
11636,1009
26067,1009
7394,1009
16093,1009
16645,1009
35448,1009
12948,1009
2207,1009
6795,1009
20539,1009
32569,1009
4404,1009
4816,1009
12622,1009
22502,1009
12351,1009
32317,1009
17524,1009
35318,1009
9813,1009
6139,1009
3612,1009
9176,1009
4924,1009
17934,1009
15017,1009
6922,1009
35061,1009
36259,1009
24234,1009
1397,1009
2766,1009
14617,1009
33359,1009
30832,1009
37476,1009
13387,1009
29342,1009
565,1328
66,1328
38415,1328
38731,1328
38707,1328
2836,1328
832,1328
33572,1328
37039,1328
29770,1328
32110,1328
19266,1328
31926,1328
27932,1328
21824,1328
455,1328
14908,1328
9155,1328
4249,1328
22993,1328
17492,1328
38649,1328
23449,1328
4382,1328
37039,1328
29770,1328
18734,1328
13441,1328
4681,1328
26581,1328
25459,1328
32124,1328
6923,1328
33560,1328
36612,1328
16553,1328
22895,1328
33385,1328
30296,1328
457,1328
16311,1328
11906,1328
38731,1328
16311,1328
38372,1328
11771,1328
38731,1328
2836,1328
34408,1328
28665,1328
11334,1328
4225,1328
2044,861
18925,861
8248,861
23706,861
2041,861
3367,861
27267,861
6929,861
12027,861
12837,861
6044,861
26948,861
6610,861
16809,861
1446,861
12492,861
21778,861
21339,861
18420,861
9403,861
3095,1352
6819,1352
3385,1352
1993,1352
2269,1352
28500,1352
30961,1352
37687,1352
10826,1352
37687,1352
36235,1352
27573,1352
27286,1352
14319,1352
24631,1352
35262,1352
29399,1352
38714,1352
28897,1352
38518,1352
5002,1352
38323,1352
14105,1352
21908,1352
14159,1352
36584,1352
24719,1352
470,1352
28472,1146
5709,1146
2958,1146
38313,1146
25653,1146
21340,1146
27580,1146
5844,1146
28083,1146
36506,1146
20253,1146
19758,1146
8908,1146
26860,1146
24846,1146
32077,1146
5761,1146
17449,1146
25832,1146
25789,1146
9237,1146
36833,1146
25860,1146
6914,1146
33498,1146
29408,1146
6690,1146
28168,1146
3163,1146
2283,1146
8785,1146
26257,1146
36104,1146
4434,1146
23325,1146
6338,1146
32187,1146
35210,1146
7984,1146
37928,1146
38030,1146
26091,1146
2013,1146
12246,1146
33296,1146
24909,1146
7968,1146
32881,1146
29143,1146
33931,1146
14231,1146
9513,1146
33032,1146
25066,1146
27279,1146
4401,1146
6191,1146
19247,1146
38356,1146
8530,1146
26366,1146
27681,1146
9316,1146
32765,1146
18739,1146
29284,1146
9387,1146
33955,1146
14071,1146
24543,1146
22387,1146
23026,1146
37836,1146
37995,1146
12916,1146
37547,1146
14768,1146
38301,1146
35847,1146
30030,1146
31656,1146
37631,1146
37703,1146
25717,1146
5598,1146
6181,1146
25094,1146
23220,1074
22562,1074
23243,1074
3516,1074
17938,1074
27115,1074
1360,1074
7814,1074
9516,1074
17209,1074
428,1074
13840,1074
16271,1074
10627,1074
12478,1074
27349,1074
38029,1074
38277,1074
29779,1074
37777,1074
27900,1074
8047,1074
23001,1074
36677,1074
16740,1074
36677,1074
32989,1074
34970,1074
30551,1074
16740,1074
37199,1074
27008,1074
12255,1074
3244,1074
28385,1074
27108,1074
16367,1074
5295,1074
22565,1074
17994,1074
31411,1074
10132,1074
35743,1074
10056,1074
34867,1074
38166,1074
17886,1074
13047,1074
22175,1074
17711,1074
29598,1074
9570,1074
31935,1074
37209,1074
30412,1074
1244,1074
37361,1074
25980,1074
518,1074
14000,1074
31220,1074
32497,1074
31088,1074
30977,1074
12419,1074
29487,1074
29487,1074
1165,1074
7724,1074
23220,1074
23220,1074
20621,1074
29103,1074
28846,1074
13075,1074
25366,1074
24642,1074
37493,1074
9665,1074
36322,1074
20650,1074
29492,1074
2440,1074
10859,1074
1799,1074
37493,1074
37493,1074
30586,1074
29492,1074
2440,1074
24642,1074
6259,1074
34118,1074
28964,1074
36871,1074
7551,1074
15579,1217
38589,1217
28629,1217
24427,1217
1030,1217
11332,1217
8159,1217
13542,1217
27871,1217
30805,1217
1030,1217
38446,1217
13542,1217
11332,1217
5371,1217
21160,1217
13779,1217
32371,1217
32792,1217
30304,1217
22220,1217
21391,1217
30038,1217
7980,1217
1913,1217
27783,1217
14682,1217
38505,1217
34095,1217
36769,1217
30140,1217
28241,1217
1913,1217
28241,1217
38589,1217
15255,1217
34792,1217
38505,1217
7522,1217
24750,1217
1372,1217
14169,1217
17636,1217
37429,1217
7425,1217
21160,1217
914,1217
19861,1217
7162,1217
1673,1217
25305,1217
16403,1217
21992,1217
14947,1217
27461,1217
7551,1217
16243,1217
3003,1217
17426,1217
35042,1217
33212,1217
16618,1217
914,1217
27770,1217
4203,1217
12752,1217
28609,1217
27881,1217
5490,1217
18305,1217
14809,1217
8,1217
38179,1217
33730,1217
29027,1217
32797,1217
22831,1079
38082,1079
32401,1079
3082,1079
31053,1079
5929,1079
35798,1079
23628,1079
5125,1079
34112,1079
6381,1079
15313,1079
33961,1079
2293,1079
6858,1079
6998,1079
11104,1079
37823,1079
16277,1079
33349,1079
32765,1079
33133,1079
10323,1079
28629,1079
28537,1079
30003,1079
4363,1079
30003,1079
19641,1079
10114,1079
38240,1079
34843,1079
8713,1079
21245,1079
12091,1079
21563,1079
26628,1079
35248,1079
38234,1079
19400,1079
33390,1079
38473,1079
38473,1079
38335,1079
27704,1079
20341,1079
29709,1079
23401,1079
35525,1079
31432,1079
23675,1079
5685,1079
25316,1079
12602,1079
16778,828
29477,828
36138,828
286,828
34110,828
37334,828
30431,828
7931,828
8671,828
13974,828
8151,828
23080,828
2103,828
16505,828
12811,828
16413,828
7010,828
22264,828
9873,828
37048,828
10984,828
2426,828
10460,828
18497,828
5026,828
5874,828
32863,828
12181,828
10772,828
6183,828
29003,828
21405,828
20074,828
22963,828
23072,828
62,828
7514,828
17360,828
21369,828
18822,828
16929,828
11877,828
12334,828
16412,828
18386,828
30068,828
31677,828
14658,828
25777,828
7650,828
13252,828
33354,828
30725,828
17276,828
4917,1256
16975,1256
10808,1256
4917,1256
22025,1256
171,1256
22025,1256
2651,1256
27093,1256
35780,1256
2765,1256
35809,1256
35624,1256
35624,1256
8428,1256
8428,1256
8361,1256
10545,1256
26382,1256
26382,1256
16154,1256
18643,1256
4639,1256
28519,1256
2396,567
30876,567
27828,567
2392,567
4119,567
32810,567
6756,567
13486,567
4744,567
21271,567
35118,567
4516,567
24949,567
7561,567
18601,567
35850,567
595,567
17719,567
18682,567
18538,567
12698,567
23386,567
12787,567
25126,567
4457,567
9670,567
24743,567
8725,567
13842,567
2107,567
18596,567
15401,567
5541,567
25,567
5658,567
33505,567
14025,567
1730,567
16343,567
9377,567
37188,567
2240,567
3829,567
26345,567
5776,567
355,567
7495,567
26769,567
10814,567
5474,567
22297,567
4379,567
22731,567
17106,567
35414,567
24811,567
27768,567
24857,567
5644,567
5517,567
738,567
1588,567
22049,567
20262,567
4514,567
9243,567
11215,567
5059,567
16783,567
18731,567
7684,567
22845,567
29193,567
22671,567
14237,567
13105,567
14672,567
27882,567
6895,567
27808,567
27909,567
28335,567
20310,567
23187,567
26882,567
15208,567
7093,567
24109,567
37435,567
12448,567
11027,567
29912,567
23167,567
20643,567
10698,567
16644,567
1555,567
20210,567
10684,567
24070,567
32465,567
5309,567
31415,567
21822,567
32750,567
2287,567
19898,567
6551,567
30025,567
36737,567
31644,567
18735,567
2297,567
16739,567
1858,567
31042,567
26503,567
16298,567
185,567
23010,567
902,567
506,567
36312,567
12184,567
38572,1203
21904,1203
37400,1203
36951,1203
38420,1203
38380,1203
29189,1203
15583,1203
38579,1203
11728,1203
2015,1203
5708,1203
38158,1203
22652,1203
34525,1203
778,1203
30395,1203
27356,1203
35811,1203
36039,1203
15445,1203
38025,1203
38330,1203
37597,1203
35310,1203
38463,1203
33510,1203
13102,1203
29968,1203
22696,1203
3507,1203
18410,1203
18410,1203
3309,1203
38499,1203
23907,1203
37852,1203
4697,1203
470,1203
38339,1203
20188,1203
20188,1203
4009,1203
4401,1203
29499,1203
8592,1203
37830,1203
25856,1203
12049,1203
36296,1203
37994,1203
37114,1203
36072,1239
24032,1239
23960,1239
34839,1239
26011,1239
28935,1239
33529,1239
31718,1239
38248,1239
38631,1239
6629,1239
34898,1239
34445,1239
25504,1239
12567,1239
34445,1239
38603,1239
8521,1239
38653,1239
19026,1239
15098,1239
36052,1239
31625,1239
11777,1239
18361,1239
28008,1239
10910,1239
9926,1239
19809,1239
38597,1239
17705,1239
8495,1239
26467,1239
31185,1239
32812,1239
9766,1239
15337,1239
38342,1239
37997,1239
19853,1239
18994,1239
23617,1239
17859,1239
11338,1239
33583,1239
21441,1239
36032,1239
13794,1239
28008,1239
13794,1239
37742,1239
31636,1239
27127,1239
17585,1239
38619,1239
11694,1239
38574,1239
33036,1239
38554,1239
38086,1239
38248,1239
38258,1239
34189,1239
17709,1239
27367,1239
36582,1239
38004,1239
28066,1239
31313,1239
5538,1239
26689,1239
38528,1239
38619,1239
23920,1239
38439,1239
38439,1239
24192,1239
31692,1239
32998,1239
23126,1239
17795,1239
38448,1239
36662,1239
2848,1239
32395,1239
15053,1239
15693,1239
28270,1239
38594,1239
38319,1239
15693,1239
11437,1239
21352,1239
9278,1239
8668,1239
19158,1239
8524,1239
8524,1239
38362,1239
36052,1239
16851,1239
35985,1239
5506,1239
1135,1239
15096,1271
34814,1271
37371,1271
5486,1271
38640,1271
8385,1271
13977,1271
7068,1271
6042,1271
10322,1271
38389,1271
37585,1271
33263,1271
9321,1271
26458,1271
21543,1271
32438,1271
26235,1271
7675,1271
22879,612
684,612
8433,612
29385,612
33788,612
29877,612
26925,612
10537,612
16167,612
37169,1358
19961,1358
27353,1358
38726,1358
7631,1358
37206,1358
21216,1358
17776,1358
13280,1358
10946,1358
38461,1358
5805,1358
31346,1358
37425,1358
3628,1358
17776,1358
27967,1358
1305,1358
3825,1358
7191,1358
23129,1358
31632,1358
34498,1358
11303,1358
24369,1358
29385,1358
37656,1358
2811,1358
16639,1358
15270,1358
25787,1358
18641,1358
9433,1358
38053,1284
14875,1284
2887,1284
37689,1284
30106,1284
1418,1284
9980,1284
37609,1284
28706,1284
3256,1284
27440,1284
19799,1284
11697,1284
35946,1284
11696,1284
30411,1284
16089,1284
1673,1284
4444,1284
27334,1284
38407,1284
717,1284
717,1284
7574,1284
27393,1284
26885,1284
16247,1284
19556,1284
7954,1284
1015,1284
37577,1284
17180,1284
30400,1284
19968,1284
31051,1284
38169,1284
4995,1284
25081,1284
21513,1284
8886,1284
2680,1284
20936,1284
37732,1284
33121,1284
13840,1284
38316,1284
4744,1284
33102,1284
9736,1284
15902,1284
27115,1284
26921,1284
85,1284
33342,1284
35239,1284
29165,1284
20895,1284
18608,1284
942,1284
539,1284
35239,1284
37357,1284
30468,1284
539,1284
34867,1284
31368,1284
32163,1284
38643,1284
239,1284
33958,1284
10793,1284
9306,1284
21696,1284
5126,1284
16027,1284
5543,1284
17343,1284
14875,1284
6455,1284
36547,1284
24110,1284
8588,1284
26325,1284
3053,1284
3910,1284
184,1284
11781,1284
11781,1284
14875,1284
22556,1284
28673,1284
27323,1284
37583,1284
38696,1284
29181,1284
8324,1284
12500,1284
1702,1284
28994,1284
13440,1284
24684,1284
20606,1284
2963,1284
12478,1284
33896,1284
22016,1284
27967,1284
17160,1284
31046,1284
10239,1284
29301,1284
29301,1284
1779,1284
35602,1284
34290,1284
38205,1243
18271,1243
21713,1243
19846,986
16409,986
12168,986
24774,986
17222,986
13997,986
30675,986
24233,986
13668,986
27933,986
20671,986
27570,986
9965,986
36138,986
34110,986
33301,986
15526,986
24298,986
6432,986
22696,986
18805,986
32572,986
24567,986
15069,986
7769,986
12891,986
18220,986
2437,986
19808,986
13013,986
7312,986
9692,986
6049,986
10278,986
1694,986
33228,986
34494,835
12478,835
28629,835
540,835
6989,835
6625,835
2145,835
8334,835
35935,835
25126,835
18612,835
13402,835
8651,835
32308,835
18621,835
25744,835
31326,835
36160,835
12333,835
1899,835
20316,1376
37987,1376
32691,1376
31863,1376
31863,1376
21968,1376
6955,1376
26758,1376
22687,1376
25221,1376
25221,1376
10966,1376
10966,1376
34766,1376
37694,1376
22654,1376
22087,1376
35618,1376
31932,1376
9907,1223
7682,1223
38103,1223
7193,1223
37176,1223
13753,1223
3018,1191
3481,1191
14658,1191
8159,1191
495,1191
10787,1191
24181,1191
24382,1191
2937,1191
11544,1191
9790,1191
10196,1191
12247,1191
10225,1066
19228,1066
38242,1066
21545,1066
28465,1066
32470,1066
23864,1066
1597,1066
15741,1080
16070,1080
3516,1080
989,1080
7253,1080
12372,1080
1703,1080
20410,1080
11310,1080
921,1080
5931,1080
19629,1080
38215,1080
33379,1080
2044,1080
22924,1080
32307,1080
32307,1080
23340,1080
6228,1080
14419,1080
14880,1080
37707,1080
2547,1080
17127,1080
13629,1080
5931,1080
18646,1080
23209,1080
23283,1080
23283,1080
28478,1080
35608,1080
36343,1080
34118,1080
34215,1080
19024,1080
19218,1080
18166,1080
5618,1080
22148,1080
3423,1080
12404,1080
31750,1080
22852,1080
26756,1080
33160,1080
16520,1080
36230,1080
16222,1080
18239,1080
34279,1080
13814,844
33375,844
18594,844
16829,844
28629,844
37658,844
13717,844
22581,844
5062,844
31946,844
25761,844
36084,844
6231,844
5474,844
33455,844
14258,844
26621,844
10689,844
2178,844
7722,844
6476,844
3629,844
25138,844
1380,844
17322,844
12188,844
33510,844
30096,844
23016,844
33545,1073
23618,1073
12806,1073
7748,1073
13116,1073
8521,1073
2896,1073
28251,1073
37277,1073
1541,1073
37230,1073
3389,1073
1660,1073
32986,1073
10808,1073
4209,1073
25232,1073
26015,1073
14076,1073
18269,1073
9223,1073
14076,1073
18269,1073
27911,1073
26127,1073
36113,1073
19748,1073
4322,1073
6554,1073
12688,1073
32174,1073
3300,1073
10905,1073
8162,1073
27160,1073
37556,1073
25180,1073
35220,1073
33202,1073
22273,1073
8473,1073
6884,1073
10455,1073
30866,1073
7761,1073
8747,1073
29250,1073
25563,1073
33080,1073
5128,1073
29250,1073
38199,1073
19164,1073
30335,1073
22184,1073
1351,1073
3770,1073
36978,1073
2662,1073
2662,1073
16155,1073
1288,1073
30867,1073
38472,1073
34792,1073
2030,1073
9802,1073
21934,1073
12956,1073
34,1073
2557,1073
16508,1073
33404,1073
20279,1073
16210,1073
972,1073
23215,1073
38432,1250
13952,1250
20104,1250
17852,1250
13479,1250
35121,1250
20732,1250
26253,1250
38635,1250
518,1250
13380,1250
22874,1250
27790,1250
26443,1250
11259,1250
31636,1250
35605,1250
11606,1250
26455,1250
7758,1250
34240,1250
19060,1250
29490,1250
38258,1250
37688,1250
37233,1250
9276,1250
12799,1250
37437,1250
37935,1250
38444,1250
38571,1250
8886,1250
33212,1250
11338,1250
37006,1250
32998,1250
26501,1250
37112,1250
34427,1250
17859,1250
28435,1250
28435,1250
33958,1250
38588,1250
31843,1250
1496,1250
18540,1250
6853,1250
6496,1250
26443,1250
26502,1237
12381,1237
15859,1237
2397,1237
33821,1237
29550,1237
34167,1237
1616,1237
7202,1237
13255,1237
31369,1237
8171,1237
36205,1237
38276,1237
37006,1237
8833,1237
34155,1237
9464,1237
21479,1237
31298,1237
6460,1237
33600,1237
8790,1237
11614,1237
5055,1237
9829,1237
29261,1237
7182,1237
27334,1237
16362,1237
37663,1237
35236,1237
25331,1237
2246,1237
9360,1237
28487,1237
10785,1237
22262,1237
29183,1201
1108,1201
6166,1201
6176,1201
6451,1201
3975,1201
17978,1201
36108,1201
327,1201
7179,1201
1817,1201
3539,1201
15094,1201
451,1201
9799,1201
12472,1201
14844,1201
27784,1201
38425,1201
25099,1201
1463,1201
29,1201
27686,1201
34618,1201
1153,1201
4730,1201
24620,1201
16373,1201
4363,1201
24439,1201
8237,1201
3177,1201
13842,1201
27225,1201
23966,1201
27225,1201
7412,1201
4496,1201
2255,1201
2588,1201
31619,1201
7222,1201
13565,1201
32209,1201
10745,1201
4924,1201
25352,1201
30332,1201
15061,1201
5229,1201
3631,1201
456,1201
4568,1201
402,1201
32890,1201
33361,1201
32387,1201
29130,1201
14169,1201
21474,1201
7878,1201
10723,1201
29857,1201
16403,1201
32387,1201
1080,1201
7018,1201
27774,1201
4219,1201
2184,1201
769,1201
7523,1201
16503,1201
10452,1201
1408,1201
5218,1201
34538,1201
11998,1201
20114,1201
38592,1201
9584,1201
34538,1201
9475,1201
25516,1201
27445,1201
11998,1201
7258,1201
976,1201
33919,1201
14352,1201
16872,1201
20422,1201
11530,1138
22220,1138
38048,1138
13280,1138
20864,1138
11168,1138
1579,1138
38244,1138
18911,1138
26001,1138
12099,1138
35200,1138
16481,1138
12368,1138
23920,1138
38326,1138
11510,1138
3015,1138
31929,1138
36418,1138
13691,1138
12659,1138
30321,1138
35453,1138
22826,1138
26689,1138
38286,1138
34817,1138
38481,1138
32575,1138
33583,1138
33932,1138
29342,1138
31962,1327
38530,1327
9410,1327
21506,1327
721,1327
9326,1327
7565,1327
772,1327
1756,1327
7444,1327
37893,1327
25688,1327
16184,1327
38511,1327
24783,1327
1432,1327
385,1327
38707,1327
37971,1327
29928,1327
9267,1327
13132,1327
34114,1327
7573,1327
5805,1327
24479,1327
26221,1327
31229,1327
20272,1327
37959,1327
21148,1327
6351,1327
12431,1327
12823,1327
21670,1327
15807,1327
8272,1327
5239,1327
10066,1327
17618,1327
33810,1327
20889,1327
12594,1327
14259,1327
37549,1327
32720,1327
22665,1327
30361,1327
5103,1327
8907,1327
14996,1327
33810,1327
7739,1327
24985,1327
38713,1327
23168,1327
14991,1327
3582,1327
30309,1327
38713,1327
36796,1327
23983,1327
15899,1327
37959,1327
16317,1327
38713,1327
38713,1327
1754,1327
7368,1327
1575,1327
20359,1327
37971,1327
2549,1327
38713,1327
28028,1327
17476,1327
13507,1327
23094,1327
9165,1327
3902,1327
23327,1327
15950,1327
23253,1327
38443,1327
26149,1327
12310,1327
36970,1327
38708,1327
32846,1327
26592,1327
11357,1327
38442,1327
24333,1327
11778,1327
2761,1327
32846,1327
22434,1327
9326,1327
9326,1327
10157,1327
13723,1327
30239,1327
9326,1327
25323,1327
6666,1327
37773,1327
11356,1327
7362,1327
33776,1327
13294,1327
2680,1327
34049,1327
31654,1327
36806,1327
36098,1327
4347,1327
22468,1327
25776,1327
14908,1327
8481,1327
31989,1327
17416,1327
33059,1327
21067,1327
38085,1327
32459,1327
10173,1327
37978,1327
25708,1327
29038,1327
9326,1327
1123,1327
34408,1327
11783,1327
26988,1327
35190,1327
36806,1327
26253,1327
1668,1327
36806,1327
25640,1221
25504,1221
27711,1221
17288,1221
4081,1221
22016,1221
17959,1221
37652,1221
20227,1221
37580,1221
26253,1221
36260,1221
38153,1221
36069,1221
8211,1221
28895,1221
27672,1221
38570,1221
34809,1221
11544,1221
32245,1221
37192,1221
37716,1221
26581,1221
33776,1221
30550,1221
7588,1221
6157,1221
22805,1221
34674,1221
33560,1221
20146,1221
24399,1221
38582,1221
28859,1221
23934,1221
19590,1221
38504,1221
29702,1221
31533,1221
12110,1221
28665,1221
25338,1221
23762,1221
12362,1380
385,1380
28846,1380
32544,1380
25640,1380
17371,1380
3750,1380
1444,1380
11799,1380
170,1380
38153,1380
30474,1380
2350,1380
30474,1380
28048,1380
14078,1380
33549,1380
32984,1380
36932,1380
8655,1380
12598,1380
5170,1380
37193,1380
37193,1380
4086,1380
16996,1380
35071,1380
8473,1380
31843,1380
38605,1380
28461,1380
6525,858
34774,858
22754,858
12247,858
1142,858
33600,858
1194,858
37125,858
1860,858
14303,858
14642,858
8511,858
29409,858
4411,858
7358,858
954,858
28264,858
8917,858
4087,858
9558,858
22588,858
23122,858
30921,858
5380,858
23425,858
137,858
4475,858
23425,858
33243,858
25137,858
32769,858
17842,858
1938,858
37279,858
22355,1115
14150,1115
1123,1115
17941,1115
16999,1115
36322,1115
19487,1115
4410,1115
20258,1115
23760,1115
32715,1115
17663,1115
17576,1115
5195,1115
1220,1115
158,1115
10272,1115
4467,1115
6032,1115
26034,1115
4782,1115
3695,1115
3585,1115
138,1115
834,1115
15863,1115
12500,1115
11503,1115
5190,1115
12806,1115
38226,1115
1445,1115
16763,1115
17521,1115
8553,1115
5660,1115
32149,1115
9205,1115
21216,1115
12576,1115
21118,1115
27379,1115
9289,1115
21835,1115
3003,1115
3916,1115
9183,1115
11185,1115
22740,1115
2268,1115
26187,1115
2250,1115
38153,1115
10496,1115
26133,1115
27126,1115
37767,1115
29572,1115
14787,1115
17143,1115
23243,1115
24839,1115
7778,1115
4144,1115
37120,1115
247,1115
37556,1115
4307,1115
18465,1115
12823,1115
28335,1173
24209,1173
1323,1173
3033,1173
38516,1173
21647,1173
7152,1173
832,1173
36241,1173
1336,1173
1711,1173
26593,1173
13078,1304
12107,1304
27431,1304
11521,1304
31986,1304
30237,1304
1731,1304
19979,1304
2912,1304
38081,1304
6967,1304
5903,1304
14990,1304
2029,1304
5414,1304
2252,1304
8410,1304
23792,1304
22402,1304
24574,1304
32395,1304
20238,1304
35213,1304
36064,1304
28749,1304
34793,1304
38238,1304
24303,1304
32131,1304
22080,1304
32131,1304
38607,1304
38154,1304
27279,1304
15794,1304
1712,1304
19594,1304
7171,1304
13123,1304
5533,1304
13123,1304
6186,1304
22781,1304
38528,1304
28316,1304
28065,1304
5685,1304
38545,1304
27988,1353
833,1353
17636,1353
29170,1353
3897,1353
7434,1353
16466,1353
38013,1353
23168,1353
16466,1353
38013,1353
10900,1353
16304,1353
20445,1353
16458,1353
34640,1353
4728,1317
4197,1317
12363,1317
19506,1317
6574,1317
248,1317
19792,1317
16759,1317
2781,1317
25130,1317
31507,1317
16410,1317
20289,1317
12341,1317
35961,1317
13534,1317
38671,1317
7444,1317
21742,1317
7362,1317
22174,1317
950,1317
5822,1317
4752,1317
31365,1317
35414,1317
7868,1317
2684,1317
7465,1317
18978,1317
23966,1317
15397,1317
3813,1317
5472,1317
75,1317
38379,1317
1431,1317
10742,1317
34322,1317
34879,1317
14637,1317
1617,1317
85,1317
7954,1317
12537,1317
29925,1317
2506,1317
29695,1317
20895,1317
29695,1317
15025,1317
13138,1317
2010,1317
209,1317
3147,1317
18668,1291
17836,1291
24802,1291
29253,1291
30980,1291
28776,1291
13372,1291
37778,1291
10524,1291
18431,1291
33746,1291
38411,1291
26141,1291
32778,1291
20906,1291
24865,1291
24878,1291
25424,1291
24863,1291
24873,1291
24861,1291
25050,1291
25668,1291
18581,1291
21394,1291
24862,1291
27207,1291
32774,1291
29629,1291
23035,1291
38280,1291
24174,1291
31177,1291
14329,1291
38127,1291
33932,1291
10967,1291
30734,1291
22795,1155
18228,1155
18066,1155
21947,1155
19272,1155
4132,1155
12685,1155
8123,1155
12789,1155
16711,1155
20191,1155
31845,1155
14886,1155
25417,1155
25417,1155
35623,1155
36872,1155
10524,1155
28053,1155
9193,1155
13076,1155
33680,1155
17498,1155
38300,1155
13518,1155
8197,1155
8197,1155
31196,1155
19200,1143
14929,1143
11657,1143
27504,1143
10355,1143
27504,1143
20780,1143
19859,1143
14738,1143
30137,1143
16826,1143
6969,1143
38264,1143
38264,1143
19228,1143
16636,1143
30119,1143
18648,1143
8026,1143
37752,1143
30119,1143
19272,1143
16636,1143
5471,1143
6022,1143
20676,1143
14936,1143
31851,1143
15953,1143
30193,1143
6022,1143
4318,1143
12935,1143
20446,1143
475,1077
27359,1077
31140,1077
11664,1077
38738,1077
27941,1077
8585,1077
18512,1077
30060,1077
8585,1077
12984,1077
27845,1077
36964,1077
7398,1077
10479,1077
21098,1077
8850,1077
36886,1077
7605,1077
5498,1077
19515,1077
11826,1077
32909,1077
31790,1077
5893,1077
13865,1077
11001,1077
21159,1077
19349,1077
30321,1077
34751,1077
36607,1077
11587,1077
25460,1077
11587,1077
25460,1077
9108,1077
6246,1077
14028,1077
38475,1077
83,848
15800,848
19708,848
2782,848
2833,848
2011,848
23223,848
529,848
12011,848
17258,848
15998,848
5348,848
15367,848
351,848
2782,848
6557,848
2856,848
3152,848
37498,848
10671,848
3427,848
7044,848
20294,848
11982,848
15998,848
20617,848
10959,848
1859,848
9763,848
1625,848
8461,848
9558,848
8041,848
2102,848
7383,848
29926,848
4997,848
14062,848
35502,848
7383,848
7362,848
14062,848
1885,848
13488,848
31956,848
13651,848
9691,848
17021,848
2305,848
35496,848
32493,848
5822,848
20196,848
4087,848
20538,848
8945,848
20538,848
3152,848
12086,848
15998,848
1053,848
2234,848
1378,848
33850,848
2011,848
20631,848
22446,848
2296,848
10308,848
262,848
37614,848
2605,848
18152,848
24215,848
8729,848
1378,848
8461,848
28355,848
24260,848
24260,848
24260,848
124,848
24260,848
24260,848
2011,848
24260,848
24260,848
24260,848
24260,848
29712,848
31940,848
5977,848
8461,848
24260,848
24260,848
17021,848
840,848
24260,848
32826,848
33491,848
24260,848
31940,848
24260,848
4475,848
25072,848
24030,848
2919,848
24255,848
5787,1120
5316,1120
7466,1120
1731,1120
9873,1120
33521,1120
1092,1120
23001,1120
10399,1120
7635,1120
3301,1120
12658,1120
3692,1120
14624,1120
13164,1120
9879,1120
29386,1120
1024,1120
6460,1120
25680,1120
12416,990
12132,990
374,990
17501,990
12452,990
32344,990
5843,990
18297,990
14672,990
24298,990
8057,990
7445,990
11941,990
20785,990
33486,990
30826,990
33826,990
33631,990
17446,990
17378,990
28961,990
2607,990
14271,990
2383,990
2735,990
24212,990
10788,990
35064,990
19819,990
15911,990
22272,990
32768,990
993,990
14751,990
18096,990
20678,990
3710,990
22560,990
36745,990
1993,990
12709,990
4445,990
22798,1343
27459,1343
21617,1343
21134,1343
18077,1343
23953,1343
15060,1343
28348,1343
25570,1343
35910,1343
33915,1343
30430,1343
29262,1343
32009,1343
32171,1343
19387,1343
26690,1337
37772,1337
8530,1337
36889,1337
37129,1337
24574,1337
5554,1337
32848,1337
19563,1337
28144,1337
22234,1337
23016,1337
16787,1337
12480,1337
38406,1337
31715,1337
28096,1337
38711,1337
6191,1337
32410,1337
5473,1337
24967,1337
15051,1337
28769,1337
8821,1337
8821,1337
35987,1337
5020,1337
10710,1337
19826,1337
37554,1337
5745,1337
5745,1337
27374,1337
15951,1337
9892,1337
30823,1337
21906,1337
18386,1337
34841,1337
3973,1337
35742,1337
29413,1337
21743,1337
38404,1337
24998,1337
38566,1337
17706,1337
17377,1337
19563,1337
17706,1337
8233,1337
2015,1337
4009,1337
24320,1337
9191,1337
15835,1337
4566,1337
25080,1337
24710,1337
4028,1337
7756,1337
38177,1337
28778,1337
19247,1337
28749,1337
26256,1337
38208,1337
32969,1280
33094,1280
33277,1280
19506,1280
38663,1280
38037,1280
35111,1280
38692,1280
26950,1280
38558,1280
797,1280
33589,1280
30851,1280
37359,1280
37794,1280
1892,1280
8296,1280
34912,1280
38132,1280
16449,1280
37359,1280
37359,1280
33277,1280
27010,1280
26921,1280
32078,1280
27010,1280
28142,1280
518,1280
38070,1280
25749,1280
26501,1280
24644,1280
24564,1280
29444,1280
17901,1280
17510,1280
38539,1280
35580,1280
37733,1280
26888,1280
21601,1280
38275,1280
21788,1280
9680,1280
20606,1280
22800,1292
21841,1292
33032,1292
11918,1292
37719,1292
38386,1292
6338,1292
5709,1292
32927,1292
38662,1292
21563,1292
21841,1292
38662,1292
30142,1292
21841,1292
33098,1292
27237,1292
28703,1292
25831,1292
38386,1292
21841,1292
38320,1292
38141,1292
27739,1292
24193,1292
31993,1292
38522,1292
27389,1292
6746,1292
14882,1292
38320,1292
3309,1292
27739,1292
35210,1292
24559,1292
33001,1292
32161,1292
37892,1292
38453,1292
38468,1292
21618,1292
19057,1292
15794,1292
27195,1292
38186,1292
22058,1292
36392,1292
37471,1292
37590,1292
772,1292
37591,1292
17449,1292
34477,1292
21441,1292
5033,1292
23443,1292
33664,1292
26680,1292
31029,1292
28164,1292
4566,1292
33947,1292
33947,1292
26629,1292
38625,1292
26543,1292
1506,1292
38523,1292
28536,1292
19718,1292
36751,1292
38440,1292
1047,1292
15111,1292
93,1292
26937,1292
12431,1292
3266,1292
19111,1292
8010,1292
36506,1292
38302,1292
38356,1292
31433,1292
32662,1292
38417,1292
38417,1292
37719,1292
7466,853
28523,853
29448,853
28408,853
9496,853
19008,853
26631,853
30776,853
22996,853
14754,853
13429,853
1366,853
19670,853
28562,853
18761,853
33795,853
34890,853
9497,853
35968,853
20415,853
25909,853
20491,853
19820,853
15207,853
20176,853
12926,853
24069,853
5113,853
12025,853
36773,853
7109,853
37614,853
28258,853
14498,853
33354,853
26033,853
12850,853
14446,853
29608,853
26722,853
23358,853
33140,853
21072,853
26243,1162
6806,1162
1617,1162
2487,1162
11366,1162
27171,1162
38101,1162
28270,1162
3155,1162
32051,1162
12749,1162
36072,1162
8823,1162
27347,1162
8084,1162
5316,1162
27473,1162
31004,1162
17254,1162
21215,1162
8660,1162
4817,1162
31305,1162
32074,1162
23204,1162
14030,1162
6063,1162
25946,1162
6063,1162
25946,1162
35481,1162
31004,1162
12382,1162
20489,1162
26431,1162
12478,1162
10760,1162
10760,1162
16175,1162
19190,1162
10898,1162
37017,938
25177,938
22275,938
2733,938
3559,938
8381,938
37002,938
29006,938
37557,938
330,938
11703,938
36864,938
1411,938
33572,938
17509,938
37679,938
25189,938
17848,938
14751,938
17084,938
10889,938
5476,938
10771,938
20038,938
32680,938
30217,938
4239,938
18633,938
33785,938
260,938
17084,938
32169,938
37515,938
32169,938
35517,938
22766,938
24688,938
3280,1007
4479,1007
36279,1007
16760,1007
15887,1007
23794,1007
23265,1007
1112,1007
19039,1007
11573,1007
16185,1007
35637,1007
12391,1007
36403,1007
9025,1007
15740,1007
32590,1007
29869,1007
33859,1007
14881,1007
641,1007
2357,1007
3659,1007
36651,1007
36350,1007
10176,1007
11522,1007
20126,1007
15993,1007
2964,1007
20058,1007
16251,1007
10939,1007
3872,1007
8633,1007
26215,1007
4630,1007
22951,1007
12563,1007
18768,1007
2788,1007
7976,1007
13159,1007
6791,1007
15595,1007
30572,1007
1110,1007
20368,1007
12768,1007
23107,1007
26614,1007
28342,1007
14906,1007
35145,1007
29477,1007
32365,1007
17934,1007
4964,1007
16900,1007
15752,1007
3378,1007
23420,1007
16399,1007
1694,1007
10278,1007
30910,1007
35414,1007
23780,1007
13527,1007
12847,1007
538,1007
27933,1007
8882,1007
13013,1007
6432,1007
2987,1007
29950,1007
11250,1007
37599,1007
15811,1007
7280,1007
17137,1007
29551,1007
37007,1007
36555,1007
13126,1007
5125,1007
19546,1007
11220,1007
10631,1007
14419,1007
32751,1007
5946,1007
4098,1007
16715,1007
18056,1007
24508,1007
11455,1007
31683,1007
15095,1007
10041,1007
5067,1007
21987,1007
3189,1007
23238,1007
3189,1007
13776,1007
24437,1007
14494,1007
14018,1007
25366,1007
37784,1007
30045,1007
29130,1007
18863,1007
10062,1007
15932,1007
37783,1007
13475,1007
18545,1007
27469,1007
34252,1007
23180,1007
27436,1007
28875,1007
12701,1007
2386,1007
18501,1007
36129,1007
13608,1007
18059,1007
25515,1007
20736,1007
20588,1007
2357,1007
33075,1007
20736,1007
15184,1007
12729,1007
25694,1007
16621,1007
25428,1007
25498,1007
25815,1007
13997,1007
23296,1007
14740,1007
31464,1007
21053,597
28777,597
5129,597
37110,597
11777,597
15725,597
4554,597
4222,597
27051,597
28908,597
12629,597
2392,597
14512,597
23417,597
15745,597
32305,597
17725,597
32823,597
4199,597
10740,597
127,597
24853,597
35850,597
16379,597
1975,597
30318,597
27270,597
15119,597
10102,597
2031,597
6756,597
18601,597
8381,597
17764,597
29877,597
1678,597
14756,597
10505,597
4354,597
23435,597
35289,597
34496,597
27153,597
10414,597
2396,597
4222,597
9175,597
8788,597
28870,597
2393,597
17329,597
602,597
16544,597
31313,597
24014,597
4496,597
25889,597
27808,597
23252,597
12333,597
34348,597
26841,597
17717,597
24602,597
3170,597
29768,597
35017,597
7093,597
24309,597
13181,597
31973,597
451,597
25379,597
25373,597
7906,597
22754,597
38624,1281
27371,1281
38169,1281
34021,1281
9680,1281
8083,1281
33239,1281
19384,1281
21829,1281
27135,1281
27949,1281
17372,1281
37076,1281
12210,1281
7692,1281
29165,1281
38221,1281
38636,1281
36547,1281
24110,1281
26501,1281
24644,1281
7116,1281
23236,1281
10776,1281
27323,1281
38413,1281
38696,1281
36929,1281
38132,1281
10205,1281
38497,1281
29181,1281
26823,1281
36371,1281
20606,1281
33465,1281
24333,1281
37233,1281
29668,1281
11937,1281
32364,1281
29996,1281
16149,1281
31765,1281
38037,1281
20303,1281
18140,1281
28868,1281
16274,1279
16274,1279
38278,1279
36281,1279
11426,1279
18326,1279
33273,1279
11062,1279
7803,1279
18824,1279
28933,1279
4267,1279
10431,1279
7202,1279
26027,1279
28933,1279
33181,1279
12191,1279
19024,1279
20644,1279
26749,1279
33030,1279
12087,1279
29423,1279
36233,1279
21327,1279
3960,1279
32485,1279
22858,1279
20831,1279
32897,1279
9841,1279
15139,1279
15139,1279
13571,1279
38005,1279
27756,1279
4252,1279
16901,1279
14996,1279
18829,1279
6820,1279
20873,1279
10567,1279
2699,1279
31987,1279
19387,1279
14040,1279
11910,1279
23847,1279
31374,1279
16901,1279
26582,1279
31987,1279
12710,1279
10361,1279
22764,1279
38052,1279
32966,1279
13585,1279
34528,1279
32900,1279
34357,1279
32900,1279
21740,1279
31944,1279
23805,1279
20208,1279
15765,1279
19761,1279
14404,1279
7985,1279
10253,1279
14404,1279
977,1279
977,1279
32679,1279
977,1279
977,1279
32679,1279
37642,1279
37642,1279
11618,1279
36442,1279
36811,1279
20837,1279
34357,1279
38091,1279
9028,1279
5471,1279
9135,1279
20191,1279
81,1279
25204,1279
3748,1279
8616,1279
28189,1279
28189,1279
1720,1279
1383,1279
8922,1279
8183,1279
13076,1279
28348,1279
9306,1279
26870,1279
37062,1279
34246,1279
5349,1279
8800,1279
31034,1279
51,1100
9205,1100
38337,1100
35523,1100
27606,1100
38153,1100
34163,1100
7234,1100
1691,1100
30573,1100
9165,1100
25336,1100
31069,1100
26459,1100
24368,1100
19525,1100
33127,1100
2280,1100
36418,1100
29303,1100
17098,1100
9937,1100
38096,1100
19261,1100
7371,1100
3665,1100
15590,1100
865,1100
25984,1100
19449,1100
28066,1100
7721,1100
6401,1100
32835,1100
7222,1100
3665,1100
25628,1100
8645,1100
38284,1100
2809,1100
27998,1100
37613,1100
17450,1100
3665,1100
1742,1100
22224,1100
22224,1100
23617,1100
23337,1100
16614,1100
26943,1100
22950,1100
23015,1100
34081,1100
26464,1100
2208,1100
3019,1100
38297,1100
15982,1100
26079,1100
38317,1100
38476,1100
14948,1100
14560,1100
38202,1100
8018,1100
27701,1100
25977,1100
670,1100
33565,1100
14937,1100
2561,1100
5787,1100
27098,1100
29753,1100
32715,1100
38060,1100
31059,1100
26891,1100
25185,1100
11435,1100
21767,1100
12088,1100
15557,1100
25185,1100
5810,1100
25336,1100
33442,1100
1773,1100
33442,1100
29456,1100
2302,1100
37996,1100
37996,1100
36314,1100
36314,1100
16252,1100
17857,1100
26678,1100
28285,1100
31807,1100
12746,1100
10303,1100
12746,1100
25579,1100
35692,1100
35738,1100
38254,1100
36649,1100
31069,1100
31069,1100
33428,1100
17857,1100
34817,1100
38263,1100
38263,1100
38268,1100
7785,1288
25407,1288
1852,1288
31650,1288
7693,1288
30130,1288
38663,1288
37559,1288
19425,1288
33276,1288
3427,1288
23001,1288
8202,1288
24684,1288
38128,1288
28030,1288
27046,1288
2227,1288
34095,1288
23970,1288
6842,1288
29156,1288
29156,1288
27145,1288
27700,1288
35111,1288
16820,1288
38596,1288
31304,1288
30290,1288
3003,1288
23436,1288
31920,1288
38539,1288
19720,1288
4451,1288
16105,1288
34918,1288
33839,1288
4379,1288
1015,1288
28955,1288
14909,1288
32739,1288
35602,1288
17510,1288
21835,1288
38070,1288
37794,1288
15422,1288
11229,1288
5854,1288
27889,1288
27889,1288
37525,1288
1935,1288
20303,1288
38131,1288
37922,1288
14435,1288
36893,1288
22608,1288
3039,1288
14762,1288
10239,1288
38401,1288
29483,1288
9092,1288
37711,1288
31788,1288
37653,1288
2440,1288
4562,618
20611,618
23796,618
22130,618
3846,618
5542,618
8885,618
12588,618
9602,618
31799,618
25379,618
20904,618
23600,618
8233,618
10371,618
31597,618
36160,618
14173,618
24528,618
2084,618
10330,618
12968,618
8203,618
36117,618
6531,618
21962,618
36025,618
1955,618
2854,618
34522,618
3512,840
6289,840
2487,840
14966,840
13421,840
10179,840
33375,840
29162,840
9008,840
37334,840
33272,840
32010,840
25510,840
19195,840
11909,840
9181,840
12403,840
3063,840
19775,840
6858,840
8551,840
9696,840
28024,840
4586,840
2019,840
9696,840
25734,840
28908,840
10129,840
4230,840
6309,840
4340,840
10993,840
19004,840
20631,840
25870,840
571,840
16190,840
23028,840
31768,840
23298,840
30998,840
4214,840
18952,840
8835,840
11839,840
21033,840
30742,840
311,840
233,840
17152,840
37480,840
30340,840
33171,840
18594,840
18152,840
8402,840
33195,840
31790,840
3212,840
7097,840
22534,840
26126,840
9558,840
2366,840
11088,840
22710,840
10239,840
31412,840
4475,840
23387,840
4340,840
19952,840
22839,840
17771,840
18991,840
24773,840
31390,840
4382,840
7972,840
28329,1311
36254,1311
1972,1311
34151,1311
18734,1311
37480,1311
32417,1311
31897,1311
6713,1311
28720,1311
37128,1311
35042,1311
38569,1311
11770,1311
5476,1311
26063,1311
19160,1311
37192,1311
31520,1311
27226,1311
33196,1311
35957,1311
4601,1311
4562,1311
38030,1311
25273,1311
13205,1311
17304,1311
32371,1311
4110,1311
8162,1311
13922,1311
15012,1311
13922,1311
27512,1311
35700,1311
1980,536
22111,536
21271,536
34345,536
15285,536
17942,536
15538,536
23304,536
25496,536
6996,536
12103,536
2851,536
5358,536
16882,536
12067,536
3420,536
25274,536
14557,536
2109,536
12535,536
24824,536
3366,536
25953,536
17106,536
7014,536
15119,536
17716,536
3362,536
14074,536
16803,536
9671,536
21033,536
33931,536
26629,536
8542,536
37053,536
1354,536
25322,536
1889,536
2252,536
10500,536
17265,536
24610,536
17759,536
23281,536
26940,536
8392,536
11915,536
6017,536
8589,536
8474,536
22560,536
2795,855
20623,855
3306,855
34617,855
36275,855
25339,855
4061,855
34890,855
36390,855
33155,855
13163,855
17842,855
9328,855
31838,855
29986,855
19330,855
4830,855
22444,855
8388,855
36383,855
22468,855
10745,831
18594,831
10179,831
16778,831
8912,831
24408,831
35738,831
33572,831
30132,831
6969,831
28908,831
35231,831
14739,831
2947,831
10129,831
23298,831
23926,831
8283,831
6436,831
5519,831
33375,831
20074,831
18720,831
23171,831
15314,831
10723,831
15314,831
10696,831
21630,831
33295,831
20775,831
15138,831
534,831
21013,831
13666,831
37480,831
33684,831
7972,831
37671,1086
34119,1086
32041,1086
23008,1086
35611,1086
31931,1086
30042,1086
23606,1086
33533,1086
32420,1086
28013,1086
26704,1086
30171,1086
37287,1086
28285,1086
36106,1086
8307,1086
33069,1086
4874,1086
15321,1086
4874,1086
1453,1086
30864,1086
1224,1086
1224,1086
2887,1086
18305,1086
19103,1086
32167,1086
1361,1086
1374,1086
7434,1086
31912,1086
38638,1245
37108,1245
10749,1245
12337,1245
12337,1245
27690,1245
26065,1245
2280,1245
17759,1313
20867,1313
11375,1313
24710,1313
38302,1313
38404,1313
14015,1313
21911,1313
29666,1313
27713,1313
25540,1313
38333,1313
23096,1313
33541,1313
38212,1313
28164,1313
24909,1313
14614,1313
3485,1313
3485,1313
38182,1313
33541,1313
28787,1313
28787,1313
27730,1313
19247,1313
19220,1313
4123,1313
21028,1313
37547,1313
1470,1313
20103,1313
8704,1313
14233,1313
22793,1313
36751,1313
2198,1313
38652,1313
35085,1313
29894,1313
10420,843
862,843
25821,843
37601,843
9763,843
18856,843
769,843
37582,843
37640,843
427,843
22499,843
404,843
22542,843
476,843
12973,843
1911,843
11865,843
35502,843
6166,843
10708,843
22124,843
1080,843
1053,843
1560,843
29371,843
17254,843
11338,843
6465,843
3838,843
35496,843
5192,843
10414,843
32836,843
5545,843
124,843
9411,843
679,843
9877,843
30338,843
20467,843
2676,843
626,843
4934,843
2261,843
21644,843
33758,843
20069,843
33586,843
8840,1345
38389,1345
5977,1345
1738,1345
24983,1345
24983,1345
25457,1345
30410,1345
18039,1345
28350,1345
30139,1345
10766,1345
10308,1345
30139,1345
16494,1345
7610,1345
5220,1345
35919,1345
840,1345
6342,1345
28798,1345
34586,1345
17412,1345
24742,1345
34610,1345
24742,1345
1837,1345
5968,1345
38082,1345
8974,1345
38716,1345
38716,1345
5968,1345
11577,1345
20941,1345
1585,1345
27063,1345
28450,1345
6147,1345
37556,1345
6560,1345
10503,1345
27777,1345
19225,1345
4257,1345
1238,1345
20464,1345
21644,1345
25083,1345
25506,1345
16528,1345
8566,1345
9024,1345
32619,1345
17751,1345
5496,1345
34872,1345
21743,1345
30100,1345
4996,1345
27235,1345
37195,1345
22749,1345
11349,1345
29594,1345
22399,1345
22399,1345
2206,1345
26819,1345
25467,1345
14867,1345
14319,1345
18966,1345
11380,1345
33462,1345
19703,1345
15147,1102
35727,1102
16076,1102
17959,1102
17789,1102
37120,1102
15700,1102
23153,1102
1707,1102
12638,1102
10984,1102
33039,1102
9205,1102
33048,1102
21356,1102
38266,1102
1837,1102
27556,1102
5396,1102
680,1102
1451,1102
4641,1102
9919,1102
14600,1102
25962,1102
28943,1102
15364,1102
29004,1102
5976,1102
364,1102
3559,1102
3445,1102
22208,1102
5398,1102
20784,1102
22299,1102
2784,1102
38067,1102
21356,1102
26433,1102
24826,1102
26159,1102
17215,1102
38145,1102
37925,1102
38483,1102
24647,1102
37925,1102
11270,1102
19763,1102
4532,1102
29004,1102
38483,1102
6882,1102
38483,1102
3255,1102
8418,1102
12128,1102
1951,1102
28464,1102
18125,1102
32149,1102
24433,1102
5316,1102
9182,1102
37469,1102
29224,1102
3644,1102
30224,1102
32371,1102
35363,1102
22534,851
4411,851
858,851
9331,851
877,851
2695,851
33978,851
10924,851
6342,851
7866,851
21405,851
19799,851
1635,851
16963,851
598,851
33252,851
5425,851
10305,851
9671,851
26087,851
35059,851
5540,851
20064,851
755,851
36240,851
30172,851
36320,851
26087,851
33380,851
6572,851
15390,851
16245,851
27271,1300
13660,1300
10148,1300
35957,1300
31584,1300
31824,1300
37471,1300
17029,1300
36389,1300
36104,1300
2013,1300
7180,1300
32032,1300
28779,1300
38405,1300
1893,1300
16788,1300
17029,1300
1682,1300
1893,1300
34416,1300
38233,1300
38599,1300
38587,1300
37710,1300
38568,1300
38474,1300
16948,1300
25094,1300
15327,1300
117,1300
27496,1300
31742,1300
29516,1300
37994,1300
30604,1300
24753,1300
5427,1300
3627,1300
25248,1300
9431,1300
38474,1300
38474,1300
29386,1300
29386,1300
38587,1300
12620,1300
7984,1300
31433,1300
36064,1300
37787,1300
38549,1300
38495,1300
38495,1300
22781,1300
13182,1300
13182,1300
10519,1300
10519,1300
21948,1300
6574,1300
29699,1300
33508,1300
32186,1300
18594,1330
26062,1330
2092,1330
1697,1330
11953,1330
24595,1330
38724,1330
661,1330
23754,1330
19341,1330
38726,1330
30346,1330
37771,1330
38533,1330
37501,1330
6331,1330
37501,1330
37484,1330
6145,1330
15391,1330
15667,1330
34197,1330
17723,1330
31511,1330
28678,1330
28096,1330
28096,1330
11524,1330
1992,1330
35069,1330
25983,1330
7025,1330
9834,1330
38433,1330
16385,1330
34707,1330
31879,1330
38661,1330
29312,1330
38583,1330
38646,1330
17723,1330
6879,1330
6322,1330
28521,1330
10991,1330
24939,1330
35520,1330
32871,1330
4577,1330
24586,1330
10991,1330
30962,1330
17759,1330
38188,1330
27449,1330
28419,1330
21655,1330
8167,1330
28036,1330
27730,1330
4490,1330
24323,1330
5020,1330
38230,1330
27496,1330
25077,1330
38355,1330
18877,1330
17724,1330
25646,1330
27832,1330
30968,1330
38538,1330
38081,1330
31197,1330
34499,1330
27144,1330
3095,1330
27836,1330
37131,1330
13737,1330
10991,1330
16415,1330
9951,1330
15368,1330
9213,1330
38670,1330
1466,1159
12993,1159
13669,1159
12915,1159
6168,1159
37299,1159
33388,1159
14953,1159
37757,1159
11062,1159
20874,1159
38218,1159
31355,1159
33221,1159
4784,1159
27602,1159
25753,1159
11799,1159
12760,1159
26329,1159
27544,1159
22937,1159
2816,1159
10375,1159
26521,1159
13569,1159
2756,1159
25893,1159
1271,1159
7398,1159
5575,1159
11665,1159
6451,1159
3352,1159
17700,1159
4682,1159
11609,1159
29799,1159
36143,1159
4104,1159
35658,1159
27543,1159
12794,1159
4538,1159
6473,1159
8245,1159
11618,1159
11426,1159
3069,1159
10547,1159
13255,1159
16300,1159
26206,1159
11053,1159
7560,1159
12531,1159
4668,1159
1118,1159
3343,1159
23167,1159
27223,1159
17202,1159
21902,1159
31632,1159
22762,1159
30184,1159
7352,1159
32136,1159
4536,1159
28364,1159
20044,1159
25459,1159
3475,1159
15188,1159
16928,1159
16760,1159
29986,1159
29149,1159
22070,1159
11801,1159
24099,1159
16004,1159
34642,1159
5347,1159
8032,1159
8801,1159
37556,1159
34792,1159
34763,1159
15483,1159
31266,1159
2699,1159
4784,1159
29550,1159
13540,1159
26594,1159
714,1159
20707,1159
4223,1159
12128,1159
27678,1159
1917,1159
37454,1159
2305,1159
33932,1159
23251,1159
1992,1159
12910,1159
19182,1159
9138,1159
38064,1159
6639,1219
37914,1219
12478,1219
66,1219
38415,1219
38395,1219
38381,1219
19908,1219
684,1219
30448,1219
25595,1219
32445,1219
31147,1219
6880,1219
6283,1219
15298,1219
2702,1219
26001,1219
572,1219
20227,1219
36214,1219
1428,1219
16356,1219
38504,1219
19590,1219
19134,1219
8794,1219
1147,1219
13316,1219
254,1219
15181,1219
38160,1219
8933,1219
25698,1219
26776,1219
38305,1219
5545,1219
28665,1219
4657,1219
9573,1219
12500,1219
38361,1219
37957,1219
29342,1219
35984,1219
36032,946
29514,946
1396,946
6282,946
12681,946
17506,946
36538,946
14282,946
11757,946
3620,946
9177,946
21203,946
6909,946
2358,946
4106,946
26418,946
35521,946
15049,946
21605,946
920,946
31786,946
29702,946
31699,946
18025,946
26034,946
16689,946
37595,946
14469,946
14899,946
35913,946
36865,946
37461,946
6476,946
24367,946
24443,946
27857,946
14169,946
8504,946
1782,946
26098,946
23275,946
30946,946
11294,946
1528,946
13031,946
24062,946
28552,946
4010,946
37622,1145
4397,1145
38252,1145
12840,1145
12840,1145
30782,1145
26881,935
7472,935
13581,935
10936,935
14658,935
29006,935
35750,935
26076,935
19135,935
7941,935
14900,935
28824,935
14682,935
8235,935
35414,935
791,935
35943,935
32751,935
20177,935
31969,935
11703,935
24321,935
14044,935
18789,935
8540,1233
35626,1233
2836,1233
32674,1233
33484,1233
29207,1233
15374,1233
8794,1233
16062,1233
22982,1233
5061,1233
28269,1233
19177,1233
22247,1233
22247,1233
28033,1233
12087,1233
38647,1233
38647,1233
16218,1233
27480,1233
9208,1233
2529,1233
16874,1233
3968,1233
27978,1233
2836,1233
7589,1233
15707,1233
9442,1233
34639,1233
22884,1233
8607,1233
418,1233
895,1287
277,1287
35004,1287
1651,1287
12981,1287
7058,1287
6985,1287
2730,1287
841,1287
841,1287
8514,1287
20204,1287
29,1287
33231,1287
26240,1287
1174,1287
2713,1287
8753,1287
32734,1287
8753,1287
3529,1287
8481,1287
10755,1287
16327,1287
4498,1287
218,1287
5342,1287
19863,1287
28048,1287
3817,1287
4825,1287
18032,1287
135,1287
32862,1287
9375,1287
4237,1287
3291,1287
8349,1287
2973,1287
29374,1287
2628,1287
24517,1287
9665,1287
82,1287
6309,1287
28575,1287
23247,1287
38621,1287
16212,1287
59,1287
17430,1287
7728,542
14306,542
37177,542
7185,542
8834,542
2594,542
15290,542
20064,542
17018,542
22798,542
23729,542
7899,542
28444,542
7739,542
23118,542
3362,542
31269,542
20893,542
23129,542
31019,542
35475,542
23837,542
14579,542
3746,542
5070,542
9061,542
35344,542
29265,542
28371,542
27857,542
23925,542
19728,542
7972,542
7097,542
37702,1088
31322,1088
33478,1088
27624,1088
17946,1088
28482,1088
30200,1088
38000,1088
28836,1088
35904,1088
35910,1088
26515,1088
27276,1294
2689,1294
22309,1294
16367,1294
38632,1294
9909,1294
38632,1294
7759,1294
17075,1294
18479,1294
38632,1294
37127,1294
3704,1294
25425,1294
9836,1294
35726,1294
31416,1294
3437,1294
17904,1294
3658,1294
29590,1294
14637,1294
3944,1294
6090,1294
11585,1294
37957,1294
18282,1294
11814,1294
17526,1294
18764,1294
33789,1294
28880,1294
17348,1294
13979,1294
23931,1294
29799,1294
15581,1294
9674,1294
15033,1294
1141,1294
17241,1294
9514,1294
1418,1294
20497,1294
27194,1294
21562,1294
6329,1294
2798,1294
34871,1294
35268,1294
38116,1294
5349,1294
26121,1294
19173,1294
34222,1294
21144,1294
7821,1294
32905,1294
674,1294
5583,1294
36135,1294
35587,1294
12820,1294
23089,1294
37304,1294
3618,1294
33860,1294
8495,1294
18006,1294
13642,1294
22686,1294
35894,1294
572,1294
32456,1294
34167,1294
22063,1294
27544,1294
16894,1294
29282,1294
2638,1294
2021,1294
27505,1294
17384,1294
29011,1294
12532,1294
31654,1294
5460,1294
4410,1294
21629,1294
8790,1294
9670,1294
27557,1294
14639,1294
23084,1294
27900,1294
27008,1294
8352,1294
14417,1294
26541,1294
38692,1294
10684,1294
11185,1294
26735,1294
669,1294
25868,1294
27874,1294
8113,1294
34823,1294
27213,1294
25503,1294
27202,1294
27827,1294
5377,1294
37361,1294
38077,1294
23272,1294
29821,1294
13656,1294
29904,1294
29561,1294
31795,1294
26109,1294
2343,1294
13267,1294
25002,1294
11698,1294
1773,1294
35992,1294
37238,1294
20021,1294
3456,1294
28868,1294
30867,1294
3578,1294
31370,1294
20621,1294
7352,1294
12310,1294
36954,1294
10132,1294
18641,1294
15618,1294
7674,1294
5830,1294
651,1294
7725,1294
29885,1294
5711,1294
23554,1294
23554,1294
31304,1294
14436,1294
13584,1294
16479,1294
1311,1294
28496,1294
22041,1294
10117,1294
29390,1294
13084,1294
21252,1294
26885,1294
34289,1294
34626,1294
1097,1294
931,1294
3074,1294
4298,1294
26789,1294
26916,1294
2076,1294
3589,1294
20984,1294
14221,1294
6198,1294
10573,1294
37075,1294
5978,1294
28371,1294
21992,1294
21048,1294
17748,1294
29676,1294
19535,1294
36736,1294
6828,1294
31765,1294
17738,1294
2779,1294
424,1294
5404,1294
28325,1294
23714,1294
6334,1294
7059,1294
24119,1294
38642,1294
32335,1294
23940,1294
23674,1294
29925,1294
30367,1294
13786,1294
19853,1294
382,1294
382,1294
3747,1294
5078,1294
9298,1294
1779,1294
16403,1294
27716,1294
37789,1294
1326,1294
2587,1294
38190,1294
12685,1294
38065,1294
33958,1294
21835,1294
38194,1294
21036,1294
27700,1294
27440,1294
9570,1294
10908,1294
15025,1294
38426,1294
29056,1294
35536,1294
24514,1294
14762,1294
27115,1294
36260,1294
5479,1294
34816,1294
27171,1294
11274,1294
34022,1294
27783,1294
38397,1294
25749,1294
38215,1294
15422,1294
5170,1294
10056,1294
21235,1294
30997,1294
36163,1294
9516,1294
25887,1294
16973,1294
37998,1294
36606,1294
38211,1294
32459,1294
22843,994
22983,994
34269,994
34929,994
6303,994
374,994
221,994
31168,994
19480,994
8877,994
1228,994
11941,994
8478,994
29482,994
13204,994
14050,994
19008,994
25174,994
18640,994
25174,994
24993,994
11189,994
35231,994
9265,994
23447,994
21807,994
34504,994
10348,994
377,994
2465,994
24830,994
2547,994
15456,994
180,994
5380,994
6466,994
26621,994
7365,994
25825,994
21663,994
1811,994
6834,994
9081,994
27063,994
18099,994
35853,994
7451,994
23434,994
11235,1180
1014,1180
20631,1180
37617,1180
4,1180
3647,1180
33262,1180
33287,1180
38128,1180
1973,1180
36665,1180
1241,1180
3559,1180
11643,1180
7659,1180
38373,1180
30179,1180
9381,1180
36361,1180
5655,1180
36361,1180
15022,1180
19068,1180
32372,1180
24069,1180
19068,1180
31552,1180
37580,1180
35112,1180
18734,1180
26698,1180
32371,1180
35365,1180
38350,1180
38350,1180
1681,1180
1681,1180
1753,1180
33574,1180
26196,1180
26321,1180
16356,1180
11718,1180
38244,1180
3288,1180
22769,1180
5655,1180
15014,1180
16627,617
19702,617
34175,617
36934,617
36934,617
36934,617
36934,617
18647,617
2569,617
8558,617
3901,617
23243,617
7761,617
10157,617
33281,617
19605,617
25642,617
18596,617
21174,617
10460,617
27596,617
29232,617
5776,617
2966,617
4110,617
4889,617
29533,617
5278,617
11399,617
30151,617
20602,617
3366,617
4164,617
15357,617
27257,617
1542,617
20582,617
20904,617
19186,617
7073,617
3543,617
36934,617
23386,617
12588,617
28450,617
33664,617
11215,617
36568,617
12867,617
35427,617
3315,617
35406,617
17401,617
28798,617
31269,617
12027,617
28573,617
2661,617
37177,617
36726,617
10778,617
14690,617
15769,617
30847,617
9939,617
21315,617
23153,617
16945,617
17315,617
32665,617
12372,617
28908,617
35750,617
9186,617
21398,617
17751,617
35399,617
18404,617
23183,617
26802,617
8528,617
15114,617
3918,617
1713,617
264,617
3235,617
34521,617
22843,617
31848,617
28662,617
30805,617
3617,617
26344,617
15812,617
1087,617
33655,617
16254,617
28302,617
36646,617
27973,617
25379,617
35902,617
22956,617
35414,617
33270,617
4858,617
33505,617
10371,617
14579,617
5679,617
13574,617
23434,617
15529,617
13227,617
32465,617
20827,617
21768,617
109,617
8854,617
9562,617
4373,617
25344,617
22616,617
25695,617
28577,617
10537,617
28309,617
10685,617
26621,617
17670,617
23784,617
5478,617
12264,617
12991,617
25407,617
12968,617
37316,617
24683,617
6939,617
37007,617
16412,617
20727,617
6130,617
36934,617
28427,617
8133,617
3668,617
28463,617
32081,617
5070,617
4517,617
16415,617
28693,617
37267,617
33336,617
11915,617
33219,617
24221,617
902,617
4442,617
6420,617
2474,617
11612,617
30721,617
3443,617
8012,617
20060,617
3167,617
11628,617
13181,617
11160,617
21310,617
8623,617
22752,617
17696,617
18535,617
32820,617
1537,617
24541,617
4828,617
36934,617
13204,617
13617,617
33252,617
7404,617
2675,617
1973,617
7635,617
27882,617
2658,617
36934,617
20904,617
11027,1265
618,1265
28771,1265
15245,1265
29520,1140
32210,1140
7679,1140
29934,1140
32647,1140
11304,1140
21921,1140
21386,1140
35092,1140
22792,1140
7520,1140
23160,1140
23147,1140
25407,1140
31746,1140
4131,1140
18427,1140
33673,1140
31712,1140
8329,1140
24444,1140
5859,1140
29450,1140
21427,1140
21386,1140
26323,1140
30728,1140
24057,1140
37432,1140
30615,1140
37457,1140
21280,1140
32020,1140
22433,1140
25320,1140
17811,1140
24248,1140
34479,1140
17218,1140
31412,1140
25719,1140
22078,1140
22166,1140
26137,1140
21280,1140
22490,1140
28772,1140
23502,1140
26068,1140
25166,1140
28474,1140
4830,1140
24528,1140
27387,1140
10408,1140
23160,1140
37033,1140
26366,1140
32455,1140
23394,1140
29600,1140
36234,1140
9079,1140
35599,1140
30708,1140
28598,1140
38490,1140
6696,1140
37903,1140
21065,1140
38463,1140
38318,1140
29118,1140
18389,1140
25852,1140
35039,1140
37326,1140
17287,1140
2084,1140
26279,1140
19718,1140
19457,1140
38324,1140
37449,1140
30357,1140
2607,1091
23925,1091
28025,1091
14779,1091
2215,1091
7253,1091
28959,1091
13692,1091
1703,1091
3539,1091
30744,1091
21109,1091
37914,1091
31024,1091
12035,1091
25209,1091
3549,1091
31046,1091
15404,1091
7679,1091
10479,1091
37661,1091
37575,1091
94,1091
32038,1091
505,1091
16711,1091
4374,1091
10998,1091
646,1091
6720,1091
34955,1091
3317,1091
10368,1091
4392,1091
1751,1091
21794,1091
25264,1091
5799,1091
2713,1091
25642,1091
17450,1091
13833,1091
21824,1091
9810,1091
19855,1091
267,1091
11869,1091
3412,1091
22751,1091
696,1091
18785,1091
26511,1091
3443,1091
15741,1091
385,1091
2919,1091
12804,1091
143,1091
22519,1091
25868,1091
19768,1091
3548,1091
14930,1091
23097,1091
17401,1091
4157,1091
38400,1091
10012,1091
17415,984
34664,984
9965,984
14835,984
32344,984
21215,984
13204,984
34724,984
6400,984
37634,984
1271,984
33770,984
37232,984
12748,984
19808,984
8286,984
8579,984
12709,984
24298,984
14342,984
30088,984
32772,984
7540,984
13758,984
17227,984
1546,984
31956,984
10781,984
7695,984
8059,984
12681,984
8274,984
5229,984
36544,984
33591,984
33837,984
13133,984
21812,984
4895,984
5016,984
28936,984
22212,984
18761,984
17397,984
34832,984
16172,984
14498,984
10288,984
18476,984
29321,984
19193,984
37002,984
32768,984
8882,984
22212,984
16038,984
14672,984
33228,984
31392,984
35414,984
17355,984
36726,984
32595,984
7510,984
26816,984
18176,984
14169,984
22282,984
15763,984
24926,984
37616,984
33672,984
29003,984
23046,984
25024,984
4390,984
10687,984
33167,984
33572,984
2587,984
24233,984
32563,984
24426,984
23876,984
22597,984
25149,984
36214,984
14547,984
11936,984
10312,984
11770,984
13779,984
21852,984
12355,984
32436,984
1861,984
13252,984
23466,984
12633,984
9265,984
12524,984
35537,984
17264,984
20785,984
28343,984
19861,984
28619,984
1804,984
28858,984
1479,984
21360,984
11356,984
11928,984
3255,984
11225,984
3109,984
2297,984
4741,984
11191,984
9892,984
3678,984
10507,984
26196,984
27521,984
27626,984
33905,984
34819,984
31020,984
3517,984
25060,984
15834,984
979,1147
37363,1147
2103,1147
10114,1147
28618,1147
2007,1147
27644,1147
9630,1147
23624,1147
8131,1147
27311,1147
20378,1147
26961,1147
30549,1147
30549,1147
23738,1147
37055,1147
37055,1147
33498,1147
21028,1147
28424,1147
3712,1147
20416,1147
31597,1147
562,1147
1635,1147
21160,1147
2060,1147
3634,1147
37992,1147
38247,1147
10330,1147
33070,1147
2293,1147
2812,1147
26694,1147
15628,1147
35966,1147
30524,1147
24658,1147
38252,1147
7334,1147
10408,1147
22862,1147
15709,1147
25947,1147
2168,1147
35612,1147
35612,1147
38031,1147
35612,1147
2560,1147
31017,1147
28096,1147
2125,1147
37567,1147
9608,1147
1509,1147
30463,1147
2273,1147
38051,1147
5779,1147
1585,1147
5859,1147
14234,1147
776,1147
26691,1147
25514,1147
7630,1147
2082,1147
21655,1147
16855,1147
29994,1147
34862,1147
36392,1147
10469,1147
33098,1147
24595,1147
9178,1147
36979,1147
21966,1147
37068,1147
5957,1147
26844,1147
2992,1147
28112,1147
28112,1147
33088,1147
5756,1147
24660,1147
12602,1147
9773,1147
28150,1147
36877,1147
30961,1147
34889,1147
30754,1147
28374,1147
9815,1147
18073,1147
24906,1147
22300,1147
28415,1147
264,1147
21622,1147
422,1147
3453,1147
32539,1147
24513,1147
9093,1147
23410,1147
32867,1147
9093,1147
4028,1147
21008,1147
2029,1147
12732,1147
7659,1147
18284,1147
24887,1147
28337,1147
33718,1147
33718,1147
3632,1147
7320,1147
36234,1147
19401,1147
25371,1147
8436,1147
23065,1147
21135,1147
20540,1147
29568,1147
17046,1147
16705,1147
28248,1147
5903,1147
38186,1147
1611,1147
17152,1147
26323,1147
19846,1147
24592,1147
26068,1147
30855,1147
33907,1147
37590,1147
8865,1147
2503,1147
29614,1147
29472,1147
31109,1147
37556,1147
31109,1147
36181,1147
3337,1147
30990,1147
30990,1147
24968,1147
28536,1147
29399,1147
37549,1147
30549,1147
15865,1147
12480,1147
25320,1147
34367,1147
34367,1147
7254,1147
728,1147
37055,1147
37055,1147
30669,1147
12910,1147
33303,1147
32992,1147
22781,1147
23544,1147
35579,1147
35579,1147
14851,1147
14105,1147
6653,1147
20341,1147
4464,1147
34783,1147
30549,1147
2840,1147
27285,1147
24221,1147
30235,1147
37787,1147
25632,1147
3486,1147
31259,1147
30449,1147
422,1147
36526,1147
35623,1147
23065,1147
38218,1153
25753,1153
28742,1153
17700,1153
15404,1153
26073,1153
32761,1153
26771,1153
36165,1153
8937,1153
35479,1153
9077,1153
16300,1153
27788,1153
27184,1153
11339,1153
9586,1153
1949,1153
1949,1153
20262,587
28577,587
10504,587
14557,587
7594,587
35859,587
4164,587
29417,587
10124,587
18267,587
36538,587
9635,587
6750,587
16731,587
3017,587
16343,587
10376,587
24195,587
10696,587
32810,587
4385,587
10981,587
11012,587
24853,587
26117,587
595,587
36568,587
24031,587
29337,587
20063,587
22343,587
31848,587
3443,587
14482,587
33788,587
26946,587
31811,587
11807,587
21973,587
37029,587
34593,587
18024,587
3609,587
699,587
5362,587
18276,587
23805,1154
10879,1154
15063,1154
36636,1154
17622,1154
18115,1198
14485,1198
9354,1198
38330,1198
14485,1198
16831,1198
38380,1198
9987,1198
22470,1198
38054,1198
27022,1198
35080,1198
11697,1093
9411,1093
37230,1093
36897,1093
13890,1093
10130,1093
26791,1093
23882,1093
3631,1093
3178,1093
13416,1093
30512,1093
9356,1093
26622,1093
36606,1093
1770,1093
34123,1093
5759,1093
25198,1093
8361,1093
29801,1093
31290,1093
36795,1093
24344,1093
16486,1093
12889,1093
26377,1093
183,1093
12993,1093
4642,1093
32287,1093
683,1093
19305,1093
11180,1093
31700,1093
36795,1093
4294,1093
1200,1093
18713,1093
38008,1093
35026,1093
26789,1093
1141,1093
515,1093
37777,1093
4645,1093
4452,1093
1207,1093
32779,1093
143,1093
37511,1093
23243,1093
38166,1093
30054,1093
28571,1093
35583,1093
30480,1197
1875,1197
38149,1197
26285,1197
28234,1197
35135,1197
35382,1197
5782,1197
21142,1197
25513,1197
37266,1197
36731,1197
20862,1197
13659,1197
25711,1197
3309,1197
15325,1197
38369,1197
22437,1197
20441,1197
38456,1197
36034,1197
20441,1197
4996,1197
24164,1197
18386,1197
9503,1197
21294,1197
2880,1197
25931,1197
26219,1197
34145,1197
36880,1197
16621,1197
20542,1197
27279,1197
20998,1197
27784,1197
29055,1197
32077,1197
33599,1197
30524,1197
30594,1197
29055,1197
31689,1197
38445,1197
20441,1197
35120,1197
38513,1197
35120,1197
19424,1197
38422,1197
22922,1197
14234,1197
15922,1197
28330,1197
38504,1197
29737,1197
21908,1197
25711,1197
30857,1197
26937,1197
27921,1197
25492,1197
6793,1197
32754,1197
23891,1197
36817,1197
687,1197
27921,1197
13343,1197
34034,1197
29493,1197
29312,1197
30630,1197
11109,1197
36428,1197
23832,1197
28671,1197
35621,1197
35621,1197
7686,1197
7686,1197
12624,1197
2719,1197
38225,1197
12195,1197
28223,1197
29197,1197
7984,1197
34880,1197
38230,1197
31369,1197
23030,1197
38339,1197
470,1197
19830,1197
15519,1197
37807,1197
21340,1197
9597,1197
1731,1197
25537,1197
3383,1197
38120,1197
23275,1197
32881,1197
8007,1197
28928,1197
27655,1197
32367,1197
2736,1197
37800,1197
38188,1197
19057,1197
32491,1197
38081,1197
15051,1197
38069,1197
24733,1197
38050,1197
33690,1197
38050,1197
38050,1197
8775,1197
23933,1197
19091,1197
16030,1197
15536,1197
10199,1197
15536,1197
2840,1197
25313,1197
29414,1197
18018,1197
36211,1197
14845,1197
30815,1197
33955,1197
24909,1197
16461,1197
15048,1197
38574,1197
5105,1197
23428,1197
6653,1197
3289,1197
26897,1197
8300,1197
19021,1197
30483,1197
8742,1197
20887,1197
21364,1197
29516,1197
19561,1197
34092,1197
34092,1197
34092,1197
37945,1197
36506,1197
6357,1197
37862,1197
29994,1197
18594,1197
34811,1197
2136,1197
31584,1197
3835,1197
37328,1197
18956,1197
22107,1197
22939,1197
38529,1197
37664,1197
18137,1197
37664,1197
30657,1197
21017,1197
37664,1197
38383,1197
36696,1197
2840,1197
38441,1197
15536,1197
1001,1197
25619,1197
14541,1197
37664,1197
35521,1197
36998,1197
36998,1197
22934,1197
26366,1197
21363,1197
35381,1197
38572,1197
2681,1197
38597,1197
38311,1197
7243,1197
37903,1197
37903,1197
34097,1197
13127,1197
38062,1197
24685,1197
15366,1197
36584,1197
16809,1197
16540,1197
11088,1197
15366,1197
37994,1197
28892,1197
15536,1197
31824,1185
2379,1185
18101,1185
2919,1185
34495,1185
26961,1185
3377,1185
17284,1185
32114,1185
30999,1185
31866,1185
24215,1185
35148,1185
17284,1185
9024,1185
28513,1185
25540,1185
38306,1185
31540,1185
1803,1185
8445,1185
5473,1185
35643,1185
7055,1185
37407,856
32114,856
8297,856
18983,856
15825,856
17441,856
1366,856
15707,856
7404,856
32344,856
29608,856
6355,856
4087,856
25438,856
7971,856
15911,856
22634,856
33329,856
35197,856
14544,856
33155,856
7408,856
16565,856
19009,856
25323,856
10489,856
20802,856
2262,856
35231,856
28261,856
22444,856
10694,856
5772,856
26033,856
16364,856
9177,856
18420,856
35745,856
22372,856
5659,856
28338,856
15417,856
14546,856
36657,1158
33746,1158
32233,1193
6480,1193
5832,1193
26,1193
28732,1193
35929,1193
3231,1193
15845,1193
7371,1193
523,1193
38282,1193
38039,1193
22541,1193
1214,1193
9276,1193
38378,1193
35908,1193
31827,1193
20698,1193
37535,1193
18819,1193
23695,1193
21319,1193
30484,1193
6854,1193
37991,1193
34454,1193
34014,1193
38310,1193
3382,1193
3382,1193
19213,1193
31489,1193
38341,1193
37585,1193
38341,1193
32894,1193
13426,1193
22725,1193
25773,1193
26285,1193
4382,1193
25773,1193
4298,1193
9276,1193
14687,1193
26171,1193
34845,1193
7165,1193
25773,1193
12368,1193
12315,1193
28702,1193
37862,1193
32233,1193
35042,1193
2957,1193
35125,1193
34529,1193
36950,1193
20208,1193
38429,1193
7123,1193
3382,1193
24996,1193
7651,1193
7651,1193
37556,1193
38384,1193
20229,1193
6734,1193
1124,1193
5479,1193
25878,1193
11691,1193
38560,1193
38175,1193
29831,1193
33372,1193
37494,1193
20561,1193
10020,1193
19430,1193
33489,1193
28611,1193
11505,1193
38014,1193
26682,1193
24228,1193
19539,1193
30010,1193
24156,1193
21214,1193
25281,1193
35755,1193
31996,1193
5323,1193
36572,1193
14694,1193
26002,1193
9296,1193
37936,1193
33022,1193
37936,1193
36019,1193
38354,1193
24005,1193
34324,1193
13785,1193
36747,1193
12794,1193
38232,1193
36554,1193
38482,1193
17314,1193
29722,1193
20884,1193
15523,1193
20229,1193
38175,1193
19195,1193
27973,1193
23097,1193
31038,1193
38450,1193
8592,1193
4243,1193
873,1193
6384,1193
2280,1193
20606,1193
27503,1069
17152,1069
19856,1069
11456,1069
32290,1069
3349,1069
16468,1069
15062,1069
23093,1069
29572,1069
19934,1069
581,1069
22406,1069
31077,1069
7426,1069
8296,1069
23424,1374
38489,1374
5094,1374
9183,1374
15033,1374
30850,1374
14351,1374
15439,1374
21975,1374
36435,1374
27235,1374
29374,1374
7007,1374
38143,1374
38194,1374
13869,1374
6274,1374
4498,1374
3811,1374
31413,1374
7007,1374
26225,1374
16894,1374
25942,1374
11722,1374
24038,1374
15320,1374
5343,1374
2103,964
2961,964
37634,964
26059,964
24181,964
27202,964
31905,964
16446,964
23977,964
36825,964
7451,964
17815,964
35927,964
9945,964
23322,964
26264,964
35275,964
18270,964
21337,964
9436,964
9867,1063
6002,1063
61,1063
28487,1368
38465,1368
13138,1368
14762,1368
17822,1368
28554,1368
13548,1368
30773,1368
12699,1368
1118,1368
33593,1368
17682,1368
13287,1368
19321,1368
26539,1368
37796,1368
25358,1368
3000,1368
19564,1368
27656,1368
26932,1368
35009,1368
8325,1368
35833,1368
35833,1368
19941,1368
31871,1368
36799,1368
36480,1331
38694,1331
38601,1331
32395,1331
36273,1331
12420,1331
21111,1331
16408,1331
32044,1331
37029,1331
35959,1331
29284,1331
38017,1331
38673,1331
38673,1331
28309,1331
33324,1331
37574,1331
31321,1331
35942,1331
28240,1331
25080,1331
28485,1331
9663,1331
1850,1331
36122,1331
38456,1331
9833,1331
38673,1331
27448,1331
28878,1331
38137,1331
28044,1331
3691,1331
3691,1331
31799,1331
29913,1331
34462,1331
1899,1331
38721,1331
26897,1331
38721,1331
33237,1331
27929,1331
24939,1331
6901,1331
34039,1331
38706,1331
38706,1331
38111,1331
1850,1331
19253,1331
8530,1331
21066,1331
7180,1331
28362,1331
24388,1331
7251,1331
26774,1331
24484,1331
37133,1331
3691,1331
18461,1331
38674,1331
16787,1331
22700,1331
16029,1331
38711,1331
34987,1331
37382,1331
3691,1331
10400,1331
6087,1331
24497,1331
25975,1331
38035,1331
25975,1331
2100,1331
2100,1331
10334,1331
33111,1331
38694,1331
37436,1331
9173,1161
2030,1161
20003,1161
38374,1161
13414,1161
6300,1161
22814,1161
11556,1161
25200,1161
3858,1161
13785,1161
35236,1161
38363,1161
9097,1161
22814,1161
3858,1161
2406,1232
15309,1232
33362,1200
27929,1200
37638,1200
24712,1200
22524,1200
18963,1200
2135,1200
21434,1200
38402,1200
38402,1200
1506,1200
19284,1200
5261,1200
4858,1200
20838,1200
31881,1200
31881,1200
30128,1200
36205,1200
30089,1200
26690,1200
1943,1200
8661,1200
32363,1200
2135,1200
7251,1200
32363,1200
2912,1200
38618,1200
37073,1200
19284,1200
35942,1200
38388,1200
19284,1200
13659,1200
8389,1200
31519,1200
36497,1200
8389,1200
36497,1200
21965,1200
37503,1200
20305,1200
35212,1200
8878,1200
29982,1200
8878,1200
8878,1200
2019,1200
2019,1200
38371,1200
18410,1200
33604,1200
18410,1200
8727,1251
14709,1251
2849,1251
29645,1251
9931,1251
38205,1251
29748,1251
15302,1251
27662,1251
8918,1251
9561,1251
27196,1101
2692,1101
7963,1101
11184,1101
36257,1101
11056,1101
1998,1101
3678,1101
27374,1101
5396,1101
2237,1101
35862,1101
14600,1101
6496,1101
26848,1101
1242,1101
20301,1101
35092,1101
33188,1101
8113,1101
23291,1101
14445,1101
24697,1101
35121,1101
25302,1101
37215,1101
2561,1101
17663,1101
3548,1101
31858,1101
25611,1101
35753,1101
28419,1101
7375,1101
3278,1101
27999,1101
8557,1263
13692,1263
8595,1263
38570,1263
35398,1263
32051,1263
7205,1263
29514,1263
38640,1263
27347,1263
29330,1263
21483,1263
9294,1263
11789,1263
8660,1263
38223,1263
18586,1263
27298,1263
17512,1263
35449,1263
401,1263
23363,1263
10489,1310
9165,1310
12381,1310
21478,1310
8242,1310
13481,1310
38038,1310
38680,1310
32245,1310
32244,1310
35968,1310
16597,1310
24981,1310
28731,1310
36267,1310
28720,1310
15147,1310
37795,1310
32587,1310
37795,1310
25778,1310
4093,1310
31953,1310
10414,1310
1323,1310
28352,1310
28352,1310
12073,1310
31147,1310
12769,1310
26546,1310
24876,1310
25408,1310
30550,1310
2132,1310
14264,1310
2703,1310
26357,1310
38270,1310
38508,1310
32989,1310
5012,1310
17892,1310
22143,1310
21623,1310
31893,1310
21962,1310
16597,1310
25209,1310
7794,1310
8595,1310
20895,1310
31046,1310
10146,1310
1210,634
20942,634
2492,634
35526,634
2453,634
3995,634
34046,634
31783,634
14135,634
34046,634
31783,634
1809,634
11343,634
19397,634
4743,634
18678,634
1695,634
5914,634
24321,634
5799,634
19135,634
30088,634
715,634
10399,634
25666,634
5592,634
15728,634
23926,634
25202,634
23133,634
31238,634
20021,634
20182,634
5935,634
5935,634
2311,634
30782,634
1207,634
15151,634
24259,634
24259,634
2110,634
6175,634
8709,634
4355,634
2535,634
11915,634
11818,634
2175,634
29417,634
855,634
36252,634
25824,634
30194,634
31118,634
19391,634
18941,634
28857,634
11783,634
1537,634
26810,634
14071,634
9467,634
923,634
23849,634
5720,634
33197,634
11600,634
35637,634
34792,634
7984,634
21294,634
21555,634
31390,634
28656,634
9965,634
16323,634
36461,634
27500,634
27929,634
16851,634
17778,634
22887,634
18205,634
22887,634
9130,634
9130,634
240,634
10685,634
23030,634
28309,634
35525,634
35414,634
33419,634
21307,634
35094,634
27632,634
25936,634
4805,634
15435,634
17778,634
16859,634
30191,634
11574,634
24320,634
21984,634
21014,634
16048,634
14364,634
7358,634
29472,634
30443,634
6889,634
34089,634
31017,634
26738,634
20540,634
4787,634
8551,634
14541,634
31293,634
3233,634
2639,634
5731,634
26680,634
27418,634
16745,634
1305,634
30295,634
34527,634
7739,634
15014,634
30295,634
3131,634
20759,634
15417,634
27135,634
12455,634
27963,634
17351,634
31305,634
8571,634
31313,634
33252,634
6098,634
30118,634
7320,634
19376,634
25985,634
4475,634
32558,634
24830,634
35935,634
27596,634
12732,634
25709,634
16346,634
15397,634
27874,634
6572,634
29916,634
18006,634
1955,634
15865,634
36273,634
13080,634
20605,634
24555,634
24528,634
36646,634
27285,634
13891,634
31552,634
6634,634
26004,634
14216,634
30338,634
16523,634
7763,634
15051,634
11379,634
4500,634
12515,634
22749,634
2252,634
27216,634
2961,634
16931,634
2474,634
13294,634
4150,634
27655,634
10239,634
36663,634
11789,634
19424,634
10029,634
7397,634
21701,634
13827,634
21622,634
9178,634
3710,634
36955,634
24547,634
17630,634
3453,634
35526,634
2695,1182
31434,1182
26509,1182
37287,1182
21164,1182
11506,1182
25751,1182
17601,1182
2985,1182
2985,1182
28824,1182
4639,1182
35959,1182
18665,1182
34429,1182
27690,1182
34429,1182
31298,1182
21543,1182
18643,1182
1147,1182
29342,1182
35475,1182
38132,1182
33132,1083
34837,1083
8296,1083
9097,1083
15023,1083
22366,1083
16773,1083
24969,1083
25697,1083
4132,1083
3327,1083
37383,1083
25214,1083
35760,1083
37313,1083
32302,1083
24969,1083
36615,1083
36535,1083
38475,1083
16748,1171
12293,1171
9912,1112
13686,1112
8245,1112
15290,1112
17504,1112
12804,1112
784,1112
25198,1112
9176,1112
35528,1112
18740,1112
25318,1112
16505,1112
5723,1112
3235,1112
18395,1112
36076,1112
29149,1112
2682,1112
17679,1112
28464,1112
19779,1112
12798,1112
66,1112
13921,1112
8214,1112
15755,1112
31894,1112
29878,1112
38297,1112
29412,1112
28175,1112
26599,1112
36956,1112
27701,1112
29927,1112
37002,1112
17527,1112
30912,1112
24960,1112
15162,1112
38307,1112
4532,1112
38476,1112
18128,1112
15982,1112
4249,1112
31893,1112
13420,1112
19742,1112
4694,1112
16937,1112
27824,1112
6575,1112
12227,1112
37957,1112
4694,1112
34562,1112
6788,1112
6916,1112
7794,1112
26494,1112
34697,1112
31129,1112
11638,1112
8557,1112
38250,1112
38167,1112
29776,1112
26704,1112
38294,1112
16789,1112
38157,1112
27662,1112
34198,1112
35504,1112
10163,1112
34198,1112
1774,1112
12827,1112
7182,1112
2159,1112
34053,1112
6548,1112
12448,1112
34893,1112
22345,1112
31858,1112
37403,1112
38003,1112
14367,1112
33196,1112
5660,1112
5995,1112
13597,1112
29979,1112
38036,1112
26133,1112
27850,1112
35883,1112
36667,1112
35700,1112
30051,1112
37991,1112
34106,1112
38334,1112
9076,1112
38206,1112
22806,1112
25659,1112
25659,1112
37389,1112
31441,1112
12348,1112
29400,1112
37767,1112
33926,1112
12293,1112
24416,1112
26081,1112
8490,1112
28900,1112
8638,1112
11159,1112
29782,1112
19033,1112
9958,1112
773,1112
8533,1112
32196,1112
23169,1112
23169,1112
10213,1112
26706,1112
28665,1112
35908,1286
11371,1286
29996,1286
9725,1286
2367,1286
34454,1286
12381,1286
13585,1286
13505,1286
29546,1286
35305,1286
239,1286
3039,1286
11209,1286
17789,1286
3317,1286
34054,1286
9227,1286
15038,1286
34500,1286
6754,1286
28866,1286
1421,1286
4665,1286
38005,1286
11478,1286
26840,1286
11263,1286
30211,1286
12315,1286
24110,1286
38245,1286
24354,1286
14782,1286
35475,1286
34905,1286
34905,1286
24851,1286
5854,1286
13797,1286
26430,1375
27378,1375
5590,1375
1246,1375
4867,1375
12183,1375
11914,1375
3578,1375
6753,1375
18006,1375
2105,1375
27002,1375
23093,1375
9546,1375
9546,1375
17628,1375
9360,1375
24514,1375
28706,1375
28575,1375
3541,1375
11984,1375
38065,1375
27602,1375
12242,1375
30453,1375
21711,1375
516,1375
9135,1375
12777,1375
7328,1375
2422,1375
38425,1375
28142,1375
13497,1375
23454,1375
37214,1375
37214,1375
11513,1375
37214,1375
37214,1375
5833,1375
35220,1375
3372,1375
30453,1375
12777,1375
20707,1375
1545,1375
3945,1375
4494,1375
11315,1375
11315,1375
6669,1375
16933,1375
7675,1375
29925,1375
26014,1375
29925,1375
9018,1375
31310,1375
13538,1375
5703,1375
30867,1375
2018,1375
11478,1375
10738,1375
10738,1375
21144,1375
950,1375
35552,1375
35450,1375
35830,1375
35830,1375
29125,1375
23028,1375
38484,1375
2276,854
30762,854
26881,854
36454,854
11758,854
33329,854
34681,854
22720,854
32934,854
4553,854
36935,854
2608,854
20116,854
16136,854
9496,854
26631,854
29328,854
19133,854
1747,854
21365,854
33195,854
21877,854
4061,854
34617,854
37362,854
361,854
1194,854
25909,854
4888,854
36663,854
6539,854
34499,854
15548,854
25323,854
36773,854
28258,854
23364,854
25615,854
33140,854
20386,1357
23809,1357
34172,1357
37737,1357
11303,1357
16271,1357
33796,1357
16894,1357
8316,1336
8316,1336
10712,1336
36251,1336
10712,1336
36251,1336
25783,1336
27522,1336
19657,1336
21173,1336
21173,1336
3970,1336
267,1336
26598,1336
21406,1336
35504,1336
14523,1336
25906,1336
38704,1336
38704,1336
2122,1336
24924,1336
38668,1336
38668,1336
36315,1336
36315,1336
25906,1336
38493,1336
38493,1336
32087,1336
34666,1336
37694,1336
10084,1336
38242,1336
16679,1183
12358,1183
13116,1183
14872,1183
11883,1183
1541,1183
1933,1183
10083,1183
27976,1183
27976,1183
29439,1183
29439,1183
29636,1183
37579,1183
37579,1183
37579,1183
17750,1183
179,1183
179,1183
27711,1183
37755,1183
37755,1183
38025,1183
20321,1183
7504,1183
23416,1183
21545,1183
33186,1183
25670,1183
37222,1183
3209,1183
3462,1183
32641,1183
12591,1183
4667,1183
9650,1183
20179,1183
38260,1183
30212,1183
30212,1183
6597,1183
35295,1183
22917,1183
21145,1183
23974,1183
37650,1183
26090,1183
31367,1183
7193,1183
36544,1183
11816,1183
30621,1183
15702,1183
5326,1183
7590,1183
7590,1183
7789,1183
32109,1183
38103,1183
38129,1183
8259,1183
29560,1183
37012,1183
25411,1183
11064,1008
11413,1008
4777,1008
35050,1008
18753,1008
37364,1008
3378,1008
8420,1008
21152,1008
16773,1008
35906,1008
13469,1008
33161,1008
7573,1008
11451,1008
3587,1008
14449,1008
13214,1008
17375,1008
6517,1008
6436,1008
12211,1008
1343,1008
37783,1008
37566,1008
13747,1008
4390,1008
30566,1008
17264,1008
27746,1008
32371,1008
20176,1008
7563,1126
19103,1126
4333,1126
1076,1126
33132,1126
27932,1126
24125,1126
33385,1126
38170,1126
16508,1126
1285,1255
34063,1255
6088,1255
32544,1255
22468,1255
27349,1255
34061,1255
38279,1255
37325,1255
9617,1255
35690,1255
819,1255
6667,1255
3931,1255
8337,1255
25013,1255
20497,1255
6311,1255
37325,1255
38613,1255
9617,1255
34441,1255
13734,1255
19003,1255
23803,1255
7792,1255
32969,1255
30043,1255
7963,1119
29178,1119
22350,1119
34069,1119
19060,1119
2683,1119
17815,1119
36897,1119
13234,1119
26034,1119
4167,1119
6604,1119
26002,1119
37195,1119
7248,1119
34231,1119
26899,1119
14761,1119
33232,1119
8641,1119
9866,1119
34827,1119
34005,1119
14750,1119
19342,1119
29927,1119
20094,1119
13151,1119
34594,1119
38206,1119
38073,1119
38211,1119
38484,1119
27306,1119
9879,1119
28073,1119
27827,1119
34022,1119
31244,1119
4029,1119
30093,1119
25543,1119
29134,1119
35638,1119
37665,1119
9899,1119
12690,1119
15523,1119
12515,1175
2184,1175
38188,1175
20039,1175
33001,1175
38424,1175
23325,1175
25407,1175
13660,1175
36265,1175
892,1175
20746,1175
32395,1175
37800,1175
30999,1175
9467,1175
2072,1175
20651,1175
9794,1175
24876,1175
25325,1175
8547,1175
11588,1175
24574,1175
10047,1152
24869,1152
32152,1152
17771,1152
37371,1152
22598,1152
29889,1152
35801,1152
7658,1152
36989,1152
8691,1152
13689,1152
24624,1152
27027,1152
7967,1152
38256,1152
6477,1152
12577,1152
36143,1152
3110,1152
37989,1152
25748,1152
28364,1152
35479,1152
31390,1152
454,1152
2377,1152
3475,1152
18913,1152
13871,1152
24624,1152
7425,1152
11665,1152
15359,1152
37836,1347
778,1347
889,1347
38518,1347
3485,1347
24558,1347
26522,1347
28645,1347
6776,1347
12736,1347
31970,1347
25784,1347
37564,1347
9180,1347
921,1347
20159,1347
38485,1347
18039,1347
29793,1347
27193,1347
34034,1347
28415,1347
7054,1347
26287,1347
33291,1347
25371,1347
1812,1347
10874,1347
35520,1347
6717,1347
27091,1347
24356,1347
23881,1347
38648,1347
3165,1347
37843,1347
9663,1347
24967,1347
3000,1347
29507,1347
26366,1347
38188,1347
28727,1347
28703,1347
2092,1347
630,1347
22080,1347
27606,1347
14577,1347
32864,1347
9323,1347
2812,1347
27338,1347
27823,1347
37374,1347
27308,1347
30825,1347
25080,1347
28065,1347
14634,1347
24023,1347
12988,1347
11442,1347
38081,1347
29659,1347
35847,1347
27345,1177
13327,1177
33240,1177
13492,1177
16652,1177
36069,1177
37679,1177
2280,1177
15138,1177
7098,1177
20914,1177
36072,1177
38391,1177
38432,1177
28066,1177
37437,1177
36418,1177
7292,1177
15082,1177
26001,1177
26689,1177
32530,1177
2542,1177
34756,1177
1135,1177
17738,1177
10224,1177
37668,1177
12235,1177
19586,1177
11301,1177
31141,1177
27619,1177
27619,1177
20173,1177
19713,1177
6767,1177
37820,1177
18819,1177
31313,1177
18369,1177
37668,1177
9632,1320
3901,1320
1315,1320
31365,1320
1180,1320
96,1320
11784,1320
38700,1320
4522,1320
3256,1320
164,1320
12476,1320
2421,1320
5122,1320
7954,1320
38015,1320
9481,1320
7465,1320
1311,1320
27505,1320
4019,1320
12537,1320
38163,1320
26235,1320
10511,1320
2757,1320
31430,1320
32862,1320
16754,1320
14088,1320
14088,1320
6024,1320
37490,1106
3139,1106
12616,1106
1442,1106
17215,1106
32529,1106
17873,1106
31417,1106
5078,1106
12635,1106
19973,1106
6123,1106
17070,1106
32171,1106
9172,1106
29173,1106
21341,1106
25606,1106
2767,1106
19021,1106
21975,1106
1220,1106
29433,1106
24038,1106
25996,1106
22458,868
36664,868
15165,868
30263,868
35650,868
11467,868
3527,868
12380,868
33125,868
33404,868
14277,868
14933,868
374,868
25655,868
14632,868
18026,868
20129,868
30617,868
30181,868
7310,868
22774,868
33152,868
35991,868
23652,868
13600,868
21376,868
21389,868
36084,868
26210,868
2206,1349
32401,1349
20039,1349
28645,1349
24503,1349
25202,1349
3662,1349
32814,1349
27727,1349
26635,1349
11145,1349
24555,1349
21122,1349
38352,1349
15327,1349
36012,1349
31433,1349
28541,1349
32937,1349
9597,1349
19611,1349
38188,1349
20238,1349
37787,1349
7171,1349
2346,1349
3095,1349
36235,1349
5733,1349
13227,1349
955,1349
23030,1349
33051,1349
34952,1349
14216,1349
1955,1349
22524,1349
12729,1349
34976,1349
6386,1349
38623,1349
29870,1349
35397,1113
29733,1113
17476,1113
8214,1113
10745,1113
20720,1113
29541,1113
30573,1113
21109,1113
36326,1113
11290,1113
38157,1113
26899,1113
2906,1113
36329,1113
6882,1113
11352,1113
8641,1113
9878,1113
12379,1113
32837,1113
4431,1113
21697,1113
31315,1113
10594,1113
36728,1113
20316,1113
25611,1113
5737,1113
14392,1113
38257,1113
7425,1113
7425,1113
7425,1113
38244,1113
16823,1113
8047,1113
33684,1113
20352,1113
20053,1113
29126,1113
29733,1113
33502,1113
7425,1113
7425,1113
33502,1113
37646,1113
11437,1113
6968,1151
20644,1151
34117,1151
22654,1151
4850,1151
8539,1151
10691,1151
33331,1151
14044,1151
3868,1151
12528,1151
19175,1151
8086,1151
37220,1151
27473,1151
25753,1151
27595,1151
33361,1151
28602,1151
38231,1151
3343,1151
5370,1151
764,1151
1333,1151
29762,1151
28388,1151
9624,1151
6940,1151
15207,1151
27494,1151
20870,1151
6333,1151
38272,1151
19768,1151
28773,1151
7984,1151
38096,1151
1614,1151
11610,1151
37153,1151
5601,827
37334,827
1956,827
20139,827
15830,827
10959,827
7481,827
19277,827
8374,827
16896,827
28307,827
13581,827
18037,827
31946,827
31642,827
3662,827
30731,827
3452,827
9025,827
14966,827
8151,827
34926,827
27961,827
27159,827
15983,827
16974,827
26696,827
18221,827
19015,827
5386,827
31458,827
24195,827
2594,827
32162,827
19257,827
13328,827
13872,827
16505,827
13481,827
7623,827
4811,827
24100,827
7058,827
6428,827
34866,827
2262,827
8334,827
3029,827
29562,827
4947,827
13373,827
2941,827
24982,827
19357,827
4182,827
12006,827
13842,827
14624,827
25237,827
34676,827
27570,827
636,827
18507,827
4490,827
13422,827
18927,827
6844,827
19643,827
31458,827
6126,827
33605,827
6028,827
19087,827
21663,827
17911,827
29712,827
21991,827
11790,827
31186,827
12827,827
29616,827
37632,827
20371,827
5574,827
9218,827
34460,827
21143,827
5220,827
6476,827
15881,827
1694,827
6324,827
19643,827
34676,827
18056,827
7031,827
1753,827
28777,533
1687,533
1713,533
4744,533
30656,533
5243,533
14274,533
9224,533
4204,533
21760,533
10537,533
3799,533
26946,533
229,533
28936,533
4708,533
10653,533
4514,533
18601,533
1530,533
9377,533
6251,533
13688,533
642,533
13526,533
2109,533
10642,533
21822,533
12215,533
17716,533
25508,533
1588,533
12183,533
22797,533
2930,533
14074,533
23387,533
5616,533
18687,533
26841,533
8068,533
34316,533
25538,533
35001,533
6017,533
34679,533
14364,533
3233,1188
14270,1188
21404,1188
14270,1188
21404,1188
920,1188
33362,1188
7646,1188
2556,1188
37985,1188
35715,1188
5002,1188
31039,1188
12602,1188
15602,1188
22617,1188
35330,1192
11143,1192
15226,1192
30815,1192
6338,1192
27580,1192
33083,1192
20457,1192
33525,1192
33877,1192
28203,1192
16851,1192
38527,1192
27786,1192
17273,1192
27506,1192
13491,1192
25194,1192
29234,1192
29234,1192
21263,1192
37843,1192
31759,1192
22068,1192
26098,1192
24559,1192
33066,1192
19219,1192
38189,1192
34039,1192
4566,1192
26366,1192
38353,1192
9425,1192
11852,1192
30630,1192
31692,1192
24782,1192
22641,1192
9951,1192
28472,1192
5598,1192
37986,1192
22913,1192
28687,1192
14071,1192
21966,1192
2840,1192
21869,1192
4063,1192
38120,1192
35430,1192
5957,1192
28223,1192
32015,1192
5033,1192
10027,1192
32621,1192
12455,1192
28996,1192
24356,1192
26897,1192
32608,1192
25983,1192
21340,1192
38420,1192
24543,1192
32077,1192
29408,1192
4464,1192
31584,1192
33728,1192
31673,1192
38295,1192
38557,1192
21618,1192
26091,1192
3309,1192
37328,1192
33998,1192
1528,1192
20746,1192
26690,1192
33296,1192
9935,1192
24700,1192
16121,1192
34889,1192
22374,1192
37487,1192
33296,1192
34657,1192
34657,1192
30440,1192
13659,1192
27167,1192
38158,1192
35241,1192
35241,1192
35241,1192
38585,1192
28014,1192
35241,1192
35241,1192
35241,1192
8715,1192
32030,1192
16315,1192
34554,1065
26830,1065
38197,1065
34958,1366
17659,1366
26001,1366
3778,1366
38682,1366
2319,1366
3506,1366
28150,1366
9238,1366
22464,1366
3569,1366
38709,1366
22027,1366
17371,1366
14185,1366
2773,1366
22224,1366
6080,1366
28385,1366
13177,1366
2773,1366
32372,1366
37426,1366
15985,1366
38270,1366
8721,1366
1792,1366
38370,1366
10261,1366
20990,1366
16788,1366
31737,1366
6259,1366
6006,1366
22704,1366
22704,1366
19861,1366
32967,1366
17168,1366
37588,1366
10626,1366
2319,1366
16924,1366
8292,1366
20417,1366
20417,1366
25526,1366
25203,1366
25217,1366
28463,1366
25489,1366
25489,1366
35042,1366
27393,1366
34998,1366
34498,1366
23062,1366
25644,1366
23062,1366
1537,635
30191,635
30191,635
15899,635
17388,635
18011,635
8553,635
12024,635
15538,635
36417,857
6525,857
8511,857
35231,857
1625,857
23122,857
15535,857
5342,857
9679,857
6500,857
28855,857
30096,857
29517,857
14161,857
32344,857
26067,857
14931,857
55,857
30963,857
33721,857
20017,857
3848,857
35773,857
34253,857
25151,857
2661,857
3793,857
6231,857
37280,857
36240,857
18497,857
55,857
28414,857
2633,857
5434,857
35126,857
3606,857
3606,857
33558,857
5234,857
5234,857
26948,857
6085,857
21701,857
27499,857
12578,857
13816,857
35720,857
30553,857
14279,857
37468,857
36944,857
18550,857
33571,857
11379,857
15459,1205
34063,1205
3229,1205
28777,1205
5817,1205
29477,1205
38449,1205
17807,1205
2465,1205
31126,1205
38449,1205
38039,1205
33612,1205
1109,1205
2078,1205
5817,1205
24830,1205
8334,1205
31517,1205
38421,1205
23460,1205
25962,1205
28440,1205
37048,1205
37556,1205
21931,1205
32539,1205
19713,1205
5759,1205
27514,1205
9558,1205
38573,1205
21283,1205
565,1205
18160,1205
24662,1205
14694,1205
8852,1205
12213,1205
19858,1205
21885,1205
32677,1205
16931,1205
38441,1205
6338,1205
7098,1205
32668,1205
18175,1205
23018,1205
8284,1205
9766,1205
32167,1205
16945,1205
37089,1205
38508,1205
28230,1205
38592,1205
7134,1205
36909,1205
1073,1205
27368,1205
8577,1205
35406,1205
9680,1205
23675,1205
13700,825
32494,825
28414,825
16974,825
34926,825
14739,825
31464,825
26696,825
7514,825
2379,825
879,825
16960,825
20139,825
14389,825
2651,825
1318,825
25273,825
7354,825
16014,825
18507,825
12100,825
24683,825
16745,825
6085,825
13373,825
3704,825
32491,825
4363,825
3453,825
173,825
28629,825
7840,825
16974,825
8162,825
7313,825
636,825
18902,825
8308,825
22724,825
37048,825
27311,825
22862,825
21160,825
1611,825
5787,1116
19060,1116
16317,1116
34629,1116
2306,1116
33945,1116
3922,1116
1374,1116
32986,1116
5229,1116
37679,1116
22350,1116
17663,1116
16465,1116
35296,1116
31315,1116
37722,1116
18921,1116
901,1116
27472,1116
12260,1116
22228,1116
1186,1116
32069,1116
38008,1116
8280,1116
36547,1116
13164,1116
37389,1116
3480,1116
12857,1116
37635,1116
31244,1116
30093,1116
38085,1266
21120,1266
21120,1266
11794,1266
34988,1266
3075,1266
2798,1266
20124,1266
502,1266
38171,1266
19596,1266
33549,1266
23205,1266
37138,1302
21050,1302
24658,1302
38534,1302
15337,1302
38549,1302
30602,1302
38547,1302
34477,1302
20727,1302
25834,1302
25834,1302
25834,1302
31879,1302
33941,1302
6587,1302
23624,1302
7520,1302
34194,1302
25834,1302
37266,1302
38562,1302
11106,1302
36039,1302
28508,1302
6831,1302
3337,1302
31742,1302
25834,1302
30391,1302
12063,1302
30069,1302
4962,1302
4962,1302
12063,1302
19561,1302
37522,1302
16700,1302
33842,1302
18742,1302
35972,1302
37740,1302
11867,1302
27822,1302
14540,1302
26558,1302
26558,1302
38081,1302
24484,1302
33074,1302
18876,1302
32974,1302
7517,1302
37469,1302
10125,1302
10125,1302
38130,1302
33458,1302
32452,1302
38583,1302
34841,1302
19253,1302
7639,1302
24876,1302
37701,1302
37788,1302
35477,1302
25923,1302
38393,1302
5563,1302
24230,1302
34419,1302
25119,1302
33360,1302
35703,1302
1955,1302
34419,1302
38674,1302
33969,1302
1493,1302
36863,1302
6928,1302
13992,1302
21983,1302
38244,1302
6218,1302
9513,1302
16948,1302
8524,1302
26287,1302
11287,1302
27448,1302
33681,1302
29571,1302
38684,1302
5733,1302
34084,1302
20103,1302
27006,1302
24148,1302
24148,1302
10876,1302
21307,1302
38620,1302
21911,1302
30027,1302
30027,1302
2198,1302
20998,1302
24595,1302
22344,1302
14374,1302
8670,1302
28167,1302
3560,1302
38034,1302
14854,1302
38034,1302
9737,1302
9737,1302
36833,1302
32754,1302
9686,1302
24192,1302
8310,1302
35214,1302
38670,1302
4461,1302
9264,1302
9264,1302
33520,1302
36389,1302
28217,1302
25813,1302
38357,1302
25813,1302
4028,1302
5284,1302
7201,1302
31615,1302
29358,1302
32577,1302
6066,1302
25493,1302
31053,1302
38287,1302
31725,1302
31725,1302
37928,1302
38118,1302
32915,1302
2736,1302
1845,1302
1845,1302
9602,1302
21263,1302
20124,1229
28158,1229
38187,1229
16233,1229
21406,1229
36214,1229
29878,1229
34666,1229
5881,1229
23243,1229
36538,1229
27742,1229
36286,1229
8833,1229
8833,1229
33527,1229
22237,1229
14787,1229
35605,1229
38640,1229
37556,1229
17801,1229
21502,1229
19530,1229
15096,1229
15,1229
27115,1229
6998,1229
26187,1229
38265,1229
37508,1229
37400,1229
1710,1229
29128,1229
7508,1229
21272,1318
21555,1318
38260,1318
31920,1318
21545,1238
19040,1238
38387,1238
10545,1238
14707,1238
29636,1238
2515,1238
38115,1238
28003,1238
25285,1238
25667,1238
25654,1238
26168,1238
9269,1238
30979,1238
17952,1238
24868,1238
30982,1238
24579,1238
32775,1238
20997,1238
24861,1238
27075,1238
24881,1238
27187,1238
21000,1238
25669,1238
18580,1238
27203,1238
25880,1238
30980,1238
24864,1238
35043,1238
23019,1238
32777,1238
23218,1238
30872,1238
32776,1238
27038,1238
26766,1238
29693,1238
23953,1238
21522,1238
21394,1238
24865,1238
26167,1238
25050,1238
24872,1238
27096,1238
20906,1238
18581,1238
25668,1238
27207,1238
32774,1238
25424,1238
24873,1238
24863,1238
24862,1238
24878,1238
27746,1238
19624,1238
31300,1238
26225,1238
28273,1238
35984,1238
28588,1238
33654,1238
38090,1238
33900,1238
24043,1238
36982,1238
38411,1238
1030,860
10429,860
9322,860
28494,860
11242,860
5864,860
37402,860
1223,860
19922,860
31771,860
2103,860
6610,860
9008,860
27920,860
1877,860
27730,860
8671,860
2041,860
26802,860
11145,860
19408,860
5619,860
33050,860
1130,860
24528,860
11059,860
6500,860
33050,860
15911,860
32958,860
761,860
12729,860
6129,860
14446,860
33721,860
5822,860
28429,860
35082,860
13260,860
35815,860
31838,860
16588,860
7916,860
29072,860
36153,860
37154,860
9403,860
1889,860
20102,860
23358,860
29686,860
33270,860
37154,860
35745,860
33140,860
26658,1298
20681,1298
16961,1298
37820,1298
14314,1298
6992,1298
22539,1298
34164,1298
19872,1298
6820,1298
20989,1298
12473,1298
18907,1298
18907,1298
34619,1298
14023,1298
15691,1298
37610,1298
16928,1298
12742,1298
33868,1298
12788,1298
22309,1298
14238,1298
16961,1298
16742,1298
22406,1298
33779,1298
18342,1298
19075,1276
21904,1276
19961,1276
22093,1276
38304,1276
21243,1276
15315,1276
19275,1276
38372,1276
3451,1276
35553,1276
36881,1276
36994,1276
32022,1276
10273,1181
37921,1181
11771,1181
31434,1181
6689,1181
38394,1181
38381,1181
38395,1181
37848,1181
34814,1181
6042,1181
37605,1181
14262,1181
8019,1181
36881,1181
23628,1181
23446,1181
2763,1181
16062,1181
27093,1149
2397,1149
16175,1149
22832,1149
27451,1149
29699,1149
18239,1149
28643,1149
27468,1149
28394,1149
16083,1149
25551,1149
31606,1149
8202,1149
37709,1149
15953,1149
22971,1089
8114,1089
17015,1089
31962,1089
3322,1089
13890,1089
19431,1089
1544,1089
7268,1089
18579,1089
19376,1089
5227,1089
19299,1089
35140,1089
5296,1089
23949,1089
34649,1089
21112,1089
21218,1089
38223,1089
1821,1089
21289,1089
15353,1089
3280,1089
30332,1089
14779,1089
1295,1089
6309,1089
6264,1089
16906,1089
28959,1089
35310,1089
361,1089
23616,1089
27333,1089
33958,1089
35826,1089
4977,1089
32971,1089
3516,1089
33960,1089
817,1089
31024,1089
27159,1089
30466,1089
14000,1089
6955,1089
34200,1089
37661,1089
16815,1089
14750,1089
4294,1089
22335,1089
35609,1089
21321,1089
23902,1089
2480,1089
3338,1089
11689,1089
24393,1089
1504,1089
3562,1089
2673,1089
5763,1089
1852,1089
37556,1089
14192,1089
4066,1089
33527,1089
20385,1089
26505,1089
15319,1089
32302,1089
26433,1089
20940,1089
34091,1089
9785,1089
20629,1089
35026,1089
35414,1089
28028,1089
31656,1089
10019,1089
12183,1089
3794,1089
30648,1089
18230,1089
19855,1089
24597,1089
18770,1089
27673,1089
30224,1089
35735,1089
11481,1089
31206,1089
38051,1089
32371,1089
32420,1089
29787,1089
29787,1089
29787,1089
35714,1089
30466,1089
12001,1089
34653,1089
8699,1089
34200,1089
37401,1089
8618,1089
32720,1089
36649,1089
21133,1089
21133,1089
30466,1089
18616,1089
11161,1089
19173,1089
2244,1089
28544,1089
28544,1089
34653,1089
29386,1089
1443,1089
9548,1089
37495,1089
33428,1089
27517,1089
27715,1166
36483,1166
1770,1166
2781,1166
21009,1166
12486,1166
25130,1166
7783,1166
2246,1166
8561,1166
16138,1166
15250,1166
9632,1166
26140,1166
37766,1166
8832,1166
20837,1166
22434,1166
29153,1166
950,1166
18911,1166
33325,1166
19867,1166
9836,1166
2910,1166
7905,1166
37609,1166
4945,1166
29022,1166
25013,1166
36288,1166
283,1166
1787,1166
1562,1166
3499,1166
15027,1166
36472,1166
18650,1166
19687,1166
13075,1166
3806,1166
20880,1166
8109,1166
38214,1166
6961,1166
6175,1166
2215,1166
6175,1166
839,1166
10335,1166
34749,1166
1843,1166
38100,1166
38100,1166
21412,1166
22431,1166
16350,1166
24427,1166
17,1166
30586,1166
26817,1166
15590,1166
6371,1166
1207,1166
7635,1166
13267,1166
18970,1166
15799,1166
31546,1166
2734,1166
5833,1166
5833,1166
38116,1166
35246,1166
21544,1166
16956,1166
25432,1166
16956,1166
32124,1166
5158,1166
5158,1166
5158,1166
2251,1166
18720,1166
15038,1166
5575,1166
4668,1166
23633,1166
23100,1166
7106,1166
2105,1166
2946,1166
11194,1166
3963,1166
31286,1166
3069,1166
8922,1166
9408,1166
7909,1166
1717,1166
25677,1166
37521,1166
12555,1166
13396,1166
16956,1166
3088,1166
7328,1166
14949,1166
19037,1166
20081,1166
10666,1166
8325,1166
36472,1166
13569,1166
2282,1166
15483,1166
19355,1166
21633,1166
2886,1166
7909,1166
5726,1166
19677,1166
36612,1166
20561,1166
5122,1166
32763,1166
7269,1166
9108,1166
24106,1166
10970,1166
6477,1166
18565,1166
1867,1166
428,1166
9097,1166
20647,1166
35523,1166
16089,1166
12392,1166
36324,1166
18823,1166
7998,1166
8109,1166
37168,1166
37720,1166
27562,1166
20647,1166
16138,1166
28911,1166
8884,1166
21566,1166
16138,1166
16109,1166
27678,1166
7264,1166
38365,1166
5158,1166
37538,1166
38061,1166
5937,1166
5937,1166
10209,1166
2564,1166
16138,1166
35961,1166
21683,1166
2684,1166
3078,1166
1360,1166
26863,1166
33184,1166
20119,1166
26869,1166
36442,1166
18844,1166
13689,1166
30755,1166
10127,1166
13614,1166
19571,1166
38195,1166
11039,1166
30161,1166
30722,1166
5641,1166
29086,1166
7297,1166
26686,1166
35698,1166
21723,1166
27677,1166
7359,1166
38524,1166
32388,1166
12509,1166
16935,1166
19925,1166
26525,1166
23460,1166
6072,1166
15949,1166
5288,1166
37775,1166
30789,1166
7877,1166
22794,1166
29177,1166
15188,1166
26626,1166
24077,1166
4867,1166
35755,1166
20279,1166
37653,1166
18,1166
30773,1166
16462,1166
35306,1166
28398,1166
21327,1166
38481,1166
925,1166
6175,1166
6175,1166
34528,1166
11719,1166
26371,1166
15089,1166
31138,1166
2221,1166
31899,1166
17534,1166
18126,1166
4223,1166
15818,1166
11979,1166
21180,1166
4744,1166
38347,1166
1215,1166
7199,1166
7199,1166
6175,1166
5871,1166
36554,1166
19952,1166
1448,1166
9106,1166
28634,1166
1076,1166
22307,1166
31507,1166
17927,1166
11171,1166
34325,1166
1446,1166
8013,1166
8013,1166
8109,1166
35045,1166
16271,1166
13656,1166
22299,1166
25747,1166
10453,1166
12821,1166
1685,1166
30038,1166
31817,1166
2757,1166
14436,1166
12898,1166
16956,1166
37527,1166
4360,1166
8113,1166
38076,1166
19532,1166
6311,1166
16138,1166
4252,1166
27837,1166
16956,1166
25401,1166
10742,1166
2221,1166
37527,1166
6841,1166
1242,1166
15284,1166
6560,1166
11671,1166
20374,1166
20930,1166
36736,1166
1632,1166
37900,1166
31912,1166
33869,1166
337,1166
13021,1166
12327,1166
10885,1166
12710,1166
9115,1166
10375,1166
13348,1166
18353,1166
14182,1166
7139,1166
28464,1166
38482,1166
38239,1166
17628,1166
18972,1166
4911,1166
976,1166
18061,1166
25670,1166
17930,1166
802,1166
5347,1166
18326,1166
10995,1166
32391,1166
31982,1166
37628,1166
35604,1166
25870,1166
28227,1166
9829,1166
5498,1166
10441,1166
13762,1166
8324,1166
13350,1166
33153,1166
3635,1166
1937,1166
25922,1166
37573,1166
6986,1166
9501,1166
38282,1166
13862,1166
37080,1166
6348,1166
9559,1166
25434,1166
7473,1166
19236,1166
27163,1166
17875,1166
35862,1166
14240,1166
5577,1166
2932,1166
4575,1166
33623,1166
26286,1166
18824,1166
20871,1166
22539,1166
9145,1166
32520,1166
13024,1166
31170,1166
4034,1166
18554,1166
15434,1166
36039,1166
13619,1166
34500,1166
2910,1166
7725,1166
11609,1166
18628,1166
38052,1166
14775,1166
4548,1166
9171,1166
24790,1166
14203,1166
33156,1166
6069,1166
26749,1166
1787,1166
10762,1166
18446,1166
38382,1166
14236,1166
12117,1166
9620,1166
10567,1166
4412,1166
20643,1166
24453,1166
14292,1166
990,1166
10485,1166
6328,1166
4197,1166
10951,1166
36465,1166
14891,1166
14964,1166
5274,1166
12191,1166
2410,1166
13819,1166
38256,1166
35759,1166
31536,1166
32349,1166
36535,1166
4926,1166
12478,1166
16149,1166
5723,1166
11643,1166
6411,1166
34648,1166
36472,1166
37639,1166
29930,1166
18261,1166
11403,1166
23931,1166
5158,1166
27541,1166
36375,1166
14037,1166
455,1166
25776,1166
15814,1166
35227,1166
1326,1166
5012,1166
33127,1166
5158,1166
38007,1373
36830,1373
25668,1373
24873,1373
21394,1373
32778,1373
32774,1373
25397,1373
18581,1373
27207,1373
26167,1373
24865,1373
27096,1373
26141,1373
25050,1373
30980,1373
12605,1373
32866,1373
30381,1373
24861,1373
38461,1373
31475,1373
32161,1373
19624,1373
38090,1373
30982,1373
18582,1373
25669,1373
21000,1373
20997,1373
26766,1373
27187,1373
30979,1373
26168,1373
24868,1373
30872,1373
27203,1373
26893,1373
25880,1373
24579,1373
25859,1373
24881,1373
24866,1373
27038,1373
24880,1373
23019,1373
17952,1373
27066,1373
27075,1373
18580,1373
9269,1373
35043,1373
24864,1373
24867,1373
13276,1373
14752,1373
24419,1373
31177,1373
32587,1373
23172,1373
21902,1373
17836,1373
25876,1373
24802,1373
23927,1373
22455,1373
13753,1373
33900,1373
38739,1373
14329,1373
12896,1373
15082,1194
38432,1194
37623,1194
4085,1194
15354,1194
14005,1194
12327,1194
19512,1194
37396,1194
31368,1194
30231,1194
3395,1194
23714,1194
38412,1194
14221,1194
5218,1194
12509,1194
19765,1194
6354,1194
27711,1194
27947,1194
31460,1194
28464,1194
9617,1194
6041,1194
37437,1194
36406,1194
29962,1194
27947,1194
22013,1194
38532,1194
36572,1194
38571,1194
24099,1194
14100,1194
25281,1194
29338,1194
3417,1194
26350,1194
38532,1194
27578,1194
38508,1194
19173,1194
20173,1194
38412,1194
19735,1194
4085,1194
20227,1194
38532,1194
19311,1194
34083,1194
38273,1194
27538,1194
20173,1194
28743,1194
32938,1194
19449,1194
32938,1194
24005,1194
29479,1194
32938,1194
38414,1194
35779,1194
14005,1194
18734,1194
27881,1194
19665,1194
593,1194
26364,1194
33732,1194
22920,1194
34642,1194
37396,1194
7638,1194
37112,1194
14687,1194
25628,1194
4451,1194
36397,1194
20378,1194
24061,1194
13551,1194
35481,1194
32395,1194
29291,1194
37652,1194
19103,1194
23785,1194
38258,1194
899,1194
4745,1194
17302,1194
17099,1194
20606,1194
17561,1194
26689,1194
2199,1194
38325,1194
6767,1194
35009,1194
8284,1194
38507,1194
27973,1194
38385,1194
37406,1194
38385,1194
18560,1194
20489,1194
29682,1194
38429,1194
19538,1194
19538,1194
19538,1194
29676,1194
19375,1194
14005,1194
19586,1194
37425,1194
17927,1194
1041,1194
5404,1194
6249,1194
26160,1194
9908,1194
9310,1194
35398,1194
34455,1194
38039,1194
8606,1194
28139,1194
9276,1194
1124,1194
28955,1194
30013,1194
9680,1194
38360,1194
38586,1194
37756,1194
27629,1194
14005,1194
21252,1194
28276,1194
21544,1194
21252,1194
28276,1194
21648,1194
38237,1194
38416,1194
7429,1194
38237,1194
37141,1194
8811,1194
12964,1194
951,1194
9908,1194
32938,1194
37820,1194
30735,1194
3510,1194
20173,1194
37756,1194
27578,1194
2848,1194
37782,1194
4355,1194
9908,1194
12061,1194
38281,1194
19884,624
17060,624
8299,624
6965,624
14028,624
6673,624
3329,624
30941,624
27428,624
21379,624
8432,624
33995,624
35782,624
14144,624
13265,624
26622,624
29553,624
11425,624
17577,624
16580,624
8893,624
12366,624
21220,624
23681,624
20388,624
27857,624
31067,624
28015,624
9166,1249
31529,1249
27451,1249
12205,1249
16965,1249
14743,1249
3998,1249
14738,1249
37709,1249
37912,1249
18403,1249
18829,1249
1574,941
8235,941
35430,941
13133,941
31346,941
28408,941
1546,941
2651,941
35414,941
33264,941
36594,941
32220,941
35064,941
15656,941
19410,941
22674,941
25837,941
10963,941
32680,941
10963,941
25236,941
7057,941
15151,941
37122,941
5625,941
26357,1296
29561,1296
26309,1296
34745,1296
1782,1296
9155,1296
20183,1296
28720,1296
510,1296
25331,1296
34898,1296
35160,1296
17738,1296
36418,1296
27857,1296
38691,1296
34767,1296
29159,1296
37744,1296
29072,1296
27971,1296
6728,1296
37750,1296
38603,1296
32554,1296
38551,1296
10191,1296
31185,1296
28932,1296
22822,1321
38739,1321
30182,1321
12645,1321
9910,1321
9675,1321
34141,1321
12492,1321
30980,1321
15155,1321
27728,1321
28793,1321
32488,1321
13591,1321
23019,1321
25669,1321
18580,1321
32776,1321
24868,1321
24861,1321
24864,1321
30872,1321
35043,1321
26893,1321
25667,1321
23218,1321
26766,1321
25375,1321
25880,1321
32775,1321
24880,1321
24579,1321
9269,1321
25285,1321
27066,1321
24879,1321
30979,1321
24866,1321
32777,1321
26168,1321
30982,1321
21000,1321
18582,1321
27187,1321
38280,1321
20906,1321
25668,1321
27207,1321
25424,1321
18581,1321
24878,1321
24873,1321
26141,1321
21394,1321
27096,1321
24863,1321
32774,1321
32778,1321
24865,1321
24862,1321
26167,1321
2765,1321
10967,1321
14329,1321
33654,1321
35727,1118
12500,1118
16749,1118
6470,1118
12399,1118
26061,1118
26222,1118
16212,1118
12514,1118
3019,1118
9122,1118
33690,1118
38250,1118
24526,1118
28555,1118
30986,1118
13074,1118
5190,1118
33253,1118
33196,1118
32835,1118
5226,1118
11513,1118
37358,1118
37358,1118
25611,1118
3548,1118
35541,1118
28041,1118
14406,1118
38073,1118
38289,1118
30718,1118
30718,1118
34741,1118
38471,1118
11888,564
3474,564
18604,564
32649,564
33759,564
10748,564
31415,564
2800,564
7691,564
22731,564
33817,564
918,564
20060,564
8326,564
28273,1210
19983,1210
38125,1210
30979,1210
26766,1210
32775,1210
27066,1210
24880,1210
27187,1210
26168,1210
24879,1210
25654,1210
24579,1210
24866,1210
25859,1210
18580,1210
24881,1210
24873,1210
20997,1210
25880,1210
25375,1210
26893,1210
21394,1210
25397,1210
18584,1210
30872,1210
23218,1210
25669,1210
9269,1210
25668,1210
24865,1210
21000,1210
24863,1210
30982,1210
27207,1210
24878,1210
27096,1210
27038,1210
25424,1210
30980,1210
24867,1210
20906,1210
24868,1210
24864,1210
26167,1210
32777,1210
25050,1210
24872,1210
24862,1210
25285,1210
26141,1210
29253,1210
32778,1210
16167,1210
33186,1210
13372,1210
21145,1210
22316,1210
23172,1210
29680,1210
24043,1210
38438,1210
34630,1210
12896,1210
29693,1210
30984,1210
30984,1210
29592,1210
35589,1210
38183,1210
37596,879
5768,1384
32445,1384
38245,1384
22124,1384
2920,1384
38455,1384
38431,1384
11740,1384
30078,1384
28744,1384
37582,1384
15387,1384
24354,1384
8522,1384
427,1384
2928,1384
37704,980
14434,980
11469,980
32877,980
30133,980
17770,980
16185,980
13429,980
31479,980
31956,980
17892,980
37700,980
19260,980
30529,980
37030,980
18993,980
37700,980
15418,980
33486,980
30215,980
8224,980
33978,980
37419,980
37700,980
26722,980
2919,980
7584,980
15147,1082
36525,1082
13909,1082
31344,1082
25124,1082
5420,1082
32299,1082
37740,1082
32783,1082
18382,1082
14805,1082
31827,1082
6343,1082
22647,1082
8907,1082
12688,1082
26604,1082
27445,1082
30321,1082
9193,1082
25739,1082
25739,1082
31008,1082
25214,1082
15365,1082
12153,1082
19430,1082
34999,1082
12170,1082
32297,1082
13273,1082
29086,1082
5277,1082
21808,1082
1607,1082
27099,1082
260,1351
34082,832
21991,832
2919,832
37154,832
16851,832
13949,832
24773,832
16446,832
37582,832
30776,832
12638,832
24456,832
6428,832
32227,832
30068,832
13711,832
25390,832
2535,832
11250,832
20158,832
1151,832
25350,832
19238,832
36160,832
33603,832
37847,1165
38066,1165
37849,1165
38021,1165
37868,1165
37845,1165
37349,1165
37961,1165
37802,1165
37850,1165
37876,1165
37859,1165
37826,1165
37975,1165
37979,1165
37963,1165
38028,1165
37842,1165
37877,1165
37841,1165
37855,1165
37866,1165
37768,1165
38016,1165
37840,1165
37875,1165
37686,1165
37867,1165
38027,1165
37943,1165
37844,1165
37962,1165
37976,1165
37817,1165
38026,1165
38019,1165
38058,1165
37880,1165
37879,1165
37908,1165
37878,1165
37834,1165
37931,1165
37952,1165
37939,1165
37951,1165
37890,1165
37884,1165
37932,1165
37883,1165
37891,1165
37888,1165
37954,1165
37889,1165
37988,1165
37968,1165
37950,1165
37896,1165
37832,1165
37897,1165
37899,1165
37898,1165
37948,1165
37944,1165
37813,1165
37806,1165
37822,1165
37946,1165
37906,1165
37824,1165
37907,1165
37967,1165
37930,1165
37911,1165
37746,1165
37949,1165
37831,1165
37917,1165
37919,1165
37801,1165
37920,1165
37953,1165
37965,1165
37966,1165
37809,1165
37980,1165
37982,1165
37926,1165
37955,1165
37924,1165
38047,1165
38102,1165
37725,1165
37723,1165
37837,1165
37724,1165
37769,1165
37805,1165
38097,1165
37676,1165
37804,1165
38113,1165
38109,1165
37684,1165
37660,1165
37803,1165
37858,1165
37814,1165
37846,1165
37714,1165
38079,1165
37865,1165
37749,1165
37827,1165
38059,1165
37838,1165
37781,1165
37851,1165
37780,1165
37728,1165
37727,1165
38098,1165
37666,1165
37799,1165
37659,1165
37673,1165
37683,1165
37675,1165
37819,1165
37713,1165
37685,1165
37793,1165
37816,1165
37938,1165
37681,1165
37860,1165
37869,1165
37747,1165
38104,1165
37861,1165
37682,1165
30374,1165
30374,1165
8095,538
2220,538
36313,538
2315,538
34345,538
29912,538
4296,538
15285,538
22463,538
37435,538
205,538
4349,538
6671,538
3063,538
8697,538
26458,538
12067,538
12535,538
12366,538
14271,538
25953,538
22302,538
20064,538
10414,538
24824,538
2594,538
25825,538
33201,538
5821,538
16413,538
16256,538
26819,538
23209,538
7392,538
2575,538
37048,538
1070,538
10310,538
14840,538
16949,538
36454,538
53,538
12183,538
32089,538
17171,538
35414,538
20983,538
22240,538
10814,538
2053,538
14867,538
33102,538
3746,538
27909,538
1354,538
12563,538
30172,538
12729,538
1305,538
2919,538
35001,538
22769,538
24961,538
36573,538
24765,538
34282,538
18153,538
13099,538
16733,538
32649,538
20945,538
16739,538
8733,538
32457,538
22343,538
3525,538
9088,538
9088,538
28413,538
12526,538
7693,538
35564,538
35990,538
29475,538
4005,538
23474,538
33493,538
12774,538
11338,1216
37887,1216
37974,1216
12096,1216
37,1216
12110,1216
38258,1216
13055,1216
12284,1216
38497,1216
7368,1216
418,1216
33353,1216
19590,1216
37974,1216
6545,1216
36072,1216
7574,1216
37437,1216
17795,1216
30390,1216
31743,1216
28731,1216
22884,1216
32936,1216
26001,1216
38429,1216
31477,1216
6832,1216
19266,1216
38432,1216
3134,1216
19395,1216
38460,1216
12110,1216
38593,1216
32110,1216
38530,1216
30934,1216
38096,1216
19392,1216
22140,1216
25504,1216
16258,1216
18723,1216
3889,1216
38451,1216
17705,1216
18717,1216
7457,1216
23940,1216
26253,1216
23762,1216
27978,1216
11298,1216
30,1216
29744,1216
10797,1216
1444,1216
30378,1216
16243,1216
38609,1216
15879,1216
1391,1216
34792,1216
28480,1216
28480,1216
1753,1216
26304,1216
26304,1216
38086,1216
25052,1216
8992,1216
5438,1216
21058,1216
31185,1216
14452,1216
4769,1216
1629,1216
31821,1216
31821,1216
33377,1216
4874,1216
11454,1216
26689,1216
5490,1216
11308,1216
20737,1216
24569,1216
32797,1216
17775,1216
11308,1216
11242,943
8057,943
13596,943
8359,943
15011,943
3524,943
12652,943
12233,943
15656,943
25810,943
17965,943
15220,943
17397,943
15013,943
6400,943
14457,943
13701,943
35855,943
25362,943
37595,943
4650,943
11887,943
637,943
15526,943
23432,943
13668,943
3177,943
29321,943
7135,943
36854,943
27383,943
14694,943
30118,943
34260,943
24775,943
12140,943
24870,943
36463,943
4888,943
35935,943
5016,943
36463,943
14134,943
18086,943
4278,943
1396,943
34138,943
32955,943
36463,943
27063,943
13776,943
16498,943
35893,943
24870,943
8474,943
23046,943
18247,943
15005,943
18247,943
18489,943
11148,943
35521,943
11926,943
33936,943
3524,943
35786,943
13031,943
6360,943
25362,943
16910,943
29192,943
2210,943
31492,943
7294,943
34529,943
22996,943
24401,943
36854,943
9917,943
20102,943
25341,943
37765,943
37765,943
25362,943
28843,943
36854,943
13582,943
37045,943
29281,943
12956,943
37765,943
26904,943
36463,943
25636,943
31996,943
18775,943
35440,943
5832,943
31270,943
30343,943
35977,943
22323,943
5138,943
7405,943
36474,943
3162,943
10512,943
19438,943
22940,943
6494,943
13647,943
36162,943
4336,943
22210,943
26070,943
36200,943
37765,943
33198,943
33571,943
18247,943
19792,943
8458,943
21072,943
23343,943
19428,943
5595,943
11961,943
21762,943
12495,943
36463,943
27952,943
10792,943
37518,943
26884,943
28762,943
36120,943
6979,943
25609,1340
33673,1340
36026,1340
23502,1340
19826,1340
10910,1340
9368,1340
33434,1340
22349,583
14379,583
34974,583
36142,583
10046,583
2103,583
2292,583
15401,583
17942,583
1110,583
35050,583
31691,583
35289,583
37107,583
28120,583
26336,583
1016,583
26464,583
27952,583
34936,583
7878,583
30513,583
14489,583
6965,583
19803,583
3678,583
24337,583
7906,583
29975,583
15357,583
34964,583
25953,583
19884,583
35906,583
1155,583
16605,583
4895,583
11887,583
25341,583
7421,583
34906,583
18881,583
18250,583
6819,583
8458,583
29347,583
17499,583
37285,583
11064,583
14609,583
5138,583
36812,583
7135,583
24368,583
31492,583
9158,583
17204,583
32595,583
11745,583
2974,583
35858,583
14392,583
5083,583
19836,583
22307,583
27128,583
9322,583
34140,583
3517,583
19428,583
5196,583
30398,583
14364,583
30118,583
14948,583
27842,583
28665,583
3306,583
36200,583
30944,583
26884,583
33735,583
13560,583
31110,583
33721,583
13887,583
17566,583
20780,1085
7395,1085
29917,1085
17068,1085
11398,1085
3911,1085
6753,1085
22148,1085
11053,1085
16520,1085
15215,1085
11643,1085
2734,1085
12373,1085
19867,1085
27789,1085
8176,1085
14330,1085
32586,1085
29683,1085
4435,1085
33805,1085
6854,1085
24453,1085
20612,1085
20044,1085
6296,1085
38133,1085
17221,1085
2440,1085
31060,1085
30755,1085
31266,1085
8295,1085
36043,1085
6006,1085
23100,1085
31052,1085
32850,1085
30551,1085
4092,1085
9900,1085
19692,1085
4104,1085
18130,1085
25524,1085
11039,1085
3582,1085
17780,1085
11881,1085
4669,1085
14330,1085
4669,1085
11554,1085
21839,1085
7203,1085
14040,1085
2329,1085
4879,1085
19291,1085
26626,1085
16237,1085
1826,1085
5618,1085
33434,1085
35851,1085
18353,1085
24115,1085
21331,1085
10995,1085
4092,1085
2235,1085
7396,1085
18562,1085
21400,1085
10488,1085
20455,1085
21032,1085
21032,1085
27278,1085
21166,1085
21809,1085
8628,1085
6846,1085
34773,1085
27067,1085
33179,1085
11363,1085
33179,1085
4682,1085
13770,1085
10565,1085
17114,1085
14904,1085
11713,1085
30369,1085
8249,1085
10395,1085
11759,1085
7673,1085
4548,1085
20693,1085
37872,1085
12242,1085
34484,1085
36018,1085
37548,1085
18893,1085
1716,1085
22399,1085
13571,1085
7593,1085
558,1085
16455,1085
16863,1085
31008,1085
25916,1085
37556,1085
19677,1085
15374,1085
32909,1085
33134,1085
24790,1085
21547,1085
8942,1085
22399,1085
37548,1085
14018,1085
13230,1085
16283,1085
12348,1085
36964,1085
17828,1085
17965,1085
27184,1085
9408,1085
6296,1085
19607,1085
2664,1085
38452,1085
36857,1085
31286,1085
36071,1085
38452,1085
17076,1085
7985,1085
30263,1085
14095,1085
28624,1085
30495,1085
31282,1085
32447,1085
20522,1085
22199,1085
15023,1085
18622,1085
11874,1085
13016,1085
12064,1085
23121,1085
34031,1085
13511,1085
21127,1085
33165,1085
2829,1085
18512,1085
34399,1085
16151,1085
28403,1085
15980,1085
26849,1085
22120,1085
20255,1085
29917,1085
18977,1085
2504,1085
14593,1085
2119,1085
36772,1085
15192,1085
22120,1085
33157,1085
24601,1085
21809,1085
558,1085
31569,1085
26060,1085
34778,1085
2664,1085
27231,1085
5997,1085
14929,1085
36161,1085
35710,1085
37604,1085
8558,1085
9464,1085
24933,1085
32734,1085
666,1085
14037,1085
7343,1085
666,1085
666,1085
666,1085
36071,1085
666,1085
666,1085
666,1085
666,1085
666,1085
666,1085
666,1085
15255,1085
4825,1085
32035,1085
17855,1085
8736,1085
21058,1085
32530,1085
666,1085
666,1085
666,1085
666,1085
25470,1085
36772,1085
6158,1085
6000,1085
16239,1085
15350,1085
19723,1085
14260,1085
19316,1085
3862,1085
19387,1085
28836,1085
11001,1085
38126,1085
16965,1085
12153,1085
22434,1085
19720,1085
9667,1085
9667,1085
12710,1085
25097,1085
10627,1085
20926,1085
17498,1085
2644,1085
16871,1085
24671,1085
30808,1085
15676,1085
13614,1085
25660,1085
30808,1085
25863,1085
19093,1085
34130,1085
9807,1085
31944,1085
31718,1085
15953,1085
9256,1085
25660,1085
2268,1085
23296,1085
25660,1085
26365,1085
24077,1085
34515,1085
37479,1085
22428,1085
6513,1085
7504,1085
7235,1085
4911,1085
6413,1085
6413,1085
7555,1085
15904,1085
12806,1085
15654,1085
7555,1085
23244,1085
20321,1085
25660,1085
33148,1085
22994,1085
11545,1085
27660,1085
20434,1085
17389,1085
14134,1085
14610,1085
25550,1085
26794,1085
12012,1085
25660,1085
12012,1085
16213,1085
27105,1085
15488,1085
9446,1085
8365,1085
21477,1085
25660,1085
19103,1085
18704,1085
33156,1085
16328,1085
10718,1085
22977,1085
6449,1085
16362,1085
24964,1085
11455,1085
34718,1085
30593,1085
34996,1085
18126,1085
34996,1085
34996,1085
19866,1085
27161,1085
7628,1085
14873,1085
35264,1085
35264,1085
22642,1085
31935,1085
36602,1085
6842,1085
33241,1085
6842,1085
11398,1085
6842,1085
31088,1085
5580,1085
2481,1085
6842,1085
6842,1085
22642,1085
6842,1085
6687,1085
3114,1085
6080,1085
2481,1085
17600,1085
29103,1085
19533,1085
9843,1085
33241,1085
19533,1085
6842,1085
26799,1085
37422,1085
15523,1085
23156,1085
10985,1085
36038,1085
8514,1085
18136,1085
23390,1085
23390,1085
12626,1085
12626,1085
27700,1085
6842,1085
27700,1085
27700,1085
27700,1085
33241,1085
33241,1085
27700,1085
33241,1085
6079,1085
20616,1085
3753,1085
8743,1085
13973,1085
4318,1085
9253,1085
9417,1085
22759,1085
22759,1085
37367,1085
6887,1085
32677,1085
23761,1085
3437,1085
10593,1085
36324,1085
23761,1085
37922,1085
10869,1085
14878,1085
29570,1085
10419,1085
7091,1085
36806,1163
33354,942
18413,942
32335,942
37017,942
14988,942
17299,942
37557,942
15335,942
29078,942
10708,942
33402,942
8840,942
22507,942
31073,942
20038,942
36547,942
7682,1385
66,1385
14406,1385
8248,1385
38415,1385
37306,1385
25640,1385
32544,1385
28859,1385
35042,1385
12866,1385
13088,1385
6610,1385
13758,1385
28665,1385
17355,1385
37957,1385
21035,1385
21035,1385
3114,1385
37663,1385
23219,1385
11681,1385
33625,1385
33196,1385
34966,1335
22475,1335
30731,1335
28483,1335
32300,1335
28483,1335
30307,1335
17659,1335
14768,1335
27311,1335
11824,1335
30037,1335
31014,1335
26690,1335
38314,1335
2883,1335
33439,1335
4842,1335
18768,1335
32075,1335
13460,1335
4001,1335
13460,1335
13566,1335
5554,1335
10197,1335
4001,1335
12078,1335
4001,1335
9086,1335
3820,1335
28069,1335
22475,1335
38150,1335
1927,1335
35446,1335
26601,1335
35446,1335
28941,1335
10198,1335
38725,1335
38725,1335
4001,1335
31011,1335
35738,1167
3740,1167
35008,1167
8376,1167
10815,1167
5928,1167
34551,1167
8076,1167
16216,1167
38346,1167
16455,1167
19100,1167
28785,1167
30495,1167
18403,1167
3168,1167
22539,1167
12493,1167
37872,1167
3880,1167
21067,1167
27415,1135
24981,1135
37957,1135
27391,1135
14376,1135
5788,1135
26418,1135
6042,1135
38261,1135
36912,1135
32220,1135
38294,1135
23735,1135
16923,1141
10965,1141
24419,1141
33619,1141
32338,1141
37207,1141
32866,1141
22971,1103
14146,1103
10980,1103
15807,1103
15147,1103
27193,1103
11096,1103
7117,1103
32783,1103
13440,1103
20053,1103
1439,1103
19190,1103
14692,1103
20128,1103
31214,1103
37383,1103
8907,1103
3582,1103
22647,1103
22665,1103
13909,1103
5420,1103
33810,1103
14805,1103
35609,1103
25708,1103
19961,1235
266,1235
37656,1235
1128,1235
32401,1235
1228,1235
31346,1235
15315,1235
11136,1235
34229,1127
24896,1127
37644,1127
5844,1127
10856,1127
37250,1127
21014,1127
3165,1127
36190,1127
23428,1127
3345,1127
27237,1127
30427,1127
25610,1127
37547,1127
38241,1127
38241,1127
5708,1127
28598,1127
4363,1127
33647,1127
24561,1127
33647,1127
24561,1127
28144,1127
4805,1127
16606,1127
1577,1127
33564,1127
37563,1127
37189,1127
17412,1127
37563,1127
7055,1127
24287,1127
34084,1127
6423,1127
29096,1127
14634,1127
36320,1127
26860,1127
10714,1127
29031,1127
27486,1127
7630,1127
36098,1127
31766,1127
33307,1127
33307,1127
23528,1127
5769,1127
11699,1127
13833,1127
31656,1127
26897,1127
38178,1127
38030,1127
11375,1127
24694,1127
2269,1105
3353,1105
7854,1105
35218,1105
20010,1105
36397,1105
8436,1105
13163,1105
14872,1105
4029,1105
12356,1105
37048,1105
20618,1105
21203,1105
35262,1105
37518,1105
10332,1105
19763,1105
29906,1105
32501,1105
17794,1105
32577,1105
2177,1105
27755,1105
37002,1105
17874,1105
17249,1105
18615,1105
17874,1105
8418,1105
23078,1105
8831,1105
2280,1105
32238,1105
24647,1105
22523,1105
11270,1105
30387,1105
15295,1105
27556,1105
29079,1105
30517,1105
38145,1105
21217,1105
14146,1105
7887,1105
2595,1105
12379,1105
1742,1105
28897,1105
6936,1105
22519,1105
10593,1105
11966,1105
37556,1105
4066,1105
22100,1105
23905,1105
6548,1105
22950,1105
6139,1105
25611,1105
2302,1105
17566,1105
3353,1105
18713,1105
11464,1105
7394,1105
38073,1105
20829,1105
35753,1105
18650,1105
20304,1105
29702,1105
8504,1105
38040,1105
30977,1105
15475,1105
15475,1105
15475,1105
20010,1105
15298,1105
1030,1105
10002,1105
10002,1105
33428,1105
5048,1105
21741,1105
21741,1105
37829,1105
37829,1105
15475,1105
35557,1105
33728,1333
35848,1333
31357,1333
36027,1333
31357,1333
31986,1333
23732,1333
23732,1333
31293,1333
37564,1333
23553,1333
27915,1333
23246,1333
37871,1333
25646,1333
37798,1333
2697,1333
11402,1333
11402,1333
37574,1333
33303,1333
37695,1333
37695,1333
38689,1333
34229,1333
20677,1333
37836,1333
34550,1333
22709,1333
29796,1333
38271,1333
32002,1333
28309,1333
29796,1333
24786,1333
11948,1333
26690,1333
3052,1333
3052,1333
36104,1333
38534,1333
37415,1333
12724,1333
34966,1333
37572,1333
26702,1333
37071,1333
14200,1333
6981,1333
36134,1333
38665,1333
11152,1333
8475,1333
32927,1333
2320,1333
22065,1333
12995,1333
38093,1333
3645,1333
33005,1333
25831,1333
2576,1333
37203,1333
1620,1333
38092,1333
30951,1333
3424,1333
19747,1333
6629,1333
36949,1333
24797,1333
19162,1333
14403,1333
32879,1333
28608,1333
31715,1333
27308,1333
38071,1333
21427,1333
9594,1333
31392,1333
22511,1333
32881,1333
3377,1333
24287,1333
14026,1333
8188,1333
37812,1333
29562,1333
36561,1333
34645,1333
7646,1333
38543,1333
19474,1333
27486,1333
36894,1333
23872,1333
27280,1333
35648,1333
33330,1333
24797,1333
4510,1333
37135,1333
1049,1333
2667,1333
37135,1333
35279,1333
30745,1333
38142,1333
26680,1333
7860,1333
940,1333
29284,1333
6524,1333
24939,1333
16203,1333
28574,1333
34976,1333
16030,1333
21014,1333
18448,1333
24846,1333
29176,1277
37691,1277
38203,1277
38558,1277
3748,1277
38116,1277
37794,1277
24140,1277
29668,1277
33440,1277
37711,1277
1607,1277
11696,1277
35358,1277
24292,1277
5607,1277
21352,1277
17510,1277
27682,1277
10205,1277
36521,1277
1702,1277
34918,1277
37525,1277
16409,566
58,566
4554,566
5897,566
28737,566
355,566
13723,566
13795,566
8478,566
9175,566
15990,566
18764,566
32810,566
9589,566
35718,566
229,566
3518,566
34593,566
21577,566
25821,566
17123,566
26346,566
10316,566
27673,845
5721,845
13252,845
6324,845
14160,845
7670,845
28768,845
37530,845
16910,845
37490,845
10903,845
18339,845
31916,845
9859,845
37490,845
36072,845
22567,845
5447,845
34941,845
27968,845
1833,845
30180,845
6654,845
35913,845
32417,845
19408,845
7650,845
12556,845
37530,845
15249,845
5664,845
12638,845
4807,845
4616,845
21596,845
21596,845
37640,845
21909,845
16841,845
10505,845
8758,845
15572,845
18770,845
22144,845
20176,845
12188,845
21596,845
8107,845
33354,845
15354,845
17859,845
23364,845
26722,845
17276,845
6096,998
557,998
24870,998
21859,998
19659,998
19659,998
23210,998
28715,998
4110,998
23265,998
4098,998
8511,998
9496,998
22269,998
1770,998
9436,998
24456,998
12991,998
17405,998
413,998
19659,998
12049,998
21906,998
30045,998
37704,998
25731,1172
34874,1172
34660,1172
26630,1172
8354,936
35393,936
9921,936
31168,936
330,936
23270,936
21807,936
15656,936
5768,936
1382,936
20649,936
32213,936
29006,936
23411,936
1546,936
12947,936
37704,936
11888,936
37630,936
10273,936
10208,936
37672,936
8323,936
14751,936
37630,936
36594,936
4635,936
25390,936
25060,936
4445,936
22895,936
12227,936
33228,936
15548,936
7584,936
5625,936
11062,1142
9806,1142
30421,1142
30415,1142
19901,1170
7340,1170
30722,1170
135,1170
23126,1170
19636,1170
37168,1170
3826,1170
21905,1170
31173,1170
19164,1170
8220,1170
1852,1170
29011,1170
6986,1170
16746,1170
14069,1170
13414,1170
16875,1170
38507,1170
380,1170
15988,1170
20749,1170
13538,1170
7748,1170
34623,1170
5047,1170
10547,1170
38498,1170
38281,1170
19129,1170
27911,1170
21447,1170
15098,1170
3389,1170
12805,1170
37556,1170
22358,1170
3033,1170
19198,1170
29681,1170
2059,1170
10970,1170
35414,1170
32623,1170
15434,1170
3697,1170
37743,1170
36804,1170
27558,1170
3166,1170
30335,1170
33545,1170
9535,1170
21277,1170
27707,1170
2484,1170
2588,1170
666,1170
32522,1170
32522,1170
15925,1170
10558,1170
20528,1170
31007,1170
2489,1170
14726,1170
21009,1170
2815,1170
9617,1170
31335,1170
34289,1170
31446,1170
21636,1170
14575,1170
35946,1170
36093,1170
2759,1170
38232,1170
2759,1170
9535,1170
36607,1170
2641,1170
19746,1170
21905,1170
13215,1170
27172,1170
31077,1170
37282,1170
2557,1170
16345,1170
20458,1170
33069,1170
11577,1170
21934,1170
18343,1170
10455,1170
37282,1170
32388,1170
16345,1170
1288,1170
27160,1170
20471,1170
3019,1170
20471,1170
24605,1170
26127,1170
1598,1170
1598,1170
36218,1170
26525,1170
21112,1096
18473,1096
3562,1096
12655,1096
15950,1096
35735,1096
15982,1096
32391,1096
20642,1096
18646,1096
11505,1096
2033,1096
19200,1096
1396,1096
20569,1096
13069,1096
18066,1096
13524,1096
20191,1096
19833,1096
16195,1248
14108,1248
24255,1248
3655,1248
4134,1248
18443,1248
10523,1248
14420,1248
19722,1248
19191,1248
20704,1248
19915,1248
24992,1248
11488,1248
38296,1248
38349,1248
9281,1248
7774,1248
38606,1248
35645,1248
37233,1248
6090,1248
15851,1248
37233,1248
3099,1248
3099,1248
35431,1248
13356,1248
27681,1248
3999,1248
16018,1248
11586,1248
1918,1248
8227,1248
5039,1248
1510,1248
28591,1248
36007,1248
31455,1248
14654,1248
16388,1248
958,1248
2950,1248
6935,1248
31141,1248
22498,1248
37462,1248
5218,1248
38612,1248
9999,1248
550,1248
4944,1248
38321,1248
15525,1248
25767,1248
31258,1248
17511,1248
31318,1248
7216,1248
19317,1248
23181,1248
12880,1248
27373,1248
14599,1248
17833,1248
28313,1248
14431,1248
18886,1248
17923,1248
28436,1248
10926,1248
5063,1248
17302,1248
28181,1248
1300,1248
17331,1248
4609,1248
36116,1248
37881,1248
13821,1248
38660,1248
27411,1248
2197,1248
10509,1248
19208,1248
26778,1248
3880,1248
19899,1248
1564,1248
34213,1248
35891,1248
37205,1248
17100,1248
14915,1248
36242,1248
31302,1248
16023,1248
32356,1248
20904,1248
38213,1248
37904,1248
21362,1248
32435,1248
38658,1248
38664,1248
38138,1248
13950,1248
1269,1248
37973,1248
14123,1248
8328,1248
8710,1248
5557,1248
38283,1248
9966,1248
35711,1248
7654,1248
18980,1248
35552,1248
307,1248
25727,1248
35450,1248
9793,1248
31366,1248
35552,1248
9003,1248
29259,1248
3773,1248
33749,1248
12686,1248
25191,1248
18727,1248
34535,1248
23379,1248
10133,1248
791,829
970,829
348,829
432,829
16076,829
32182,829
22435,829
973,829
11153,829
83,829
1346,829
7392,829
24953,829
6418,829
95,829
1885,829
19277,829
18609,829
7568,829
13707,829
540,829
351,829
17293,829
30662,829
7044,829
3431,829
37048,829
11865,829
7919,829
29328,829
10700,829
11595,829
697,829
3699,829
18301,829
5516,829
20196,829
31011,829
19357,829
311,829
33491,829
35720,829
9190,1222
12821,1222
20937,1222
19222,1222
32101,1222
19966,1222
37699,1222
17364,1222
23979,1222
28119,1222
7930,1222
35045,1222
27962,1222
24379,1222
19019,1222
38567,1222
35691,1222
15243,1222
22438,1222
16497,1222
18962,1222
7000,1222
26391,1222
22327,1222
15351,1222
33869,1222
19629,1222
20091,1222
22148,1222
33741,1222
16940,1222
15281,1225
3825,1225
2121,1225
38254,1225
899,1225
1597,1225
25697,1225
32570,1225
11164,1225
22782,1225
2348,1225
2348,1225
2651,1225
22782,1225
11161,1225
13200,1225
9704,1225
380,1225
1080,1225
311,1225
26983,1225
26983,1225
26983,1225
26983,1225
11164,1225
13786,1225
2348,1225
34564,1225
34564,1225
3194,1225
13213,1225
13200,1225
32570,1225
26983,1225
10360,1225
18595,1225
30130,1225
2267,934
19257,934
35371,934
6777,934
9853,934
1811,934
4842,934
212,934
25695,934
11263,934
35414,934
37007,934
22711,934
645,934
29688,934
2788,934
11760,934
8294,934
17299,934
11433,934
18099,934
10354,934
30725,934
29866,934
8340,934
33672,934
36981,934
9530,934
23286,934
14862,934
13184,934
24648,934
11544,934
11726,934
18814,934
3817,934
31281,934
34437,934
9779,934
6183,934
1484,934
25837,934
33102,934
34798,934
11783,934
9334,934
24688,934
32499,934
33811,934
30814,934
4010,934
35721,1196
8865,1196
32228,1196
14628,1196
11852,1196
2784,1196
36114,1196
27580,1196
37591,1196
14739,1196
27474,1196
35721,1196
30630,1196
21294,1196
9276,1196
5496,1196
5496,1196
33733,1196
29493,1196
38525,1196
37646,1196
13127,1196
36330,1196
5709,1196
21847,1196
37451,1196
28549,1196
31823,1196
32491,1196
37562,1196
13491,1196
38075,1196
23430,1196
22851,1196
33733,1196
1986,1196
38362,1196
29408,1196
14540,1196
20542,1196
38529,1196
31673,1196
27395,1196
22970,1196
28309,1196
37589,1196
1682,1196
8131,1196
22058,1196
31975,1196
37400,1196
38418,1196
29709,1196
5441,1196
6423,1196
9101,1196
33405,1196
37400,1196
19247,1196
38383,1196
6423,1196
30443,1196
11319,1196
12154,1196
12910,1196
15588,1196
24721,1196
12154,1196
24721,1196
38517,1196
37977,1196
38155,1196
38517,1196
38155,1196
38517,1196
37977,1196
29270,1196
19071,1196
30745,1196
19979,1196
33303,1196
27655,1196
13415,1196
36601,1196
17449,1196
38420,1196
7201,1196
8347,1196
36894,1196
28621,1196
29270,1196
36951,1196
14990,1196
12195,1196
32015,1196
18744,1196
10199,1196
1258,1196
21661,1196
23624,1196
27664,1196
30500,1196
7630,1196
5105,1196
18448,1196
5441,1196
38445,1196
894,1196
6031,1196
23106,1196
35389,1196
22107,1196
27442,1196
30071,1196
21618,1196
5542,1196
38358,1196
15677,1196
38448,1196
31163,1196
32195,1196
17530,1196
38520,1196
27271,1196
23016,1196
37340,1196
17530,1196
27608,1196
19021,1196
7512,1196
18930,1196
37836,1196
38210,1196
38523,1196
4787,1196
14231,1196
26715,1196
36981,1196
2941,1196
20106,1196
2314,1196
6338,1196
5077,1196
5077,1196
3764,1196
26257,1196
27053,1196
27243,1196
15677,1196
35431,1196
27243,1196
5387,1196
33341,1196
35067,1196
33341,1196
37903,1196
32120,1196
4126,1196
3764,1196
24574,1196
28844,1196
6928,1196
9686,1196
38031,1196
36738,1196
24558,1196
32121,1196
25290,1196
14165,1196
29951,1196
11739,1196
32404,1196
16606,1196
32404,1196
36793,1196
37398,1196
34792,1196
36086,1196
22793,1196
27925,1196
29968,1196
35248,1196
37984,1196
24685,1196
15779,1196
37984,1196
36888,1196
24598,1196
23872,1196
5598,1196
22752,1196
38148,1196
38541,1196
1899,1196
26690,1196
28359,1196
37114,1196
38456,1196
21017,1196
32857,1196
35492,1196
30695,1196
26897,1196
38579,1196
29039,1196
29039,1196
24221,1196
26641,1196
26641,1196
38538,1196
30695,1196
35109,1196
22459,1196
10876,1196
30070,1196
30070,1196
27637,1196
25313,1196
37703,1196
29284,1196
26491,1196
27167,1196
38339,1196
34510,1196
24388,1196
6925,1196
26254,1196
8785,1196
26543,1196
17760,1308
28574,1308
27650,1308
29096,1308
38672,1308
31742,1308
14923,1308
38419,1308
8240,1308
21364,1308
31074,1308
21441,1308
10860,1308
37986,1308
34094,1308
28168,1308
38526,1308
20738,1308
37545,1308
36582,1308
27395,1308
28485,1308
18698,1308
38541,1308
28223,1308
16157,1308
30630,1308
21263,1308
8414,1308
20306,1308
29539,1308
35224,1308
21382,1308
28203,1308
38255,1308
22234,1308
38364,1308
38364,1308
15111,1308
22038,1308
22939,1308
13894,1308
7719,1308
35627,1308
21340,1308
21294,1308
17273,1308
26254,1308
36652,1308
5763,1308
24630,1308
31759,1308
37378,1308
37385,1308
14411,1308
37378,1308
37378,1308
7664,1308
38595,1308
37378,1308
37378,1308
38595,1308
31759,1308
31985,1308
31074,1308
31985,1308
30815,1308
37721,1308
37721,1308
3807,1308
31759,1308
25271,1308
27836,1308
37928,1308
36104,1372
8019,1372
22010,1372
37710,1372
20146,1372
34712,1372
5764,1372
10826,1372
16705,1372
18540,1372
10826,1372
10826,1372
27780,1372
18454,1372
25202,1372
38233,1372
28678,1372
22727,1372
1518,1372
22100,1372
38024,1372
6545,1372
37336,1372
11889,1372
20988,1372
31511,1372
38390,1372
29312,1372
32915,1372
35525,1372
18534,1372
8661,1372
23080,1372
5946,1372
12282,1372
38359,1372
36390,1372
27823,1372
35069,1372
28928,1372
21655,1372
5886,1372
27358,1372
32187,1372
10111,1372
24553,1372
33732,1372
20678,1372
24660,1372
38733,1372
29870,1372
23680,1372
17617,1372
35697,1372
4490,1372
26698,1372
24335,1372
22778,1372
28065,1372
24301,1372
20183,1372
24690,1372
37697,1372
15328,1372
26491,1372
26998,1372
18093,1372
13659,1372
4673,1372
31742,1372
15796,1372
33842,1372
25471,1372
22639,1372
14802,1372
29710,1372
38556,1372
36062,1372
29159,1372
30949,1372
35381,1372
38485,1372
36114,1372
36114,1372
19561,1372
38355,1372
27963,1372
23933,1372
38301,1372
18683,1372
21872,1372
28618,1372
37823,1372
6087,1372
37590,1372
27144,1372
8606,1372
37843,1372
27730,1372
7825,1372
21382,1372
31692,1372
24303,1372
38287,1372
37788,1372
6002,1004
1614,1004
1861,1004
13751,1004
15214,1004
37341,1004
2544,1004
25286,1004
17913,1004
6823,1004
8354,1004
35898,1004
18633,1004
21045,1004
28562,1004
1837,1004
25383,1004
877,1004
13681,1004
7869,1004
30812,1004
32913,1004
34504,1004
15753,1004
24570,1004
25463,1004
1750,1004
26144,1004
16629,1004
28127,1004
34200,1004
20720,1004
37745,1004
15184,1004
28294,1004
17918,1004
34392,1004
6909,1004
21174,1004
16963,1004
2529,1004
34200,1004
7057,1004
1583,1004
5559,1004
24298,1004
2104,1004
4242,1004
5278,1004
5026,1004
4242,1004
28443,1004
3623,1004
1272,1004
36350,1004
17074,1004
31491,1004
11023,1004
1637,1004
20953,1004
20368,1004
23977,1004
32563,1004
6765,1004
26125,1004
34269,1004
35414,1004
1439,1004
8478,1004
21300,1004
9785,1004
15456,1004
16859,1004
14136,1004
1179,1004
11168,1004
13174,1004
4529,1004
23798,1004
30078,1004
17090,1004
25889,1004
28199,1004
1164,1004
14159,1004
3241,1004
24465,1004
31972,1004
14325,1004
36129,1004
7014,1004
32255,1004
31972,1004
11136,1004
31259,1004
32371,1004
8531,1004
36665,1004
16930,1004
3954,1004
36825,1004
30745,1004
34741,1004
11479,1136
24083,1136
36026,1136
32338,1136
37693,1275
20399,1275
6194,1275
14032,1275
14032,1275
37346,1275
33537,1275
37693,1275
12406,1212
18508,1212
13565,1212
30369,1212
28624,1212
36886,1212
38470,1212
38306,1212
22932,1212
38431,1293
24354,1293
38408,1293
5135,1293
3922,1293
38466,1293
28744,1293
38267,1293
7658,1293
22913,1293
7131,1293
1929,1293
22124,1293
10485,1293
2779,1293
30211,1293
3569,1293
7131,1293
38446,1293
22702,1293
11614,1293
37406,1293
35568,1293
2210,1293
7203,1293
12654,1329
28025,1329
24916,1329
33134,1329
34049,1329
3485,1329
12749,1329
834,1329
38686,1329
31535,1329
20747,1329
3485,1329
38515,1329
26713,1329
30034,1329
11936,1329
38680,1329
38530,1329
38068,1329
3992,1329
11544,1329
11694,1329
38591,1329
10946,1329
34426,1329
38591,1329
16317,1329
6031,1329
37818,1329
407,1329
38049,1329
1661,1329
29938,1329
30200,1329
33715,1329
35443,1329
23063,1329
4770,1329
28805,1329
11159,1329
31894,1329
23631,1329
29770,1329
13507,1329
24292,1329
18089,1329
28811,1329
29059,1329
34737,1329
4543,1329
38460,1329
29059,1329
14169,1329
510,1329
4382,1329
21685,1329
6841,1329
26335,1329
1492,1329
4770,1329
38705,1329
630,1329
34333,1329
31601,1329
31601,1329
4770,1329
32940,1329
38705,1329
29876,1329
35647,1329
20802,1329
35377,1329
35377,1329
6953,852
21405,852
15089,852
28523,852
10993,852
23729,852
29448,852
25088,852
7362,852
9496,852
22619,852
4586,852
17913,852
10924,852
1988,852
30427,852
10368,852
23137,852
23228,852
30762,852
9921,852
1939,852
21478,852
3349,852
29281,852
8559,852
11960,852
5229,852
4553,852
5848,852
23782,852
34620,852
30639,852
36072,852
9084,852
17859,852
6897,852
1411,852
31281,852
8928,852
34998,852
8958,852
14169,852
24437,852
20304,852
242,852
11701,852
15548,852
24233,852
21331,852
2919,852
1216,1342
33051,1342
15733,1342
38409,1342
8620,1342
2784,1342
16640,1342
15111,1342
3000,1342
24513,1342
22641,1342
25066,1342
35132,1342
37705,1342
11889,1342
11375,1342
14984,1342
21438,1342
27786,1342
37928,1342
1372,1342
13566,1342
32186,1342
28223,1342
36601,1342
2136,1342
38723,1342
19057,1342
17420,1342
7576,1342
31501,1342
29096,1342
24372,1342
6524,1342
37918,1342
7171,1342
24592,1342
26961,1342
38071,1342
27486,1342
37918,1342
38615,1342
24720,1342
30371,1342
38081,1342
30815,1342
36506,1342
30825,1342
11076,1342
24968,1342
15583,1342
31615,1342
31252,1342
27754,1342
25325,1342
36461,1342
38383,1342
14714,1342
10258,1342
36392,1342
38618,1342
3674,1342
4909,1342
26154,1342
35995,1342
25610,1342
9834,1342
20887,1342
29312,1342
10112,1342
9323,1342
31766,1342
27604,1342
24421,1342
10469,1342
32452,1342
14628,1342
38149,1342
34145,1342
38409,1342
7870,1342
7870,1342
32816,1342
25931,1342
34530,1342
32039,1342
4787,1316
38546,1316
6728,1316
32864,1316
38631,1316
8516,1316
36889,1316
20866,1316
6587,1316
38510,1316
38548,1316
25666,1316
20059,1316
11824,1316
37915,1316
31823,1316
37810,1316
28240,1316
29127,1316
32608,1316
9757,1316
38651,1316
37977,1316
31058,1316
324,1316
1047,1316
36888,1316
23781,1316
19220,1316
37522,1316
38581,1316
38271,1316
38186,1316
38553,1316
35431,1316
9549,1316
3345,1316
30071,1316
20862,1316
33285,1316
26727,1316
20738,1316
38355,1316
31692,1316
37562,1316
38526,1316
23553,1316
13485,1316
37631,1316
24148,1316
27589,1316
24713,1316
6218,1316
32189,1316
37073,1316
5756,1316
36039,1316
17046,1316
24275,1316
13659,1316
23528,1316
38362,1316
7155,1316
36877,1316
15922,1316
1344,1316
14802,1316
2697,1316
10258,1316
17845,1316
31993,1316
24335,1316
20249,1316
29516,1316
19696,1316
25756,1316
38544,1316
4266,1297
100,1297
669,1297
9369,1297
2489,1297
21629,1297
36375,1297
8315,1297
36960,1297
10547,1297
38639,1297
4360,1297
11814,1297
14422,1297
1168,1297
12471,1297
157,1297
21436,1297
21436,1297
38481,1297
38639,1297
509,1297
12279,1297
15321,1297
9995,1297
15096,1273
38669,1273
7068,1273
36147,1273
26070,1273
9381,1273
15728,1273
10420,1273
6042,1273
8030,1273
24367,1273
20959,1273
20959,1273
27742,1273
184,1273
16456,1273
38554,1207
4110,1207
2937,1207
8487,1207
31126,1207
26,1207
17807,1207
38004,1207
27514,1207
11887,1207
38487,1207
19765,1207
28732,1207
23695,1207
14761,1207
38399,1207
25685,1207
4005,1207
3231,1207
6734,1207
9680,1207
8852,1207
1415,1207
25878,1207
26171,1207
26904,1207
28665,1207
38447,1207
18734,1207
36418,1207
6945,1207
3828,1207
36317,1207
27973,1207
35042,1207
31996,1207
22306,1207
27086,1207
28053,1207
27086,1207
34081,1207
38509,1207
38509,1207
7508,1207
38600,1207
8284,1207
27629,1207
16479,1207
27556,1207
37991,1207
26350,1207
7774,1207
3540,1207
26107,1207
9999,1207
1041,1207
30231,1207
490,1207
1685,1207
12061,1207
23097,1207
11159,1207
29297,1207
29297,1207
29297,1207
969,1207
38399,1207
31695,1207
25878,1207
36162,1207
10159,1010
16198,1010
14901,1010
13958,1010
10607,1010
4404,1010
5061,1010
9293,1010
34929,1010
18445,1010
781,1010
4816,1010
15004,1010
21276,1010
22774,1010
3280,1010
5310,1010
9217,1010
16645,1010
1063,1010
9242,1010
18539,1010
12983,1010
11807,1010
1718,1010
31768,1010
10955,1010
9025,1010
25100,1010
9231,1010
10491,1010
3177,1010
13939,1010
35448,1010
2970,1010
112,1010
14741,1010
24982,1010
8267,1010
23198,1010
11599,1010
21101,1010
18026,1010
32197,1010
35938,1010
6372,1010
7863,1010
8235,1010
25891,1010
20362,1010
21989,1010
27292,1010
9419,1010
12410,1010
17594,1010
134,1010
9542,1010
22886,1010
5809,1010
26407,1010
20804,1010
35710,1010
1425,1010
31168,1010
2869,1010
7960,1010
8275,1010
19054,1010
16807,1010
21003,1010
12801,1010
6741,1010
8018,1010
13101,1010
9955,1010
3403,1010
20995,1010
20720,1010
24297,1010
33834,1010
5539,1010
13036,1010
35790,1010
29517,1010
10373,1010
36403,1010
79,1010
36195,1010
10451,1010
24966,1010
7445,1010
6130,1010
10208,1010
9041,1010
14434,1010
16776,1010
8537,1010
35318,1010
16682,1010
24298,1010
20352,1010
32317,1010
3780,1010
9801,1010
28032,1010
12013,1010
14978,1010
4107,1010
21275,1010
2716,1010
34521,1010
12103,1010
18685,1010
19314,1010
1611,1010
35569,1010
7869,1010
18384,1010
11469,1010
29186,1010
21942,1010
5879,1010
9813,1010
28902,1010
8387,1010
37489,1010
4811,1010
26554,1010
8478,1010
31081,1010
15184,1010
7559,1010
15086,1010
5300,1010
5676,1010
766,1010
35853,1010
17918,1010
17656,1010
21045,1010
11312,1010
19475,1010
9989,1010
13233,1010
18240,1010
30771,1010
32130,1010
23500,1010
16060,1010
30,1010
7612,1010
4479,1010
11830,1010
19588,1010
15838,1010
19174,1010
18059,1010
468,1010
6692,1010
22903,1010
26328,1010
18409,1010
9163,1010
2947,1010
11726,1010
22720,1010
1574,1010
4984,1010
158,1010
25757,1010
11982,1010
17524,1010
26067,1010
35491,1010
20470,1010
5779,1010
7418,1010
5842,1010
35414,1010
32768,1010
6747,1010
37007,1010
23666,1010
22646,1010
26125,1010
27716,1010
31329,1010
30076,1010
35393,1010
7449,1010
8971,1010
12991,1010
7631,1010
1861,1010
14966,1010
17416,1010
37048,1010
33612,1010
23665,1010
15178,1010
412,1010
2327,1010
13949,1010
10429,1010
20454,1010
999,1010
21763,1010
33655,1010
14648,1010
1756,1010
5553,1010
7649,1010
25073,1010
2104,1010
5614,1010
11528,1010
14672,1010
25210,1010
3029,1010
30927,1010
19436,1010
6482,1010
31956,1010
22502,1010
18024,1010
16854,1010
5026,1010
7388,1010
30473,1010
14461,1010
25011,1010
11433,1010
28050,1010
15017,1010
34392,1010
28441,1010
13418,1010
12922,1010
19177,1010
34881,1010
10287,1010
30875,1010
17638,1010
22998,1010
6987,1010
18206,1010
33378,1010
13064,1010
6922,1010
5229,1010
11105,1010
23265,1010
10140,1010
33489,1010
16465,1010
24829,1010
13687,1010
12723,1010
37473,1010
16545,1010
5027,1010
1922,1010
17181,1010
12118,1010
29001,1010
6433,1010
26431,1010
16403,1010
16724,1010
20356,1010
17056,1010
15928,1010
15065,1010
9081,1010
14462,1010
15753,1010
14325,1010
16191,1010
10414,1010
9649,1010
12380,1010
34791,1010
16389,1010
11319,1010
19567,1010
15284,1010
33229,1010
14020,1010
3577,1010
7782,1010
28496,1010
9027,1010
29288,1010
12452,1010
13825,1010
242,1010
1864,1010
10507,1010
9944,1010
33279,1010
26771,1010
1336,1010
6083,1010
13855,1010
33548,1010
25130,1010
32955,1010
13688,1010
453,1010
15168,1010
6261,1010
9990,1010
3315,1010
29551,1010
10470,1010
11311,1010
34010,1010
351,1010
195,1010
4024,1010
29130,1010
18155,1010
22537,1010
1754,1010
18265,1010
22354,1010
12137,1010
21771,1010
8877,1010
8423,1010
1504,1010
9181,1010
28998,1010
775,1010
36024,1010
615,1010
32781,1010
645,1010
28750,1010
24055,1010
30529,1010
10687,1010
17425,1010
15364,1010
34309,1010
22151,1010
10196,1010
16459,1010
26310,1010
13709,1010
33355,1010
23466,1010
35268,1010
6147,1010
76,1010
12594,1010
15595,1010
24234,1010
36259,1010
286,1010
3699,1010
27615,1010
32188,1010
1097,1010
12578,1010
29912,1010
17505,1010
13252,1010
8012,1010
3293,1010
31377,1010
852,1010
13285,1010
35458,1010
18169,1010
32734,1010
3362,1010
32594,1010
32546,1010
13764,1010
23876,1010
9496,1010
19122,1010
18473,1010
13523,1010
5877,1010
37410,1010
12508,1010
35231,1010
9802,1010
15685,1010
31161,1010
14617,1010
21859,1010
507,1010
29546,1010
2450,1010
37616,1010
33359,1010
30832,1010
30318,1010
29239,1010
16135,1010
16841,1010
17518,1010
28188,1010
11057,1010
23343,1010
2536,1010
9530,1010
22479,1010
16414,1010
20498,1010
2766,1010
33831,1010
17542,1010
33188,1010
10891,1010
36112,1010
16140,1010
12569,1010
2415,1010
37280,1010
20605,1010
14419,1010
15270,1010
10107,1010
7838,1010
30527,1010
8158,1010
6738,1010
34175,1010
7434,1010
36476,1010
28995,1010
13747,1010
25088,1010
35083,1010
27379,1010
33905,1010
22272,1010
35177,1010
35965,1010
13943,1010
1984,1010
32877,1010
12577,1010
10369,1010
15095,1010
29578,1010
5045,1010
26253,1010
32133,1010
18618,1010
3692,1010
31513,1010
9237,1010
8004,1010
23269,1010
27286,1010
35812,1010
25700,1010
2851,1010
20176,1010
9626,1010
33758,1010
37476,1010
7628,1010
14875,1010
23796,1010
13387,1010
17859,1010
17276,1010
22779,1010
10613,1010
32334,1010
8895,1010
17566,1010
23964,1010
37731,1010
32344,1010
27291,1010
8911,1010
4475,1010
36120,1010
31513,865
22774,865
13666,865
2947,865
2594,865
37480,865
29992,865
7739,865
34641,865
17360,865
31113,865
23118,865
14966,865
7547,865
37444,865
29992,865
2503,865
3212,865
37334,865
31301,865
14417,865
14159,865
24201,865
25150,865
22652,865
14789,865
34344,865
16190,865
14509,865
11909,865
27788,865
23449,257
1647,257
6371,257
6006,257
26283,257
4920,257
9129,257
3916,257
10285,257
9129,257
14150,257
28128,1121
35936,1121
38291,1121
34827,1121
38249,1121
6283,1121
34005,1121
4468,1121
17003,1121
38211,1121
21131,1121
38156,1121
28073,1121
11895,1121
11895,1121
13802,1121
9058,1121
13802,1121
19103,1121
3092,1121
18356,1121
6143,1121
30302,1121
38329,1121
38329,1121
6143,1121
38309,1121
38309,1121
38309,1121
38309,1121
38249,1121
28935,1121
38309,1121
38309,1121
24703,1121
17003,1121
27306,1121
4468,1121
17003,1121
34096,1121
31244,1121
32371,1121
35638,1121
37665,1121
16373,1381
15602,1381
31202,1381
1108,1381
38511,1381
7806,1381
16317,1381
1275,1381
29938,1381
29608,1381
28295,1381
8893,1381
340,1381
37818,1381
6448,1381
23980,1381
38179,1381
9253,1381
7234,1381
29973,1381
22323,1381
23464,1381
37570,1381
26245,1381
18594,1299
33892,1299
1049,1299
7670,1299
27255,1299
15133,1299
26149,1299
34586,1299
10414,1299
195,1299
25314,1299
25305,1299
3278,1299
35397,1299
861,1299
13943,1299
3488,1299
37571,1299
4117,1299
12484,1299
36318,1299
5403,1299
12287,1299
20716,1299
6936,1299
16540,1299
14449,1299
5386,1299
2363,1299
16639,1299
6261,1299
38118,1299
2829,1299
17415,1064
34673,1064
14546,1064
33561,1064
32144,1064
10936,1064
14462,1064
10865,1064
13668,1064
16468,1064
12355,1064
31,1064
32190,1064
6418,1064
20126,1064
37128,1064
17129,1064
37407,1064
1939,1064
23883,1064
23822,1064
2651,1064
5130,1064
6822,1064
21269,1064
37246,1064
9919,1064
6965,1064
21339,1064
36275,1064
15982,1064
37045,1064
14751,1064
33591,1064
10173,1064
13805,1064
172,1064
22361,1064
5595,1064
31154,1064
4406,1064
19193,1064
31526,1064
12792,1064
9945,1064
28699,1064
10933,1064
25120,1064
36153,1064
35659,1064
14169,1064
30361,1064
12939,1064
8847,1064
18640,1064
32590,1064
23219,1064
28843,1064
15968,1064
28248,1064
34670,1064
16558,1064
17167,1064
9381,1064
9810,1064
6502,1064
7405,1064
20448,1064
30369,1064
9775,1064
22210,1064
24318,1064
14007,1064
37679,1064
29782,1064
37672,1064
28859,1064
29764,1064
16668,1064
35458,1064
32038,1064
34767,1064
33262,1064
8468,1064
33806,1064
36224,1064
29192,1064
24599,1064
21978,1064
8126,1064
34529,1064
35083,1064
12866,1064
34819,1064
6232,1064
14168,1064
29858,1064
11338,1064
6788,1064
37392,1064
12633,1064
28855,1064
19934,1064
21581,1064
61,1064
30944,1064
19991,1064
19714,1064
14851,1064
5031,1064
16725,1064
21360,1064
38121,1064
5956,1064
26336,1064
27521,1064
27435,1064
17771,1064
27461,1064
29677,1064
33073,1064
7938,1064
9426,1064
32875,1064
26995,1064
27798,1064
27798,1064
14050,1064
4919,1064
28571,1064
14432,1064
13560,1064
31638,1064
700,1064
13181,1064
16374,1064
2103,1240
7946,1240
37905,1240
2019,1240
28720,1240
1463,1240
4104,1240
31676,1240
37357,1240
20044,1240
23750,1240
13296,1240
2887,1240
38083,1240
12591,1240
22224,1240
22070,1240
26511,1240
9379,1240
21035,1240
23528,1240
5055,1240
38108,1214
13316,1214
37178,1214
38415,1214
26546,1214
1275,1214
38395,1214
38394,1214
38381,1214
5371,1214
17859,1214
15579,1214
19304,1214
36214,1214
1129,1214
45,1214
14406,1214
12096,1214
3944,1214
26001,1214
38184,1214
32244,1214
16356,1214
28731,1214
20198,1214
38220,1214
12852,1214
30296,1214
10149,1214
19839,1214
38022,1214
11102,1214
25217,1214
12010,1214
10268,1214
11544,1214
18734,1214
637,1214
20319,1214
4970,1214
17608,1214
30214,1214
20652,1214
6439,1214
36049,1214
38552,1214
1766,1214
19590,1214
1196,1214
1478,1214
4769,1214
6157,1214
5887,1214
15879,1214
19215,1214
28665,1214
1109,1236
1049,1236
34811,1236
38315,1236
118,1236
32902,1236
35697,1236
29658,1236
5876,1236
37800,1236
21636,1236
3746,1236
4900,1236
36181,1236
1441,1236
7887,1236
33284,1236
2919,1236
6176,1236
4905,1236
37697,1236
31369,1236
22511,1236
34952,1236
7303,1236
32230,1236
24217,1236
4078,823
6625,823
24953,823
31946,823
3512,823
22597,823
34511,823
1956,823
13981,823
35811,823
32162,823
5516,823
18221,823
32555,823
855,823
14931,823
19374,823
33210,823
10671,823
32327,823
321,823
13717,823
16446,823
5720,823
31946,823
9218,823
25151,823
27095,823
6617,823
2033,823
12663,823
10689,823
5664,823
11464,823
31326,823
1652,823
29409,823
20967,823
15983,823
28043,823
236,823
27387,823
28629,823
12910,823
33380,823
2262,823
28307,823
30889,823
12625,823
1652,823
5772,823
35097,823
5512,823
18678,823
21580,823
19011,823
17258,823
10700,823
31137,823
6981,823
1164,823
993,823
14249,823
25509,823
3606,823
21494,823
32308,823
30302,823
34488,823
18056,823
3689,823
29342,823
29167,1356
38727,1356
38727,1356
7808,1356
30103,1356
3038,1356
29167,1356
38174,1356
38174,1356
25453,1356
37458,1332
2880,1332
33296,1332
36086,1332
38141,1332
9663,1332
36880,1332
38547,1332
33458,1332
14411,1332
8266,1332
38601,1332
8266,1332
37418,1332
30557,1332
33268,1332
31409,1332
35132,1332
21050,1332
35255,1332
19641,1332
29395,1332
29268,1332
36103,1332
37902,1332
5380,1332
37902,1332
28778,1332
28068,1332
20747,1332
38459,1332
29268,1332
38546,1332
35822,1332
38017,1332
32395,1332
37771,1332
37484,1332
36877,1332
25545,1332
31462,1332
1850,1332
37984,1332
26629,1332
31657,1332
27148,1332
1087,1332
25320,1332
16515,1332
3051,1332
31657,1332
15391,1332
29096,1332
32002,1332
30449,1332
19888,1332
8167,1332
11524,1332
8414,1332
9237,1332
17152,1332
37047,1332
35156,1332
26819,1332
23076,1332
38719,1332
33339,1332
17273,1332
18930,1332
33606,1332
38290,1332
37787,1332
22800,1332
2547,1332
7073,1332
34412,1332
21008,1332
29666,1332
29913,1332
32275,1332
22470,1332
38724,1332
34412,1332
26249,1332
9024,1332
20249,1332
28727,1332
9629,1332
20306,1332
15922,1332
30501,1332
28574,1332
32380,1332
38370,1332
37047,1332
2941,1332
38255,1332
30427,1332
21142,1332
32962,1332
7205,1332
32962,1332
32962,1332
2168,1332
13582,1332
38182,1332
38318,1332
37047,1332
23574,1332
12063,1332
33439,1332
25467,1332
29552,1332
20955,1332
34400,1332
23574,1332
38236,1332
34400,1332
28001,1332
38162,1332
15820,1332
28294,1332
13322,1332
35486,1332
19229,1332
34400,1332
38699,1332
30602,1332
31582,1332
38699,1332
37114,1332
6776,1332
28513,1332
6776,1332
5341,1332
33664,1332
36039,1332
34094,1332
22700,1332
38177,1332
19240,1332
32121,1332
38543,1332
35039,1332
37089,1332
36745,1332
26939,1332
2273,1332
8107,1332
5271,1332
38386,1332
18073,1332
30140,1332
11343,1332
25407,1332
9213,1332
11442,1332
29189,1332
27431,1332
25952,1332
21135,1332
5425,1332
12910,1332
18683,1332
32241,1332
28001,1332
26390,1332
19466,1332
38423,1332
2773,1332
36389,1332
16640,1332
28044,1332
32814,1332
14795,1332
14795,1332
37812,1332
22641,1332
38404,1332
19401,1332
38604,1332
1679,1332
20253,1332
192,1332
19253,1332
38688,1332
38688,1332
32723,1332
32723,1332
36576,1332
38468,1332
31501,1332
3091,1332
36662,1332
30680,1332
25730,1332
3091,1332
15733,1332
38679,1332
15667,1332
26451,1332
21139,1332
13617,1332
29773,1332
34477,1332
22771,1332
22771,1332
11867,1332
6237,1332
24559,1332
24630,1332
20838,1332
26780,1332
21846,1332
5360,1332
8908,1332
36690,1332
38234,1332
20955,1332
36690,1332
25532,1332
22955,1332
36903,1332
28649,1332
7180,1332
20142,1332
17249,1332
16882,1332
37382,1332
18706,1332
24683,1332
27367,1332
28671,1332
28086,1332
22387,1332
38670,1332
38207,1332
27916,1332
1372,1332
36888,1332
36265,1332
24192,1332
26198,1332
29594,1332
37620,1332
16545,1332
7664,1332
1731,1332
6980,1332
6980,1332
4173,1332
36601,1332
31433,1332
37133,1332
31029,1332
4490,1332
28726,1332
3560,1332
26298,1332
26298,1332
38638,1332
34416,1332
32558,1332
5441,1332
18956,1332
34712,1332
17696,1332
12554,1332
35382,1332
6242,1332
7984,1332
32879,1332
14384,1332
3645,1332
29268,1332
38074,1332
38074,1332
38074,1332
23443,1332
36062,1332
23842,1332
3298,1332
38146,1332
35355,1332
2153,1332
5427,1332
21066,1332
13771,1332
27353,1332
6293,1332
12356,1332
23026,1332
33647,1332
33647,1332
31197,1332
34707,1332
1216,1332
37707,1332
38677,1332
28167,1332
28550,1332
30825,1332
38366,1332
38578,1332
32656,1332
21538,1332
32656,1332
6728,1332
35345,1332
26366,1332
35599,1332
10469,1332
25936,1332
35562,1332
35562,1332
37807,1332
21597,1332
33967,1332
33967,1332
38537,1332
30142,1332
33510,1332
37591,1332
23842,1332
34981,1332
5496,1332
38134,1332
7098,1332
38247,1332
19664,1332
14614,1332
11517,1332
24372,1332
13284,1332
34880,1332
5836,1332
17287,1332
16204,1332
15794,1332
15943,1332
24717,1332
38292,1332
11076,1332
7691,1332
38550,1332
29773,1332
38599,1332
35598,1332
24717,1332
36316,1332
38599,1332
28508,1332
21071,1332
34803,1332
37871,1332
30669,1332
37701,1332
33715,1332
35798,1332
13992,1332
38339,1332
20893,1332
5563,1332
28234,1332
27474,1332
38293,1332
33947,1332
6010,1332
38634,1332
34074,1332
11999,1332
37909,1332
38695,1332
16515,1332
16515,1332
16515,1332
16515,1332
5563,1332
7512,1332
24719,1332
3377,1332
24421,1332
27389,1332
30730,1332
30730,1332
36783,1332
3898,1332
37189,1332
38427,1332
21908,1332
36346,1332
21908,1332
36346,1332
32962,1332
29284,1332
30346,1332
37487,1332
2125,1332
9597,1332
33390,1332
22437,1332
29111,1332
29111,1332
38602,1332
11353,1332
21597,1332
38503,1332
20341,1332
24287,1332
36351,1332
30815,1332
26956,1332
38151,1332
38701,1332
38701,1332
32452,1332
3507,1332
24967,1332
6524,1332
5707,1332
17351,1332
17351,1332
33564,1332
2015,1332
30228,1332
8530,1332
24700,1332
11380,1332
9549,1332
20677,1332
24601,1332
34844,1332
36366,1332
26247,1332
36366,1332
26247,1332
14170,1332
38565,1332
38565,1332
14026,1332
38695,1332
35279,1332
18262,1332
38023,1332
5563,1332
20887,1332
28878,1332
25094,1332
30391,1332
37654,1332
5761,1332
24193,1332
25923,1332
30883,1332
19089,1332
15046,1332
8924,1332
35131,1332
2153,1332
28016,1332
6286,1332
28350,1332
18164,1332
37551,1332
5563,1332
22229,1332
14752,1332
23907,1332
22078,1332
1712,1332
16515,1332
32867,1332
24887,1332
38292,1332
10322,1332
19071,1332
24896,1332
38087,1332
38087,1332
5485,1332
37588,1332
4611,1332
37947,1332
15325,1332
31766,1332
37830,1332
37698,1332
35848,1332
22192,1332
20998,1332
31737,1332
38450,1332
33360,1332
32937,1332
26860,1332
12037,1332
37836,1332
29500,1332
38501,1332
38501,1332
38204,1332
27328,1332
37915,1332
27328,1332
8480,1332
38536,1332
34726,1332
37738,1332
37738,1332
23662,1332
30089,1332
8007,1332
5708,1332
16908,1332
12995,1332
11365,1332
38467,1332
3486,1332
16705,1332
2461,1332
15048,1332
5044,1332
37601,1134
11672,1134
22124,1134
20548,1134
115,1134
38245,1134
32211,1134
4636,1134
20548,1134
22163,1134
9568,1134
19571,1134
19571,1134
24354,1134
30211,1134
27901,1134
12508,1134
13505,1134
2853,1134
38337,1134
20668,1134
21742,1134
3323,1134
5269,1134
22499,1134
22542,1134
15320,1134
31270,1134
28875,1134
12967,1134
26509,1134
901,1134
32836,1134
21746,1134
250,1134
20356,1134
35414,1134
38331,1134
38222,1134
37736,1134
20445,1134
23089,1134
23089,1134
35354,1134
2776,1134
32445,1134
16748,1134
1904,1134
1442,1134
19353,1134
787,1134
23735,1134
8261,1134
3209,1134
21370,1134
3323,1134
1955,1134
11963,1134
37600,1241
30608,1241
14370,1241
30456,1241
37346,1241
37734,1241
6274,1289
14873,1289
11781,1289
38221,1289
13917,1289
23272,1289
21321,1289
25408,1289
20650,1289
30851,1289
5989,1289
9980,1289
25751,1289
38629,1289
1062,1289
10694,1289
18719,1289
2925,1289
35111,1289
33239,1289
2963,1289
37720,1289
32820,1289
16317,1289
6198,1289
1455,1289
36322,1289
28868,1289
22685,1289
33924,1289
2058,1289
17160,1289
16449,1289
38077,1289
33919,1289
9772,1289
5446,1289
16503,1289
3618,1289
12108,1289
37127,1289
18140,1289
16820,1289
6599,1289
5341,1131
6286,1131
3904,1131
5044,1131
38141,1131
37903,1131
25832,1131
38092,1131
10473,1131
3904,1131
37097,1131
21349,1131
30962,1131
32231,1131
25653,1131
19474,1131
24906,1131
38210,1131
27506,1131
35477,1131
28062,1131
30228,1131
26197,1131
26718,1131
15366,1131
6320,1131
33836,1131
20747,1131
37703,1131
15226,1131
8073,1131
29358,1131
34783,1131
25991,1131
5360,1131
29994,1131
28309,1131
5284,1131
28212,1131
24062,1131
29031,1131
5219,1131
30500,1131
25991,1131
13617,1131
28467,1131
32078,1131
34074,1131
10112,1131
19457,1131
34017,1131
29909,1131
37436,1131
24747,1131
27079,1131
324,1131
27604,1131
1528,1131
19057,1131
3674,1131
28150,1131
35847,1131
6634,1131
2626,1131
1921,1131
25352,1131
33983,1131
27395,1131
36629,1131
15451,1131
8706,1131
29883,1131
33018,1131
31029,1131
8131,1131
28265,1131
14335,1131
22831,1131
1899,1131
34092,1131
11699,1131
35207,1131
13415,1131
20784,1131
36863,1131
11104,1131
6086,1131
32002,1131
12916,1131
25610,1131
34843,1131
26838,1131
30466,1131
23030,1131
37149,1131
26810,1131
23370,1131
3835,1131
7251,1131
19594,1131
24418,1131
19282,1131
22955,1131
867,1131
28813,1131
21015,1131
7984,1131
1473,1131
32870,1131
20973,1131
20973,1131
29600,1131
8745,1131
24733,1131
26257,1131
12195,1131
21111,1131
6310,1131
3641,1131
15445,1131
8536,1131
2576,1131
23016,1131
37654,1131
8566,1131
38313,1131
5776,541
11892,541
22302,541
413,541
34770,541
7728,541
20023,541
3230,541
25709,541
5129,541
4387,541
18250,541
7103,541
37053,541
22623,541
29265,541
12164,541
21160,541
34679,541
1235,541
12357,541
28876,541
30814,541
37220,541
12492,1211
35140,1092
23628,1092
1922,1092
16498,1092
27481,1092
25198,1092
34092,1092
37792,1092
19266,1092
6667,1092
38032,1092
26791,1092
27861,1092
4474,1092
23253,1092
8943,1092
13669,1092
8281,1092
29440,1092
11454,1092
34955,1092
25330,1092
19356,1092
19305,1092
3427,1092
28892,1092
30015,1092
3958,1092
30648,1092
27472,1092
29431,1092
15192,1092
1451,1092
16317,1092
2919,1092
34823,1092
14126,1176
16913,1176
10117,1176
16913,1176
21538,1176
697,1176
11088,1176
21214,1176
12626,1176
22832,1176
36230,1176
27042,1176
20968,1176
28776,1176
6448,1176
34651,1176
29554,1176
24783,1176
29177,1176
23344,1176
18720,1176
24504,1176
25364,1176
19571,1176
30722,1176
21370,1176
32144,1176
13805,1176
37751,1176
31170,1176
12935,1176
28754,1176
24504,1176
11843,1176
11991,1176
8279,1176
22262,1176
10980,1176
29390,1176
5563,1176
25915,1176
21059,1176
31789,1176
22423,1176
10822,1176
13871,1176
32092,1176
8279,1176
27278,1176
5288,1176
3168,1176
31506,1176
35822,1176
38278,1176
12251,1176
353,1176
21284,1176
353,1176
2119,1176
36233,1176
9236,1176
3770,1176
27172,1176
27747,1176
5405,1176
19089,1176
26748,1176
26939,1176
33092,1176
20916,1176
26127,1176
12971,1176
33092,1176
13518,1176
27793,1176
9034,1176
34718,1176
34554,1176
23127,1176
21460,1176
23127,1176
21460,1176
21159,1176
22871,1176
10323,1176
32916,1176
22751,1176
25706,1176
11631,1176
24156,1176
37494,1176
31489,1176
24662,1176
29125,1176
29125,1176
14955,1176
14132,1176
94,1176
27227,1176
17067,1176
28139,1176
6750,1176
25558,1176
28941,1176
21808,1176
25365,1176
20528,1176
21843,1176
30060,1176
2611,1176
5108,1176
2611,1176
34999,1176
37454,1176
22016,1176
4264,1176
4835,1176
35791,1176
20023,1176
9115,1176
31590,1176
7975,1176
35851,1176
35981,1176
12530,1176
36276,1176
38012,1176
23991,1176
17241,1176
31744,1176
16213,1176
3249,1176
18343,1176
18403,1176
23215,1176
36947,1176
26670,1176
13506,1176
34372,1176
16593,1176
15691,1176
23148,1176
14132,1176
22213,1176
36660,1176
21134,1176
26186,1176
26186,1176
19123,1176
2335,1176
34284,1176
10253,1176
2335,1176
8162,1176
32035,1176
38198,1176
11584,1176
22061,1176
34812,1176
20390,1176
37465,1176
24672,1176
15253,1176
2644,1176
4879,1176
28179,1176
21193,1176
21449,1176
26031,1176
1808,1176
23604,1176
38328,1176
32115,1176
30869,1176
23768,1176
32209,1176
28822,1176
36579,1176
14985,1176
26770,1176
21474,1176
24209,1176
19720,1176
21058,1176
28232,1176
34702,1176
25881,1176
3968,1176
28251,1176
38500,1176
8089,1176
37741,1176
30161,1176
31665,1176
11697,1176
29592,1176
15740,1176
10498,1176
8618,1176
6044,1176
30540,1176
35576,1176
38094,1176
36864,1176
4759,1176
38129,1176
36280,1176
38015,1176
11394,1176
5031,1176
35092,1176
38288,1176
881,1176
35399,1176
26101,1176
38130,1176
32243,1176
30222,1176
30222,1176
32243,1176
7585,1176
27127,1176
27413,1176
31459,1176
38559,1176
23084,1176
31931,1176
30340,1176
22336,1176
38438,1176
8854,1176
18023,1176
8449,1176
2845,1176
8871,1176
13243,1176
26014,1176
18392,1176
2788,1176
22463,1176
10286,1176
19100,1176
24309,1176
37964,1176
11290,1176
9018,1176
26463,1176
4264,1176
10037,1176
12984,1176
32641,1176
11096,1176
329,1176
23113,1176
12729,1176
31632,1176
4379,1176
3131,1176
33447,1176
23113,1176
38734,1176
33447,1176
35462,1176
34303,1176
20668,1176
29294,1176
9884,1176
9374,1176
21950,1176
26222,1176
17659,1176
37761,1176
27512,1176
34698,1176
34698,1176
23255,1176
13924,1176
18242,1176
18314,1176
2928,1176
22687,1090
1028,1090
29022,1090
3849,1090
2438,1090
38464,1090
21352,1090
35385,1090
37508,1090
2105,1090
5810,1090
26221,1090
4502,1090
12753,1090
3859,1090
15293,1090
34944,1189
27976,1189
15063,1189
30415,1189
37207,1189
3998,1144
16121,1144
12142,1144
15953,1144
23608,1144
31851,1144
27624,1144
19124,1144
23736,1341
1575,1341
25698,1341
112,1341
38373,1341
26890,1341
13715,1341
11215,1341
28804,1341
38376,1341
23897,1341
13739,1341
9267,1341
9548,1341
27223,1341
38653,1341
7984,1341
14335,1341
38068,1341
32668,1341
31894,1341
6351,1341
13507,1341
8487,1341
3143,1341
26283,1341
11646,1341
34448,1341
29413,1341
30200,1341
17309,1341
18577,1341
18577,1341
18577,1341
13739,1341
2417,1341
17254,1341
18577,1341
2417,1341
20617,1341
33606,1341
36461,1341
20893,1341
38281,1341
30427,1341
37421,1341
33489,1341
27027,1341
33776,1341
38371,1341
34114,1341
28804,1341
35902,1341
18737,1341
23197,1341
22349,1341
5496,1341
3143,1341
28804,1341
1367,529
808,529
5541,529
12939,529
35529,529
8164,529
20730,529
10414,529
16291,529
22797,529
21656,529
18175,529
31019,529
7014,529
11646,529
855,529
28693,529
7118,529
7118,529
16067,529
7118,529
7118,529
240,529
36031,529
36031,529
28254,529
7118,529
28254,529
11783,529
26608,1230
22977,1230
33741,1230
26608,1230
24549,1230
29654,1230
28119,1230
13383,1230
13383,1230
21951,1230
7000,1230
27787,1230
18166,1230
21844,1230
36082,1230
19545,1230
9048,1230
9986,1230
9190,1230
19966,1230
36523,1230
38010,1230
31136,1230
33273,1230
28851,1230
21928,1230
21928,1230
9417,1230
9907,1230
18942,1230
22857,1230
22857,1230
18801,1230
11762,1230
30789,1230
38584,1230
38584,1230
10815,1230
37408,1230
31817,1230
26365,1230
25915,1230
32018,1230
35632,1230
33624,1230
8058,1230
19504,1230
28877,1230
14095,1230
38500,1230
32789,1230
23161,1230
16070,1230
38006,1230
9256,1230
30416,1230
11964,1230
20583,1230
18527,1230
11713,1230
29278,1230
13425,1230
22148,1230
13765,1230
32520,1230
11522,1230
23944,1230
20013,1230
20013,1230
20331,1230
20331,1230
20013,1230
20013,1230
17038,1230
24379,1230
24115,1230
23365,1230
29078,1230
17064,1230
31590,1230
37863,1230
22356,1230
22092,1230
26561,1230
9441,1230
34224,1230
12626,1230
17364,1230
38627,1230
33245,1230
10771,1230
20091,1230
30734,1230
38088,1230
25470,1230
26373,1230
22428,1230
34279,1230
12449,1230
37808,1230
11172,1230
15884,1230
3423,1230
22438,1230
25598,1230
10793,1230
19012,1230
20072,1230
26799,1230
14288,1230
26391,1230
22557,1230
19962,1230
14816,1230
15155,1230
8918,1230
23979,1230
19222,1230
31872,1230
13716,1230
33256,1230
17712,1230
24617,1230
16940,1230
37913,1230
28785,1230
21713,1230
6865,1230
22327,1230
32339,1230
16497,1230
32488,1230
10209,1230
3088,1230
24954,1230
18962,1230
9442,1230
15243,1230
17150,1230
22423,1230
31038,1230
37699,1230
13293,1230
16070,1230
11064,1365
38055,1365
12165,1365
12165,1365
12165,1365
38555,1365
27413,1365
12165,1365
6151,1365
6151,1365
12165,1365
13416,1365
12165,1365
28326,1365
38148,1365
9939,1365
29276,1365
38365,1365
27556,1365
38568,1365
9095,1365
38076,1365
26911,1365
26911,1365
7777,1365
4014,1365
28662,1365
38410,1365
34595,1365
16456,1365
24038,1365
9499,1365
15690,1365
15690,1365
15690,1365
15690,1365
9499,1365
38190,1365
16449,1365
2187,1365
28780,1365
10239,1365
3592,1365
3897,1365
32989,1365
1453,1365
1305,1365
27342,1365
18663,1365
22779,1365
27915,1365
27915,1365
15073,1365
12165,1365
33681,1365
12165,1365
25945,1365
17304,1365
12165,1365
29821,1365
10198,1365
37945,1365
5434,1365
36280,1365
12403,1365
8781,1365
12165,1365
38678,1365
12165,1365
28326,1365
38678,1365
30097,1365
21761,1365
3175,1365
12165,1365
34441,1365
12165,1365
27368,1365
9087,1365
22374,1365
30553,1365
1703,1365
37127,1365
21746,1365
32041,1365
337,1365
29930,1365
1128,1365
17598,1365
17001,1365
10633,1365
16930,1365
4782,1365
35580,1365
28798,1365
28158,1365
5447,1365
12165,1365
934,1365
8558,1365
27557,1365
11404,1365
12165,1365
8329,1365
30237,1365
12165,1365
6044,1365
29444,1365
32078,1365
1797,1365
19224,1365
11973,1365
18804,1365
12768,1365
18804,1365
38133,1365
17658,1365
2698,1365
2698,1365
3486,1365
27444,1365
25393,1365
33484,1365
38144,1365
30738,1365
516,1365
38603,1365
16370,1365
21110,1365
35494,1365
35494,1365
20949,1365
31845,1365
21391,1365
33599,1365
28780,1365
12165,1365
18889,1365
38736,1365
38736,1365
12165,1365
11769,1365
12165,1365
36280,1365
12165,1365
31039,1365
12165,1365
12165,1365
31272,1365
26060,1365
20294,1365
17703,1365
21131,1365
32133,1365
26463,1365
22057,1365
15386,1365
18679,1365
12206,1365
36912,1365
38209,1365
9772,1365
224,1365
32954,1365
30478,1365
26948,871
5148,871
36664,871
35650,871
25150,871
2207,871
32494,871
37658,871
21013,871
10110,871
34004,871
32806,871
4915,871
374,871
12137,871
21659,871
37632,871
14626,871
5365,871
26205,871
2226,871
25889,871
17978,871
10650,871
13469,871
9917,871
17622,871
8470,871
13260,871
2261,871
8559,871
32781,871
16689,871
13491,871
38172,1363
38099,1363
28552,1363
18502,1363
28071,1363
32674,1363
3645,1363
24192,1363
19384,1363
23110,1363
15949,1363
38682,1363
34303,1363
38310,1363
20936,1363
13287,1363
32393,1363
26375,1363
36156,1363
36950,1363
38172,1363
29338,1363
28071,1363
20078,1363
21765,1363
36747,1363
16215,1363
27489,1363
35762,1363
35125,1363
36637,1363
11991,1363
34462,1204
18808,1204
31742,1204
18808,1204
36134,1204
33098,1204
36392,1204
9079,1204
34200,1204
3641,1204
33983,1204
29710,1204
27358,1204
33931,1204
2907,1204
35135,1204
35242,1204
36141,1204
35080,1204
28104,1204
28769,1204
38620,1204
776,1204
33969,1204
38448,1204
30968,1204
24705,1204
31603,1204
2795,1204
34783,1204
37638,1204
31251,1204
37921,1204
12282,1204
36809,1204
37990,1204
37990,1204
15796,1204
12599,1204
2767,1204
16157,1204
894,1204
4588,1309
24715,1309
38266,1309
14226,1309
14881,1309
562,1309
14004,1309
32700,1309
30166,1309
30208,1309
29514,1309
1661,1309
37169,1309
4392,1309
31441,1309
1792,1309
27200,1309
23320,1309
9155,1309
18413,1309
31202,1309
13223,1309
24486,1309
13223,1309
14850,1309
24497,1309
17438,1309
6720,1309
8655,1309
34588,1309
37573,1309
17859,1309
34909,1309
35190,1309
38429,1309
12484,1309
8272,1309
27530,1309
18267,1309
19374,1309
37524,1309
20984,1309
34322,1309
31812,1309
11783,1309
8911,1309
37740,1314
16845,1314
37611,1314
10694,1314
37998,1314
30637,1314
10094,1314
29338,1314
7939,1314
1058,1314
3244,1314
23243,1314
8971,1314
13631,1314
14786,1314
30292,1314
16996,1314
29113,1314
38126,1314
36727,1314
3842,1314
19839,1314
28343,1314
17991,1314
36135,1314
1401,1314
10677,1314
279,1314
9369,1314
36456,1314
12363,1314
4697,1314
36417,1314
28726,1314
3540,1314
14988,591
32595,591
2051,591
30197,591
25720,591
24897,591
35859,591
36286,591
10972,591
14135,591
18331,591
23927,591
17892,591
18024,591
37107,591
31020,591
25573,591
2919,591
14364,591
18993,591
18620,591
20281,591
34792,591
37068,591
10778,591
36426,591
8816,591
13558,1382
7117,1382
17521,1382
26426,1382
26426,1382
38434,1382
38434,1382
34766,1382
20775,1382
13632,1382
6387,1382
28655,1382
21990,1382
38000,1382
33744,1382
11904,1382
30790,1382
30790,1382
3799,589
22671,589
14726,589
35763,589
20270,589
1738,589
10653,589
14482,589
2054,589
31690,589
5239,589
22240,589
25538,589
6996,589
17577,589
35411,589
21333,589
36033,589
35406,589
26661,589
2845,589
8326,589
15534,589
19027,589
19395,589
6932,589
21768,589
19356,589
2833,846
351,846
16169,846
862,846
24993,846
404,846
8445,846
11740,846
22124,846
12973,846
37428,846
16020,846
18856,846
12188,846
22499,846
29371,846
21165,846
2919,846
2179,846
26862,846
35414,846
30491,846
19774,846
769,846
1081,846
14262,846
529,846
15054,846
4718,846
6464,846
4475,846
15449,846
16471,846
4934,846
33243,846
27126,846
33586,846
25072,846
24550,1067
37449,1164
217,560
1148,560
4457,560
6451,560
28225,560
28908,560
8612,560
12844,560
26666,560
3799,560
12787,560
1980,560
21898,560
21760,560
11734,560
4516,560
27808,560
118,560
35205,560
4204,560
11273,560
32341,560
24607,560
8901,560
23120,560
24961,560
13526,560
4329,560
1890,560
22983,560
16544,560
6605,560
28737,560
23281,560
1815,560
26345,560
34656,560
17265,560
2004,560
18816,560
17543,560
20360,560
1265,560
5559,560
21353,560
32750,560
2959,560
4024,560
595,560
232,560
3201,560
9426,560
24743,560
4349,560
21136,560
13795,560
10818,560
12698,560
17719,560
37002,560
24492,560
32211,560
9224,560
33972,560
9671,560
8164,560
6877,560
16254,560
25122,560
8920,560
4119,560
3847,560
23304,560
918,560
27533,560
24827,560
22616,560
22911,560
33759,560
6420,560
1454,560
1659,560
26940,560
25,560
24602,560
449,560
12811,560
3221,560
221,560
6484,560
7092,560
26504,560
33047,560
10261,560
13458,560
13314,560
861,560
13826,560
2502,560
1766,560
28577,560
12292,560
35414,560
36033,560
8392,560
2800,560
7561,560
19817,560
24413,560
4866,560
9713,560
27768,560
30084,560
32823,560
21583,560
2372,560
16733,560
14274,560
5644,560
23222,560
26593,560
32064,560
36474,560
13779,560
15459,560
598,560
19346,560
13265,560
37048,560
20063,560
19242,560
14237,560
22534,560
28153,560
24830,560
321,560
35118,560
29193,560
9377,560
22750,560
18637,560
13826,560
16031,560
21984,560
2053,560
34316,560
2870,560
9243,560
23187,560
21957,560
26346,560
15990,560
21984,560
7760,560
10642,560
23523,560
23704,560
31613,560
1180,560
9562,560
22049,560
1081,560
2229,560
12797,560
19027,560
7770,560
19845,560
4744,560
10490,560
5129,560
22463,560
25889,560
3519,560
6892,560
5243,560
18760,560
23252,560
22883,560
22956,560
34656,560
34988,560
36425,560
18797,560
2536,560
1542,560
3485,560
14343,560
35965,560
36237,560
34496,560
22646,560
17609,560
18735,560
13548,560
1049,560
14007,560
22176,560
10448,560
34567,560
31042,560
22297,560
24809,560
17716,560
8035,560
1138,560
11555,560
24109,560
32305,560
1127,560
25821,560
17016,560
13099,560
10865,560
17363,560
21666,560
1467,560
25521,560
32397,560
17363,560
26571,560
26407,560
16949,560
34656,560
127,560
32188,560
22148,560
2240,560
7304,560
15957,560
27005,560
24857,560
4028,560
19985,560
2132,560
23009,560
23320,560
13105,560
32640,560
36613,560
17334,560
15995,560
34024,560
22731,560
17717,560
15736,560
28876,560
37008,560
9465,560
20281,560
37435,560
3044,560
17515,560
23670,560
8589,560
6932,560
9308,560
6551,560
30609,560
16055,560
23840,560
21470,560
20798,560
6426,560
16298,560
26372,560
36667,560
25873,560
23010,560
5059,560
10063,560
36312,560
30714,560
12184,560
34277,560
4886,1319
1252,1319
32371,1319
38650,1319
7838,1319
25615,1319
32423,1319
19057,1319
30556,1319
7642,1319
3070,1319
14871,1319
17018,1319
11677,1319
32178,1319
20897,1319
36883,1099
2081,1099
3527,1099
21112,1099
3975,1099
15700,1099
18921,1099
26259,1099
22633,1099
17904,1099
886,1099
21542,1099
696,1099
25804,1099
30436,1099
816,1099
19074,1099
17937,1099
2668,1099
38106,1099
28477,1099
26532,1099
28477,1099
15147,1099
5549,1099
25342,1099
16679,1099
3759,1099
33287,1099
6331,1099
35275,1099
27104,1099
38168,1099
13921,1099
3811,1099
29973,1099
5013,1099
5013,1099
23905,1099
20094,1099
38443,1099
22192,1099
22059,1099
14928,1099
14928,1099
21778,1099
35786,1099
31599,1099
3155,1099
18818,1099
15177,1099
3075,1099
30054,1099
17937,1099
14207,1099
37360,1099
31027,1099
2169,1364
25003,1364
33346,1364
11272,1364
33569,1364
38159,1364
174,1364
31552,1364
9478,1364
38687,1364
3012,1364
17826,1364
7191,1364
21542,1364
27095,1364
29917,1364
2811,1364
22354,1364
23347,1364
23983,1364
22217,1364
2776,1364
32499,1364
1305,1364
16973,1364
1210,1364
36521,1364
13707,1364
5094,1364
22055,1364
18067,1364
35953,1364
37596,1364
32675,1364
30214,1364
23790,1364
23790,1364
31690,1364
24855,1364
32301,1364
34169,1364
34169,1364
30538,1364
22217,1364
5845,1364
764,1364
6494,1364
30866,1364
18931,1364
32989,1364
38164,1364
38164,1364
26650,1262
27415,1262
11226,1262
36979,1262
5271,1262
32501,1262
