user_idx,item_idx
37533,493
38058,493
27322,493
1852,493
12173,493
29518,493
32003,493
22230,493
34036,493
19698,493
31005,493
11742,493
26608,493
32003,493
15626,493
16990,493
4950,493
19360,493
15474,493
35344,493
14430,493
33705,493
25489,493
21288,493
5279,493
29631,493
36478,493
18431,493
36568,493
31089,493
16916,493
21224,493
36396,493
13676,493
7650,493
10224,493
19698,493
18867,493
2805,493
14492,493
38202,493
22230,493
16405,493
16584,493
22054,493
21545,493
15683,493
15895,493
5559,493
16411,493
17741,493
18166,493
19809,493
34030,493
27342,493
7658,493
3485,493
32628,493
29351,493
28369,493
17718,493
30106,493
20965,493
1831,493
18610,493
27953,493
431,493
5020,493
8409,493
21024,738
33590,738
25750,738
24384,738
35850,738
19109,738
17498,738
16132,738
18351,738
3862,738
32986,738
30813,738
24560,738
31067,738
12890,738
16223,738
31862,738
5364,738
16824,738
15151,738
31519,738
18945,738
31823,738
7721,738
5583,738
24365,738
18332,738
4118,738
17464,738
12308,738
30584,738
16753,738
24156,738
11985,738
21541,738
23291,738
7349,738
13173,738
6617,738
9455,738
12308,738
20128,738
37482,738
22831,738
22584,738
26202,738
34815,738
30636,738
14288,738
26835,738
22465,738
35806,738
36063,738
2517,738
12661,738
30542,738
5507,738
26321,738
9971,738
18348,738
12975,738
10107,738
19426,738
2540,738
13146,738
38650,738
29964,738
30004,738
24513,738
38050,738
18334,738
4718,738
31393,738
18976,738
25995,738
2751,738
17630,738
38459,738
11432,501
19205,501
11251,501
17808,501
18602,501
13265,501
2778,501
1925,501
432,501
12918,501
36521,501
2146,501
20546,501
36422,501
15379,501
17662,501
1504,501
32457,501
27410,501
9310,501
8710,501
25872,501
33364,501
19641,501
29776,501
34450,501
23613,501
24645,501
23613,501
24084,501
27944,501
31398,501
29356,501
29772,501
32431,501
2772,501
1750,501
1750,501
2772,501
1750,501
36363,501
21744,501
24863,501
14984,501
11975,501
4190,505
28841,505
3597,505
12983,505
21912,505
11796,505
17593,505
10692,505
21125,505
274,505
6560,505
35111,505
3833,505
5241,505
34915,505
29209,505
37794,505
22820,505
29758,505
9665,505
1409,505
3795,505
33389,505
22989,505
8450,505
13016,505
38093,505
10709,505
36424,505
22798,505
15946,505
34706,505
14006,505
719,505
32307,505
3492,505
31261,505
10709,505
14178,505
29613,505
34201,505
262,647
19009,647
26618,647
37985,647
31835,647
15699,647
10783,647
2256,647
1277,647
29778,647
14548,647
4214,647
31835,647
3416,647
25281,647
38352,647
8159,647
31257,647
34456,647
34886,647
23422,647
36990,647
11627,647
29144,647
5072,647
28422,647
32915,647
4913,647
27111,647
26956,647
29209,647
37230,647
36010,647
15677,647
6766,647
26692,647
20733,647
930,647
22842,647
37336,647
385,647
10680,647
37520,647
37990,647
19727,647
9379,647
37471,647
7301,647
23576,647
27960,647
2654,647
8317,647
35658,647
22753,647
10649,647
38021,647
10649,647
25281,647
8138,647
31704,647
37853,647
17875,647
12318,647
2568,647
6766,647
15173,647
34310,647
16294,647
30528,647
26564,647
32648,647
28054,647
27703,647
2500,647
5243,647
18386,647
28622,647
27320,647
32242,647
23085,647
2304,647
18768,647
21550,647
25532,647
32242,647
22658,647
13860,647
5456,647
19072,647
27381,647
14615,647
28349,647
28873,647
12550,647
3009,647
22418,647
6615,647
29930,647
4082,647
25300,647
33044,647
3169,647
25300,647
22360,647
35827,647
18629,647
37124,647
37692,647
29377,647
15501,647
24236,647
14162,647
12738,647
14423,647
14532,647
6235,647
26929,647
14073,647
28797,647
17079,647
7140,647
32740,647
15056,647
780,647
35442,647
117,647
13160,647
6690,647
36521,647
24129,647
29189,647
6482,647
7983,647
9628,647
8597,647
37825,647
21734,647
38396,647
37825,647
37162,647
26304,647
5831,647
17610,647
444,647
28710,647
14755,647
2092,647
24747,647
11341,647
2402,647
8199,647
34156,647
30561,647
18140,647
1629,647
27237,647
21836,647
12028,647
6398,647
35882,647
18854,647
2053,647
21836,647
25794,647
28803,647
10623,647
35569,647
37477,647
37477,647
4449,647
33690,647
37418,647
21499,647
3498,647
22730,647
164,647
32778,647
17177,647
4545,647
2400,647
38440,647
4329,647
4200,647
11582,647
26016,647
35140,647
27747,647
27747,647
27074,647
36822,647
30127,647
5778,647
22486,647
36918,647
34461,647
34830,647
36759,647
6474,647
31165,647
18095,647
31315,647
5755,647
21407,647
4341,647
30387,647
27288,647
17540,647
21202,647
2953,647
28289,647
36210,647
5243,647
27641,647
5193,647
6839,647
20693,647
16900,647
35198,647
33029,647
33860,647
35369,647
20136,647
4173,647
34568,647
34568,647
12259,647
29081,647
24820,647
7077,647
22457,647
28985,647
28469,647
37507,647
22457,647
11603,647
36791,647
36870,647
15042,647
17501,647
1865,647
16978,647
26284,647
2389,647
16379,647
185,647
8692,647
8692,647
27331,647
8664,647
34399,647
27632,647
22150,647
34263,647
3588,647
27468,647
5880,647
34851,647
14470,647
21319,647
20767,647
19120,647
28709,647
19717,647
677,647
19560,647
2091,647
36170,647
37568,647
27120,647
25012,647
25012,647
37990,647
8961,647
9335,647
32168,647
23768,647
30625,647
34789,647
21928,647
6443,647
27657,647
38372,647
722,647
16522,647
6647,647
17189,647
35670,647
10062,647
6693,647
32855,647
18509,647
28492,647
14786,647
19588,647
38122,647
28051,647
24470,647
19095,647
14286,647
20809,647
16425,647
1216,647
1719,647
31651,647
19522,647
27845,647
21087,647
36597,647
7738,52
33012,52
24762,52
24760,52
10373,52
3065,52
18235,52
21932,52
9732,52
6235,52
24854,52
3814,52
23247,52
25478,52
5663,52
31122,52
3335,52
9732,52
5127,52
31122,52
1676,52
25503,52
17000,52
6543,52
5864,52
20201,52
5759,52
8541,52
2172,52
30665,52
30393,52
12827,52
20370,52
21707,52
5219,52
31638,52
6992,52
13109,52
18734,52
31720,52
6992,52
25733,52
25169,52
25518,52
13540,52
25405,52
9659,52
28069,52
9815,52
25381,52
5812,52
24770,52
29377,52
30531,52
33156,52
30574,52
29287,52
31975,52
9885,52
31975,52
1598,52
31766,52
28800,52
28800,52
32436,52
14180,52
14180,52
5887,52
14945,52
5887,52
14945,52
24845,52
5924,52
9922,52
21680,52
20240,52
21316,52
19511,52
34285,467
7040,467
26119,467
24641,467
10051,467
35711,467
10051,467
10051,467
35540,467
36922,467
15639,467
8806,467
28228,467
27243,467
25415,467
22486,467
38378,467
23998,467
29690,467
31014,467
22213,467
37507,467
18276,467
8818,467
8085,467
8511,467
10017,467
24618,467
34679,467
34331,467
7140,467
31183,467
21975,467
38190,467
25422,467
10757,467
29994,467
21817,467
26427,467
31087,467
22826,467
6656,467
14799,467
23489,467
27511,467
3321,467
5064,467
28832,467
15825,467
2508,467
17543,467
20209,467
2324,467
5895,467
30544,467
37570,467
19044,467
9480,467
23786,467
6015,467
36094,467
37995,467
29298,467
13964,467
9370,467
34614,467
19073,467
37811,467
36836,467
20101,467
29432,467
33750,467
37097,467
28760,467
8986,467
9548,467
6577,467
38344,467
5849,467
5849,467
5849,467
5849,467
20894,467
20894,467
38344,467
38344,467
35824,467
24206,467
12794,467
22137,164
7476,164
20460,164
34276,164
15485,164
5983,164
6484,164
23060,164
20419,164
34317,164
12697,164
35602,164
10865,164
6402,164
23188,164
20460,164
31800,164
6516,164
14544,164
31718,164
14747,164
19453,164
30665,164
1740,164
22975,164
10282,164
3070,164
28605,164
34317,164
28605,164
24303,164
29987,164
27341,164
20460,164
1101,164
33458,164
22928,164
24439,164
23859,164
23389,164
1101,164
25911,164
33458,164
23418,164
13741,164
22477,164
19914,164
6011,164
31408,164
28684,164
7083,164
17773,164
18076,164
8165,164
30237,164
17511,164
28077,164
35496,164
12332,164
30993,164
9027,164
35214,164
23251,164
8666,164
13093,164
3566,164
19327,164
19327,164
1559,309
34771,309
27570,309
37420,309
9442,309
8049,309
34315,309
8317,309
36036,309
35927,309
754,309
10029,309
24228,309
37806,309
33235,309
33172,309
3262,309
23358,309
27434,309
13452,309
7235,309
13577,309
37478,309
26819,309
28969,309
12255,309
5875,309
37301,309
36668,309
37859,309
7150,309
5830,309
21006,309
2662,309
10631,309
37138,309
35882,309
21913,309
5760,309
15918,309
7142,309
37982,309
28010,309
12526,309
10023,309
26971,309
34337,309
22155,309
36288,309
941,309
33963,309
32496,309
1530,309
19081,309
11250,309
32175,309
3662,309
19531,309
4760,309
15683,309
3161,309
13589,309
8922,309
11868,309
12001,309
12976,309
32496,309
5430,309
19004,309
18022,309
34116,309
31241,309
12222,309
10315,309
10370,309
9279,309
12035,309
27903,309
26583,309
33437,309
6028,309
1722,309
2837,309
17967,309
14666,309
4121,309
37349,309
37684,309
37684,309
37349,309
148,309
12399,309
16001,309
4805,309
19283,309
17802,309
752,309
6680,309
14725,309
11711,660
25217,660
38344,660
14147,660
23858,660
35999,660
36145,660
8970,660
19639,660
8292,660
1607,660
34533,660
540,660
7670,660
27950,660
6883,660
2212,660
15921,660
10945,660
7964,660
15587,660
13567,660
38507,660
9912,660
3912,660
14351,660
6574,660
34326,660
36521,660
8470,660
7584,660
36992,660
10452,660
33265,660
5324,660
38235,660
38222,660
11481,660
35019,660
136,660
6069,660
35044,660
10945,660
32315,660
11481,660
11918,660
213,660
33482,660
28331,660
27068,660
23624,660
26589,660
30907,660
17055,660
35971,660
35966,660
23714,660
26320,660
6835,660
31328,660
26065,660
25424,660
32886,660
655,660
18975,660
36881,660
10594,660
28621,660
10982,660
6272,660
6272,660
12799,660
22803,660
10187,660
22165,660
37961,660
34474,660
13875,660
38611,660
11476,660
27234,660
27234,660
28392,660
31830,660
12318,660
9021,660
3071,660
5462,660
36791,660
19110,660
7890,660
9960,660
2203,660
13758,660
37998,660
25155,660
22988,660
21274,660
17094,660
35324,660
10632,660
540,660
35324,660
37985,660
15712,660
9400,660
13449,660
6446,660
35770,660
27665,660
12253,660
12253,660
15601,660
15601,660
15601,660
32126,660
21183,660
1450,660
37972,660
16190,660
3952,660
38123,660
9829,660
17970,660
19560,660
3610,660
3610,660
22966,660
18850,660
18443,660
33494,660
30946,660
27309,660
25051,660
22952,660
33167,660
33167,660
29335,660
12645,660
16638,660
37308,660
11694,660
22209,660
37511,660
4641,660
1924,660
14827,660
31660,660
34201,660
16672,660
13290,660
13143,499
31712,499
17090,499
28774,499
13449,499
10905,499
6441,499
33067,499
2540,499
27230,499
18031,499
30251,499
24687,499
8405,499
8405,499
8241,499
20665,499
17034,499
33469,499
11559,499
7136,499
6480,499
3228,499
1836,499
38153,499
21496,499
33062,499
17034,499
38047,499
37201,499
34886,499
25905,499
1805,499
10416,499
15640,499
30528,499
6670,499
15058,499
27618,499
1354,499
13893,499
4784,499
10892,499
7269,499
3414,499
38015,499
30370,499
17909,499
15210,499
724,499
30292,499
15376,499
13842,499
19277,499
23939,499
22866,499
18789,499
13010,499
28993,499
29212,499
21579,499
19104,499
4801,499
5990,499
3414,499
37296,499
3014,499
17544,499
33258,499
34753,499
24846,499
26717,499
24846,499
20800,499
26282,499
23044,499
15986,499
15432,499
8627,499
11321,499
30981,499
28814,499
11974,499
24846,499
18936,499
17031,499
34021,499
24846,499
36229,499
34827,499
1513,499
29071,499
11523,499
26893,499
12502,499
8703,499
19043,499
37982,499
6152,499
6203,499
11754,499
35438,499
27848,499
3856,499
22704,499
21200,499
20375,499
18101,499
7896,499
36089,499
35884,499
35884,499
36964,499
3418,499
18101,499
4336,499
3418,499
21200,499
29932,499
21633,499
7290,499
29397,499
17412,499
21083,499
35890,499
36618,499
27922,499
15980,499
21083,499
18739,499
37292,499
2615,499
13203,499
34284,499
18359,499
31386,499
22531,499
34943,499
4186,499
4461,499
7357,499
25665,499
4461,499
7811,499
8241,499
35277,499
13543,499
5045,499
23258,499
13085,499
15203,499
1182,499
24765,499
13606,499
25961,499
36388,499
1513,499
10615,499
8627,499
9223,499
36001,499
3418,499
31830,499
20696,499
36001,499
27482,499
29745,499
21579,499
12556,499
10181,499
31009,499
28419,499
30126,499
12556,499
30126,499
29789,499
23130,499
15772,499
28957,499
36388,499
11318,499
33352,499
11318,499
24726,499
7114,499
9424,499
5253,499
38271,499
8896,499
20451,499
21478,499
3295,499
2207,499
15594,499
3096,499
2207,499
3096,499
28659,499
10,499
29362,499
2856,499
10488,499
1395,499
10192,499
35183,499
1395,499
22788,499
10,499
10,499
33140,499
4189,499
9242,499
10863,499
10226,499
4189,499
28111,499
13589,499
2856,499
12091,499
8224,499
13686,499
31967,499
5704,499
28111,499
9822,499
11283,499
38403,499
17691,499
11283,499
17287,499
17305,499
5253,499
16571,499
9988,499
28419,499
17305,499
15772,499
36110,499
11694,499
34305,499
23655,499
17691,499
33571,499
36110,499
33571,499
23655,499
21579,499
38403,499
23655,499
25998,499
27161,499
34305,499
27161,499
4419,499
18416,499
20723,499
2587,499
20723,499
2587,499
15016,499
4829,499
22102,499
15546,499
1511,499
29465,499
21607,499
35829,499
25202,499
19141,499
35213,499
3150,499
9988,499
15189,499
29662,499
27973,499
14447,499
18416,499
1719,499
7729,499
19174,499
12340,499
17636,499
10,499
15189,499
31107,499
4160,499
7357,499
35829,499
36003,499
32218,499
17163,499
25202,499
32218,499
2220,499
1707,499
36521,499
12959,499
16514,499
8012,499
23423,499
5662,499
16837,499
7891,499
21310,499
29929,499
21697,499
29863,499
2824,499
16372,499
1252,499
2824,499
38106,499
1382,499
12243,499
6408,499
34785,499
10233,499
36948,499
1252,499
10233,499
31374,499
23371,499
38255,499
17215,499
3565,499
36546,499
10233,499
4348,499
597,499
597,499
2405,499
21579,499
7104,499
24771,499
35929,499
7104,499
22413,499
20780,499
21300,499
27973,499
21300,499
21300,499
34402,499
29662,499
33197,499
23371,499
19140,499
27023,499
18542,499
12157,499
10192,499
24649,499
31962,499
29341,499
34686,499
34686,499
928,499
4068,499
1642,499
10746,499
25796,499
25796,499
32179,499
20752,499
20752,499
29966,499
23383,499
14183,499
22753,499
19081,499
10746,499
27112,499
4960,499
13620,499
27055,499
6174,499
1692,499
26693,499
22621,499
6289,499
30210,499
17443,499
37441,499
30999,499
37441,499
26153,499
6642,499
17172,499
3168,499
23786,499
17172,499
17172,499
4374,499
28368,499
5123,499
9252,499
28368,499
5123,499
30747,499
25141,499
635,499
21143,499
3542,499
18957,499
19020,499
37594,499
19762,499
17797,499
34821,499
29393,499
6441,499
34821,499
27916,499
9758,499
27916,499
29393,499
33791,499
9758,499
23941,499
13945,499
7051,499
26463,499
28547,499
34856,499
23479,499
23682,499
21241,499
17313,499
25256,499
5452,499
31184,499
2290,499
12961,499
15930,499
11466,499
10352,499
31066,499
31811,499
24619,499
19017,499
19017,499
9076,499
11075,499
19508,499
30500,499
19508,499
30500,499
24298,141
21717,141
21995,141
33058,141
28911,141
1571,141
8864,141
15383,141
32711,141
7540,141
21216,141
8346,141
30895,141
11087,141
23398,141
33304,141
14600,141
31095,141
6617,153
2665,153
20632,153
16100,153
8528,153
22767,153
22402,153
26856,153
4001,153
5640,153
1450,153
1802,153
2263,153
3484,153
14625,153
16511,153
26060,153
34185,153
2665,153
13020,153
1935,153
18518,153
23149,153
8482,153
23923,153
23334,153
3630,153
27056,153
1695,772
23348,772
36521,772
26767,772
10978,772
20376,772
12316,772
13253,772
28722,772
37471,772
28056,772
21013,772
959,772
23074,772
33373,772
20888,772
13746,772
1866,772
33270,772
36855,772
35819,772
16832,772
947,772
16104,772
25457,117
23201,117
26758,117
22619,117
26006,117
6959,117
22969,117
22737,117
24408,117
26709,117
29508,117
22291,117
15279,117
24979,117
21315,49
30531,49
29892,49
25405,49
31817,49
17935,49
26112,49
2907,49
16284,49
26717,49
31296,49
2011,49
16307,49
30393,49
12601,49
7868,49
24871,49
6360,49
21707,49
12848,49
3646,49
3178,49
28166,49
33935,49
19382,49
13146,49
25388,49
10045,49
25069,49
1755,49
29780,49
22722,49
29927,49
18370,49
15645,49
6779,49
27766,49
20284,49
31633,49
8340,49
18235,49
7388,49
32652,49
22510,49
8293,49
14217,49
7301,49
6340,49
12827,49
26213,49
18723,49
21932,49
29225,49
8818,49
3648,49
19800,49
7167,49
11471,49
31288,49
28224,49
11510,49
6459,49
29134,49
3977,49
31640,49
25507,49
33116,49
26154,49
9766,146
3404,146
16343,146
535,146
8952,146
15181,146
206,146
3006,146
4657,146
25644,146
15900,146
2614,146
1733,146
14223,146
898,146
3395,146
16703,146
31098,146
26615,146
15442,146
5487,146
24590,146
26632,146
18607,146
11163,146
12039,146
21487,146
8322,146
24473,146
4629,146
4558,146
13314,146
14911,423
11625,423
747,423
12847,423
18573,423
20111,423
26635,423
8528,423
12395,423
28747,423
30537,423
20306,423
4714,423
1317,423
11393,423
5359,423
1099,423
18834,423
9836,423
21043,423
35622,423
20630,423
23065,423
6806,423
26010,423
16096,423
25895,423
3892,423
29199,423
37924,423
3026,423
36174,423
36174,423
2694,423
15296,423
232,423
14173,423
19361,423
6406,423
29349,423
28393,423
34744,423
8433,423
8681,423
37668,423
12871,423
25213,423
35849,423
24857,423
15819,423
23276,423
33376,423
6609,423
32435,423
7527,423
22344,423
20766,423
26498,423
32344,470
21092,470
12338,470
20537,470
20367,470
25247,470
6337,470
32769,470
2978,470
7473,470
10823,470
38200,470
37696,470
37870,470
3473,470
1150,470
7061,470
20183,470
26956,470
9966,470
1773,470
16204,470
8485,470
15404,470
29956,470
6957,470
38158,470
35741,470
11475,470
29362,470
8981,470
25799,470
36819,470
28040,470
33802,470
20796,470
16255,470
27814,470
23898,470
1802,470
25493,470
33798,470
17602,470
7835,470
5343,470
32557,470
32557,470
30159,470
28942,470
30091,470
12689,664
28964,664
6337,664
31999,664
1676,664
10731,664
3236,664
37597,664
25591,664
25285,664
27820,664
20641,664
37673,664
4789,664
7941,664
19943,664
4120,664
32295,664
31666,664
22165,664
13738,664
2011,664
12482,664
18910,664
31417,664
19449,664
9561,664
25317,664
18414,664
28782,664
17272,664
34772,664
18936,664
5456,664
28351,664
37516,664
10879,664
19255,664
310,664
27574,664
24452,664
3348,664
963,664
30614,664
37696,664
37339,664
26299,664
22354,664
25303,664
2084,664
19893,664
37225,664
15867,664
20988,664
21590,664
23716,664
22722,664
31611,664
3106,664
10658,664
2060,664
29255,664
19358,664
18091,664
36133,664
22200,664
21932,664
35816,664
18185,664
1413,664
19498,664
27010,664
36539,664
25430,664
34551,664
11510,664
29230,664
23465,664
21176,664
24960,664
7876,664
8325,664
27649,664
33161,664
2115,664
13578,664
2622,664
5567,664
2339,664
33394,664
27857,664
10528,664
25655,664
25947,664
9429,664
35872,664
18907,664
8424,664
8479,664
38580,664
19518,664
7199,664
5482,664
8643,664
8643,664
14217,664
32077,664
29307,664
18487,664
28426,664
3743,664
26418,664
6388,664
4351,384
4857,384
35248,384
33972,384
19548,384
25336,384
24188,384
13146,384
4364,384
27853,384
5487,384
1516,384
32743,384
31417,384
29818,384
36553,384
29818,384
33090,384
35371,384
37024,384
3541,384
6396,384
9909,384
35890,384
29440,384
37162,384
2173,384
22399,384
9895,384
15236,384
17403,384
25611,384
28840,384
22354,384
31139,384
34302,384
25875,384
5928,384
21140,384
26316,384
21636,384
7794,384
27865,384
3482,384
37758,384
8182,384
21137,384
38097,384
34998,384
2300,384
28161,384
30935,384
12601,384
5171,384
7582,384
5532,384
29401,384
25114,384
22481,384
5508,384
30122,384
28813,384
36921,384
27913,384
37450,384
910,384
25115,384
31397,384
7811,384
19747,384
6311,384
32759,384
25059,384
24423,384
4597,384
38117,384
3943,384
19516,384
28022,384
21258,251
16236,251
37746,251
17201,251
30705,251
36123,251
20751,251
18650,251
11708,251
18561,251
19886,251
36116,251
34409,251
20751,251
12050,251
29234,251
22971,251
29766,251
30651,251
1220,251
12850,251
19859,251
24750,251
2101,251
31099,251
16382,251
10202,251
108,251
22307,251
23536,251
22255,251
15800,251
17830,251
20717,251
8752,251
4064,251
11031,251
25283,251
10878,251
7467,251
4188,56
1126,56
5759,56
12122,56
21713,56
15363,56
6363,56
3082,56
7825,56
1295,56
26210,56
1519,56
25947,56
2364,56
25104,56
25802,56
12196,56
19623,56
9353,56
18296,56
28960,56
26113,56
31638,56
27733,56
30669,56
17843,56
24770,56
10444,56
26404,56
9885,56
30743,56
31589,56
29920,56
2649,56
25663,56
28795,56
11483,56
17747,56
9679,56
2025,56
20832,56
29451,56
8184,56
25587,56
22159,56
24010,56
29255,56
21384,56
7329,56
5105,56
4938,56
21999,56
24845,56
8221,56
1153,45
7073,45
21470,45
7473,45
18714,45
32576,45
14448,45
7891,45
28197,45
28197,45
29176,45
23360,45
24373,45
24298,45
8197,45
17674,45
15375,299
31487,299
31487,299
24067,299
37651,299
33072,299
37651,299
15375,299
16364,299
22434,299
9178,299
30565,299
9178,299
21723,299
22434,299
30565,299
21963,299
23637,299
37076,299
16509,299
21723,299
37076,299
16509,299
23622,299
1963,299
10899,299
27356,299
15752,299
10899,299
33113,299
15752,299
33113,299
16374,299
16057,299
26265,299
9363,299
34375,299
36199,299
28922,299
37602,299
32198,299
21840,299
1090,299
1090,299
22125,299
26265,299
23029,299
28762,299
28762,299
25416,299
26255,299
35367,299
16364,299
22841,299
25995,299
12998,299
23655,299
25218,299
36728,299
12998,299
21809,299
25218,299
9371,299
23029,299
21809,299
11663,299
29779,299
22309,299
14693,299
27886,299
22309,299
27886,299
36914,299
14693,299
36914,299
34110,299
16870,299
16782,685
35161,685
29010,685
17322,685
10874,685
36635,685
37622,685
36802,685
7865,685
38193,685
25856,685
36802,685
33120,685
13342,685
7865,685
7865,685
8056,685
29798,685
23734,685
30543,685
29912,685
33143,685
5456,685
37520,685
38193,685
19120,685
19120,685
25517,685
29561,685
35383,685
29337,685
26739,685
21752,685
10668,685
9518,685
4814,685
24106,685
28131,685
3143,685
5117,685
21688,685
17339,685
35916,685
34998,685
24989,685
4661,685
16186,685
16186,685
37600,685
24989,685
23141,685
5099,685
2774,685
21798,685
21576,685
16186,685
36010,685
27569,685
27658,685
33628,685
2731,685
37292,685
29930,685
35923,685
23663,685
23663,685
9048,685
24872,685
12449,685
15674,685
17140,685
6430,685
35583,685
14857,685
29310,685
31484,685
23517,685
14265,685
15919,685
8140,685
7628,685
34182,685
26992,685
38677,685
35805,685
15334,685
20093,685
13986,685
481,685
28376,685
33535,685
31382,685
33535,685
4523,685
16355,685
30012,685
16355,685
31382,685
27185,685
31775,685
34979,685
27670,685
36414,685
28235,685
91,621
37516,621
14586,621
29333,621
33401,621
35500,621
36731,621
9863,621
3544,621
18520,621
249,621
37302,621
10942,621
1666,621
17213,621
31768,621
35001,621
28710,621
11007,621
5437,621
18936,621
27649,621
12317,621
3171,621
897,621
3459,621
38229,621
12317,621
3987,621
4554,621
25981,621
6572,621
14587,621
15529,621
753,621
38200,621
17605,621
35340,621
30343,621
37820,621
37820,621
1130,621
12956,621
1294,621
21327,621
26397,621
21817,621
28833,621
31416,621
19759,621
19759,621
1221,621
13341,621
2011,621
28763,621
16229,621
29723,621
32856,621
36131,621
25418,621
35975,621
28675,621
13616,621
7032,621
31276,621
15516,621
32061,621
22418,621
24867,621
15919,621
34721,621
37894,621
14649,621
14211,621
37608,621
3883,621
34987,428
28828,428
7005,428
21746,428
22435,428
32960,428
17468,428
5212,428
27107,428
31949,428
5768,428
849,428
33265,428
30902,428
33394,428
26148,428
388,428
21224,428
37953,428
36036,428
28510,428
37034,428
27074,428
7755,428
11185,428
37174,428
38012,428
32414,428
7377,428
28116,428
23240,428
28626,428
31016,428
5608,428
34201,428
28864,428
10893,428
324,428
23839,428
22861,428
36521,428
24970,428
31710,428
32212,428
32412,428
15424,428
4963,428
3885,428
9665,428
23321,428
32427,428
32911,428
33059,428
11848,428
15913,428
24427,428
36419,428
36543,428
12451,428
13748,428
26027,428
33697,428
15244,428
37810,428
4028,428
31105,428
25848,428
5750,428
22234,742
8399,742
28247,742
36685,742
6560,742
7703,742
34889,742
29716,742
23418,742
21692,742
20048,742
19685,742
14379,742
38635,742
15735,742
32492,742
35666,742
6141,742
22791,742
21926,742
22791,742
24255,742
21926,742
6780,742
3911,306
5192,306
7016,306
33668,306
15640,306
6118,306
14340,306
37870,306
991,306
15273,306
9425,306
1729,306
18449,306
7626,306
9094,306
33007,306
7380,306
20564,306
5270,306
37034,306
33440,306
37201,306
13849,306
18750,306
843,306
27804,306
6199,306
14650,306
69,306
7835,306
1509,306
30638,306
30225,306
31410,306
19822,306
3499,306
30401,306
7811,306
5796,306
14804,306
29883,306
37298,306
20888,306
37810,306
30292,306
18366,306
2627,306
26158,306
8980,306
18443,306
33926,306
34605,306
33394,306
27953,306
1989,306
1714,306
8126,306
33685,306
7590,306
8776,611
24999,611
25900,611
35206,611
36923,611
11062,611
4509,611
28121,611
16880,611
5116,611
30065,611
495,611
4211,611
20211,611
4295,611
38102,611
10707,611
22425,611
23440,611
37372,611
6956,611
5595,611
30893,611
38136,611
28309,611
3149,611
16880,611
18724,611
10851,611
24313,611
2988,611
1449,611
18399,611
762,611
4538,611
34080,611
22180,611
3116,611
25884,611
28998,611
15907,611
16229,611
13930,611
20534,611
31770,611
34786,611
29032,611
19007,611
4897,611
6464,611
4702,611
31303,611
32163,611
22603,611
29241,611
34276,611
6948,611
18473,611
24707,611
3240,611
3638,611
33658,611
3621,611
33575,611
36999,611
144,436
22419,436
32911,436
1114,436
23240,436
38081,436
2500,436
12135,436
37236,436
34456,436
3291,436
831,436
37916,436
28371,436
24516,436
3140,436
30370,436
38008,436
13774,436
36463,436
35018,436
19820,436
37042,436
4586,436
12135,436
209,436
2295,436
36521,436
36419,436
10983,436
104,436
1974,436
34533,436
28725,436
35162,436
25848,436
36441,436
37810,436
241,436
34489,436
567,436
764,436
17982,734
31,734
47,734
9586,734
9957,734
23778,734
11075,734
2255,734
14813,734
27970,734
32989,734
33624,734
16955,734
8406,734
13577,734
37985,734
24095,734
12433,734
1986,734
1184,734
7004,734
28497,734
14233,734
27411,734
32407,734
1390,734
38158,734
1043,734
3544,734
29613,734
24484,734
16982,734
15976,734
38281,734
4717,734
2439,734
23811,734
33588,734
33440,734
34647,734
37644,734
7326,734
38132,734
12496,734
22711,734
19478,734
1064,734
1592,734
22725,734
23636,734
19853,734
7629,734
37133,734
7310,734
25975,734
32247,734
31009,734
15748,734
21481,734
38238,734
15604,734
36240,734
38517,734
37815,734
23658,734
18797,734
21503,734
31479,734
14631,734
24059,734
30394,734
31663,734
22552,734
30225,734
24986,734
36622,734
13774,734
33824,734
12877,734
35292,734
37034,734
22918,734
7811,734
28725,734
18986,734
38458,734
28043,734
26610,734
35239,734
28739,734
36040,734
7493,734
37921,734
28621,734
34665,734
31662,734
38418,734
26498,734
27658,734
30400,734
34276,734
25955,734
21194,734
29222,734
28374,734
32544,734
7970,734
17413,734
29552,734
29552,734
16375,734
34906,734
8250,734
8250,734
28377,734
13690,734
21720,734
35882,734
30357,734
36406,734
29445,734
19075,734
15334,734
37939,734
31941,734
37946,734
37931,734
26699,734
14424,734
11179,734
25255,734
22795,525
24451,525
33067,525
17436,525
9058,525
26496,525
8520,525
28781,525
11152,525
12502,525
30768,525
35212,525
8956,525
15615,525
32210,525
20111,525
25118,525
29928,525
36862,525
12781,525
18036,525
188,525
3526,525
33265,525
30015,525
1740,525
35156,525
32210,525
6138,525
6196,525
17539,525
31800,525
23389,525
23231,525
23350,525
38007,525
37696,525
15084,525
35269,525
17398,525
23320,525
9766,525
30009,525
25760,525
8048,525
12722,525
35702,525
8013,525
16407,525
9440,525
38067,525
4509,525
8202,525
36820,525
7300,525
4605,525
37230,525
29863,525
17398,525
7498,525
34201,525
8048,525
31205,525
38106,525
20509,525
1602,525
13918,525
24029,525
19678,525
23323,525
14589,525
16712,525
32863,525
33545,525
4402,525
25341,525
3980,525
2159,525
2159,525
3980,525
38356,525
38180,525
38356,525
36880,525
26289,525
2135,525
21568,525
9899,525
29834,525
23323,525
14008,525
19301,525
5515,525
27754,525
19301,525
25341,525
5530,525
5515,525
16891,525
32863,525
38500,525
33331,525
1658,607
223,607
13768,607
21754,607
31306,607
7393,607
6209,607
25884,607
31552,607
19788,607
34698,607
9689,607
17435,607
8413,607
6796,607
7693,607
29260,607
11327,607
6789,607
18798,607
1141,607
20556,607
32377,607
16598,607
2243,607
9866,607
4109,607
28281,607
31427,607
30294,607
26399,607
10715,607
1764,607
29413,607
19513,607
18129,607
2601,607
3536,607
7180,607
30328,607
2254,607
16172,607
1396,607
12230,607
15786,607
23501,607
34577,607
37372,607
38604,607
5111,607
3172,607
25088,607
8193,607
38372,607
5952,607
19351,607
31156,323
31960,323
37347,323
19837,323
25821,323
36268,323
37678,323
28683,323
12607,323
36905,323
37893,323
31049,323
31049,323
36268,323
36268,323
36268,323
34390,323
15219,323
36268,323
37834,323
36268,323
25629,323
25629,323
22064,323
36268,323
36268,323
28683,323
12607,323
31506,323
27938,323
36268,323
20745,729
8807,729
27879,729
5519,729
3894,729
26155,729
27918,729
7798,729
15821,729
37310,729
2591,729
14343,729
3097,729
21256,729
7363,729
9627,729
3548,729
38686,729
23824,729
16305,729
6928,729
11499,729
17641,729
19211,729
28274,729
24600,729
3499,729
2430,729
25168,729
38423,729
20174,729
38548,729
28093,729
25028,729
15789,729
6652,729
32730,729
17850,729
34841,729
38721,729
24310,729
13749,729
36198,729
13000,729
31625,729
33536,729
2568,729
19723,729
30507,729
19019,729
13000,729
19019,729
13418,729
15159,729
11783,729
37102,729
9669,729
8835,729
28208,729
14947,729
34208,729
20049,729
5182,729
21631,729
15692,729
9691,729
25887,729
16449,729
4758,729
11613,729
6452,729
4309,729
23725,729
14439,729
28853,729
9329,729
13663,729
17670,729
16916,729
18732,729
35471,729
30091,729
17897,729
25531,729
34047,729
31316,729
30260,729
37557,729
9317,729
5742,729
16267,7
16281,7
16707,7
4137,7
3551,7
2893,7
9342,7
23438,7
3570,7
2960,7
2768,7
2795,7
14319,7
14319,7
2795,7
12102,7
2960,7
2960,7
16111,7
16064,7
16064,7
16111,7
11249,7
4304,7
7266,7
16899,7
16066,7
24892,7
15754,7
4926,7
3310,7
13825,7
10357,7
13617,7
17059,7
19633,7
19307,7
21088,7
4157,7
27008,7
21506,7
4732,7
6552,7
15242,7
25984,7
26363,7
26946,7
6693,7
24638,7
13060,7
12140,7
17986,7
27878,7
16116,7
8334,7
15680,7
9913,7
15341,7
21873,7
23378,7
19953,7
23012,7
17263,7
8741,7
12394,7
19479,7
22060,7
16582,7
20142,7
17841,7
26059,7
9122,7
19738,7
20581,7
18600,7
5720,7
19145,7
14364,7
14490,7
4877,7
19274,7
21533,7
25868,7
11952,7
29727,7
17408,7
20253,7
7827,7
11613,7
9110,7
18557,7
21750,7
21750,7
3523,7
21544,7
19928,7
27485,7
22041,7
22261,7
23194,7
24143,7
29598,7
16361,7
9889,7
12641,7
25817,7
17715,7
29253,7
15286,7
29253,7
12369,7
22960,7
22960,7
24734,7
3707,7
3707,7
5945,7
26476,7
17327,7
20467,7
11902,726
19300,726
11245,726
7437,726
16311,726
11757,726
16849,726
36761,726
29209,726
17380,726
23615,726
27213,726
16158,726
34961,726
17667,726
16383,726
25975,726
11902,726
3034,726
28098,726
9395,726
23374,726
19280,726
12550,726
12264,726
35459,726
10094,726
32345,726
37904,726
13147,726
14763,726
2488,726
26868,726
1361,726
16796,726
35253,726
35253,726
36749,726
35219,726
4128,726
19762,726
10139,726
37281,726
12734,726
11729,726
13973,726
36187,726
12470,726
37165,726
31072,726
14318,726
32043,726
34770,726
25102,726
18199,726
35438,726
34334,726
34770,726
17408,726
4969,726
16161,726
36653,726
30519,726
12905,726
29418,726
12375,726
29468,726
34953,726
21037,726
16317,726
18815,726
7494,726
33665,726
16139,726
10007,726
19930,726
20843,726
17986,726
10007,726
25687,726
862,726
30591,726
10853,726
12899,726
21261,726
29910,726
24702,726
12104,726
16722,726
7494,726
12306,726
19085,726
17797,726
5728,726
27613,726
13042,726
22544,726
35368,726
12290,726
10981,726
30564,726
3344,726
20535,726
24046,726
14782,726
13445,726
18826,726
19020,726
26770,726
29720,726
24858,726
32880,726
11172,726
32091,726
33267,726
7376,726
10420,726
33267,726
16410,726
23438,726
7376,726
10420,726
7855,726
23045,726
7378,726
25259,726
20138,726
15127,726
17457,726
720,726
13086,726
24134,726
12684,726
23763,726
29271,726
12683,726
14576,726
27629,726
9514,726
33655,726
13261,726
29686,726
29686,726
18858,726
18670,726
5073,726
18559,726
10347,726
31541,726
23266,726
28248,726
12916,726
25007,726
33655,726
17895,726
10507,726
20640,726
31541,726
17471,726
7291,726
24620,726
37747,726
32204,726
32998,726
18876,726
25790,726
8582,726
2617,726
16246,726
22476,726
21659,726
23049,726
30382,726
14112,726
16917,726
37716,726
29239,726
24866,726
28079,726
15663,726
18932,726
11079,726
26476,726
16273,726
16068,726
20788,726
11221,726
8071,726
8458,726
23097,726
32746,726
29271,726
32746,726
29929,726
23160,726
23160,726
4877,726
18151,726
36304,726
17993,726
17059,726
22593,726
30833,726
20688,726
22864,726
19547,726
28970,726
33199,432
22830,432
24417,432
9660,432
4460,432
36395,432
29599,432
13585,432
490,432
21668,432
28065,432
15030,432
35369,432
23216,432
12138,432
10782,432
28684,432
29095,432
37034,432
15675,432
38153,432
11602,432
24188,432
31061,432
7976,432
4561,432
16721,432
25962,432
16688,432
3140,432
14270,432
11922,432
31525,432
25123,432
35243,432
4986,432
15587,432
2756,432
36463,432
8522,432
8345,432
2116,432
16013,432
25848,432
33697,432
32886,432
28107,432
7186,432
23348,190
29716,190
135,190
8728,190
31206,190
11932,190
17608,190
37391,190
2230,190
34543,190
16215,190
27882,190
5634,190
16658,190
17085,190
12051,190
14267,190
16608,190
17498,190
34000,190
17563,190
30943,190
16745,190
10880,190
14238,190
29288,190
32980,190
2622,190
11143,190
27800,190
10342,190
13467,190
15547,190
26167,190
15504,190
37416,190
29987,190
11271,190
16817,190
9602,190
36437,190
34730,190
18586,190
21049,190
33988,190
185,190
34173,190
28890,190
29138,190
35987,190
26999,190
19392,190
21087,190
17741,190
18487,190
21463,190
15918,190
23370,190
17885,190
7142,190
37133,190
16569,190
34534,190
35432,190
19315,190
1072,190
1072,190
37626,358
17671,358
20597,358
13401,358
1791,358
36513,358
37561,358
21139,358
21886,358
10967,358
31801,358
1051,358
824,358
8036,358
33286,358
26559,358
4686,358
6632,358
10848,358
24024,358
36348,358
7106,358
22832,358
14275,358
7106,358
5884,358
1801,358
5635,358
36513,358
33442,358
4235,358
33442,358
7377,358
36513,358
36513,358
4235,358
18009,358
7864,358
354,358
26858,358
254,503
2108,503
151,503
15883,503
30000,503
2725,503
364,503
274,503
23239,503
23239,503
19904,503
314,503
14034,503
30000,503
1350,503
13402,503
14034,503
1350,503
14034,503
14034,503
24289,503
14034,503
2638,503
6113,503
6315,503
1350,503
18423,503
18423,503
2638,503
6804,503
6804,503
15883,503
13402,503
26075,462
18555,462
34879,462
10896,462
6634,462
1859,462
9982,462
7748,462
31689,462
15879,462
10896,462
24767,462
26933,462
22197,462
24258,462
11582,462
13850,462
2429,462
20924,462
8928,462
23081,462
12062,462
25986,462
27775,462
23427,462
27645,462
20422,462
19480,462
26064,462
10761,462
19738,462
26075,462
28476,462
29022,462
2976,462
19128,462
23989,462
23989,462
24122,462
5462,462
32175,462
24975,462
36211,462
32203,462
29022,462
6955,462
15206,462
16778,462
9818,462
3061,462
21059,462
19310,462
32203,462
26853,462
24745,462
30655,462
24431,462
24431,462
28481,462
25231,462
30015,462
7123,462
19786,462
19667,462
22630,462
22630,462
36887,462
21650,462
16315,462
36270,462
21429,462
26989,462
11927,462
17417,462
35817,462
19512,462
6427,462
23081,462
12711,462
23696,462
33907,462
9252,462
27685,462
29816,462
25895,462
30368,462
7263,462
18555,462
24352,462
13659,462
34133,462
10004,462
23516,462
3425,462
26808,462
21267,462
3128,3
9467,3
12873,3
12535,3
3039,3
2949,3
4169,3
13321,3
4533,3
8873,3
11976,3
13151,3
2088,3
2857,3
18237,95
21968,95
19373,95
7074,95
34057,95
34254,95
17831,95
32625,95
30852,95
28772,95
30929,95
2901,95
12639,95
23758,95
21972,95
11647,95
13345,95
25121,95
31343,95
24111,95
27310,95
17927,95
33830,95
11556,95
10674,95
16533,95
12603,95
2199,272
5616,272
33393,272
6996,272
10316,272
5966,272
4006,272
7040,272
7076,272
17096,272
9153,272
16612,272
23560,272
21707,272
25421,272
1407,272
930,272
2574,272
28870,272
28026,272
5669,272
3768,272
4182,272
29632,272
9855,272
11543,272
21534,272
33296,272
17524,272
35947,272
22156,272
12793,272
15442,272
14649,272
34721,272
32276,272
26692,272
29168,272
1891,272
11275,272
37786,272
7078,272
7746,272
3143,272
5658,272
28943,272
32741,272
33406,272
35966,272
952,272
33406,272
4785,272
18236,272
8664,272
37440,272
35577,272
32807,272
35966,272
13146,272
17350,272
6539,272
13516,272
4394,272
1346,272
4493,272
2381,272
22763,272
18000,272
15464,272
29831,272
24364,272
27431,272
25244,272
8233,272
28099,272
37304,272
26706,272
22391,272
29274,272
9676,272
34777,272
8074,272
2953,272
29820,272
9573,272
36924,272
18784,272
31011,272
25315,272
30679,272
35509,272
21734,272
18693,272
25345,272
26173,272
13234,272
4506,272
25834,272
26897,272
33023,272
36030,272
1583,272
31745,272
17394,272
28813,272
31145,272
32618,272
35315,272
5712,272
4996,272
25551,272
17752,272
11545,272
25070,272
20628,272
37501,272
34019,272
4846,272
34201,272
8600,272
27800,272
31232,272
35671,272
36802,272
21489,272
29228,272
32232,272
4608,272
27409,272
28349,272
31232,272
29526,272
1746,272
8314,272
25739,272
15042,272
33477,272
1129,272
33477,272
23588,272
18296,272
3475,272
11494,272
36343,272
3074,272
25285,272
25240,272
26427,272
18496,272
30033,272
13090,272
3949,272
21724,272
29975,272
1468,272
13943,272
16071,272
34488,272
29012,272
14211,272
30592,272
11195,272
15828,272
5072,272
33401,272
35345,272
17162,272
32743,272
24105,272
5139,272
5925,272
10934,272
20088,272
27511,272
29807,272
35788,272
35771,272
8897,272
1033,272
6123,272
15644,272
12260,272
6885,272
2092,272
30385,272
35019,272
25431,272
19086,272
37490,272
22463,272
4525,272
35307,272
33466,272
2156,272
13273,272
26576,272
3157,272
37038,272
9480,272
33467,272
1869,272
36076,272
36306,272
31861,272
36947,272
4364,272
14499,272
24658,272
36947,272
7844,272
14469,272
34122,272
34122,272
20469,272
11562,272
2105,272
6153,272
25545,272
32855,272
29451,272
6256,272
34977,272
35882,272
29278,272
19446,272
25432,272
14799,272
9521,272
4915,272
37401,272
19808,272
23221,272
7794,272
18235,272
23866,272
31097,272
9400,272
25574,272
12574,272
31667,272
21031,272
30841,272
13734,272
28592,272
22488,272
24215,272
788,272
24398,272
25059,272
23363,272
33805,272
24106,272
21521,272
1492,272
22829,272
25790,132
18913,132
30920,132
30920,132
17661,132
31298,132
29903,132
24521,132
30611,132
25547,132
26121,132
31665,132
32440,132
15693,132
9978,132
27030,32
21150,32
27788,32
19936,32
30851,32
29626,32
19912,32
10566,32
19246,32
6892,32
13247,32
25390,32
27027,32
30240,32
32287,32
19236,32
15650,32
654,32
9964,32
18689,32
10399,32
17370,32
1054,32
22739,32
31347,32
30072,32
29799,32
8756,32
2224,32
33203,32
8666,32
8756,32
10255,32
23929,32
8756,32
10255,32
19968,32
27143,32
30104,32
8572,32
8108,32
20295,32
3200,32
11186,32
18079,32
16032,32
8527,32
17919,32
8242,32
12189,32
16300,451
16541,451
3548,451
28043,451
12505,451
6559,451
3171,451
11890,451
31851,451
8828,451
27641,451
34599,451
27602,451
18005,451
20999,451
19240,451
12439,451
20558,451
12799,451
16982,451
10954,451
37237,451
18478,451
31432,451
1302,451
1290,451
5818,451
8066,451
18054,451
8015,451
38153,451
13699,451
16827,451
35291,451
37915,451
20564,451
36034,451
29209,451
28084,451
35882,451
30330,451
9946,451
25656,451
33637,451
36979,451
10307,451
31229,451
30225,451
18589,451
33394,451
12934,451
7288,451
26511,451
32108,451
15574,451
35633,451
15248,451
25181,451
27445,451
24623,451
27419,451
2467,451
11185,451
30294,451
37478,451
1107,451
23632,451
32836,451
27960,451
34987,451
37483,451
36798,451
30624,451
26400,451
25179,451
30528,451
26610,451
35340,451
25186,451
17946,451
26582,451
24598,451
13991,451
32022,451
37810,451
18443,451
21293,451
2483,451
10905,451
30739,451
16622,451
28968,451
22738,451
37626,375
15565,375
22326,375
4293,375
35290,375
16704,375
16828,375
30097,375
33181,375
17675,375
12846,375
18170,375
1075,375
7154,375
24427,375
17333,375
8508,375
7119,375
12304,375
4919,375
749,375
34320,375
36565,375
2736,375
15501,375
36348,375
30769,375
12542,375
19664,375
19114,375
30769,375
749,375
30552,375
8497,375
8313,375
32738,375
10687,375
2568,375
26737,375
20968,375
9288,375
7142,375
27216,375
10286,375
20111,375
38271,375
15766,375
38271,375
20282,375
15026,375
27261,375
10687,375
19066,375
35207,333
12917,333
20111,333
8718,333
6263,333
19602,333
32714,333
28629,333
33788,333
8191,333
27338,333
15950,333
20367,333
18467,333
36952,333
25601,333
9314,333
16982,333
8030,333
4778,333
6460,333
21728,333
19459,333
38264,333
5967,333
8849,333
15545,333
32621,333
34315,333
32453,333
3473,333
34921,333
37761,333
33988,333
8659,333
37806,333
9386,333
20682,333
11619,333
5006,333
9444,333
20145,333
19653,333
10342,333
32432,333
26091,333
27406,333
16425,333
31812,333
5196,333
17720,333
25809,333
2982,333
15219,333
4535,333
37637,333
9901,333
35778,333
18476,333
37082,333
9485,333
32899,333
11546,333
5350,333
5106,333
37058,333
24872,333
6280,333
6280,333
34884,333
8045,333
16356,333
5633,333
3796,333
30787,410
13813,410
30555,410
16974,410
17772,410
13033,410
18247,410
3016,410
32149,410
27269,410
13033,410
10986,410
16483,410
7400,410
9895,410
25422,410
19321,410
3475,410
14356,410
30354,410
29968,410
26366,410
36322,410
17772,410
21047,410
29678,410
29678,410
35976,410
7400,410
31520,365
10906,365
14638,365
27804,365
16709,365
1827,365
37806,365
37201,365
22282,365
32223,365
14967,365
5309,365
10769,365
10949,365
3348,365
12628,365
33894,365
3574,365
35809,365
33894,365
34485,365
34871,365
32915,365
37865,365
22074,365
28420,365
10161,365
13458,365
15065,365
1107,365
26320,365
4074,365
20367,365
37478,365
35882,365
21035,365
3879,365
29969,365
14920,365
7811,365
18443,365
2411,365
3446,365
17841,484
16932,484
16391,484
14054,484
274,484
2794,484
19179,484
36791,484
2031,484
19141,484
25373,484
3081,484
36170,484
5289,484
20724,484
38448,484
23009,484
23009,484
10664,484
19114,484
22219,484
31257,484
19474,134
32764,134
30611,134
22126,134
7394,134
20363,134
29903,134
16481,134
3900,134
22500,134
28698,134
29376,134
27291,134
16685,134
12777,134
20846,134
10760,134
8849,134
25075,134
17687,134
24389,134
22218,134
28570,134
7427,22
1231,22
16642,22
395,22
20587,22
6339,22
781,22
26674,22
22472,22
19682,22
6395,22
15312,22
11363,22
9898,22
16805,22
11735,22
17950,22
23166,22
24699,22
24699,22
327,22
4849,22
38221,677
35111,677
8587,677
16495,677
16318,677
16604,677
6605,677
7174,677
5535,677
14310,677
21754,677
545,677
21576,677
12560,677
19125,677
17807,677
9437,677
19562,677
25391,677
18540,677
22602,677
31750,677
4405,677
36734,677
15162,677
36783,677
36026,677
33776,677
6827,677
15099,677
38226,677
6817,677
20176,677
29287,677
22486,677
26930,677
26487,677
5031,677
5031,677
26195,677
24715,677
3889,677
35595,677
24527,677
37997,677
29961,677
35762,697
27,697
626,697
6597,697
14306,697
15301,697
16485,697
10457,697
3225,697
12354,697
5210,697
4281,697
16485,697
36484,697
34628,697
36885,697
9409,697
15847,697
2099,697
35762,697
20504,697
29284,697
36484,697
2727,697
6466,697
22467,697
13836,697
30039,697
6955,697
24364,697
32679,274
141,274
8097,274
4617,274
15870,274
25420,274
6319,274
30933,274
25345,274
8625,274
22159,274
27215,274
34608,274
2809,274
1219,274
35345,274
37853,274
9516,274
1886,274
24817,274
23502,274
24817,274
37853,274
17804,274
1901,274
9895,274
22911,274
33297,274
8208,274
28228,274
32207,274
8208,274
27033,274
32016,274
2536,274
6539,274
22458,274
29495,274
27010,274
26554,274
3815,274
34564,274
30669,274
18235,274
31414,274
3074,274
18310,274
28095,274
31054,274
21340,274
25297,274
35554,274
14311,274
20683,274
25313,274
22521,274
28889,274
9941,274
7565,274
28767,274
3541,274
15049,274
23755,274
32359,274
22001,274
37877,274
7268,274
33063,274
29997,274
32862,274
18414,274
27517,274
31733,274
2319,274
7221,274
8866,274
29381,274
18318,274
33381,274
33381,274
23368,590
2336,590
34556,590
20901,590
3657,590
36249,590
11781,590
24058,590
29395,590
9463,590
15787,590
32288,590
9465,590
8452,590
6464,590
9185,590
10985,590
22792,590
11730,590
37071,590
23067,590
29200,590
14472,590
5080,590
28123,590
36534,590
36040,590
17497,590
27176,590
17745,590
30517,590
25876,590
4334,590
19654,590
34456,590
25904,590
6863,590
9847,590
27901,590
13556,590
29503,590
2013,590
13381,590
18976,590
13754,590
7007,590
14818,590
8589,590
30211,590
26772,590
37546,590
9959,590
8257,590
16949,590
23789,590
21175,590
19634,590
9041,590
32779,590
33274,590
37749,590
26371,590
22329,590
16983,590
32430,590
28725,590
7279,590
26664,8
20930,8
16778,8
18491,8
21873,8
16626,8
19914,8
19890,8
19553,8
25795,8
25683,8
8489,8
21785,8
10039,8
10863,8
30485,8
25795,8
21890,8
15686,8
6932,8
18667,8
5866,8
23378,8
7244,8
19887,8
17715,8
16434,8
16083,8
7037,8
28335,8
21960,8
21470,8
24868,8
23821,8
21512,8
22891,8
18397,8
20742,8
19842,8
20742,8
19842,8
10704,8
21846,8
21846,8
13011,8
22404,8
18863,8
18863,8
3630,8
27290,8
27213,8
12947,8
25216,8
10139,8
10506,8
2054,8
26698,8
26698,8
2946,8
17667,8
21902,8
14123,8
34708,652
8406,652
7535,652
9564,652
15952,652
37283,652
31907,652
31333,652
11082,652
28039,652
9299,652
13718,652
17210,652
15967,652
14180,652
38462,652
5456,652
22213,652
28361,652
7012,652
9762,652
11078,652
10973,652
22401,652
3732,652
30445,652
29411,652
36071,652
14404,652
37414,652
36184,652
8287,652
25621,652
33264,652
18221,652
37795,652
29603,652
8974,652
20637,652
16697,652
28136,652
34316,652
26436,652
35435,652
17147,652
6284,652
31289,652
36642,652
21901,652
32094,652
38339,652
32094,652
15644,652
16034,652
36358,652
19530,652
11937,652
5858,652
31646,652
38134,652
27091,652
27091,652
16326,652
32753,652
23509,652
21122,652
14688,652
17072,652
37268,652
12601,652
26692,652
33467,652
31484,652
21384,652
3458,652
4846,652
14265,652
15821,652
14917,652
7970,652
22418,652
22418,652
28398,652
37464,652
37366,652
37366,652
28398,652
22558,652
16078,652
32998,652
21724,652
19857,652
12848,652
36592,652
38285,652
34245,652
31326,652
1557,652
29012,652
29399,652
4636,652
5072,652
36606,652
31142,652
7316,652
14532,652
29161,652
24612,652
27649,652
15963,652
5038,652
5958,652
37823,652
24507,652
12403,652
33323,652
22399,652
2063,652
28943,652
7676,652
10669,652
33509,652
19705,652
14997,652
18849,652
24606,652
26769,652
21340,652
10732,652
7676,652
17204,652
20969,652
17204,652
25097,652
8424,652
36211,652
38475,652
31139,652
37418,652
33832,652
963,652
33832,652
29564,652
19382,652
22939,652
34172,652
24606,652
30394,652
32886,652
29225,652
37522,652
29051,652
2232,652
34358,652
4913,652
13293,652
35125,652
14022,652
28398,652
21949,652
32092,652
25739,652
34392,652
8986,652
38259,652
25430,652
27703,652
27703,652
36666,652
14857,652
36666,652
13390,652
5288,652
22317,652
9116,652
30853,652
20628,652
29154,652
23187,652
1034,652
25977,652
37470,652
5579,652
13649,652
35030,652
24209,652
29997,652
9568,652
34765,652
25606,652
38280,652
15080,652
10434,652
28763,652
20635,652
10742,652
36597,652
8784,652
5367,652
4622,652
1388,652
35730,652
19870,652
37595,652
31008,652
22428,652
37507,652
28349,652
7582,652
9808,652
34515,652
38428,652
31887,652
18015,652
11645,652
8314,652
19266,652
15743,652
28566,652
35307,652
33878,652
17925,652
15743,652
6046,652
13875,652
33084,652
38132,652
24119,652
11405,652
22550,652
28119,652
10623,652
7628,652
14098,652
36996,652
26913,652
2508,652
12555,652
31055,652
8806,652
26956,652
19582,652
27704,652
8386,652
37038,652
22156,652
6256,652
28803,652
36922,652
19975,652
10361,652
28040,652
26554,652
32618,652
12889,652
10295,652
13817,652
8797,652
7532,652
12647,652
12426,652
18912,652
37329,652
21186,652
34307,652
22339,652
11414,652
37466,652
7179,652
38026,652
21628,652
26237,652
23040,652
35571,652
25050,652
21413,652
28775,652
32767,652
4630,652
21218,652
4364,652
36405,652
2158,652
23788,652
36252,652
36252,652
25206,497
9200,497
15726,497
6011,497
35877,497
26255,497
1810,497
19129,497
17310,497
33777,632
22917,632
18520,632
20741,632
15962,632
36863,632
18593,632
3988,632
2137,632
17076,632
3363,632
23854,632
19006,632
12040,632
20188,632
11148,632
11014,632
27076,632
11014,632
6863,632
1758,632
10673,632
27264,632
9866,632
6554,632
6666,632
5097,632
34760,632
29104,632
33777,632
28778,632
4435,632
10570,632
9312,632
36808,632
13896,632
30616,632
23094,632
27208,632
23546,632
11485,632
12920,632
9286,632
5927,632
20465,632
13501,632
27088,632
38624,632
6400,632
35586,632
4246,632
34487,632
10854,632
24040,632
34932,632
22325,632
14525,632
1449,632
5546,632
4447,632
35318,632
35615,632
13822,632
38137,632
6559,305
2478,305
25906,305
29209,305
12520,305
35019,305
1666,305
7151,305
268,305
3021,305
2391,305
806,305
21490,305
148,305
12853,305
724,305
21479,305
2413,305
37061,305
6161,305
20117,305
13240,305
13556,305
1884,305
25578,305
22151,305
13935,305
27257,305
28309,305
4818,305
10955,305
8852,305
4107,305
38065,305
5029,305
8410,305
6979,305
19757,305
28019,305
37544,305
6076,305
35605,305
21028,305
3342,305
12759,305
7659,305
22245,305
36759,305
976,305
843,305
1872,305
15153,305
3340,305
35797,305
4558,305
37870,305
28065,305
18567,305
33007,305
18602,305
1236,305
15640,305
28449,305
27386,305
3017,305
20564,305
34029,305
32500,305
13696,305
14221,305
22199,305
12744,305
5554,305
37034,305
8479,305
18750,305
2734,305
7145,305
15805,305
19779,305
35502,305
26544,305
33298,305
33668,305
23893,305
22664,305
22526,305
26571,305
8547,305
28956,305
20473,305
7383,305
21490,305
2087,305
1107,305
30225,305
11011,305
36462,305
2467,305
30638,305
11818,305
29048,305
7811,305
22068,305
34063,305
37298,305
4513,305
37810,305
29403,305
29012,305
18443,305
36521,305
36964,305
1050,305
9014,305
29012,305
34226,305
30159,305
13151,305
20321,409
37478,409
5867,409
2348,409
1516,409
38190,409
26190,409
22156,409
9369,409
36605,409
23747,409
31133,409
25517,409
10716,409
10716,409
3772,409
19382,409
3818,409
15870,409
29975,409
3818,409
13817,409
34393,409
33386,409
36264,409
25587,409
28454,409
32382,409
8227,409
37216,409
12404,409
11281,409
37366,409
26910,409
11078,409
35677,409
5588,409
38360,409
22181,409
28500,409
23788,409
24720,409
37795,409
36921,409
24596,409
26366,409
36921,409
29968,409
29968,409
6859,409
9255,409
30716,409
5783,409
14404,409
37886,409
36386,409
36071,409
33297,409
36623,409
22685,409
37300,409
11887,409
22216,409
22216,409
36623,409
36071,409
36623,409
10675,409
35976,409
5752,409
9351,409
22709,409
17272,409
13036,409
1979,409
1979,409
34263,409
8597,409
29432,409
12070,409
8511,409
8503,409
15501,409
9351,409
35147,409
14443,409
8597,409
8503,409
17272,409
17272,409
15639,409
14443,409
25517,409
17501,409
35068,409
17876,409
15540,409
33312,409
37934,409
35009,409
35009,409
37044,409
24809,409
12830,409
15348,614
6337,614
22950,614
24839,614
7409,614
1886,614
12525,614
25884,614
14814,614
28160,614
16220,614
15330,614
19232,614
8826,614
31853,614
8358,614
30810,614
8086,614
18235,614
15896,614
7187,614
34470,614
6692,614
4143,614
36961,614
37317,614
18651,614
18753,614
23442,614
31328,614
18264,614
6156,614
20934,614
20623,614
13366,614
30422,614
249,614
6265,614
19021,614
20604,614
38345,614
24651,614
9190,614
15858,614
13391,614
35605,614
36663,614
14241,614
12796,614
16089,614
24429,614
12421,614
5636,614
24717,614
17076,614
3939,614
36255,614
10299,614
25945,614
1435,614
1081,614
11723,614
21845,614
24801,614
33694,614
2508,614
28141,614
15359,614
610,614
33418,614
22561,614
3834,614
4673,614
25499,614
3510,614
38455,614
6607,614
1121,614
20741,614
19405,614
3890,614
34628,614
1023,614
12876,614
38306,614
1546,614
10488,614
20452,614
15931,614
4279,614
38266,614
8041,614
25187,614
11477,614
30600,614
2873,614
5901,614
18952,614
15476,614
658,614
27941,614
6163,614
9114,614
8723,614
20390,614
16231,614
16900,614
14365,614
3240,614
21712,614
22786,614
22823,614
8260,614
37969,614
31768,614
24562,614
25117,614
37312,614
34426,614
35733,614
36582,614
32524,614
5856,614
32374,614
1973,614
1354,614
17561,614
4590,614
24257,614
15208,614
18285,614
14988,614
29918,614
25404,614
29545,614
37574,614
29266,614
33029,614
9043,614
14744,614
18634,614
32667,614
13896,614
2392,614
11645,614
27713,614
15588,614
31572,614
25736,614
23776,614
14745,614
13613,614
12754,614
19064,614
27046,614
35421,614
21817,614
20092,614
34578,614
11633,614
34237,614
37238,614
26685,614
30373,614
17941,614
3976,614
2524,614
17319,614
37308,614
1086,614
399,614
10807,614
15614,614
18836,614
37429,614
23870,614
15314,614
6080,614
15724,614
17864,614
21667,614
28349,614
29690,614
35318,614
13854,614
14601,614
4913,614
22085,614
6607,614
21442,367
29778,367
11171,367
37822,367
28141,367
37756,367
18752,367
23645,367
37565,367
15272,367
18352,367
20525,367
22764,367
32224,367
15376,367
30526,367
18580,367
11675,367
1740,367
9890,367
32262,367
13420,367
20050,367
20649,367
2749,367
33699,367
2511,367
34485,367
28684,367
32036,367
24676,367
6127,367
26908,367
37350,367
14110,367
29860,367
25031,367
37667,367
12216,367
8279,367
6774,367
15454,367
18479,367
9811,367
17589,367
27960,367
11530,367
18054,367
29090,367
37907,367
5646,367
11049,367
22619,367
34952,367
5680,367
32649,367
16638,367
19733,367
38106,367
25692,367
15460,367
3699,367
24579,367
23976,367
20824,367
14199,367
32347,367
36089,367
2265,367
25237,367
4612,367
33396,367
14893,367
17648,367
35092,367
35092,367
29939,367
16777,367
15719,367
17707,367
20600,367
12421,367
35303,367
21373,367
11927,367
25173,367
37503,367
13720,367
19124,367
14742,367
5017,367
10098,367
34228,367
24840,367
13128,367
17814,459
36262,459
31505,459
14680,459
35550,459
8952,459
3350,459
4199,459
18401,459
20025,459
11865,459
15932,459
11443,459
10564,459
33607,459
34365,459
15055,459
14660,459
868,459
28987,459
3209,459
10564,459
10564,459
25411,459
32556,459
25686,459
12127,459
26985,459
4487,459
7789,459
20251,459
30260,459
37155,459
10042,459
27440,459
15170,459
37460,459
23693,459
986,459
31233,459
8846,459
12852,459
4617,264
21442,264
6337,264
20051,264
18849,264
1226,264
22389,264
32900,264
17403,264
25745,264
10754,264
16769,264
11171,264
27896,264
17204,264
481,264
37182,264
22610,264
25170,264
37159,264
14721,264
595,264
27733,264
33988,264
36319,264
8707,264
22006,264
595,264
35146,264
20516,264
19975,264
30194,264
21292,264
10011,264
1372,264
29581,264
24188,264
16003,264
19517,264
6391,264
13457,264
8035,264
28939,264
32900,264
10668,264
15048,264
32900,264
12859,264
31563,264
20639,264
12370,264
15056,264
2130,264
12859,264
16803,264
17589,264
5820,264
5820,264
21140,264
28578,264
16803,264
2130,264
4752,264
14562,264
4913,264
35566,264
25080,264
28522,264
34565,264
23344,264
10659,264
3578,264
17106,264
35352,264
4818,264
19517,264
22510,264
25068,264
29344,264
35845,264
8874,264
37040,264
7304,264
19490,264
8882,264
28294,264
27258,264
16207,264
17106,264
16207,264
15569,264
21628,264
29252,264
33401,264
22022,264
28792,264
3944,264
30652,264
12042,264
4923,264
31999,264
26173,264
28273,264
15842,264
33965,264
26993,264
17077,264
28033,264
3539,264
33235,264
36947,264
32917,264
27512,264
31388,264
35406,264
30881,264
14401,264
4559,264
11752,264
9763,264
18228,264
33214,264
33214,264
10944,264
788,264
36417,264
29914,264
34159,264
24696,264
32851,264
6179,264
3120,264
25104,264
37392,264
33295,264
34916,264
15236,264
32584,264
37030,264
35631,264
33295,264
18310,264
32584,264
22158,264
22260,264
5729,264
34201,264
22001,264
30556,264
26436,264
35412,264
20310,264
20310,264
20958,264
26051,264
31870,264
35487,264
22092,264
17389,264
7939,264
28414,264
35867,264
23178,264
30548,264
36168,264
28306,264
20551,264
24916,264
26270,264
33670,264
20018,264
25389,264
2390,264
6969,264
36445,264
7927,264
36378,264
24060,264
23640,264
37548,264
26843,264
31768,264
23837,264
7008,264
11114,264
34607,264
27195,264
31827,264
35008,264
7839,264
8035,264
22657,264
27517,264
9849,264
10971,264
34488,264
37595,264
28349,264
30421,264
28937,264
2574,264
15937,264
37490,264
37626,373
4155,373
31963,373
17026,373
7946,373
5545,373
6089,373
8595,373
10487,373
2233,373
10252,373
38048,373
826,373
413,373
22686,373
12982,373
38153,373
17048,373
2202,373
36706,373
15302,373
36981,373
20567,373
14333,373
2202,373
11949,373
27868,373
564,373
8649,373
5198,373
23216,373
23242,373
6455,373
9039,373
12606,373
3904,373
3904,373
7285,373
6089,373
1697,373
25662,373
8580,373
1495,373
2442,373
23709,373
7449,373
15193,373
12961,373
2375,373
34479,373
9174,373
23019,373
8580,373
1038,373
2385,373
8761,373
1939,373
13840,373
6089,373
18918,373
33610,373
3998,373
12932,373
29584,373
32729,373
16860,373
34485,373
26942,373
34322,373
35614,373
34029,373
10682,373
16500,373
18918,373
16860,373
33926,373
18791,373
3904,373
18791,373
1908,373
34029,373
13066,373
28319,373
35643,373
26702,373
5536,373
31564,373
25325,373
27482,373
35614,373
6089,373
4091,373
29556,373
32070,373
18916,373
25206,373
21919,373
593,373
26827,373
31132,373
21919,373
6865,373
15840,373
26539,373
27739,373
24067,373
26539,373
26586,373
22498,373
22656,373
15177,373
22979,373
35260,373
80,373
12623,373
9918,373
9918,373
26667,373
26684,373
25959,373
12799,373
19160,373
13608,373
10340,373
26388,373
25659,373
20822,373
29171,373
20822,373
6089,373
7618,373
12204,373
8502,373
22254,373
24047,373
1030,373
35260,373
15930,373
63,373
8022,373
17313,373
6089,373
7042,373
22501,373
28337,373
15765,373
9982,373
17910,373
8098,373
29855,373
4358,373
407,373
407,373
80,373
1724,373
33154,373
30700,373
16250,373
26861,373
16250,373
9443,373
9443,373
9443,373
6089,373
4358,373
413,373
28377,373
1785,296
19667,296
27852,296
27852,296
31682,296
20818,296
20818,296
24705,296
13940,296
26592,296
29875,296
31079,296
22624,296
30454,296
12887,296
9395,296
23120,296
29104,537
223,537
3330,537
35272,537
2462,537
29763,537
16170,537
35946,537
31874,537
21693,537
36804,537
7014,537
806,537
21357,537
33847,537
23463,537
21754,537
15063,537
30228,537
16012,537
37992,537
28452,537
10358,537
27779,537
1378,537
17084,537
4773,537
9487,537
3585,537
27225,537
20996,537
7222,537
16639,537
24040,537
13169,537
14789,537
683,537
36652,537
16035,537
1065,537
4418,537
8782,537
7205,537
29630,537
13226,537
12798,537
27063,537
874,537
12177,537
24977,537
5342,537
22253,537
30992,537
3427,537
8116,537
26548,537
6759,537
31307,537
26447,537
16598,537
6866,537
24257,537
6772,537
10407,537
1442,537
6535,537
5033,537
13407,537
17359,537
36220,537
32163,537
12659,537
15469,537
15962,537
7693,537
2281,537
15098,537
12622,537
13938,537
29979,537
32138,537
22063,537
18147,537
19139,537
7589,537
2461,537
2977,537
35169,537
18025,537
13089,537
6139,537
8037,537
10345,537
11759,537
18220,537
15137,537
4982,537
17603,537
20092,537
11606,537
22136,537
38334,537
4375,537
4837,537
5574,537
1465,537
20504,537
8642,537
21909,537
8621,537
5481,537
2418,537
13637,537
14888,537
32199,537
19978,537
3508,537
14805,537
17455,537
29972,537
35258,537
34043,537
26981,537
1818,537
8634,537
23356,537
18294,537
15611,537
8596,537
30297,537
28586,537
18204,537
13551,537
21254,537
20453,537
12578,537
8327,537
18528,537
12587,537
19439,537
27,537
1841,537
24211,537
2873,537
34815,537
12727,537
2933,537
16237,537
7117,537
13763,537
16106,537
23546,537
22549,537
8722,537
25886,537
20521,537
20429,537
10613,537
34871,537
27070,537
7530,537
25596,537
23776,537
31805,537
1396,537
18448,537
28672,537
10601,537
4177,537
27137,537
35599,537
30031,537
7055,537
25748,537
37974,537
17829,537
18664,537
23527,537
7960,537
14389,537
28631,537
2951,537
26061,537
917,537
7960,537
25774,537
23471,537
20462,537
14216,537
25231,537
22028,537
25792,537
22615,537
4225,537
27593,537
24091,537
30030,537
24331,537
18875,537
26961,537
17558,537
34472,537
12549,537
22370,537
31442,537
15872,537
30523,537
27993,537
36473,537
839,537
36282,537
31676,537
26159,537
37959,537
37581,757
31,757
47,757
17155,757
37996,757
29334,757
29098,757
29098,757
32159,757
8631,757
21688,757
3155,757
37090,757
37284,757
1408,757
16717,757
37284,757
37090,757
37581,757
37284,757
15355,757
24448,757
13095,757
6049,757
10713,757
24685,757
37996,757
1614,757
33394,757
34027,757
13225,757
2906,757
15355,757
33270,757
27870,757
36534,757
34088,757
38067,757
14832,757
3050,757
36595,757
27616,757
27616,757
23632,757
28503,757
29863,757
27920,757
21055,757
7462,757
10579,757
32531,757
12619,757
15147,757
29833,757
23095,757
28006,757
17413,757
6152,757
18598,157
25127,157
35212,157
10711,157
8937,157
31485,157
8708,157
28559,157
20000,157
12584,157
28387,157
21021,157
14787,157
16041,157
25036,157
22337,157
31343,157
14835,157
21424,157
9523,157
26851,157
26851,157
24514,157
14582,157
24514,157
14582,157
28387,157
1749,157
7937,157
16773,157
7212,157
18490,157
19025,157
19025,157
986,157
37394,157
35329,439
33153,439
10208,439
36711,439
1916,439
23674,439
10029,439
10029,439
6601,439
38417,439
27812,439
24574,439
18443,439
12318,439
754,439
4703,439
7108,439
8764,439
12913,439
16564,439
20833,439
28576,439
1046,439
32960,439
5085,439
34884,439
10278,439
36651,439
21058,439
22917,439
29267,439
3686,439
28665,439
36657,439
35440,439
30012,439
32458,439
34201,439
36611,439
847,439
9580,439
13917,439
18635,439
16303,439
10511,439
17179,439
29552,439
35882,439
24660,439
12975,439
34519,439
36196,439
2935,439
14131,439
29152,439
36964,439
25123,439
37321,439
37810,439
23392,439
21601,439
14950,439
20582,439
26637,439
2550,439
16569,439
6074,439
21557,439
27260,439
8063,439
15599,439
5706,439
3300,579
15257,579
11874,579
2460,579
30712,579
4532,579
4157,579
5505,579
14709,579
16874,579
29840,579
14853,579
9312,579
830,579
32687,579
11163,579
2091,579
21170,579
8572,579
32426,579
11501,579
37300,579
4651,579
15877,579
17144,579
22194,579
24455,579
35697,579
22677,579
28850,719
3099,719
2821,719
16331,719
17590,719
13016,719
31210,719
14432,719
18676,719
35393,719
13615,719
3139,719
32789,719
23737,719
33791,719
23095,719
16259,719
12355,719
33219,719
23935,719
5437,719
27630,719
16435,719
9697,719
10344,719
22301,9
14682,9
10433,9
23688,9
17330,9
13657,9
15920,9
15920,9
24419,9
12668,9
15230,9
27626,9
10057,9
27301,9
24999,581
10540,581
27705,581
2233,581
19132,581
25506,581
10671,581
11171,581
18231,581
16451,581
15334,581
28331,581
12203,581
10359,581
27379,581
23240,581
7115,581
22419,581
13341,581
17034,581
31299,581
28116,581
3726,581
11217,581
14334,581
25806,581
9524,581
14237,581
28725,581
28976,581
14520,581
31142,581
12860,581
38582,581
3673,581
37253,581
31949,581
8919,581
30255,581
7371,581
4879,581
38200,581
1579,581
8144,581
29972,581
10462,581
35190,581
38582,581
323,581
26148,581
27484,581
24635,581
37696,581
35140,581
8162,581
25616,581
8804,581
36155,581
15907,581
5665,581
20475,581
38012,581
22796,581
902,581
16325,581
26582,581
15605,581
13991,581
36755,581
30294,581
35009,581
35009,581
35009,581
35009,581
2863,581
8055,581
38582,581
10668,581
16949,581
223,540
7365,540
24947,540
12477,540
20623,540
29802,540
11874,540
2460,540
15274,540
18430,540
29721,540
23171,540
36652,540
3504,540
15138,540
26757,540
3052,540
806,540
9302,540
25105,540
10175,540
18622,540
17359,540
21983,540
1378,540
9487,540
22459,540
14385,540
10358,540
8276,540
37147,540
23287,540
1387,540
22676,540
19206,540
19969,540
27941,540
8802,540
4418,540
9363,540
6083,540
22036,540
32139,540
2243,540
16973,540
10345,540
23712,540
15962,540
22063,540
15787,540
11970,540
17948,540
2281,540
11640,540
22327,540
6336,540
31255,540
29763,540
30697,540
8782,540
15619,540
1684,540
36923,540
29061,540
1636,540
12060,540
26981,540
16756,540
31856,540
12975,540
12209,540
32138,540
214,540
16905,540
1065,540
21769,540
1399,540
8709,540
6866,540
18244,540
9290,540
2336,540
5232,540
4490,540
23780,540
23501,540
13089,540
10164,540
1646,540
5574,540
15133,540
21707,540
9666,540
12286,540
28402,540
18220,540
24826,540
4982,540
4403,540
21302,540
4375,540
20604,540
20092,540
17125,540
33324,540
3754,540
8712,540
38366,540
23067,540
2465,540
8642,540
1465,540
17665,540
13938,540
21909,540
17858,540
1318,540
17495,540
15544,540
7115,540
19312,540
13637,540
28057,540
5490,540
6450,540
23252,540
2421,540
28951,540
25833,540
3126,540
32199,540
801,540
4279,540
34256,540
28583,540
13407,540
14851,540
24219,540
12870,540
9935,540
20556,540
18775,540
1184,540
25925,540
25491,540
29087,540
14275,540
18044,540
21400,540
591,540
17455,540
37804,540
34043,540
26646,540
17153,540
2462,540
2925,540
19225,540
5207,540
3567,540
37969,540
29637,540
8634,540
23356,540
28912,540
21307,540
31800,540
32245,540
12622,540
22756,540
25369,540
12177,540
20391,540
36361,540
21693,540
7225,540
19144,540
12578,540
8961,540
14363,540
15611,540
7433,540
26990,540
21918,540
5769,540
19439,540
634,540
23478,540
24211,540
30702,540
27137,540
17903,540
15180,540
20109,540
28276,540
2873,540
11759,540
34820,540
20933,540
18119,540
6669,540
23695,540
23283,540
23936,540
26056,540
29032,540
12727,540
30333,540
384,540
6834,540
31883,540
12396,540
36084,540
5026,540
37580,540
20213,540
7745,540
26521,540
30387,540
25886,540
8722,540
23754,540
5532,540
10996,540
2384,540
20975,540
31838,540
14633,540
19296,540
14661,540
36824,540
2285,540
23921,540
21244,540
27070,540
20449,540
31805,540
2285,540
18448,540
36772,540
22556,540
10601,540
4177,540
7404,540
21877,540
14293,540
30031,540
29115,540
10835,540
837,540
14353,540
12297,540
31113,540
37974,540
9123,540
36265,540
4314,540
23527,540
31477,540
20651,540
21217,540
22239,540
21074,540
1389,540
21634,540
17705,540
28245,540
15385,540
28631,540
14389,540
9527,540
1354,540
26061,540
2951,540
4775,540
25774,540
25066,540
23710,540
11033,540
31314,540
21227,540
26379,540
15083,540
27993,540
22615,540
8651,540
3282,540
16248,540
18875,540
26083,540
34472,540
31442,540
15872,540
30523,540
28583,540
28583,540
21418,540
28583,540
21418,540
1506,140
11090,140
33471,140
28456,140
1965,140
21158,140
11720,140
24818,140
20057,140
30232,140
8134,140
14320,140
1849,140
8582,140
15450,140
29454,140
7068,140
31044,140
26135,140
598,140
6758,140
17073,140
12469,140
12286,596
2545,596
8944,596
36663,596
24137,596
21845,596
365,596
19429,596
18930,596
1398,596
3503,596
9786,596
2980,596
13601,596
21108,596
11367,596
14639,596
4447,596
29207,596
91,596
2140,596
34237,596
5524,596
361,596
13455,596
10299,596
24564,596
150,596
35615,596
9672,596
7986,596
10747,596
16816,596
18338,596
1045,596
35544,596
29371,596
24313,596
10183,596
11814,596
25362,596
17245,596
27649,596
5992,596
29044,596
6914,596
2379,596
34760,596
10707,596
14191,596
7015,596
10680,596
3280,596
3300,596
32665,596
17722,596
38196,596
22260,596
32848,596
16694,596
17242,596
21758,596
23800,596
26320,596
11883,596
6426,596
2104,596
21707,596
16544,596
14804,596
28919,596
35009,596
10293,596
10293,596
14639,596
10293,596
15695,596
23722,596
12271,520
22570,520
9713,520
7244,520
19593,520
12779,520
18533,520
22040,520
7590,520
20315,520
16891,520
20075,693
3064,693
116,693
1180,693
38362,693
13483,693
4351,693
9058,693
22248,693
20675,693
2822,693
18986,693
11275,693
19379,693
31880,693
11174,693
6233,693
13384,693
38482,693
22364,693
25375,693
27382,693
33265,693
10908,693
37034,693
36446,693
12895,693
27132,693
17954,693
35984,693
2129,693
38153,693
14189,693
32066,693
19478,693
2336,693
22025,693
22873,693
33287,693
28823,693
31229,693
24581,693
32074,693
35213,693
28686,693
20646,693
22866,693
37395,693
22701,693
13084,693
33282,693
10815,693
31218,693
31225,693
18443,693
3009,693
32192,693
15632,693
786,693
27395,693
15385,693
1345,185
27849,185
14256,185
3317,185
3007,185
14189,185
3986,185
37201,185
20650,185
9300,185
34389,185
16802,185
8735,185
382,185
29659,185
18591,185
9110,185
33265,185
31211,185
31411,185
1740,185
13048,185
16751,185
33178,185
36381,185
20250,185
33062,185
29177,185
4610,185
724,185
2608,185
11187,185
35943,185
3905,185
7802,185
19534,185
19215,185
28603,185
22797,185
6844,185
10496,185
1832,185
12957,185
6517,185
6244,185
8341,185
11290,185
6905,185
16955,185
17749,185
16352,185
6014,185
35492,185
2171,185
15420,185
16629,185
35928,185
10952,185
31935,47
15363,47
25388,47
10944,47
5099,47
1375,47
4228,47
28139,47
7963,47
30393,47
4642,47
2644,47
23793,47
4188,47
9536,47
13642,47
20028,47
12459,47
30667,47
24374,47
23793,47
26804,47
3335,47
22481,47
8585,47
3232,47
30433,47
6950,47
21078,47
8316,47
24174,47
33956,47
20201,47
31638,47
15694,47
17525,47
30935,47
18734,47
28173,47
8142,47
26703,47
13250,47
25972,47
32568,47
2172,47
32035,47
31897,47
14646,47
27169,47
5219,47
24905,47
4927,47
7846,47
3178,47
2642,47
1006,47
16025,47
11717,47
15694,47
17139,47
4927,47
16025,47
11008,47
31188,47
32035,47
29013,47
28436,47
16938,47
22089,47
21796,47
15168,47
33505,47
19089,47
6841,47
29281,47
33579,47
11378,47
12889,47
26210,47
17543,47
2496,47
29014,47
336,47
4927,47
12327,47
6352,47
6341,47
7948,47
17798,47
25340,47
12892,47
8951,47
609,47
2651,47
13852,47
3382,47
7346,47
7702,47
30794,47
21708,47
10368,47
23845,47
33070,47
21393,47
15111,47
15214,47
15214,47
12041,47
21941,47
2588,47
6870,47
10030,47
6119,47
31589,47
10030,47
24845,47
5924,47
6778,47
16285,47
9561,47
28820,47
26617,47
28820,47
23575,47
6689,47
23575,47
19412,47
18521,47
23575,47
4145,47
19412,47
9905,47
11583,47
28250,47
12795,556
1998,556
30577,556
1084,556
29802,556
4660,556
14472,556
23252,556
12371,556
907,556
21754,556
14980,556
6533,556
11092,556
3229,556
13778,556
2552,556
3657,556
7824,556
6959,556
28094,556
1436,556
23783,556
16982,556
7961,556
3853,556
2748,556
5358,556
24965,556
24329,556
19209,556
32792,556
37500,556
11274,556
9754,556
9185,556
4088,556
9553,556
10836,556
4703,556
12661,556
6464,556
3806,556
22201,556
14945,556
22451,556
23078,556
14248,556
30812,556
11781,556
29200,556
32288,556
17917,556
23852,556
21405,556
6369,556
19219,556
31114,556
26623,556
13722,556
23182,556
27991,556
17378,556
2707,556
32784,556
32784,556
14212,556
30352,556
21546,556
28725,556
8215,556
18639,556
11896,556
7312,556
8180,556
28576,556
29361,556
33769,556
23427,556
25876,556
7007,556
29072,302
26916,302
21684,302
10000,302
31202,302
27563,302
21900,302
24752,302
15557,302
9860,302
20074,302
30368,302
20043,302
19973,302
35237,302
21900,302
35349,302
25523,302
21068,302
26916,302
31373,302
36456,302
10639,302
16027,302
10033,302
10033,302
35035,302
33482,266
18749,266
4270,266
35834,266
24023,266
3798,266
15598,266
32679,266
22680,266
9791,266
23714,266
5328,266
1707,266
12084,266
24687,266
21291,266
8756,266
26445,266
22866,266
25103,266
12345,266
22819,266
28141,266
29563,266
17299,266
29309,266
7683,266
37483,266
17006,266
3105,266
32589,266
2566,266
17450,266
32589,266
2872,266
22958,266
21125,266
3587,266
7692,266
6058,266
37652,266
16624,266
12018,266
2618,266
1605,266
36970,266
7837,266
3521,266
8762,266
21138,266
21852,266
28491,266
21547,266
6173,266
30381,266
10491,266
1408,266
11589,266
37426,266
3961,266
19555,266
30780,266
10773,266
31101,266
37126,266
16910,266
17901,266
19058,266
21401,266
19614,266
11196,266
20888,266
34014,266
17567,266
17971,266
18562,266
17567,266
1558,266
24571,266
13458,266
23748,266
3113,266
2752,266
19768,266
16693,266
19994,266
22820,266
36854,266
1441,266
17450,266
30501,266
17971,266
2434,266
29563,266
17349,266
5762,266
4880,266
37437,266
18801,266
10241,266
18729,266
5598,266
14920,266
28325,266
4076,266
7022,266
24415,266
5029,266
1089,266
2893,266
14460,266
30905,266
32574,266
1105,266
5787,266
1105,266
13786,266
10773,266
534,266
29616,266
15730,266
36228,266
10791,266
26168,266
25711,266
7203,266
9447,266
18656,266
3203,266
4778,266
15730,266
12055,266
29514,266
11171,266
36274,266
28671,266
7330,266
2869,266
34947,266
21314,266
8141,266
19375,266
25049,266
16545,266
4881,266
31588,266
1034,266
37891,266
8141,266
20368,266
20761,266
5647,266
16861,266
13781,266
1091,266
32327,266
1483,266
17693,266
5234,266
15853,266
5062,266
16121,266
32914,266
13903,266
10069,266
27786,266
6036,266
22661,266
25155,266
612,266
36586,266
5351,266
37022,266
18137,266
7413,266
3230,266
35916,266
27926,266
16121,266
11728,266
18204,266
4459,266
35329,266
30764,266
5317,266
24118,266
14938,266
26327,266
7288,266
13898,266
4312,266
388,266
36449,266
32377,266
15272,266
20033,266
449,266
16376,266
31270,266
28655,266
13234,266
9811,266
27484,266
2188,266
27925,266
22895,266
29166,266
14614,266
13355,266
26267,266
4343,266
672,266
25276,266
35221,266
21090,266
15407,266
13658,266
5204,266
987,266
11189,266
3783,266
6275,266
2069,266
21801,266
17273,266
23869,266
23194,266
13660,266
4940,266
13803,266
1447,266
25619,266
32553,266
22101,266
26921,266
1169,266
18003,266
25948,266
21728,266
10770,266
2042,266
11400,266
36173,266
31005,266
9021,266
3281,266
23761,266
18915,266
37226,266
22895,266
30587,266
4213,266
30587,266
30240,266
30408,266
1400,266
26691,266
11591,266
22390,266
9846,266
29428,266
325,266
10928,266
11392,266
34291,266
3667,266
26018,266
1581,266
21665,266
26018,266
7501,266
556,266
30870,266
29512,266
11895,266
35422,266
14246,266
16260,266
35978,266
28024,266
14685,266
3601,266
2458,266
452,266
4098,266
34249,266
258,266
29563,266
22854,266
109,266
14685,266
458,266
7794,266
26540,266
6194,266
21486,266
817,266
9991,266
25978,266
14035,266
25334,266
14841,266
9419,266
17403,266
29960,266
15153,266
14757,266
37063,266
36053,266
10927,266
25086,266
17305,266
18336,266
7139,266
92,266
7066,266
5001,266
1292,266
13991,266
21431,266
20625,266
22924,266
26489,266
23714,266
23686,266
29557,266
1349,266
9100,266
17216,266
6064,266
21898,266
30832,266
27973,266
27922,266
3359,266
8397,266
13449,266
33959,266
19380,266
16717,266
6189,266
29661,266
6240,266
6892,266
3019,266
6006,266
35038,266
12027,266
35869,266
6189,266
6949,266
21600,266
10886,266
32033,266
32033,266
2967,266
35954,266
32612,266
4326,266
17937,266
9415,266
22161,266
9871,266
29740,266
21331,266
8143,266
35283,266
1854,266
36735,266
18850,266
13677,266
10046,266
7650,266
37624,266
938,266
13794,266
34313,266
1036,266
10982,266
19278,266
26091,266
6259,266
11906,266
17958,266
37672,266
12462,266
37624,266
4407,266
22226,266
3788,266
36485,266
20373,266
24789,266
14874,266
22484,266
34353,266
35180,266
37267,266
18629,266
17910,266
15129,266
22087,266
2892,266
36797,266
8790,266
23983,266
25220,266
14844,266
24508,266
19330,266
36583,266
1416,266
12073,266
4207,266
28687,266
12709,266
9366,266
6625,266
15277,266
37104,266
16121,266
1705,266
7256,266
5158,266
29040,266
4749,266
13443,266
22914,266
11099,266
20845,266
1043,266
36396,266
34984,266
25252,266
16620,266
26598,266
34253,266
15458,266
5676,266
34000,266
11498,266
28747,266
37885,266
31761,266
9300,266
13473,266
29345,266
264,266
511,266
13988,266
19428,266
5652,266
14770,266
27327,266
9741,266
9542,266
14500,266
26645,266
24366,266
12141,266
6422,266
27626,266
35626,266
9403,266
2306,266
13195,266
16837,266
12951,266
7090,266
10054,266
24359,266
34899,266
29605,266
6099,266
8544,266
7354,266
22134,266
15607,266
36990,266
18570,266
33577,266
3095,266
31550,266
29295,266
28226,266
808,266
21373,266
29093,266
33181,266
11761,266
32953,266
9330,266
30286,266
33798,266
14053,266
34700,266
10501,266
5795,266
25378,266
27200,266
28078,266
36078,266
36565,266
24012,266
36078,266
2291,266
30418,266
22552,281
32665,281
580,281
36013,281
17844,281
6344,281
7555,281
28467,281
17964,281
7297,281
30031,281
30290,281
30062,281
35984,281
29599,281
13076,281
27313,281
30817,281
25721,281
31469,281
25045,281
28697,281
4396,281
32377,281
16417,281
31114,281
22905,281
24104,281
20025,281
42,281
32485,281
9434,281
4047,281
11004,281
12281,281
3728,281
20203,281
20000,281
23071,281
17049,281
8654,281
31107,281
8382,281
2955,281
7351,281
25113,281
37506,281
2570,281
20990,281
6027,281
25343,281
15955,281
34527,281
20076,281
31107,281
12007,281
10738,281
26819,281
35713,281
29487,281
36354,281
14000,281
1840,281
10763,281
24633,281
24633,281
36370,281
9814,281
10738,281
9814,281
4454,281
12925,281
36370,281
2976,281
28684,281
37397,281
14757,281
24363,281
32709,281
10163,281
7636,281
7519,281
27632,281
32158,281
14339,281
24104,281
24104,281
24104,281
13749,281
3744,281
37741,281
5151,281
35566,281
15832,281
20164,281
27155,281
36771,281
35289,281
33006,281
27484,281
6806,281
6250,281
12127,281
2982,281
9349,281
34833,281
34884,281
1225,281
31107,281
16157,281
16157,281
31107,281
10336,281
25939,281
21143,281
8710,281
27440,281
52,281
32442,281
5903,281
21360,281
18443,281
34030,281
30718,281
23833,281
14680,281
4692,281
37207,281
36990,281
18708,281
22516,281
35882,281
9146,281
29833,281
28135,281
31554,281
10149,281
37188,281
853,281
25504,281
30425,281
38017,281
21685,281
16298,281
31087,281
34928,281
6974,281
25519,281
13146,281
29849,281
25285,281
37612,281
8435,281
37810,281
10104,281
36472,281
11623,281
37696,281
4428,281
27877,281
21653,281
25263,281
14562,281
4036,281
32932,281
11921,281
4778,281
21476,281
35392,281
27818,281
33953,281
30778,281
9309,281
30778,281
8014,281
1479,281
6232,281
1056,281
14174,281
5015,281
37907,281
16267,281
23450,281
18011,281
37672,281
28431,281
32735,281
28217,281
6644,281
28217,281
29341,281
23302,281
13310,281
23302,281
28217,281
26261,281
37800,281
37955,281
20867,281
35916,281
37492,281
17911,281
30430,281
21748,281
20698,281
36817,281
28467,281
25331,281
33669,281
4207,281
36787,281
15329,281
15329,281
1779,281
15329,281
1779,281
9259,281
1779,281
1779,281
7188,281
37514,281
34475,281
31511,281
37397,281
33919,281
15908,400
5447,400
16655,400
8679,400
828,400
32141,400
27212,400
22016,400
18846,400
20612,400
21143,400
13411,400
27134,400
7294,400
19589,400
5447,400
1896,400
26732,400
2854,400
35257,400
25711,400
3696,400
38172,400
21070,400
8913,400
79,400
8472,400
12224,400
8354,400
8354,400
30446,400
16580,400
12959,400
30836,400
8985,400
19043,400
7423,400
33769,400
6402,400
7699,400
16956,400
13925,400
32172,400
11475,400
2619,400
10336,400
8533,400
32300,400
14088,400
24359,400
19998,400
18240,400
16559,400
5659,400
12361,400
2473,400
875,400
2473,400
9562,400
29108,400
36521,400
1431,400
11379,400
4739,400
7603,400
32811,400
39539,400
8964,400
34757,400
29105,400
1254,400
15334,400
717,400
34719,400
17037,400
30967,400
4908,400
12224,400
1516,400
1516,400
20916,400
35540,400
4908,400
7155,400
26088,400
25408,400
19059,400
12354,400
19000,400
8963,400
22320,400
31963,400
29254,400
24507,400
2698,400
19949,400
10632,400
5887,400
12712,400
35474,400
17864,400
1581,400
27875,400
960,400
11760,400
2223,400
1348,400
25285,400
13911,400
2105,400
2105,400
27975,400
1972,400
107,400
13149,400
37505,400
18353,400
4338,400
23227,400
4964,400
23869,400
18353,400
4338,400
28,400
1689,400
9559,400
11051,400
15944,400
674,400
929,400
27667,400
22585,400
25521,400
27882,400
27882,400
2990,400
11046,400
674,400
27882,400
28708,400
5569,400
11495,400
2371,400
23489,400
2938,400
598,400
6771,400
7853,400
1526,400
19171,400
28768,400
339,400
34952,400
13807,400
7538,400
717,400
107,400
4368,400
27169,400
11383,400
152,400
20641,400
18309,400
17779,400
26154,400
10377,400
12290,400
5347,400
21983,400
21932,400
29255,400
2552,400
8850,400
10223,400
15867,400
185,400
5060,400
26198,400
10089,400
15021,400
7948,400
19358,400
1505,400
18646,400
2089,400
2835,400
16150,400
9429,400
29451,400
11454,400
7881,400
279,400
775,400
17862,400
7823,400
24105,400
171,400
967,400
3293,400
15496,400
14557,400
290,400
29189,400
11282,400
13839,400
7702,400
5560,400
16493,400
36512,400
13852,400
22349,400
2682,397
13667,397
34939,397
34788,397
9398,397
17116,397
26865,397
15112,397
12284,397
35232,397
1619,397
3883,397
20740,397
5332,397
15727,397
32654,397
20461,397
16578,397
1015,397
35370,397
338,397
17122,397
16620,397
21657,397
1421,397
22161,397
4654,397
25308,397
11381,397
4032,397
9582,397
16026,397
4713,397
6711,397
22491,397
32904,397
5753,397
30429,397
3379,397
4815,397
19303,397
19504,397
25544,397
27128,397
13402,397
43,397
21847,397
58,397
38172,397
9149,397
31904,397
28401,397
16624,397
11636,397
28664,397
19300,397
28078,397
22595,397
28664,397
29600,397
32892,397
29792,397
15690,397
16005,397
19348,397
29040,397
30518,397
34098,397
29563,397
23978,397
25919,397
11062,397
12986,397
11862,397
35426,397
2779,397
16801,397
37929,397
13255,397
10302,397
28364,397
26649,397
29995,397
12214,397
4347,397
3827,397
31604,397
9129,397
21291,397
18369,397
25267,397
5552,397
18003,397
11834,397
10566,397
14879,397
26783,397
27449,397
24508,397
30606,397
16739,397
15267,397
3792,397
24879,397
13777,397
27720,397
36608,397
9458,397
13693,397
36015,397
17602,397
32491,397
21411,397
21503,397
22908,397
6544,397
7870,27
18478,27
7515,27
908,27
21977,27
10063,27
3544,27
19413,27
11801,27
27027,27
22093,27
30811,27
12382,27
32831,27
7016,27
6546,27
8353,27
1190,27
3026,27
19272,27
25152,27
31203,27
1925,27
1666,27
8759,27
16812,27
16387,27
29449,27
21880,27
16604,27
19013,27
3044,27
9964,27
10194,27
15497,27
17216,27
18267,27
20046,27
20136,27
24177,27
19854,27
28897,27
19744,27
18443,27
5807,27
17652,27
32295,27
25543,27
24689,27
26646,27
10025,27
1813,27
32287,27
32310,27
3566,27
11230,27
16009,27
204,27
12052,27
22735,27
26271,27
6957,27
96,509
30855,509
11459,509
32276,509
9127,509
22980,509
21848,509
24607,509
35685,509
34391,509
2553,509
33492,509
2077,509
10967,509
32505,509
17232,509
33867,509
34391,509
33532,509
37126,509
33867,509
19583,509
27837,509
34308,509
20776,509
33867,509
22980,509
19583,509
21848,509
8862,509
10967,509
35609,509
33846,509
25913,509
22807,509
23314,509
14732,509
33846,509
31009,509
27957,509
4318,509
5354,509
5354,509
7601,509
7601,509
30788,509
33498,509
3541,509
5142,509
35631,509
37664,509
36087,509
36087,509
2553,509
35496,509
5357,509
5487,509
4750,509
4750,509
4799,509
19875,509
12310,509
29358,509
24531,509
29992,509
16079,509
16079,509
33251,509
34756,509
24531,509
19729,509
24214,509
16613,509
36584,509
25573,509
19720,509
24452,509
28336,509
21853,509
4096,509
25453,509
4096,509
30269,509
25453,509
36827,509
36634,509
34892,509
37106,509
19242,509
23716,509
27837,509
7868,509
26667,509
28336,509
36632,509
7811,509
34605,509
27499,509
2335,509
26312,509
23457,509
28878,509
3369,509
12808,509
27837,509
34997,509
10585,509
33126,509
12808,509
38290,509
33126,509
21271,509
4719,509
37261,509
12808,509
14742,509
31668,509
10918,509
31646,509
16583,509
37261,509
23253,509
33126,509
33126,509
37278,509
1969,509
12808,509
37261,509
1969,509
19875,509
8490,509
37549,509
23185,509
29801,509
23441,509
7951,509
20899,509
16451,509
16451,509
16451,509
5463,509
8806,509
32769,509
31471,509
27178,509
31471,509
29269,509
22624,509
8970,353
6898,353
8067,353
27956,353
12520,353
4010,353
14570,353
16199,353
1588,353
3009,353
24434,353
997,353
14105,353
21860,353
15367,353
3689,353
69,353
3477,353
31221,353
7250,353
13994,353
7997,353
3088,353
14920,353
5555,353
5261,353
12657,353
23294,353
27846,353
10769,353
12099,353
6320,353
27382,353
17386,353
22552,353
12848,353
37034,353
26237,353
10829,353
37201,353
10370,353
35291,353
10254,353
2099,353
2117,353
11937,353
17679,353
25582,353
8182,353
18443,353
31325,353
34863,353
29093,353
29802,353
6989,353
32915,353
5933,353
22701,353
32481,353
18593,353
22866,353
26195,353
8492,353
3782,353
31971,353
12320,353
22721,353
14631,353
34819,353
31223,353
32068,353
16583,353
8559,353
34485,353
20665,353
31226,353
31222,353
4564,353
22873,353
13004,353
30042,353
19949,353
7736,353
12492,353
37727,353
13400,353
31371,353
29147,353
28725,353
37332,353
32216,353
29896,353
13314,353
37492,353
23939,36
2839,36
8759,36
4883,36
4861,36
16982,36
18593,36
23952,36
31744,36
9789,36
6801,36
27185,36
16812,36
28065,36
31925,36
30434,36
27027,36
4693,36
15497,36
10194,36
31924,36
19820,36
9700,36
11584,36
11584,36
22484,36
30811,36
30225,36
26213,36
4883,36
26370,36
8299,36
31410,36
21420,36
24426,36
25957,36
22735,36
18607,36
24632,36
24632,36
1103,36
48,605
27317,605
33684,605
23780,605
131,605
18930,605
21754,605
1080,605
15367,605
23122,605
6632,605
16342,605
1012,605
9786,605
22415,605
8776,605
11030,605
31273,605
10358,605
1630,605
20014,605
6004,605
8378,605
2336,605
28835,605
11041,605
429,605
2140,605
116,605
11014,605
35920,605
13432,605
35920,605
2688,605
1045,605
34595,605
14587,605
4977,605
36658,605
38158,605
27204,605
11106,605
6968,605
8456,605
28231,605
22503,605
933,605
18893,605
3657,605
773,605
29522,605
3363,605
33694,605
805,605
16546,605
18507,605
35544,605
10427,605
13564,605
21938,605
25506,605
11350,605
5600,605
22206,605
13455,605
6112,605
37450,605
79,605
762,605
6301,605
1043,605
1813,605
6400,605
22752,605
13853,605
33301,605
33492,605
30624,605
6676,605
35456,605
14999,605
246,605
15509,605
12310,605
12058,438
3776,438
38112,438
12320,438
32729,438
12715,438
31087,438
27281,438
20198,438
37583,438
22242,438
35087,438
28163,438
31220,438
38219,438
14525,438
37108,438
2422,438
12705,438
33281,438
26368,438
8994,438
35366,438
29812,438
32074,438
8994,438
34511,438
25703,438
34255,438
16724,438
4449,438
12794,438
38483,438
25686,438
33450,438
30511,438
35882,438
38059,438
25163,438
31747,438
9173,438
6466,438
7811,438
37668,438
24577,438
11822,438
26657,438
20582,438
30640,438
37952,438
18692,438
38345,628
129,628
9641,628
7822,628
5088,628
31060,628
24839,628
2451,628
26024,628
27599,628
26618,628
11477,628
7871,628
11633,628
10322,628
22752,628
658,628
31330,628
38306,628
19937,628
29464,628
17242,628
28710,628
6673,628
35590,628
8310,628
8883,628
26531,628
33890,628
35001,628
31303,628
10346,628
27826,628
12920,628
4265,628
20380,628
32374,628
3330,628
35321,628
18507,628
11106,628
2061,628
18442,628
2018,628
29669,628
15896,628
3907,628
32220,628
31076,628
14059,628
4496,628
2811,628
20089,628
9363,628
29553,628
26496,628
31306,628
8776,628
22990,628
22003,628
12207,628
27731,628
3182,628
6834,628
6944,628
31840,628
4667,628
159,628
29809,628
29567,628
31853,628
31522,628
29422,628
21969,628
10737,628
34941,628
24263,628
12534,628
23182,628
29400,628
9558,628
17989,628
26661,628
9042,628
27076,628
15367,628
5097,628
36109,628
905,628
1894,628
34151,628
9123,628
23442,628
28537,628
16248,628
10150,628
7591,628
27378,628
35733,628
23806,628
24190,628
30583,628
36081,628
22136,628
32914,628
1966,628
3261,628
38604,628
12818,628
3805,628
32560,628
11756,628
25707,628
12107,628
19774,628
7032,628
12612,628
15747,628
2765,628
23806,628
35615,628
1966,628
1345,628
33195,628
23754,628
10851,628
3500,628
36752,628
16445,628
17510,628
24651,628
37640,628
5156,628
12184,628
35440,628
25722,628
27598,628
2579,628
13501,628
36582,628
8851,628
15484,628
24703,628
21872,628
21872,628
50,628
8485,628
32632,628
3091,628
37308,628
17655,628
30006,628
14829,628
13461,628
26020,628
23450,628
16372,628
6156,628
38624,628
19064,628
7944,628
4637,628
5456,628
9769,628
825,628
9390,628
36517,628
36234,628
17338,628
24075,628
16530,628
1410,628
17075,628
33771,628
16983,628
23561,628
11617,628
12272,628
31626,628
35056,628
31467,628
30249,628
30893,628
9190,628
21487,628
14593,628
15764,628
12588,628
37383,628
14297,628
212,628
15063,628
12280,628
24713,628
11740,628
6545,628
19238,628
16500,628
150,628
20687,628
38022,628
9370,628
38022,628
32426,628
16794,628
13267,628
19601,628
33482,628
38503,628
10279,628
12097,628
20969,628
11041,628
36152,628
7380,628
20919,628
27614,628
5099,628
24475,628
2907,628
9833,628
22011,628
6963,628
20919,628
24475,628
30826,628
24026,628
16258,628
26390,628
14648,628
38343,628
27883,628
27001,628
10995,628
7713,628
36521,628
31988,628
34760,628
15724,628
10285,628
32843,628
17173,628
618,628
14706,628
1060,628
9531,628
9832,628
25245,628
14118,628
4625,628
25018,628
23432,628
23432,628
20985,628
18451,628
15022,628
20919,628
20561,628
10312,628
21122,628
4857,628
15116,628
32163,628
24475,628
34302,628
23761,628
23432,628
2344,628
22967,628
15116,628
30881,628
34279,628
21637,628
7491,628
50,628
34231,628
26886,628
30266,628
12869,628
18264,628
2164,628
32766,628
16921,628
13025,628
12368,628
13025,628
17156,628
32890,628
17501,628
2664,628
2933,628
33164,628
33164,628
4685,628
21601,628
31740,628
15260,628
17936,628
17936,628
25933,628
30859,628
30241,628
21132,628
21132,628
13616,628
13109,628
36676,628
30859,628
36553,628
28099,628
35221,628
23744,628
21254,628
418,628
418,628
4450,628
8245,628
8245,628
18854,628
2046,628
15369,628
15369,628
16794,628
11014,628
6626,628
38137,628
26907,440
4200,440
23260,440
17890,440
5628,440
480,440
12413,440
22224,440
38246,440
28374,440
1772,743
19546,743
34505,743
31721,743
21352,743
24517,743
10718,743
30740,743
36992,743
35535,743
16700,743
32172,743
27925,743
14387,743
33272,743
15402,743
35219,743
4781,743
30700,743
29863,743
34858,743
33288,743
31115,743
18518,743
33384,743
36242,743
786,743
28756,743
23567,743
37297,743
19332,743
34885,471
52,471
31520,471
33125,471
36785,471
37496,471
31599,471
6220,471
28006,471
22830,471
33953,471
12516,471
38500,471
38163,471
16753,471
4954,471
11706,471
38244,471
37202,471
37202,471
38447,471
23551,471
25018,471
32949,471
12539,471
20582,471
6897,471
36132,471
35474,471
15040,471
35944,471
25186,471
38318,471
13485,471
31118,471
7142,471
15004,471
14781,471
22536,471
6605,471
19216,471
24591,471
24591,471
16815,471
25189,471
14150,471
5843,471
27165,471
36512,471
18163,75
31824,75
28930,75
31553,75
28549,75
8623,75
29484,75
12805,75
27663,75
1115,75
13379,75
28584,75
30685,75
29155,75
16690,75
4943,75
31305,75
12220,75
25781,75
17796,75
20363,75
2590,75
31170,75
34635,75
24245,75
29110,75
6432,75
26834,75
27746,75
26553,75
34058,75
4041,75
16535,75
23398,75
2576,75
4181,75
12182,75
32841,75
30939,75
16146,75
13373,75
34425,75
34687,75
19997,75
33010,75
21454,75
34566,75
28032,75
27351,75
21929,75
14600,75
4763,75
16814,75
18500,75
16430,183
10209,183
17248,183
11315,183
5364,183
10460,183
21581,183
34939,183
35217,183
35989,183
18899,183
33033,183
23771,183
10283,183
33845,183
21450,183
29315,183
21432,183
18641,183
34389,183
18899,183
13389,183
28603,183
34760,183
31271,183
18200,183
36448,183
17947,183
36778,183
32708,183
67,183
21450,183
67,183
26220,161
26220,161
26220,161
26220,161
26220,161
27777,161
7367,161
33165,161
26220,161
26220,161
26220,161
30229,161
30757,161
13607,161
20774,161
20774,161
26220,161
26220,161
32293,161
33803,161
35361,161
23211,161
25585,161
5128,161
33002,161
17651,161
14129,161
26220,161
26220,161
32901,161
26220,161
25742,161
15223,161
21209,161
26220,161
15223,161
32901,161
30653,161
26220,161
26220,161
30653,161
20874,161
29872,161
26473,161
33537,161
28837,161
30123,161
15561,161
26121,161
30629,161
32376,161
26714,161
28192,161
26220,161
10498,161
30043,161
28146,161
28585,161
30921,161
10941,161
27437,161
27904,161
33392,161
30980,161
30720,161
31714,161
22624,161
30455,161
17599,161
32550,161
26220,161
1106,58
18427,58
19620,58
27231,58
8878,58
5105,58
1878,58
1740,58
15880,58
18946,58
8862,58
18990,58
991,58
1345,58
8777,58
4165,58
681,58
25841,58
32058,58
32613,58
20825,58
4593,58
4593,58
2792,58
31253,58
33265,58
14326,58
9068,58
7077,58
16287,58
24088,58
29453,58
27369,58
522,58
19293,58
12810,58
31558,58
10304,58
3657,58
27471,58
22680,58
7329,58
23235,58
18990,58
548,58
13518,58
6925,58
11472,58
5646,58
3412,58
28969,58
4865,58
18266,58
23872,58
9146,58
11504,58
14436,58
6925,58
25183,58
24298,58
8065,58
19453,58
15750,58
16930,58
1775,58
28343,58
15692,58
22004,58
22004,58
16534,58
6925,58
20726,58
24540,58
31525,58
6851,58
1840,58
32953,58
7142,58
7349,58
6912,58
27598,58
25074,58
13792,562
19209,562
4509,562
16982,562
37483,562
34826,562
8422,562
25900,562
22723,562
8751,562
7924,562
9338,562
17249,562
35733,562
3890,562
32402,562
27224,562
5992,562
17690,562
5505,562
12804,562
1412,562
18724,562
20444,562
33127,562
5459,562
16452,562
2660,562
20658,562
14750,562
1394,562
1596,562
15948,562
22522,562
34742,562
19559,562
28544,562
28725,562
7522,562
17290,562
10747,562
30243,562
5079,562
15123,562
37253,562
33569,562
24002,562
8870,562
13699,562
22502,562
37308,562
14797,562
12828,551
4375,551
3939,551
30530,551
15391,551
37609,551
23356,551
9689,551
1184,551
20025,551
5744,551
223,551
13169,551
17365,551
29241,551
8310,551
11633,551
16240,551
16540,551
33640,551
11241,551
6568,551
143,551
1641,551
5109,551
25096,551
2140,551
3240,551
36069,551
2845,551
3988,551
1758,551
35348,551
5136,551
9312,551
6202,551
16325,551
37307,551
13616,551
31463,551
23854,551
3988,551
18921,551
16989,551
13563,551
34787,551
30616,551
610,551
2428,551
36397,551
17996,551
34787,551
37218,551
8060,551
12442,551
37253,551
6775,551
35062,551
38456,551
36029,551
10484,551
11014,551
32955,551
8268,551
4077,551
24125,551
31676,551
2343,648
6622,648
24814,648
342,648
23333,648
26761,648
193,648
16112,648
29090,648
13001,648
9380,648
13878,648
13925,648
37906,648
1089,648
29719,648
24364,648
32560,648
14721,648
25419,648
3657,648
4769,648
6254,648
2212,648
31768,648
32488,648
26688,648
38372,648
11437,648
29244,648
16506,648
32062,648
9550,648
26652,648
29026,648
6622,648
38122,648
38122,648
37600,648
3497,648
26601,648
27173,648
21439,648
10733,648
31413,648
28699,648
17136,648
33084,648
17136,648
38122,648
16342,648
23702,648
6898,648
4622,648
27458,648
22389,648
25835,648
8507,648
36357,648
1648,648
30683,648
3,304
37565,304
2203,304
2825,304
1209,304
21504,304
36521,304
9629,304
6645,304
24807,304
27402,304
20564,304
11770,304
7626,304
9452,304
6337,304
2657,304
14383,304
18476,304
16437,304
28869,304
1691,304
20579,304
1691,304
26989,304
24219,304
15037,304
114,304
4155,304
26094,304
3635,304
7811,304
9682,304
36030,304
15077,304
5427,304
27637,304
9026,304
9026,304
26610,304
38128,304
36419,304
12890,304
532,304
25183,683
12055,683
11710,683
3313,683
1131,683
9836,683
3292,683
3609,683
21277,683
20330,683
18891,683
11271,683
3609,683
33240,683
22932,683
22932,683
182,683
3238,683
1180,683
19424,683
566,683
34629,683
34905,683
16112,683
5726,683
34629,683
20865,683
27749,683
3649,683
2028,683
682,683
4078,683
30963,683
20208,683
10018,683
2172,683
8441,683
8892,683
5076,683
35600,683
23746,683
13454,683
32986,683
92,683
20375,683
25908,683
35645,683
31871,683
21091,683
25016,683
20417,683
26012,683
16638,683
33997,683
25692,683
34753,683
32968,683
23786,683
23674,683
31864,683
10734,683
12651,683
19711,683
4147,683
2297,683
650,683
19715,683
14911,683
18098,683
21973,683
8174,683
637,447
3250,447
2031,447
637,447
3919,447
30869,447
15875,447
4180,447
33174,447
34520,447
34310,447
14136,447
30201,447
25080,447
30985,447
23786,447
9236,447
30711,447
3302,447
19127,447
24,447
30694,447
14136,447
32614,447
35381,447
37324,447
27733,447
11008,447
20435,447
11996,447
25140,447
26582,447
13685,447
9236,447
14136,447
20435,447
28763,447
20639,447
17168,447
4752,447
14351,447
28873,447
37725,447
11926,447
31176,447
10351,447
11193,447
10659,447
6393,447
21817,447
33951,447
27977,447
2759,447
27219,447
36313,447
6839,447
24625,447
24974,447
4661,447
6391,447
29344,447
4903,447
18491,447
32511,447
9236,447
14136,447
32511,447
22495,447
20435,447
9236,447
15621,447
20435,447
37653,447
14136,447
12370,447
7839,447
5096,447
18228,447
19870,447
36358,447
4923,447
19517,447
20435,447
5650,447
20435,447
19517,447
35052,447
17501,447
20310,447
20310,447
5873,447
5873,447
15842,447
4617,447
20879,447
36596,447
25330,447
23263,447
10820,447
28273,447
31087,447
22092,447
29485,447
27896,447
28536,447
35383,447
30310,447
19584,447
21565,447
4408,447
36991,447
36991,447
4408,447
36991,447
2939,543
30238,543
23440,543
19225,543
1184,543
2017,543
19635,543
4837,543
21400,543
22086,543
22676,543
634,543
1841,543
7980,543
9508,543
3650,543
33645,543
23695,543
12561,543
36435,543
7117,543
36454,543
18447,543
12622,543
21198,543
9481,543
37099,543
17975,543
2243,543
30169,543
16170,543
5186,543
20961,543
33635,543
33620,543
21239,543
25066,543
34578,543
22341,543
36836,543
33806,166
31583,166
23110,166
21649,166
27020,166
33236,166
34887,166
13251,166
26573,166
35186,166
31418,166
25121,166
9703,385
12679,385
14166,385
6100,385
4888,385
8398,385
13773,385
34212,385
22894,385
14158,385
25276,385
19792,385
3340,385
37664,385
2714,385
11837,385
31152,385
20719,385
552,385
23358,385
6105,385
4957,385
27867,385
19309,385
20757,385
8414,385
1747,385
15188,385
13965,385
20304,385
29090,385
17584,385
23748,385
3632,385
4278,385
18028,385
29857,385
12029,385
23060,385
4634,385
6110,385
12361,385
22257,385
28550,385
15398,385
6181,385
22552,385
35952,385
14867,385
6819,385
7513,385
29867,385
25183,385
23194,385
29653,385
33631,385
17347,385
6978,385
5855,385
10270,385
7921,385
22539,385
14126,385
3429,385
30502,385
17114,385
7692,385
13989,385
8228,385
23405,385
15395,385
16689,385
22854,385
7730,385
26092,385
11577,385
22894,385
4483,385
23136,385
12401,385
32908,385
28687,385
3108,385
36530,385
22513,385
13131,385
3193,385
10889,385
16655,385
31191,385
24593,385
9622,385
2013,385
12213,385
22793,385
25828,385
1967,385
36574,385
25919,385
1671,385
38434,385
19877,385
24415,385
32141,385
16412,385
27292,385
27379,385
10455,385
29309,385
34147,385
34788,385
2325,385
8301,385
36425,385
30128,385
1404,385
27683,385
20225,385
9008,385
28862,385
2765,385
26090,385
32945,385
23252,385
23965,385
36485,385
22057,385
9572,385
29279,385
5784,385
37197,385
21181,385
10864,385
1634,385
34718,385
1614,385
35979,385
34718,385
7758,385
6129,385
12300,385
21476,385
10583,385
8412,385
34003,385
35963,385
2855,385
27673,385
23307,385
37505,385
34785,385
11186,385
14555,385
12598,385
35116,385
33968,385
7699,385
22030,385
2826,385
6982,385
18991,385
3489,385
2248,385
11310,385
16078,385
38300,385
3326,385
12389,385
21667,385
11410,385
37231,385
30291,385
31550,385
35191,385
13182,385
29092,385
9288,385
29347,385
11714,385
13479,385
1474,385
36852,385
1344,385
1196,385
604,385
21500,385
37369,385
18165,385
13039,385
29886,385
24098,385
29159,385
959,385
6494,385
6016,385
20419,385
9617,385
30946,385
3919,385
18569,385
11011,385
9319,385
34915,385
34420,385
9496,385
14914,385
13621,385
26393,385
11118,385
21537,385
13769,385
29959,385
32520,385
8339,385
593,385
37047,385
10910,385
1881,385
10086,385
31380,385
22329,385
35485,385
22100,385
25838,385
7218,385
11819,385
28156,385
31102,385
16910,385
16910,385
5792,385
3044,385
408,385
36211,385
14974,385
30727,385
16074,385
23065,385
1705,385
32878,385
24536,385
36659,385
38172,385
31866,385
19368,385
19368,385
26839,385
32709,385
33202,385
6635,385
30967,385
11234,385
1754,385
30673,385
12107,385
30673,385
33430,385
7760,385
20845,385
1856,385
36790,385
5774,385
31240,385
5774,385
19390,385
7361,385
29429,385
264,385
30100,385
14109,385
17081,385
8973,385
5874,385
25190,385
19444,385
17273,385
30715,385
7972,385
36688,385
9099,385
13437,385
11564,385
4593,385
35601,385
14426,385
27322,385
14342,385
25086,385
18972,385
11065,385
21427,385
16801,385
4952,385
17246,385
20079,385
15391,385
12871,385
26999,385
8857,385
21891,385
1919,385
11025,385
26088,385
25408,385
28459,385
14557,385
26226,385
36613,385
1955,385
37847,385
10623,385
11941,385
27914,385
31216,385
12638,385
22174,385
2143,385
10330,385
20155,385
3305,385
18935,385
159,385
13658,385
17094,385
23922,385
31354,385
29195,385
22357,385
11693,385
11135,385
25338,385
751,385
19738,385
26884,385
23,385
11125,385
34219,385
4475,385
28808,385
18759,385
28783,385
25011,385
508,385
34724,385
24886,385
34944,385
36990,385
35674,385
15293,385
29813,385
6767,385
20215,385
9962,385
16710,385
21004,385
22324,385
13667,385
34897,385
16920,385
26477,385
7658,385
30506,385
25009,385
9894,385
2885,385
19725,385
37584,385
38331,385
32018,385
28162,385
1262,385
7586,385
38033,385
18971,385
35929,385
349,385
18691,385
21417,385
14318,385
511,385
4772,385
7023,385
36668,385
24551,385
5455,385
14572,385
4453,385
37452,385
27212,385
324,385
1181,385
21491,385
1441,385
36521,385
3271,385
9155,385
1998,385
29157,385
8143,385
10468,385
22491,385
564,385
20814,385
16806,385
29560,385
5360,385
24861,385
37925,385
23159,385
18333,385
24098,385
6555,385
20426,385
12824,385
37273,385
14455,385
34441,385
1374,385
30455,385
1362,385
2263,385
9534,385
10189,385
6716,385
1572,385
3913,385
36955,385
29512,385
2351,385
33117,385
23877,385
16847,385
5249,385
397,385
10377,385
28409,385
15279,385
222,385
8928,385
4002,385
2251,385
34557,385
32419,385
32419,385
5297,385
21790,385
15617,385
28461,385
2968,385
21983,385
19718,385
23978,385
28226,385
36004,385
1871,385
38437,385
8225,385
24588,385
3338,385
1161,385
5148,385
28662,385
7856,385
9867,385
24179,385
3471,385
35466,385
25837,385
22779,385
1649,385
16179,385
15891,385
6811,385
24948,385
22490,385
11817,385
7032,385
28511,385
30418,385
17281,385
8505,385
8434,385
1734,385
8884,385
24799,385
21779,385
21759,385
22790,385
27978,385
12340,385
20168,385
6271,385
18077,385
12901,385
9884,385
3681,385
15035,385
20805,385
25609,385
33181,385
4573,385
3478,385
3417,385
208,385
6240,385
33959,385
2519,385
11151,385
33409,385
28050,385
13245,385
36653,385
20990,385
16859,385
16761,385
2333,385
19125,385
21291,385
14102,385
2749,385
3509,385
16774,385
3206,385
10413,385
3067,385
29471,385
24630,385
27964,385
17877,385
26325,385
11597,385
24242,385
18327,385
20044,385
22494,385
3220,385
20086,385
11784,385
19473,385
8065,385
37563,385
2210,385
8927,385
169,385
27963,385
5679,385
28582,385
9673,385
34482,385
16213,207
29716,207
14193,207
32976,207
23258,207
9393,207
35595,207
24758,207
35476,207
25962,207
32976,207
9393,207
35476,207
16525,207
2230,207
9584,207
11649,207
14510,207
11862,207
8257,207
269,207
22643,207
9393,207
10720,207
30223,207
24920,207
11050,207
9431,207
35264,207
18828,207
35046,207
30528,207
14744,207
640,207
11569,207
10549,207
18613,207
13679,207
28408,207
24758,207
9393,207
17091,207
11018,207
27813,207
27870,207
9584,207
22331,207
28408,207
9584,207
34060,207
32976,207
32976,207
9393,207
36325,207
15201,207
31923,207
35405,207
9584,207
37660,207
37414,207
30585,207
10720,207
24595,207
24595,207
16687,207
30987,207
23132,207
19153,207
11062,207
38445,716
29548,716
8595,716
18157,716
18304,716
9637,716
8873,716
23362,716
6409,716
4631,716
17750,716
2458,716
14964,716
455,716
16142,716
3039,716
19377,716
19942,716
23781,716
19377,716
8676,716
23781,716
23781,716
35368,716
33613,716
34065,716
1722,716
23316,716
32585,349
17735,349
20807,349
17735,349
36128,349
19448,349
2606,349
13651,349
22171,349
4221,349
2637,349
16651,349
14074,349
17979,349
4718,349
4880,349
4711,349
7675,349
18070,349
13984,349
18070,349
5463,349
13958,349
26921,349
27412,349
13984,349
12238,349
31353,349
8648,349
20880,349
11061,349
27012,349
14557,349
4277,349
27068,349
27012,349
35311,349
4277,349
15343,349
1478,349
27228,349
15343,349
34837,349
27228,349
30614,349
34837,349
12598,349
9767,349
16175,349
6792,349
34479,349
4156,349
21827,349
10561,349
14020,349
13037,349
19053,349
15059,349
21421,349
19461,349
9645,349
12738,349
36479,349
12738,349
36479,349
21421,349
14225,349
5162,349
5391,349
12900,349
26362,349
8919,57
26147,57
31281,57
9522,57
29475,57
33691,57
33691,57
15486,57
31362,57
19921,57
870,57
24662,57
24894,57
10351,57
9131,57
9929,57
19577,57
23040,57
21727,57
12793,57
5171,57
28204,57
31281,57
28860,57
24894,57
30660,57
7809,600
4395,600
12877,600
35156,600
31107,600
17010,600
23858,600
7433,600
6765,600
36544,600
26541,600
16440,600
23448,600
977,600
1789,600
38215,600
12644,600
28868,600
16603,600
28658,600
20706,600
33680,600
4693,600
15428,600
29250,600
25884,600
5743,600
14755,600
3421,600
5112,600
25386,600
259,600
5500,600
13994,600
27338,600
5301,600
19797,600
36582,600
20171,600
4780,600
1792,600
33859,600
10901,600
32167,600
15191,600
3598,600
20025,600
27488,600
9444,600
6616,600
16366,600
25393,600
34363,600
33534,600
2444,600
25506,600
1184,600
32508,600
27464,600
9679,600
35606,600
836,600
19494,600
29843,600
7970,600
20675,600
15316,600
10186,600
37988,600
6360,600
21745,600
6073,600
18323,600
19634,600
19903,600
5976,600
4102,600
35719,600
25354,600
7348,600
15605,600
13611,600
15468,600
38327,600
23680,600
1643,600
19467,600
4690,600
24495,600
20335,600
1775,600
30625,600
22596,600
17548,600
37022,600
38450,600
20173,600
30795,600
1375,600
22102,600
31800,600
15005,600
6212,600
10130,600
2056,600
37696,600
38355,600
29169,600
26757,600
20524,600
35263,600
31279,600
15071,600
33565,600
22240,600
15531,600
5802,600
301,600
1216,600
5677,600
31631,600
25464,600
5829,600
7970,600
31009,600
35123,600
9655,600
14171,600
17713,600
18829,600
26005,600
36658,600
27597,600
11406,600
32430,600
1649,600
429,600
10002,600
32741,600
34313,600
14216,600
13722,600
23517,600
4102,600
31738,600
7056,600
4589,600
1878,600
13032,600
3442,600
24818,600
21657,600
34822,600
35773,600
2860,600
16544,600
36318,600
17996,600
21132,600
34265,600
37253,600
10450,600
24826,600
37871,600
24683,600
36211,600
33074,600
30263,600
18549,600
10390,600
2601,600
37973,600
34472,600
27874,600
1742,600
34339,600
14846,600
14325,600
18281,600
7614,600
14827,600
1049,600
26624,600
19662,600
21154,600
7791,600
4708,600
28216,600
28725,600
14483,600
37362,600
23365,600
2312,600
5793,600
28231,600
6398,600
17132,600
3635,600
29849,600
29683,600
35698,600
19564,600
19573,600
1565,600
14405,600
29660,600
33288,600
28919,600
36230,600
3009,600
24677,600
14496,600
14075,600
14006,600
15138,600
14552,600
30788,600
37368,600
18534,600
38389,600
36606,600
12145,600
21785,600
38305,600
14554,600
38106,600
13941,600
33301,600
7720,600
26806,600
22323,600
26399,600
18294,600
32215,600
6760,600
79,600
9287,600
719,600
1211,600
22190,600
36521,600
19150,600
32181,600
3384,600
32189,600
14432,600
10539,600
27015,600
10130,600
9164,600
8677,600
21629,600
36089,600
2670,600
22902,600
28842,600
1834,600
38565,600
38266,600
28682,600
30279,600
23246,600
19776,600
13501,600
8474,600
6335,600
29986,600
2428,600
28286,600
27371,600
30738,600
30463,600
22667,600
11841,600
37052,600
7762,600
34928,600
38176,600
32331,600
18579,600
8174,600
8145,600
6852,600
31412,600
30425,600
17219,600
27445,600
18160,600
22948,600
31213,600
15532,600
37806,600
31900,600
16669,600
5451,600
33235,600
35882,600
14876,600
21128,600
22995,600
18406,600
10406,600
31709,600
13212,600
21573,600
7140,600
28691,600
29931,600
35111,600
10288,600
31415,600
31830,600
17978,600
31585,600
15279,600
36475,600
22862,600
15418,600
14580,600
19438,600
27573,600
38201,600
23275,600
29723,600
3633,600
11747,600
12201,600
20991,600
1244,600
30359,600
5755,600
25670,600
4341,600
35590,600
2710,600
1805,600
21407,600
9517,600
5843,600
11456,600
945,600
24362,600
32256,600
30359,600
16688,600
31074,600
14797,600
23225,600
23090,126
29684,126
19064,126
31278,126
12581,126
14892,126
29590,126
26109,126
18001,126
28611,126
19474,126
22474,126
26743,126
26170,126
32081,126
25154,126
34050,126
26108,126
24360,126
7973,126
13634,126
28677,126
19507,126
24530,126
20886,126
20186,126
34522,126
22404,126
20214,126
29800,126
27439,126
26853,126
24375,126
31250,126
31250,126
28733,126
32926,126
10704,126
28932,126
32255,126
32736,126
31461,126
31461,126
34828,126
19633,126
13312,126
19193,126
3305,249
11450,249
16949,249
30002,249
24855,249
16969,249
9916,249
29897,249
20425,249
36090,249
12021,249
12069,249
29398,249
28854,249
35823,249
18633,249
29105,249
13275,249
21770,249
21331,249
29031,249
21207,249
564,249
1778,249
29075,249
27061,249
22670,249
8361,249
5267,249
22148,249
352,249
20767,249
225,249
31351,249
30283,249
30278,249
19763,249
22924,249
35882,249
7636,249
23204,249
6250,249
22192,249
2840,249
9894,249
37333,249
20183,249
24508,249
2353,249
37375,249
12890,249
20816,249
5082,249
16272,249
23899,249
5600,249
32721,249
1444,249
19611,249
36735,249
31659,249
35437,249
32132,249
11487,249
1345,249
30898,249
13018,249
11766,249
19205,249
5037,249
28244,249
1627,249
15766,249
5069,249
33522,249
13137,249
21223,249
35437,249
37389,249
6371,249
2024,249
14050,249
35282,249
20733,315
33100,315
31394,315
29172,315
25943,315
20733,315
26291,315
3502,315
6721,315
17837,315
28066,315
15803,315
6002,315
29274,315
21534,315
27733,315
24061,315
33510,315
35050,315
20988,315
29172,315
25943,315
31869,315
25260,315
4699,315
4371,315
31087,315
34979,315
37221,315
28500,315
34918,315
25934,315
26195,315
32248,315
11926,315
13709,315
28277,315
30409,315
6917,315
20733,315
16460,315
27032,315
26564,315
25059,315
35307,315
25336,315
22658,315
27281,315
3811,315
8511,315
24715,315
4597,315
25330,315
7869,315
20778,315
7869,315
20733,315
25654,315
29632,315
34564,315
4488,315
4708,315
12070,315
1574,315
14073,315
24119,315
31745,315
32464,315
21975,315
29401,315
2381,315
6060,315
38148,315
37886,315
24267,315
30572,315
16239,315
6870,315
20733,315
7882,315
33051,315
5594,315
5356,315
33319,315
7963,315
32893,315
32893,315
2103,315
32893,315
20431,315
27229,315
33051,315
32893,315
3006,315
10341,315
22898,315
33818,254
15891,254
13909,254
13387,254
2081,254
22883,254
23469,254
5340,254
24568,254
19003,254
12958,254
10012,254
21090,254
12716,254
21090,254
8058,254
29838,254
8835,254
24234,254
17119,254
5026,254
26266,254
29211,254
18260,254
12290,254
11279,254
90,254
18415,254
22255,254
18206,254
1785,254
17289,254
21503,254
457,254
2966,254
3804,254
32327,254
14720,254
20328,254
17642,254
21779,254
13882,254
31089,254
19324,254
18224,254
13437,254
28045,254
21491,254
11896,254
12981,254
1852,254
3965,254
875,254
11023,254
875,254
16774,254
10779,254
24508,254
13245,254
4384,254
3095,254
16859,254
27964,254
16272,254
32864,254
16272,254
24630,254
10867,254
12364,254
18234,254
7972,254
1209,254
3093,254
1543,254
16476,254
31848,254
2263,254
12325,254
7192,254
4124,254
2310,254
30545,254
19851,254
21426,254
7060,254
27860,254
12222,254
13372,254
21156,254
21032,254
21593,254
18178,254
1479,254
2839,254
10830,254
16267,254
13451,254
30506,254
25953,254
14259,254
33709,254
26294,254
33035,254
5255,694
13524,694
1891,694
3827,694
4551,694
38612,694
30624,694
10452,694
28759,694
15682,694
33603,694
26110,694
24177,694
18986,694
20500,694
8005,694
37169,694
27266,694
6081,694
12769,694
16850,694
14063,694
34597,694
34276,694
5757,694
20646,694
16982,694
36104,694
6077,694
25212,694
38167,694
10887,694
21636,694
9607,694
25123,694
14597,694
843,694
2199,694
27147,694
24955,694
18627,694
30472,694
36022,694
12010,276
24997,276
36402,276
15272,276
21711,276
32679,276
29228,276
20815,276
28767,276
19607,276
37783,276
16555,276
680,276
26260,276
2566,276
35168,276
29778,276
6390,276
5003,276
19759,276
33605,276
11510,276
29189,276
15464,276
14649,276
7876,276
33988,276
23553,276
6102,276
33567,276
6364,276
31765,276
5951,276
31823,276
5895,276
32085,276
23616,276
9895,276
6102,276
9676,276
32917,276
29037,276
32085,276
27312,276
22652,276
36297,276
32715,276
27312,276
12268,276
3143,276
6102,276
17272,276
5404,276
26181,276
32715,276
12268,276
28498,276
13177,276
24057,276
26181,276
23535,276
24057,276
11430,276
21628,276
21628,276
21856,276
21856,276
21856,276
36297,276
5003,276
29172,276
7846,276
27312,276
35168,276
35168,276
26195,276
10261,276
29581,276
29485,276
36367,276
31444,276
31367,276
30847,276
30266,276
7009,276
32512,276
31559,276
25410,276
6627,276
3747,276
9301,276
8985,684
31856,684
8071,684
1300,684
28417,684
27055,684
4014,684
2952,684
5405,684
35882,684
596,684
13882,684
33809,684
1920,684
33896,684
17090,684
3640,684
11770,684
24509,684
8409,684
12044,684
164,684
12036,684
12036,684
3033,684
2541,684
37208,684
37208,684
36576,684
16366,684
14834,684
12044,684
14834,684
10032,684
36374,649
36296,649
29913,649
36373,649
36426,649
33429,649
36298,649
33322,649
36520,649
36519,649
33763,649
36524,649
33311,649
26181,316
28148,316
20733,316
18939,316
4903,316
13598,316
30409,316
27409,316
25260,316
4699,316
2075,316
18543,316
5127,316
31425,316
37221,316
20733,316
31425,316
20733,316
34918,316
28555,316
23661,316
2053,316
31087,316
4592,316
20733,316
13709,316
24971,316
10732,316
4992,316
7674,316
33787,316
6870,316
31630,316
17320,316
9351,316
5867,316
13761,316
37359,316
1544,316
10874,316
18066,316
14334,316
14850,316
28361,316
27544,316
24130,316
25207,316
12268,316
3258,316
5456,316
26692,316
25654,316
9237,316
24973,316
30592,316
29012,316
5895,316
8818,316
34945,316
24145,316
23782,316
35062,316
30369,316
34985,316
11401,316
12454,316
4063,316
29505,316
27209,316
4026,316
21439,316
3571,316
35371,316
35966,316
36884,316
7168,316
35598,316
13480,316
27511,316
20733,316
13090,316
20733,316
5717,316
34220,316
16966,316
26428,316
25396,316
26859,316
33204,316
31916,316
19632,316
19632,316
24119,316
34844,316
29311,316
3003,316
11810,316
16239,316
37400,316
6748,316
29230,316
13158,316
30038,316
25739,316
4913,316
21788,316
7770,316
2296,316
7660,316
29394,316
24715,316
37985,316
25244,316
36465,316
2927,316
22225,316
27690,316
22225,316
9777,316
28148,316
34679,316
22107,316
19956,288
15044,288
23589,288
6,288
22879,288
8404,288
10512,288
31041,288
1594,288
21157,288
17587,288
4317,288
9633,288
19113,288
34364,288
27031,288
20963,288
24495,288
30977,288
20479,288
20361,288
18400,288
5582,288
26315,288
35902,288
23141,288
19598,288
25245,288
14407,288
4103,288
27785,288
4743,288
11928,288
26940,288
31601,288
7832,288
33258,288
29555,288
25896,288
13290,288
26940,288
23717,288
23383,288
26164,288
30112,288
25068,288
4795,288
3308,288
33985,288
18373,288
4756,288
10599,288
3556,288
22128,288
16547,288
37909,288
23135,288
28912,288
33882,288
14681,288
18286,288
15567,288
7450,288
25073,288
27115,288
23707,288
36356,288
15154,288
12832,288
36936,288
23601,288
34164,288
33840,288
29825,288
31937,288
15982,288
31091,288
23467,288
11689,288
36808,288
18529,288
10388,288
13410,288
10739,288
20905,288
8120,288
24022,288
17205,288
9682,288
16599,288
20381,288
11931,288
29628,288
27339,288
20998,288
30944,288
26723,288
26377,288
26252,288
25033,288
9261,288
21285,288
25999,288
16194,288
17960,288
8570,288
23760,288
11316,288
19844,288
30167,288
24195,288
9560,288
18780,288
4596,288
36391,288
11228,288
23868,288
33431,288
26060,288
32509,288
1618,288
31844,288
35992,288
20237,288
30167,288
10814,288
21093,288
13912,288
31879,288
13949,288
19533,288
29388,288
6902,288
24544,288
25673,288
32754,288
24534,288
22364,288
24896,288
20129,288
14365,288
252,288
21273,288
24890,288
19510,288
10739,288
23595,288
15757,288
14617,288
10739,288
11770,288
3137,288
28998,288
25762,288
28239,288
27273,288
35764,288
21164,288
15353,288
4286,288
8177,288
18125,288
33278,288
11939,288
19433,288
16786,288
28596,288
4472,288
20711,288
19148,288
14670,288
3962,288
23961,288
35641,288
31566,288
18890,288
20337,288
23234,288
18993,288
17460,288
15541,288
17203,288
17744,288
6981,288
7059,288
2127,288
4332,288
14691,288
14296,288
14322,288
19602,288
33001,288
7843,288
13996,288
20005,288
33712,288
20762,288
5322,288
31702,288
25892,288
4741,288
5942,288
4936,288
3270,288
18510,288
10635,288
4769,288
7414,288
30985,288
23452,288
37485,288
2271,288
7873,288
27779,288
19505,288
27895,288
26278,288
24181,288
24181,288
17508,288
26106,288
21908,288
7499,288
5213,288
29462,288
3634,288
15841,288
20104,288
10346,288
5833,288
17234,288
9778,288
35386,288
28710,288
37939,288
37088,288
17953,288
5798,288
31307,288
26323,288
24254,288
19969,288
14411,288
20949,288
20949,288
20949,288
19113,288
19113,288
22267,288
21025,288
34113,288
19113,288
31536,288
11502,288
33081,288
32495,288
18130,288
33168,288
21036,288
5543,288
27485,288
18639,288
17677,288
21644,288
22267,288
31780,288
22974,288
29963,288
10039,288
74,288
22096,28
29333,28
29862,28
8047,28
23848,28
24597,28
25133,28
8077,28
30157,28
26742,28
18701,28
17919,28
12699,28
18088,28
13657,28
15443,28
18093,28
27457,28
9877,28
31915,28
14308,28
11166,28
9273,28
13874,28
16524,28
4166,28
11949,28
23939,28
11973,28
17620,28
24248,28
19758,28
10496,28
7733,28
840,28
27281,28
18359,28
27030,28
29693,28
6918,28
17253,28
29810,28
26860,28
8785,28
6617,28
17652,28
25527,28
19901,28
11156,28
21801,28
31993,28
621,28
28700,28
15145,28
26701,28
8482,28
13473,28
17494,28
3296,28
32087,28
9352,28
6625,28
27687,28
11347,28
426,28
1909,28
8353,28
30016,28
32224,28
12032,28
26240,28
16450,28
21839,28
204,28
25220,28
30931,28
28383,28
3487,28
2794,28
28540,28
20557,28
1323,28
16996,28
9173,28
13822,28
19870,28
4045,28
15693,28
18603,28
15202,28
21163,28
27322,28
28955,28
2413,28
12034,28
1301,28
14768,124
30647,124
10411,124
29832,124
32764,124
25251,124
16056,124
20032,124
19474,124
16346,124
21365,124
15660,124
15678,124
24308,124
16280,124
33385,124
12446,124
27620,124
19651,124
5408,124
28466,124
29633,124
17504,124
10021,124
9294,124
12265,124
24663,124
10365,124
12597,124
14011,124
14892,124
9681,124
23594,124
20070,124
22252,124
7073,124
33155,124
28711,124
32020,124
23485,124
30607,124
26535,124
33339,124
19071,124
32182,124
16901,124
19297,124
28638,124
25865,124
4034,124
11847,124
12460,124
11866,124
30623,124
28167,124
16148,124
16148,124
26048,124
18455,124
27188,124
10157,124
34348,124
15039,124
32411,124
19580,124
33485,124
33139,124
30260,124
24380,124
31095,124
34828,124
33500,124
8654,232
10012,232
3020,232
12865,232
15301,232
377,232
21344,232
16855,232
35418,232
11766,232
6755,232
23357,232
14583,232
28153,232
10241,232
13111,232
11023,232
8389,232
1558,232
13731,232
18879,232
34436,232
416,232
27270,232
26318,232
19931,232
4609,232
20123,232
388,232
27963,232
29203,232
13920,232
18480,232
30899,232
16774,232
17420,232
13245,232
17450,232
15924,232
24630,232
9820,363
18668,363
21043,363
21612,363
21732,363
33352,363
11706,363
15177,363
26005,363
9478,363
19508,363
28725,363
3596,363
17230,363
26026,363
5017,363
28309,363
36715,363
35802,363
33324,363
15768,363
28710,363
3692,363
1540,363
18587,253
9945,253
7971,253
370,253
3165,253
37700,253
21240,253
19804,253
13152,253
11602,253
28863,253
3020,253
5556,253
1905,253
19769,253
15717,253
3359,253
20123,253
28251,253
3010,253
2081,253
28257,253
29897,253
18144,253
29897,253
497,253
20242,253
1628,253
8248,253
15829,253
27550,253
19769,253
31475,253
17081,253
29917,253
13747,253
24051,253
27101,253
21331,253
8180,253
5082,253
327,253
9751,253
33140,253
15118,253
22969,253
14428,253
4043,253
21656,253
17228,253
8394,253
14559,253
25504,253
35418,253
23273,253
7694,253
35843,253
14829,253
7467,253
2137,615
79,615
15589,615
38306,615
30866,615
2860,615
11904,615
18698,615
37088,615
26972,615
28658,615
6676,615
23325,615
30720,615
1800,615
3076,615
31070,615
8947,615
37084,615
18442,615
35679,615
25233,615
7573,615
29723,615
14809,615
4913,615
19664,615
6633,615
25342,615
28161,615
29394,615
29930,615
33628,615
3545,615
30942,615
21296,615
1800,615
29695,615
6588,557
17365,557
24798,557
25847,557
2810,557
21652,557
834,557
3271,557
15334,557
37696,557
31712,557
34674,557
27592,557
10164,557
22528,557
36145,557
21540,557
25506,557
1326,557
3106,557
15613,557
22536,557
27876,557
33265,557
25123,557
30177,557
24880,557
32960,557
5778,557
29746,557
30732,557
21001,557
21050,557
34717,557
17091,557
27370,557
22961,557
4603,557
38012,557
228,557
18139,557
14270,557
28725,557
35907,557
26320,557
14856,557
10668,557
36755,557
30294,557
1084,548
2233,548
27255,548
20106,548
7545,548
34249,548
7099,548
10479,548
6934,548
508,548
31926,548
27382,548
37167,548
16637,548
26800,548
17014,548
24084,548
1595,548
4837,548
122,548
35292,548
2585,548
38435,548
29117,548
7504,548
6326,548
7449,548
6238,548
18483,548
25862,548
12060,548
30296,548
35679,548
30776,548
15175,548
6011,548
19919,548
9483,548
37034,548
34063,548
7230,548
37824,548
14631,548
3009,548
26315,548
12098,548
8818,548
7103,548
5459,548
37677,548
30350,548
9488,548
156,548
28823,548
12924,548
7248,548
15180,548
137,548
28670,548
31325,548
1437,548
22185,548
10550,548
32960,548
1911,548
28725,548
28520,548
36734,548
5030,548
88,548
30160,548
35670,548
37265,548
28824,548
12310,548
6325,548
9691,548
5406,548
37823,548
33242,548
8296,548
6691,548
12045,548
3700,548
35882,548
34201,548
32192,548
4958,548
2449,548
8818,463
37631,463
1715,463
30486,463
3309,463
1516,463
38516,463
24715,463
12973,463
16141,463
3656,463
28399,463
33988,463
26625,463
22845,463
37444,463
33201,463
37819,463
7869,463
27185,463
35371,463
12167,463
9863,463
23191,463
18421,463
37965,463
18276,463
2013,463
12848,463
27754,463
21645,463
35832,463
26515,463
31376,463
12694,463
6972,463
32622,463
35711,463
10659,463
24565,463
21340,463
1639,463
8818,463
28102,463
35540,463
34310,463
17516,463
25856,463
29010,463
9215,463
12968,463
3721,463
28131,463
23588,463
6096,463
4626,463
7440,463
19592,463
6123,463
34304,463
31142,463
6575,463
11719,463
33070,463
34195,463
25430,463
34679,463
25043,463
27059,463
37044,463
8316,463
20829,463
30129,463
31556,463
16934,463
8818,463
5895,463
6466,463
31087,463
36605,463
21489,463
23786,463
5210,463
21130,463
8511,463
14470,463
10668,463
1955,463
13817,463
22186,463
8484,463
17192,463
29298,463
9897,463
19736,463
9897,463
34930,463
25739,463
20065,463
17876,463
29823,463
37136,463
33750,463
5161,463
7316,463
35788,463
6543,463
13250,463
36343,463
5456,463
14288,245
6551,245
35625,245
7511,245
14614,245
36912,245
19648,245
30119,245
4069,245
18934,245
5669,245
2610,245
11427,245
4098,245
23054,245
7064,245
3894,245
20477,245
10125,245
22562,245
3945,245
27068,245
8360,245
18942,245
34409,245
21141,245
34094,245
6845,245
29846,245
23045,245
30547,245
2463,245
29062,245
8180,245
26793,245
32707,245
28966,245
26864,245
35451,245
31619,245
2563,245
20888,245
26848,245
4953,245
25519,245
6472,245
13195,245
3339,245
5299,245
33334,245
4671,245
16988,245
17999,245
34458,245
37375,245
1258,245
32132,245
20389,245
13569,245
31005,245
9432,245
21826,245
34589,245
1572,245
3095,245
10012,245
449,245
3095,245
6512,245
17089,245
32887,245
15607,245
6267,245
10928,245
9791,245
22255,245
5402,245
3422,245
18113,245
4138,245
4469,245
22057,245
9818,245
6431,245
30357,245
31619,245
27478,245
9741,245
18569,245
7254,245
26651,245
17061,245
26651,245
3931,245
18593,245
14314,245
28942,245
35204,245
36092,245
24139,245
6287,245
14392,245
30314,327
16866,327
26064,327
11873,327
28305,327
16354,327
4112,327
11315,327
24481,327
24620,327
24615,327
5837,327
22448,327
25889,327
25868,327
25758,327
19193,327
25970,327
16027,327
31280,327
21068,327
15609,327
24511,327
21910,327
22967,327
21910,327
37240,327
31373,327
26933,327
37381,327
15396,327
23832,327
1218,327
32274,327
7693,609
6796,609
16868,609
13045,609
29539,609
32377,609
15029,609
8655,609
10278,609
30680,609
37317,609
18651,609
38432,609
18753,609
8991,609
19139,609
18798,609
1714,609
29637,609
18580,609
26274,609
25269,609
37603,609
37933,609
37603,609
33946,609
1999,609
6692,609
27371,609
24097,609
3867,609
38175,609
2845,609
6269,609
28946,609
19623,609
18579,609
34228,609
6667,609
34628,609
20998,609
1959,609
17219,609
33146,609
30405,609
5406,609
26073,609
2045,609
4354,609
27208,609
26967,609
34943,609
6386,609
28140,609
5738,609
18718,609
15504,609
5919,609
839,609
30169,609
17962,609
17968,609
38480,609
881,609
24382,609
36756,609
35565,609
22044,609
22254,609
19351,609
8358,609
37766,609
24921,609
15212,609
19405,609
37253,609
3141,609
15291,609
20390,609
27360,609
17865,609
18623,609
31779,609
18639,609
32728,609
30373,609
9778,609
14509,609
24534,609
244,609
31676,609
35056,609
8046,609
15470,609
2756,163
15527,163
15388,163
31149,163
7780,163
5827,163
12377,163
11505,163
16988,163
5299,163
12536,163
14527,163
32346,163
21221,163
13313,163
21755,163
6312,163
19799,163
18041,163
7037,163
2973,163
22997,163
6099,163
10801,163
3996,163
30681,163
35037,163
19833,163
27301,163
18272,163
8676,163
11754,163
4219,163
20154,163
13362,163
16811,163
24058,163
18434,163
15298,163
18787,163
13331,163
15344,163
19995,163
25528,163
5430,163
19989,163
18924,163
10072,163
4105,163
19283,163
9348,163
32241,163
16532,163
20397,163
21951,163
5131,163
20480,163
15406,163
18570,163
15995,163
7605,163
9348,163
14979,163
14672,163
4472,293
35581,293
8064,293
33081,293
26323,293
536,293
32450,293
28596,293
4417,293
3347,293
17806,293
31090,293
22267,293
32509,293
18016,293
4741,293
4166,293
7434,293
4099,293
25903,293
32627,293
13914,293
7411,293
35481,293
22450,293
26160,293
33985,293
18552,293
9560,293
6962,293
37481,293
32146,293
20117,293
32495,293
34364,293
19919,293
28710,293
35314,293
24028,293
4743,293
26160,293
31112,293
22844,293
36777,293
4795,293
30112,293
15350,293
20927,293
13887,293
15567,293
13887,293
30235,293
28227,293
10676,293
20668,293
5329,293
11019,293
19987,293
15154,293
10814,293
3409,293
20341,293
20341,293
2172,170
27522,170
25438,170
28528,170
11396,170
20409,170
26428,170
23996,170
5146,170
6836,170
35966,170
9573,170
1492,170
34017,170
29025,170
5560,170
23761,170
28592,170
27891,170
19847,170
36028,170
1557,170
36280,170
5698,170
25490,170
6015,170
9153,170
11442,170
5721,170
11128,170
9369,170
1481,170
19382,170
19582,170
36217,170
28764,170
20395,170
7352,170
7352,170
27002,170
22156,170
22863,170
15260,170
20395,170
33108,170
10680,170
13273,170
20988,170
3215,170
28089,170
262,170
6157,170
5306,170
28282,170
19419,221
7655,221
17538,221
37738,221
19014,221
15571,221
20808,221
28964,221
21867,221
10415,221
12910,221
22001,221
24753,221
22312,221
9159,221
3023,221
32883,221
9480,221
35335,221
10658,221
5719,221
9132,221
26195,221
24786,221
9864,221
18936,221
33393,221
7189,221
30103,221
36395,221
5719,221
30103,221
11048,221
28953,221
28221,221
37491,221
9940,221
3321,221
2566,221
32352,221
6096,221
12268,221
30597,221
31688,221
19957,221
16820,221
28992,221
36030,221
31607,221
1859,453
36894,453
12666,453
33348,453
12480,453
32758,453
5284,453
26747,453
37223,453
23499,453
26130,453
25328,453
6452,453
30085,453
5822,453
25638,453
18202,453
7034,453
25539,453
26641,453
11729,453
30262,453
36511,453
32343,453
11976,453
27880,453
29467,453
15763,453
37399,453
25889,453
21633,453
33971,453
11003,453
35844,453
36793,453
28894,453
18905,453
11916,453
34371,453
36855,453
27181,453
16242,453
26621,453
6345,453
5308,453
21792,453
366,453
31616,453
9860,453
13262,453
28581,453
10953,453
21520,453
18748,453
27057,453
19647,453
29863,453
24413,453
21424,453
20848,453
4902,453
33493,453
27230,453
27591,453
17086,453
8708,453
26519,453
37476,453
25351,453
37239,453
29291,453
29486,453
29486,453
22140,453
24399,453
20677,453
36285,453
15557,453
33827,453
24450,453
26592,453
20715,453
29568,453
34743,453
21976,453
36318,453
25060,453
36270,453
17824,453
24578,453
26359,453
29268,453
30537,453
36412,453
12685,453
15040,453
27563,453
38423,453
17263,679
30888,679
26235,679
948,679
17702,679
36432,679
27384,679
30888,679
23293,679
1173,679
5295,679
37531,679
12199,679
28515,679
2827,679
21279,679
2593,679
8411,679
320,679
4778,679
28490,679
17252,679
7064,679
8595,679
1259,679
6652,679
16142,679
3262,679
4152,679
36587,679
17056,679
13026,679
22907,679
6436,679
36877,679
6436,679
18949,679
38283,679
10041,679
10041,679
12526,679
37550,679
19018,679
13748,679
38583,679
3461,679
13254,679
18765,679
7486,679
955,679
27067,679
18279,679
3117,679
30675,679
16289,679
15449,679
30260,679
31942,679
2112,679
27922,679
5943,679
8556,679
28239,679
9473,679
3117,679
29020,679
26011,679
21085,679
26011,679
37102,679
25203,679
27198,679
24980,679
18408,679
2993,679
27763,679
36074,679
18747,679
14103,679
22163,679
5913,679
30951,679
3461,679
35367,679
31479,679
29408,679
30763,679
20399,679
5034,679
16534,679
15393,679
20509,679
21905,679
8938,679
19654,679
14160,679
17743,679
10240,679
17433,679
14882,679
32820,679
33753,679
7903,679
33773,679
28418,679
16122,679
3785,679
12001,679
36880,679
9504,679
28278,679
21005,679
7934,679
27333,679
35882,679
1674,679
37846,679
24186,679
17508,679
19334,663
23858,663
19072,663
12979,663
30393,663
21594,663
946,663
16877,663
33127,663
3072,663
30131,663
2227,663
5468,663
18585,663
37356,663
19334,663
14982,663
3843,663
32315,663
2539,663
6134,663
30732,663
7080,663
36521,663
4049,663
23373,663
38200,663
17679,663
27068,663
12502,663
18964,663
17112,663
10969,663
26050,663
32546,663
17243,663
32857,663
25602,663
19899,663
15334,663
3059,663
31510,663
20090,663
27570,663
7049,663
27239,663
29943,663
31386,663
18627,663
29017,663
35026,663
7590,663
4499,663
19356,663
22058,663
16861,663
1615,663
5937,663
13146,663
1615,663
7886,663
20278,663
27670,663
32618,663
14371,663
34474,663
25217,663
31628,663
26739,663
2228,663
22454,663
1912,663
34228,663
38235,663
26034,663
10337,663
38222,663
31599,663
18443,663
29304,663
10906,663
17355,663
423,663
3234,663
31595,663
31595,663
29258,663
11581,663
36025,663
35440,663
32458,663
30242,663
37350,663
29258,663
6064,663
22031,663
31353,663
37664,663
2155,663
6526,663
6371,663
3509,663
1107,663
952,663
2172,663
5853,663
7729,663
29460,663
12403,663
6152,663
32768,663
28436,663
28436,663
13338,663
2280,663
11517,663
26320,663
9894,663
32061,663
23704,663
14597,663
4541,663
35511,663
6325,663
8512,663
13501,663
24479,663
16887,663
11696,663
24076,663
36341,663
32839,663
19381,663
28731,663
25655,663
31921,663
19947,663
19034,663
14394,663
7498,663
27955,663
3656,663
8084,663
13418,663
28943,663
37106,663
10600,663
7142,663
5155,663
19619,663
511,663
18563,663
22427,663
4506,663
31757,663
31830,663
7124,663
34939,663
32867,663
1625,663
38113,663
38113,663
1625,663
21694,663
20090,663
14714,663
38565,663
10207,663
6785,663
11406,663
2011,663
9892,663
75,663
942,663
290,663
1824,663
4616,663
7549,663
1119,663
18738,663
21473,663
22887,663
23874,663
263,663
6488,663
5377,663
7320,663
530,663
6488,663
10845,663
7392,663
13847,663
9538,663
13658,663
26748,663
21055,663
7837,663
36351,663
38084,663
23065,663
5352,663
20132,663
20985,663
28814,663
30908,663
37982,663
37168,663
15520,663
3113,663
6740,663
30348,663
8893,663
21151,663
31368,663
2508,663
26236,663
37810,663
979,663
9743,663
25772,663
427,663
37600,663
54,663
34349,663
4233,663
31087,663
3756,663
6223,663
575,663
5862,663
11134,663
37122,663
5535,663
14113,663
14113,663
24877,663
6185,663
35231,663
7223,663
34450,663
34450,663
34450,663
22648,663
33291,663
8330,396
24571,396
33482,396
19156,396
1068,396
27818,396
14295,396
38331,396
12325,396
7781,396
30878,396
15613,396
13185,396
30904,396
1963,396
15021,396
10696,396
19303,396
15021,396
29254,396
30959,396
34025,396
11603,396
29512,396
2519,396
14314,396
12638,396
37925,396
25978,396
36396,396
5012,396
18226,396
28328,396
31216,396
6406,396
5623,396
1064,396
17524,396
19630,396
12913,396
36934,396
15124,295
12485,295
20145,295
29608,295
8232,295
10825,295
35435,295
26625,295
37136,295
2629,295
5751,295
17429,295
9298,295
16499,295
3328,415
33105,415
28614,415
36781,415
10818,415
11598,415
26432,415
18155,415
14421,415
36764,415
32040,415
22109,415
33415,415
30584,415
12376,415
15544,415
12682,415
29879,415
37192,415
2488,415
3328,415
14027,415
25719,415
14213,415
37702,415
26680,415
25719,415
25719,415
14213,415
6455,415
37001,415
13146,415
15815,415
10619,415
26622,415
9351,415
15984,415
15957,415
854,415
25561,415
839,415
32212,415
25800,415
4132,415
14512,415
31246,415
13840,415
30494,415
25959,415
14262,415
35439,415
10084,415
20439,415
37006,415
35714,415
36663,535
3149,535
5708,535
9508,535
3518,535
32832,535
21577,535
13304,535
13938,535
9290,535
3392,535
4295,535
22459,535
22086,535
1983,535
16574,535
38142,535
3463,535
23461,535
33640,535
1184,535
3638,535
7769,535
16321,535
7571,535
9859,535
37099,535
3754,535
22522,535
8055,535
9071,535
23585,535
4837,535
27,535
34053,535
29178,535
32424,535
34438,535
17020,535
19346,535
36290,535
4267,535
26165,535
17508,535
16078,535
22301,662
34049,662
36318,662
6604,662
27563,662
23819,662
37741,662
21429,662
28271,662
30088,662
25189,662
27181,662
9625,662
35223,662
18937,662
25530,662
8153,662
28222,662
20599,662
23499,662
34251,662
26311,662
32373,662
28324,662
22287,662
35722,662
21046,662
28741,662
24413,662
37173,662
27765,662
13122,662
29221,662
25351,662
27085,662
18261,662
36153,662
31028,662
38423,662
26130,662
32684,662
26137,662
26519,662
27591,662
17824,662
9729,662
1480,325
11604,325
36638,325
1024,325
34023,325
17269,325
31698,325
34778,325
13174,325
1024,325
12112,325
12112,325
12112,325
7938,325
16299,37
4292,37
551,37
30955,37
32742,37
32742,37
21362,37
8181,575
14183,575
34960,575
12562,575
753,575
6071,575
34364,575
12304,575
28728,575
22329,575
14818,575
12002,575
2799,575
2539,575
19964,575
22602,575
15168,575
21828,575
22351,575
9278,575
3171,575
23386,575
22201,575
28893,575
31470,575
14574,575
2673,575
3909,575
36575,575
24999,575
7312,575
16964,575
6150,575
17108,575
8215,575
23867,575
28725,575
24650,575
16493,575
27913,575
28355,575
6831,575
11762,575
38293,575
7017,575
2625,575
21566,575
16483,575
17102,575
5534,575
985,575
10836,575
22259,575
12194,575
31107,575
3014,575
31114,575
29216,575
29200,575
25506,575
37061,575
32071,575
28307,575
6777,575
9661,575
17396,575
156,575
13754,575
24200,575
23789,575
9993,575
20749,575
8274,575
9840,575
21337,575
17497,575
24056,575
17044,575
2164,575
5124,575
21010,575
5326,575
35516,575
17441,575
11342,575
17167,575
17282,575
22495,575
9662,575
22299,575
16824,575
18795,575
9519,575
6853,575
38212,575
25831,575
7007,575
31951,575
17630,575
33258,575
10308,575
29101,575
37468,575
36996,575
19391,575
27445,575
29964,575
37882,575
14511,575
14602,575
6315,507
3203,507
23303,507
9246,507
37455,507
4072,507
364,507
15128,507
22822,507
27780,507
32238,507
13185,507
29470,507
11862,507
23127,507
34899,507
13463,507
14006,507
9442,507
31936,507
38272,429
33356,429
28063,429
23897,429
3147,429
2775,429
33286,429
30280,429
33455,429
22686,429
36706,429
25843,429
12075,429
1801,429
34182,429
36885,429
22832,429
36335,429
23216,429
23260,429
25325,429
5818,429
13401,429
2106,429
35975,429
33874,429
34900,429
2403,429
34320,429
6466,429
24024,429
24464,429
8946,429
36596,429
4265,571
7732,571
38604,571
35623,571
5697,571
38391,571
1023,571
15428,571
610,571
5088,571
3332,571
10529,571
1391,571
36084,571
25152,571
32254,571
905,571
26945,571
31303,571
31840,571
36353,571
14778,571
38139,571
5585,571
34372,571
4622,571
3510,571
22949,571
22597,571
19552,571
12796,571
3327,571
36218,571
15611,571
6827,571
11014,571
32402,571
13155,571
15334,571
2383,571
24594,571
13606,571
12746,571
20892,571
497,571
5841,571
31063,571
38329,343
35693,343
37561,343
28165,343
18218,343
18474,343
5969,343
27833,343
1569,343
7752,343
16142,343
31214,343
8045,343
22600,343
38317,343
298,343
848,343
35672,343
10136,343
7752,343
23980,343
25153,343
23980,343
2730,343
28393,343
6163,343
10892,343
25880,210
26764,210
25052,210
14942,210
18807,210
18892,210
4018,210
3739,210
35040,210
33222,210
8938,210
37119,210
22702,210
783,210
30579,210
27302,210
15447,210
28270,210
29841,210
29658,210
22232,210
24910,210
21707,210
10809,210
21197,210
6207,210
29488,210
18396,210
28613,210
30829,210
30435,210
3313,210
29367,210
9704,210
26093,210
19465,210
29734,210
20897,210
20362,210
27929,210
22988,210
31391,210
15533,210
24441,210
28299,210
20139,210
27481,210
16232,210
32803,210
22624,210
30484,210
28253,210
33237,210
21997,210
8004,210
33061,210
37467,210
10108,210
27622,210
34872,210
12235,210
14087,210
19681,210
23832,210
16131,210
37533,494
27322,494
18573,494
26816,494
29199,494
14025,494
4569,494
3618,494
37840,494
17758,494
4638,494
3744,494
2621,494
23456,494
24791,494
4928,494
170,494
9495,494
20419,494
15325,494
31495,494
1222,494
37472,494
7549,494
27232,494
8472,494
14987,494
5687,494
24462,494
1192,494
33086,494
23005,494
23909,494
7572,494
15142,494
22519,494
4483,494
26471,494
13772,494
3453,494
16990,494
747,494
12815,494
8433,494
21847,494
7634,494
8307,494
18483,494
38125,494
2161,494
8180,494
10906,494
11447,494
19169,494
18541,494
14348,494
9706,494
17024,494
2805,494
17609,494
1967,494
14393,494
15525,494
18093,494
2788,494
4950,494
24154,494
3691,494
15917,494
11691,494
27824,494
35344,494
30937,494
14323,494
8143,494
19990,494
9872,494
17791,494
4142,494
5630,494
569,494
15910,494
1992,494
17135,494
790,494
15910,494
912,494
16984,494
19360,494
6338,494
20507,494
5734,494
27098,494
16788,494
23430,494
14567,494
23274,494
30115,494
30878,494
18762,494
17163,494
36521,494
21288,494
25824,494
958,494
23220,494
15950,494
4950,494
14358,494
14564,494
1206,494
29093,494
35639,494
32060,494
9894,494
5352,494
36478,494
3229,494
9781,494
11404,494
9020,494
32060,494
29631,494
1994,494
3575,494
13091,494
8710,494
12998,494
36514,494
1169,494
14106,494
29852,494
6233,494
36990,494
35952,494
20141,494
22535,494
36420,494
18299,494
17953,494
35720,494
12250,494
21043,494
27871,494
5486,494
36637,494
17355,494
33104,494
33968,494
17089,494
14994,494
28256,494
7290,494
12193,494
12290,494
10130,494
22484,494
5174,494
12869,494
36514,494
20652,494
18747,494
25996,494
1450,494
3494,494
18692,494
29159,494
23939,494
10563,494
13152,494
24071,494
19765,494
22516,494
4634,494
5569,494
959,494
31148,494
16150,494
30533,494
19890,494
30815,494
30053,494
5389,494
1712,494
19537,494
34944,494
2630,494
35204,494
20838,494
3820,494
13901,494
16411,494
10811,494
13499,494
9316,494
13507,494
14439,494
35191,494
38280,494
34904,494
19000,494
14492,494
2474,494
27617,494
23655,494
36500,494
21022,494
14283,494
15163,494
8676,494
13537,494
23140,494
31089,494
16674,494
37716,494
18166,494
18461,494
15480,494
25266,494
35103,494
32650,494
13059,494
29349,494
4678,494
34266,494
23384,494
8815,494
4431,494
37517,494
16689,494
2174,494
38024,494
12340,494
8758,494
7321,494
6904,494
7165,494
11950,494
23938,494
15135,494
1308,494
6550,494
25528,494
18052,494
28559,494
14959,494
9401,494
6431,494
6503,494
23276,494
19123,494
35032,494
31546,494
27981,494
14168,494
16676,494
30682,494
32654,494
34829,494
32101,494
4213,494
6308,494
18585,494
22589,494
25545,494
26151,494
20659,494
34595,494
30082,494
12784,494
38023,494
14127,494
8994,494
14005,494
12332,494
551,494
18605,494
33293,494
2086,494
6417,494
12431,494
20291,494
21668,494
36844,494
15484,494
34385,494
13624,494
22624,494
35038,494
29867,494
6964,494
5813,494
9018,494
12147,494
5789,494
34030,494
20888,494
38033,494
23334,494
12887,494
12887,494
25011,494
21552,494
37375,494
14637,494
10153,494
2973,494
18546,494
11594,494
11134,494
30097,494
4504,494
34165,494
27850,494
6533,494
3485,494
15400,494
3262,494
29142,494
13217,494
32599,494
11936,494
4044,494
30731,494
20353,494
31784,494
23132,494
38183,494
29282,494
7299,494
19668,494
20443,494
11590,494
8912,494
28955,494
27456,494
18300,494
8846,494
6538,494
22595,494
18477,494
5963,494
16495,494
7344,494
6312,494
6447,494
37572,494
2438,494
18381,494
36744,494
29728,494
17937,494
22230,494
17001,494
23194,494
16026,494
26168,494
22409,494
15980,494
16372,494
16456,494
4410,494
34602,494
19825,494
5761,494
24250,494
20766,494
4306,494
35238,494
15310,494
4842,494
8574,494
1068,494
1050,494
6327,494
20176,494
1185,494
18431,494
27251,494
36817,494
6397,494
26904,494
20796,494
22626,494
8947,494
1185,494
7010,494
4192,494
29560,494
21600,494
23877,494
23818,494
3681,494
30518,494
31399,494
10168,494
14757,494
36653,494
2722,494
24861,494
20761,494
18942,494
4016,494
24179,494
36369,494
29889,494
18320,494
5008,494
13526,494
3053,494
31885,494
18509,494
34975,494
20550,494
3053,494
25563,494
5466,494
13120,494
15945,494
16706,494
12648,494
19233,494
26845,494
18749,494
17592,494
35392,494
6143,494
31644,494
13725,494
34513,494
32899,201
9136,201
3017,201
15894,201
10189,201
24516,201
21399,201
192,201
17064,201
27015,201
3697,201
10409,201
26861,201
15570,201
1150,201
21086,201
1956,201
35207,201
3351,201
32964,201
24451,201
37175,201
1118,201
28065,201
9025,201
31949,201
36256,201
16982,201
31740,201
22961,201
10116,201
20257,201
16152,201
28877,201
7385,201
31575,201
25946,201
33553,201
9003,201
20488,201
21601,201
12142,201
19525,201
15636,201
31016,201
32377,201
23240,201
10840,201
24338,201
13770,201
28371,201
16413,201
1172,201
34741,201
37034,201
27266,201
12118,201
18082,201
15174,201
2147,201
16094,201
30385,201
8447,201
9839,201
33056,201
15236,201
8090,201
35460,201
16527,201
28134,201
10800,201
32247,201
7509,201
35800,201
281,201
11932,201
13456,201
3129,201
29722,201
32230,201
236,201
8607,201
7746,201
10714,201
14970,201
23618,201
7358,201
12465,201
23134,201
2943,201
14383,201
12092,201
31484,201
36099,201
36099,201
3342,201
16774,201
36266,201
28848,201
561,201
36195,201
19387,201
21389,201
19091,201
13122,201
8903,201
9476,201
12422,201
112,201
20319,201
3186,201
10066,201
110,201
12774,201
20677,201
13034,201
17041,201
28337,201
28107,201
29185,201
26695,201
16497,201
17940,201
3476,201
26034,201
5488,201
26065,201
27964,201
29467,201
27880,201
11125,201
27207,201
27068,201
10020,201
33678,201
26582,201
24405,201
23345,201
6660,201
18824,201
6801,201
7417,201
54,201
25822,201
9285,201
11286,201
1035,201
22501,201
33653,201
24269,201
9867,201
36648,201
32051,201
37343,201
21771,201
18324,201
31437,201
934,201
8564,201
22655,201
6844,201
16663,201
27148,201
34401,394
28625,394
21401,394
4593,394
18991,394
33597,394
16710,394
16096,394
26090,394
8339,394
430,394
7467,394
6506,394
33516,394
28625,394
8286,394
11632,394
12031,394
36151,394
33957,394
3689,394
2356,394
3100,394
34401,394
3100,394
35929,394
34401,394
29718,394
13873,394
15667,394
3100,394
3333,394
27227,394
18530,394
31379,394
6620,394
12628,394
3954,394
20965,394
29184,394
20943,394
29560,394
35038,394
7658,394
1972,394
32651,394
34401,394
11957,394
32356,394
20942,394
2976,394
24078,394
24861,394
19408,394
11760,394
32651,394
5987,394
1348,394
16707,394
12771,394
12771,394
33798,394
7826,394
7826,394
27820,394
13910,394
24762,394
16647,394
9384,394
15456,394
34355,394
16647,394
16647,394
26552,394
35848,394
9384,394
25811,474
1494,474
34249,474
15334,474
18520,474
36648,474
13468,474
2337,474
25581,474
7139,474
20279,474
33062,474
38418,474
38536,474
7810,474
7600,474
5030,474
24416,474
38535,474
28307,474
34821,474
32377,474
1017,474
19732,474
27848,474
7990,474
33532,474
27397,474
19346,474
16220,474
34821,474
34821,474
34821,474
7811,474
17561,474
18285,474
24071,474
6899,103
19614,103
16998,103
24298,103
8209,103
26960,103
12680,103
6620,103
24791,103
5880,103
31728,103
13926,103
31298,103
25887,103
8988,103
14958,103
10202,103
16346,103
4255,103
26099,103
12913,103
27467,103
5095,103
5846,103
20647,103
33408,103
33408,103
31553,103
14974,267
6819,267
37681,267
20304,267
33765,267
37442,267
3655,267
10153,267
20309,267
26955,267
21291,267
21314,267
10083,267
26826,267
15522,267
9855,267
12686,267
2761,267
37762,267
15118,267
16575,267
14825,267
34283,267
17807,267
15121,267
2201,267
30312,267
7294,267
19396,267
34000,267
4881,267
37194,267
3632,267
14362,267
37177,267
4968,267
7007,267
1418,267
7603,267
11594,267
24109,267
24109,267
23136,267
1026,267
30114,267
3898,267
29075,267
37874,267
17119,267
8043,267
23959,267
2085,267
33131,267
17394,267
37729,267
13805,267
18788,267
13147,267
27843,267
16235,267
29379,267
32706,267
33837,267
36066,267
12013,267
10046,267
4045,267
5008,267
29361,267
4190,267
16337,267
21320,267
25942,267
210,267
7030,267
25942,267
28041,267
36396,267
11986,267
10915,267
13558,267
27755,267
20097,469
33182,469
22893,469
18047,469
8760,469
17351,469
23125,469
7874,469
16093,469
11946,469
36121,469
15242,469
14085,469
14085,469
6132,469
22326,469
27460,469
27977,469
32157,469
13712,469
21936,469
18781,469
8886,469
21323,469
7037,469
26488,469
5903,469
24790,469
16426,469
17445,469
36075,469
3262,469
34643,469
20287,625
26412,625
28479,625
35110,625
20297,625
18593,625
31107,625
16318,625
6464,625
27446,625
2612,625
35024,625
1252,625
22450,625
34969,625
5364,625
12795,625
32913,625
1231,625
17177,625
17079,625
9465,625
20668,625
35629,625
23642,625
16483,625
22583,625
30145,625
32792,625
11762,625
32222,625
5867,625
27091,625
7350,625
36487,625
26139,625
38050,625
18976,625
2852,625
2472,625
18215,625
1057,625
907,625
37216,625
5966,625
13509,625
10490,625
2693,483
3077,483
2528,483
36507,483
9393,483
14312,483
825,483
16667,483
18638,483
17017,483
4572,483
33099,483
16546,483
21449,483
29792,483
29792,483
19559,483
21435,483
28854,483
18897,483
18897,483
29209,483
10159,483
24986,483
19446,483
28686,483
34886,483
23041,483
15022,483
35608,483
14775,483
30254,483
615,483
33816,483
9000,483
16381,483
2699,483
7086,483
5335,483
10371,483
6141,483
4488,483
12367,483
35671,483
6091,483
30427,483
20353,483
28953,483
11666,483
32207,483
32382,483
13935,483
14311,483
24398,483
20409,483
36521,483
9081,483
13250,483
7274,483
7852,483
10251,483
21267,483
22222,6
13757,6
11354,6
16057,359
319,359
10381,359
32347,359
5734,359
24858,359
967,359
5678,359
2203,359
16478,359
23104,359
34805,359
37433,359
16286,359
16977,359
8938,359
5557,359
29534,359
11756,359
8203,359
8203,359
22860,359
8451,359
862,359
4099,359
3042,359
36653,359
3042,359
19179,359
1903,359
14854,359
13253,359
22016,359
24765,359
25592,359
21482,359
10743,359
16607,359
29265,359
10743,359
36702,359
16770,359
35032,359
9238,359
12216,359
36528,359
32937,359
23976,359
36493,359
33402,359
21158,359
17560,359
7768,359
35865,359
35865,359
29049,359
30322,359
19803,359
2161,359
31358,359
31358,359
4944,359
4944,359
3395,359
8123,359
34845,359
845,359
28190,359
22152,359
14710,359
18764,359
24769,359
35103,359
11871,359
12688,359
34187,359
36764,359
9308,359
10695,359
33581,359
33581,359
4944,359
23545,359
15726,359
14457,359
37220,359
4922,359
11252,359
34084,359
38073,359
34280,359
34280,359
20972,359
28557,359
22269,359
19731,359
17384,359
36536,359
9371,359
2732,359
20575,359
22269,359
18850,359
26499,359
644,359
11190,359
26499,359
21028,359
35556,359
25180,359
28765,359
21875,359
4552,359
29464,359
22338,359
23532,359
30064,359
34922,359
24175,359
17856,359
23545,359
17856,359
12100,359
18072,359
11473,359
12930,359
24874,359
34203,359
37066,359
17748,359
37066,359
25106,359
34150,359
35447,359
604,359
15763,359
21259,359
27968,359
3455,359
8439,359
31342,359
32313,359
31342,359
32130,359
23143,359
19051,359
20893,359
19051,359
20893,359
11615,359
13472,359
18975,359
3792,359
28662,359
4894,359
19339,359
4894,359
4894,359
7756,359
12674,359
5547,359
33000,359
23775,359
15430,359
19107,359
10569,359
19160,359
34856,359
26635,359
11817,359
8502,359
35545,359
31184,359
33317,359
33252,359
33252,359
31118,359
18786,359
16977,359
5025,359
18786,359
18409,359
33187,359
32650,359
5547,359
33318,359
27709,359
34780,359
27709,359
27573,359
29803,359
23516,359
16532,359
28978,359
34503,359
22840,359
23288,359
23288,359
26660,359
26660,359
7116,359
28982,359
7116,359
28982,359
8729,359
34959,359
26558,85
4269,85
29694,85
17238,85
20440,85
26643,85
27291,85
3316,85
25223,85
27534,85
22719,85
32638,85
26081,85
26500,85
16475,85
28615,85
28615,85
13907,85
34652,85
29376,85
17426,85
26006,85
21756,85
1417,85
34049,85
13975,85
10228,85
23742,85
15467,85
24490,85
27907,85
31190,85
34192,85
23951,85
27207,85
25821,85
31155,85
32601,85
11243,85
10021,85
8914,85
11556,85
12821,85
31523,85
30214,85
34125,85
34125,85
33209,85
29861,85
3687,318
10034,318
18205,318
9331,318
26599,318
13562,318
4427,318
16208,318
32696,318
5059,318
3147,318
12329,318
5059,318
28213,318
17287,318
11083,318
17468,318
16142,318
4631,318
10442,318
15457,318
386,318
18994,318
32297,318
18334,318
37838,318
4355,318
3055,318
28243,318
38186,318
2290,318
31470,318
5441,318
5441,318
15449,318
34560,318
14130,318
4355,318
28809,318
16683,318
16683,318
2821,449
2634,449
20563,449
35332,449
33118,449
29209,449
3249,449
21329,449
13317,449
17039,449
3973,449
13317,449
18023,449
33279,449
28003,449
27220,449
11585,449
35290,449
3307,449
15113,449
12139,449
19111,449
17590,449
10256,89
3895,89
13216,89
26556,89
24298,89
27549,89
15758,89
4508,89
6774,89
29484,89
19297,89
13386,89
10740,89
16471,89
1846,89
17027,89
25912,89
33304,89
28147,89
22461,89
14067,89
24424,89
29501,89
32841,89
31473,89
24096,89
22752,89
16464,89
21884,89
29611,89
30353,89
20032,89
31300,89
21455,115
23582,115
18661,115
23582,115
15216,115
33578,115
16535,115
18001,115
31793,115
847,208
3876,208
15670,208
9225,208
4498,208
19872,208
27299,208
36901,208
37080,208
26745,208
13176,208
10595,208
23197,208
15796,208
16704,208
34585,208
37432,208
25331,208
6264,208
26866,208
28101,208
25837,208
16167,208
1558,208
30891,208
5912,208
2545,208
15554,208
26398,208
17827,208
27748,208
36938,208
14471,208
35060,208
8914,208
32547,208
32059,208
12110,208
9996,208
14195,208
4194,208
12965,208
37616,208
32428,208
35895,208
33470,208
28141,208
27903,208
20487,208
3412,208
5917,208
20441,208
21399,208
6828,208
7100,208
7718,208
19600,208
36980,208
30848,208
11933,208
816,208
20759,208
23114,208
7289,208
8139,208
18965,208
13271,208
15497,208
6801,208
640,208
26829,208
33438,208
16833,208
14205,208
19362,208
32451,208
12050,208
37260,208
5516,208
32549,208
18956,208
7532,208
12879,208
22076,208
16496,208
21086,208
17366,208
24700,208
20558,208
37259,208
8084,208
3247,208
24518,208
26646,208
16693,208
27387,208
35389,208
28130,208
3140,208
27387,208
5917,208
36899,208
25699,208
33382,208
6636,208
7625,208
15232,208
34717,208
26261,208
2267,208
26798,208
29538,208
4142,208
11650,208
2589,208
16409,208
257,208
3579,208
10917,208
34356,208
30447,208
19572,208
6998,208
5787,208
21728,208
30224,208
29680,208
33899,208
10691,208
9383,208
10483,208
6958,208
26806,208
25879,208
8290,208
7303,208
34356,208
13895,208
10954,208
16137,208
6966,208
28432,208
3782,208
30545,208
12422,208
37252,208
20714,208
18038,208
17383,208
17383,208
12823,208
843,208
33307,208
14939,208
33307,208
3812,208
30224,208
10453,208
11453,208
11453,208
20799,208
11649,208
7564,208
5261,208
19216,208
2258,208
20543,208
32109,208
23005,208
11795,208
37293,208
17046,208
11920,208
14063,208
35118,208
30277,208
25879,208
28811,208
13241,208
13241,208
13241,208
13241,208
35157,208
13241,208
13241,208
32098,208
22996,208
25189,208
12725,208
17318,208
31884,208
35685,208
14471,208
34444,208
11993,208
11081,208
21933,208
725,208
35244,208
19722,208
4733,208
4300,208
7571,208
1831,208
1252,208
1511,208
2630,208
30408,208
17813,208
12901,208
13271,208
19520,208
7019,208
725,208
28526,208
16010,208
31301,208
23084,208
25013,208
23084,208
3498,208
30936,208
22590,208
30589,208
25283,208
34392,208
35845,208
28803,208
3825,208
32048,208
35845,208
32048,208
35943,208
12977,208
15368,208
2422,208
10638,444
255,444
13544,444
12183,444
27174,444
5783,444
18008,444
34453,444
24362,444
33069,444
18501,444
672,444
11821,444
14037,444
37374,444
27899,444
14811,444
28838,444
5758,444
26151,444
22393,444
31505,444
2317,444
9620,444
17666,444
35594,444
36153,444
12394,444
15228,444
26431,444
24813,444
19953,444
14134,444
4636,444
28246,444
35840,444
38239,444
18796,444
36324,444
25686,444
8860,444
13717,444
697,444
16623,444
36934,444
145,176
9531,176
18562,176
22115,176
7280,176
30950,176
5104,176
8351,176
29138,176
26648,176
3316,176
12450,176
27112,176
28710,176
31575,176
35280,176
30640,176
3118,176
28708,176
24142,176
22490,176
15195,176
33400,176
32161,176
7568,176
5266,176
26930,176
4543,176
26630,176
28175,176
30564,176
15930,176
548,176
16345,176
7461,176
13608,176
15649,176
19102,176
21495,176
30714,176
11846,176
29295,176
10416,176
36990,176
8439,176
17041,176
27819,176
21392,176
3304,176
3046,176
34249,176
30553,176
20490,176
10228,176
30630,176
26876,176
10397,176
4602,176
11479,176
36629,176
8902,176
15309,176
11915,176
21823,176
12244,176
34633,176
14227,176
16900,176
20731,176
21563,176
34714,176
19052,176
23745,176
13728,176
16145,176
4507,176
21406,176
20793,176
22299,176
31472,176
34224,176
11105,176
4260,176
16530,176
29177,176
599,35
28632,35
2615,35
4964,35
11980,35
23136,35
18969,35
8543,35
1005,35
17601,35
55,35
3320,35
27817,35
18971,35
10377,35
1025,35
29645,35
1596,35
17949,35
8054,35
3794,35
4499,35
3794,35
19584,35
19399,35
18758,35
20446,35
24689,35
30371,35
11160,35
25544,35
1472,35
19779,35
10628,35
2731,35
8231,35
28235,35
19408,35
12466,35
1357,35
14089,35
14089,35
290,35
13883,35
6066,35
22628,35
22628,35
22628,35
20960,35
16883,35
20180,35
16883,35
20180,35
7717,35
7717,35
9342,35
34914,259
2648,259
2175,259
7921,259
17700,259
3793,259
8087,259
2250,259
2913,259
32193,259
1740,259
33818,259
15755,259
3211,259
22760,259
1509,259
10520,259
15028,259
20219,259
3471,259
1722,259
24861,259
20389,259
33104,259
12739,259
22567,259
5492,259
17360,259
12810,259
12739,259
22494,259
1741,259
17102,259
1840,259
782,259
14555,259
27582,259
4259,259
35070,259
23829,259
6882,259
19514,259
34031,259
3105,259
449,259
7173,259
13185,259
25930,259
8762,259
1343,259
4966,259
37728,259
28523,259
7010,259
21281,259
22778,259
972,259
6371,259
24023,259
7694,259
48,259
2026,259
12486,259
28897,259
22993,259
12350,259
26934,259
11160,259
10521,259
27151,259
18980,259
37389,259
15940,186
12988,186
10527,186
18363,186
15864,186
18735,186
34976,186
15830,186
16152,186
16802,186
16834,186
8921,186
9392,186
14645,186
15718,186
9283,186
15553,186
29099,186
16541,186
20636,186
18475,186
11232,186
15736,186
13545,186
25516,186
29008,561
21577,561
6080,561
13398,561
35876,561
610,561
7994,561
11398,561
21983,561
16637,561
9689,561
8944,561
1814,561
30593,561
12280,561
26729,561
70,561
16446,561
5595,561
29434,561
17385,561
27466,561
21469,561
8826,561
9346,561
9198,561
631,561
10715,561
4317,561
35733,561
22459,561
36808,561
159,561
3463,561
9908,561
28313,561
4490,561
37307,561
10593,561
762,561
18286,561
31985,561
28977,561
15707,561
14275,561
32402,561
33659,561
30845,561
18288,561
30228,561
10671,561
7522,561
25191,561
20996,561
1432,561
11105,561
20961,561
3240,561
8712,561
15907,561
31247,561
23780,561
16050,561
4985,561
27378,561
32254,561
16668,561
1354,561
30835,561
9959,561
5668,561
7506,561
30243,561
15907,561
18507,561
5207,561
22267,561
30835,561
52,250
8266,250
21640,250
37723,250
32547,250
1040,250
3066,250
35859,250
6309,250
23357,250
23143,250
16954,250
27521,250
13438,250
21138,250
22344,250
35172,250
18313,250
10263,250
37437,250
16516,250
21640,250
956,250
28130,250
35602,250
21360,250
22319,250
35806,250
24484,250
18761,250
17088,250
10955,250
28329,250
34239,250
17964,250
12759,250
6338,250
18628,250
28329,250
3636,250
21904,250
34908,250
21904,250
25129,250
16810,250
7979,250
31865,250
21904,250
3250,250
27791,250
23679,250
34951,250
24365,250
32122,250
26510,250
28219,250
5005,250
8014,250
5837,250
12232,250
33802,250
27289,250
33969,250
21549,250
27521,250
27521,250
27155,250
15446,250
21904,250
28329,250
35742,250
18782,250
34444,250
30953,250
27521,250
27521,250
20530,250
7927,250
33969,250
31525,250
16368,250
12350,250
33969,250
28329,250
16368,250
17679,250
16368,250
21737,250
10060,250
14614,250
31270,250
8314,250
28286,250
32932,250
26261,250
10900,250
27521,250
36698,250
27521,250
37652,250
23281,250
36698,250
24149,250
24149,250
27521,250
16492,250
36698,250
37643,250
5331,250
18321,250
23357,250
18321,250
18321,250
21640,250
27791,250
24861,250
18321,250
18140,250
16537,250
15859,250
18321,250
19653,250
18162,250
30970,250
12312,250
16121,250
22880,250
34182,250
32342,250
8121,250
31029,250
29251,250
31011,250
28773,250
26195,250
4816,250
34564,250
7898,250
36408,250
9994,250
28658,619
1839,619
3363,619
12421,619
29104,619
4574,619
31868,619
2459,619
26172,619
18390,619
131,619
1758,619
3411,619
683,619
22003,619
2830,619
11645,619
12843,619
9649,619
1781,619
33861,619
15783,619
10529,619
27046,619
20736,619
23918,619
31805,619
12632,619
9957,619
30845,619
29007,619
32640,619
36788,619
18601,619
16220,619
8746,619
13523,619
31330,619
12828,619
19871,619
15747,619
11489,619
16546,619
36961,619
495,619
9952,619
10586,619
26945,619
17561,619
37674,619
38345,619
22676,619
6753,619
12277,619
770,619
22430,619
10723,619
33324,619
18520,619
1157,619
18285,619
38497,619
29117,619
259,619
1792,619
4478,619
25575,619
3988,619
23170,619
4490,619
16120,619
38480,619
2457,619
17879,619
8086,619
31777,619
17076,619
25945,619
29545,619
6400,619
16699,619
6400,619
18528,619
23463,619
15099,619
15099,619
20110,619
35876,619
17614,619
35396,619
38291,619
7648,619
36775,619
27150,619
12735,619
30582,619
32632,619
46,619
18319,619
18311,619
32323,619
5109,619
27492,619
8572,619
34760,619
7822,619
35766,619
11701,619
1095,619
35005,619
38032,619
31143,619
23713,619
38604,619
5919,619
13838,619
32362,619
469,619
284,619
29983,619
22359,619
8060,619
10285,619
4317,619
16705,619
998,619
15267,619
8385,619
4036,619
4651,619
20211,619
1666,619
27817,619
36808,619
22806,619
8883,619
33120,619
38366,619
9265,619
28867,619
17831,619
16258,619
10299,619
11194,619
29400,619
33946,619
18481,619
13784,619
11106,619
6307,619
38121,619
11019,619
30241,619
32375,619
11327,619
31187,619
18507,619
5901,619
24211,619
21170,619
10196,619
37620,619
34366,619
2044,619
25001,619
22370,619
33093,619
27993,619
29147,619
950,619
12890,619
15334,619
34003,619
9014,619
36752,619
33859,619
24988,619
11951,619
7491,619
38165,619
38165,619
37023,619
16749,619
21899,619
23356,619
423,576
7994,576
3908,576
23053,576
16446,576
38040,576
5205,576
3568,576
17365,576
36909,576
22676,576
29158,576
22639,576
16868,576
8084,576
16227,576
16144,576
21366,576
618,576
17247,576
117,576
30593,576
15783,576
22723,576
4683,576
14778,576
15907,576
12357,576
21725,576
25354,576
11640,576
10781,576
13142,576
25285,576
33659,576
14361,576
22481,576
21639,576
37589,576
10552,576
3014,576
34256,576
5088,576
27559,576
32402,576
12857,576
10364,576
36562,576
18345,576
21182,576
11852,576
19635,576
9402,576
18803,576
26757,576
5960,576
29087,576
32181,576
3974,576
33285,576
29983,576
1880,576
1063,576
5605,576
2128,576
30422,576
1578,576
24571,576
10358,576
15439,576
35169,576
1814,576
38506,576
24852,576
23440,576
37253,576
14065,576
4268,576
36999,576
36402,576
19776,576
9290,576
27500,576
17173,576
9003,576
10308,576
9198,576
11,576
14385,576
21189,576
5173,576
31299,576
13191,576
28216,576
14452,576
20963,576
10367,576
12587,576
15420,576
32268,576
21337,576
1637,576
18043,576
13616,576
18114,576
20276,576
29342,576
20999,576
14853,576
19756,576
22130,576
25925,576
13079,576
33694,576
27714,576
5927,576
9381,576
2830,576
10070,576
25956,576
11610,576
18494,576
13455,576
19487,576
4417,576
21158,576
36220,576
33431,576
21469,576
5167,576
29186,576
30328,576
801,576
1398,576
8573,576
13844,576
765,576
12796,576
35733,576
16945,576
20953,576
14809,576
34870,576
15190,576
7404,576
26838,576
25086,576
2530,576
28502,576
24861,576
4013,576
16783,576
19771,576
7371,576
29789,576
16378,576
29464,576
24461,576
27423,576
36422,576
4985,576
16078,576
9524,576
17183,576
37238,576
3585,576
737,576
2659,576
2947,576
12632,576
11014,576
7174,576
35301,576
36137,576
37654,576
32722,576
2383,576
32817,576
27529,576
4230,576
16192,576
31951,576
32071,576
11163,576
9959,576
33291,576
24455,576
27285,576
17497,576
20687,576
6849,576
30893,576
35009,576
12396,576
29821,576
22426,576
17710,576
1410,576
10730,576
32001,576
13553,576
37575,576
21326,576
19341,576
4340,576
14991,576
30886,576
14059,576
23891,576
361,576
32487,576
28160,576
17767,576
36084,576
25047,576
31626,576
7015,576
7631,576
22223,576
26593,576
32321,576
28002,576
38565,576
17800,576
37882,576
17472,576
9556,576
34573,576
17005,576
10807,576
4303,576
2991,576
13955,576
24381,576
22934,576
15306,98
23217,98
24299,98
31741,98
29501,98
31137,98
32841,98
30152,98
26670,98
25146,98
13008,98
13373,98
27907,98
30956,98
27803,98
24832,98
19698,370
4419,370
3128,370
8071,370
37442,370
8146,370
12773,370
18771,370
14413,370
6258,370
19175,370
25555,370
18630,370
7632,370
16612,370
643,370
2503,370
11761,370
11202,370
8922,370
34084,370
23764,370
862,370
38374,370
30675,370
23855,370
4567,370
16376,370
21868,370
8380,370
12631,370
18982,370
36157,370
14502,370
10109,370
16331,370
7427,370
6204,370
1115,370
25101,370
35082,370
888,370
3396,370
3396,370
15640,370
8387,370
32874,370
32709,370
9139,370
34410,370
18963,370
32762,370
20766,370
7466,370
7168,334
38264,334
1084,334
23014,334
19076,334
13341,334
6474,334
27004,334
6263,334
27800,334
32295,334
30109,334
18631,334
23714,334
35462,334
27390,334
17852,334
2999,334
25466,334
20808,334
27564,334
14313,334
3539,334
27111,334
23457,334
18723,334
12784,334
11805,334
6225,334
31422,334
2961,334
34874,334
23815,334
22387,334
34565,334
1096,334
1721,334
29058,334
14615,334
31252,334
19760,334
33153,334
13722,334
14696,334
25084,334
28102,334
35498,334
37445,334
33937,334
24197,334
7509,334
15562,334
8601,334
7516,334
11619,334
37673,334
20342,334
10494,334
5915,334
33265,334
24532,334
28800,334
22354,334
14230,334
11743,334
37696,334
27118,334
10494,334
14696,334
10728,334
17195,334
37174,334
35482,334
9485,334
31545,334
20491,334
35249,334
32127,334
16693,334
27822,334
26733,334
35525,334
30272,334
27734,334
36984,334
19134,334
20806,334
35540,334
28249,334
32561,334
7395,334
31061,334
22826,334
25425,334
35778,334
16982,334
26993,334
25109,334
35462,334
19180,334
19190,334
12744,334
16379,334
8698,334
36229,334
20806,334
29180,334
31870,334
6301,334
7301,334
333,334
31417,334
37878,334
34940,334
14591,334
32688,334
35248,334
14862,334
37878,334
14305,334
38209,334
34734,334
37366,334
15556,334
27637,334
34351,334
36614,334
2012,334
27413,334
34063,334
38255,334
31009,334
9635,334
36317,334
31959,334
32667,334
25346,334
1126,334
27401,334
33120,334
24759,334
25346,334
32216,334
23185,334
34832,334
8342,334
34884,334
31235,334
22458,334
5870,334
21499,334
34756,334
25913,334
1624,334
14122,334
27202,334
27045,334
25037,334
36687,334
9183,334
11545,334
37970,334
28929,334
30393,55
12226,55
13083,55
17451,55
5864,55
3178,55
15146,55
20284,55
19518,55
10176,55
3234,55
27892,55
9953,55
15963,55
1676,55
11328,55
32750,55
33972,55
31397,55
14338,55
18296,55
5421,55
8977,55
21707,55
32749,55
10502,55
17204,55
26297,55
27334,55
9813,55
21796,55
27900,55
14338,55
15168,55
21796,55
11378,55
25733,55
12042,55
7657,55
26804,55
6153,55
5812,55
9522,55
32342,55
31640,55
28166,55
32661,55
5594,55
20780,55
26448,55
14073,55
14396,55
5325,55
21689,55
33418,55
25604,55
15024,488
17690,488
7019,488
30848,488
21240,488
10585,488
17982,488
6782,488
33451,488
26682,488
7151,488
1579,488
10149,488
26541,488
12491,488
8728,488
525,488
13204,488
8052,488
9768,488
38153,488
9204,488
9947,488
19676,488
37870,488
30434,488
3410,488
24041,488
1920,488
34433,488
17980,488
24059,488
8768,488
18387,488
4717,488
16015,488
32989,488
21679,488
4489,488
47,488
14233,488
23469,488
27411,488
7237,488
37644,488
8996,488
29984,488
7920,488
7033,488
10956,488
30906,488
790,488
36521,488
38500,488
38158,488
21678,488
12107,488
17220,488
22119,488
5781,488
36036,488
21447,488
12863,488
3945,488
29209,488
16558,488
14431,488
23265,488
10942,488
37900,488
34647,488
36941,488
34326,488
31201,488
36104,488
38281,488
15341,488
4438,488
4137,488
21190,488
24095,488
34713,488
18758,488
14528,488
15748,488
27490,488
27920,488
27861,488
12800,488
7021,488
21930,488
11957,488
14800,488
9550,488
31465,488
16503,488
21479,488
28084,488
19551,488
17159,488
22207,488
24860,488
12273,488
7396,488
15933,488
22758,488
12587,488
7811,488
33109,488
20518,488
29799,488
28373,488
582,488
16673,488
6296,488
2143,488
6872,488
38074,488
6872,488
38074,488
35296,488
27476,488
33400,488
4503,488
22776,488
13564,488
3029,488
38418,488
7038,488
18583,488
21168,488
28754,488
36409,488
11780,488
9486,488
31061,488
34906,488
37865,488
27812,488
28243,488
14151,488
12375,488
3606,488
36964,488
25792,488
1596,488
29222,488
28725,488
35669,488
36716,488
10881,488
7108,488
35388,488
11808,488
17178,488
11451,488
12999,488
10025,488
22853,488
38200,488
38216,488
38401,488
26806,488
29552,488
27492,488
2678,488
32197,488
17716,488
24417,488
28043,488
21481,488
20233,488
3544,488
6672,488
37959,488
7665,488
12625,488
16764,488
37810,488
23443,488
4020,488
27926,488
26249,488
37133,488
10144,488
34665,488
11172,488
23096,488
26934,488
32078,488
17413,488
1550,488
5240,488
4824,488
33452,488
21766,488
30773,488
15110,488
31310,488
3220,488
11620,488
23061,488
24721,488
29833,488
7890,488
34316,488
30552,488
12261,488
15811,488
31030,488
9540,488
10845,488
7972,488
13437,488
24948,488
13645,488
18476,488
219,488
29529,488
9171,488
22403,488
11867,488
21585,488
26999,488
31880,488
16331,488
17457,488
11456,488
13616,488
9729,488
19968,488
33989,488
25048,488
17704,488
12890,488
20699,488
17123,488
13645,488
30902,488
34859,488
1545,488
19075,488
12725,488
30432,488
33641,488
14424,488
9171,488
15412,488
38453,488
11179,488
27546,488
4543,192
3484,192
4434,192
30714,192
15187,192
2723,192
13318,192
33988,192
6021,192
32587,192
30351,192
14715,192
27761,192
10150,192
18335,192
29083,192
17526,192
14131,192
19636,192
31038,192
85,192
6631,192
6217,192
5181,192
31437,192
28581,192
37421,192
7872,454
10219,454
15906,454
36443,454
16827,454
36543,454
10029,454
8735,454
9616,454
1132,454
2503,454
33180,454
7137,454
38286,454
20582,454
38012,454
37703,454
11775,454
31949,454
11423,454
13167,454
33265,454
20851,454
34741,454
5608,454
20963,454
37034,454
32412,454
9185,454
1114,454
14200,454
4841,454
20597,454
28781,454
33394,454
32949,454
27068,454
1535,454
26027,454
3271,454
13423,454
29339,454
7942,454
28869,454
33056,454
28057,454
5126,454
21548,454
37810,454
21058,454
38244,454
11456,454
20769,454
24985,454
20609,454
3670,454
21583,454
15731,454
31355,454
3380,454
28811,454
11179,454
37329,512
5276,512
1455,512
16518,512
24581,512
11437,512
26640,512
31658,512
33453,512
11044,512
15576,512
30853,512
12123,512
166,512
38121,512
8148,512
22945,512
3035,512
38252,512
2838,512
35111,512
24986,512
35100,512
28515,512
29596,512
4486,512
20315,512
9852,512
7811,512
12921,512
23184,512
15082,512
18773,512
32238,512
37736,512
31936,512
19315,512
32051,512
11860,512
34201,512
33453,512
11044,512
24776,96
28147,96
21968,96
26280,96
15306,96
5801,96
30629,96
29116,96
28623,96
30152,96
15847,96
33304,96
20689,96
18800,96
18765,348
31088,348
19078,348
26653,348
14463,348
5326,348
20104,348
20422,348
6029,348
31046,348
20131,348
34960,348
21541,348
9278,348
24554,348
16132,348
37943,348
26187,348
15155,348
32251,348
2336,348
27427,348
31519,348
7677,348
6986,348
26972,348
2076,348
5946,348
2424,348
22080,348
3112,348
16972,348
999,348
19343,348
6109,348
21042,348
20391,348
17743,348
17902,348
999,348
26187,348
26187,348
32934,348
3176,348
14541,348
22080,348
22456,348
2076,348
20878,348
24268,348
26187,348
24482,348
24650,348
33233,348
8261,348
32148,348
32891,348
29443,348
36609,348
28362,348
24482,348
32986,348
36609,348
35015,348
7457,348
22465,348
6853,348
10044,348
10044,348
15272,348
13921,348
30411,348
35139,348
13791,348
19376,348
19964,348
7262,348
26292,348
23194,348
24578,348
17917,348
5507,348
17917,348
850,348
31528,348
23884,348
24336,348
15155,348
33289,348
12661,348
16296,348
19260,348
19145,348
33263,348
23291,348
26680,348
33034,348
393,348
28725,348
15272,348
23564,348
4906,348
4919,348
24384,348
18529,348
16296,348
26974,348
33034,348
26974,348
20131,348
8895,348
30095,348
15272,348
5124,348
15272,348
8288,348
2751,348
21337,348
38084,348
21035,348
19235,348
29395,348
23884,348
11180,348
9236,348
13174,348
21044,348
25750,348
20951,348
35850,348
21024,348
29964,348
6959,348
14710,348
17630,348
27893,348
15155,348
8970,197
37371,197
731,197
29083,197
17061,197
32835,197
5176,197
29753,197
19665,197
29372,197
19208,197
23835,197
34884,197
3850,197
450,197
13964,197
19438,481
11414,481
29209,481
19468,481
37135,481
10174,481
26132,481
36179,481
1188,481
3484,481
12449,481
20533,481
16527,481
5596,481
8182,481
34858,481
24463,481
15639,481
7762,481
14426,481
21994,481
13986,481
17498,481
25355,481
29151,481
17469,481
17121,481
29912,481
38153,481
16359,481
36553,481
12882,481
20276,481
21942,481
30006,481
15639,481
28815,481
37089,481
20276,481
38131,481
37794,481
38386,481
22454,481
20093,481
18425,481
11423,481
15782,481
29851,481
32497,481
37963,481
6345,481
13639,481
8008,481
31901,481
28686,481
36737,481
21692,481
37329,481
14480,481
29586,481
38093,481
13032,407
26153,407
4088,407
24386,407
37035,407
11615,407
16940,407
38125,407
14544,407
24488,407
9380,407
29856,407
24631,407
23395,407
22621,407
13629,407
24363,407
3252,407
28636,407
13195,407
3011,407
30614,407
32750,407
10983,407
10510,407
25782,407
11330,407
15456,407
22919,407
25782,407
25782,407
1107,407
2921,407
35115,407
14631,407
13717,721
13065,721
26231,721
26231,721
13065,721
9916,721
33465,721
26253,721
19305,721
13337,721
21031,687
3989,687
25353,687
31087,687
22641,687
9433,687
14532,687
9426,687
28236,687
37845,687
32618,687
19663,687
1516,687
33759,687
10465,687
24604,687
7914,687
7914,687
17925,687
3979,687
37468,687
35836,687
37714,687
32077,687
7898,687
12840,687
6818,687
16336,687
21284,687
10295,687
12580,687
31241,687
31241,687
30620,687
35173,687
17881,687
23747,687
35854,687
5186,687
1902,687
4415,687
22136,687
35583,687
7739,687
4200,687
35307,687
9755,687
36873,687
28349,687
33887,687
15867,687
12907,687
13324,687
16121,687
27954,687
3258,687
34393,687
32659,687
33467,687
34245,687
35689,687
10669,687
36414,687
26385,687
27091,380
27881,380
30004,380
14548,380
23843,380
3031,380
28033,380
25972,380
17838,380
25126,380
34863,380
29689,380
21051,380
19418,380
9686,380
26987,380
32769,380
16890,380
3171,380
16693,380
36976,380
1298,380
12562,380
24709,380
5072,380
33363,380
13146,380
9939,380
35203,380
35050,380
6689,380
13514,380
21707,380
29689,380
4084,380
28204,380
26751,380
12595,380
31410,380
29780,380
9004,380
7829,380
33608,380
14351,380
16427,380
32521,380
30726,380
30004,380
9351,380
27649,380
33608,380
28360,380
5268,380
28360,380
36308,380
29044,380
27915,380
25298,380
32618,380
2011,380
13338,380
4464,380
4046,380
2228,380
20483,380
9522,380
37225,380
32893,380
25517,380
32295,380
29516,380
32893,380
36376,380
26818,380
13516,380
28988,380
26706,380
28988,380
28988,380
28988,380
7710,380
32893,380
13722,380
37060,380
28395,380
17903,380
17903,380
5719,380
1443,380
15880,380
37629,380
16151,380
9849,380
35677,380
5038,380
9864,380
35681,380
37516,380
13817,380
27544,380
37516,380
26316,380
13264,380
29780,380
22548,380
29999,380
24105,380
15867,380
4688,380
29396,380
1443,380
27517,380
36487,380
27263,380
34721,380
21576,380
28840,380
15022,380
29091,380
4857,380
29112,380
26464,380
1127,380
2084,380
36389,380
1323,511
9630,511
32644,511
1903,511
3975,511
37664,511
30371,511
21802,511
37483,511
22681,511
19000,511
2838,511
15184,511
24648,511
19717,511
1958,511
9936,511
9936,511
4170,511
31466,511
7460,511
37183,511
17872,511
30026,511
23050,511
30026,511
16084,511
13897,511
17207,511
17207,511
12707,511
37831,511
33641,511
25225,511
22959,511
16608,189
34976,189
527,189
36897,189
25640,189
32854,189
6034,189
9499,189
33060,189
36789,189
19558,189
9392,189
11113,189
22617,189
3181,189
24099,189
13236,189
192,189
13464,189
37150,189
36472,189
13431,189
16817,189
14645,189
24338,189
18883,189
26189,189
31876,189
28771,189
23327,189
31383,780
21188,780
15340,780
36328,780
38305,780
36839,780
22437,780
38677,780
11218,780
27845,780
36643,780
38342,780
12278,780
22339,780
28497,780
13695,780
18345,780
12673,780
28064,780
36680,780
38508,780
25224,780
36978,780
378,780
20150,780
3756,780
4602,780
31606,780
31606,780
9626,780
12452,780
35543,732
7034,732
14209,732
32373,732
20812,732
20848,732
25530,732
12528,732
39957,732
31028,732
32343,732
29221,732
34743,732
25524,732
27765,732
11961,18
7065,18
7995,18
1406,18
10974,18
4467,18
20372,18
13547,18
23604,18
30830,18
7312,18
15194,18
18706,18
14984,18
18465,18
30161,18
30161,18
24755,18
19577,18
3722,18
27219,18
11516,18
17919,18
22350,18
1906,18
36710,468
5006,468
1248,468
24130,468
7292,468
8316,468
9833,468
21714,468
10197,468
16271,468
16271,468
25233,468
35953,468
21173,468
30829,468
34652,468
32292,468
16736,468
4993,468
8893,468
4302,468
20836,468
3499,468
27944,468
16117,468
25517,468
7865,468
37444,468
16024,468
15085,468
23626,468
13817,468
29025,468
9170,468
23626,468
36487,468
30972,468
26195,468
14773,468
5662,468
5456,468
13817,468
31482,468
15085,468
1113,468
25999,468
21514,468
26010,468
7302,468
6823,468
7302,468
21535,468
7003,468
24103,468
24103,468
23298,468
5804,422
15597,422
6705,422
6705,422
32550,422
23886,422
7939,422
23643,422
12166,422
12166,422
21084,422
21084,422
7213,460
5857,460
9537,460
4498,460
23078,460
11223,460
35701,460
30731,460
15041,460
17672,460
4310,460
37180,460
18663,460
11590,460
26776,460
13977,460
27977,460
34113,460
15965,460
14602,460
21761,460
14149,460
22149,460
11295,460
11806,460
31792,460
1354,460
13956,460
20652,460
20661,460
9404,460
30314,460
25029,460
31175,460
16925,460
17934,460
18350,460
11399,460
17756,460
25365,460
9962,460
18160,460
20918,460
19908,460
23125,460
13008,460
11399,460
14973,460
18225,460
36075,460
10438,460
13905,138
17860,138
11798,138
32514,138
28510,138
869,138
4041,138
15594,138
13899,138
20889,138
4340,138
7777,138
8201,138
10348,138
19472,138
33500,138
2245,138
21692,138
4763,138
14901,138
13675,298
19699,298
30460,298
22991,298
24526,298
20804,298
35051,298
17193,298
16722,298
15339,298
15339,298
22511,298
25122,298
10656,298
34989,298
10656,298
16353,298
34989,298
16353,298
17988,298
15926,298
29741,298
29741,298
33426,298
8813,275
25954,275
17268,275
15211,275
36799,275
19773,275
16340,275
29607,275
27159,275
27638,275
20770,275
6574,275
7118,275
11858,275
11312,275
10828,275
36867,275
36867,275
10011,275
12673,275
10288,275
36767,275
32672,275
26470,275
27337,275
31654,275
35562,275
31654,275
17085,275
19237,275
35562,275
19237,275
29931,275
9114,275
33114,275
31266,275
37038,275
29931,275
36767,275
31266,275
37490,275
37463,275
23930,275
20284,275
33696,275
30613,275
37570,275
23296,275
849,275
6470,275
35299,275
11220,275
33509,275
29375,275
25130,275
22521,275
25130,275
31266,275
33832,275
34024,275
20809,275
7288,275
36669,275
29048,275
28293,275
29616,275
13388,275
31056,275
25954,275
33594,275
23167,275
33594,275
31056,275
20420,275
12187,275
37185,275
29051,275
5560,275
5560,275
21507,275
1559,275
23311,275
25107,275
33585,275
31056,275
25954,275
14620,275
33585,275
33585,275
35124,275
14620,275
12315,275
14823,275
34307,275
33788,87
14896,87
24024,87
19788,87
18758,87
13775,87
11520,87
8135,87
15634,87
4131,87
13246,87
17760,87
30880,87
23003,87
14045,87
22948,87
12925,87
5810,87
24408,87
4867,87
18343,87
25843,87
34612,87
27417,87
33880,87
6496,87
23701,87
5801,87
16443,87
24096,87
26847,87
9077,87
26883,87
25522,87
21884,87
23727,87
2346,87
19580,87
6578,87
26902,159
16241,159
26025,159
17238,159
35192,159
32756,159
12379,159
25742,159
20874,159
32314,159
1254,496
12714,496
13538,496
7336,496
9570,496
2037,496
21762,496
12645,496
13224,496
1208,496
5358,496
1732,496
7123,496
8514,496
29480,496
1809,496
34845,496
15923,496
9202,496
7511,496
2515,496
1770,496
34623,496
5909,496
4504,496
5415,496
12985,496
34623,496
2918,496
21574,496
21434,496
6076,496
2918,496
31970,496
6076,496
11839,496
1009,496
14157,496
23988,496
26373,496
12738,496
4817,496
10523,496
18892,496
18962,496
12354,496
6022,496
11688,496
13833,496
34623,496
4153,496
6182,496
19004,496
30733,496
21604,496
15804,496
34623,496
15037,496
936,496
31970,496
7498,496
14854,496
3931,496
11688,496
15512,496
16828,496
7854,496
29141,496
2974,496
18211,496
14090,496
2630,496
11182,496
10126,496
27903,496
4964,496
37586,496
742,496
11108,496
5042,496
28674,496
12380,496
9743,496
21584,496
4629,496
9806,496
15512,496
12773,496
165,496
9806,496
32222,496
992,496
134,496
17474,496
13702,496
7610,496
25987,496
21584,496
14091,496
12380,496
1653,496
13188,496
1712,496
1712,496
23567,496
14120,496
19576,496
17148,496
4761,496
24916,496
9806,496
4519,496
17148,496
21584,496
24916,496
7508,496
27073,496
16377,496
25201,496
10031,496
21604,496
6875,496
1716,496
2911,496
1374,496
33482,496
18260,496
35951,496
10128,496
170,496
4842,496
13387,496
7184,496
25611,496
992,496
29566,496
14616,496
936,496
21840,496
21825,496
2353,496
14616,496
37502,496
14616,496
32204,496
12839,496
17184,496
17503,496
3820,496
1890,496
27947,496
21171,496
22624,496
15240,496
6785,496
15183,496
10575,496
15512,496
6354,496
31597,496
18837,496
3317,496
6354,496
7166,496
2038,496
2749,496
37086,496
8845,496
829,496
27684,496
16454,496
23608,496
36521,496
31278,496
7458,496
7743,496
13928,496
18837,496
1203,496
4515,496
7338,496
33000,496
2486,496
250,496
6188,496
27959,496
9719,496
5324,496
11562,496
1060,496
5447,496
27971,496
9738,496
6323,496
11273,496
37502,496
18837,496
23320,496
31204,496
4315,496
14877,496
6323,496
14826,496
25246,496
22189,496
12415,496
1962,496
25246,496
26628,496
21661,496
0,496
25137,496
10387,496
0,496
20425,496
16240,496
31942,496
16774,496
32015,496
1212,496
29159,496
19325,496
6999,496
7975,496
32015,496
23938,496
8791,496
37948,496
23855,496
1989,496
36791,496
8115,496
11831,496
66,496
30996,496
66,496
447,496
12307,496
17943,496
33968,496
22710,496
31241,496
5355,496
12456,496
14042,496
1831,496
7856,496
4635,496
28413,496
410,496
173,496
21372,496
17601,496
13839,496
16190,496
282,496
21584,496
24713,496
27234,496
19288,496
20720,496
1580,496
15200,496
12307,496
1580,496
292,496
15200,496
531,496
2777,496
2599,496
31445,496
11708,496
10909,496
292,496
12807,496
9712,496
23306,496
23306,496
12807,496
31445,496
30148,496
28363,496
28363,496
5862,496
34061,496
11280,496
28363,496
10337,496
12530,496
1924,496
37220,496
18037,496
11238,496
7711,496
11238,496
29870,496
8156,496
7711,496
54,496
1259,496
1050,496
13808,496
29204,496
15125,496
29204,496
10257,496
6908,496
35241,496
6908,496
34873,496
9914,496
28607,496
14326,496
28607,496
35241,496
31968,496
35241,496
35241,496
31968,496
17770,496
31968,496
2647,496
37326,496
2708,496
16091,496
27564,496
34365,496
33442,496
17770,496
20983,496
26589,496
23883,496
36079,496
23883,496
14181,496
34061,496
2802,496
11487,496
38189,496
13752,496
3545,496
12470,496
38062,496
23487,496
10977,496
29758,496
26191,496
16554,496
17039,496
118,496
18535,496
19688,496
7406,496
27480,496
10647,496
33850,496
29171,496
6066,496
575,496
118,496
37356,496
31409,496
29204,496
18535,496
1258,496
9306,496
31207,496
14642,496
14642,496
16130,496
488,443
36782,443
24543,443
861,443
18398,443
4588,443
8842,443
14474,443
30918,443
12479,443
19367,443
24497,443
20016,443
11337,443
18818,443
8469,443
8431,443
17258,443
9706,443
5348,443
13568,443
4666,443
15643,443
6682,443
19670,443
24114,443
19342,443
13687,443
18595,443
34180,443
34318,443
3372,443
21348,443
23066,443
21531,443
19637,443
13881,443
21619,443
27625,443
29951,443
18248,443
20920,443
28765,443
35489,443
35055,443
3859,443
7241,443
14548,443
7740,443
19683,443
23511,443
3914,443
3640,443
2203,443
5036,443
12891,443
276,443
6048,443
8855,443
14164,443
4266,443
9767,443
9411,443
17668,443
17309,443
14863,443
5572,443
20696,443
5237,443
22580,443
35793,443
7002,443
20605,443
4698,443
24909,443
18105,443
19661,443
6222,443
7315,443
23135,443
18249,443
5731,443
32752,443
18243,443
24700,443
36494,443
6736,443
28151,443
339,443
1369,443
19608,443
33037,443
23611,443
19135,443
32752,443
3994,443
15713,443
13933,443
8774,443
17334,443
18176,443
30061,443
18393,443
9491,443
6812,443
12443,443
8426,443
21943,443
24909,443
21253,443
19161,443
14731,443
5619,443
27489,443
6700,443
25534,443
27206,443
8198,443
1246,443
11803,443
6648,443
33704,443
16550,443
30189,443
9262,443
20289,443
7643,443
16431,443
8554,443
8575,443
29966,443
27235,443
35745,443
14373,443
34199,443
24377,443
22393,443
7643,443
15988,443
21773,443
29367,443
21193,443
19119,443
37104,443
25232,443
17384,443
30380,443
26144,443
14843,443
36744,443
20594,443
1163,443
33871,443
3357,443
3112,443
9653,443
24615,443
21016,443
22013,443
9742,443
18987,443
30349,443
10605,443
30797,443
16428,443
30402,443
9697,443
35472,443
28415,443
18424,443
25885,443
8829,443
6334,443
12164,443
29700,443
33379,443
21863,443
30218,443
15584,443
31104,443
16123,443
33471,443
24115,443
19826,443
28859,443
36428,443
34262,443
21246,443
23037,443
34262,443
29544,443
15723,443
34685,443
24538,443
24538,443
8645,443
34554,443
23900,443
28852,443
34554,443
33269,443
38126,443
7647,443
28858,443
20959,443
21828,443
20200,443
24823,443
11059,443
6522,443
29933,443
28150,443
29933,443
18048,443
30380,443
12432,443
21558,443
20527,443
23515,443
20540,443
24831,443
8319,443
25282,443
25282,443
37827,443
2008,443
24862,443
34995,443
25921,443
15438,443
29052,443
24108,443
37509,443
6131,443
12322,443
33848,443
8417,443
34748,443
31243,443
31448,443
38537,443
36625,443
28444,443
6247,443
29191,443
6247,443
33325,443
17150,443
10212,443
15152,443
23109,443
15152,443
12408,443
19403,443
17606,443
28075,443
39939,443
22056,702
20795,702
23637,702
32027,702
29193,702
36626,702
31689,702
32078,702
25702,702
3932,702
17452,702
36580,702
7572,702
29973,702
37901,702
27461,702
37966,702
19996,702
17414,702
18093,702
32129,702
23193,702
19580,702
31860,702
25702,702
38230,702
38310,702
29193,702
35149,702
1427,702
32027,702
22288,702
38586,702
24610,702
23764,702
37905,702
18963,702
34567,702
36355,702
18168,702
18368,702
38465,702
30199,702
25101,702
38465,702
21205,702
18263,702
26361,702
36937,702
36988,702
1365,702
21738,702
15928,702
22734,702
2624,702
38229,702
36056,702
36794,702
37257,702
4751,702
36794,702
6674,702
14512,702
33797,702
22306,702
2624,702
32130,702
32130,702
27968,702
9721,702
14457,702
28522,702
36593,702
36722,702
35447,702
36722,702
3990,702
28319,702
9330,702
24046,702
34084,702
32213,702
30890,702
29659,702
38539,702
37287,702
32555,702
19339,702
9714,702
37905,702
29359,702
7018,702
29359,702
1695,671
23123,671
38166,671
33360,671
24995,671
6697,671
25773,671
7542,671
13348,671
37650,671
25975,671
38625,671
37947,671
2456,671
26138,671
17254,671
18210,671
6805,671
18210,671
36363,671
34298,671
30854,671
13043,671
35049,671
30065,671
24968,671
15432,671
16914,671
27614,671
33555,671
36868,671
35684,671
38492,671
23542,671
35731,671
38743,671
20895,29
29862,29
2731,29
3471,29
23848,29
387,29
21772,29
402,29
31993,29
26135,29
26809,29
9964,29
6966,29
13404,29
32310,29
24192,29
6750,29
30772,29
2146,29
21714,29
26413,29
25703,29
7950,29
19912,29
2227,29
32716,29
26076,29
21714,29
17592,29
22875,29
15744,29
1025,29
15497,29
20739,29
2647,29
6494,29
10399,29
18065,29
3253,29
15650,29
13584,29
8537,29
22739,29
32287,29
32507,29
23929,29
4356,29
29078,29
16332,29
15727,29
17513,29
9917,29
1103,29
15206,351
30577,351
30393,351
19199,351
33533,351
7003,351
15272,351
16958,351
12562,351
23645,351
4660,351
17820,351
36276,351
20051,351
8903,351
21986,351
8449,351
13047,351
5829,351
29492,351
21094,351
24554,351
24848,351
25027,351
4527,351
7007,351
31992,351
36575,351
23368,351
21566,351
21035,351
13754,351
31704,351
28634,351
6617,351
14945,351
12661,351
27290,351
3853,351
32219,351
35110,351
19924,351
19924,351
23962,351
11547,351
12987,351
7312,351
13722,351
37378,351
18976,351
4239,351
29015,351
28725,351
33289,351
3497,351
23564,351
26292,351
32488,351
23022,351
17230,351
16060,351
15396,351
641,351
7017,351
22451,351
25027,351
9971,351
22583,631
1883,631
31299,631
34577,631
27488,631
17328,631
29823,631
25760,631
19176,631
31887,631
11282,631
32085,631
16120,631
32640,631
30841,631
33350,631
30841,631
2268,631
38200,631
38170,631
25427,631
7655,631
8766,631
29531,631
7071,631
15001,631
10246,631
24527,631
9345,631
12424,631
25425,631
32487,631
30585,631
17776,631
17177,631
13014,631
8441,631
37055,631
26291,631
37507,631
10767,631
25333,631
21694,631
19266,631
830,631
32648,631
3259,631
3050,631
35161,631
22221,631
34201,631
18489,631
22120,631
33911,631
30679,631
30650,631
25741,631
5231,631
28846,631
30724,631
3203,239
22819,239
3433,239
14879,239
32852,239
14450,239
2424,239
17118,239
10060,239
17700,239
27346,239
7000,239
23357,239
2221,239
6418,239
29090,239
10157,239
11274,239
1250,239
23295,239
20123,239
14583,239
377,239
21699,239
29573,239
388,239
19770,239
27093,239
22217,239
7112,239
26238,239
2110,239
12589,239
24889,239
4469,239
18472,239
15668,239
2521,239
10617,239
34965,239
22290,239
1687,239
31587,239
3314,239
6748,239
16360,239
22577,239
11310,239
3297,239
3474,239
16244,239
16934,239
32635,239
29313,239
24636,239
1380,239
24192,239
25878,239
19722,239
32573,239
15626,239
29886,239
28226,239
25919,239
20004,239
15767,239
20870,239
36325,239
23250,239
20262,239
2595,239
34270,239
35089,239
643,239
10866,239
9109,239
17911,239
9214,239
4027,239
8654,239
30186,239
940,239
7417,239
7417,239
32660,239
14774,239
20870,239
8762,239
9135,239
12742,239
11272,239
19649,239
21546,239
13693,239
2377,239
10141,239
5809,239
32793,239
36684,181
28067,181
9331,181
15309,181
4218,181
30255,181
16401,181
15553,181
11793,181
18196,181
4980,181
27044,181
31489,181
34633,181
10262,181
22175,181
10535,181
26558,73
8888,73
7969,73
9525,73
30532,73
11458,73
18548,73
18324,73
13655,73
31120,73
482,73
7208,73
30744,73
16122,73
22582,73
20626,73
14355,73
15014,73
7908,73
14894,73
22106,73
32038,73
6432,73
25656,73
6692,73
22274,73
18415,73
22719,73
14359,73
26500,73
26081,73
8843,73
19887,73
23156,73
26479,73
19289,73
33546,73
7641,73
15488,73
15488,73
27116,73
26677,73
3072,402
17817,402
29947,402
14426,402
1343,402
3506,402
36113,402
35201,402
36335,402
4598,402
35912,402
8134,402
813,402
24228,402
20376,402
24110,402
35201,402
3942,402
25838,402
20865,402
21358,402
17748,402
2921,402
6815,402
26286,402
4346,402
1419,402
5959,402
28278,402
13644,402
31425,402
28278,402
5471,402
863,402
35466,402
17862,402
4545,402
38125,402
9031,402
5099,50
2402,50
19086,50
2063,50
22481,50
3197,50
1129,50
30819,50
19511,50
20679,50
17451,50
7078,50
3232,50
32652,50
14698,50
12167,50
28054,50
28339,50
2060,50
21393,50
17000,50
21078,50
20832,50
21932,50
5658,50
4313,50
24398,50
21019,50
24174,50
33828,50
31367,50
11013,50
6543,50
7902,50
16025,50
20201,50
1739,50
2611,50
2689,50
18734,50
2172,50
14646,50
8879,50
6996,50
30393,50
31897,50
33556,50
8142,50
2378,50
21707,50
19949,50
13329,50
8503,50
14261,50
11717,50
19518,50
31720,50
2642,50
30096,50
5051,50
3394,50
30096,50
19689,50
9598,50
8966,50
22833,50
1094,50
6463,50
8217,50
2274,50
25405,50
13369,50
10065,50
24379,50
27334,50
4610,50
27662,50
27900,50
13910,50
33505,50
33579,50
29742,50
5404,50
7825,50
30548,50
10728,50
2496,50
28952,50
10534,50
9132,50
6159,50
15899,50
15963,50
9813,50
1285,50
11396,50
15295,50
601,50
30736,50
33116,50
1463,50
16890,50
5924,50
16021,50
6071,50
13156,50
5044,50
20629,50
32462,50
26736,50
28820,50
29458,50
28069,50
5996,30
547,30
10399,30
14246,30
7921,30
31744,30
27788,30
23031,30
32716,30
22875,30
15497,30
24192,30
20739,30
30072,30
10122,30
5576,30
12856,30
17293,30
18065,30
11183,30
12770,30
8537,30
29078,30
16332,30
20669,30
24354,30
17513,30
1103,30
15744,30
20152,595
144,595
18231,595
30693,595
22435,595
5063,595
20475,595
38467,595
831,595
28055,595
36443,595
37696,595
31016,595
21154,595
32836,595
31009,595
23240,595
24093,595
37749,595
19075,595
19951,595
36211,595
10772,595
27335,595
38389,595
37643,595
14840,595
16603,595
9655,595
36881,595
28725,595
36430,595
38355,595
1118,595
7791,595
35698,595
34987,595
35340,595
18076,595
10654,595
32667,595
25618,595
26582,595
34758,595
31105,595
6079,595
14739,595
9186,595
22740,595
34561,114
29084,114
10686,114
27736,114
15254,114
29385,114
14975,114
6090,114
33109,114
23216,114
25681,114
23260,114
18453,114
32795,114
19031,114
15660,114
10238,114
7238,114
33152,114
32007,114
37312,418
20939,418
19104,418
28453,418
34391,418
36759,418
10400,418
3381,418
29863,418
27649,418
29044,418
37682,418
37830,418
33153,418
24213,418
37669,418
7678,418
38121,418
34201,418
8553,418
36167,418
37258,418
34001,418
37044,418
29362,418
23379,418
3236,418
14305,418
28243,418
17778,418
12555,418
10777,418
25374,418
34734,418
17265,418
26003,418
15261,418
36365,418
10044,418
37844,418
32977,418
36616,418
28725,418
37869,418
35294,418
30924,418
35747,418
25111,418
34980,418
27677,418
23568,418
31195,418
17763,418
33353,418
21805,418
28806,418
35808,418
23185,418
30935,418
38203,418
4807,418
27640,418
9051,418
27885,418
11926,418
33627,418
24500,418
19999,418
38337,418
7811,418
14627,418
2597,418
34863,418
38154,418
27166,84
31590,84
130,84
8135,84
5461,84
33622,84
33931,84
19651,84
9225,84
33764,84
29155,84
5612,84
8209,84
34593,84
32080,84
7148,84
4492,84
29302,84
32625,84
20771,84
10188,84
30613,84
24308,84
7249,84
7162,84
19651,84
27864,84
27520,84
30055,84
34495,84
18440,84
13751,84
21066,84
24846,84
17223,84
33422,84
27534,84
33370,84
5902,84
18965,84
2652,84
20319,84
13300,84
5143,84
5898,84
29380,84
6372,84
27417,84
27374,84
32944,84
30922,84
16475,84
15654,84
21226,84
29302,84
16308,84
6586,84
30516,84
28967,84
27864,84
2262,84
29945,84
7520,84
29143,84
23376,84
31553,84
14278,84
24298,84
26815,84
11783,84
24298,84
31350,84
22663,84
27663,84
25652,84
28198,84
28804,84
23701,84
29246,84
30639,84
226,84
2652,84
27104,84
26849,84
24881,84
27108,84
32244,84
33339,84
32253,84
8734,84
32258,84
19297,84
9681,84
18885,84
34395,84
29730,84
23492,84
4950,84
16830,84
29633,84
12521,84
32020,84
31878,84
26490,84
13340,84
28638,84
21149,84
31006,84
25865,84
32629,84
22923,84
27188,84
30410,84
30134,84
18418,84
18582,84
18256,84
21764,84
24380,84
116,320
30192,320
13023,320
62,320
9249,320
22750,320
34023,320
22750,320
62,320
33240,320
1525,320
756,320
12297,320
404,320
263,320
27476,320
7631,320
710,320
30428,320
22733,320
756,320
512,320
22032,320
11214,320
11214,320
512,320
542,320
7218,320
14262,320
822,320
37190,320
223,531
18604,531
5342,531
5708,531
1562,531
22676,531
28446,531
35272,531
2465,531
12209,531
36804,531
12495,531
23145,531
4951,531
6004,531
12857,531
9930,531
1636,531
1059,531
6202,531
1758,531
5697,531
15058,531
18288,531
9853,531
14361,531
29414,531
10294,531
9219,531
5088,531
15350,531
30228,531
27577,531
9302,531
34416,531
591,531
1497,531
10358,531
9935,531
16035,531
27063,531
19206,531
26967,531
3285,531
37992,531
17166,531
7994,531
37147,531
18413,531
38604,531
14603,531
31186,531
22588,531
12918,531
22327,531
22211,531
35946,531
1409,531
18471,531
10747,531
9698,531
7834,531
28933,531
9973,531
4729,531
8802,531
9649,531
3008,531
4143,531
11092,531
18311,531
5606,531
21693,531
4040,531
13081,531
4491,531
18766,531
17432,531
29104,531
17373,531
23256,531
8188,531
8993,531
12357,531
3327,531
11388,531
15133,531
1387,531
6020,531
28465,531
15138,531
18430,531
31826,531
27599,531
4787,531
24211,531
4814,531
589,531
3390,531
38053,531
34867,531
17858,531
30375,531
38436,531
17722,531
19429,531
9493,531
20411,531
22522,531
1638,531
32176,531
10407,531
30593,531
22194,531
29765,531
29227,531
10939,531
18244,531
29808,531
14065,531
25158,531
9908,531
4403,531
6336,531
15043,531
25788,531
31761,531
34867,531
30333,531
20213,531
23356,531
35229,531
24849,531
1618,531
29388,531
36824,531
15190,531
30221,531
29001,531
20449,531
25008,531
30031,531
8808,531
17829,531
31113,531
3844,531
20126,531
21074,531
28631,531
17506,531
10996,531
1410,531
17506,531
23710,531
32017,531
20553,531
32516,531
11316,531
23561,531
24331,531
7598,531
27855,531
22370,531
1804,531
8212,531
29712,531
31676,531
27762,317
5469,317
8629,317
3484,317
25319,317
30614,317
13924,317
36578,317
697,317
9816,317
5670,317
21658,317
5312,317
17750,317
16748,317
32837,317
24600,317
11423,317
35800,317
22051,317
37679,317
25319,317
35492,317
13713,317
16673,317
13713,317
9388,317
19305,317
27141,317
16421,317
28197,317
37164,317
27141,317
14293,317
12757,317
31282,317
37517,317
8447,317
6586,317
14776,317
37823,317
29764,317
7114,317
16070,317
34242,317
28882,317
11884,317
21540,317
28882,317
34242,317
5025,317
27935,317
8626,317
19124,317
32112,317
35094,317
28545,317
27734,317
38187,317
14386,317
20174,317
37968,317
26062,317
32658,317
5004,317
32658,317
6092,317
26062,317
3930,317
33775,317
3930,317
23390,317
13559,317
23390,317
32180,317
28641,317
37830,317
38156,317
4998,317
27979,317
38186,317
34068,317
34128,317
24874,317
31592,317
4515,317
32646,317
20414,317
20414,317
6576,317
29764,317
29764,317
12633,317
8833,317
4838,317
23779,457
37819,457
31376,457
9798,457
20733,457
18276,457
28904,457
35205,457
24809,457
35675,457
27390,457
9138,457
27032,457
20584,457
20584,457
28005,457
18694,457
28786,457
19203,457
14532,457
36539,457
6172,457
31087,457
19203,457
28786,457
31241,457
31200,457
37303,457
38348,457
14073,457
33284,457
17501,457
3498,457
35872,457
35371,457
34205,457
24458,457
37011,457
29248,457
21817,457
1656,457
24152,457
17741,457
7628,457
32886,457
35824,457
28365,457
2670,457
38002,457
1944,457
20159,457
33825,457
31574,457
27297,457
35925,457
33645,457
559,457
17532,457
17532,457
36635,457
36451,457
20321,457
24793,457
35711,457
24641,457
30805,457
31271,457
15536,457
35711,457
38081,457
34614,457
38384,457
34614,457
38384,457
6717,457
4637,457
36376,457
17096,457
36646,457
22796,457
36475,457
38071,457
27157,457
35561,457
33988,457
18618,457
34713,457
26341,361
27144,361
33508,361
30622,361
25492,361
36286,361
36111,361
24778,361
34898,361
26194,361
30017,361
33462,361
35225,361
35985,361
32190,361
33456,361
24621,361
31194,361
33412,361
35043,361
34275,361
30086,361
32227,361
34157,361
35661,361
34357,361
33313,361
36287,361
34387,361
14861,361
36129,361
33600,361
25041,361
35521,361
11662,361
36061,361
24773,361
32390,361
31944,361
31731,361
36275,361
33133,361
35448,361
33046,361
18804,361
30689,361
34136,361
31724,361
35136,361
28182,361
27038,361
29682,361
26629,361
24391,361
36086,361
25613,361
26923,361
34196,361
36347,361
29320,361
27972,361
32490,361
26101,361
36165,361
26174,361
34464,361
26901,361
19606,361
11917,361
29676,361
32026,361
33543,361
35527,361
35717,361
30900,361
34384,361
27171,361
27086,361
21187,361
26015,361
25448,361
36250,361
14345,361
33844,361
36156,361
29644,361
27652,361
36525,361
35573,361
32858,361
36482,361
33908,361
22564,361
30220,361
21458,361
32705,361
36776,361
35572,361
19873,361
23537,361
35691,361
13015,361
34106,361
23591,361
29181,361
32000,361
36559,361
31930,361
22915,361
27078,361
27082,361
34618,361
30149,361
27707,361
27894,361
27318,361
35029,361
31435,361
34540,361
24465,361
26712,361
34809,361
35179,361
14872,361
28060,361
22962,361
27280,361
35135,361
34104,361
18827,361
23304,361
34587,361
33407,361
31123,361
25858,361
31459,361
24738,361
17692,361
24925,361
35196,361
34073,361
32425,361
29725,361
31513,361
35559,361
12246,361
31920,361
29080,361
33947,361
11416,361
33249,361
30080,361
36057,361
33238,361
35342,361
26678,361
24402,361
36247,361
28201,361
27233,361
36263,361
34956,361
30130,361
32501,361
33927,361
32974,361
28421,361
35428,361
28642,361
36311,361
32455,361
33039,361
31023,361
26915,361
31809,361
27931,361
32054,361
24915,361
24963,361
24931,361
24938,361
24917,361
24958,361
24962,361
24928,361
24930,361
24898,361
24908,361
24943,361
24939,361
24922,361
24935,361
24936,361
24919,361
24929,361
24937,361
24900,361
24957,361
24912,361
24946,361
31262,361
23030,361
30696,361
34294,361
30175,361
35375,361
36154,361
35842,361
34423,361
28706,361
26014,361
17255,108
17781,108
18348,108
32136,108
11658,108
13282,108
1799,108
31312,108
24730,108
32088,108
76,387
300,387
25919,387
6275,387
28850,387
12901,387
12173,387
14987,387
7779,387
31068,387
7170,387
7672,387
1533,387
10886,387
27343,387
20719,387
116,387
1504,387
72,387
17122,387
5229,387
21476,387
29959,387
102,387
11581,387
29465,387
2029,387
220,387
17567,387
19779,387
19848,387
15238,387
6261,387
155,387
7936,387
2004,387
20968,387
9315,387
33404,387
10187,387
36258,387
10632,387
9888,387
254,387
17514,387
35819,387
36211,387
6751,387
307,387
22941,387
980,387
34949,387
4909,387
13911,387
803,387
35688,387
34156,387
37286,387
8533,387
5011,387
27212,387
396,387
32964,387
36521,387
38158,387
9610,387
3776,387
37758,387
1391,387
26603,387
166,387
37408,387
105,387
459,387
5909,387
17795,387
33482,387
31815,387
16247,387
302,387
18697,387
32384,387
27667,387
23331,387
37535,387
24388,387
36224,387
37535,387
11381,387
11063,387
23206,387
15164,387
29500,387
38135,387
30967,387
19657,387
31815,387
313,387
35392,387
3655,387
231,387
34785,387
15733,387
6082,387
31694,387
37800,387
24813,387
21011,387
32726,387
33202,387
11779,387
35779,387
32502,387
18159,387
5060,387
23264,387
34910,387
11768,387
34182,387
13405,387
7700,387
17726,387
11693,387
30913,387
20632,387
25006,387
10124,387
19939,387
11108,387
20387,387
15779,387
4508,387
18778,387
20428,387
32796,387
11135,387
35811,387
8947,387
33017,387
28158,387
24693,387
9744,387
37108,387
12609,387
37383,387
1264,387
34806,387
32963,387
29718,387
28990,387
3709,387
440,387
32029,387
12474,387
22899,387
23295,387
19845,387
5332,387
16981,387
28990,387
8637,387
16210,387
12337,387
11894,387
911,387
23347,387
36932,387
10609,387
7651,387
14114,387
29481,387
3132,387
30959,387
15326,387
36868,387
32921,387
210,387
13195,387
30518,387
3692,387
6758,387
4772,387
34189,387
14451,387
33613,387
2301,387
28856,387
835,387
1252,387
26783,387
16372,387
7,387
33035,387
23978,387
22976,387
26547,387
5552,387
1359,387
1244,387
10034,387
4833,387
3468,387
3884,387
19977,387
9117,387
22726,387
20232,387
480,387
25763,387
21097,387
31491,387
5586,387
13515,387
28403,387
17060,387
12,387
33868,387
35,387
8165,387
19630,387
23956,387
4173,387
16052,387
155,387
36439,387
32669,387
6113,387
11832,387
30473,387
676,387
24640,387
15641,387
10632,387
33491,387
33473,387
728,387
33806,521
28470,521
28470,521
30644,521
35913,521
31162,521
31162,521
29176,521
10469,521
11239,521
15282,521
27523,521
36654,521
35020,521
31317,521
36780,521
27315,521
30270,521
26277,521
18588,521
36654,521
31652,521
13757,521
29551,521
20692,178
10165,178
10963,178
10165,178
5785,178
32310,178
22279,178
7280,178
1583,178
15618,178
25181,178
12450,178
20441,178
22065,178
24164,178
7511,178
18687,178
23222,178
30305,178
17110,178
15822,178
36629,178
31406,178
16653,178
29442,178
19383,178
34066,178
10015,178
7718,178
32709,178
9690,178
6088,178
10846,178
16105,178
13678,178
20793,178
11651,645
27179,645
3224,645
11848,645
12144,645
25098,645
14509,645
17991,645
19629,645
964,645
30902,645
11342,645
2875,645
15876,645
29151,645
33230,645
36120,645
32482,645
28697,645
4128,645
15876,645
11870,645
4128,645
11870,645
15470,645
31932,645
28110,645
15890,645
4792,645
28110,645
17212,645
17100,645
17100,645
11515,645
32980,645
35615,645
21733,645
34802,645
9323,645
33883,171
27590,171
12982,171
33921,171
33921,171
33883,171
24811,171
23271,171
1304,171
1304,171
15645,171
7358,171
36126,171
6539,171
31632,171
9374,171
25313,171
2969,171
19870,171
9159,171
23633,171
11013,171
25518,171
10675,171
5588,171
26700,171
34498,171
28099,171
7868,171
2060,171
29322,171
20988,171
31632,171
30379,171
30379,171
27059,171
33823,171
21315,171
10316,171
19855,171
6663,171
25322,171
21590,171
25392,171
13072,171
24786,171
9521,171
36984,171
28142,171
10668,171
24811,171
30272,171
34397,171
2625,171
24984,171
28860,171
4176,171
28107,171
10688,171
26201,171
35900,171
20418,171
34117,171
32618,171
33220,171
35980,171
32232,171
35980,171
35980,171
23271,171
5711,171
30975,171
2049,171
6331,171
5799,171
28228,171
36126,171
29161,171
35161,171
35371,171
25444,171
31484,171
34971,171
15501,171
14058,171
34985,171
34744,171
29485,171
4415,171
20958,171
9480,171
28941,171
15332,171
31413,171
9516,171
15368,171
4405,171
26199,171
26340,171
3949,171
9895,171
2050,171
24106,171
27405,171
33805,171
20744,171
4488,171
33783,171
7970,171
2406,171
9372,171
33988,171
31821,171
28817,171
910,171
33759,171
33759,171
21551,171
21319,171
4830,171
13733,171
6443,171
25517,171
25517,171
12268,171
5186,171
36512,171
15236,171
26390,171
13212,171
20469,171
18132,171
5875,149
23186,149
14572,149
11384,149
15507,149
17189,149
25614,149
6149,149
8637,149
16650,149
6882,149
18063,149
26202,149
17621,149
832,149
5756,149
19413,149
24687,149
24940,149
6445,149
27868,149
8598,149
7235,149
21623,149
14298,149
32460,149
1725,149
394,149
5037,149
1376,149
4216,149
13780,149
32919,149
35239,149
16206,149
9248,149
19117,149
22550,149
6639,149
3969,149
9577,149
3097,149
986,149
25705,149
968,149
7725,149
6379,149
20136,149
31776,360
15261,360
35310,360
20183,360
12483,360
1735,360
21803,360
29434,360
4913,360
33953,360
31200,360
5555,360
27632,360
31846,360
22918,360
20915,360
11639,360
8111,360
24574,360
18476,360
18978,360
34520,360
30420,360
14200,360
36395,360
34983,360
38330,360
13497,360
29737,360
23852,360
18245,360
333,360
30385,360
1796,360
29706,360
5912,360
35983,360
34937,360
12281,360
9309,360
25163,360
434,360
7863,360
8182,360
745,360
30879,360
37445,360
17611,360
5310,360
28513,360
16840,360
34220,360
11423,360
15086,360
27644,360
1385,360
27753,360
11387,360
33391,360
6518,360
34111,360
12148,360
27445,360
27882,360
28165,360
22537,360
20646,360
20068,360
6491,360
24363,360
2614,360
25999,360
4002,360
33299,360
24825,360
31826,360
35566,360
23232,360
52,360
10070,360
38315,360
33006,360
15276,360
25686,360
15276,360
32884,360
15849,360
25537,360
27139,360
9955,360
34276,360
32753,360
9955,360
37296,360
19204,360
12373,360
17214,360
34822,360
1916,360
26692,360
30332,360
7608,360
29674,360
20569,360
5549,360
28900,360
18349,360
29623,360
30626,360
36611,360
29923,360
11568,360
30348,360
15018,360
17610,360
7625,360
123,360
36521,360
18554,360
32295,360
14241,360
3376,360
11693,360
16914,360
21739,360
14840,360
11706,360
34400,360
22436,360
29192,360
27389,360
37077,360
24155,360
10778,360
32133,360
9747,360
33699,360
1444,360
15434,360
37788,360
27165,360
8435,360
34715,360
7811,360
21388,360
29552,360
21748,360
31110,360
30430,360
7845,360
14335,360
4979,360
7188,360
9041,705
35388,705
16632,705
10317,705
2703,705
21346,705
4911,705
5273,705
28057,705
30247,705
26050,705
33752,705
32518,705
9586,705
16982,705
33962,705
6658,705
36034,705
21635,705
9375,705
31858,705
27669,705
2099,705
16127,705
7464,705
10631,705
18797,705
755,705
24095,705
26289,705
22537,705
1390,705
28143,705
7811,705
30434,705
13616,705
21428,769
31360,769
34978,769
10492,769
6750,769
9322,769
21774,769
10492,769
32780,769
9322,769
1981,769
5155,769
13694,769
380,769
38153,769
35917,769
21774,769
13694,769
1981,769
13430,769
13694,769
9888,769
9322,769
2768,769
10538,769
31360,769
24742,769
10352,769
10871,769
17056,769
31033,769
31360,769
19315,769
31811,769
2297,769
31360,769
11789,769
28372,769
7529,769
36521,769
10363,769
16383,769
32980,769
28999,769
26319,769
8582,128
12063,151
14636,151
33235,151
6035,151
768,151
26131,151
9678,151
1740,151
12917,151
17737,151
1170,151
6149,151
2686,151
3353,151
19434,151
13518,151
18970,151
15849,151
5461,151
1320,151
34937,151
17976,151
4377,151
30927,151
4305,151
17063,151
16591,151
22889,151
18477,151
125,151
17304,151
24298,151
13779,151
12990,151
708,151
5,151
15992,151
5328,151
1106,151
1775,151
4107,151
24636,151
22447,151
35042,151
18086,151
3179,151
34185,151
26845,237
27093,237
36162,237
14841,237
29949,237
18483,237
7343,237
32635,237
22496,237
1624,237
11042,237
37328,237
27655,237
1436,237
14947,237
6501,237
19260,237
16871,237
30002,237
37723,237
14747,237
12031,237
10167,237
15149,237
20872,237
15445,237
3339,237
16480,237
37681,237
4219,237
5584,237
25067,237
20542,237
15359,237
1428,237
20309,237
22819,237
4413,237
5371,237
7200,237
11455,237
35834,237
6784,237
13805,237
35915,237
9084,237
26522,237
9022,237
5644,237
13772,237
35418,237
12940,237
37864,237
11594,237
1105,237
27779,237
14585,237
12940,237
7656,237
18472,237
7742,237
1105,237
33765,237
34004,237
7656,237
9100,237
12940,237
7105,237
11519,237
25276,237
4535,237
4257,237
3289,237
13980,237
11099,237
3898,237
24415,237
23023,237
8729,237
33765,237
12178,237
1268,237
5970,237
10259,237
1152,237
29784,237
12484,237
1436,237
3599,237
13469,237
5630,237
9575,237
4343,237
4793,237
21219,237
25489,237
5112,237
33068,237
6393,237
14629,237
20205,237
8403,237
5307,237
26775,237
21181,237
9575,237
35108,237
4599,237
14628,237
29408,237
11076,237
22534,237
26872,237
22883,237
8998,237
8878,237
20655,237
943,237
25048,237
37442,237
24261,237
19488,237
26230,237
4134,237
33344,237
21207,237
21801,237
5041,237
33513,237
26520,237
14955,237
18953,237
30636,237
29949,237
7469,237
6501,237
28267,237
12141,237
7202,237
5046,237
30008,237
13230,237
37768,237
6630,237
4232,237
15284,237
32037,237
17089,237
1192,237
33938,237
30829,237
21258,237
31953,237
24736,237
1436,237
27655,237
24736,237
31729,237
15298,237
1308,237
17266,237
18938,237
10182,237
810,237
8614,237
8614,237
17194,237
35610,237
13624,237
16011,237
20265,237
36136,237
3701,237
37247,237
3601,237
22757,237
24954,237
8558,237
22910,237
22787,237
12675,237
3762,237
35392,237
25283,237
5190,237
16339,237
6845,237
14908,237
12140,237
2405,237
35734,237
26566,237
26864,237
12085,761
7183,761
127,761
19604,761
7183,761
34422,761
5773,761
8152,761
7871,761
20797,761
16976,761
35725,761
12683,761
20260,761
36521,761
12471,761
25064,761
23654,761
4162,761
6746,761
2794,761
14981,761
18842,761
35086,761
3809,761
2926,761
5361,761
34456,761
20254,761
28977,761
20598,761
12123,761
24428,761
3354,761
36661,761
34422,761
15061,761
15878,285
21256,285
32967,285
33724,285
32469,285
32394,285
33726,285
33729,285
32391,285
33741,285
34699,285
32616,285
34701,285
32958,285
34693,285
32606,285
32389,285
33731,285
34697,285
32471,285
33721,285
32386,285
32959,285
32476,285
32535,285
33719,285
31931,285
31772,285
33717,285
32486,285
34692,285
32388,285
33735,285
34695,285
33733,285
32383,285
34690,285
32536,285
33736,285
33730,285
32608,285
32410,285
33742,285
33738,285
33720,285
34735,285
34737,285
32973,285
33718,285
32474,285
34736,285
32971,285
34696,285
32530,285
32956,285
32475,285
32969,285
32477,285
32534,285
32473,285
32607,285
32055,285
32615,285
33737,285
33739,285
34729,285
31800,285
32957,285
33747,285
34728,285
33723,285
32609,285
34702,285
33732,285
33727,285
32387,285
32385,285
32972,285
33743,285
33740,285
32532,285
34703,285
32537,285
33722,285
33745,285
33746,285
3812,285
30184,285
33744,285
33716,285
7049,285
33964,285
12228,285
29969,285
37040,285
28332,490
38058,490
11577,490
9244,490
16323,490
37840,490
7000,490
15895,490
32950,490
36396,490
17052,490
1691,490
11791,490
12173,490
18093,490
9084,490
27648,490
38245,490
12172,490
38262,490
18036,490
32283,490
37681,490
19463,490
17184,490
16,490
26932,490
1222,490
35407,490
29429,490
1382,490
24424,490
17640,490
20673,490
6782,490
956,490
1961,490
1961,490
3965,490
956,490
36568,490
9706,490
5464,490
14754,490
8207,490
17596,490
33130,490
20336,490
37533,490
1229,490
9362,490
18188,490
37756,490
4539,490
30173,490
12718,490
26716,490
16924,490
37760,490
1718,490
23570,490
30723,490
12240,490
24998,490
6292,490
28256,490
14224,490
7254,490
705,490
18974,490
27191,490
17850,490
23209,739
4781,739
10181,739
36951,739
38351,739
36913,739
21008,739
12048,739
22381,739
22381,739
20563,739
38171,739
30688,739
24742,739
30732,739
24819,739
2672,739
31033,739
15560,739
8906,739
30528,739
19095,739
29706,739
15817,739
10926,739
16082,739
10289,739
25700,739
8288,739
2573,739
11037,739
9652,739
11952,739
36857,739
24819,739
34047,739
38153,739
36962,739
2708,739
32531,739
25212,739
23551,739
545,739
29876,739
27925,739
29936,739
13897,739
29209,739
24542,739
26640,739
26836,739
7403,739
28268,739
13858,739
13858,739
2429,739
11103,739
22381,739
35403,739
27554,739
24830,739
35692,739
27386,739
2794,739
26389,739
8104,739
12416,739
29024,739
38168,739
26389,739
20043,739
14782,739
25672,739
10981,739
8741,739
27345,739
10832,739
31089,739
14677,739
4726,739
26216,739
23157,739
13179,739
13179,739
21391,739
36641,739
16281,739
17058,739
8370,739
4216,739
36641,739
17058,739
24771,739
19580,739
22420,739
4003,739
22420,739
29687,739
4003,739
21008,739
25973,739
13382,739
4216,739
35459,739
12734,739
16974,739
36521,739
32724,739
23097,739
13268,739
23346,739
23346,739
19103,739
26462,739
12870,739
5206,739
29782,739
21325,739
5457,739
5457,739
34116,739
26189,739
32955,739
28090,739
36857,739
36925,739
9843,739
38320,739
38320,739
38320,739
38320,739
14900,739
15335,739
10094,739
15335,739
37297,739
6888,739
4658,739
15558,739
29936,739
11484,739
13303,739
15448,739
18613,739
19332,739
38617,723
24310,723
10121,723
24363,723
23714,723
28808,723
25019,723
8268,723
28369,723
3894,723
9058,723
8914,723
18587,723
13680,723
8079,723
20367,723
4956,723
36951,723
9834,723
18792,723
14388,723
17850,723
31323,723
8710,723
18480,723
20164,723
8336,723
30140,723
15666,723
11824,723
24882,723
13120,723
9030,723
9611,723
30053,723
23143,723
18272,723
7309,723
6365,723
35689,723
19210,723
28838,723
17701,723
30146,723
3632,723
22977,723
36267,723
10121,723
35776,723
15806,723
24030,723
4245,723
28749,723
34598,723
38596,723
18027,723
8135,723
786,723
18379,723
38602,723
37513,723
5296,723
31147,723
31625,723
4445,723
20279,723
33512,723
21143,723
21219,723
35874,723
31521,723
27366,723
31479,723
26320,723
8912,723
22542,723
25264,723
38548,723
31233,723
18877,723
18877,723
7022,723
11170,723
6675,723
6675,723
8253,723
30376,723
38557,723
35394,723
25960,527
36385,527
14753,527
31520,527
21697,527
4171,527
2570,527
21139,527
27935,527
17468,527
2015,527
26488,527
26510,527
14753,527
4070,527
36385,527
7568,527
20582,527
3624,527
8336,527
11362,527
6346,527
4070,527
28010,527
8845,527
17860,527
25230,527
20838,527
34021,527
18156,527
30746,527
25555,527
25646,527
14128,527
24986,527
28684,527
23658,527
19801,527
5250,527
4684,527
38007,527
9245,527
21387,527
9245,527
38418,527
17206,527
2608,527
24594,527
9899,527
2466,527
6346,527
6346,527
18156,527
17565,527
22246,527
436,527
34923,527
18411,527
34228,527
15795,527
18981,527
35999,527
18981,527
13326,527
12670,527
33332,527
927,527
8721,527
21589,527
25686,527
18768,527
36730,527
37372,527
1602,527
17568,527
23004,527
29547,527
10394,527
10166,527
37772,527
6980,527
12326,41
11886,41
28269,41
23445,41
23445,41
16542,41
11422,41
14932,41
13291,41
26771,41
28441,41
28441,41
23195,41
23195,41
33089,41
12947,41
21121,41
29694,41
28031,41
26677,41
28031,41
13934,41
13934,41
10123,41
10123,41
31120,41
26239,41
13728,41
16659,41
15966,41
24782,41
24782,41
32348,41
32348,41
10661,41
24766,41
6512,41
5141,41
6797,41
10661,41
26973,41
26973,41
21599,41
25675,41
30915,41
25675,41
30915,41
10795,41
10795,41
7208,41
31277,41
27706,41
27408,41
23809,41
23809,41
31277,41
6855,41
23544,41
17234,41
19558,41
26875,41
29880,41
26450,41
30828,41
29880,41
26450,41
12003,41
6984,41
13716,41
29880,41
30828,41
13716,41
13476,781
5087,781
21524,781
1367,781
24476,781
38544,781
26162,781
37345,781
1291,781
21978,781
27973,781
29430,781
11401,781
8375,781
11088,781
27871,781
10538,781
16558,781
18617,781
26687,781
31486,781
16390,781
37553,781
16390,781
13964,781
3486,781
4784,781
19228,781
29239,781
7203,781
36458,781
37888,781
15786,781
17788,781
31204,781
23054,781
14224,781
38666,781
31514,781
20965,781
31913,781
26043,781
13994,781
21480,781
21480,781
36009,781
33665,781
21684,781
22105,781
30815,781
17457,781
21231,781
5085,781
27557,781
35308,781
25854,225
32060,225
24298,225
14057,225
11171,225
29900,225
1983,225
37761,225
12593,225
1043,225
37186,225
7351,225
35064,225
25756,225
32960,225
23480,225
35451,225
30318,225
19550,225
1691,225
3014,225
26845,225
24941,225
37605,225
31539,225
22118,225
9333,225
11774,225
36063,225
10453,225
19614,225
36073,225
17906,225
5725,225
28796,225
31498,225
31498,225
27732,225
12193,225
10744,225
5807,225
8322,225
7811,225
20067,225
21935,225
9553,759
23164,759
7636,759
3188,759
38200,759
11446,759
24948,759
37740,759
31329,759
3268,759
30210,759
7972,759
16774,759
12985,759
12228,759
6533,759
28366,759
30100,759
16359,759
1552,759
21678,759
38527,759
953,759
37587,759
37587,759
1257,759
14050,759
28879,759
34611,759
16339,759
667,759
34611,759
9580,759
20694,759
28600,759
11527,759
30642,759
18030,759
36485,759
26162,759
13794,759
9044,759
25026,759
23632,759
14651,759
38619,759
12717,759
35104,759
21581,759
37108,759
574,759
34255,759
24789,759
14477,759
21053,759
23255,759
26502,759
7460,759
32252,759
35983,759
30984,759
23443,759
12048,759
6922,759
19451,759
28495,759
20082,759
17872,759
38440,759
37050,759
29295,759
6526,759
12788,759
13939,759
4255,714
30230,714
9011,714
3901,714
19783,714
5989,714
2905,714
18434,714
22285,714
27412,714
2559,714
5259,714
19746,714
33596,714
2218,714
31234,714
5828,714
8988,714
15051,714
3808,714
5541,714
5368,714
37693,714
22936,714
9620,714
17568,714
37693,714
5551,714
4343,714
16386,714
14413,714
24473,714
8443,714
24690,714
4800,714
32692,714
17539,714
15897,714
5795,714
33758,714
3876,714
1150,714
7798,714
5765,714
34130,714
3674,714
5725,714
14393,714
4880,714
3766,714
9473,714
31249,714
14008,714
26715,714
31249,714
16613,714
21517,714
25603,714
8286,714
16163,714
37579,714
11298,714
33609,714
19668,714
37579,714
11644,714
14815,714
10126,714
21255,714
19395,714
35699,714
7531,714
6533,714
9857,714
13202,714
3170,714
14357,714
15059,714
6491,714
18687,714
11566,714
14060,714
13129,714
13677,714
14060,714
9645,714
5983,714
38583,714
26222,714
20801,714
20154,714
11868,714
10823,714
16585,714
17434,714
3299,714
26343,714
26343,714
33838,714
10906,714
16254,714
12976,714
6786,714
12930,714
17694,714
20365,714
3786,714
4612,714
10542,714
13958,714
35202,714
2561,714
37065,714
31338,714
21665,714
37084,714
14300,714
37506,714
25398,714
15583,714
24882,714
16074,714
4196,714
1660,714
7972,714
22518,714
3305,714
20308,714
1858,714
14984,714
36267,714
8143,714
13422,714
8057,714
14195,714
15227,714
29403,714
13798,714
22809,714
2617,714
5584,714
13680,714
36521,714
13022,714
17184,714
5797,714
9878,714
18164,714
1453,714
34822,714
36025,714
14089,714
16081,714
34223,714
5742,714
16863,714
31323,714
16863,714
24813,714
11819,714
25653,714
8695,714
5212,714
15159,714
34904,714
3507,714
13180,714
10574,714
31967,714
34453,714
18169,714
29740,714
14036,714
30277,714
36607,714
1339,714
19951,714
22229,714
10889,714
2693,714
31639,297
30043,297
36418,297
22265,297
34497,297
14423,297
19423,297
4934,297
23909,297
27661,297
18937,297
37399,297
37141,297
24716,297
34251,297
17221,297
39724,297
37141,297
39724,297
33398,297
14543,93
29620,93
14543,93
15991,93
25890,93
34334,93
14543,93
19464,93
10950,93
34590,93
25189,93
24298,99
498,99
7031,99
2158,99
19196,99
7462,99
1872,99
11978,99
27110,99
6791,99
18965,99
10194,99
27373,99
4535,99
28420,99
14320,99
32621,99
9333,99
6795,99
24594,99
14966,99
33178,99
1233,99
16343,99
18443,99
3473,99
8135,99
12680,99
24846,99
2546,99
21938,99
29033,99
16555,99
30955,99
27469,99
9143,99
8299,99
32363,99
26823,99
24076,99
30922,99
7047,99
8926,99
4551,99
15151,99
7253,99
4056,99
18607,99
4280,99
15766,99
6435,99
13302,99
23727,99
7031,99
23658,99
34632,99
14864,99
24426,99
20621,99
14664,99
22657,99
4506,99
36443,352
5230,352
21048,352
2546,352
4727,352
4880,352
21387,352
7550,352
14183,352
24446,352
37444,352
10270,352
8567,352
522,352
23919,352
13047,352
28699,352
28429,352
7552,352
34237,352
1459,352
6825,352
36521,352
14591,352
28543,352
5222,352
9314,352
1773,352
3888,352
1817,352
15495,352
33120,352
707,352
31301,352
8507,352
26054,352
6632,352
18307,352
7447,352
23919,352
2843,352
4010,352
6414,352
12748,352
37445,352
3392,352
33235,352
31285,352
28878,352
38055,352
24663,352
10282,352
38055,352
4576,352
31695,352
31992,352
2961,352
11978,352
23799,352
4641,352
18910,352
13834,352
34063,352
8388,352
34365,352
23863,352
3999,352
4037,352
3466,352
27397,352
36860,352
18092,352
30335,352
25788,352
30117,352
29244,352
6362,352
22467,352
28513,352
27293,352
1459,352
36933,352
7447,352
37566,352
36933,352
30551,352
16873,247
12974,247
29904,247
3010,247
5277,247
34619,247
1566,247
8402,247
8715,247
15321,247
21434,247
6907,247
31234,247
16575,247
19728,247
3865,247
15891,247
37604,247
6915,247
19444,247
3701,247
11088,247
12124,247
1293,247
33309,247
18402,247
3127,247
32370,247
34435,247
3562,247
5914,247
35181,247
11921,247
3632,247
4710,247
17966,247
11310,247
17163,247
29817,247
1479,247
24675,247
9226,247
3941,247
10617,247
11097,247
19742,247
21546,247
18781,247
14226,247
18656,247
7971,247
4149,247
9214,247
13903,247
4087,247
35651,247
4780,247
7063,247
29846,247
26734,247
15259,247
25966,247
32195,247
32887,247
17217,247
20339,247
768,247
13721,247
24746,247
13039,247
24746,247
8715,247
3267,247
29907,247
19258,247
5963,247
35979,247
9453,247
16456,247
16507,247
5556,247
6275,247
34270,247
29766,247
7465,247
18144,247
1633,247
36243,247
8690,247
15608,247
18792,247
2668,247
37219,247
2668,247
15450,247
13245,247
7047,247
3574,247
3095,247
8890,247
12364,247
30547,247
36272,247
9132,12
17653,12
9815,12
1041,12
31446,12
26472,12
25943,12
14182,12
31699,12
20787,12
29085,12
3726,12
22912,12
17000,12
21718,12
15440,12
20223,12
25322,12
20223,12
2771,12
23187,12
17232,12
2625,12
6094,12
21636,12
15214,12
9732,12
21180,12
21982,12
2186,12
3348,12
22488,12
2060,12
10319,12
9618,12
29607,12
24618,12
21208,12
25468,12
21208,12
25806,12
31573,12
9953,12
28763,12
23221,12
28699,12
16938,12
23684,12
28773,12
17610,12
7759,12
26195,12
20240,12
5208,12
8806,12
6366,12
25043,12
28860,12
3646,12
10043,12
19498,12
11116,12
21999,12
16385,12
26692,12
26703,12
15501,12
27691,12
11206,12
28320,12
21673,12
22354,12
25459,12
8316,12
12627,12
28131,12
25260,12
20744,12
24706,12
20034,12
14519,12
28445,12
9369,12
20028,12
13626,12
15332,12
14499,12
8184,12
4910,12
10658,12
12523,12
26562,12
17030,12
19511,12
3813,12
22156,12
21489,12
24145,12
19366,12
2481,12
16606,12
23620,12
18185,12
26350,12
2770,12
24973,12
19634,12
12367,12
10295,12
20223,12
27800,12
8097,12
6060,12
1964,12
9215,12
27790,12
2173,12
30660,12
11078,12
31894,12
14772,12
15442,12
27677,12
25461,12
3851,12
7794,12
15077,12
1221,12
28960,12
18298,12
30284,12
29980,12
29107,12
29515,12
31013,12
29178,12
29515,12
19736,12
26299,12
27865,12
4903,12
31193,12
27409,12
1371,12
2094,12
24751,12
24119,12
19582,12
25344,12
3807,12
27229,12
23731,12
20641,12
26069,12
26601,12
9565,12
25296,12
29109,12
24458,12
20519,12
1269,12
19049,12
6256,12
19689,12
29294,12
23845,12
6798,12
9324,12
16684,12
21924,12
16684,12
12351,12
5720,12
16171,12
21924,12
19868,12
26147,12
13010,12
21218,12
3747,12
8597,12
17916,12
27699,12
8540,12
31637,12
21874,12
25050,12
6778,12
22452,12
25458,12
10688,12
18563,12
13761,12
7388,12
31484,12
13108,12
14536,12
20516,12
31453,12
10485,12
11835,12
1481,12
4406,12
29322,12
30667,12
22121,12
3082,12
13468,12
27517,12
20489,12
22121,12
10971,12
3490,12
15685,12
15328,12
3733,12
20648,12
23470,12
16589,12
8053,12
30034,12
29189,12
25451,12
25315,12
11977,12
20316,12
6575,12
8411,12
4086,12
9550,12
26652,12
14453,12
16894,12
24762,12
18521,12
25349,12
29892,12
13342,12
2859,12
13541,12
15657,12
12327,12
25739,12
5864,12
1294,12
4254,12
31151,12
22300,12
25697,12
29214,12
29230,12
10098,12
27649,12
21864,12
29760,12
12580,12
29306,12
29306,12
1703,12
7771,12
814,12
18497,12
10657,12
2535,12
10657,12
23454,12
2535,12
23454,12
12042,12
18370,12
17661,113
10411,113
13309,113
6435,113
12266,113
29903,113
16814,113
26490,113
13905,113
19791,113
25302,113
16280,113
19162,113
15253,113
6434,113
32124,113
19997,113
7245,113
26543,113
8201,113
13899,113
1597,113
1597,113
14901,113
3484,152
2631,152
10924,152
18613,152
31800,152
22443,152
8596,152
19723,152
29559,152
5930,152
2792,152
2147,152
28045,152
13799,152
3069,152
1653,152
5337,152
25647,152
10559,152
19531,152
29076,39
14330,39
8335,39
8567,39
2033,39
26742,39
18603,39
28966,39
21711,39
27099,39
24966,39
23848,39
8994,39
26241,39
11296,39
28330,39
14875,39
15164,39
26268,39
5424,39
21461,39
9273,39
2380,39
18776,39
23939,39
306,39
25167,39
21498,39
11347,39
9894,39
29600,39
17656,39
2694,39
15202,39
11356,39
16387,39
25088,39
29704,39
4431,39
16625,39
16912,39
27457,39
27862,39
8931,39
16879,39
5136,39
7508,39
4448,39
15973,39
7733,39
6625,39
8353,39
27726,39
21163,39
5565,39
20247,39
204,39
15699,39
23543,39
17620,39
21471,39
10349,39
478,39
8047,39
28540,39
19888,39
16450,39
27218,39
4410,39
24814,39
17505,39
20557,39
10099,39
25022,39
26568,39
18245,39
33487,39
26701,39
15482,241
23655,241
36583,241
15788,241
11365,241
35625,241
19026,241
19026,241
32672,241
23842,241
13030,241
4931,241
25308,241
3009,241
12493,241
13865,241
24893,241
13957,241
35328,241
21052,241
4436,241
37340,241
29023,241
29023,241
31335,241
31345,241
22883,241
24536,241
1520,241
18968,241
35259,241
2924,241
20345,768
1695,768
19835,768
32432,768
32780,768
21008,768
18425,768
36521,768
12051,768
31921,768
19088,768
2363,768
38237,768
28372,768
3370,768
29426,768
13331,768
38237,768
14900,768
25671,169
6722,169
21477,169
11749,169
30173,169
15653,169
30278,169
18874,169
21761,169
27563,169
8754,169
188,427
5100,427
31776,427
12002,427
21717,427
4793,427
4562,427
25305,427
36063,427
18093,427
10790,427
18033,427
8863,427
10953,427
9590,427
9820,427
1254,427
4484,427
36372,427
28015,427
31010,427
21546,427
3371,427
22333,427
29417,427
35172,427
5768,427
1788,427
12058,427
16559,427
18931,427
31469,427
12823,427
24626,427
26148,427
23743,427
27935,427
36457,427
33528,427
6989,427
5210,427
19104,427
3572,427
5068,427
22861,427
13794,427
20550,427
10078,427
8981,427
25799,427
27183,427
13150,427
4890,427
15906,427
5777,427
12281,427
22713,427
20579,427
14337,427
32554,427
31087,427
5126,427
21853,427
28017,427
3714,427
34550,427
4494,427
37748,427
26832,427
4377,427
23922,427
19336,427
7211,427
28828,427
28007,427
3637,427
34062,427
56,427
33073,427
16852,427
9597,427
2288,427
26832,427
34747,427
11706,427
22026,427
35605,427
5521,427
9027,427
14001,427
8398,427
11770,427
6621,427
21415,427
7567,427
33470,427
330,427
9488,427
2702,427
16195,427
16852,427
38418,427
16054,427
22866,427
1445,427
17229,427
35983,427
8373,427
35719,427
36784,427
13764,427
22964,427
22918,427
4443,427
33773,427
33690,427
33031,427
18422,427
11608,427
24986,427
27154,427
22964,427
34504,427
32247,427
8940,427
13616,427
22109,427
25695,427
19697,427
36313,427
12039,427
24732,427
19828,427
22853,427
5321,427
28259,427
21745,427
35941,427
31050,427
38178,427
14417,427
4167,427
12074,427
13400,427
8811,427
23307,427
31710,427
33006,427
26692,427
23778,427
28900,427
17403,427
21748,427
20010,427
34276,427
10149,427
30396,427
9592,427
4804,427
37319,427
1908,427
2589,427
33059,427
28314,427
16721,427
7564,427
16277,427
27899,427
36007,427
15424,427
32295,427
27732,427
30745,427
10061,427
31830,427
11738,427
7174,427
6179,427
18920,427
29339,427
18554,427
7527,427
18443,427
5750,427
14207,427
30430,427
31301,427
6183,427
18011,427
37765,427
22776,427
575,427
34116,427
7188,427
30250,427
33919,427
38396,514
35203,514
25458,514
11810,514
4960,514
3009,514
37794,514
21938,514
30666,514
11459,514
19747,514
16393,514
3578,514
12601,514
11341,514
897,514
38200,514
3416,514
21672,514
21573,514
1616,514
37392,514
7463,514
8897,514
35587,514
36960,514
25679,514
32194,514
12310,514
11166,514
13478,514
10577,514
22354,514
2836,514
9550,514
18577,514
31695,514
25433,514
36628,514
6325,514
14433,514
28592,514
31802,514
13801,514
28395,514
37044,514
28939,514
25425,514
27975,514
24618,514
30187,514
12434,514
35052,514
22001,514
6069,514
31484,514
33090,514
37692,514
37692,514
4960,514
22120,514
27002,514
7899,514
20456,514
30674,514
7811,514
20469,514
25506,514
2335,514
33245,514
27782,514
12105,514
9032,514
28104,514
5895,514
3818,514
29363,514
21489,514
30012,514
26735,514
18235,514
13073,514
23640,514
4526,514
34998,514
19030,514
32512,514
27396,514
30614,514
2199,514
38242,514
2094,514
33540,514
6235,514
31087,514
1608,514
18421,514
25114,514
34901,514
26304,514
29167,147
16069,147
6208,147
8169,147
369,147
22808,147
7509,147
17276,147
31341,147
3609,147
18497,147
5698,147
18540,147
7593,147
2191,147
35214,147
6149,147
30233,147
27809,147
29842,147
3379,147
25820,147
19818,147
32748,147
34341,147
2805,147
4396,147
369,147
26381,147
9943,147
29604,147
9513,147
24156,147
496,147
16618,147
9624,147
35011,147
28315,147
27341,147
6596,147
15968,147
26615,147
26736,147
17215,147
5911,147
30144,147
24838,147
20744,147
31980,147
21363,147
28056,147
12338,147
384,147
8490,147
16344,147
35298,147
5056,147
33652,147
13483,147
17403,147
29801,147
35411,147
13584,147
8862,147
17361,147
3146,147
5440,147
14759,147
17265,147
968,147
5535,34
1267,34
20192,34
946,34
269,34
31385,34
9468,34
908,34
33203,34
1994,34
32075,34
29911,34
7760,34
1106,34
9964,34
387,34
15156,34
13404,34
19272,34
25390,34
18364,34
943,34
11183,34
3200,34
26413,34
10874,34
21867,34
18065,34
26809,34
29895,34
12863,34
18183,34
19231,34
315,34
13010,34
15380,34
11004,34
18776,34
9683,34
18816,34
9684,34
16567,34
32507,34
24143,34
32453,34
3727,34
8108,34
11850,34
11850,34
18079,34
21906,34
25267,34
4356,34
11186,34
27399,34
11066,34
2747,209
34987,209
36176,209
16672,209
2191,209
23480,209
11775,209
6022,209
34501,209
32380,209
28143,209
31926,209
25699,209
34741,209
28828,209
7142,209
21281,209
22664,209
36306,209
13598,209
34362,209
28907,209
29295,209
14590,209
28907,209
6730,209
26908,209
11621,209
12456,209
567,209
33971,209
11269,209
32344,209
11815,209
8852,209
21959,209
6640,209
972,209
8189,209
3012,209
2883,209
5828,715
31234,715
1597,715
11210,715
7439,715
5678,715
2568,715
746,715
2645,715
33127,715
32738,715
16655,715
14964,715
14777,715
5214,715
1297,715
13598,715
21292,715
15370,715
15697,715
38583,715
11145,715
10286,715
2943,715
35177,715
6117,0
6691,0
9142,0
632,0
203,0
590,0
5067,0
9638,0
3959,0
19271,0
9293,0
1140,0
3367,0
18769,0
1077,0
5502,0
1347,0
1104,0
12358,709
2262,709
17933,709
23262,709
6216,709
1791,709
8489,709
10370,709
18288,544
21307,544
3544,544
10175,544
29802,544
16574,544
16035,544
5715,544
16321,544
22756,544
38142,544
19296,544
2328,544
338,544
1394,544
11445,544
15591,544
1147,544
476,544
1812,544
31140,544
13304,544
19969,544
874,544
18775,544
878,544
25936,544
20411,544
19774,544
22123,544
17548,544
31883,544
29414,544
18385,544
14247,544
20453,544
37442,544
22806,544
4528,544
10266,544
35766,544
24064,544
15596,544
3109,544
8993,544
16144,544
20109,544
11007,544
36402,544
31070,544
17917,544
1442,544
5697,544
4451,544
23936,544
765,544
3427,544
423,544
2051,544
35470,544
1435,544
32566,544
7404,544
20144,544
28141,544
1398,544
28313,544
9786,544
8310,544
31849,544
4590,544
22272,544
6838,544
6004,544
31427,544
36454,544
27883,544
23303,544
21108,544
21983,544
17247,544
35006,544
3659,544
1868,544
7916,544
23792,544
29311,544
8093,544
9346,544
1567,544
20452,544
38221,544
713,544
4970,544
21639,544
31235,544
36562,544
31770,544
6425,544
8940,544
38200,544
9302,544
15509,544
4853,544
23440,544
17849,544
31438,544
19439,544
17706,544
13365,544
20824,544
20462,544
613,544
6833,544
7668,544
22292,544
11033,544
21355,544
2104,544
31113,544
20645,544
9312,544
21763,544
8088,544
13142,544
35961,544
13029,544
17570,544
16709,544
18914,544
18882,544
20449,544
32071,544
14943,544
23991,544
17446,544
17981,544
30243,544
23031,544
33863,544
22625,544
11939,544
6078,544
4490,544
28501,544
21135,544
20126,544
27826,544
21430,544
25245,544
12468,544
4879,544
37257,544
18641,544
16380,544
23916,544
27285,544
18251,544
11684,544
15408,544
30488,544
9915,544
18116,544
21877,544
4522,544
20007,544
22505,544
24602,544
2457,544
18025,544
33149,544
18448,544
6934,544
37265,544
16595,544
707,544
17953,544
32146,544
7033,544
17684,544
13684,544
703,544
15175,544
24608,544
38069,544
33207,544
15780,544
2293,544
13145,544
18292,544
25018,544
18094,544
28738,544
16107,544
10781,544
4887,544
13802,544
21918,544
5246,544
6014,544
15096,544
14851,544
26244,544
15724,544
634,544
35799,544
11758,544
36679,544
23439,544
26032,544
24951,544
1318,544
13192,544
17683,544
38345,544
24992,544
20391,544
29117,544
11380,544
20658,544
1013,544
32282,544
25073,544
23790,544
1354,544
25243,544
2192,544
4702,544
8262,544
13637,544
17078,544
7101,544
24461,544
22128,544
36122,544
5787,544
17705,544
18050,544
19122,544
23891,544
31268,544
38021,544
11538,544
12652,544
23303,544
20934,544
22732,544
26083,544
23033,544
18119,544
9381,544
35791,544
1432,544
18944,544
14991,544
6150,544
28596,544
15596,544
29701,544
33862,544
19341,544
2656,544
7571,544
16874,544
14709,544
27423,544
27923,544
21464,544
37717,544
27808,544
14363,544
19281,544
30593,544
35981,544
17800,544
6265,544
16078,544
16800,544
25393,544
9846,544
36019,544
23303,544
36019,544
36019,544
25691,544
23514,544
12295,544
27163,544
21122,544
13620,544
25058,544
36721,544
21116,544
36694,544
31759,544
36000,544
9219,544
18639,544
1952,544
6233,193
14072,193
2266,193
21690,193
2507,193
37279,193
2002,193
31628,193
2230,193
22737,193
22832,193
16404,193
4837,193
10705,193
5645,193
33160,193
13401,193
563,193
13183,193
12745,193
3170,193
3639,193
17963,193
11028,193
2723,193
30280,193
36980,193
19364,193
23152,193
13429,193
8960,193
22686,193
13567,193
18033,193
1426,193
33153,193
14146,193
11143,193
19815,193
8269,193
30741,193
27493,193
3407,193
21688,193
15004,193
14685,193
17963,193
29065,193
26999,193
36841,193
6021,193
35157,193
9332,193
746,193
37252,193
5504,193
5746,193
21049,193
14685,193
16198,193
14715,193
8282,193
20619,193
18593,193
14954,193
13720,193
315,193
26980,193
3931,193
25331,193
36973,193
20960,193
31923,193
32423,193
15342,193
7371,193
6435,193
8891,193
27818,193
12049,193
11793,193
9253,193
10150,193
18335,193
4184,193
35492,193
35293,193
36172,193
35820,193
31845,193
27929,193
10048,193
12724,193
35330,193
13230,193
31527,193
14154,193
17946,193
367,193
6643,193
5703,193
17499,193
10500,193
29753,193
35101,193
13229,193
5665,193
30414,193
11650,193
7051,193
10618,193
18177,193
14026,193
12964,193
5973,193
10409,193
4200,193
18059,193
22221,193
27335,193
16900,193
34764,193
6217,193
22081,193
21666,193
35385,193
25805,193
37156,193
8769,433
35675,433
9937,433
10340,433
19674,433
37637,433
7578,433
13277,433
28516,433
31525,433
30556,433
27935,433
17131,433
20529,433
9048,433
8508,433
32994,433
34489,433
5818,433
38246,433
12006,433
5789,433
25845,433
4273,433
19226,433
37549,433
14023,17
26413,17
21052,17
31686,17
23753,17
24658,17
26909,17
27689,17
26909,17
7371,17
17011,17
29994,17
6325,17
29960,17
17274,17
10030,17
28267,17
22452,17
30273,17
29895,17
15916,17
7733,17
15407,17
28176,17
28176,17
23753,17
28029,17
8974,17
6324,17
14408,17
21007,17
10244,17
26408,17
26408,17
19825,17
14453,17
22117,17
8806,17
4436,17
22592,17
29097,17
14499,17
22033,17
4436,17
22592,17
29097,17
23454,17
29097,17
8806,17
29097,17
30660,17
28404,17
5525,135
13616,135
26697,135
12636,135
34803,135
2204,135
26535,135
21767,135
1150,135
3966,135
6208,135
17003,135
15182,135
23800,135
4865,135
12159,135
4495,135
18761,135
5880,135
12521,135
19578,135
7462,135
19994,135
5530,135
10924,135
34553,135
26370,135
63,135
26883,135
17255,107
17781,107
32136,107
11658,107
13282,107
33870,107
33986,107
33870,107
33986,107
33870,107
36038,730
35051,730
13945,730
4557,730
24570,730
14787,730
21050,730
17669,730
17669,730
33157,730
9223,730
31147,730
17566,730
34354,730
30522,730
21849,730
23669,730
17426,730
10334,730
20471,730
18831,730
16143,730
16143,730
6582,730
32274,730
10644,730
19158,730
27824,730
35818,730
22991,730
26141,730
18788,730
34725,730
34725,730
3719,730
1206,730
34240,730
34467,730
8786,730
16211,730
16211,730
28748,730
29803,730
15234,730
20907,730
20907,730
31153,730
5910,730
4166,33
12656,33
6151,33
31682,33
16145,33
22919,33
9352,33
17253,33
20474,33
27056,33
1203,33
11296,33
5239,33
21414,33
20845,33
12643,33
19343,33
10019,33
31863,33
13048,33
1667,33
1988,33
18733,33
28016,33
29810,33
1667,33
20720,33
18776,33
21498,33
15145,33
26845,33
9514,33
18701,33
19649,33
10496,33
28897,33
12218,33
10162,33
9660,33
3572,33
29704,33
30104,33
4878,33
23939,33
14625,33
11166,33
33011,33
23149,33
26784,33
3163,33
27457,33
19231,33
8363,33
206,33
27769,33
30533,33
13064,33
7201,33
26240,33
14308,33
7733,33
27862,33
11279,33
23227,33
15373,33
25895,33
25855,33
13389,33
8785,33
25831,33
5174,33
22480,33
8482,33
20694,33
17620,33
10880,33
2694,33
18194,33
16032,33
7506,33
4385,33
28540,33
4160,33
16996,33
25022,33
514,33
5528,33
20136,33
25072,33
19122,33
19326,33
21831,79
9063,79
27706,79
22353,79
6899,79
29868,79
24572,79
33304,79
23701,79
34828,79
10858,60
4145,60
29561,60
2741,60
31935,60
4563,60
6094,60
2355,60
30531,60
9561,60
33374,60
33374,60
10858,60
30669,60
3439,60
5924,60
6917,60
9222,60
17638,60
6325,60
9229,60
29119,60
22147,60
29039,60
8982,60
11583,60
22895,60
6052,60
29996,60
10623,60
15841,60
21864,60
23620,60
2225,60
26427,60
23472,60
32523,60
9132,60
10082,60
19582,60
23465,60
16004,60
9522,60
27010,60
34045,60
9522,60
11207,60
28976,60
5812,60
28934,60
15740,60
26052,60
29986,60
32743,60
32481,60
34045,60
30178,60
21553,60
15161,60
27790,60
14360,60
33418,60
33625,60
33878,60
2089,60
19530,60
24215,60
15880,60
27256,60
18185,60
16029,60
13948,60
9130,60
1266,60
33428,60
7702,60
28908,60
3748,60
23653,60
26212,60
1335,60
30932,60
9140,60
21689,60
26751,60
21941,60
2588,60
29942,60
25298,60
7041,60
7041,60
4084,60
21708,60
16285,60
27409,60
17832,60
23481,60
11594,720
16969,720
9624,720
7145,720
25758,720
7413,720
20506,720
8700,720
12083,720
11910,720
10615,720
10394,720
14036,720
59,720
3401,720
23484,720
3401,720
10383,720
23484,720
15481,720
16942,720
2857,720
31521,720
18274,720
8059,720
22108,720
30192,322
14962,322
23606,322
5451,322
18286,322
1199,322
445,322
6301,322
22905,322
12983,322
942,322
21912,322
1887,322
3403,322
6174,322
31746,322
1048,322
36174,322
34473,322
4512,322
14796,322
9296,322
17618,322
34063,322
9296,322
34481,322
24890,322
2464,322
32252,322
6649,322
513,322
12281,322
7516,322
15509,322
22846,322
34481,322
34473,322
2955,322
27382,322
3009,322
32754,322
271,322
8863,322
2005,322
24865,322
7870,322
12438,322
22202,322
3556,322
10818,322
17386,322
27876,322
10479,322
3064,322
3985,322
650,322
32073,322
4524,322
15219,322
37034,322
28543,322
7510,322
1107,322
20068,322
18794,322
12664,322
28352,322
13787,322
14625,322
22648,322
32074,322
10204,322
35653,322
21860,322
30829,322
282,322
20972,322
32197,322
15712,322
21352,322
22064,322
10167,322
9827,322
29924,322
14006,322
24986,322
34276,322
33159,322
27412,322
32068,322
12288,322
4596,322
10152,322
33872,322
719,322
22971,322
19356,322
10152,322
22701,322
10022,322
33303,322
5030,322
32064,322
28007,322
32069,322
11174,322
22853,322
11770,322
35495,322
31221,322
16728,322
1406,322
8123,322
5806,322
31698,322
13400,322
23689,322
1911,322
22526,322
32216,322
1997,322
7793,322
895,322
1598,322
33855,322
6569,322
313,322
2288,322
37612,322
31825,322
33445,322
33445,322
8288,322
19108,322
6234,322
3545,322
27938,322
24121,322
29636,322
28078,322
29669,530
1839,530
2279,530
5850,530
17465,530
223,530
27577,530
5156,530
10358,530
36135,530
18930,530
1059,530
1567,530
22251,530
17392,530
22036,530
9786,530
1578,530
9930,530
4616,530
38307,530
20604,530
4143,530
14943,530
22676,530
9689,530
949,530
36754,530
16838,530
18341,530
38153,530
10294,530
2465,530
1546,530
29414,530
9973,530
9853,530
11228,530
33981,530
3897,530
30228,530
19489,530
1812,530
6278,530
3393,530
21969,530
21302,530
361,530
22211,530
3285,530
19206,530
8332,530
10285,530
7667,530
14295,530
18044,530
38604,530
18187,530
17373,530
10747,530
16035,530
29721,530
11358,530
17432,530
9196,530
7834,530
2877,530
4641,530
8456,530
9698,530
11092,530
32380,530
94,530
21693,530
3008,530
12920,530
4491,530
11852,530
13961,530
8539,530
32163,530
22208,530
1813,530
7411,530
17187,530
12279,530
28465,530
16012,530
8993,530
8268,530
10995,530
4887,530
17975,530
6020,530
30238,530
17879,530
34814,530
517,530
13057,530
1044,530
38053,530
19312,530
19415,530
900,530
8116,530
12206,530
12468,530
18622,530
6930,530
15408,530
683,530
4814,530
33856,530
6610,530
1540,530
10299,530
38436,530
6535,530
3115,530
3984,530
23526,530
35272,530
14706,530
11148,530
33107,530
9493,530
15619,530
185,530
22522,530
22194,530
32176,530
4989,530
33457,530
658,530
6490,530
12060,530
19969,530
18670,530
24193,530
19737,530
21983,530
7589,530
27151,530
24951,530
10939,530
12612,530
9386,530
19635,530
21980,530
16043,530
23585,530
2691,530
14231,530
7402,530
17665,530
9908,530
28057,530
5481,530
5342,530
36521,530
34960,530
7961,530
32138,530
24710,530
4173,530
8900,530
12994,530
838,530
7769,530
21250,530
1025,530
23356,530
23521,530
7560,530
36084,530
31840,530
9071,530
1023,530
33120,530
3902,530
29178,530
18638,530
4375,530
7204,530
20298,530
25086,530
16078,530
20213,530
655,530
30444,530
6666,530
35377,530
3563,530
22771,530
35229,530
29464,530
8151,530
10266,530
11122,530
15691,530
24313,530
21222,530
21469,530
18468,530
25008,530
29821,530
26104,530
4864,530
35827,530
20438,530
10835,530
38276,530
30718,530
24710,530
20337,530
17570,530
8702,530
34438,530
33111,530
4227,530
1074,530
2198,530
14237,530
30051,530
9312,530
2198,530
31838,530
30977,530
2198,530
25471,530
990,530
11762,530
2198,530
11814,530
2198,530
20298,530
9852,530
2756,530
28744,530
20824,530
21859,530
1141,530
32017,530
13145,530
12442,530
32516,530
20271,530
8099,530
10829,530
24091,530
7386,530
31395,530
7386,530
28309,530
30465,530
33457,530
37899,530
12860,530
5508,530
22370,530
10367,530
1944,530
33862,530
14580,530
38506,530
32375,530
30773,530
25096,530
24594,530
839,530
5636,530
31676,530
21676,530
18679,530
34182,530
38617,725
15411,725
24417,725
669,725
20006,725
2469,725
6585,725
31858,725
25071,725
6062,725
23173,725
6484,725
6671,725
23173,725
31316,725
28726,725
28543,725
26346,725
31483,725
20979,725
1546,725
31483,725
26346,725
2467,725
34415,725
1927,725
38602,725
7890,725
16712,725
4169,725
21653,725
31036,725
3512,725
32106,725
27711,725
8063,725
33539,312
3889,312
12483,312
3999,312
2175,312
29974,312
12700,312
36076,312
36166,312
15632,312
23360,312
4513,312
22713,312
8092,312
24581,312
12980,312
7351,312
31525,312
18098,312
8326,312
36244,312
3055,312
16982,312
21731,312
15462,312
35633,312
33957,312
28086,312
21190,312
23335,312
17954,312
1184,312
11083,312
12281,312
8182,312
19104,312
19426,312
27945,312
16503,312
36354,312
22918,312
12242,312
28086,312
14232,312
16031,312
6162,312
6309,312
30864,312
27945,312
9590,312
18443,312
32119,312
32256,312
32812,312
9005,312
27445,312
38178,312
37038,312
5015,312
12516,312
6842,312
33391,312
30031,312
31294,312
10129,312
35960,312
17681,312
35944,312
10798,312
14417,312
9607,312
27753,312
12037,312
29242,312
5335,312
10371,312
18361,312
24095,312
6243,312
33006,312
18011,312
30430,312
30420,312
34201,312
4940,399
731,399
35079,399
18573,399
1317,399
25960,399
36290,399
20306,399
15846,399
25901,399
18811,399
29904,399
34935,399
14494,399
23118,399
30498,399
32515,399
36067,399
15702,399
27617,399
4891,399
11625,399
27560,399
15788,399
30458,399
20155,399
12901,399
10427,399
1988,399
22796,399
4134,399
17884,399
24463,399
27795,399
18093,399
19779,399
10778,399
18141,399
17671,399
29074,399
20813,399
22314,399
6812,399
37924,399
19775,399
33580,399
37924,399
30477,399
27109,399
19728,399
11381,399
6820,399
37924,399
5174,399
30836,399
33756,399
5122,399
20507,399
29232,399
18240,399
6454,399
10015,399
26378,399
24731,399
983,399
14342,399
35782,399
13030,399
36748,399
13793,399
37149,399
7586,399
22207,399
4767,399
38063,399
4861,399
36381,399
17425,399
30904,399
29213,399
3487,399
6276,399
24791,399
8980,399
29349,399
14955,399
14188,399
14254,399
228,399
28350,399
1928,399
6918,399
7603,399
23628,399
31037,399
4918,399
20644,399
12872,399
7572,399
36668,399
2421,399
5304,399
26839,399
18334,399
37759,399
14330,399
1951,399
13080,399
38172,399
11113,399
32271,399
32811,399
912,399
22903,399
16724,399
29923,399
32437,399
33402,399
34602,399
6636,399
8624,399
35557,399
16058,399
8911,399
27773,399
12413,399
14941,399
232,399
5637,399
14460,399
15778,399
29460,399
29224,399
5402,399
4353,399
6231,399
25659,399
7830,399
28514,399
16325,399
36618,399
33547,399
24551,399
32264,399
31747,399
30998,399
1793,399
219,399
28607,399
3302,399
36676,399
26369,399
16497,399
18369,399
1359,399
20247,399
22976,399
17958,399
12150,399
12251,399
19326,399
20695,399
28256,399
36521,399
17398,399
35083,399
36955,399
24437,399
30227,399
30210,399
23877,399
21839,399
33974,399
6609,399
15426,399
222,399
27052,399
2968,399
21790,399
11629,399
34223,399
36627,399
23052,399
38437,399
1871,399
1161,399
20766,399
20757,399
26132,399
35296,399
4989,399
2641,399
24799,399
24671,399
27077,399
28393,399
15250,399
10776,399
27967,399
34109,399
12675,399
9319,399
10501,399
35979,399
391,399
35849,399
22344,399
22675,399
31372,399
9213,399
5499,399
13809,399
38195,399
3448,399
10961,399
10069,399
27567,399
1905,399
26862,399
10141,399
2110,399
37948,399
2563,399
1620,399
19473,399
9155,399
10012,399
29159,399
15653,399
27109,399
20813,399
32102,399
654,379
1179,379
7582,379
32521,379
10176,379
19767,379
3662,379
20035,379
29192,379
7888,379
3536,379
23482,379
9332,379
1642,379
36487,379
9522,379
3178,379
2011,379
4227,379
185,379
16648,379
7184,379
19290,379
25449,379
8233,379
4960,379
28524,379
9594,379
26019,379
14621,379
2853,379
6070,379
14850,379
2049,379
16978,379
2579,379
26464,379
34074,379
21838,379
27572,379
22354,379
25816,379
20201,379
2046,379
30933,379
23837,379
15869,379
3459,379
6273,379
1269,379
9340,379
17140,379
5294,379
17653,379
5099,379
35019,379
33070,379
33608,379
3394,379
19943,379
25430,379
36157,379
37919,379
33418,379
638,379
20107,379
3169,379
12268,379
15027,379
9019,379
15027,379
27511,379
19554,379
12424,379
5125,379
29125,379
1944,379
20648,379
33436,379
15561,162
30123,162
32376,162
26714,162
10498,162
28146,162
28192,162
10941,162
30921,162
28585,162
14521,162
16345,162
27437,162
30980,162
12257,162
17599,162
29028,162
32903,162
30862,162
26641,162
27698,162
7266,162
31458,162
34887,162
19445,162
31714,162
4433,485
11813,485
6114,485
31910,485
14052,485
30115,485
25411,485
17912,485
17912,485
9241,485
9241,485
22457,485
17760,485
31238,485
4753,485
16458,485
31757,485
20610,485
21675,485
13528,485
11644,485
23052,485
24755,485
37337,485
3266,485
37665,485
7733,485
36963,485
36963,485
27884,485
31118,485
25716,485
20037,485
27686,485
13186,485
6399,485
35238,485
20040,485
20040,485
10938,485
27223,485
27223,485
18409,485
30046,191
11933,191
30732,191
2015,191
21601,191
16658,191
27697,191
3499,191
12786,191
28101,191
24527,191
15391,191
527,191
24605,191
20334,191
21463,191
29716,191
11916,191
4360,191
493,191
10010,191
21125,191
12402,191
26953,191
7142,191
10887,191
35157,191
27784,191
17827,191
11246,191
12714,191
32637,191
33858,191
8269,191
9253,191
33033,191
32980,191
16192,191
23771,191
23244,191
27515,191
33858,191
24724,191
27811,191
274,191
9997,191
21310,191
22955,191
15380,191
12879,191
27784,191
23772,191
19814,191
25539,191
27515,191
30956,191
21310,191
20546,191
23772,191
19392,191
21942,191
4768,191
26034,191
16992,191
6439,191
35925,191
5932,191
22318,191
2332,191
12544,191
32118,191
34534,191
35432,191
5427,191
24437,191
38302,466
37444,466
18637,466
13598,466
18618,466
27032,466
30779,466
38211,466
28399,466
37450,466
28277,466
23136,466
23404,466
29994,466
14631,466
22027,466
27043,466
34576,466
34847,466
22672,466
20342,466
35246,466
1745,466
31466,466
38002,466
28904,466
1073,466
38316,466
31054,466
30987,466
33523,466
34222,466
37995,466
33770,466
7628,466
38348,466
541,466
1624,466
35255,466
4688,466
35540,466
29307,466
28846,466
19551,466
24991,466
13504,466
13504,466
26913,466
22317,466
2105,466
9804,598
10772,598
9255,598
12644,598
9834,598
25906,598
10949,598
3280,598
7680,598
4317,598
17435,598
25575,598
4779,598
7365,598
19788,598
11903,598
4880,598
16767,598
4074,598
13520,598
5361,598
20075,598
33361,598
1189,598
3503,598
6301,598
389,598
29209,598
15981,598
26934,598
26317,598
22805,598
36052,598
18683,598
24154,598
14385,598
6949,598
21979,598
17716,598
14574,598
27649,598
16502,598
16540,598
3406,598
16913,598
11014,598
20271,598
27204,598
12877,598
1579,598
4391,598
16838,598
37988,598
25134,598
35473,598
1375,598
16546,598
11163,598
2686,598
5534,598
26679,598
35772,598
22473,598
9959,598
5088,598
32905,598
1184,598
1136,598
27099,598
3749,598
29660,598
7174,598
18463,598
22220,598
21793,598
10278,598
36231,598
38520,598
27659,598
31605,598
7655,598
17063,598
28835,598
37911,598
27458,598
33007,598
21611,598
25506,598
20367,598
23025,598
29719,598
3135,598
21254,598
38110,598
33603,598
19797,598
17167,598
35719,598
3634,598
38327,598
9594,598
26905,598
18934,598
16978,598
28446,598
15043,598
27874,598
28510,598
32612,598
32484,598
6212,598
10942,598
32324,598
26320,598
37034,598
2806,598
12968,598
14804,598
24818,598
33079,598
22290,598
1278,598
18572,598
20608,598
15367,598
19505,598
12154,598
23536,598
6426,598
13524,598
26371,598
17792,598
5258,598
23365,598
30011,598
20506,598
1725,598
3214,598
32158,598
21239,598
15838,598
12594,598
25801,598
22171,598
27776,598
32731,598
29802,598
15065,598
4930,598
17377,598
27910,598
3703,598
7972,598
17242,598
26761,598
32674,598
31859,598
38162,598
34074,598
23465,598
37378,598
28237,598
19008,598
35916,598
9370,598
7811,598
38176,598
31412,598
429,598
12163,598
22451,598
12336,598
19745,598
26887,598
2365,598
28527,598
24973,598
31019,598
37783,598
5568,598
17613,598
25892,156
29520,156
32900,156
30447,156
2762,156
27882,156
5601,156
6149,156
1832,156
30046,156
32315,156
21492,156
11605,156
4261,156
17112,156
15834,156
32344,156
34456,156
20543,156
30658,156
31599,156
35310,156
9660,156
22079,156
12929,156
7142,156
4412,156
32500,156
9396,156
29828,156
27653,156
23954,156
22237,156
28325,156
11836,156
7150,156
15282,102
23466,102
28222,102
21308,102
19665,102
29317,102
28884,102
22699,102
15106,102
30132,102
13751,102
25777,102
13890,102
30214,102
29002,102
29002,102
21756,102
14751,751
15041,751
18771,751
36590,751
7988,751
23751,751
18008,751
28490,751
3301,751
11764,751
5301,751
18271,751
11543,751
2685,751
11052,751
30140,751
34525,751
23693,751
8487,751
27850,751
23418,751
29566,751
30727,751
25912,751
35703,751
34371,751
20087,751
14149,751
7751,751
34969,751
8135,751
23534,751
34165,751
37445,751
11821,751
13544,751
13712,751
8671,751
4007,751
29158,569
24683,569
12328,569
19037,569
13763,569
20707,569
25900,569
22253,569
6313,569
36112,569
8384,569
27204,569
16441,569
11716,569
21729,569
6838,569
2810,569
29637,569
12577,569
29354,569
31381,569
27317,569
22323,569
4317,569
14709,569
16874,569
33340,569
26689,569
33268,569
38072,569
17144,569
34366,569
10406,569
3411,569
10715,569
9550,569
7589,569
21825,569
25169,569
15334,569
24921,569
37195,569
18341,569
25169,569
25096,569
9863,569
29866,569
11122,569
30465,569
2106,569
6588,569
28525,569
32362,569
16115,569
5691,569
37824,569
10621,569
3058,569
32643,569
37081,569
23918,569
11586,569
29756,569
19115,569
22003,569
30268,569
33486,569
16639,569
22588,569
38604,569
29869,569
34577,569
17480,569
18187,569
18126,569
28906,569
34815,569
31800,569
3363,569
13146,569
33107,569
10180,569
30999,569
37706,569
15096,569
38146,569
24398,569
18906,569
17063,569
32889,569
18718,569
27021,569
34372,569
15497,569
32955,569
1868,569
1999,569
34763,569
27285,569
16303,569
11340,569
772,569
18438,569
20377,569
3658,569
37823,569
8542,569
35623,569
25063,569
29660,569
22597,569
7976,569
23870,569
37023,569
31247,569
20082,569
7972,569
37882,569
3050,569
33074,569
25187,569
27973,569
25240,569
22239,569
1577,569
13838,569
29250,569
18234,569
34822,569
13398,569
33661,569
24571,569
35371,569
17117,569
36521,569
27711,569
34470,569
3896,569
9840,569
36159,569
3896,569
25546,569
246,569
12961,569
6490,569
29553,569
21383,569
3885,569
19463,569
12881,569
18114,569
4179,569
13736,569
30941,569
35674,569
31760,569
34959,569
28502,569
2288,569
29266,569
24861,569
14216,569
15275,569
13817,569
34929,569
35902,569
17178,569
14978,569
14707,569
10882,569
13880,569
14595,569
18822,569
23468,569
20369,569
8839,569
26377,569
19745,569
32817,569
26983,569
23796,569
21166,569
13410,569
22774,569
22622,569
8215,569
18621,569
27061,569
31995,569
20919,569
5600,569
37402,569
3529,569
33418,569
19590,569
2774,569
31768,569
11841,569
18058,569
23826,569
17403,569
24079,569
24703,569
26819,569
5743,569
7210,569
30583,569
14073,569
1345,569
2138,569
15504,569
32508,569
8143,569
19295,569
32832,569
28074,569
6739,569
29017,569
36211,569
15468,569
21724,569
7158,569
34201,569
26593,569
35612,569
4690,569
9439,569
26581,569
5688,569
30005,569
23170,569
11701,569
4709,569
34265,569
12145,569
7720,569
15607,569
31679,569
1648,569
8677,569
31676,569
33385,569
26111,569
28842,569
25391,569
8328,569
21676,569
4415,569
37810,569
31213,569
33775,569
29395,569
15476,569
15532,569
21128,569
22995,569
14876,569
9558,569
21573,569
24381,569
15279,569
15418,569
22502,569
19438,569
19438,569
18438,569
12201,569
19452,569
20991,569
36224,569
38294,569
38481,569
23053,569
14006,569
719,569
3563,569
31431,569
16005,377
21442,377
25946,377
24656,377
25427,377
31634,377
2478,377
17333,377
9204,377
30869,377
12092,377
28868,377
11038,377
26778,377
312,377
312,377
13869,377
32247,377
22953,377
6208,377
22424,377
24597,377
25835,377
8958,377
2662,377
16887,377
11506,377
37075,377
4586,377
33015,377
11706,377
7374,377
7374,377
35116,377
32554,377
15244,377
24061,377
22618,377
1602,377
6274,377
35783,377
20282,377
11942,377
27903,377
13869,377
23533,377
4506,377
26481,377
13423,377
1289,377
20517,377
22379,377
9094,377
5270,377
30609,377
26641,377
2784,708
17332,708
24037,708
24251,708
26116,708
22591,708
12849,708
6180,708
3530,708
3530,708
3530,708
13475,708
31851,708
16315,708
17413,708
24856,708
4600,708
25380,708
28447,708
24872,708
11710,750
2637,750
17034,750
1215,750
19109,750
14094,750
14792,750
2685,750
2562,750
23098,750
3153,750
7227,750
28666,750
30573,750
21535,750
7264,750
8185,750
33235,750
31525,750
13959,750
36686,750
34322,750
3720,750
14394,750
26416,750
26217,750
37623,750
4633,750
3241,750
6875,750
1892,750
5344,750
8045,750
7378,750
19085,750
34088,750
12526,750
2398,750
5561,750
34066,750
11861,750
1074,750
25991,750
3948,750
20021,750
34020,750
38131,750
4433,750
259,750
21269,750
10155,750
19482,750
6210,750
2589,750
27435,750
34764,750
10087,750
29824,750
31038,750
34963,750
9892,750
11805,750
31231,750
134,750
31231,750
24711,750
10035,750
12834,750
25665,750
17516,750
37300,750
26640,750
2272,750
35866,750
23026,750
24378,750
4575,750
3621,750
37551,750
12934,750
38380,750
31021,750
7753,750
16492,750
29601,750
11170,750
14860,750
20688,750
36216,750
18489,750
31865,655
12661,655
33027,655
23147,655
21291,655
9394,655
16490,655
20401,655
30813,655
11781,655
27446,655
20391,655
34819,655
14281,655
19565,655
11942,655
7239,655
12494,655
956,655
8449,655
3853,655
8145,655
16972,655
27427,655
14667,655
5911,655
4506,655
6346,655
23461,655
20194,655
5364,655
21174,655
25403,655
15219,655
14379,655
31255,655
5077,655
16286,655
32148,655
21434,655
15272,655
26187,655
5702,655
26056,655
37071,655
17160,655
46,655
28685,655
33258,655
12325,655
5867,655
11224,655
18976,655
19587,655
38650,655
22094,655
11951,655
7889,748
1070,748
13178,748
19207,748
20432,748
18825,748
20513,748
3833,748
27296,748
13024,748
5172,748
11433,748
22099,748
37237,748
33451,748
13229,748
33451,748
38063,748
11962,748
6660,748
27296,748
22010,748
274,748
20517,748
24029,748
12615,748
5497,748
16566,748
21269,748
12539,748
33111,748
711,748
711,748
3651,748
588,748
26728,748
5172,748
5172,748
22432,748
996,748
17438,746
34467,746
20959,746
23456,746
8368,746
19626,746
17341,746
33820,746
33820,746
15388,746
33689,746
32359,746
16825,746
16677,746
17110,746
31976,746
2193,640
21654,640
15734,640
20841,640
8415,640
6765,640
28258,640
13043,640
13924,640
28721,640
29034,640
29034,640
38604,640
11655,640
32371,640
29659,640
28065,640
6212,640
18275,640
17064,640
22675,640
26035,640
10042,640
30595,640
6041,640
29706,640
30649,640
38418,640
32223,640
34594,640
17443,640
3036,640
8084,640
5825,640
34201,640
18189,640
36820,640
28659,640
27203,640
23200,640
23200,640
26047,640
5825,640
26047,640
22477,640
21617,640
13616,640
12598,640
15579,640
28674,640
21948,640
15579,640
14893,640
7864,640
29992,640
38359,640
37635,640
25511,640
9206,640
37052,640
6018,640
37772,640
6871,640
32890,640
21745,640
1283,640
35685,640
21568,640
8477,640
29170,640
8477,640
37993,640
37460,640
9496,640
20119,640
4696,640
35882,640
20119,640
35541,640
27456,640
33446,640
37612,640
32113,640
16161,640
31551,640
31551,640
22149,640
26047,640
6846,640
15210,640
13305,640
36711,640
29131,640
29131,640
31207,640
10892,640
4696,640
17368,640
18462,640
13050,640
13050,640
38234,640
33518,640
18314,640
18314,640
5394,640
3157,273
14499,273
21938,273
18339,273
27919,273
1514,273
24589,273
7550,273
641,273
13795,273
937,273
25287,273
21980,273
34772,273
29251,273
19176,273
12476,273
4803,273
33988,273
7970,273
27912,273
7470,273
23756,273
1891,273
25655,273
37640,273
28809,273
23482,273
135,273
6352,273
24988,273
25599,273
12444,273
433,273
14982,273
8545,273
5210,273
9380,273
2780,273
25419,273
27919,273
28811,273
1468,273
4910,273
13149,273
2327,273
20081,273
2489,273
12444,273
27749,273
4576,273
31633,273
18766,273
18464,273
3234,273
26538,273
7470,273
2172,273
7388,273
14039,273
19449,273
31630,273
613,273
17713,273
25988,273
3348,273
1522,273
2696,273
1413,273
34367,273
17685,273
24174,273
34367,273
15349,273
8074,273
3223,273
2866,273
272,273
15042,273
28107,273
17267,273
27176,273
13415,273
28866,273
4493,273
34367,273
7171,273
9370,273
34650,273
1611,273
33922,273
5928,273
19034,273
15899,273
4364,273
7976,273
10222,273
31999,273
31411,273
8236,273
8818,273
17786,273
35261,273
36989,273
25947,273
19755,273
19755,273
19755,273
32824,273
32824,273
7823,273
19755,273
9522,273
24624,273
6847,273
11510,273
13236,273
7739,273
3472,273
7759,273
28426,273
5757,273
26033,273
35161,273
29451,273
34977,273
25468,273
10118,273
7652,273
25587,273
20366,273
2780,273
24129,273
26392,273
29883,273
8125,273
18414,273
12260,273
22722,273
23340,273
7948,273
19130,273
7899,273
26089,273
35918,273
22983,273
35166,273
19903,273
5560,273
37705,273
25943,273
14351,273
9506,273
31637,273
29255,273
2735,273
8664,273
26735,273
19466,273
9610,273
5831,273
1481,273
336,273
26763,273
13799,273
19736,273
35000,273
30578,273
25334,273
2654,273
3219,273
19226,273
4644,273
28798,273
30133,273
10316,273
5602,273
35371,273
22300,273
27640,273
1016,273
1016,273
7125,273
15978,273
29091,273
6971,273
21724,273
9209,273
1016,273
34367,273
4145,273
28866,273
6543,273
7823,273
24973,273
6971,273
34367,273
6410,273
33670,273
3635,273
31381,273
10465,273
9059,273
10920,273
15759,273
23866,273
34367,273
24057,273
15529,273
2616,273
25321,273
36376,273
7470,273
11963,273
21082,86
29155,86
22708,86
17223,86
8864,86
6372,86
31571,86
17860,86
12582,86
28172,86
4288,86
34495,86
8135,86
30873,86
10338,86
7633,86
32088,86
27417,86
23003,86
3948,86
29466,86
12342,86
11992,86
30607,86
33923,86
24096,86
15959,86
31141,86
5880,86
28472,86
17904,86
16308,86
9785,773
14215,773
23396,773
10594,773
3995,773
36690,773
10268,773
25179,773
33891,773
30566,773
1930,773
30566,773
1930,773
36995,773
31703,773
16055,773
6605,773
38046,773
37725,773
14433,773
37386,773
6777,773
38352,773
33792,773
26074,773
22939,773
2049,773
31195,773
32540,773
25115,773
32540,773
16171,773
38549,773
6839,773
1522,773
22085,773
38061,773
36328,773
26610,773
8136,773
12386,773
27595,773
32497,773
36465,773
11405,773
19918,773
34194,773
23326,773
37518,773
23326,773
22213,773
22213,773
20862,773
7528,773
12788,773
3756,773
26705,773
29732,773
26395,773
34854,773
34854,773
22339,773
37187,773
12972,773
12972,773
18624,773
11217,773
31200,773
31200,773
31183,773
25723,773
12903,773
38393,773
32816,773
4602,773
38677,773
14162,773
19882,773
36897,773
33891,773
33891,773
33891,773
33891,773
6749,406
16945,406
9400,406
27970,406
20895,406
22503,406
27337,406
30006,406
13033,406
23496,406
3081,406
33256,406
16002,406
33111,406
33256,406
15879,406
35415,406
4619,406
3810,406
28621,406
19040,406
27269,406
3016,406
5166,406
11149,406
21245,406
4913,406
2646,406
7531,406
19040,406
2646,406
18839,406
18839,406
16982,406
22454,406
19664,406
36751,406
11424,406
33494,406
27569,406
20209,406
20209,406
17153,406
19642,406
16119,342
16119,342
3020,342
28019,342
34679,342
2317,342
15632,342
26632,342
194,342
4301,342
8751,342
14964,342
10691,342
32696,342
6686,342
8996,342
11215,342
27833,342
36939,342
22965,342
18600,342
37561,342
1466,342
19772,342
8164,342
5614,342
37554,342
38329,342
27257,342
27257,342
38173,342
729,342
20424,342
5227,342
17212,342
1300,342
3429,342
2675,342
3429,342
2675,342
29356,342
2675,342
32860,342
38173,342
729,342
6618,546
36435,546
3988,546
10437,546
16705,546
21637,546
28437,546
384,546
22712,546
8348,546
33640,546
38604,546
22771,546
4109,546
13962,546
28586,546
16243,546
14194,546
16868,546
460,546
12897,546
33276,546
28950,546
2292,546
4375,546
9481,546
34404,546
8832,546
20792,546
30530,546
7205,546
20429,546
1399,546
36683,546
15209,546
35066,546
33680,546
17078,546
22990,546
26538,546
4296,546
20975,546
32316,546
29117,546
18468,546
3115,546
91,546
35827,546
34512,546
6772,546
26229,546
11689,546
31800,546
29756,546
9265,546
2461,546
25862,546
29866,546
14609,546
15385,546
6278,546
8702,546
32628,546
3332,546
27204,546
36281,546
22411,546
8113,546
23243,546
26692,546
31477,546
14988,546
16050,546
24382,546
13573,546
15314,546
5700,546
36769,546
31522,546
16135,546
12122,546
35524,546
37218,546
22044,546
5137,546
644,546
18116,546
31255,546
1485,546
35733,546
17706,546
33207,546
20237,546
483,546
9674,546
20524,546
8337,546
4019,546
36391,546
30866,546
11144,546
2036,546
35772,546
18841,546
30030,546
17977,546
22638,546
30279,546
6948,546
17558,546
29908,546
15810,546
16115,546
23694,546
38291,546
27150,546
7648,546
29356,546
31676,546
23280,546
31007,417
25922,417
26320,417
4790,417
22296,417
12695,417
12695,417
3775,417
31007,417
1017,417
26658,417
9154,417
35032,417
30472,417
6680,417
16839,417
14358,417
18868,417
18868,417
20672,417
18673,417
26403,417
28745,417
30285,417
25749,417
17965,417
7356,417
22296,417
34881,417
36130,417
36803,417
20072,417
22795,515
16375,515
38288,515
7373,515
15036,515
16381,515
36178,515
31209,515
31197,515
29598,515
30777,515
16621,515
15970,515
2720,515
15970,515
2720,515
9787,515
8101,515
8101,515
3388,515
6433,515
14957,515
28543,515
32891,644
1388,644
6071,644
19219,644
17518,644
18881,644
9308,644
29669,644
9465,644
12229,644
29101,644
16636,644
32598,644
23934,644
20297,644
19426,644
30118,644
14586,644
28893,644
22515,644
12608,644
30760,644
13778,644
7007,644
34637,644
11386,644
2560,644
28579,644
20667,644
14853,644
29081,644
18529,644
17108,644
33274,644
19538,644
14403,644
8449,644
7961,644
29355,644
28725,644
23022,644
22428,644
4506,644
27274,644
14805,644
9971,644
10490,644
23852,644
38448,644
24048,644
25335,644
2050,644
1715,644
2050,644
13741,205
10800,205
28595,205
14780,205
16758,205
16960,205
10049,205
16892,205
6958,205
28315,205
30158,205
5922,205
24298,205
30874,205
11171,205
15135,205
3876,205
37633,205
27105,205
23199,205
22076,205
17753,205
8265,205
34866,205
27575,205
23897,205
15403,205
30224,205
17366,205
30224,205
3837,205
31800,205
513,205
15106,205
27994,205
28252,205
13447,205
30994,205
18435,205
22517,205
27759,205
37259,205
8769,205
17666,205
12700,205
32109,205
5429,205
30891,205
1306,205
8979,205
31767,205
640,205
1306,205
25331,205
24338,205
28476,205
2164,205
5621,205
2600,205
16843,205
4331,205
12948,205
31933,205
11932,205
16751,205
192,205
20799,205
28130,205
4264,205
15873,205
31533,205
35112,205
17026,205
27847,205
35941,205
27154,205
15297,205
13294,205
28505,205
10499,205
32679,205
28725,205
30515,205
15602,205
25214,205
30224,205
23607,205
8689,205
28505,205
4549,205
9791,205
28505,205
21728,205
32679,205
7552,205
24940,205
4051,205
12178,205
26432,205
21092,205
24394,205
10747,205
36274,205
27289,205
19393,205
35800,205
20759,205
17049,205
24394,205
12110,205
12621,205
14761,205
31178,205
21306,205
20487,205
34928,205
7226,205
1944,205
12621,205
11201,205
31178,205
27759,205
11608,205
20721,205
16409,205
23926,205
36966,205
36966,205
24394,205
17046,205
29958,205
16109,205
23359,205
9225,205
37114,205
5915,205
29848,205
22311,205
24878,205
7587,205
22311,205
14827,205
16687,205
26034,205
22311,205
8740,205
29958,205
29848,205
34658,205
9383,205
27597,205
13998,205
2055,205
35251,205
19379,205
28286,205
36670,205
19798,205
5668,205
18859,205
23851,205
35118,205
17044,205
28130,205
8174,205
28513,205
12142,205
5851,205
455,205
21549,205
3976,205
30170,205
31437,205
31830,205
24875,205
8834,205
16290,205
14630,205
37343,205
31415,205
8640,205
8640,205
8640,205
8640,205
30224,205
28505,205
1283,205
36899,205
10852,205
22096,205
15102,205
19958,205
37293,205
11400,205
9298,205
22081,205
37394,205
23619,357
7213,357
26559,357
5526,357
5112,357
35197,357
18550,357
22244,357
31800,357
15965,357
9380,357
6381,357
35776,357
12038,357
12823,357
28513,357
21616,357
24045,357
26110,357
17625,357
26386,357
13085,357
23358,357
29063,357
5464,357
9631,357
34354,357
6480,357
10574,357
38371,357
18467,357
10180,357
36472,357
15343,357
19700,357
24518,357
31175,357
33822,357
24303,357
13311,357
10747,357
11734,357
21688,357
35530,357
26367,357
16109,357
29599,357
17802,357
13662,357
17924,357
27097,357
4627,357
11554,357
30336,357
26748,357
20585,357
24625,357
26921,357
36860,357
6378,357
21886,357
21824,357
15735,357
21686,357
18789,357
11706,357
12873,357
33086,357
9750,357
14485,357
12393,357
30383,357
6109,357
30237,357
24800,357
38007,357
28868,357
2135,357
11309,357
5189,357
35710,357
33857,357
38330,357
29524,357
37383,357
13284,357
13624,357
28286,357
16657,357
22116,357
21771,357
33690,357
16376,357
25086,357
35785,357
35471,357
6376,357
25132,357
32133,357
37726,357
5196,357
36178,357
35542,357
14848,357
21093,357
37810,357
27329,357
359,357
24813,357
24603,357
1934,357
4051,357
34097,357
14390,357
27191,357
14993,357
26946,357
13257,357
3637,357
11993,357
10643,357
37628,357
34497,357
31308,357
28725,357
9341,357
19144,357
31830,357
31308,357
36277,357
9715,357
10401,357
37608,357
31592,357
37256,357
13201,357
27042,357
13954,357
34783,357
14814,357
37048,357
37202,357
27435,357
123,357
35882,357
21235,357
27178,357
16370,357
20043,357
34715,357
35545,357
8313,357
15296,357
37990,357
7811,357
37990,357
32262,357
35624,357
6179,357
7860,357
2762,357
31310,357
22250,357
12547,357
16459,357
21748,357
37788,357
30430,357
10798,357
3741,357
19108,357
27585,357
19068,669
27570,669
17361,669
27671,669
11253,669
7373,669
9912,669
25781,669
2391,669
8345,669
27848,669
13326,669
14717,669
9128,669
27480,669
7263,669
20899,669
23533,669
18454,669
7810,669
10721,669
35057,669
36686,669
29717,669
38456,669
9983,669
722,669
10180,669
32929,669
34610,465
19524,465
26594,465
29554,465
13014,465
20999,465
25313,465
3106,465
18870,465
31663,465
14526,465
34565,465
25690,465
31014,465
34859,465
37779,465
29214,465
17532,465
37730,465
32226,465
18276,465
28202,465
32518,465
24527,465
37501,465
2253,465
13761,465
18229,465
28500,465
32801,465
37466,465
38336,465
18597,465
25714,465
24648,465
22213,465
21698,465
31832,465
15639,465
17498,465
35540,465
29051,465
34847,465
31376,465
27032,465
24641,465
35246,465
38379,465
9997,465
36583,465
31145,465
133,465
30934,465
13964,465
17876,465
31832,465
4394,465
7761,465
19767,465
11414,465
36306,465
35312,465
30812,329
21576,329
12034,329
32506,329
30710,329
16342,329
5886,329
16982,329
16113,329
25904,329
1888,329
36260,329
10920,329
10979,329
20081,329
3806,329
9784,329
3441,329
25244,329
12010,329
11282,329
36996,329
29921,329
37136,329
18309,329
11390,329
29322,329
6325,329
21031,329
31087,329
23152,329
12987,329
33950,329
33950,329
17825,329
19948,329
29152,329
29921,329
26103,329
27690,329
13866,329
24971,329
1926,329
21218,329
18268,329
6867,329
28820,329
17980,329
5207,329
34233,329
4185,329
22842,329
28803,329
28339,329
34245,329
25639,329
26692,329
3177,329
10979,329
3177,329
7545,329
9859,329
30469,329
20065,329
31768,329
32453,329
28670,329
31153,329
4992,329
37081,329
2781,329
9784,329
34884,329
34820,329
33696,329
30558,329
7179,329
33984,329
16065,329
30201,329
9784,329
30558,329
25303,329
10699,329
14511,329
27266,329
13078,329
2626,329
19771,329
22551,700
23098,700
6605,700
27470,700
27470,700
16137,700
21029,700
16137,700
32834,700
28553,700
13327,700
32834,700
7924,700
1430,700
2254,700
35026,700
26925,700
7651,700
22585,700
5089,700
4584,700
12837,700
36044,700
306,700
18354,700
12890,700
10976,700
563,700
21765,700
24842,700
15523,700
10034,700
1670,700
17607,700
17607,700
10976,700
2490,700
17014,700
5881,700
6623,700
5881,700
659,700
6865,700
419,700
41,700
2403,700
7237,700
16240,700
1480,700
2114,700
5236,700
281,700
5537,700
17462,700
32270,700
12773,700
12005,700
11105,700
750,700
4685,700
21576,700
28404,700
25726,700
18385,700
2365,700
511,700
32525,700
8994,700
17869,700
21555,700
23698,700
13224,700
22704,700
16035,700
23180,700
24117,700
12841,700
14503,700
9559,700
12294,700
6801,700
35359,700
16182,700
28708,700
29303,700
14114,700
851,700
29870,700
19564,700
27288,700
4964,700
13617,700
140,700
6833,700
22,700
2929,700
41,700
1447,700
27239,700
20789,700
4751,700
1962,700
6428,700
28752,700
17642,700
2392,700
900,700
9619,700
28855,700
9227,700
41,700
9296,700
13479,700
19713,700
19713,700
12319,700
12195,700
501,700
22624,700
13226,700
6198,700
476,700
12319,700
6477,700
200,700
424,700
2328,700
17601,700
686,700
25521,700
17997,700
17624,700
12749,700
15591,700
11197,700
20411,700
2940,700
1505,700
21655,700
21655,700
2082,700
20615,700
26852,700
6488,700
17624,700
203,700
6462,700
12688,700
2371,700
22823,700
5290,700
23634,700
12466,700
10883,700
16628,700
32327,700
30764,700
26941,700
863,700
13807,700
18696,700
17637,700
20276,700
10387,700
38,700
7492,700
92,700
12559,700
7492,700
28855,700
7538,700
41,700
3974,700
14826,700
23322,700
217,700
23322,700
1837,700
19179,700
13614,700
13839,700
33365,700
15771,700
9032,700
3530,700
31660,700
31660,700
14181,700
26373,700
20983,700
28922,700
9328,700
21038,700
6221,700
6066,700
373,700
10647,700
10948,700
8606,700
6221,700
35817,700
20330,700
8923,700
8923,700
20801,700
290,700
942,700
11843,700
11843,700
972,700
2523,700
2523,700
666,700
666,700
23836,700
37089,700
16137,700
14578,700
38589,700
6221,700
25206,700
5211,700
601,700
21186,700
38589,700
20898,700
6515,700
9342,700
13621,700
9342,700
3496,700
1647,700
1647,700
171,700
19564,700
26351,700
15681,700
11066,700
4649,700
18996,700
34504,700
14178,700
3275,700
6628,700
19151,700
23395,700
19151,700
34969,700
16491,700
16491,700
17607,700
8524,700
3454,700
3454,700
10048,700
22551,700
22551,700
21921,700
16651,681
7748,681
35401,681
16789,681
18492,681
29993,681
12047,681
37857,681
22817,681
18505,681
18492,681
31500,681
27934,681
35138,681
18217,681
21869,681
32158,681
35501,681
17839,681
33356,681
32619,681
6223,681
8373,681
30179,681
10307,681
19250,681
33542,681
13397,681
5692,681
16432,681
27738,681
5283,681
8519,681
6344,681
16695,681
16075,681
5378,681
38621,681
18900,681
34987,681
23314,681
36025,681
38297,681
38155,681
22209,681
33880,681
18696,681
4964,681
12645,681
12619,681
12619,681
4369,681
16735,681
454,681
31577,681
5113,681
4369,681
7261,681
13807,681
8606,681
4294,681
38,681
27959,681
5693,681
35257,681
37898,681
15326,681
7606,681
6730,681
6470,681
35299,681
13471,681
44,681
7320,681
31500,681
17601,681
11295,681
17905,681
22333,681
26941,681
18217,681
5533,681
20568,681
25206,681
16775,681
14019,672
6415,672
1561,672
17458,672
9763,672
10812,672
473,672
30985,672
29516,672
21832,672
10429,672
29297,672
6075,672
4133,672
20869,672
23627,672
10429,672
26217,672
33965,672
33695,672
19955,672
27988,672
6070,672
12892,672
13072,672
30736,672
25444,672
5072,672
34552,672
7286,672
6197,672
4617,672
4367,672
25815,672
26051,672
33208,672
29440,672
11386,672
31727,672
4367,672
16336,672
24060,672
35390,672
22714,672
20201,672
2324,672
6052,672
20431,672
14334,672
24760,672
2586,672
27405,672
28204,672
3143,672
7652,672
28204,672
14019,672
28204,672
28204,672
37970,672
21740,672
10017,672
36921,672
32395,672
1561,672
29109,672
31888,672
6273,672
6847,672
34087,672
6075,672
2770,672
33346,672
26198,672
9847,672
17864,672
5991,672
28204,672
33346,672
21740,672
21740,672
8605,672
37401,672
37341,672
31304,672
1179,672
37341,672
21105,672
34397,672
11454,672
2060,672
6330,672
8605,672
26193,672
3083,672
15937,672
13250,672
7407,672
30194,672
29344,672
29344,672
31164,672
31164,672
7869,672
30283,672
37725,672
21051,672
334,672
9550,672
35862,672
9561,672
24960,672
3684,672
32320,672
21777,672
32320,672
15384,672
15384,672
31134,672
35862,672
4097,672
28069,672
4133,672
34768,672
34768,672
32695,672
34264,672
12647,672
25458,672
32273,672
28353,672
3918,672
5456,672
15384,672
6521,672
31768,672
29036,672
37366,672
35415,672
17320,672
9047,672
9170,672
8366,672
31686,672
1807,672
38426,672
29919,672
17038,672
37516,672
37196,672
29025,672
6975,672
30592,672
37022,672
36045,672
6341,672
36045,672
30620,672
32799,672
25046,672
24744,672
8485,672
3023,672
16667,672
19044,672
2625,672
16125,672
9324,672
7505,672
31014,672
4123,672
25741,672
35854,672
34909,672
35487,672
37935,672
10688,672
3092,672
2616,672
23557,672
9324,672
34159,672
37593,672
4080,672
4080,672
4133,672
4080,672
4080,672
4080,672
4080,672
4080,672
6331,672
20423,672
18394,672
2143,672
4592,672
30421,672
36280,672
11332,672
20483,672
6147,672
24973,672
33832,672
38121,672
4737,672
1226,672
30129,672
12203,672
24863,672
16188,672
31464,672
29278,672
5161,672
23574,672
17030,672
5722,672
29252,672
5722,672
5722,672
25330,672
20346,672
20346,672
4133,672
21832,672
21832,672
12732,672
21832,672
29564,672
12732,672
37130,672
4927,672
9985,672
17237,674
5249,674
15604,674
37465,674
1184,674
1106,674
15272,674
36938,674
3852,674
31341,674
1740,674
11348,674
25909,674
18729,674
22910,674
14326,674
37103,674
29888,674
28105,674
19614,674
35097,674
18175,674
27384,674
9921,674
35636,674
37634,674
34474,674
2138,674
26559,674
10958,674
35520,674
25031,674
15124,674
34322,674
17028,674
37696,674
29304,674
7552,674
36830,674
37696,674
17284,674
35773,674
25056,674
6107,674
2544,674
37120,674
18956,674
8653,674
21739,674
24594,674
38603,674
14010,674
25965,674
11675,674
5614,674
23252,674
33314,674
33199,674
24675,674
13326,674
32352,674
21688,674
17844,674
10282,674
29824,674
30657,674
13093,674
24986,674
21688,674
5513,674
30657,674
13204,674
5055,674
28543,674
6127,674
5990,674
25511,674
33488,674
34027,674
29871,674
35797,674
36230,674
36230,674
29871,674
25237,674
38106,674
27471,674
6039,674
13394,674
8013,674
5484,674
38565,674
3119,674
13458,674
2688,674
34463,674
38056,674
15486,674
7166,674
8370,674
14080,674
16354,674
34821,674
13616,674
34821,674
38203,674
35515,674
32872,674
32872,674
12255,674
21780,674
11561,674
19464,137
13751,137
16685,137
10760,137
12777,137
10518,137
4376,137
9091,137
34348,137
22218,137
8776,391
3281,391
3787,391
31517,391
13391,391
23046,391
2990,391
10961,391
829,391
38172,391
10391,391
5958,391
1649,391
5659,391
17315,391
209,391
19892,391
8980,391
6518,391
17317,391
325,391
26439,391
33566,391
14197,391
776,391
1337,391
1194,391
776,391
882,391
10735,391
10122,391
6042,391
12486,391
16915,391
5610,391
23947,391
25835,391
22150,391
372,391
1360,391
611,391
1336,391
11693,391
1288,391
34109,391
13333,391
4527,391
13333,391
11845,391
21993,391
31455,391
35819,391
20559,391
21993,391
28922,391
32270,391
35929,391
31895,391
19171,391
819,391
34944,391
2057,391
20943,391
26637,391
28058,391
1526,391
1956,391
22272,391
4297,391
25819,391
27242,391
30998,391
244,391
1329,391
16321,391
34182,391
20164,391
14675,391
22613,391
28755,391
26322,391
27449,391
6292,391
5637,391
8256,391
441,391
10279,391
8993,585
29104,585
4271,585
29721,585
24852,585
38604,585
589,585
18930,585
30070,585
3908,585
22774,585
13551,585
7014,585
17125,585
4451,585
131,585
3988,585
2459,585
7269,585
36754,585
19420,585
9786,585
19394,585
1449,585
2461,585
5254,585
13784,585
10278,585
29802,585
15858,585
3749,585
16237,585
12495,585
15208,585
8093,585
22415,585
18679,585
19788,585
8839,585
25586,585
20092,585
6610,585
29669,585
30944,585
19481,585
5449,585
6348,585
17084,585
29207,585
1586,585
2446,585
35939,585
26730,585
11311,585
762,585
5606,585
36788,585
1790,585
14963,585
18353,585
14090,585
24798,585
16913,585
18528,585
5919,585
1125,585
4147,585
2444,585
32843,585
591,585
12733,585
25197,585
20736,585
11723,585
29926,585
38139,585
1077,585
4579,585
33497,585
30228,585
20411,585
6775,585
8840,585
8826,585
20580,585
9846,585
33324,585
4110,585
20556,585
16592,585
37752,585
13844,585
6265,585
2572,585
32193,585
3983,585
11350,585
15025,585
13947,585
21354,585
9312,585
10437,585
2692,585
12513,585
35671,585
22251,585
2279,585
33258,585
28835,585
4853,585
20110,585
28116,585
223,585
27993,585
6956,585
21934,585
618,585
11367,585
122,585
7340,585
365,585
11606,585
23268,585
4317,585
11026,585
19538,585
27400,585
15029,585
5815,585
20014,585
22123,585
4622,585
28103,585
21302,585
34929,585
22204,585
37609,585
36909,585
16868,585
21080,585
7530,585
3109,585
16135,585
13888,585
28160,585
2810,585
12494,585
14231,585
15374,585
6838,585
30328,585
23521,585
4509,585
60,585
37073,585
5912,585
11340,585
15334,585
24952,585
23094,585
30823,585
476,585
32813,585
31681,585
25810,585
2127,585
4654,585
2036,585
15691,585
13134,585
37253,585
7822,585
22561,585
30243,585
13838,585
658,585
32452,585
17467,585
25506,585
15503,585
20369,585
9198,585
8267,585
28906,585
4230,585
18494,585
31770,585
36084,585
2800,585
13763,585
16170,585
25008,585
1643,585
5111,585
8832,585
30866,585
28309,585
9550,585
36112,585
38291,585
13058,585
33675,585
8712,585
36674,585
26165,585
27150,585
16668,585
1475,585
10777,585
30407,585
38455,585
36521,585
38158,585
35544,585
34852,585
19021,585
27031,585
25468,585
28295,585
2164,585
9927,585
3415,585
15780,585
2932,585
10673,585
23774,585
838,585
4375,585
11501,585
14301,585
36473,585
33861,585
11983,585
30124,585
26838,585
15144,585
437,585
33218,585
32403,585
21154,585
4970,585
21034,585
10747,585
2612,585
8651,585
32848,585
21217,585
34343,585
25158,585
12148,585
11181,585
28624,585
8348,585
17144,585
25722,585
28385,585
31777,585
26229,585
8276,585
21909,585
5585,585
985,585
18921,585
36847,585
34366,585
12231,585
423,585
15810,585
23501,585
9929,585
24990,585
7650,585
24472,585
5514,585
18534,585
23432,585
29008,585
37614,585
4647,585
17242,585
36435,585
8260,585
33306,585
17768,585
5431,585
16258,585
1758,585
24684,585
9866,585
29843,585
150,585
32321,585
37655,585
10028,585
15498,585
18919,585
8790,585
16783,585
10553,585
10553,585
3421,585
7318,585
11258,585
38196,585
4768,585
36801,585
19871,585
25677,585
36918,585
29356,585
31756,585
25968,585
13616,585
33029,585
19655,585
17005,585
4296,585
37023,585
37601,585
2925,585
10164,585
31567,585
34899,585
35415,585
24470,585
5560,585
15979,585
11489,585
33890,585
37810,585
7340,585
23540,19
7342,19
9875,19
13129,19
17694,19
4213,19
12165,19
14005,19
5376,19
27309,19
7394,19
13611,19
9753,19
16408,19
8235,19
14798,19
15687,19
19746,19
8130,19
15583,19
11047,92
26799,92
21213,92
19129,92
11047,92
21746,613
6753,613
37804,613
11891,613
34561,613
23240,613
20368,613
22528,613
17926,613
30796,613
4603,613
38362,613
8052,613
31949,613
37034,613
17170,613
14193,613
34786,613
28065,613
30294,613
37703,613
37953,613
9144,613
28725,613
37209,613
30316,613
27335,613
6760,613
29729,613
16126,613
38012,613
34201,613
27913,613
26171,613
4477,613
37806,613
36958,613
7472,613
15614,613
35140,613
37356,613
3234,613
37250,613
15418,613
32324,613
35564,613
12138,613
34597,613
27823,613
19075,613
25071,613
38201,613
32667,613
32953,613
15207,613
32427,613
35162,613
7203,230
2826,230
31702,230
6473,230
1151,230
8057,230
7962,230
23719,230
21493,230
10630,230
20789,230
37020,230
33136,230
17920,230
37234,230
264,230
33724,230
32383,230
33730,230
33743,230
32486,230
33722,230
32472,230
32615,230
34525,230
33727,230
34689,230
33726,230
32610,230
33718,230
32532,230
33745,230
33735,230
32474,230
30184,230
11478,230
34690,230
32534,230
33731,230
33740,230
32387,230
32609,230
32967,230
32972,230
33744,230
34729,230
37483,230
32385,230
32473,230
18164,230
22919,230
7448,230
24941,230
26358,230
9874,230
20314,230
6791,230
9609,230
14459,230
1483,230
5837,230
34919,230
16020,230
556,230
13265,230
20351,735
8104,735
30799,735
34870,735
36186,735
11245,735
26875,735
31603,735
24788,735
24805,735
37678,735
28474,735
20351,735
23041,735
6071,735
19500,735
36273,735
8104,735
36588,735
15725,735
16833,735
3210,735
31820,735
12676,735
3210,735
14468,735
20589,735
14652,735
21695,735
16018,735
14760,735
1819,735
28183,735
8104,735
3902,735
17322,735
25933,735
19502,735
15219,735
27491,735
20513,735
17332,735
35508,735
11418,735
25601,735
35798,735
11113,735
23105,735
31038,735
18155,735
9379,735
18928,735
11418,735
33570,735
35965,735
10355,735
27491,735
27231,735
2712,735
36255,735
26571,735
1579,735
36521,735
21907,735
30417,735
22206,735
30271,735
29126,735
4913,735
16324,735
10986,735
18197,735
9671,735
37792,735
4319,735
15737,735
15737,735
26699,735
27658,735
16264,735
26512,735
26512,735
1388,735
34501,735
31008,735
2733,735
27051,735
26581,735
27155,735
16073,735
4079,735
2677,735
35823,735
28536,735
22624,735
22506,735
37710,735
37710,735
25295,735
34201,735
38013,735
16287,735
24318,735
2939,735
1403,735
33465,735
4319,735
15028,735
13105,261
3333,261
13275,261
32131,261
12670,261
23391,261
16360,261
32131,261
12718,261
5055,261
12249,261
10113,261
4232,261
20891,261
20891,261
15100,261
20891,261
15100,261
12249,261
22623,261
12249,261
18708,261
8239,261
13130,261
37843,261
16889,261
13675,261
24196,261
12249,261
12178,261
6166,261
12340,261
2034,261
2917,261
29361,261
5897,261
6678,261
21806,261
15050,261
15050,261
31784,261
27182,261
22372,261
8690,261
12325,261
26674,261
13702,261
7781,261
5069,261
35418,261
5623,261
1852,261
11464,261
11451,261
3442,261
5891,261
14982,676
37582,676
10065,676
20333,676
13369,676
16021,676
3446,676
2231,676
29148,676
11522,676
26736,676
3378,676
21519,676
5044,676
26448,676
23221,676
33805,676
23756,676
2849,676
6366,676
26448,676
25899,676
8442,676
29463,676
7428,676
26019,676
17525,676
18296,676
2122,676
18236,676
31907,676
27442,676
5925,676
28934,676
3106,676
27381,676
15271,676
37215,676
16336,676
4789,676
11522,676
37507,676
23333,676
11960,676
15899,676
19490,676
7728,676
34971,676
18235,676
4406,676
37688,676
7813,676
15173,676
28298,69
23001,69
33671,69
10411,69
7245,69
15660,69
19306,69
21174,69
4017,69
20153,69
11773,69
16280,69
19182,69
29583,69
11992,69
12220,69
25729,69
17223,69
28573,69
33369,69
10689,69
21460,69
25746,69
19791,69
5980,69
27927,69
21554,69
19162,69
19997,69
13899,69
14901,69
14183,244
20348,244
11392,244
11269,244
35316,244
3701,244
21897,244
28766,244
14938,244
29626,244
36684,244
8505,244
742,244
3436,244
449,244
25232,244
4068,244
16855,244
24684,244
13206,244
7837,244
25827,244
27818,244
32003,244
292,244
6541,244
1404,244
37333,244
29512,244
23270,244
15767,244
37101,244
33011,244
8963,244
18991,244
19763,244
27871,244
27908,244
22726,244
23050,244
16325,244
10384,244
16009,244
2938,244
37206,244
36452,244
3218,244
5565,244
30560,244
6921,244
9609,244
5623,244
18967,244
15914,244
18967,244
18967,244
7310,244
11786,83
17027,83
28153,83
12417,83
3140,83
31796,83
27549,83
10740,83
31004,83
7520,83
30939,83
34344,83
19848,83
1021,347
12983,347
26304,347
28073,347
15677,347
11823,347
12062,347
37524,347
24767,347
25495,347
6617,347
17593,347
30687,347
25048,347
2538,347
9036,347
16661,347
25892,347
26798,347
6572,347
12269,347
4053,347
11534,347
13318,347
5747,347
2072,347
5747,347
12948,347
9150,347
28133,347
28722,347
14156,347
16522,347
29209,347
15967,347
33389,347
4214,347
18945,347
13010,347
3456,347
38158,347
11937,347
17833,347
1170,347
6135,347
7070,347
19104,347
23352,347
23352,347
16334,347
34201,347
17773,347
36375,347
10558,347
23885,347
30528,347
26388,347
17589,347
31147,347
6624,347
29527,347
33702,347
5152,347
26647,347
23402,347
30695,347
36375,347
34879,347
30265,347
36672,347
20129,347
19930,347
15874,347
15874,347
3928,347
2538,347
37528,347
9036,347
21192,347
30463,347
12417,347
19701,347
31510,347
37415,347
383,347
21192,347
20175,347
20175,347
25910,347
8739,347
36521,347
17757,347
28622,347
32702,347
35339,347
24598,347
37493,347
24047,347
18959,347
27353,347
17757,347
35339,347
6592,347
19968,347
24050,347
9783,347
16200,347
22042,347
18959,347
22042,347
35508,347
18511,347
22042,347
18511,347
30265,347
27634,347
12014,347
2812,347
15033,347
2812,347
11421,347
31958,347
20878,347
493,347
17895,347
28737,347
12014,347
15033,347
7483,347
12416,347
31507,347
1277,347
17632,347
16716,347
25434,347
25434,347
6633,347
21264,347
21264,347
4229,347
4229,347
25682,347
17887,347
25301,347
21465,347
21465,347
17887,347
25873,347
8104,347
30469,347
15839,347
28492,347
13555,347
32091,347
25024,347
25024,347
30150,347
35484,347
10062,347
13555,347
35484,347
24997,347
6876,347
24050,347
17382,347
30078,347
12834,347
18194,347
33474,347
24006,347
35167,347
9500,347
474,347
4611,347
29556,347
17313,347
146,347
22609,347
31133,347
18945,347
17157,347
15590,347
15590,347
7695,347
17382,347
7695,347
36173,347
14225,347
6876,347
11449,347
15971,347
15971,347
14954,347
8222,347
16716,347
32059,510
23422,510
9647,510
21342,510
21930,510
19085,510
26349,510
10702,510
15863,510
5226,510
26273,510
9889,510
26424,510
21059,510
18180,510
20599,510
26424,510
2946,510
10702,510
36424,510
15904,510
28841,510
15023,510
14357,510
36186,510
15904,510
34963,510
16728,510
33389,510
30150,510
14006,510
30150,510
719,510
5693,510
22989,510
7623,510
30529,510
16155,510
24034,386
25876,386
23852,386
12325,386
17456,386
27795,386
9016,386
19580,386
1933,386
34747,386
31675,386
37943,386
16992,386
17511,386
32172,386
26688,386
15679,386
24321,386
26653,386
33222,386
30374,386
32792,386
28634,386
20192,386
30132,386
27364,386
14980,386
32289,386
29500,386
17044,386
37369,386
7677,386
31586,386
17289,386
26276,386
9538,386
8126,386
441,386
24578,386
25269,386
7923,386
13921,386
21263,386
19691,386
21373,386
27967,386
22904,386
10490,386
444,651
85,651
2781,651
11206,651
963,651
22110,651
27881,651
27659,651
19932,651
3327,651
3234,651
3466,651
13320,651
1684,651
33715,651
1944,651
7398,651
29081,651
31416,651
28224,651
12706,651
7738,651
6226,651
185,651
19548,651
2053,651
17979,651
19518,651
6539,651
28812,651
22413,651
36155,651
20093,651
17198,651
18345,651
21704,651
8664,651
35390,651
35242,651
9429,651
2285,651
32200,651
36376,651
29767,651
31768,651
22722,651
32295,651
26692,651
25005,651
32778,651
24973,651
7655,651
29227,651
24425,651
38091,651
17862,651
3558,651
21672,651
6102,651
35080,651
25741,651
20679,651
2066,651
28974,651
5616,651
11517,651
32743,651
10697,651
21440,651
10934,651
25043,651
34302,651
15440,651
14122,651
15496,651
20642,651
19592,651
38516,651
10467,651
36269,651
6521,651
15334,651
8562,651
38091,651
25458,651
18235,651
28699,651
34245,651
18298,651
38462,651
36921,651
10523,651
16894,651
22877,651
6627,651
36259,651
29781,651
36259,651
35921,522
13895,522
14379,522
23117,522
18462,522
11764,522
4719,522
1234,522
7437,522
20807,522
30275,522
29931,522
8261,522
11764,522
24532,522
24459,522
7269,522
16018,522
3162,522
21482,522
13313,522
5227,522
8472,492
4483,492
18483,492
26608,492
17831,492
20207,492
38058,492
6840,492
2203,492
36067,492
19698,492
7513,492
23566,492
1663,492
3632,492
27805,492
18802,492
7255,492
10804,492
18486,492
18483,492
38262,492
168,492
5373,492
10482,492
4324,492
8270,492
30082,492
13120,492
38434,492
18583,492
13120,492
29509,492
38088,492
35699,492
9275,492
20965,492
8869,492
35945,492
29518,492
16433,492
38245,492
6782,492
3642,492
17831,492
956,492
1961,492
20033,492
14754,492
20336,492
6978,492
16147,492
1229,492
5936,492
18188,492
16147,492
5897,492
7223,492
13900,492
4928,492
29471,492
28401,492
13157,492
15474,492
15873,492
3875,492
14430,492
23140,492
13769,492
13769,492
7979,492
20986,492
13569,492
4767,492
22471,492
12083,492
16465,492
7090,492
9703,492
19123,492
20427,492
4539,492
20986,492
8558,492
4517,492
4336,492
12718,492
32029,492
16990,492
14560,492
6716,492
20761,492
8361,492
9805,492
29159,492
12172,492
30723,492
17024,492
31657,492
35916,492
5320,492
4725,492
14295,492
16121,492
4776,492
18732,492
37488,492
13676,492
27422,492
4961,492
237,492
24998,492
33104,492
22674,492
18694,492
7933,492
16900,492
32034,492
38257,492
4508,492
22237,492
14559,492
1256,492
27951,492
27786,492
4776,492
28256,492
22716,492
20343,492
15732,492
6199,492
16912,492
22361,492
2272,492
4776,492
2272,492
14837,492
16405,492
30276,492
16279,492
1345,492
18912,492
1831,492
29726,492
36659,492
32639,492
17831,492
16981,492
14492,492
15513,492
10873,492
12571,492
29724,492
31554,492
36844,492
1765,492
6143,492
30898,492
17741,492
29347,492
21513,492
27953,492
1989,492
1585,492
4840,492
17835,492
24443,492
25151,492
7023,492
31828,492
518,492
23608,492
20892,492
35202,492
29019,492
24051,492
35038,492
23212,492
28369,492
17329,492
4502,492
32400,492
25151,492
28857,492
27322,492
19338,492
8674,492
10943,492
14100,492
11070,492
25277,492
27823,492
13482,492
2838,492
13056,492
17329,492
4755,492
11558,492
25151,492
28029,492
37664,492
17339,492
3923,492
10606,492
10168,492
30106,492
8079,492
22716,492
13055,492
12447,492
14518,492
12447,492
292,492
4755,492
24039,492
15059,492
9061,492
26631,492
35588,492
36932,492
14317,492
14518,492
37729,492
16710,492
17347,492
1912,492
16806,492
6417,492
18014,492
434,492
28509,492
19675,492
19763,492
30002,492
22100,492
29604,492
30131,492
26171,492
4392,492
28417,492
1281,492
28742,492
8183,492
1380,492
2823,492
28363,492
37858,492
28857,492
8183,492
5433,492
17708,492
2823,492
26124,492
28363,492
19241,492
15484,492
37858,492
25183,492
28850,492
19833,492
30646,492
31749,492
22330,492
4502,492
24640,492
17101,492
4468,492
34482,492
35354,492
22778,492
4931,492
22518,492
19074,492
26469,492
35674,492
3095,492
36278,492
20664,492
27947,492
3294,492
32356,492
20630,492
37497,492
27684,492
4343,492
34030,492
27342,492
23254,492
16249,492
7658,492
28045,492
33857,492
13451,492
12340,492
30832,492
13372,492
18593,492
7546,492
34313,492
24023,492
23208,492
4044,492
32628,492
24977,492
18845,492
7682,492
21575,492
37740,492
10162,492
8859,492
29444,492
6590,492
1536,492
12641,492
35626,492
5889,492
569,492
6433,492
5531,492
13438,492
35128,492
31354,492
18749,492
31953,492
16498,492
15767,492
4646,492
37137,492
15633,492
15300,492
3489,492
31723,492
18991,492
35915,492
35847,492
34152,492
18282,492
13374,492
31736,492
10162,492
3213,492
5552,492
32851,492
20805,492
11504,492
17246,492
22034,492
12911,492
34219,492
35220,492
18078,492
16962,492
6110,492
24167,492
24167,492
13771,492
24167,492
15241,492
9455,492
13771,492
37847,492
13562,492
25941,492
27322,492
31399,492
22772,492
10497,492
19573,492
35960,492
943,492
30887,492
17369,492
17791,492
940,492
29747,492
8476,492
32766,492
34589,492
7796,492
8122,492
18939,492
19335,492
38280,492
32529,492
23941,492
1888,492
29575,492
30549,492
20380,492
14968,492
1268,492
24861,492
32669,492
26819,492
1472,492
6964,492
21847,492
2476,492
7126,492
11674,492
29126,492
13633,492
23450,492
6802,492
34817,492
38280,492
9194,492
22148,492
20301,492
22790,492
11211,492
21759,492
11742,492
30549,492
8773,492
4192,492
28587,492
1063,492
14614,492
20389,492
22626,492
27973,492
23599,492
36797,492
12061,492
27958,492
27958,492
1830,492
22150,492
34325,492
14917,492
12461,492
24488,492
2519,492
10248,492
6299,492
17721,492
16867,492
21124,492
14831,492
35550,492
11098,492
32419,492
31904,492
38457,492
18234,492
32283,492
37442,492
8924,492
31730,492
22286,492
22511,492
31730,492
30408,492
34904,492
4931,492
8180,492
25948,492
17450,492
1919,492
24132,492
22484,492
24132,492
8068,492
21287,492
8068,492
31719,492
30936,492
7742,492
37572,492
22976,492
17782,492
12128,492
30754,492
20340,492
10413,492
12524,492
8892,492
12906,492
37716,492
13289,492
27322,492
27322,492
7043,492
13419,492
7243,269
2010,269
4092,269
15346,269
2215,269
25619,269
13692,269
1536,269
2753,269
19715,269
34014,269
1998,269
18894,269
20655,269
11264,269
11820,269
27476,269
25882,269
2995,269
4974,269
15273,269
26012,269
17546,269
884,269
16992,269
37541,269
3276,269
11475,269
425,269
29073,269
15074,269
8498,269
12958,269
2919,269
14974,269
16624,269
1400,269
33223,269
277,269
26460,269
37874,269
17141,269
12990,269
29347,269
15104,269
35089,269
1654,269
26445,269
37757,269
37817,269
18903,269
4330,269
4330,269
18996,269
5622,269
21383,269
15364,269
27759,269
32574,269
1671,269
775,269
20729,269
34270,269
7066,269
15779,269
12773,269
35062,269
14819,269
19272,269
11906,269
5465,269
22914,269
27005,269
37693,269
37770,269
11894,269
15316,269
585,269
793,269
2423,269
9800,269
2892,269
28687,269
1122,269
24901,269
8544,269
280,269
16871,269
10870,269
4232,269
23540,269
31215,130
5293,130
8009,130
28551,130
18983,130
22986,130
22636,130
29314,130
34139,130
25498,130
27373,130
11171,130
2498,130
16830,130
27104,130
16128,130
25302,130
18307,130
21052,130
6831,130
9597,130
4283,130
4443,130
18466,130
16223,130
18819,130
21365,130
19735,130
4510,130
18136,130
25681,130
9184,130
12374,130
5469,130
12133,130
16322,130
22858,130
34803,130
3840,130
4251,130
8629,130
10438,130
15151,130
24055,130
6286,130
13579,130
29325,130
27879,130
8201,130
13107,130
8030,130
4292,130
12438,130
34593,130
15286,130
17121,130
16421,130
20061,130
7443,130
4987,130
25812,130
4034,130
9404,130
4017,130
4723,130
23201,130
10603,130
5094,130
5953,130
6784,130
11798,130
24731,130
14894,130
3758,130
31763,130
4834,130
17867,130
11499,130
10585,130
23721,130
33010,130
21967,130
9076,130
29256,130
13286,130
27211,130
30397,130
5314,130
20753,130
28618,130
29800,130
17969,130
27663,130
34797,130
31524,130
16000,130
12143,130
23673,130
4237,130
13926,130
6550,130
11706,130
26182,130
26129,130
5209,130
19094,130
17526,130
6165,130
16993,130
19196,130
5525,130
4288,130
6241,130
26553,130
6206,130
5228,130
29100,130
13744,130
31298,130
21520,130
21776,130
26834,130
31650,130
4005,130
20118,130
20889,130
6353,130
10495,130
3279,130
13194,130
8767,130
5880,130
8346,130
33932,130
28285,130
27294,130
31311,130
14045,130
19696,130
19696,130
20980,130
19165,130
20980,130
34687,130
13579,130
9147,130
8127,130
16680,130
22270,130
12966,130
20174,130
18061,130
21692,130
23846,130
14082,130
14576,130
18806,130
21651,130
25567,130
32411,130
31159,130
15517,130
17674,130
12104,130
8680,130
20026,130
31969,130
13012,130
22857,425
28739,425
38286,425
26610,425
5093,425
21381,425
13585,425
1986,425
14813,425
16862,425
36035,425
35291,425
7870,425
14638,425
33265,425
15219,425
25118,425
18266,425
17602,425
24986,425
28058,425
2467,425
23633,425
17349,425
32067,425
15698,425
11387,425
30330,425
791,425
34452,425
17990,425
36249,425
33394,425
18443,425
30225,425
8771,425
23839,425
25162,425
21463,425
17863,425
28968,425
35882,425
18988,425
17468,425
7811,425
21058,425
7127,627
3849,627
32467,627
37824,627
25670,627
29094,627
9957,627
33658,627
2465,627
2451,627
11395,627
610,627
38604,627
30680,627
22677,627
30228,627
36211,627
37674,627
32728,627
3319,627
38345,627
38175,627
19041,627
15374,627
25732,627
29390,627
24527,627
36567,627
7713,627
35169,627
24677,627
28946,627
7822,627
4375,627
30268,627
37823,627
18507,627
20996,627
5437,627
33630,627
35001,627
37882,627
18887,627
14235,627
27208,627
7174,627
8430,627
35804,627
13573,627
37372,627
15519,627
5855,627
37871,627
24601,627
36863,627
27088,627
16135,627
12400,627
14155,627
31676,627
36836,627
154,513
20502,513
33096,513
2226,513
1227,513
3350,513
3468,513
34765,513
4075,513
15082,513
34325,513
17696,513
11321,513
17696,513
11410,513
12033,513
12724,513
16155,513
37871,513
4581,513
22338,513
34201,513
14718,2
34364,2
34391,2
7215,2
21036,2
4119,2
2799,2
27778,2
27300,2
18413,2
27661,2
30594,2
13826,2
30594,2
21075,2
1848,2
21596,2
19400,2
11873,2
21596,2
6844,2
13377,2
4812,2
23120,2
2862,2
7020,2
8841,2
2026,2
15490,2
31091,2
18130,2
20670,2
31675,2
8841,2
19487,2
24879,2
31863,2
42,2
26376,2
542,2
2133,2
33560,2
22580,2
5937,2
26792,2
11914,2
21185,2
13474,2
32947,2
13474,2
35055,2
11826,2
14223,2
27952,2
27611,2
20403,2
15461,2
5908,2
1105,2
31041,2
27375,2
7740,2
24583,2
6731,2
24556,2
25234,2
24994,2
25210,2
24586,2
22113,2
20042,2
11397,2
39462,2
5259,2
36201,2
4580,2
30821,2
35818,2
22520,2
10323,2
7931,2
332,2
332,2
15559,2
23384,2
35657,2
35657,2
7549,2
34953,2
6542,2
6542,2
16241,2
33700,2
10506,2
26792,2
22314,2
39462,2
6542,2
19672,2
24976,2
33351,2
30568,2
31499,2
1900,2
29191,2
19726,2
30783,2
5702,2
24319,2
7228,2
3952,2
17769,2
36242,2
7558,2
10315,2
18869,2
20674,2
26097,2
20674,2
26097,2
3639,2
31538,2
23441,2
7977,2
5531,2
33064,2
8661,2
11438,2
25984,2
10159,2
33831,127
19027,127
30951,127
7074,127
20471,127
10518,127
29727,127
19062,127
11756,127
8699,127
31655,127
32006,127
16044,127
32805,127
18405,127
9532,127
11072,127
9544,127
12043,127
3981,127
3981,127
18261,127
34484,165
31583,165
27976,165
21649,165
27020,165
33236,165
34887,165
13251,165
35186,165
31458,165
6003,495
21806,495
4194,495
4142,495
14003,495
7322,495
14868,495
8464,495
37894,495
9764,495
9300,495
37894,495
23391,495
13580,495
4557,495
28639,495
32707,495
1501,495
11634,495
9202,495
19594,495
5225,495
2551,495
16360,495
27322,495
31089,495
22345,495
6003,495
17346,495
10915,495
26267,495
20884,495
5371,495
2700,495
34557,495
31673,495
15732,495
20207,495
12172,495
7555,495
1584,495
18036,495
21906,495
21801,495
38088,495
14125,495
1584,495
22334,495
21545,495
12006,495
35191,495
22935,495
2641,495
12340,495
29762,495
1083,495
28120,495
24505,495
24505,495
605,495
13131,495
10639,495
13721,495
20163,495
2957,495
7597,495
10056,495
10056,495
21111,495
21111,495
20861,160
32293,160
27698,160
30229,160
27777,160
27028,160
7367,160
34484,160
25136,160
25136,160
33165,160
13260,160
33803,160
35361,160
23211,160
25585,160
33002,160
5128,160
17651,160
25829,160
24372,160
28837,160
26503,160
27904,160
538,338
9909,338
37696,338
5698,338
28984,338
3143,338
22983,338
15699,338
14697,338
5925,338
3541,338
1130,338
2706,338
35371,338
21489,338
3558,338
37673,338
26046,338
6398,338
538,338
23271,338
8813,338
31999,338
37215,338
7358,338
13158,338
22089,338
7398,338
36421,338
27297,338
17458,338
2366,338
24884,338
11408,338
15056,338
21817,338
35788,338
8951,338
10155,338
34608,338
27853,338
25374,338
30831,338
29201,338
37778,338
23040,338
10517,338
8316,338
35100,338
28782,338
6539,338
4115,338
23735,338
6836,338
5022,338
25298,338
29000,338
31827,338
2414,338
12154,338
29088,338
5707,338
13146,338
6070,338
13817,338
12848,338
17918,338
35198,338
22001,338
36921,338
10082,338
35554,338
28730,338
28923,338
7304,338
24246,338
14909,338
31139,338
36947,338
33878,338
14470,338
29526,338
14627,338
8750,338
25428,338
28426,338
34945,338
28628,338
28800,338
37809,338
22488,338
28592,338
26818,338
31705,338
34607,338
36512,338
22033,338
8879,338
25451,338
10732,338
32822,338
9170,338
33418,338
26805,338
31593,338
1783,338
33502,338
1557,338
37246,338
5386,338
33805,338
31644,338
17498,338
19832,338
24158,338
17021,338
34901,338
8208,338
6714,338
28430,338
20785,338
33156,338
16336,338
33889,338
37595,338
33652,338
30187,338
28349,338
35331,338
15451,338
24527,338
33143,338
9628,338
21862,338
5401,338
6728,338
32052,338
29823,338
29919,338
38104,338
29446,338
32855,338
25444,338
2092,338
27185,338
26448,338
27822,338
33090,338
30954,338
2927,338
7989,338
32311,338
28904,338
16215,338
30122,338
29025,338
21393,338
34461,338
8377,338
25111,338
22510,338
36021,338
35886,338
6352,338
29189,338
8597,338
20366,338
23560,338
26763,338
25517,338
3023,338
4553,338
33299,338
3818,338
29775,338
34744,338
3733,338
33984,338
34417,338
26692,338
36845,338
17077,338
24440,338
36845,338
28779,338
2085,338
21130,338
9573,338
10688,338
33012,338
37057,338
2632,338
28507,338
2013,338
28011,338
30652,338
16460,338
28011,338
25227,338
26433,338
25227,338
26433,338
27229,338
2781,338
24991,338
1248,338
25432,338
14799,338
32700,338
37878,338
3595,338
6410,338
33965,338
19516,338
10670,338
25794,338
30264,338
36324,338
8511,338
26910,338
37038,338
4415,338
17925,338
30767,338
25739,338
20206,338
25991,338
14145,338
10434,338
2831,338
21861,338
28566,338
19382,338
31563,338
18640,338
31821,338
9709,338
31181,338
31181,338
7258,338
8932,338
24010,338
34245,338
8056,338
24038,338
32085,338
15148,338
29225,338
28798,338
4086,338
10659,338
24720,338
5074,338
32562,338
490,338
18577,338
27544,338
24087,338
4066,338
34488,338
10668,338
21715,338
38117,338
28734,338
13760,338
37794,338
25378,338
17180,338
29975,338
35882,338
16003,338
24973,338
21408,338
9618,338
19796,338
31778,338
8350,338
9922,338
13320,338
20410,338
8485,338
32239,338
33204,338
33960,338
36071,338
20046,338
17818,338
35627,338
32042,338
33357,338
30932,338
9368,338
4430,338
29102,338
1414,338
33567,338
13090,338
17389,338
29297,338
15161,338
36505,338
37960,338
34302,338
9264,338
25381,338
25353,338
27002,338
29942,338
36451,338
23000,338
25293,338
13017,338
34087,338
27243,338
11601,338
9372,338
1522,338
1865,338
3065,338
23298,338
11078,338
29251,338
36868,338
12627,338
8908,338
29399,338
7107,338
7940,338
14687,338
37044,338
3003,338
5119,338
8707,338
24916,338
28820,338
36635,338
20962,338
6321,338
4173,338
11328,338
31797,338
3259,338
25679,338
2836,338
5864,338
18275,338
34279,338
22186,338
19662,338
18250,338
29485,338
37181,338
15925,338
12653,338
29091,338
15870,338
16790,338
7576,307
37420,307
35411,307
34391,307
13531,307
31009,307
17608,307
29853,307
27799,307
10646,307
37878,307
17188,307
4801,307
18567,307
37332,307
18714,307
9127,307
33153,307
28316,307
32559,307
28630,307
20552,307
6133,307
15682,307
26094,307
18928,307
10219,307
23269,307
32547,307
32561,307
26700,307
27510,307
37033,307
33685,307
32036,307
36229,307
36176,307
11743,307
31387,307
20730,307
33627,307
23185,307
33323,307
36012,307
14906,307
23984,307
13478,307
36616,307
7811,307
32484,307
29407,307
18310,307
30734,307
26805,307
7822,602
14550,602
38391,602
17385,602
34573,602
25191,602
31060,602
31273,602
25884,602
610,602
8776,602
24594,602
35276,602
10198,602
12953,602
2461,602
17663,602
8826,602
3749,602
29007,602
27464,602
30294,602
1216,602
36353,602
1242,602
7303,602
38215,602
22240,602
32362,602
24168,602
1601,602
7431,602
6209,602
29413,602
301,602
27713,602
6351,602
25747,602
14814,602
9873,602
7433,602
16089,602
20645,602
33146,602
17664,602
10390,602
1658,602
31108,602
19481,602
5492,602
7082,602
2860,602
23501,602
7393,602
36242,602
12723,602
31063,602
21056,602
37882,602
1328,602
12843,602
11990,602
1449,602
1242,602
11990,602
33575,602
4077,602
19634,404
36526,404
29189,404
13691,404
13691,404
402,404
33151,404
18247,404
38258,404
8511,404
4063,404
28145,404
37737,404
37466,404
2820,404
34958,404
35597,404
26366,404
15737,404
37172,404
16555,404
38360,404
5717,404
22067,404
30575,404
17613,404
30575,404
37487,404
15575,404
10287,404
36415,404
22568,404
23819,404
32149,404
23167,404
20908,404
37336,404
23167,404
21913,404
37478,404
5568,404
21913,404
36041,404
30575,404
37527,404
35535,404
27320,404
5568,404
30038,404
31074,404
4500,404
11078,404
481,404
37570,404
35969,404
22213,404
5051,404
16336,404
33960,404
28349,404
38324,404
37585,404
33108,404
23768,404
20276,404
11926,404
29709,404
27954,404
34194,404
33506,404
20136,404
20276,404
35739,404
10435,404
20276,404
37737,404
15967,404
10435,404
20276,404
37737,404
35031,404
28136,404
10435,404
24829,404
34201,404
37044,404
15027,404
37339,404
5171,404
5895,404
37444,404
3143,404
5414,404
28039,404
4827,404
35953,404
33988,404
19663,404
9369,404
20876,404
31999,404
25856,404
21521,404
15027,404
1574,404
27002,404
13203,404
13761,404
34070,404
37024,404
5366,404
38337,404
8600,404
26103,404
28131,404
28773,404
16546,404
5766,404
5878,404
37886,404
24460,404
29975,404
30756,404
1414,404
3817,404
34679,404
36505,404
26112,404
15328,404
5620,404
6859,404
8501,404
38027,404
21505,404
9263,404
29708,404
17649,404
34186,404
15285,404
37960,404
31768,404
37060,404
30482,404
3806,404
37517,404
2536,404
9263,404
30482,404
38121,404
28434,404
17516,404
25239,404
17461,404
15701,404
20206,404
32239,404
35198,404
37044,404
31392,404
13046,404
34017,404
35781,404
24704,404
29174,404
31367,404
2414,404
35781,404
19736,404
20680,404
31367,404
27409,404
5698,404
33014,404
19692,404
15964,404
12889,404
15049,404
4013,404
33418,404
28500,404
28264,404
35465,404
20987,404
28264,404
31119,404
20987,404
29499,404
36929,404
16264,404
3208,404
24971,404
37070,404
31705,404
29852,404
19073,404
3259,404
29499,404
11483,404
33502,404
26163,404
9480,404
33632,404
31439,404
17244,404
37787,404
11889,404
19321,404
6728,404
28524,404
24414,404
10765,404
25533,404
25780,404
31065,404
36605,404
4792,404
17525,404
22703,404
18481,404
28353,404
30660,404
32248,404
27657,404
38427,404
38427,404
22826,404
27587,404
22029,404
37210,404
30555,404
2928,404
15281,404
21907,404
26429,404
18222,404
35517,404
32879,404
31593,404
37142,404
4913,404
32907,404
36477,404
23146,404
9895,404
37932,404
11376,404
15967,404
24803,404
16483,404
24803,404
17030,404
16483,404
9667,404
36322,404
28376,404
30257,404
9667,404
27569,404
21913,404
32907,404
23436,404
33418,404
7844,404
11436,404
10435,404
34844,404
10435,404
22067,404
25645,404
23842,404
22624,404
23436,404
32456,404
4737,404
8540,404
25645,404
25378,404
37331,404
5532,404
1944,404
7924,404
17403,404
30484,404
9589,404
24596,404
25468,404
15919,404
36094,404
12782,404
35976,404
27495,404
27495,404
30575,404
30575,404
30575,404
27915,404
9372,404
28695,404
10688,404
2001,404
2389,404
1130,404
33527,404
25314,404
33014,404
6885,404
24078,404
7846,404
14356,404
38107,404
28272,404
9255,404
32366,404
32326,404
28272,404
32326,404
22029,404
32326,404
21730,404
10435,404
36083,404
21730,404
24527,404
36083,404
9585,404
9307,404
9585,404
3074,404
31333,404
15328,404
37185,404
15740,404
12070,404
20212,404
6410,404
22652,404
31013,404
26195,404
32232,404
28985,404
3068,404
31867,404
15637,404
11890,404
18286,404
3068,404
19695,404
15637,404
22782,404
15362,404
8097,404
9958,404
31087,404
22782,404
19398,404
36628,404
3068,404
21364,404
10431,404
30541,404
31622,404
30541,404
22031,404
19398,404
24747,404
31622,404
30575,404
36645,404
17755,404
25610,404
3541,404
35579,404
32093,404
34149,404
4371,404
6374,404
34263,404
17837,404
31482,404
31482,404
6822,404
27402,404
36509,404
28937,404
7989,404
36071,404
3747,404
19870,404
8056,404
33501,404
1516,404
12830,404
36823,404
30911,404
37934,404
4180,404
34777,404
28528,404
35446,404
28316,404
28316,404
34846,404
28454,404
25594,404
28454,404
28316,404
5737,404
34846,404
36071,404
14648,404
21212,404
34846,404
27229,404
37869,404
33245,404
9774,404
7232,404
33114,404
19503,404
36635,404
2350,404
34302,404
2774,404
2350,404
13403,404
37528,404
19049,404
5247,404
15548,404
33504,404
37617,404
33504,404
31748,404
23106,404
31748,404
8429,404
36751,404
37795,404
25318,404
24565,404
35556,404
14083,404
31134,404
121,404
7989,404
17498,404
29054,404
36192,404
34079,404
29144,404
37068,404
34498,404
34498,404
18684,404
4807,404
13338,404
22658,404
6688,404
27377,404
8837,404
2123,404
24416,404
27544,404
26385,404
36512,404
23309,404
29258,404
33567,404
38332,404
25381,404
36152,404
32816,404
14688,404
18925,404
32614,404
4154,404
28498,404
34880,404
29399,404
33711,404
4082,404
26113,404
8837,404
30266,404
27468,404
3360,404
32077,404
26372,404
34721,404
20785,404
37215,404
12122,404
37055,404
5812,404
35406,404
34844,404
25461,404
30409,404
9755,404
23221,404
31869,404
37517,404
26098,404
29842,404
32775,404
13146,404
36692,404
37018,404
12841,404
35031,404
36097,404
37463,404
31025,404
13404,404
8000,404
3970,404
16010,404
28556,404
30331,404
30331,404
38148,404
21364,404
3334,404
4826,404
35442,404
35832,404
5791,404
5791,404
30575,404
24829,404
31484,404
20028,404
28145,404
8244,404
28209,404
25517,404
32830,404
17409,404
5367,404
2148,404
28223,404
2148,404
5367,404
2148,404
13691,404
37963,404
20041,404
16224,404
23616,404
35369,404
14542,404
27885,404
24645,404
24927,404
32292,404
27269,404
19398,404
29678,404
36140,404
23858,574
11711,574
14552,574
3689,574
16982,574
11883,574
5116,574
25212,574
11171,574
3673,574
10481,574
33363,574
22351,574
31754,574
14963,574
28835,574
20283,574
3909,574
30650,574
5738,574
8718,574
29450,574
28725,574
34475,574
3223,574
37696,574
12194,574
28249,574
10552,574
28065,574
33881,574
31502,574
7765,574
9966,574
9798,574
6014,574
31279,574
38415,574
2335,574
22171,574
17144,574
22458,574
34988,574
7811,574
22190,574
1944,574
2999,574
21051,574
38506,574
8419,574
38553,574
14191,574
8579,574
19104,574
9186,574
23185,574
23517,574
27445,574
27413,574
23366,574
33353,574
427,574
5231,574
20128,654
3861,654
33417,654
36796,654
1371,654
24739,654
9310,654
27348,654
36796,654
14812,654
24698,654
21280,654
4793,654
16092,654
11881,654
35053,654
33452,654
31408,654
20074,654
28400,654
19304,654
21916,654
19128,654
25108,654
27106,654
22878,654
34720,654
17300,654
25443,654
31769,654
4782,654
16218,654
5372,654
5383,654
19866,654
16218,654
16636,654
31103,654
12120,654
8215,654
2557,654
27350,654
10029,654
29816,654
22878,654
28591,654
9435,654
21249,654
17070,654
32028,654
33624,654
38449,654
8513,654
23972,654
18305,654
25881,654
29824,654
25881,654
15856,654
23380,654
20335,654
22878,654
20260,654
9038,654
19244,654
21627,654
21627,654
37223,654
21976,654
18169,654
37984,654
27589,654
25094,654
5383,654
37976,654
31202,654
34479,654
22402,654
19910,654
34917,654
29755,654
7386,654
14249,654
31957,654
19038,654
14736,654
8843,654
34835,654
30162,654
18713,654
9571,654
14736,654
29316,654
34835,654
35565,654
23231,654
25671,654
17341,654
29839,654
31655,654
36915,654
36945,654
20520,654
29316,654
30496,654
14812,654
36945,654
20520,654
29839,654
29300,654
24698,654
24025,654
23846,654
30013,654
26828,654
28916,654
25137,654
19890,654
24530,654
33348,654
29190,654
34572,654
25689,654
23742,654
37834,654
28593,654
28593,654
28593,654
3861,654
17443,654
11073,654
21143,654
30695,654
5191,654
29691,654
14565,654
25094,654
37584,654
9542,654
14565,654
36456,654
13527,654
20413,654
20413,654
17417,654
18933,654
17443,654
18933,654
25893,654
7098,654
32925,654
31308,654
34523,654
19874,654
37326,654
16329,654
18269,654
23403,654
18269,654
21249,654
14289,654
26725,654
29071,654
5296,654
26420,654
24178,654
24178,654
15831,654
32605,654
29728,654
5096,654
22432,654
33417,654
19650,654
32605,654
34273,654
19650,654
20782,654
34261,654
23038,654
30363,654
24711,654
13777,654
18596,654
5277,654
35132,654
18596,654
11422,654
19048,654
28788,654
21478,654
11073,654
13659,654
13526,654
6524,654
34601,654
34601,654
29528,654
20179,654
20179,654
29528,654
25893,654
24822,654
33092,654
12668,654
26108,654
22594,654
21890,654
28271,654
29202,654
24822,654
29202,654
9010,654
22594,654
15344,654
37976,654
26058,654
26058,654
26079,654
30013,654
26079,654
20566,654
26725,654
8898,654
24150,654
36337,654
35380,654
36341,654
5154,654
30430,654
12069,654
31779,654
24122,654
36617,654
15339,654
11408,654
30833,654
29412,654
17298,654
29412,654
26639,654
7295,654
7295,654
8958,654
8033,654
8033,654
8033,654
21835,654
30067,654
33629,654
32028,654
33629,654
13260,654
12954,654
3368,654
36793,654
27494,654
27494,654
23373,654
37765,654
28766,654
25255,654
18517,654
18517,654
12385,278
3251,278
7425,278
20542,278
8297,278
22494,278
10975,278
4274,278
8059,278
21179,278
18505,278
21990,278
7984,278
1241,278
25512,278
25512,278
6401,278
12385,278
7984,278
37108,278
4742,278
24888,278
4039,278
2085,278
19330,278
25471,278
19126,278
15153,278
8038,278
22345,278
14885,278
3203,278
6551,278
15668,278
16864,278
7090,278
19188,278
14109,278
6338,278
15453,278
24506,278
36214,278
32727,278
2569,278
19450,278
5390,278
36990,278
2203,278
1214,278
15277,278
36123,278
4133,278
6961,278
1799,278
27232,278
5483,278
5355,278
33818,278
8809,278
11310,278
27720,278
4940,278
4881,278
7202,278
20659,278
10157,278
32377,278
4399,278
1967,278
37020,278
35392,278
9790,278
4035,278
3808,278
4709,278
4530,408
34005,408
6920,408
2552,408
21763,408
11805,408
868,408
1910,408
25505,408
28426,408
20641,408
31797,408
3768,408
32084,408
30790,408
34679,408
36487,408
13513,408
2835,408
27988,408
13272,408
25340,408
23925,408
7167,408
26910,408
6187,408
8977,408
34650,408
25856,408
30710,408
29980,408
22297,408
15264,408
28081,408
37113,408
33399,408
5729,408
8125,408
13738,408
6352,408
26425,408
26425,408
4530,408
17244,408
26195,408
36729,408
7497,559
23538,559
18338,559
18803,559
7978,559
37201,559
38435,559
27800,559
3806,559
29947,559
21250,559
8238,559
33153,559
23858,559
20283,559
38200,559
38332,559
33363,559
30666,559
23393,559
30775,559
29311,559
8479,559
1790,559
31754,559
37696,559
14552,559
4960,559
2756,559
29746,559
29132,559
22458,559
26436,559
26733,559
9863,559
3336,559
34717,559
37516,559
29739,559
26772,559
36873,559
4145,559
13742,559
27682,559
35983,559
37392,559
9384,559
2177,559
36827,559
27004,559
3336,559
25037,559
4171,559
33498,559
1195,559
28725,559
5879,559
2109,559
21730,559
27642,559
19955,559
23185,559
7811,559
21051,559
10668,559
8419,559
23517,559
8579,559
2287,559
23366,559
29116,129
13042,129
19373,129
8888,129
33489,129
31336,129
8699,129
15487,129
4834,129
4269,129
18827,340
23304,340
34587,340
33407,340
31123,340
25858,340
31459,340
24738,340
17692,340
24925,340
35196,340
34073,340
32425,340
31262,340
23030,340
30696,340
34294,340
30175,340
35375,340
36154,340
35842,340
34423,340
28706,340
26014,340
26341,340
27144,340
33508,340
30622,340
25492,340
2537,340
24915,340
24963,340
24931,340
24938,340
24917,340
24958,340
24962,340
24928,340
24930,340
24898,340
24908,340
24943,340
24939,340
24922,340
24935,340
24936,340
24919,340
24929,340
24937,340
24900,340
24957,340
24912,340
24946,340
25021,340
33583,340
27078,340
27832,340
27082,340
34618,340
30149,340
27707,340
27894,340
27318,340
35029,340
31435,340
34540,340
24465,340
26712,340
34809,340
35179,340
14872,340
28060,340
22962,340
27280,340
35135,340
34104,340
36286,340
36111,340
34898,340
26194,340
33462,340
35225,340
35985,340
32190,340
33456,340
24621,340
31194,340
33412,340
35043,340
34275,340
30086,340
32227,340
34157,340
35661,340
34357,340
33313,340
36287,340
34387,340
14861,340
36129,340
33600,340
25041,340
35521,340
11662,340
36061,340
24773,340
32390,340
31944,340
31731,340
36275,340
33133,340
35448,340
33046,340
18804,340
30689,340
34136,340
31724,340
35136,340
28182,340
27038,340
29682,340
26629,340
24391,340
36086,340
25613,340
26923,340
34196,340
36347,340
29320,340
27972,340
32490,340
26101,340
36165,340
26174,340
34464,340
26901,340
19606,340
11917,340
24682,340
24247,340
24323,340
24286,340
23073,340
24295,340
24271,340
24273,340
24320,340
24296,340
24334,340
24317,340
24345,340
24307,340
24243,340
24328,340
24279,340
24226,340
24292,340
24237,340
24274,340
24264,340
24326,340
24342,340
24343,340
24322,340
24281,340
24256,340
24221,340
24311,340
24335,340
24302,340
24220,340
24306,340
24270,340
24282,340
24231,340
24333,340
24224,340
24304,340
24223,340
24252,340
24249,340
24330,340
24290,340
24309,340
24225,340
24288,340
24300,340
24277,340
24233,340
24229,340
24305,340
24312,340
24259,340
24291,340
24230,340
24297,340
24227,340
24276,340
24283,340
24614,340
24278,340
24315,340
24232,340
23555,340
24253,340
24244,340
23554,340
24316,340
24327,340
23556,340
31996,340
21528,340
17995,340
32810,340
31488,340
36177,340
13863,340
32620,340
20755,340
12025,340
36046,340
35416,340
17314,340
33229,340
21148,340
35546,340
28680,340
34646,340
29114,340
34124,340
33561,340
36235,340
17861,340
33651,340
35450,340
25178,340
32577,340
36206,340
35837,340
36310,340
26232,340
33038,340
12225,340
32026,340
33543,340
35527,340
35717,340
30900,340
34384,340
27171,340
27086,340
21187,340
26015,340
25448,340
36250,340
29725,340
31513,340
35559,340
12246,340
31920,340
29080,340
33947,340
11416,340
33249,340
30080,340
36057,340
33238,340
35342,340
26678,340
24402,340
36247,340
28201,340
27233,340
36263,340
34956,340
30130,340
32501,340
33927,340
32974,340
28421,340
35428,340
28642,340
36311,340
32455,340
33039,340
7326,646
7049,646
8670,646
10985,646
7608,646
35292,646
20185,646
36149,646
4913,646
32330,646
22738,646
19311,646
20210,646
26925,646
5500,646
35725,646
14605,646
31721,646
9852,646
34563,646
28163,646
9917,646
29394,646
16034,646
19664,646
38118,646
20149,646
14900,646
2663,646
18213,646
3821,722
21274,722
19399,722
15738,722
29711,722
24310,722
9179,722
18300,722
36038,722
3923,722
24363,722
34254,722
33612,722
30431,722
35915,722
12810,722
36025,722
20147,722
4557,722
37871,722
33356,722
32158,722
36036,722
24324,722
6154,722
25469,722
9214,722
29575,722
29279,722
24860,722
36411,722
38184,722
29993,722
22074,722
36198,722
33337,722
2557,722
15856,722
2454,722
5154,722
24030,722
34352,722
28749,722
26260,722
38596,722
8694,722
21214,722
15051,722
5824,722
24750,722
1074,722
6130,722
8135,722
35244,722
34892,722
786,722
33001,722
7343,722
38583,722
20784,722
8736,722
13958,722
24836,722
32322,722
1356,722
15789,722
5514,722
3980,722
6795,722
13649,722
23725,722
6751,722
38243,722
35394,722
12261,722
35278,722
6121,71
11961,71
2498,71
21211,71
21432,71
7462,71
2468,71
7418,71
5660,71
5397,71
30532,71
869,71
7001,71
13849,71
3612,71
8216,71
19636,71
25040,71
15599,71
21744,71
7768,71
5261,71
25288,71
4041,71
9257,71
3598,71
9049,71
34541,214
5783,214
31505,214
33738,214
32469,214
32386,214
32607,214
32957,214
32383,214
33741,214
32535,214
33739,214
32391,214
32606,214
7988,214
33735,214
33729,214
33719,214
32608,214
33747,214
32616,214
32473,214
32486,214
34702,214
32388,214
34690,214
32956,214
32477,214
32971,214
32973,214
33722,214
32959,214
33721,214
34703,214
34736,214
34699,214
33717,214
34728,214
32534,214
33732,214
33723,214
33744,214
33727,214
32472,214
32394,214
33716,214
32476,214
31931,214
33736,214
32410,214
33742,214
32536,214
34695,214
32610,214
34735,214
33726,214
31772,214
32055,214
32389,214
32387,214
34737,214
34693,214
33720,214
33746,214
34729,214
33737,214
33733,214
33730,214
32471,214
34692,214
34701,214
34697,214
33724,214
32537,214
32530,214
32958,214
32532,214
32969,214
34696,214
34689,214
32475,214
30184,214
14939,214
15768,214
28838,214
5783,214
36127,214
21466,214
24494,214
5091,214
20590,214
3704,378
36549,378
11491,378
36496,378
19318,378
24228,378
2016,378
18110,378
26737,378
32145,378
19198,378
33031,378
28266,378
7649,378
16928,378
771,378
36496,378
36549,378
19198,378
5805,378
12960,378
22209,378
21409,378
30829,378
33938,378
25095,378
28382,378
12414,378
25779,378
13099,378
25039,378
34503,378
19670,378
16877,378
6962,291
22197,291
32495,291
35992,291
18780,291
4103,291
16547,291
25673,291
18639,291
20341,291
37422,291
19510,291
15757,291
23051,291
33278,291
11928,291
21379,291
3103,291
20927,291
28913,291
18259,291
5664,291
4334,291
8709,291
23601,291
15567,291
18890,291
19405,291
3308,291
36777,291
15541,291
6981,291
18623,291
5329,291
26278,291
14691,291
20762,291
16453,291
4930,291
16786,291
29628,291
26106,291
23760,291
5582,291
8367,291
6814,291
74,291
3619,291
33168,291
22974,291
19587,291
22624,291
23399,291
30455,291
19969,291
15239,643
15589,643
18910,643
33860,643
17239,643
22899,643
16099,643
6390,643
36874,643
35330,643
38334,643
23952,643
24616,643
36415,643
964,643
11617,643
7655,643
36721,643
15890,643
22705,643
7371,643
31438,643
26700,643
23768,643
33022,643
17374,643
35789,643
583,643
27091,643
378,643
378,643
31230,643
28497,643
35540,643
14480,643
31230,643
17403,643
28725,643
32295,643
24160,643
26489,643
31133,643
37466,643
21327,643
26548,643
36264,643
36264,643
23298,643
34664,643
38419,643
34664,643
38419,643
35569,643
34399,643
35278,643
16936,643
21499,643
1813,643
1813,643
37678,643
22842,643
16184,643
16184,643
34245,643
25287,643
19506,643
9999,643
24364,643
31200,643
31200,643
12548,643
12548,643
31200,643
36965,643
7328,643
4278,215
16916,215
10012,215
12239,215
1447,215
28651,215
6339,215
13882,215
21179,215
28543,215
27995,215
37101,215
29309,215
5630,215
21115,215
26151,215
4087,215
1536,215
17704,215
8207,215
37538,215
37039,215
36583,215
13336,215
7077,215
8087,215
8492,215
29766,215
31147,215
25545,215
21378,215
22772,215
9916,215
19272,215
4770,215
11222,215
7274,215
8026,215
7265,215
14976,215
35774,215
30506,215
12394,215
13492,215
10241,215
6765,215
26371,215
28328,215
6143,215
4555,215
20670,215
19591,215
21070,215
22535,215
12890,215
32018,215
12981,215
17351,215
2164,215
16915,215
6290,215
18041,215
1967,215
6882,215
322,215
7972,215
32864,215
24405,215
13445,215
5343,215
33798,215
8729,215
20158,215
4311,215
7544,680
30209,680
13420,680
3203,680
29782,680
1799,680
20269,680
19213,680
14521,680
2744,680
19425,680
4748,680
25183,680
3948,680
25040,680
2424,680
8811,680
4968,680
13680,680
18510,680
20664,680
11369,680
7439,680
33464,680
30110,680
33300,680
20566,680
20099,680
9869,290
10771,290
5316,290
1594,290
29567,290
491,290
5316,290
5732,290
3690,290
8120,290
3962,290
3962,290
4756,290
12494,290
2970,290
29874,290
29874,290
12803,290
6031,290
22426,290
20830,290
10771,290
30596,290
3345,290
3345,290
30596,290
25758,290
10231,290
20830,290
13949,290
31082,290
3556,290
19087,290
19956,290
32754,290
37481,290
37764,290
3430,290
10442,290
26514,290
14670,290
7227,290
17586,290
5168,290
23868,290
35641,290
5168,290
10496,290
19533,290
31112,290
19087,290
25762,290
24321,290
7832,290
28880,290
701,290
19433,290
12091,290
10487,290
23190,290
17203,290
28627,290
27339,290
35386,290
31613,290
17276,290
27339,290
7873,290
31566,290
32627,290
20479,290
17422,290
17422,290
20479,290
32259,290
22749,290
17422,290
20381,290
1848,290
6346,290
35314,290
31601,290
27339,290
1848,290
6346,290
20541,290
11588,290
11588,290
8515,290
18125,290
26252,290
18892,290
15774,290
6346,290
6031,290
15154,290
33552,290
23089,290
9256,290
9256,290
18016,290
31560,290
26972,290
31780,290
7843,290
28885,290
28885,290
6994,290
14650,290
9869,290
5852,290
4590,290
10990,290
9003,290
5852,290
34248,290
7523,290
17512,290
5490,290
17898,290
21285,290
1388,290
20667,290
252,290
10990,290
37430,290
23817,290
5322,290
13207,290
21112,290
14302,290
12511,290
4951,290
7523,290
12511,290
17683,290
26066,290
26066,290
13207,290
28343,290
17744,290
26066,290
12804,290
6781,290
1029,290
33122,290
33712,290
9649,290
16866,290
5691,290
31359,290
14828,290
114,290
14473,290
5942,290
9646,290
779,290
491,290
4936,290
9646,290
3270,290
6923,290
13765,290
12448,290
6669,290
11813,290
37428,290
14684,290
14684,290
31199,290
28641,290
20189,290
34248,290
4317,290
20104,290
1429,290
18950,290
23730,290
22624,290
27785,290
7414,290
30484,290
13802,290
17626,290
17392,290
31998,290
17626,290
17710,290
2257,290
17392,290
35791,290
37485,290
28627,290
18556,290
12100,290
2271,290
840,290
2970,290
7659,290
17587,290
567,290
22792,290
19379,290
6056,290
27895,290
27769,290
3284,290
18017,290
1848,290
5213,290
6346,290
30777,290
33533,290
14199,290
20904,290
9111,290
20904,290
5833,290
26278,290
21366,290
29508,290
30648,290
6814,290
18050,290
6810,290
3880,290
32019,290
32019,290
13081,292
20903,292
31846,292
8367,292
37909,292
31566,292
8609,292
6962,292
33882,292
26604,292
37813,292
10346,292
5836,292
5836,292
1385,292
28710,292
28710,292
23851,292
17430,292
13281,292
29979,292
15591,292
18556,292
17636,292
7269,292
17276,292
6902,292
26269,292
29963,292
24544,292
2733,292
5732,292
12468,292
2980,292
7862,292
26077,292
3568,292
9003,292
32259,292
3690,292
3284,292
17626,292
20337,292
14365,292
20264,292
18639,292
17588,292
31536,292
31702,292
23595,292
23717,292
23468,292
37422,292
16230,292
31937,292
4878,292
14617,292
2257,292
37428,292
3103,292
12272,292
3137,292
11770,292
34248,292
35764,292
30709,292
27273,292
33937,292
17224,292
28227,292
30337,292
21273,292
15353,292
25219,292
28913,292
33191,292
21757,292
36936,292
33191,292
22478,292
22478,292
28710,292
8177,292
27997,292
18908,292
37939,292
30938,292
18950,292
2949,292
1959,292
17460,292
24534,292
21033,292
23300,292
23814,292
24607,292
37764,292
21033,292
15006,292
18259,292
21033,292
23814,292
812,292
26164,292
18259,292
21033,292
23300,292
18259,292
31263,292
15006,292
26723,292
16786,292
19844,292
812,292
16108,292
23210,292
10878,292
16108,292
14670,292
23961,292
23210,292
5664,292
21753,292
23190,292
33552,292
7059,292
22749,292
4332,292
2272,292
8515,292
8144,292
14322,292
30648,292
14296,292
23923,292
6346,292
26704,292
18659,292
24008,292
32165,292
16973,292
16453,292
17510,292
21497,292
14473,292
5683,292
13974,292
13974,292
26604,292
15871,292
18451,292
23399,292
7712,292
33168,292
30824,292
21729,610
28525,610
1059,610
24999,610
29413,610
2461,610
36361,610
13045,610
18931,610
30944,610
15129,610
37317,610
38432,610
18753,610
18651,610
21170,610
6262,610
1546,610
2336,610
28867,610
22990,610
26842,610
26981,610
29007,610
1758,610
11062,610
17979,610
6956,610
12733,610
33324,610
10747,610
17084,610
13553,610
37575,610
8872,610
3988,610
35671,610
25096,610
25188,610
24097,610
2465,610
16258,610
16422,610
30243,610
12828,610
23501,610
22425,610
23526,610
37580,610
79,610
32886,610
28672,610
17849,610
24381,610
22131,610
4528,610
35939,610
25312,610
33112,610
10772,610
35402,610
30800,610
27993,610
820,11
856,11
767,11
22199,11
15186,11
820,11
28632,11
15186,11
1890,11
9121,11
21435,11
24176,11
6804,11
26365,11
5289,11
29456,11
4004,11
19604,11
29675,11
14300,11
30662,11
23077,11
14663,11
24029,11
23015,11
23015,11
19385,11
4004,11
7276,11
18138,328
1917,328
3,328
33837,328
24417,328
1073,328
17758,328
907,328
11094,328
21201,328
3365,328
21876,328
1446,328
12251,328
33978,328
3532,328
34569,328
36521,328
2311,328
30227,328
10491,328
2754,328
9064,328
13100,328
4002,328
13852,328
8217,328
2835,328
17543,328
17198,328
27037,328
37127,328
4690,328
4903,328
29996,328
25353,328
8125,328
7219,328
32879,328
33805,328
10491,328
28426,328
21393,328
7948,328
30125,328
37113,328
32248,328
30044,328
9370,328
21768,328
20394,328
12268,328
3595,328
14799,328
1909,328
12842,328
21137,328
4708,328
2749,328
20648,328
24552,328
13266,328
27517,328
15684,328
1481,328
37125,328
38379,328
29444,25
11572,25
8476,25
4069,25
16289,25
15766,25
31017,25
26469,25
4061,25
13507,25
16126,25
19409,25
2699,25
24861,25
27609,25
25279,25
25279,25
22724,25
3192,25
18267,25
10156,25
27633,25
27623,25
23194,25
3296,25
7023,25
4069,25
19409,25
2594,25
2594,25
18036,25
27987,25
10156,25
31791,25
1457,243
6339,243
30392,243
31729,243
22670,243
11123,243
37630,243
5277,243
3339,243
12641,243
6907,243
5053,243
10182,243
11438,243
7892,243
4232,243
37681,243
37864,243
32543,243
1392,243
25548,243
1793,243
23286,243
2798,243
20853,243
37442,243
32543,243
30392,243
11023,243
14841,243
35750,243
35915,243
5644,243
1089,243
2891,243
30312,243
26816,243
5472,243
5472,243
34212,243
25489,243
4868,243
37762,243
14628,243
30925,243
5528,243
5352,243
15767,243
4707,243
21868,243
16058,243
3599,243
23203,243
2126,243
22759,243
30205,243
30205,243
4931,243
31729,243
6132,243
8973,243
4599,243
8402,243
1624,243
5053,243
2085,243
26235,243
23250,243
33334,243
13112,243
9086,243
30931,243
24144,243
26906,243
36272,243
11701,606
223,606
3223,606
2461,606
15257,606
6912,606
2915,606
34577,606
26692,606
122,606
24154,606
35089,606
28446,606
12277,606
6425,606
26842,606
29356,606
17979,606
31273,606
17084,606
32316,606
2688,606
35005,606
13520,606
1658,606
22639,606
1085,606
477,606
30328,606
18803,606
28116,606
3988,606
22990,606
33614,606
6301,606
6262,606
13768,606
18520,606
8655,606
35939,606
15209,606
30228,606
8080,606
16078,606
24677,606
29545,606
38175,606
16269,606
2845,606
29371,606
4317,606
31995,606
38512,606
25188,606
28676,606
580,606
13616,606
15140,606
36211,606
14550,606
6789,606
1758,606
32582,606
17603,606
26983,606
32377,606
18621,606
1081,606
25506,606
27993,606
23497,606
28281,606
8641,606
4657,606
25732,606
36282,606
28082,606
13941,606
38604,606
25844,606
32331,606
2993,606
36999,606
31321,771
10174,771
8213,771
26767,771
14379,771
29706,771
20581,771
36910,771
2672,771
27296,771
31276,771
13860,771
18505,771
25569,771
36973,771
14763,771
5675,771
3370,771
8650,764
19904,764
34451,764
23736,764
30662,764
13024,764
9250,764
12469,764
23494,764
9468,764
13427,764
11837,764
6939,764
32780,764
34292,764
7590,764
33555,764
20136,764
4172,764
4172,764
14093,764
10884,764
27386,764
2876,764
3138,764
2876,764
15444,764
12152,764
10203,764
10203,764
38389,764
21295,764
1742,764
6951,764
6951,764
22586,764
4507,764
20978,764
23194,764
5264,764
5264,764
271,764
545,764
5645,764
35650,764
25373,764
15305,764
36521,764
35120,764
36569,764
229,764
16225,718
4784,718
1507,718
22344,718
27850,718
25051,718
8555,718
6533,718
12592,718
16519,718
9424,718
29757,718
566,718
18553,718
13357,718
13357,718
31332,718
31055,718
28916,718
20408,718
29079,718
1852,718
8912,718
5047,718
9696,718
18713,718
10759,718
38547,526
13818,526
35855,526
37679,526
17471,526
29887,526
37256,526
11782,526
34386,526
30528,526
5357,526
33369,526
36229,526
10500,526
34365,526
19038,526
37558,526
32925,526
16670,526
18322,526
16384,526
35038,526
22352,526
30768,526
36578,526
32180,526
9341,526
30151,526
20174,526
30151,526
30690,526
33488,526
7807,526
34479,526
10154,526
23153,526
26806,526
5398,526
26595,526
18322,526
30260,526
24999,603
12566,603
8776,603
423,603
13938,603
34760,603
32905,603
618,603
1422,603
773,603
12855,603
6632,603
12356,603
5585,603
2692,603
26274,603
3160,603
3052,603
485,603
38040,603
26022,603
6265,603
5850,603
8279,603
5205,603
1764,603
11640,603
12357,603
12897,603
22522,603
37666,603
631,603
34674,603
21189,603
25499,603
21611,603
1045,603
11014,603
21189,603
13551,603
32452,603
18961,603
16958,603
15707,603
30824,603
12856,603
2128,603
6425,603
36231,603
21357,603
11845,603
24656,603
34936,603
6269,603
70,603
24137,603
2727,603
37589,603
34416,603
18784,603
13733,603
4423,603
12231,603
19232,603
19238,603
16367,603
17723,603
17800,603
28388,603
21629,603
15979,603
18590,603
16172,603
15197,603
18930,603
1880,603
21974,603
16590,603
1898,603
29721,603
469,603
10730,603
27040,603
26319,603
4897,603
34786,603
28074,603
20171,603
5449,603
17290,603
9402,603
21464,603
2733,603
20144,603
28280,603
3785,603
15457,603
1844,603
17991,603
28276,603
33694,603
19497,603
30893,603
19415,603
2439,603
31900,603
17249,603
8162,603
18634,603
8298,603
31082,603
8041,603
13833,603
20348,603
770,603
17849,603
2991,603
12114,603
11092,603
13027,603
8670,603
6258,603
30845,603
35827,603
16243,603
30294,603
27851,603
15113,603
26903,603
8092,603
35001,603
22050,603
13207,603
23051,603
1513,603
13955,603
20476,603
25404,603
23234,603
28402,603
37464,603
21909,603
34929,603
14928,603
20191,603
16921,603
4404,603
4460,603
22756,603
29744,603
36756,603
14297,603
7187,603
25788,603
24381,603
28469,603
2877,603
21696,603
34758,603
25457,603
35140,603
15614,603
27714,603
26480,603
3141,603
32165,603
27224,603
15212,603
14633,603
25691,603
22806,603
30125,603
6760,603
18126,603
8817,603
23722,603
14522,603
27360,603
29873,603
30886,603
304,603
21510,603
30211,603
24193,603
4522,603
28452,603
14403,603
2560,603
31381,603
22010,603
29415,603
9846,603
16530,603
12735,603
21091,603
19452,603
37849,603
21296,603
15652,603
10484,603
23514,603
34426,603
1475,603
23916,603
30373,603
30681,603
31940,603
17963,603
26994,603
26994,603
6631,603
36999,603
26004,603
22934,603
5156,603
30814,603
13768,603
9051,603
15437,641
3155,641
7149,641
9627,641
4956,641
38351,641
24840,641
1982,641
8134,641
16273,641
28725,641
15735,641
3523,641
11180,641
14592,641
35789,641
31072,641
28189,641
26650,641
1982,641
5497,641
18039,641
18133,641
22798,641
18932,641
27634,641
15986,641
23763,641
22970,641
36761,641
24134,641
4969,641
29806,641
26166,641
28262,641
16020,641
11745,641
20176,641
18806,641
30059,641
11363,641
2905,641
34285,641
19547,641
36761,641
21261,641
22730,641
16818,641
16818,641
23293,641
8886,641
9158,641
8334,641
6831,641
11433,641
16317,641
38089,641
20843,641
34545,641
13664,641
26595,641
23157,641
20134,641
23044,641
14172,641
36242,641
16410,641
9596,641
16242,641
4694,641
29878,641
16670,641
16459,641
5458,641
25689,641
37594,641
23975,641
11306,641
12353,641
29601,641
27127,641
16457,641
16457,641
17874,641
4662,641
30246,641
27358,641
17660,641
26996,641
13664,641
26996,641
2393,641
12353,641
20657,641
17368,641
22667,641
27089,641
26996,641
20864,641
10296,641
12353,641
13261,641
14576,641
15990,641
33189,641
8067,641
18653,641
21336,641
18151,641
19688,641
20138,641
28970,641
23659,641
27629,641
10832,641
37281,641
14793,641
3990,641
20535,641
35301,641
38168,641
18858,641
28954,641
24993,641
18699,641
4672,641
27426,641
26647,641
22544,641
19307,641
30681,641
5563,641
28310,641
18546,641
12236,641
10664,641
10574,641
16788,641
16226,641
18826,641
10664,641
2385,641
14765,641
12238,641
15656,641
32951,641
4005,641
6025,641
18610,641
13809,641
9820,641
10090,641
19916,641
15656,641
8300,641
8808,641
13982,641
8300,641
24687,641
27197,641
6381,641
27903,641
12679,641
32406,641
4888,641
4949,641
15041,641
11221,641
8038,641
19140,641
9018,641
12306,641
13982,641
24410,641
16246,641
19094,641
12264,641
7758,641
7758,641
2393,641
16449,641
4426,641
16334,641
4231,641
13982,641
2393,641
13511,641
9034,641
29190,641
27850,641
1339,641
4231,641
24996,641
36160,641
11435,641
8953,641
13037,641
5160,641
36058,641
9716,641
14677,641
36193,641
14677,641
6674,641
36193,641
9362,641
23316,641
24019,641
22306,641
14282,641
35167,641
7022,641
7067,641
28896,641
32833,641
32833,641
37374,641
33179,641
16813,641
37360,641
26830,641
26830,641
26462,641
37904,641
14599,641
14599,641
22683,641
22683,641
18913,641
11252,641
8850,641
37287,641
17815,641
12373,150
25640,150
1067,150
26738,150
33778,150
10893,150
32247,150
307,150
12514,150
33841,150
19918,150
17581,308
27762,308
9118,308
25048,308
22160,308
24415,308
33122,308
535,308
20136,308
5324,308
11348,308
6880,308
29680,308
7363,308
12756,308
16426,308
9258,308
14422,308
20174,308
29571,308
15008,308
26208,308
35579,308
5427,308
28419,308
30260,308
14351,308
32189,308
26266,308
530,308
27801,308
8487,308
6961,308
2193,308
5690,308
34479,308
24275,308
4544,308
19600,112
32870,112
24521,112
12505,727
28241,727
3704,727
8399,727
35570,727
12256,727
22744,727
35798,727
16153,727
14780,727
26594,727
37719,727
17124,727
7095,727
871,727
23671,727
31292,727
541,727
26050,727
22538,727
26162,727
11600,727
20862,727
20969,727
8736,727
34545,727
27810,727
23183,727
6033,727
7095,727
27017,727
744,727
8739,727
15093,727
28101,727
21802,727
5675,727
27685,727
5211,727
35926,727
30044,727
8067,727
7401,727
13252,727
5287,727
21391,727
38220,727
11360,727
16796,727
33231,727
9688,727
18677,727
31726,727
2712,727
29875,727
27345,727
27760,727
16715,727
38548,727
37670,727
38131,727
10642,727
29601,727
21235,727
22492,48
4023,48
9772,48
26201,48
25406,48
16178,48
10608,48
4313,48
9353,48
22481,48
17935,48
9777,48
29013,48
6159,48
7078,48
3232,48
12167,48
23620,48
17451,48
2060,48
24132,48
10410,48
21078,48
4903,48
20201,48
14568,48
3197,48
27010,48
21636,48
12836,48
28204,48
2611,48
5421,48
16024,48
17000,48
26354,48
24867,48
3497,48
1865,48
28173,48
2304,48
2378,48
26703,48
2274,48
25405,48
5804,48
9659,48
10517,48
32624,48
3382,48
6841,48
1519,48
2364,48
10728,48
30889,48
3124,48
2489,48
30889,48
10534,48
3124,48
29134,48
31973,48
7829,48
27388,48
21765,48
27388,48
11583,48
30794,48
12836,48
2406,48
2075,48
5924,48
14519,48
11278,48
14519,48
13156,48
32462,48
20629,48
28820,48
28820,48
12836,48
27068,48
24132,48
9772,48
15149,40
17353,40
3114,40
20690,40
18752,40
17846,40
17008,40
8588,40
6353,40
420,40
12957,40
12692,40
11173,40
5642,40
6552,40
14972,40
14482,40
17236,40
8588,40
14949,40
17846,40
14949,40
6024,40
25558,40
6811,40
10686,40
25558,40
14972,40
12677,40
16582,40
7913,40
4292,40
6877,40
25215,40
25288,40
9986,40
21325,40
14414,40
17473,40
21483,40
5071,40
12711,40
1149,40
29024,40
11859,40
8070,40
27878,40
22755,40
4585,40
22957,40
11833,40
12547,40
8890,40
15754,40
5016,40
2730,40
5295,40
1821,40
28732,40
10092,40
21121,40
4901,40
16712,40
7276,40
8899,40
7451,40
8899,40
31497,40
25683,40
3354,40
12369,40
22041,40
4304,40
33255,40
3819,40
3819,40
19946,40
16644,40
33255,40
7715,40
24031,40
6799,40
12862,40
28884,40
580,688
605,688
101,688
22820,688
19979,688
26610,688
36092,688
14089,688
19100,688
33095,688
5685,688
19241,688
3625,688
10735,688
13225,688
7604,688
5479,688
9275,688
8409,688
6546,688
38677,688
21782,688
12669,688
20794,688
11982,688
1651,688
29115,688
35929,688
38200,688
15715,688
34569,688
2930,688
24464,688
37707,688
29136,688
29873,688
3706,688
13915,688
9994,688
33186,688
29184,688
5780,688
23954,688
7019,688
10458,688
15334,688
34583,688
4300,688
9761,688
30751,688
30751,688
7465,688
1999,688
24126,688
35284,688
8986,688
12525,688
13988,688
7108,688
3657,688
12024,688
32365,688
10349,688
13830,688
17074,688
1579,688
21725,688
10032,688
1257,688
11391,688
12847,688
35341,688
11220,688
15698,688
30785,688
30785,688
19483,688
28354,688
9109,688
31511,472
20651,472
21805,472
29401,472
32618,472
13842,472
10017,472
2153,472
9380,472
7953,472
12647,472
4821,472
9632,472
5072,472
538,472
19466,472
2172,472
2153,472
9380,472
10624,472
25611,472
35660,472
26436,472
5951,472
963,472
19518,472
21592,472
29125,472
37514,472
17876,472
5858,472
24209,472
37995,472
17786,472
12851,472
37470,472
3373,472
17522,472
38515,472
24983,472
7497,472
33750,472
29154,472
14135,472
10765,472
36097,472
37321,472
22568,472
31646,472
31611,472
3533,472
15536,472
38339,472
36642,472
24973,472
31484,472
10434,472
11030,472
8784,472
14696,472
30597,472
32713,472
27806,472
25739,472
22481,472
2089,472
22481,472
19592,472
22297,472
9667,472
38372,472
8076,472
8053,472
38519,472
19548,472
5184,472
34201,472
22027,472
22801,472
17132,472
20578,472
8955,472
28760,472
35540,472
33805,472
12268,472
9057,472
26181,472
27241,472
27241,472
33199,472
31563,472
11078,472
9050,242
23357,242
34353,242
3471,242
25067,242
20291,242
18991,242
34508,242
7023,242
17759,242
17394,242
7054,242
9050,242
8823,242
1572,242
425,242
32946,242
20243,242
10667,242
11310,242
5103,242
12616,242
21794,242
29261,242
5065,242
4257,242
23566,242
17759,242
5331,242
5499,242
21833,242
15100,242
2065,242
9748,242
5647,242
5001,242
5491,242
10901,242
35116,242
18667,242
3213,242
8823,242
17759,242
15481,242
4035,242
22475,242
7064,242
15886,242
32946,242
3447,242
19792,242
5087,242
21446,242
10208,242
12824,242
36912,242
19702,242
36746,242
8913,242
10259,242
19359,242
3562,242
3205,242
425,242
8823,242
27232,242
5533,242
4048,242
2891,242
7536,242
7052,242
37775,242
14160,242
36053,242
11020,242
3019,242
12613,242
4278,242
16339,242
7828,242
13806,242
1929,242
23043,242
18407,242
5834,242
25384,242
23128,242
17759,242
425,242
8823,242
8062,242
8823,242
4043,242
1431,242
7010,242
21032,242
16774,242
16710,242
2482,242
15050,242
17420,242
15359,242
1660,242
28965,242
33770,242
2333,242
21826,242
33968,242
5369,242
31148,242
13245,242
34270,242
1941,242
12981,242
23503,242
13688,242
24630,242
9490,784
12096,784
4639,784
22841,784
12082,784
18643,784
16551,784
6095,784
7586,784
38689,784
22024,784
3244,784
26744,784
5020,784
18844,784
18845,784
37857,784
15521,784
14221,784
24982,784
1687,784
21591,784
10405,784
10779,784
9213,784
22091,784
12184,784
25099,784
11285,784
16857,784
36067,784
20486,784
3965,784
9811,784
16861,784
38442,784
17375,784
26324,784
19233,784
30439,784
35528,784
15067,784
11936,784
24519,784
21487,784
29118,784
12527,784
5571,784
18935,784
1631,784
38096,784
16967,784
38495,784
24888,784
22169,784
18979,784
31534,784
36975,784
1256,784
6594,784
37442,784
1176,784
16878,784
2247,784
33703,784
22108,784
9484,784
23853,784
38416,784
14974,784
10099,784
27149,784
2188,784
38116,784
37497,784
37497,784
6129,784
8239,784
29293,784
23947,784
17052,784
38602,784
20288,784
17088,784
37046,784
18486,784
32435,784
3015,784
4851,784
11632,784
16139,784
10207,784
38245,784
16139,784
39954,784
2223,784
27607,784
11574,784
25717,784
14769,784
14005,784
24026,784
20086,784
6681,784
33790,784
8360,784
76,784
10866,784
21252,784
3923,784
3862,784
30291,784
86,784
3805,784
5380,784
13604,784
4232,784
25717,784
37868,784
27391,784
6500,784
13206,784
22363,784
7390,784
35528,784
35528,784
21436,784
24012,784
30971,784
36817,784
10868,784
17640,784
26898,784
9317,784
9823,784
24085,784
15690,784
3612,784
23194,784
36627,784
20737,784
30673,784
36750,784
15245,784
9781,784
14807,784
2086,784
26124,784
28863,784
29159,784
4192,784
22237,784
28551,678
33990,678
17371,678
9612,678
1207,678
12133,678
33990,678
10274,678
12329,678
2556,678
6121,678
11314,678
4007,678
913,678
36578,678
19081,678
38700,678
19440,678
38700,678
31479,678
5670,678
9612,678
19532,678
21887,678
17066,678
36977,678
4445,678
22479,678
34479,678
21143,678
20174,678
21905,678
25028,678
32730,678
1074,678
32439,678
30260,678
5398,678
17701,678
37455,517
11191,517
12445,517
34208,517
5238,517
37493,517
11300,517
37702,517
26456,517
26456,517
4292,517
18198,517
15294,517
37337,517
25294,517
25294,517
35057,517
12445,517
5238,517
7336,5
21675,5
7228,5
17726,5
20729,5
27234,5
25870,5
4533,5
21530,5
1531,5
24248,5
23262,5
16531,5
11833,5
6424,5
6090,5
2851,5
1653,5
25588,5
15588,5
2952,5
1506,5
4197,5
20840,5
496,5
18460,5
5239,5
1134,5
4354,5
12241,5
6205,5
12399,5
2957,5
29430,5
26271,5
11932,196
6148,196
3775,196
1108,196
36244,196
11171,196
20915,196
27721,196
6385,196
13571,196
32187,196
19861,196
31762,196
4788,196
580,196
26758,196
532,196
28843,196
1934,196
29943,196
22408,196
3888,196
15239,196
28439,196
1616,196
14028,196
35310,196
34709,196
24761,196
37016,196
24390,196
5946,196
19937,196
16913,196
18947,196
21646,196
3997,196
12936,196
36274,196
3085,196
16572,196
2603,196
2682,196
22014,196
12880,196
27221,196
35195,196
18465,196
22364,196
12183,196
3337,196
655,196
14641,196
13931,196
35553,196
8388,196
3227,196
29877,196
15036,196
7967,196
35916,196
31102,196
8834,196
30039,196
4862,196
1558,196
27118,696
24796,696
38398,696
25310,696
12973,696
37669,696
34756,696
21853,696
25386,696
23898,696
15836,696
35423,696
6081,696
7476,696
20519,696
29932,696
34599,696
35498,696
9588,696
38248,696
32561,696
24569,696
32357,696
27469,696
30825,696
29623,696
19563,696
36299,696
19760,696
37202,696
38251,696
3578,696
5925,696
37201,696
4220,696
35249,696
19789,696
37803,696
17082,696
38580,696
30561,696
34028,696
32230,696
17082,696
34705,696
19714,696
16840,696
10382,696
23836,696
19482,696
29548,696
28453,696
27512,696
38220,696
17551,696
22089,696
24213,696
16840,696
38106,696
5848,696
22609,696
13394,696
4562,696
32303,696
37981,696
32303,696
29180,696
37009,696
21939,696
10721,696
18631,696
14591,696
12229,696
743,696
35170,696
33353,696
23185,696
11503,696
33073,696
33958,696
21814,696
19183,696
27717,696
32700,696
8410,696
30881,696
24158,696
38362,696
38167,696
794,696
14519,696
14305,696
22560,696
35805,696
27413,696
25421,696
9411,696
32771,696
32815,696
38428,696
30073,696
16042,696
19023,696
20584,696
15942,696
7142,696
18040,696
29543,696
7726,696
37819,696
24099,696
38476,696
16555,696
7168,696
21506,696
15530,696
21154,696
33988,696
3991,696
26893,696
27536,696
24239,696
38268,696
33618,696
35560,696
25264,696
37361,696
28725,696
12989,696
19530,696
23366,696
35577,696
19997,696
31705,696
32306,696
37696,696
33051,696
31705,696
28815,696
3217,696
21949,696
34988,696
26778,696
33602,696
31241,696
31009,696
34233,696
29610,696
38078,696
22376,696
21631,696
28513,696
14573,696
2335,696
7811,696
34052,696
7497,696
8194,696
1963,696
9188,696
36414,696
13605,696
3277,696
11334,701
9111,701
24121,701
366,701
27084,701
7938,701
26386,701
33794,701
33415,701
22846,701
34877,701
35722,701
3372,701
11729,701
32223,701
26963,701
32129,701
23377,701
1573,701
9090,701
21119,701
36988,701
9011,701
30870,701
24924,701
21973,701
10136,701
15171,701
36965,701
28020,701
34084,701
6481,701
18216,701
37347,701
34150,701
35795,701
36466,701
10885,701
8401,701
10885,701
23007,701
18668,701
21305,701
37147,701
8401,701
35323,701
2931,701
34062,701
24858,701
35795,701
37086,701
11174,701
26667,701
3787,701
26586,701
12524,701
21744,701
12524,701
9877,701
26808,701
11855,701
9877,701
3787,701
19618,701
37001,701
28499,701
16015,701
20097,701
28499,701
35367,701
27461,701
33496,701
35958,701
1573,701
8962,701
25902,701
38704,701
10087,701
35015,701
30753,701
33590,701
13791,701
36915,701
10274,701
28178,701
7132,701
34493,701
37849,701
18037,701
30753,701
13512,701
29610,701
31280,701
33496,701
37598,701
36877,701
37901,701
31860,701
30542,701
29973,701
23995,701
36728,701
28255,701
21305,701
8401,701
28255,701
13874,701
38704,701
25912,701
23645,701
32881,701
27538,701
27375,701
29576,701
10682,701
24068,701
37591,701
37192,701
37591,701
8954,701
13628,701
11103,701
24088,701
26127,701
30386,701
37602,701
36455,701
35144,701
35144,701
659,701
23995,701
35645,701
31871,701
18632,701
32123,701
31192,701
18632,701
21857,701
38192,701
20591,701
71,701
11511,701
27538,701
32201,701
71,701
34654,701
8513,701
3921,701
25310,701
33233,701
19731,701
30507,701
38269,701
35053,701
24268,701
10251,701
26303,701
29691,701
30790,701
19340,701
36375,701
20574,701
38321,701
38321,701
38321,701
35336,701
17157,701
2709,701
23104,701
11552,701
18901,701
18901,701
22952,701
31274,701
8173,701
6120,701
7088,701
13840,701
37526,701
34638,701
15623,701
15205,701
30591,701
4921,701
27463,701
27463,701
33013,701
33013,701
25712,701
27734,701
24633,701
12202,701
36455,701
33317,701
13052,701
22227,701
22179,701
22179,701
35393,701
35439,701
35363,701
4921,701
37439,701
27796,701
17310,701
24560,701
33700,701
37895,701
37006,701
10353,477
5562,477
36958,477
15340,477
8698,477
27736,477
1992,477
28040,477
7452,477
14080,477
4030,477
12027,477
37719,477
9168,477
18801,477
37993,477
65,477
21415,477
24427,477
2135,477
12436,477
11491,477
13840,477
25863,477
22483,477
36601,477
13679,477
37810,477
8743,477
10872,477
22483,477
14309,477
10872,477
7808,477
27155,477
531,477
11857,477
8436,477
30260,477
17533,477
12400,477
14634,477
14634,477
34400,203
35756,203
5492,203
12427,203
1933,203
32835,203
6628,203
14193,203
14563,203
17805,203
31654,203
8929,203
18591,203
9841,203
8929,203
30046,203
37034,203
3943,203
17940,203
37128,203
33678,203
11038,203
14952,203
34204,203
25189,203
23240,203
23978,203
31128,203
27575,203
19926,203
7234,203
11923,203
14069,203
23912,203
25756,203
12065,203
32247,203
5932,203
14270,203
30708,203
27532,203
14970,203
5488,203
27074,203
6930,203
6620,203
13743,203
36175,203
18607,203
32681,203
22517,203
24859,203
13034,203
17602,203
15028,203
13653,203
236,203
31830,203
37093,203
26598,203
1025,203
8051,203
8974,203
216,203
8740,203
16963,203
4500,203
22379,203
8522,203
10231,203
19911,203
37114,203
31386,203
14089,203
18569,203
18991,203
1978,203
22655,203
25610,203
21316,203
6844,203
23949,203
26516,203
14093,203
17823,203
36512,203
17916,203
19572,203
32674,203
32674,203
26477,203
32674,203
26477,203
33323,203
3140,203
22965,203
11346,203
8652,203
8652,203
14952,203
18282,203
12633,203
27422,203
17403,203
4145,203
13607,72
23494,516
18151,516
18813,516
36685,516
27111,516
34888,516
11437,516
34886,516
11713,516
3795,516
32330,516
3196,516
30872,516
27503,516
33235,516
31902,516
6940,516
21994,516
34822,516
17301,516
38118,516
17518,516
35038,516
5794,516
18773,516
10638,516
1985,516
12201,516
3713,516
2998,516
7590,516
11612,516
9451,516
36521,516
27741,516
3492,516
3492,516
37554,516
11538,516
15543,516
34462,516
37262,516
29856,516
34201,516
7822,594
223,594
18127,594
33675,594
32889,594
3295,594
7205,594
27264,594
29117,594
15044,594
1577,594
36640,594
31552,594
20707,594
9569,594
36567,594
19206,594
4109,594
10254,594
143,594
24361,594
1456,594
37495,594
6719,594
30901,594
14268,594
8260,594
4147,594
7039,594
20556,594
30405,594
34852,594
36397,594
6866,594
8267,594
7696,594
15858,594
20078,594
25369,594
32179,594
1080,594
6618,594
12430,594
13134,594
5236,594
26319,594
35827,594
11983,594
16135,594
10854,594
12652,594
23826,594
12920,594
4104,594
3406,594
38512,594
20583,594
10364,594
16422,594
4832,594
19485,594
30243,594
29390,594
20211,594
8332,594
9562,594
4637,594
917,594
22431,594
3798,594
24780,594
1085,594
477,594
3024,594
17761,594
9315,594
7260,594
35671,594
36847,594
2752,594
35525,594
8262,594
10416,594
8891,594
9749,594
20524,594
3233,594
11340,594
30697,594
32215,594
28923,594
25197,594
29108,594
6386,594
21080,594
14235,594
38307,594
13750,594
22919,594
22303,594
4381,594
20643,594
32105,594
20643,594
24849,594
2932,594
38220,594
17854,594
24203,594
37253,594
13433,594
35199,594
34980,594
4340,594
27208,594
29356,594
4647,594
37601,594
21079,594
23561,594
354,594
12950,785
14847,785
19918,785
12950,785
20490,785
9033,785
5200,785
36645,785
21606,785
36680,785
9636,785
38675,785
25992,785
12719,785
23096,785
38508,785
4289,785
37624,785
32713,785
18912,785
21457,785
19853,785
33750,785
35124,785
37696,419
22956,419
22456,419
23661,419
7881,419
38302,419
11282,419
6516,419
21817,419
6604,419
31799,419
11601,419
12913,419
28779,419
22860,419
96,419
3446,419
36013,419
10564,419
22807,419
37159,419
30407,419
795,419
34912,419
30056,419
23913,419
28481,419
21814,419
19948,419
10160,419
3840,419
14334,419
25679,419
34105,419
21739,419
38035,419
22972,419
23983,419
21202,419
20930,419
20939,419
35517,419
35517,419
27440,419
17009,419
11503,419
25107,419
6604,419
34532,419
9433,419
4506,419
27413,419
25107,419
17763,419
36622,419
4735,419
38035,419
37033,419
33991,419
23943,419
11889,419
31624,419
31061,419
8643,419
7710,419
33951,419
29938,419
29938,419
20244,419
28827,419
13480,419
12084,419
23185,419
28107,419
994,419
11785,419
38154,419
14909,419
22038,419
35808,419
37721,419
5404,419
16363,419
37673,419
12126,419
9370,419
32991,419
35940,419
6097,419
28202,419
19955,419
17918,419
32962,419
7811,419
37907,419
26003,419
23309,419
23309,419
20107,419
7221,419
23006,265
29341,265
6949,265
388,265
914,265
14938,265
36449,265
10611,265
35690,265
19859,265
26327,265
8934,265
24466,265
16433,265
22209,265
15403,265
20761,265
7164,265
13587,265
16121,265
16121,265
11147,265
32660,265
37489,265
20737,265
19030,265
15578,265
37856,265
817,265
14874,265
1575,265
18137,265
37848,265
16121,265
36603,265
13737,265
30141,265
12197,265
7451,265
13737,265
20160,265
9401,265
3555,265
22819,265
10024,265
6173,265
5840,265
4724,265
2110,265
21291,265
1856,265
21090,265
21868,265
17109,265
28958,265
10556,265
37226,265
26480,265
35404,265
26168,265
2547,265
2424,265
22367,265
5351,265
23043,265
2501,265
263,265
20797,265
37022,265
14583,265
684,265
5224,265
36449,265
22759,265
27105,265
21204,265
10681,265
22976,265
34836,265
19899,265
4703,265
32703,265
10141,265
5291,265
11895,265
35491,265
36108,265
22342,265
6454,265
9800,265
15093,265
36108,265
37194,265
30418,265
7707,265
14238,265
11691,265
37757,265
11731,265
16396,265
19716,265
24499,265
14564,265
18560,265
31380,265
2131,265
10886,265
14839,265
14208,265
21486,265
29347,265
27954,265
15929,265
20888,265
12665,265
1005,265
21331,265
17853,265
32888,265
8416,265
37020,265
11178,265
29347,265
11505,265
31087,265
12290,265
32776,265
10557,265
15878,265
27034,265
29690,265
13355,265
15832,265
3448,265
15521,265
17508,265
32241,265
19671,265
15059,265
4343,265
3879,265
14393,265
11760,265
10906,265
3314,265
17645,265
4182,265
7337,265
19423,265
7617,265
16176,265
5968,265
26841,265
36830,265
2919,265
9284,265
24417,265
6275,265
13629,265
9720,265
6100,265
8143,265
26171,265
19375,265
8412,265
31595,265
26669,265
21420,265
11274,265
111,265
9458,265
30681,265
15938,265
29159,265
34488,265
7064,265
13385,265
23469,265
14102,265
5455,265
5647,265
1325,265
2808,265
25882,265
8498,265
10625,265
22390,265
4320,265
17835,265
37755,265
24978,265
8564,265
12875,265
13278,265
9821,265
22385,265
28109,265
11558,265
1747,265
37625,265
17113,265
6058,265
30619,265
27242,265
4312,265
17900,265
15303,265
24051,265
7513,265
2610,265
33769,265
36207,265
3066,265
29588,265
1600,265
18364,265
21852,265
15664,265
15923,265
13239,265
2927,265
34996,265
9172,265
10237,265
4700,265
37375,265
23869,265
4278,265
8283,265
3036,265
6664,265
3295,265
6395,265
9622,265
82,265
7978,265
4180,265
28186,265
34212,265
55,265
7501,265
21,265
8617,265
30682,265
26658,265
32782,265
14310,265
10696,265
26080,265
463,265
19536,265
9135,265
20172,265
6259,265
16325,265
8788,265
33596,265
3841,265
20009,265
25563,265
14226,265
18118,265
1581,265
21847,265
3066,265
6636,265
25531,265
4632,265
26523,265
29282,265
6445,265
3727,265
14946,265
2531,265
23235,265
12974,265
26369,265
15252,265
10694,265
12461,265
25936,265
17418,265
7191,265
29232,265
11910,265
5065,265
8157,265
8297,265
25936,265
29504,265
9542,265
860,265
2377,265
4,265
36245,265
8157,265
22372,265
9764,265
19589,265
8988,265
6308,265
25160,265
18162,265
23608,265
1292,265
9812,265
7480,265
2223,265
6579,265
19989,265
19823,265
35181,265
16470,265
16102,265
10258,265
1572,265
13152,265
16183,265
979,265
11498,265
10321,265
4881,265
5994,265
5140,265
3398,265
15458,265
6623,265
28423,265
29599,265
35954,265
34984,265
32852,265
3019,265
5506,265
22307,265
28061,265
24561,265
17853,265
30114,265
10292,265
2434,265
15950,265
5676,265
29340,265
1238,265
13,265
22715,265
37885,265
36579,265
17584,265
37546,265
31152,265
14500,265
2122,265
14109,265
1418,265
7485,265
28559,265
15705,265
16805,265
1218,265
21320,265
8140,265
10470,265
18738,265
11764,265
14904,265
1301,265
20132,265
13503,265
9272,265
17369,265
22624,265
36527,265
21411,265
18879,265
19099,265
17966,265
4326,265
7502,265
29192,265
35134,265
9074,265
37768,265
35083,265
863,265
7030,265
15668,265
35175,265
9634,265
35787,265
24561,265
9503,265
14557,265
15853,265
28491,265
5843,265
10054,265
20203,265
1631,265
1142,265
31773,265
6116,265
24653,265
8303,265
5742,265
37065,265
11270,265
651,265
26071,265
12523,265
34577,265
10787,265
24359,265
26469,265
20551,265
10756,265
27327,265
2310,265
10994,265
1558,265
14035,265
664,265
20941,265
21436,265
2348,265
10339,265
24733,265
5771,265
17958,265
20176,265
16984,265
14987,265
29990,265
22646,265
16873,265
17602,265
36660,265
20049,265
33117,265
1135,265
20673,265
5368,265
7203,265
132,265
2218,265
4918,265
37046,265
23947,265
10259,265
7984,265
8857,265
35085,265
14478,265
6634,265
22891,265
7828,265
37135,265
35669,265
4953,265
13677,265
20831,265
3736,265
24888,265
3437,265
18022,265
13747,265
30113,265
34111,265
26540,265
21855,265
11543,265
37269,265
24603,265
457,265
2385,265
12674,265
6479,265
33053,265
3093,265
8404,265
28702,265
20301,265
25086,265
9934,265
36447,265
17450,265
23415,265
29512,265
34658,265
16617,265
5117,265
30128,265
16371,265
37269,265
33821,265
36929,265
27858,265
18658,265
18658,265
4815,265
28411,265
32846,265
16882,265
28702,265
16882,265
21503,265
29460,265
31659,265
15156,265
25152,265
5415,265
5871,265
8180,265
13257,265
2085,265
27265,265
28702,265
19707,265
12454,265
20355,265
20371,265
23311,265
6882,265
280,265
15122,265
29995,265
24428,265
14624,265
33467,265
1419,265
28746,265
29367,265
19258,265
14380,265
22573,265
17956,265
20437,265
2306,265
14126,265
22087,265
4174,265
14757,265
7384,265
24135,265
28467,265
25935,294
33499,294
16965,294
17717,294
32122,294
34908,294
27997,294
29462,294
29683,294
25896,294
26704,294
25935,294
22649,294
24141,125
28611,125
23090,125
26129,125
26743,125
28014,125
22474,125
24776,125
30099,125
26437,125
25154,125
32081,125
29800,125
13634,125
15928,125
3519,125
18800,125
16903,125
18970,125
34811,125
34811,125
32255,125
31793,125
957,653
2294,653
25798,653
7614,653
31749,653
15823,653
23697,653
21560,653
25226,653
17790,653
35739,653
26939,653
29645,653
2701,653
32126,653
501,653
12866,653
37816,653
4011,653
29693,653
34059,653
8564,653
9561,653
32120,653
32120,653
7042,653
17252,653
30350,653
34059,653
14503,653
10143,502
2482,502
1957,502
3400,502
12318,502
13422,502
19614,502
35847,502
11481,502
8762,502
17026,502
14716,502
16567,502
17208,502
1699,502
7296,502
20012,502
1699,502
11974,502
652,502
35820,502
18056,502
12085,502
12762,502
18498,502
328,502
11330,502
11423,502
24968,502
20871,502
30037,502
18313,502
21201,502
15090,502
19483,502
24580,502
17254,502
32090,502
36703,502
26724,420
11677,420
32201,420
26724,420
37893,420
23799,416
15456,416
29543,416
20744,416
18066,416
2084,416
36440,416
32759,416
1053,416
10548,416
28114,416
29337,416
30525,416
28221,416
27229,416
26385,416
22367,416
33296,416
35059,416
14772,416
1656,416
7772,416
35893,416
33277,416
17516,416
13403,416
27544,416
23133,416
1407,416
21385,416
16643,416
5072,416
1407,416
25115,416
31999,416
35446,416
26098,416
32012,416
26739,416
23133,416
10395,416
27865,416
704,416
14897,416
28443,416
36606,416
12891,416
7372,416
34721,416
22658,416
7008,416
22880,416
10754,416
1574,416
37044,416
2348,416
2774,416
26372,416
18925,416
34017,416
21316,416
26195,416
35940,416
22423,416
27891,416
5366,416
5766,416
22423,416
7535,416
35503,416
36571,416
7350,416
21777,416
29112,416
30369,416
10341,416
35173,416
3721,416
25335,416
28131,416
22563,416
35198,416
12923,416
7182,416
12923,416
12969,416
27508,416
12969,416
3431,416
36205,416
31304,416
19689,416
6096,416
27508,416
22368,416
37185,416
37303,416
34909,416
37288,416
36205,416
27557,416
16336,416
14497,416
7565,416
7250,416
33386,416
2596,416
11494,416
20701,416
3770,416
26735,416
1226,416
31022,416
19759,416
27405,416
4084,416
6352,416
4547,416
34268,416
21817,416
35892,416
6816,416
24207,416
2389,416
4547,416
5737,416
28454,416
35539,416
34268,416
27517,416
334,416
10657,416
28833,416
6816,416
7963,416
10319,416
31413,416
10668,416
10701,416
29251,416
9774,416
1033,416
24485,416
8484,416
9659,416
9676,416
27988,416
38027,416
21854,416
37215,416
29189,416
17501,416
6321,416
24485,416
24973,416
34401,416
10160,416
17165,416
7865,416
8429,416
36729,416
29386,416
24106,416
15271,416
30932,416
31607,416
20876,416
7739,416
22972,416
6302,416
22413,416
4228,416
17685,416
33023,416
25815,416
8553,416
19812,416
7398,416
21595,416
34038,416
36707,416
26414,416
37965,416
34038,416
4622,416
19798,416
27298,416
12782,416
36429,416
20785,416
4573,416
19847,416
32005,416
26448,416
19798,416
30592,416
13516,416
34564,416
11128,416
25669,416
24753,416
25432,416
37471,416
25432,416
37471,416
6060,416
37653,416
2049,416
29852,416
17525,416
32016,416
10431,416
7232,416
21372,416
31557,416
3825,416
32775,416
16886,416
20948,416
4821,416
33606,416
31074,416
35415,416
20576,416
5895,416
37811,416
25244,416
32395,416
32329,416
32329,416
5404,416
24423,416
32759,416
11454,416
29889,416
32668,416
21499,416
25418,416
4450,416
33299,416
19662,416
32896,416
35940,416
11408,416
25353,416
23106,416
31065,416
22652,416
4394,416
32505,416
31563,416
12292,416
3321,416
16105,416
791,416
21408,416
35442,416
31176,416
24414,416
33866,416
33866,416
31894,416
9052,416
23783,416
18487,416
6822,416
22170,416
20787,416
29230,416
33699,416
16178,416
29148,416
18162,416
5075,416
12070,416
20948,416
37038,416
3541,416
19736,416
6969,416
30433,416
2103,416
29248,416
30409,416
22156,416
29475,416
4238,416
15081,416
14022,416
25494,416
4819,416
8511,416
11078,416
11835,416
32232,416
21702,416
15077,416
13866,416
21702,416
22387,416
31419,416
6972,416
18338,416
7182,416
19382,416
14799,416
6676,416
3815,416
35950,416
25844,416
33501,416
17162,416
3558,416
37685,416
18640,416
32232,416
26366,416
14519,416
14697,416
12830,416
29102,416
6963,416
5247,416
24433,416
18291,416
33970,416
34245,416
23761,416
27728,416
27646,416
33090,416
19008,416
25431,416
17573,416
28554,416
36921,416
25802,416
33643,416
33643,416
5171,416
36071,416
24440,416
25273,416
24927,416
24704,416
24086,416
36332,416
30452,416
26455,416
25617,416
25607,416
22392,416
25059,416
21698,416
5074,416
2422,416
5721,416
34708,416
33171,416
28294,416
17136,416
19419,416
23942,416
23942,416
37600,416
3743,416
11471,416
4488,416
4747,416
1869,416
2296,416
190,416
1869,416
17876,416
1127,416
27717,416
2366,416
4626,416
21284,416
5799,416
985,416
17974,416
38541,416
6374,416
25042,416
13073,416
32359,416
21413,416
8376,416
23616,416
7182,416
11030,416
34263,416
34263,416
9777,416
12660,416
38223,416
10940,416
7898,416
35312,416
7182,416
19780,416
6797,42
33568,42
20825,42
29861,42
8898,42
28098,42
10792,42
19672,42
15949,42
30024,42
8251,42
27725,42
12472,42
8461,42
8251,42
6799,42
20938,42
30024,42
10988,42
24934,42
22888,42
32367,42
23767,42
22888,42
24934,42
10988,42
30181,42
12391,42
30181,42
20938,42
12391,42
13565,42
13565,42
15949,42
31027,42
14028,332
21523,332
2883,332
3256,332
30521,332
33780,332
32492,332
10747,332
3181,332
37673,332
32393,332
10170,332
30040,332
13341,332
3058,332
21576,332
25601,332
26565,332
16982,332
1630,332
700,332
11900,332
32338,332
2319,332
19459,332
8849,332
34921,332
38209,332
32453,332
32731,332
22565,332
31812,332
14133,332
995,332
11424,332
25149,332
33752,332
32289,332
38158,332
37796,332
28406,332
35778,332
36430,332
37100,332
35468,332
7580,332
18720,332
19289,332
37319,332
33235,332
14702,332
29613,332
14315,332
34527,332
7529,482
13133,482
11823,482
1021,482
33772,482
10731,482
1120,482
15677,482
13494,482
32865,482
7939,482
27689,482
33231,482
15554,482
6351,482
32504,482
8452,482
12811,482
30528,482
1120,482
28896,482
309,482
35454,482
26016,482
18867,482
9688,482
9544,482
16427,482
6049,482
30710,482
8159,482
30463,482
24130,482
12490,482
24401,482
24401,482
28133,482
34552,482
14840,482
36128,482
5611,482
34998,482
24269,482
19072,482
16473,482
8794,482
1379,482
32822,482
17363,482
10914,482
27436,482
21197,482
20397,482
11130,482
2214,482
9380,482
4726,482
3327,482
26138,482
5896,482
31426,482
18223,482
18223,482
11534,482
17368,482
5390,482
2234,482
33702,482
13766,482
9299,482
398,482
28766,482
13381,482
23889,482
12905,482
13274,482
26429,482
22374,482
18109,482
24920,482
25787,482
10062,482
12878,482
20133,482
5416,482
16073,482
10289,482
20451,482
26709,482
3146,482
19990,482
16909,482
27197,482
11421,482
37360,482
3523,482
14480,482
31507,482
18825,482
819,482
29418,482
23669,482
20640,482
27634,482
18699,482
15995,482
33483,482
18876,482
8006,482
18957,482
13511,482
36653,482
3094,482
31736,482
21659,482
2398,482
22471,482
5965,482
13230,482
28639,482
8979,482
22678,482
8648,482
14388,482
5906,482
15130,482
4934,482
15734,482
17993,482
20788,482
25259,482
29239,482
11074,482
22741,482
13701,482
13762,482
17491,482
27353,482
35855,482
25141,482
11756,482
23688,482
14406,482
20587,482
33189,482
13498,482
16819,482
13011,482
16087,482
5910,482
28079,482
17317,482
27898,482
12951,482
5553,482
32601,482
6059,482
9779,482
7855,482
19070,482
8822,482
29916,482
15582,482
25370,482
16971,482
14860,482
8382,482
27386,482
27627,482
19711,482
16073,482
7469,482
27498,482
30067,482
27057,482
26381,482
25212,482
23205,482
9216,482
12428,482
19049,482
36389,482
25212,482
3150,482
19502,482
9551,482
25628,482
7841,482
18815,482
19913,482
29687,482
12344,482
2425,482
22143,482
22896,482
22896,482
33832,482
34868,482
34868,482
19930,482
23705,482
31590,66
17504,66
30647,66
27166,66
16056,66
7148,66
13548,66
2087,66
10365,66
33931,66
24490,66
2576,66
30873,66
33671,66
12374,66
30676,66
13216,66
27104,66
21365,66
14883,66
25350,66
8135,66
10411,66
28298,66
26048,66
27158,66
21226,66
9365,66
15411,66
10712,66
130,66
29832,66
33622,66
7162,66
29314,66
31404,66
26533,66
16830,66
27695,66
9525,66
4422,66
5397,66
31580,66
21599,66
16901,66
15014,66
32258,66
4144,66
15014,66
32795,66
8216,66
32944,66
17223,66
21362,66
5228,66
18455,66
14703,66
20771,66
13379,66
28543,66
31639,66
11992,66
23767,66
30069,66
5898,66
30968,66
13286,66
26607,66
33764,66
30055,66
28573,66
32080,66
33449,66
33663,66
13300,66
33422,66
32185,66
29380,66
16308,66
6113,66
23376,66
33370,66
28198,66
22663,66
28967,66
226,66
30639,66
26849,66
24881,66
27674,66
16998,66
30607,66
5312,66
32253,66
19297,66
9681,66
18885,66
32678,66
34395,66
29730,66
23492,66
22429,66
29633,66
12521,66
31878,66
20912,66
13340,66
28638,66
21149,66
28032,66
31006,66
25865,66
32629,66
30623,66
30410,66
30134,66
18582,66
18256,66
30260,66
24380,66
1860,629
16982,629
13319,629
25906,629
5109,629
16602,629
6105,629
8941,629
14203,629
15348,629
16451,629
395,629
525,629
9287,629
16949,629
14089,629
14937,629
14456,629
37005,629
33343,629
5437,629
26154,629
20342,629
33007,629
29192,629
9494,629
38372,629
23658,629
6980,629
36095,629
31057,629
31954,629
33440,629
9234,629
36211,629
12318,629
13310,629
2544,629
35719,629
1058,629
37534,629
7670,629
12968,629
6973,629
37061,629
14904,629
30011,629
28096,629
36586,629
1165,629
37945,629
25417,629
21410,629
18443,629
18361,629
33394,629
25425,629
15960,629
15675,629
36049,629
12644,629
6937,629
34201,629
10025,629
13616,629
21548,629
3703,629
28045,629
38197,629
7811,629
505,324
12376,324
11171,324
7901,324
17671,324
2108,324
10463,324
5537,324
1525,324
22064,324
16773,324
30207,324
30428,324
17174,324
6810,324
6456,324
6456,324
1598,324
28374,324
9430,324
26073,324
2346,324
34451,324
12376,324
22304,356
35693,356
7751,356
27567,356
33971,356
22675,356
25196,356
26642,356
14249,356
23318,356
33799,356
20357,356
33518,356
26420,356
15950,282
3404,282
552,282
16864,282
7203,282
10846,282
32693,282
14908,282
11187,282
4869,282
13519,282
9306,282
27098,282
4275,282
18544,282
29514,282
16828,282
14829,282
7169,282
6101,282
25398,282
2739,282
26566,282
7923,282
15987,282
4943,282
34526,282
9901,282
11219,282
24235,282
35830,282
14383,282
7112,282
24235,282
17762,282
9006,282
34458,282
17013,282
12368,282
9617,282
35126,282
32296,282
14245,282
667,282
25086,282
20373,282
29512,282
26862,282
2280,282
32876,282
9529,282
21141,282
970,282
9788,282
13558,282
4260,282
10412,282
37442,282
5158,282
37020,282
3281,282
19368,282
17721,282
28423,282
18206,282
6635,282
13879,282
1705,282
11936,282
36700,282
2325,282
17114,282
14372,282
25283,282
1479,282
2209,282
7415,282
3193,282
8481,282
20698,282
31109,282
14420,282
8519,282
14856,282
11362,282
12828,616
33112,616
3849,616
1184,616
30303,616
12430,616
28678,616
15858,616
12421,616
1601,616
17001,616
35747,616
22677,616
20095,616
30358,616
34080,616
33331,616
8149,616
33614,616
33925,616
33497,616
12577,616
35737,616
15336,616
13267,616
13853,616
10592,616
27360,616
5821,616
5448,616
4179,616
4538,616
3500,616
33029,616
11485,616
15982,616
12298,616
11904,616
38497,616
9907,616
36653,616
17448,616
24820,616
658,616
9259,616
11882,616
32323,616
29840,616
32375,616
6676,616
3327,616
20777,616
22044,616
23325,616
10027,616
37304,616
1814,616
31494,616
5026,616
2774,616
10613,616
4435,616
29415,616
7158,616
12534,616
7174,616
22703,616
23854,616
30758,616
5236,616
460,616
37372,616
29723,616
2379,616
14809,616
25342,616
30373,616
37711,616
18639,616
4126,616
34941,616
13461,616
3619,616
10701,616
26418,616
35689,616
11395,616
13854,616
16928,616
34308,616
13706,616
93,616
8682,616
26380,38
22820,38
19343,38
16524,38
29076,38
17070,38
16879,38
27185,38
5424,38
1025,38
28700,38
8363,38
27665,38
2318,38
426,38
15525,38
23939,38
12838,38
11166,38
23691,38
21369,38
8931,38
32102,38
18359,38
18603,38
19272,38
16100,38
17086,38
23429,38
29704,38
9722,38
2318,38
17725,38
21163,38
5239,38
4924,38
4410,38
11223,38
28308,38
26742,38
12643,38
26268,38
29315,38
15202,38
16625,38
27457,38
27862,38
7571,38
1651,38
18733,38
4448,38
27726,38
4651,38
30851,38
23543,38
17620,38
21471,38
8047,38
478,38
29995,38
7201,38
16450,38
27218,38
17505,38
20557,38
7634,38
10535,38
11156,38
26568,38
33487,38
6397,38
25508,38
9450,81
4919,81
3765,81
31147,81
13554,81
1840,81
1740,81
4161,81
22582,81
16162,81
6851,81
3779,81
2590,81
6252,81
13538,81
926,81
12959,81
6890,81
21648,81
31595,81
18758,81
7296,81
302,81
1699,81
3805,81
23800,81
1688,81
11561,81
30714,200
24338,200
36256,200
33898,200
23076,200
32116,200
22816,200
28269,200
12681,200
23513,200
21406,200
36888,200
10066,200
31834,200
23345,200
20448,200
22647,200
35223,200
27328,200
10068,200
32859,200
24269,200
34148,200
35914,200
31302,200
21794,228
24128,228
3701,228
3641,228
2234,228
2234,228
15649,228
5641,228
6548,228
1548,228
24415,228
21344,228
6755,228
4094,228
35038,228
13362,228
22670,228
37619,228
7152,228
10182,228
7962,228
6176,228
12739,228
37171,228
5970,228
16487,228
13437,228
31661,228
3301,228
26044,228
8079,228
19359,228
37781,228
9823,228
17190,228
7892,228
12428,228
13786,228
5476,228
22255,228
11542,228
29106,228
25560,228
2423,228
13633,228
12546,228
6476,228
20155,228
9748,228
22539,228
10188,228
5145,228
26649,228
3445,228
1198,228
3445,228
9217,228
1198,228
13112,228
20308,228
33957,228
24041,228
7658,228
7658,228
32660,228
15321,228
12708,228
9149,228
35610,228
8762,228
782,228
9823,228
15939,228
36245,228
34025,228
18204,228
9149,228
6465,228
34270,228
25088,228
24272,228
4384,228
4384,228
14757,228
24041,228
3276,228
9149,228
13118,228
4508,228
5655,228
14104,228
13441,228
10554,228
4508,228
17496,228
9149,228
36583,228
5655,228
36821,228
25678,228
28920,228
4508,228
2197,228
21847,228
28226,228
4593,228
10330,228
9149,228
9254,228
32356,228
4940,228
7972,228
29609,228
16406,228
25761,228
24192,228
36090,228
18649,228
25338,228
22847,228
29560,228
3286,228
24163,228
1380,228
1404,228
1404,228
14955,228
27978,228
17730,228
9149,228
18649,228
10290,228
17730,228
18649,228
22661,228
9149,228
9149,228
33253,228
16272,228
27978,228
18164,228
32369,228
17911,228
22087,228
30186,228
1572,228
9149,228
10290,228
16372,228
1888,228
8884,228
27110,228
27576,228
6711,228
1089,228
5216,228
21546,228
9823,228
30322,228
36051,228
24272,228
9823,228
24272,228
9823,228
17126,228
3211,228
11094,228
35825,228
15608,228
28576,228
17360,228
24861,228
5894,228
29917,228
225,228
34751,228
5655,228
5655,228
7121,228
7121,228
2197,228
25678,228
25190,228
10326,227
18568,227
34074,227
36710,227
1244,227
9531,227
23559,227
18091,227
23287,227
19831,227
18380,227
10628,227
8913,227
11424,227
4173,227
582,227
9539,227
20450,227
31398,227
32315,227
27282,227
8696,227
21507,227
25475,227
10994,227
4173,227
15310,227
29188,227
8771,227
4480,227
36216,227
6216,227
25644,227
16622,227
23602,227
3238,54
9490,54
21342,54
1413,54
12304,54
9605,54
2689,54
20370,54
727,54
30157,54
28761,54
25733,54
21680,54
4424,54
28761,54
3949,54
6627,54
8977,54
29498,54
9732,54
25816,54
3441,54
6979,54
15345,54
29306,54
2232,54
12080,54
24379,54
7882,54
6398,54
1910,54
27766,54
24871,54
9598,54
14227,54
7251,54
7251,54
32583,54
11396,54
28171,54
29281,54
22833,54
1910,54
32583,54
10987,54
933,54
12347,54
814,54
2602,54
2879,54
4235,54
22722,54
25439,54
23786,54
12892,54
8541,54
12853,240
6602,240
11444,240
36970,240
36245,240
16272,240
35612,240
10804,240
28587,240
5890,240
20215,240
25755,240
22308,240
36239,240
28401,240
27942,240
36283,240
22883,240
1089,240
25232,240
13697,240
1263,240
28251,240
22724,240
35392,240
13697,240
27681,240
8476,240
17496,240
16774,240
13624,240
24439,240
23655,240
37489,240
19848,240
3190,240
5300,240
3079,240
29295,240
23203,240
14733,240
28187,240
24205,240
10900,240
16649,240
5535,240
2044,240
11447,240
14104,240
22436,240
22436,240
20123,240
16952,240
23899,240
20157,240
987,240
21377,240
11431,240
37630,240
19831,240
29261,240
35217,240
20853,240
7971,240
388,240
19885,240
1106,240
731,240
10242,240
6342,240
79,240
30390,240
33266,240
4535,240
17818,240
24889,240
11020,240
31587,240
428,240
3984,240
22012,240
9296,240
12614,240
16800,240
12561,240
22926,240
32543,240
30905,240
21852,240
21946,240
26282,240
3474,240
24037,240
12401,240
18271,240
17704,240
31263,240
27560,240
37864,240
35610,240
1308,240
1609,240
1152,240
21847,240
37850,240
21124,240
19537,240
33503,240
29838,240
34270,240
3527,240
37768,240
37726,240
1896,240
1809,240
19063,240
28226,240
3773,240
35656,240
3170,240
15445,240
18706,240
29313,240
940,240
4306,240
24163,240
1813,240
30016,240
24775,240
11487,240
35750,240
4868,240
13549,240
13737,240
3997,240
6927,240
2516,240
30925,240
12916,240
12384,240
3153,240
3350,240
20155,240
13704,240
11151,240
20814,240
2705,240
7011,240
37247,240
7877,240
14264,240
35956,240
35956,240
4467,240
22765,240
10012,240
37318,240
14613,240
35882,240
13629,240
16480,240
22539,240
21984,240
11310,240
351,240
5371,240
17544,240
14705,240
8973,240
19528,240
169,240
16970,240
34190,240
1501,240
24113,240
13372,240
5957,240
20860,240
11464,240
22472,240
37775,240
9394,240
30563,240
26787,240
3213,240
17118,240
943,240
4016,240
26816,240
15987,240
1392,240
14053,240
2516,240
20380,240
12565,240
35956,240
5563,240
34788,240
7659,240
13900,240
32152,240
36993,240
36051,240
15742,240
12773,240
16482,240
10370,240
26527,240
17562,240
5008,240
33459,240
13729,240
10055,240
3632,240
30545,240
17217,240
9102,240
5518,240
9355,240
2024,240
7483,240
1705,240
20717,240
31659,240
2582,240
3276,240
3021,240
16447,240
18192,240
20857,240
11941,240
35283,240
7694,240
23829,240
31925,240
26362,240
25930,240
26044,240
7456,240
31034,240
6147,240
30840,240
35148,240
21870,240
22308,240
31661,240
3961,240
25190,240
18144,240
1280,240
30706,240
18224,240
29726,240
5834,240
6287,240
35956,240
35687,240
1979,240
34751,240
33522,240
6380,240
15766,240
25384,240
26477,240
30863,240
29031,240
11457,240
33365,240
28595,639
38315,639
28774,639
22055,639
17436,639
35212,639
13994,639
10478,639
6088,639
8406,639
8202,639
32585,639
18467,639
31954,639
5377,639
37201,639
1740,639
19602,639
2101,639
24884,639
38458,639
30868,639
10775,639
38216,639
13332,639
6585,639
3196,639
23714,639
2706,639
10585,639
24087,639
12806,639
23913,639
5841,639
38220,639
31740,639
31096,639
6196,639
17206,639
11786,639
15412,639
23418,639
31057,639
24214,639
30863,639
14751,639
6506,639
20573,639
30746,639
38459,639
37828,639
23124,639
19376,639
4248,639
30618,639
35166,639
13616,639
26065,639
24732,639
5427,639
37353,639
6667,639
37635,639
38359,639
451,639
5628,639
945,639
17403,639
3219,639
8094,639
35882,639
35747,639
19121,639
34005,639
26622,639
13976,639
12240,639
11114,639
6676,639
2685,441
13996,441
20542,441
3877,441
11565,441
36135,441
20600,441
21126,441
1405,441
4958,441
584,441
11684,441
26960,441
12853,441
25048,441
2003,441
9098,441
30440,441
7632,441
30158,441
8336,441
6880,441
37870,441
24471,441
23584,441
213,441
876,441
19532,441
15571,441
199,441
16117,441
2799,441
14690,441
9850,441
8423,441
1275,441
19666,441
665,441
11134,441
7153,441
36547,441
12637,441
5283,441
5498,441
5612,441
4528,441
13797,441
36521,441
18539,441
6339,441
23112,441
6415,441
24126,441
12783,441
4292,441
21029,441
9902,441
210,441
11017,441
3429,441
16805,441
34147,441
4993,441
21387,441
9291,441
4932,441
25045,441
25528,441
9291,441
7610,441
26047,441
23318,441
21434,441
2159,441
14719,441
24373,441
4932,441
9902,441
33300,441
26152,441
23985,441
29235,441
15055,441
3455,441
31525,441
19755,441
4105,441
6571,441
4790,441
956,441
4734,441
36443,441
16181,441
18892,441
8356,441
20815,441
11684,441
14301,441
1639,441
4555,441
2228,441
7582,441
2349,441
28838,441
9902,441
9611,441
14517,441
37916,441
14485,441
32113,441
12784,441
2495,441
4790,441
4828,441
11101,441
19276,441
31505,441
9570,441
5221,441
4674,441
28097,441
5621,441
11510,441
23353,441
22350,441
4530,441
4734,441
19531,441
6765,441
5027,441
26847,77
4510,77
15654,77
16690,77
30685,77
13379,77
4723,77
29868,77
20363,77
6506,77
7969,77
11869,77
11276,77
11938,77
5880,77
22353,77
15182,77
10411,77
33449,77
25843,77
27746,77
4288,77
19273,77
23924,77
14896,77
4181,77
34669,77
19997,77
18475,77
33485,77
6157,77
34828,77
1135,268
13617,268
20655,268
4569,268
4852,268
11196,268
37857,268
14460,268
10804,268
10242,268
13587,268
5004,268
21869,268
8921,268
12676,268
9021,268
29237,268
19456,268
3276,268
37891,268
23347,268
33756,268
2385,268
24671,268
18889,268
20853,268
22802,268
34283,268
11597,268
37789,268
6941,268
4700,268
18541,268
3555,268
23822,268
7243,268
7406,268
14362,268
3923,268
1418,268
23165,268
4724,268
13581,268
5666,268
27834,268
19644,268
27251,268
20182,268
33940,268
9398,268
10237,268
16396,268
562,268
23136,268
3123,268
19126,268
29213,268
9874,268
32765,268
35858,268
533,268
37646,268
27901,268
14179,268
37879,268
16339,268
17367,268
27105,268
31210,268
2166,268
9791,268
24513,268
33376,268
35111,268
23286,268
4749,268
4957,268
11797,268
11681,268
2501,268
34788,268
8043,268
23959,268
6513,268
4048,268
8481,268
22101,268
30985,268
35338,268
28168,268
35392,268
1169,268
9614,268
37729,268
1317,268
34296,268
26380,268
1596,268
10557,268
5518,268
5359,268
35557,268
17418,268
3965,268
4182,268
30750,268
35647,268
19838,268
26841,268
9284,268
13629,268
7480,268
33430,268
24568,268
13188,268
22577,268
4278,268
30300,268
24056,268
9914,268
23635,268
31722,268
1571,268
33633,268
13152,268
26783,268
16058,268
27265,268
36172,268
18736,268
29340,268
14516,268
14579,268
23276,268
33373,268
2223,268
36527,268
20766,268
14218,268
8283,268
24205,268
25348,747
15728,747
36745,747
33567,747
36745,747
33567,747
5184,747
18312,747
5991,747
5799,747
37401,747
34749,747
37401,747
34302,747
8501,747
15285,747
37401,747
22944,747
3169,747
16336,747
12404,747
16336,747
12404,747
30726,747
31705,747
4238,747
31593,747
6798,747
33970,747
22173,747
33970,747
15161,747
7934,747
5275,747
9808,747
13272,747
21176,747
30664,747
26893,747
15328,747
31535,747
35465,747
10261,747
15501,747
9903,747
34417,747
28171,747
29277,747
28527,747
30295,747
5007,747
32456,747
5951,747
19921,747
2853,747
10732,747
24061,747
24119,747
36436,747
36533,747
26893,747
24971,747
9518,747
10622,747
31356,747
28981,747
22401,747
1018,747
24087,747
14697,747
29355,747
10565,747
9351,747
22173,747
31166,747
29230,747
23176,747
37682,747
20876,747
5719,747
13203,747
34082,747
36900,747
34355,747
25295,747
29054,747
12956,747
34442,747
21901,747
25607,747
28353,747
29163,747
4915,747
33881,747
31999,747
3003,747
21105,747
23296,747
32273,747
334,747
10071,747
5508,747
25785,747
10154,97
26697,97
14371,405
3371,405
2000,405
20421,405
17536,405
2224,405
233,405
2486,405
10161,405
961,405
28756,405
29018,405
23709,405
2000,405
1037,405
11374,405
11374,405
721,405
20436,405
961,405
20436,405
20436,405
20436,405
628,405
33926,405
2983,405
24886,405
311,405
22214,405
655,405
13475,405
1134,405
1569,405
320,405
25965,405
30346,405
8190,405
17922,405
21,405
30200,405
17922,405
764,405
36213,405
14445,405
19824,405
14791,405
421,405
6982,368
21419,368
7544,368
1825,368
25800,368
2732,368
22656,368
30181,368
25579,368
22498,368
11006,368
26737,368
37075,368
23050,368
28922,368
6823,368
26586,368
34638,368
12623,368
21162,368
21162,368
35958,368
29779,368
20347,381
27169,381
27169,381
27511,381
3864,381
26404,381
20733,381
28148,381
33715,381
29258,381
27169,381
28806,381
21363,381
3813,381
3025,381
28806,381
18064,381
22812,381
30728,381
22492,381
3743,381
18925,381
30728,381
6179,381
3502,381
31740,381
4708,381
24197,381
29179,381
32614,381
3772,381
27169,381
33247,381
22898,381
24604,381
20051,381
33643,381
8376,381
7107,381
23178,381
18681,381
24631,381
21688,381
33643,381
1124,381
4123,381
14499,381
29399,381
12254,381
28202,381
35870,381
24158,381
30144,381
24152,381
28556,381
30756,381
21714,381
342,381
29336,381
38141,381
31124,381
19780,381
27169,381
16966,381
27169,381
7463,381
27169,381
15540,381
33494,381
4913,381
27169,381
15027,381
15027,381
15027,381
27169,381
33312,381
36205,381
35009,381
36378,381
27169,381
20347,381
35009,381
24423,381
15345,381
7888,381
23298,381
37548,381
33878,381
25300,381
27169,381
14443,381
27169,381
25875,381
25875,381
36378,381
19800,381
14773,381
36378,381
29336,381
27169,381
29102,381
660,381
7772,381
35493,381
32962,381
5171,381
17038,381
10461,381
17403,381
37339,381
32759,381
32759,381
27169,381
20347,381
11282,355
1071,355
9332,355
1842,355
9785,355
34874,355
8566,355
6642,355
6117,355
37340,355
10938,355
7168,355
22711,355
28555,355
1642,355
1249,355
743,355
7021,355
18339,355
28666,355
6818,355
9380,355
28065,355
14456,355
26195,355
27397,355
38123,355
26751,355
12744,355
34063,355
12832,355
22579,355
27536,355
16071,355
27642,355
33153,355
31387,355
24796,355
29180,355
4095,355
2246,355
9351,355
2760,355
13021,355
4789,355
26065,355
2117,355
24579,355
30492,355
3588,355
20418,355
14334,355
33483,355
23185,355
7615,355
29607,355
18631,355
6942,355
33110,355
18092,355
37721,355
23755,355
9097,355
17610,355
34456,355
30831,355
13738,355
37044,355
17232,355
6162,355
37629,355
15048,355
2536,355
30684,355
29329,355
15604,355
13403,355
25432,355
7370,355
10855,355
19516,355
37304,355
19089,355
35665,355
13852,355
37900,355
13808,355
4111,355
28731,355
21736,355
8350,355
28820,355
37516,355
21975,355
27293,355
9480,355
17516,355
29356,355
19134,355
18419,355
7221,355
2012,355
36605,355
11461,355
11461,355
37522,355
35963,355
2632,355
6896,355
18840,355
18840,355
18840,355
12706,355
34354,355
24222,355
18414,355
11461,355
36616,355
9719,355
27195,355
31368,355
30954,355
33618,355
23984,355
33498,355
7811,355
28106,355
24364,355
35771,421
15882,421
37041,421
34074,421
18910,421
16960,421
28792,421
8501,421
146,421
33922,421
37696,421
31518,421
37030,421
32143,421
24911,421
13341,421
7865,421
9972,421
37696,421
27590,421
3918,421
35953,421
20701,421
4614,421
6304,421
33299,421
32143,421
2105,421
36033,421
31768,421
30924,421
538,421
6304,421
7569,421
6573,421
3151,421
31799,421
9550,421
20621,421
29396,421
7739,421
13851,421
37617,421
37617,421
24762,421
28308,421
6304,421
37041,421
28799,421
25464,421
27875,421
7942,421
6304,421
6304,421
6228,421
38087,421
26554,421
6304,421
29845,421
30724,421
20810,421
4477,421
29607,421
36512,421
2664,421
26554,421
26554,421
3360,421
26554,421
1902,421
37900,421
37032,421
22354,421
25148,421
23221,421
31253,421
31253,421
35415,421
37673,421
10095,421
25806,421
6304,421
31253,421
24001,421
24117,421
11030,421
19418,421
1818,547
14745,547
306,547
16240,547
4503,547
25525,547
12207,547
17663,547
36683,547
9562,547
33276,547
33635,547
29550,547
37614,547
5744,547
32935,547
29260,547
31306,547
18364,547
10437,547
36775,547
35258,547
17706,547
11445,547
38391,547
26104,547
15503,547
21244,547
29710,547
3020,547
60,547
17542,547
15950,547
27448,547
11535,547
22625,547
22411,547
25243,547
32628,547
11919,547
10404,547
33202,547
36521,547
34512,547
25047,547
36769,547
1205,547
25471,547
33430,547
2344,547
30422,547
23448,547
32402,547
11908,547
6715,311
22624,311
11516,311
28155,311
18882,311
3679,311
25183,311
32222,311
24439,311
938,311
21307,311
25863,311
1788,311
5165,311
17187,311
11867,311
20690,311
8582,311
29998,311
16134,311
4346,311
2458,311
36148,311
34065,311
5276,311
14482,311
17646,311
16091,311
7321,311
17915,311
9887,311
32350,311
3659,311
329,504
36661,504
2709,504
15023,504
12684,504
13035,504
2834,480
11348,480
11651,480
3456,480
10538,480
31958,480
4822,480
16715,480
34897,480
9904,480
6647,480
29755,480
32034,480
19686,480
19159,480
21103,480
17382,480
9904,480
12895,480
12606,480
19159,480
2834,480
318,480
38038,480
22705,480
19686,480
6818,480
29755,480
22970,480
30528,480
35871,480
16317,480
29915,480
36588,480
18133,480
13918,480
6345,480
24255,480
16158,480
13382,480
583,480
29910,480
27616,480
11421,480
21191,480
21191,480
18330,480
18039,480
9158,480
26216,480
26868,480
17059,480
14406,480
34961,480
32930,733
26503,733
35373,733
35373,733
8356,733
14540,733
28257,733
26619,733
13913,733
30752,733
22632,733
6578,733
22632,733
32903,733
36779,733
36779,733
17191,733
25332,733
25332,733
17264,733
17264,733
38052,733
38052,733
28610,733
13924,733
2579,570
11716,570
21729,570
2461,570
38345,570
16216,570
2988,570
8660,570
1485,570
29869,570
24331,570
29545,570
3390,570
33640,570
1973,570
2040,570
31988,570
1456,570
4775,570
12860,570
33630,570
28906,570
12806,570
14194,570
1321,570
6759,570
4225,570
2925,570
8712,570
37752,570
14015,570
7222,570
20211,570
25152,570
20073,570
4317,570
12295,570
403,570
37706,570
8485,570
5246,570
18906,570
29414,570
13844,570
11014,570
3282,570
28340,570
18528,570
16868,570
13297,570
16595,570
24257,570
37899,570
33268,570
14141,570
18129,570
4375,570
29392,570
8262,570
10587,570
20235,570
10479,570
5892,570
2276,570
9312,570
3658,570
6956,570
32172,570
36181,570
15367,570
31260,570
35946,570
34200,570
35623,570
6725,570
35524,570
15497,570
16378,570
34763,570
9198,570
21801,570
25506,570
9651,570
35743,570
34597,570
5137,570
1638,570
35896,570
37685,570
2242,570
21497,570
14928,570
28586,570
19646,570
6612,570
24988,570
36521,570
3909,570
36159,570
25546,570
22998,570
32105,570
10193,570
25097,570
32375,570
12572,570
7249,570
23561,570
32467,570
21356,331
20106,331
21171,331
724,331
19906,331
9836,331
8182,331
36035,331
35291,331
7857,331
25808,331
15692,331
27382,331
109,331
16583,331
23619,331
35207,331
24487,331
12982,331
14431,331
13400,331
10362,331
37201,331
16982,331
27111,331
10278,331
31325,331
11900,331
4299,331
5719,331
27692,331
38264,331
12746,331
15462,331
4703,331
25909,331
34921,331
2556,331
20068,331
20646,331
2312,331
21514,331
5698,331
26930,331
23171,331
33303,331
2609,331
3143,331
4056,331
14631,331
21975,331
17675,331
37034,331
37727,331
10022,331
14313,331
9364,331
15219,331
5030,331
5467,331
29613,331
36984,331
26811,331
23690,331
7793,331
13084,331
6305,331
32069,331
38209,331
15556,331
3380,331
9065,331
10393,331
33283,331
27877,331
5106,331
34351,331
22866,331
21410,331
24487,331
29885,331
29885,331
34276,331
3009,331
17920,331
31224,331
32067,331
32074,331
34884,331
32216,331
12402,331
8145,331
22701,331
18988,331
24487,331
37926,331
36795,331
6238,331
1832,331
12024,331
21703,331
22911,331
32064,331
29896,331
22873,331
12320,331
22721,331
33235,331
31221,331
31218,331
32068,331
32072,331
32066,331
19478,331
13063,331
37395,331
33282,331
32065,331
20087,331
19246,331
24707,331
35876,331
32063,331
15765,331
25241,489
16579,489
34877,489
12682,489
21098,489
445,489
7253,489
627,489
21638,489
445,489
21638,489
7510,489
23186,489
21039,489
21638,489
21039,489
618,489
1038,489
7160,489
6231,489
28591,489
8298,489
7776,489
4811,489
13625,489
7160,489
16571,489
12624,489
627,489
27924,489
33807,489
217,489
9090,489
38229,489
11511,489
16384,489
10923,489
14251,489
446,489
18347,489
614,489
614,489
30321,489
30321,489
25061,489
21098,489
25061,489
546,489
25061,489
546,489
8427,489
14333,489
11521,489
13519,489
32762,489
12672,489
35714,489
2349,489
14091,489
12485,489
34218,489
14091,489
34218,489
2579,489
17776,489
24494,489
34513,489
31658,508
28223,508
2485,508
10965,508
37178,508
34841,508
22304,508
12705,508
38093,508
1675,508
16856,508
37852,508
15893,508
17380,508
26485,508
26349,508
14081,508
20217,508
4981,508
8514,508
5377,508
15576,508
18281,508
8256,508
30,508
32238,508
18005,508
13185,508
29470,508
13035,508
8148,508
36957,508
14006,508
4964,508
23127,508
38477,508
23184,508
25662,508
33940,508
3320,508
28665,508
34765,508
7261,508
19026,508
6933,508
16362,508
945,508
30294,508
719,508
10377,508
116,508
21828,508
20989,508
27921,508
36521,508
2998,508
22902,508
12033,508
15879,508
30946,508
12895,508
27925,508
12895,508
1025,508
23791,508
16155,508
21015,508
12349,508
10948,508
11860,508
20445,508
34201,508
29860,508
9063,82
26556,82
25907,82
26942,82
24415,346
35693,346
11014,346
8807,346
13697,346
20111,346
4092,346
24093,346
17330,346
6506,346
3114,346
7044,346
20033,346
21755,346
19920,346
36139,346
8096,346
15996,346
15729,346
16499,346
34188,346
22056,686
21119,686
34567,686
9731,686
5660,686
3932,686
14506,686
31156,686
23229,686
11871,686
8427,686
31860,686
193,686
26361,686
23193,686
7102,686
24642,686
18168,686
37903,686
27130,686
35480,686
34733,686
38310,686
27130,686
5285,686
9297,686
1365,686
19996,686
9249,686
24520,686
16458,686
38233,686
18368,686
30791,686
32198,686
34516,686
21738,686
36355,686
20214,686
35653,686
31246,686
6072,686
9714,686
33797,686
24784,675
29283,675
23278,675
2852,675
26731,675
36332,675
26731,675
6777,675
9599,675
29307,675
34093,675
23981,675
16171,675
7189,675
20560,675
35681,675
28740,675
2115,675
31183,675
2099,675
38021,675
2099,675
29283,675
36395,675
24078,675
25432,675
5698,675
5099,675
38223,675
2052,675
26554,675
16336,675
37392,675
29036,675
37566,675
24246,675
32489,675
35463,675
28311,675
24784,675
27517,675
32562,675
12555,675
34038,675
28142,675
27048,675
15562,675
24744,675
10502,675
4553,675
11030,675
6466,675
26072,675
28629,675
11332,675
23553,675
32562,675
30212,675
31014,675
30212,675
25934,675
24087,675
35502,675
33636,675
23867,675
32968,675
8479,675
3911,588
31502,588
5210,588
37522,588
6914,588
23538,588
6942,588
29811,588
11032,588
21154,588
8110,588
20152,588
38506,588
30941,588
34997,588
23858,588
37366,588
35329,588
7509,588
33172,588
2499,588
32912,588
24397,588
4351,588
20613,588
35560,588
3209,588
1195,588
6228,588
21048,588
22171,588
6708,588
28835,588
4074,588
9863,588
8765,588
16356,588
23825,588
29623,588
4684,588
8579,588
19955,588
4391,588
5677,588
9694,588
31061,588
22711,588
37516,588
6119,588
15604,588
32326,588
37696,588
3169,588
25330,588
23185,588
32940,588
35352,588
29381,588
38086,588
7811,588
34923,588
2999,588
22579,588
15434,588
31768,588
32230,588
23517,588
36669,588
23568,588
9237,588
12310,588
35983,588
2287,588
30847,588
37869,588
35008,588
37550,588
10668,588
28811,588
14725,588
30201,588
12146,452
26559,452
33286,452
22686,452
36036,452
23387,452
36861,452
8556,452
3993,452
36706,452
652,452
23216,452
9001,452
23260,452
4847,452
28243,452
24626,452
12288,452
5635,452
16783,452
15302,452
6286,452
12456,452
1377,452
29198,452
29676,452
5884,452
8036,452
15731,452
13167,452
11179,452
5400,46
1256,46
13062,46
19817,46
20840,46
28330,46
6602,46
1802,46
911,46
3222,46
3222,46
28338,46
7611,46
16934,46
30630,46
31915,46
27183,46
6760,46
3781,46
20372,46
22134,46
7972,46
2887,46
25584,46
10867,46
3168,46
26271,46
11197,46
4468,46
2265,46
24347,46
12462,46
3012,46
20261,46
28532,46
12462,46
20261,46
27953,46
9823,46
35534,382
35534,382
19168,382
29378,382
25789,382
34951,382
26732,382
29378,382
8834,382
8952,382
14650,382
26234,382
22100,382
37950,382
16525,382
1605,382
1359,382
18013,382
1941,382
31455,382
22143,382
26323,382
35870,382
33467,382
15359,382
19845,382
23239,382
6656,382
27043,382
33213,382
36823,382
35004,382
25190,382
23046,382
37487,382
32369,382
21984,382
19168,382
5779,382
13122,382
29512,382
3544,382
1345,382
3499,382
14089,382
14904,382
10204,382
24768,382
20664,382
3709,382
29813,382
7682,382
37710,382
11742,382
5465,382
7682,382
18282,382
27973,382
1532,382
15705,382
6716,382
19060,382
11797,382
6894,382
18593,382
21041,382
13069,382
10504,382
343,382
26117,382
12548,382
25442,382
17175,382
11049,382
28636,382
16267,382
2650,382
22692,382
14197,382
6894,382
38300,382
15639,382
33093,382
11645,382
30808,382
6541,382
3951,382
19979,382
23273,382
14841,382
29560,382
3870,382
22674,382
34007,382
17116,382
26749,382
16336,382
28562,382
9805,382
18569,382
30533,382
7764,382
13235,382
1244,382
13451,382
27805,382
35462,382
9545,382
19174,382
28365,382
24206,382
12973,382
37011,382
37268,382
31851,382
35780,382
24508,382
25714,382
20209,382
7940,382
37216,382
12548,382
17175,382
13761,382
26956,382
4192,382
35604,382
36884,382
25583,382
37692,382
34071,382
37758,382
35718,382
32801,382
12968,382
9755,382
3541,382
3524,382
32896,382
7772,382
32296,382
39539,382
22603,382
36613,382
5349,382
25244,382
31410,382
660,382
17030,382
1572,382
36921,382
3192,382
13633,382
37215,382
4392,382
28104,382
11429,382
29661,382
19779,382
13372,382
3524,382
2122,382
9833,382
35310,382
25655,382
10198,382
33434,382
25655,382
29051,382
29043,382
2566,382
27704,382
31092,382
16299,382
37932,382
38433,382
2122,382
9292,382
26985,382
16389,382
15974,382
16389,382
9292,382
28209,382
38433,382
28799,382
27953,382
31142,382
9503,382
32766,382
35674,382
37740,382
19939,382
12890,382
22959,382
7739,382
34859,382
8079,382
15974,382
27897,382
31815,382
17990,382
25872,382
36910,382
30252,382
32962,382
33213,382
35534,382
4688,382
19012,382
16844,382
3003,382
27209,382
9359,382
13709,382
37266,382
22018,382
33080,382
26554,382
22452,382
19664,382
7076,382
18235,382
34998,382
31518,382
31476,382
30107,382
31890,382
16358,382
7846,382
23640,382
4831,382
30107,382
32467,382
3431,382
29174,382
37366,382
28099,382
34285,382
31647,382
15332,382
29364,382
29364,382
25335,382
7970,382
19328,382
10765,382
4827,382
36071,382
36731,382
36731,382
31394,382
15610,382
14098,382
6374,382
23352,382
35567,382
38337,382
8393,382
31579,382
7627,382
5059,382
27504,382
21107,382
25793,382
2774,382
12154,382
37300,382
22516,382
36025,382
28051,382
20088,382
35139,382
35139,382
11887,382
35966,382
3169,382
16767,382
7970,382
19328,382
10688,382
3321,382
26195,382
28102,382
5597,382
10467,382
33213,382
32208,382
6070,382
10549,382
10855,382
33220,382
1002,382
30941,382
1002,382
20244,382
30941,382
20244,382
28731,382
10922,382
31827,382
12240,382
8390,382
6676,382
29082,382
36331,382
36506,382
7335,382
33649,382
14050,382
11204,382
28498,15
6392,15
28935,15
2771,15
21230,15
27711,15
25815,15
19290,15
2232,15
27307,15
14497,15
2172,15
5567,15
28204,15
1330,15
21701,15
24662,15
12327,15
11835,15
4254,15
5707,15
21230,15
2644,15
28026,15
2625,15
6027,15
22387,15
2696,15
14801,15
24174,15
2579,15
6459,15
2050,15
606,15
29294,15
26428,15
25280,15
29164,15
25043,15
28054,15
29164,15
5487,15
27790,15
31193,15
31151,15
26601,15
13481,15
6352,15
29656,15
32392,15
1611,15
5075,15
2536,15
28069,15
8926,15
4526,15
27649,15
19830,15
9954,15
19830,15
30953,15
24618,15
7935,15
6167,15
28069,15
28069,15
7935,15
10128,15
14182,15
18543,15
11267,15
11471,15
26818,15
8977,15
27059,15
17071,15
4679,15
4679,15
22684,15
6123,15
7869,15
23001,67
16328,67
11992,67
9161,67
17143,67
6434,67
32007,67
4905,67
8135,67
10411,67
32124,67
29680,67
15660,67
19306,67
20153,67
12805,67
22527,67
4422,67
12342,67
11773,67
19182,67
28549,67
29583,67
17223,67
13841,67
10689,67
21460,67
29466,67
18665,67
19162,67
19997,67
13899,67
27553,67
14901,67
2634,711
24176,711
21329,711
6939,711
30445,711
22576,711
3307,711
4197,711
35332,711
36048,711
13222,711
23308,711
37209,711
5159,711
34816,711
8467,711
29884,711
20048,711
17413,711
11789,711
27017,711
21483,711
25052,711
33118,711
2912,711
19039,711
19385,711
8173,711
33169,711
33169,711
35094,711
11669,711
16435,711
26686,711
18829,711
2791,711
14848,711
12355,711
23975,711
21277,711
27358,711
23993,711
16059,711
10078,711
7785,711
22624,711
16737,711
5734,711
36521,711
13430,711
1040,711
12934,711
19588,711
25787,711
18032,711
5988,711
5589,711
31004,711
27418,711
20296,711
19118,711
20296,711
19118,711
4636,711
36173,711
24685,711
33274,601
14186,601
9969,601
24947,601
31107,601
23934,601
13754,601
15367,601
29802,601
16945,601
11781,601
34556,601
4693,601
12870,601
30386,601
24200,601
3657,601
29146,601
26447,601
21535,601
12494,601
16954,601
32880,601
12304,601
15862,601
7062,601
6464,601
5326,601
29146,601
12144,601
32913,601
29802,601
12857,601
29956,601
30159,601
30294,601
22741,601
28346,601
22259,601
38293,601
2336,601
30729,601
37749,601
20616,601
30760,601
25876,601
27846,601
19426,601
26412,601
12230,601
21566,601
20391,601
34456,601
29445,601
22994,601
17820,601
1422,601
27274,601
30045,601
34822,601
9661,601
9493,601
28725,601
6968,601
8076,601
27295,601
22329,601
7007,601
29964,601
13995,601
37882,601
28208,601
23465,601
26292,601
22465,601
5364,601
16130,601
21395,252
13882,252
34648,252
4508,252
34722,252
3020,252
1672,252
21876,252
6755,252
26544,252
1207,252
16493,252
37009,252
5861,252
27914,252
20242,252
19804,252
22883,252
13206,252
19644,252
6116,252
16952,252
12773,252
28257,252
22129,252
21287,252
1089,252
12124,252
29237,252
36970,252
28196,252
1840,252
5805,252
11731,252
19267,252
15050,252
15833,252
26715,252
5082,252
21156,252
16507,252
15891,252
5771,252
27065,252
32018,252
27964,252
23265,252
33968,252
3198,252
13688,252
12890,252
19718,252
34270,252
14757,252
16434,252
16774,252
14613,252
3346,252
24861,252
14959,252
28966,252
8394,252
28965,252
12981,252
5832,252
2333,252
10943,252
5369,252
4275,252
30456,252
23273,252
9787,252
16674,252
16537,252
4473,252
7694,252
28226,252
15767,252
13245,252
21491,252
6066,252
24630,252
19851,252
19722,252
7597,252
21345,252
31743,252
5623,252
1852,252
24260,252
20329,252
25277,252
10607,252
1836,563
122,563
32585,563
33067,563
26050,563
18245,563
9225,563
116,563
16869,563
11409,563
11171,563
17144,563
20325,563
29392,563
3007,563
4074,563
15587,563
13748,563
29117,563
4788,563
12954,563
20880,563
26693,563
8790,563
12602,563
29434,563
33469,563
6342,563
36029,563
7582,563
94,563
4402,563
38213,563
29739,563
25152,563
20503,563
1922,563
16982,563
22055,563
3810,563
22233,563
37567,563
4609,563
2954,563
11582,563
30795,563
3697,563
35038,563
3233,563
17338,563
37201,563
2904,563
18919,563
14286,563
30145,563
17419,563
7101,563
4982,563
15439,563
7409,563
23854,563
2151,563
29362,563
5992,563
18095,563
12713,563
32560,563
29311,563
6827,563
32295,563
22662,563
33062,563
38397,563
22129,563
36055,563
14809,563
9370,563
9003,563
9651,563
38146,563
22522,563
1999,563
3658,563
33332,563
1629,563
35541,563
38418,563
19955,563
27870,563
24588,563
9745,563
11530,563
4226,563
25618,563
9529,563
26325,563
7811,563
3495,563
5483,563
2416,563
16899,563
20055,563
20547,563
14580,563
6678,563
36290,563
8868,563
37023,563
4076,563
1137,563
34546,563
9243,563
25097,563
27850,563
429,563
24635,563
35062,563
32001,563
19520,563
4207,563
34941,563
22380,563
35060,563
31426,563
31426,563
12336,563
22380,563
30703,563
31742,563
14386,563
17005,563
6852,563
13677,563
14424,563
31782,766
15743,766
13825,766
26767,766
12715,766
30663,766
35593,766
30528,766
16104,766
25730,766
23209,766
27757,766
33945,766
2121,766
31760,766
8976,766
25026,766
38153,766
30943,766
37989,766
26065,766
36521,766
34272,766
33272,766
20630,766
13682,766
15305,766
21752,766
24830,766
32980,766
6429,766
15994,766
26928,766
4658,766
16002,766
12631,766
35821,766
27810,766
7664,766
10344,766
996,766
8232,766
31585,766
24418,766
37747,766
30663,766
13752,766
25256,766
7986,766
17819,766
17819,766
3189,766
25712,766
10265,766
11466,766
15479,766
15479,766
12797,766
16745,766
16392,766
3617,766
30814,766
33189,766
11585,766
16659,766
21005,766
26435,766
3586,766
30049,766
3586,766
30049,766
3077,766
10131,766
10131,766
29559,766
14318,766
24970,766
37563,766
26628,766
27793,682
1944,682
18602,682
1683,682
963,682
14982,682
2539,682
7398,682
19102,682
9121,682
27043,682
7791,682
28311,682
14452,682
31289,682
26023,682
38334,682
13759,682
20075,682
12833,682
38599,682
38599,682
33069,682
37831,682
3513,682
21823,682
8111,682
6389,682
7225,682
14237,682
9120,682
28952,682
37464,682
17132,682
6676,682
3207,682
28229,682
22391,682
4876,682
33784,682
6362,682
34894,682
38200,682
27793,682
32768,682
3513,682
38343,682
36025,682
29361,682
38683,682
17029,682
9328,682
14587,682
35115,682
37478,682
28527,682
7758,682
38438,682
12882,682
38438,682
2099,682
37556,682
37329,682
24057,682
20093,682
18344,682
805,682
21699,682
488,445
36782,445
24543,445
861,445
18398,445
4588,445
8842,445
14474,445
30918,445
12479,445
19367,445
24497,445
20016,445
11337,445
18818,445
8469,445
8431,445
17258,445
9706,445
5348,445
13568,445
4666,445
15643,445
6682,445
19670,445
24114,445
19342,445
13687,445
18595,445
34180,445
276,445
34318,445
3372,445
21348,445
23066,445
21531,445
19637,445
13881,445
21619,445
27625,445
29951,445
18248,445
20920,445
28765,445
35489,445
7241,445
14548,445
7740,445
19683,445
23511,445
3914,445
5036,445
12891,445
276,445
6048,445
8855,445
4266,445
9767,445
17668,445
14863,445
5572,445
5237,445
22580,445
35793,445
7002,445
20605,445
4698,445
24909,445
18105,445
19661,445
7315,445
18249,445
5731,445
32752,445
18243,445
24700,445
36494,445
6736,445
28151,445
1369,445
19608,445
33037,445
23611,445
19135,445
32752,445
3994,445
15713,445
13933,445
8774,445
17334,445
18176,445
30061,445
18393,445
6812,445
8426,445
21943,445
24909,445
21253,445
14731,445
5619,445
27489,445
6700,445
25534,445
27206,445
8198,445
1246,445
11803,445
6648,445
33704,445
30189,445
9262,445
20289,445
7643,445
16431,445
8554,445
8575,445
29966,445
27235,445
35745,445
14373,445
34199,445
24377,445
22393,445
7643,445
15988,445
21773,445
21193,445
37104,445
30380,445
26144,445
14843,445
36744,445
20594,445
1163,445
33871,445
3357,445
3112,445
9653,445
24615,445
21016,445
22013,445
9742,445
18987,445
30349,445
10605,445
30797,445
16428,445
30402,445
9697,445
35472,445
28415,445
18424,445
25885,445
8829,445
6334,445
12164,445
33379,445
21863,445
6476,445
28305,445
5077,445
38470,445
5561,445
30218,445
15584,445
21651,445
20890,445
11397,445
31104,445
32928,445
16123,445
33471,445
30568,445
23931,445
4580,445
24115,445
15609,445
28859,445
36428,445
36502,445
34262,445
21246,445
23037,445
34262,445
14656,445
29544,445
15723,445
21544,445
14655,445
34685,445
24538,445
24538,445
8645,445
29049,445
34554,445
23900,445
28852,445
34554,445
33269,445
38126,445
13358,445
7647,445
28858,445
20959,445
21828,445
20200,445
24823,445
11059,445
6522,445
29933,445
28150,445
29933,445
30821,445
21165,445
7937,445
21298,445
18048,445
27013,445
30380,445
12432,445
21558,445
20527,445
23515,445
20540,445
24831,445
2226,445
1227,445
8319,445
25282,445
25282,445
25282,445
37827,445
2008,445
7553,445
24862,445
34995,445
25921,445
15438,445
29052,445
24108,445
30162,445
37509,445
6131,445
12322,445
33848,445
8417,445
34748,445
31243,445
31448,445
38537,445
36625,445
28444,445
20502,445
14986,445
6247,445
29191,445
6247,445
33325,445
17150,445
10212,445
15152,445
23109,445
15152,445
12408,445
19403,445
31032,445
17606,445
13454,445
20015,445
36201,445
33105,445
28075,445
39939,445
29617,668
26387,668
26151,668
23858,668
17312,668
31629,668
36216,668
31873,668
17260,668
33881,668
10416,668
3677,668
1957,668
2826,668
1203,668
15248,668
23122,668
37669,668
32839,668
10223,668
28,668
11475,668
1474,668
35996,668
32315,668
8385,668
26669,668
7864,668
19336,668
8764,668
36026,668
7438,668
30225,668
38235,668
19528,668
197,668
8587,668
17410,668
3072,668
38222,668
28853,668
36861,668
561,668
27087,668
11748,668
14597,668
5233,668
3601,668
30336,668
13010,668
17854,668
34337,668
14860,668
19828,668
27422,668
28510,668
974,668
3798,668
15217,668
5280,668
34474,668
14577,668
8308,668
6853,668
12457,668
20124,668
7835,668
32096,668
26564,668
18443,668
28392,668
16247,668
8254,668
2541,668
34884,668
35689,668
37997,668
37968,668
9056,668
9056,668
13729,668
36921,668
12989,668
20915,668
15122,668
3410,668
26846,668
9562,668
34489,668
24509,668
36906,668
23698,668
9056,668
7683,668
33532,668
5779,668
4964,668
24,668
36521,668
9025,668
9705,668
8860,668
10452,668
12930,668
19723,668
12825,668
9775,668
13693,668
13315,668
20784,668
8079,668
19724,668
17113,668
12466,668
20117,668
5294,668
490,668
9494,668
3403,668
4995,668
14048,668
26732,668
21898,668
3014,668
33394,668
13449,668
38477,668
3293,668
21018,668
4268,668
37125,668
22087,668
15031,668
16314,668
36351,668
17465,668
29669,668
3223,668
2790,668
13186,668
38047,668
4783,668
11538,668
35672,668
10377,668
37975,668
7848,668
17240,668
6408,668
5544,668
14948,668
11531,668
30095,668
22740,668
11696,668
31830,668
11959,668
16055,668
21041,668
12290,668
11234,668
25016,668
34746,668
2464,668
38632,668
20288,668
24735,668
1629,668
3682,668
6192,668
1837,668
10747,668
38632,668
36160,668
17660,668
22352,668
5847,668
28739,668
23457,668
14759,668
11973,668
27299,668
11383,668
17055,668
28200,668
3146,668
33896,668
1264,668
27618,668
22855,668
34463,668
4722,668
17631,668
32022,668
15901,668
15520,668
1364,668
14020,668
6368,668
22129,668
24903,668
6368,668
20720,668
23403,668
17074,668
26283,668
9505,668
12083,668
28533,668
11163,668
9801,668
13471,668
4519,668
37810,668
30164,668
13878,668
31825,668
19155,668
28753,668
35231,668
30877,668
32457,668
12738,668
5055,668
21537,668
72,668
3164,668
5628,668
10031,668
58,668
20951,668
24616,668
9483,668
6465,668
29717,668
19504,668
35658,668
25996,668
21399,668
1472,668
8475,668
8359,668
7649,668
8021,668
21369,668
17278,668
25210,668
12337,668
29525,668
37341,668
10080,668
5360,668
25605,668
4564,668
3287,668
10061,668
11254,668
12559,668
36457,668
25168,668
32344,668
5757,668
30979,668
30958,668
22012,668
165,668
36398,486
36373,486
36573,486
36519,486
36296,486
36552,486
36520,486
36426,486
36360,486
33294,486
33429,486
36298,486
33221,486
29913,486
17227,336
28695,336
29288,336
36521,336
38158,336
26811,336
6749,336
1244,336
2725,336
8191,336
9535,336
29690,336
36995,336
503,336
17556,336
16587,336
3570,336
29374,336
1281,336
23281,336
26496,336
4829,336
5920,336
28686,336
503,336
27132,336
29273,336
27343,392
9080,392
9836,392
966,392
2515,392
11634,392
34004,392
17365,392
14156,392
9570,392
5192,392
8166,392
13660,392
16920,392
2295,392
26648,392
2510,392
3488,392
14572,392
684,392
16423,392
16423,392
11957,392
5904,392
19170,392
6760,392
19495,392
4390,392
22550,392
1341,392
28119,392
341,392
10776,392
36822,392
1341,392
21355,392
341,392
4545,392
33404,392
36396,392
4088,392
12872,392
5959,392
2100,392
2100,392
12431,392
349,392
21680,392
9380,392
19046,392
2552,392
9543,392
2552,392
360,760
360,760
31902,760
36703,760
22932,760
36521,760
36,760
7766,760
22932,760
8949,760
27869,760
27869,760
12471,760
18301,760
38385,760
18023,760
18301,760
10891,760
27418,760
15026,760
2813,760
10695,760
14791,760
8370,760
27240,760
35686,760
13351,760
1681,760
38062,760
34919,760
34919,760
32733,760
1825,760
1681,760
22624,760
38150,760
16330,760
867,760
4722,760
17127,760
1570,760
1570,760
23036,760
2948,760
20,760
2360,760
1139,760
2360,760
16033,760
1139,760
16033,760
16033,760
13351,760
2360,760
17127,760
20,760
12287,760
17127,760
12287,760
19644,760
4149,760
8969,120
27417,120
6707,120
4244,120
881,120
5642,120
18343,120
8295,120
1535,120
10411,120
25746,120
12027,120
5141,120
12636,120
5165,120
12183,120
13651,120
4701,120
14958,120
65,120
20151,120
4995,120
9751,120
25062,120
7452,120
32966,120
10310,120
19162,120
12811,120
28823,120
2407,120
11682,120
34803,120
21790,120
4396,120
1692,120
30353,120
6756,120
17174,120
19067,120
29611,120
30507,120
4329,120
10747,120
26303,120
6987,120
34609,120
26437,120
30260,120
33589,120
24530,120
221,388
155,388
7936,388
36258,388
23748,388
9328,388
13436,388
5660,388
21716,388
12297,388
1244,388
2305,388
2500,388
7630,388
1796,388
10632,388
1121,388
36521,388
22941,388
11051,388
12825,388
17167,388
27949,388
24404,388
19100,388
5078,388
15385,388
17199,388
240,388
643,388
23954,388
21318,388
37286,388
9398,388
2489,388
780,388
16035,388
4994,388
27212,388
5011,388
3597,388
23351,388
13160,388
9610,388
3373,388
16602,388
38172,388
29776,388
37758,388
207,388
4368,388
4470,388
13058,388
13746,388
20348,388
18697,388
34915,388
34939,388
1608,388
37535,388
33383,388
30967,388
31815,388
231,388
35410,388
17055,388
31939,388
11779,388
12955,388
35779,388
18159,388
21345,388
18778,388
11366,388
3533,388
25352,388
6198,388
35811,388
21593,388
34806,388
32963,388
28990,388
16210,388
29481,388
3132,388
34189,388
4833,388
13515,388
28403,388
35,388
23956,388
4173,388
155,388
35464,388
676,388
15641,388
10632,388
33491,388
33473,388
728,388
31571,142
23126,142
28733,142
18548,142
31824,142
27441,142
9532,142
30232,142
11087,142
6339,142
27979,142
33398,142
29684,142
32413,142
9091,142
34828,142
32314,142
5498,109
21029,109
12913,109
15857,109
5914,109
25652,109
13975,109
31665,109
14483,109
24419,109
13603,109
28438,109
20545,109
20060,109
28635,109
13927,109
34153,109
2166,64
16952,64
434,64
11495,64
16965,64
1353,64
3604,64
20259,64
1014,64
626,64
12837,64
23092,64
32356,64
17072,64
14544,64
4235,64
4567,64
2645,64
494,64
494,64
27949,64
13162,64
4235,64
4856,64
1167,64
3657,64
3604,64
1787,64
11411,64
21974,64
32162,64
20816,64
1368,64
19300,64
19981,64
16507,64
1337,64
12890,64
27422,64
5473,64
17859,64
6124,64
2511,64
7856,64
2474,64
13892,64
11535,64
16774,64
3199,64
11742,64
3684,64
12462,64
22847,64
27964,64
4508,64
4090,64
25263,64
29917,64
28226,64
8551,64
20133,64
20071,64
20219,64
27183,64
13315,64
6151,64
18234,64
3997,64
32766,64
29019,64
13062,64
8361,64
12474,64
4327,461
12158,461
7216,461
3440,461
31983,461
23948,461
22277,461
10843,461
2897,461
12446,461
30515,461
36591,461
36591,461
27767,461
30755,461
30755,461
28830,461
28830,461
31019,461
4135,461
11730,461
12158,461
1699,461
33142,461
21666,461
38023,461
36944,737
18684,737
13078,737
7582,737
14416,737
32518,737
22862,737
33434,737
32862,737
33628,737
16693,737
28112,737
30985,737
27133,737
6574,737
37710,737
18684,737
14275,737
35965,737
14659,737
38549,737
34628,737
11827,737
11922,737
11376,737
29419,737
28845,737
32093,737
37507,737
30525,737
36071,737
35872,737
1058,737
35577,737
37714,737
37714,737
12736,737
37714,737
22391,737
19064,737
34302,737
7676,737
16826,737
36217,737
8545,737
27316,737
36921,737
38461,737
36189,737
7602,737
7772,737
20680,737
31705,737
26487,737
37468,737
31574,737
35113,737
20420,737
3025,737
28089,737
36358,737
33792,737
10719,737
20093,737
7288,737
29043,737
7628,737
3258,737
28311,737
36605,737
37199,737
20259,194
22979,194
36353,194
22657,194
1934,194
1773,194
11932,194
1186,194
11171,194
27111,194
15229,194
8016,194
30327,194
7562,194
10151,194
8388,194
27721,194
7226,194
580,194
9832,194
21646,194
36274,194
3085,194
31527,194
14294,194
32677,194
1163,194
14641,194
24895,194
29235,194
19952,194
30159,194
26591,194
28847,194
34967,194
378,194
17805,194
8834,194
4256,236
11574,236
37112,236
10470,236
14690,236
8788,236
5389,236
9891,236
35063,236
11016,236
37864,236
20587,236
30453,236
25778,236
14947,236
18788,236
11362,236
807,236
6986,236
29944,236
4566,236
4232,236
16508,236
6755,236
34095,236
807,236
22936,236
4337,236
2174,236
14391,236
11152,236
8117,236
33692,236
376,236
17826,236
19078,236
25469,236
13809,236
18749,236
13172,236
14629,236
26645,236
22784,236
21297,236
14219,236
7052,236
3398,236
9752,236
26522,236
7090,236
11623,236
14391,236
10685,236
14025,236
13184,236
4087,236
16549,236
2796,236
31986,236
19542,236
12641,236
37729,236
3067,236
12428,236
8415,236
1609,236
28580,236
5765,236
28196,236
11123,236
21281,236
11455,236
6442,236
37854,236
16853,236
15279,236
4133,236
37741,236
6655,236
16572,236
33593,236
34648,236
8383,236
20601,236
21695,236
6451,236
25276,236
5307,236
14652,236
4518,236
8815,236
14844,236
14327,236
36821,236
8716,236
35690,236
11199,236
13611,236
11500,236
7091,236
1633,236
9228,236
13466,236
22545,236
17194,236
36771,236
37638,236
24603,236
29203,236
7596,236
26734,236
25017,236
26864,236
9313,236
552,279
20367,279
16339,279
24235,279
4076,279
7233,279
31295,279
26932,279
27567,279
2291,279
4119,279
18811,279
3292,279
30840,279
33079,279
18889,279
8180,279
34163,279
24885,279
8632,279
37374,279
37639,279
17933,279
18028,279
6566,279
20542,279
17012,279
13994,279
28129,279
10292,279
35952,279
9,279
30192,279
1607,279
5131,279
9734,279
20203,279
24473,279
29267,279
10085,279
36560,279
970,279
36603,279
3728,279
5485,279
12222,279
27546,279
20120,279
28948,279
15121,279
3923,279
1881,279
20984,279
28948,279
27949,279
958,279
23947,279
10083,279
7686,279
16476,279
675,279
37789,279
37639,279
7203,279
3898,279
36998,279
20698,279
4469,279
16633,279
28687,279
35679,279
21946,279
5569,279
4859,279
2325,279
28423,279
9172,279
1581,279
34325,279
10086,279
15118,279
31852,279
30840,279
13569,279
21491,279
37020,279
984,279
13756,279
13482,279
8122,279
34144,279
17114,279
12300,279
5952,279
14856,279
30025,692
7004,692
8653,692
29896,692
19418,692
25718,692
27899,692
23508,692
30526,692
15838,692
10646,692
11693,692
7972,692
28103,692
13200,692
15589,692
17063,692
437,692
20901,692
35833,692
18253,692
8948,692
24386,692
3171,692
35983,692
20564,692
15909,692
7584,692
12318,692
37923,692
11189,692
36025,692
6250,692
3610,692
37201,692
22364,692
406,692
14367,692
2606,692
38182,692
12433,692
6360,692
15952,692
37034,692
580,692
24471,692
11169,692
36885,692
14189,692
11639,692
19744,692
7481,692
38658,692
27131,692
10815,692
38548,692
35636,692
18443,692
28017,692
8410,692
16949,692
14416,692
32479,692
6920,692
28497,692
7811,692
36022,692
23485,105
29110,105
34797,105
19276,105
9905,105
25579,105
12076,105
12257,105
20886,105
21359,105
23876,105
19027,105
19322,105
24521,105
12480,105
16044,105
20689,105
12770,105
22870,105
26850,105
21167,105
33380,105
24150,105
33380,105
19167,105
29100,105
8440,105
22497,105
5416,105
22532,105
6984,105
30001,105
21118,105
30139,105
6128,105
9350,105
18363,105
20070,105
27436,105
20406,105
19651,105
18209,105
14758,105
31523,105
32937,105
12603,105
18983,105
16316,105
27136,105
9555,105
24902,105
12931,105
29684,105
34183,105
22416,105
28489,105
23705,105
25912,105
28623,105
11302,105
31774,105
13552,105
25156,105
12584,105
31671,105
13708,105
22126,105
11572,105
11866,105
24103,105
12006,105
12460,105
31905,105
26922,105
22929,105
16760,105
20882,105
34801,105
16297,105
26954,105
31135,105
4905,105
12540,105
34229,105
19248,105
10968,105
34229,105
6332,105
7574,105
28100,105
25498,105
25496,105
34013,105
5323,105
16675,105
12988,105
24467,105
22627,105
20883,105
13019,105
29905,105
28772,105
28212,105
11448,105
35917,767
2709,767
28850,767
27073,767
34352,767
13327,767
629,767
4925,767
13222,767
10079,767
318,767
36521,767
16856,767
638,767
30791,767
22576,767
6429,767
6349,767
33118,767
34191,767
4128,767
29995,767
16362,767
30256,767
3156,767
32168,767
28754,767
31932,767
32047,767
20048,767
2890,767
12445,767
9911,767
11669,767
14996,767
10590,767
16330,767
24856,767
15029,767
31337,767
6180,767
35242,767
22624,767
19039,767
22788,767
3773,767
13023,767
22604,767
308,767
1772,767
34493,767
23423,767
10808,767
15714,767
28447,767
2650,767
5433,767
1297,767
2401,767
22868,767
20234,767
4121,767
1034,286
4102,286
26276,286
12010,286
37988,286
1397,286
24023,286
10408,286
3251,286
20367,286
2466,286
1343,286
5680,286
1034,286
32908,286
11646,286
13994,286
17860,286
33503,286
35126,286
29941,286
20698,286
5861,286
9452,286
35663,286
20274,286
18476,286
28543,286
31910,286
8745,286
35371,286
11539,286
8981,286
7383,286
19751,286
2085,286
31624,286
33367,286
12604,286
34201,286
37383,286
37171,286
37350,286
25276,286
37125,286
8180,286
37115,286
36515,286
27775,286
8270,286
14174,286
4150,286
10396,286
30332,286
24417,286
972,286
4669,286
24693,286
35038,286
21503,286
5146,286
6840,286
9349,286
18583,286
3301,286
2438,286
27065,286
9022,286
18123,286
19322,286
15664,286
26862,286
36214,286
5237,286
20917,286
16473,286
3453,286
7536,286
35344,286
33310,286
37442,286
32419,286
6320,286
10928,286
20301,286
36627,286
8760,286
29784,286
17741,286
11760,286
19456,286
2590,286
17956,286
14946,286
20079,286
6375,286
12113,286
11487,286
11855,286
1333,286
5183,286
16672,286
4919,286
14027,286
26520,286
4593,286
7274,286
2653,286
14792,286
35722,286
16339,286
4892,286
4780,286
20133,286
20676,286
37897,286
8710,286
10292,286
2310,286
18204,286
27548,286
27422,286
9100,286
18197,286
27973,286
30343,286
15891,286
8973,286
4309,286
9258,286
14934,286
3671,286
3741,286
12385,286
10810,286
22530,286
20355,286
13958,286
21011,286
27227,286
24071,286
21794,286
35979,286
5520,286
10386,286
34984,286
31915,286
21109,286
27116,286
33971,286
16394,286
26819,286
27566,286
35620,286
11071,286
32920,286
14317,286
37020,286
5742,286
28365,286
1168,286
5758,286
13569,286
15513,286
1120,286
10439,286
15361,286
24136,286
25756,286
8614,286
3746,286
8881,286
16433,286
5980,286
5687,286
37022,286
16235,286
1105,286
37681,286
19076,286
13022,286
19278,286
9037,286
4122,286
6023,286
9037,286
22623,286
34785,286
9037,286
9037,286
6023,286
9037,286
18817,286
18817,286
6023,286
28936,286
34785,286
35803,286
28936,286
34785,286
1434,286
34785,286
34785,286
28936,286
6023,286
28936,286
28936,286
1434,286
9037,286
28936,286
28936,286
37911,286
6023,286
37911,286
1434,286
37911,286
6023,286
1434,286
1434,286
34785,286
9277,286
28936,286
6023,286
9277,286
37911,286
5520,286
6023,286
5520,286
28936,286
5520,286
34785,286
5520,286
3256,335
4579,335
8969,335
12836,335
2255,335
3945,335
6389,335
3286,335
929,335
17412,335
19156,335
10910,335
12717,335
1323,335
31670,335
31670,335
20062,335
3200,335
13346,335
29502,335
15484,335
6922,335
15755,335
30670,335
28902,335
24853,335
29657,335
26365,335
15164,335
1898,335
33780,335
9854,335
25808,335
17199,335
12936,335
977,335
4994,335
38158,335
17227,335
23978,335
21053,335
4321,335
13186,335
7909,335
37308,335
7197,335
32345,335
60,335
33642,335
27212,335
1923,335
30911,335
3001,335
13942,335
17029,335
35664,335
26722,335
29692,335
8191,335
13148,335
9673,335
29627,335
7885,335
36521,335
14088,335
22999,335
21523,335
3011,335
4038,335
13319,335
25398,335
32572,335
7293,335
1182,335
16832,335
2646,335
3090,335
10268,335
33597,335
16739,335
14215,335
37374,335
4913,335
21245,335
16402,335
9859,335
3802,335
10999,335
10547,335
37910,335
20511,335
22421,335
6622,335
30508,335
37617,335
1057,335
30529,335
6374,335
25427,335
3466,335
23077,335
15900,335
6605,335
5864,335
19415,335
27073,335
27645,335
7396,335
32104,335
36331,335
3458,335
32708,335
6154,335
11523,335
29403,335
13734,335
27974,335
13989,335
25263,335
22550,335
24842,335
23994,335
19058,335
35597,335
3225,335
3511,335
10810,335
29690,335
25155,335
37950,335
25475,335
7869,335
30369,335
15877,335
4716,335
28282,335
18819,335
16298,335
37641,335
27897,335
24381,335
11877,335
13278,335
23786,335
2176,335
18102,335
37582,335
22482,335
36160,335
23696,335
30454,335
35890,335
19551,335
24158,335
22360,335
13504,335
37058,335
25606,335
14238,335
5465,335
6384,335
29159,335
25537,335
12399,335
3901,335
19985,335
6672,335
16959,335
16959,335
8817,335
20377,335
20377,335
13138,335
23281,335
24780,335
12064,335
2164,335
17282,335
17289,335
32807,335
25981,335
14900,335
805,335
16186,335
34274,335
12392,335
17097,335
23996,335
22624,335
19664,335
28796,335
28353,335
19621,335
31289,335
3571,335
3630,335
32502,335
9621,335
34957,335
4598,335
37514,335
37274,335
30551,335
5654,335
32286,335
35436,335
37734,335
13368,335
37734,335
6548,335
4956,335
35114,335
36331,335
4911,335
16094,335
25126,335
1298,335
35468,335
29606,335
23943,335
25806,335
6638,335
22380,335
13554,335
20287,335
10580,335
30518,335
23800,335
22870,335
15454,335
10999,335
27539,335
27539,335
27539,335
36331,335
33711,335
4503,335
17595,335
37908,335
10580,335
4691,335
27974,335
35392,335
35708,335
12285,335
1948,335
31017,335
27511,335
32602,300
34050,300
33667,300
33072,300
25139,300
21963,300
33667,300
27356,300
25139,300
27236,300
34050,300
34050,300
34375,300
31960,300
27236,300
36199,300
28077,300
21766,300
18180,524
27333,524
36166,524
26059,524
23085,524
26021,524
26021,524
25817,524
31335,248
13805,248
37681,248
20368,248
15425,248
6504,248
37694,248
20860,248
17118,248
27232,248
10083,248
21160,248
25266,248
5679,248
23218,248
36245,248
32340,248
425,248
14825,248
30446,248
37864,248
11352,248
8998,248
18326,248
4868,248
12401,248
1343,248
28310,248
22757,248
33435,248
7013,248
19278,248
12388,248
2504,248
18503,248
35642,248
21331,248
5891,248
9022,248
4707,248
12915,248
16711,248
7063,248
37850,248
16249,248
12285,248
30504,248
16889,248
35108,248
18649,248
35063,248
25755,248
25548,248
33131,248
86,248
18953,248
3453,248
673,248
8402,248
1824,248
2829,248
18450,248
21331,248
14581,248
21331,248
6927,248
9722,248
15844,248
2126,248
14839,248
21076,248
675,248
5506,248
25951,248
10321,248
33513,248
593,248
23904,248
11906,248
8809,248
36272,248
3164,31
33071,31
4494,31
28065,31
6842,31
22506,31
4170,31
16199,31
5745,31
13284,31
3366,31
1470,31
17170,31
29831,31
23939,31
13644,31
21143,31
29878,31
5513,31
1558,31
28318,31
22093,31
28062,31
32344,31
7515,31
30385,31
31347,31
7435,31
31203,31
9974,31
22975,31
1911,31
12358,31
2623,31
16836,31
31438,31
26989,31
5584,31
12797,31
11957,31
30357,31
31830,31
4506,31
10978,31
26907,31
17048,31
30979,31
1675,31
13185,31
29884,31
18576,31
1596,31
17919,31
4028,31
27796,326
10923,326
17269,326
22064,326
732,326
33872,326
6448,326
34450,326
34778,326
23229,326
33794,326
7262,326
25426,326
33682,326
25426,326
33682,326
37190,326
18163,167
34529,167
4883,188
29084,188
2311,188
31762,188
17306,188
19715,188
2002,188
9268,188
15497,188
7269,188
17954,188
13053,188
23216,188
36163,188
23260,188
23025,188
1270,188
25004,188
13285,188
8222,188
10530,188
33060,188
30546,188
3407,188
9392,188
10618,188
29460,188
22617,188
6529,188
18883,188
17591,188
28892,188
33119,188
21355,188
31721,188
8778,188
35010,188
22832,188
18392,188
2994,188
37150,188
33100,188
13401,188
35912,188
6844,188
10418,188
3858,188
1104,188
12924,188
14645,188
6795,188
6718,188
35252,188
13449,188
30414,188
24338,188
24061,188
17498,188
21688,188
20619,188
6919,188
1270,188
18324,188
13426,188
26878,188
1933,188
13931,188
36939,345
22072,345
4998,345
32189,345
7995,345
3055,345
7913,345
16675,345
20357,345
31767,345
33251,345
22678,345
13082,345
6460,345
16791,345
16301,345
18665,345
25497,345
14056,345
36139,345
3537,345
8096,345
21711,345
10412,345
16560,345
13121,345
6571,345
20424,345
19666,345
17847,345
17565,345
11052,345
7064,345
5614,345
27097,345
11727,345
25524,345
8006,345
26946,345
22334,345
3038,345
26133,345
22618,345
11243,345
4112,345
23153,345
16060,345
18225,345
13444,345
6824,345
9166,345
7701,345
30383,345
19134,345
14681,345
16798,345
11580,345
13894,345
30554,345
11727,345
30554,345
10333,345
24790,345
33153,411
11028,411
35215,411
56,411
10029,411
30280,411
33286,411
4832,411
33235,411
3660,411
10263,411
9008,411
36706,411
23216,411
23260,411
22832,411
13401,411
33874,411
29636,411
30546,411
11216,411
7560,411
8946,411
7516,411
6919,411
35215,411
20597,411
36203,411
17499,411
35964,411
27111,13
3899,13
13967,13
20744,13
11281,13
21727,13
8449,13
6437,13
6663,13
24807,13
31188,13
30665,13
17031,13
18339,13
22877,13
14759,13
21737,13
10655,13
20931,13
23177,13
21370,13
26652,13
24691,13
29109,13
15295,13
19288,13
10767,13
11982,13
32107,13
9573,13
29107,13
4642,13
28865,13
27728,13
17030,13
20810,13
19815,13
25284,13
12023,13
2866,13
7902,13
31460,13
31460,13
30715,779
15804,779
29879,779
38014,779
984,779
4089,779
38187,779
4639,779
8941,779
1895,779
20009,779
7685,779
32693,779
13894,779
2374,779
8632,779
3398,779
3917,779
1497,779
25491,779
37740,779
18604,779
21447,779
31940,779
33,779
13797,779
11903,779
2065,779
22765,779
12228,779
5078,779
14375,779
24552,779
36848,779
5816,779
7079,779
7079,779
20136,779
17020,779
32520,779
31201,779
11249,779
496,779
16618,779
30626,779
22262,779
20479,779
22468,779
33,779
4366,779
4366,779
8152,779
19698,779
36242,779
5403,779
5308,779
10191,779
16607,779
11310,779
19908,779
29902,779
5476,779
32650,779
19881,779
7061,779
24593,779
33452,779
6083,555
30328,555
5697,555
36265,555
13616,555
36240,555
31770,555
21198,555
26535,555
37042,555
35263,555
22180,555
3116,555
14302,555
21112,555
25900,555
25575,555
28883,555
6929,555
19007,555
16540,555
28778,555
21791,555
6313,555
19037,555
4159,555
4295,555
2104,555
26661,555
1165,555
1184,555
3998,555
830,555
10052,555
17778,555
18031,555
23784,555
10144,555
28710,555
19756,555
31405,555
24361,555
28276,555
610,555
34578,555
17706,555
18494,555
35747,555
35961,555
35637,555
15871,555
29001,555
21430,555
17968,555
14785,555
38421,555
26956,555
30243,555
33486,555
28501,555
31314,555
35421,555
36218,555
33863,555
37257,555
20007,555
24602,555
26377,555
9915,555
29918,555
28140,555
28738,555
37265,555
24028,555
707,555
18025,555
13684,555
17684,555
16595,555
31427,555
6078,555
38069,555
22036,555
31985,555
35743,555
14661,555
30593,555
24608,555
17957,555
2293,555
88,555
22011,555
25845,555
20361,555
1790,555
38345,555
35066,555
31381,555
16107,555
15724,555
27137,555
35799,555
26032,555
16227,555
16227,555
1318,555
15044,555
22752,555
3518,555
36824,555
24992,555
23625,555
11014,555
25769,555
26508,555
11380,555
14595,555
32282,555
5892,555
4714,555
1013,555
23790,555
4019,555
19115,555
4010,555
36785,555
8262,555
8337,555
11144,555
36181,555
26278,555
32402,555
19552,555
26244,555
403,555
25748,555
20235,555
6028,555
24200,555
3525,555
4334,555
32687,555
35481,555
10193,555
10723,555
30081,555
10115,555
17761,555
15948,555
19867,555
12746,555
27855,555
6948,555
20537,555
3282,555
21634,555
18822,555
23694,555
31995,555
5431,555
11544,555
25171,555
28883,555
7210,555
16513,555
24801,555
35733,555
33285,555
9749,555
30901,555
27801,555
38382,555
26924,555
20465,555
12022,555
22130,555
31470,555
27923,555
22597,555
13838,555
31759,555
24349,555
8991,555
6400,555
36000,555
20711,555
32090,555
10308,555
22792,555
25618,555
28477,555
22998,555
37253,555
31442,555
22447,555
30616,555
30177,555
27316,555
13944,555
5683,555
27466,555
23796,555
4271,555
32375,555
36356,555
14580,555
22622,555
23431,555
27543,555
33218,555
35467,555
33057,555
37766,555
3529,555
28381,555
26945,555
12572,555
21116,555
12171,555
13244,555
8544,555
26961,555
24079,555
13797,555
35234,555
24703,555
35282,555
37464,555
21733,555
6846,555
25747,555
22359,555
31679,555
29628,555
17977,555
37568,555
11354,555
11194,555
7249,555
27863,301
3408,301
35382,301
12783,301
16190,301
27392,301
13879,301
31348,301
6222,301
456,301
31348,301
29159,301
22016,301
16417,301
3362,301
7322,301
8791,301
3447,301
11964,301
27934,301
34637,301
7139,301
31803,301
32906,301
458,301
15131,301
1785,301
14905,301
29819,301
18211,301
13060,301
28177,301
9453,301
3428,301
14992,301
32650,301
23120,301
678,301
1011,301
6022,301
23579,301
30655,301
13574,301
2407,301
4893,301
22519,301
21136,301
23687,301
12663,301
4893,301
8927,301
22624,301
8543,301
36803,301
18072,301
31443,301
22736,301
17707,301
22736,301
14179,301
23403,301
15719,301
846,301
16131,301
27372,301
28400,301
26222,301
2005,301
21885,301
17988,301
1895,301
28842,301
6472,301
20499,301
4237,301
9498,301
27267,301
33277,301
3353,301
3923,301
12721,301
35867,301
2322,301
37476,301
35885,301
24666,301
24666,301
12616,301
32931,301
25852,301
25852,301
27976,301
32931,301
16329,301
33450,301
16329,301
21885,301
13826,301
26716,301
28105,301
16200,301
36294,301
36294,301
11629,301
22282,301
17775,301
19973,301
15171,301
988,314
7402,314
19,314
12781,314
19861,314
15565,314
3948,314
2822,314
9201,314
6065,314
18073,314
30315,314
3766,314
8976,314
1711,314
12221,314
19576,314
33612,314
11553,314
25203,314
27329,314
31503,314
30222,314
7561,314
25040,314
6746,314
11067,314
9154,314
13384,314
10414,314
11624,314
5071,314
4331,314
31167,314
10630,314
4618,314
10520,314
11215,314
2679,314
36640,314
854,314
24841,314
5378,314
20278,314
36587,314
16142,314
16939,314
26151,314
23314,314
3,314
3499,314
6034,314
25876,314
5977,314
33652,314
8309,314
35492,314
12288,314
22600,314
30442,314
13281,314
26939,314
19507,314
31816,314
29047,314
35754,314
3119,314
12858,314
21143,314
26247,314
34598,314
25153,314
31807,314
18547,314
18547,314
17717,314
26131,314
37764,314
21356,637
18401,637
3009,637
3064,637
16294,637
6957,637
26154,637
2598,637
2163,637
25900,637
9345,637
14155,637
6065,637
15367,637
31143,637
12566,637
38121,637
19736,637
7118,637
16982,637
2127,637
1753,637
36446,637
154,637
25862,637
27382,637
3496,637
12002,637
2747,637
299,637
1208,637
31189,637
28606,637
13966,637
2910,637
14183,637
24495,637
24672,637
32365,637
28869,637
15604,637
17792,637
34320,637
35291,637
19478,637
12698,637
22013,637
22025,637
11475,637
37034,637
15912,637
10303,637
22866,637
12736,637
31218,637
5606,637
10570,637
958,637
14631,637
32073,637
6014,637
22190,637
14429,637
3202,637
3581,637
28725,637
31325,637
2129,637
38418,637
33281,637
5030,637
14993,637
31224,637
24986,637
22721,637
22873,637
333,637
14101,637
33855,637
16130,637
32222,637
32064,637
31227,637
16461,637
32072,637
31221,637
35743,637
13084,637
32066,637
32067,637
29613,637
31222,637
34132,637
33287,637
29612,637
32063,637
37395,637
33090,637
25641,637
31183,637
18443,637
35882,637
32192,637
17738,695
27778,695
9465,695
13928,695
24023,695
19393,695
27994,695
26680,695
34859,695
3862,695
484,695
8104,695
36885,695
1536,695
31357,695
1714,695
34679,695
33265,695
33027,695
26835,695
28123,695
28725,695
12229,695
17328,695
28385,695
31961,695
35383,695
25813,695
28479,695
14204,695
16798,695
16490,695
13754,695
17464,695
23115,695
38650,695
20285,695
18693,695
30761,695
32792,695
35548,695
35548,695
22554,695
27244,695
33247,695
7312,695
19595,695
35805,695
7007,695
13722,695
37623,695
19587,695
5673,753
29573,753
33244,753
14907,753
1620,753
1631,753
23968,753
35651,753
10141,753
33779,753
1142,753
21142,753
14218,753
27353,753
26940,753
35669,753
2420,753
1799,753
4881,753
36254,753
36659,753
22016,753
33244,753
12985,753
26732,753
7453,753
36254,753
5396,753
5673,753
13562,753
33244,753
18887,753
11476,753
29886,753
25701,753
1950,753
12013,753
24329,753
23869,753
29904,753
21546,753
37586,753
7849,753
9812,753
37039,753
18660,753
13355,753
24653,753
31773,753
2250,753
38177,753
36121,519
26802,519
34374,519
9816,519
20226,519
26025,519
33748,519
12852,519
7098,519
9321,519
19920,519
22881,519
9793,519
21203,519
6858,519
20570,519
6469,519
20570,519
10120,519
18885,519
20634,519
35300,519
25814,519
28543,519
25623,519
2502,519
33748,519
6469,519
20226,519
20226,519
23802,519
23802,519
6696,782
293,782
14273,782
8772,782
10768,782
32303,782
9165,782
38226,782
3810,782
7364,782
8495,782
22741,782
12630,782
27561,782
34788,782
14215,782
30002,782
11653,782
15317,782
38167,782
26065,782
17820,782
14408,782
20068,782
11804,782
17403,782
37328,782
38666,782
21928,782
16594,782
31271,782
122,782
16869,782
25866,782
3009,782
34948,782
27244,782
32419,782
6601,782
5735,782
16844,782
5452,782
34489,782
23664,782
37338,782
3218,782
30340,782
19393,782
8308,782
17545,782
34884,782
38316,782
10926,782
10305,782
33980,782
38504,782
35907,782
14597,782
2962,782
15196,782
35679,782
12465,782
15325,782
15011,782
29460,782
16694,782
37352,782
35628,782
25561,782
16226,782
35127,782
11080,782
36568,782
5302,782
29655,782
7603,782
29601,782
29216,782
21616,782
6226,782
14464,782
19395,782
21457,782
6903,782
5943,782
9242,782
13549,782
15708,782
29397,782
8793,782
9061,782
37002,782
27873,782
38573,782
24866,782
14702,782
22305,782
30164,782
5435,782
26753,782
27143,782
34163,782
23266,782
35824,782
29713,782
9395,782
26498,782
29713,782
34011,782
18895,782
23413,782
34285,782
35301,782
35711,782
25976,782
26353,782
33270,782
22827,782
32419,782
38774,782
14162,782
38305,782
22599,782
3458,782
30204,782
27248,782
6350,782
25495,782
27399,782
20238,782
15727,782
8527,782
15875,782
11245,782
24517,782
2138,782
33104,782
37574,782
3681,782
30148,782
13278,782
18351,782
23599,782
33423,782
37108,782
9146,782
11482,782
8242,782
37724,782
27399,782
6350,782
23402,782
2927,782
32099,782
8227,782
6836,782
31765,782
33609,782
37028,782
7240,782
38089,782
19302,782
34100,782
12839,782
18006,782
32772,782
2928,782
35366,782
19428,782
36743,782
18104,782
16398,782
9764,10
19031,10
25986,10
23381,10
23381,10
14379,10
22840,10
20248,10
14014,10
8130,10
10334,10
17699,10
24959,10
24959,10
22139,10
18252,10
25223,10
27741,10
17236,10
6729,10
31209,10
25366,10
24769,10
21172,10
20408,10
10392,10
14236,10
24734,10
11647,10
13002,10
25060,10
25036,10
5413,10
7029,10
5413,10
5413,10
5413,10
7029,10
13217,10
24904,10
29907,10
12721,10
27427,10
15259,10
20617,10
20480,10
6332,10
31774,10
22927,10
18106,80
12664,80
21146,80
8109,80
15151,80
18106,80
19787,80
27359,80
27888,80
21902,80
23090,80
24549,80
32870,80
11801,187
16430,187
11038,187
34914,187
9407,187
18329,187
3151,187
4487,187
25074,187
14966,187
20013,187
31762,187
10909,187
8352,187
13456,187
27635,187
17410,187
7718,187
26235,187
145,187
18700,187
10911,187
7113,187
19013,187
25331,187
30838,187
5223,187
5488,187
32612,187
4655,187
12345,187
18197,187
11496,187
1652,187
1044,187
6718,187
7016,187
32538,187
11642,187
2248,187
22979,187
14813,187
22919,187
30316,187
619,187
1999,187
12537,187
11569,187
36470,187
1698,187
2726,187
29331,187
11770,187
30213,187
35615,187
10355,187
17961,187
3759,187
26668,187
9602,187
20799,187
12268,187
17947,187
5100,187
22617,187
22779,187
8778,187
31439,187
19852,187
3032,187
26037,187
15735,187
21493,187
27849,187
21954,187
10003,187
19,187
7371,187
13406,187
7051,187
29092,187
12964,187
15903,187
22553,187
2911,187
1716,187
6118,187
16661,187
15086,187
8596,187
11161,187
35252,187
34800,187
34163,187
12774,187
21646,187
18349,187
3162,187
36163,187
21492,187
36615,187
25054,187
29226,187
32669,187
35598,187
30449,187
22968,187
14702,187
34228,187
15699,187
8719,187
10262,187
36615,187
12514,187
14477,187
30950,187
24660,187
15939,187
7269,187
28290,187
19835,187
34781,187
22965,187
34349,187
33186,187
9267,187
24285,187
3384,187
21954,187
5714,187
3046,187
185,187
32315,187
3411,187
21150,187
13593,187
26400,187
18711,187
31016,187
13214,187
36657,187
11286,187
35598,187
10075,187
8489,187
11698,187
15903,187
15903,187
10620,187
26640,187
17441,187
28725,187
25362,187
22320,187
32295,187
12633,187
6036,187
26692,187
36274,187
22776,187
20067,187
27179,187
16949,187
24861,187
3626,187
18392,187
33421,187
33208,187
6716,187
31830,187
4002,187
36448,187
7472,187
5589,187
18443,187
3171,187
14631,187
20887,187
29572,187
13470,187
25568,187
6435,187
28118,187
15699,187
8562,187
13467,187
16445,187
34827,187
33017,187
25938,187
17909,187
10418,187
36973,187
4393,187
36789,187
21056,187
15984,187
3858,187
18569,187
25160,187
17604,187
27858,187
15709,187
24499,187
35674,187
31189,187
33893,187
6703,187
23761,187
35928,187
1322,187
1322,187
23939,187
10149,187
35454,187
33758,187
24625,187
2927,187
13449,187
15197,187
34037,187
35987,187
4805,187
4259,187
28697,187
35458,187
24555,187
15264,187
8814,187
9283,187
3759,187
36172,187
28469,187
17737,187
13509,187
36956,187
23759,187
34160,187
3261,187
9599,187
4553,187
33382,187
13160,187
247,187
33467,187
8596,187
1694,187
15403,187
13414,187
20268,187
30394,187
4260,187
23244,187
19814,187
36365,187
10952,187
29303,187
33090,187
16900,187
29094,187
7149,187
12786,187
20149,187
19416,187
22014,187
27761,187
1988,187
20779,187
1596,187
24665,187
29198,187
29524,187
10489,187
37093,187
24777,187
27068,187
13245,187
3118,187
30799,187
16774,187
3020,187
19828,187
12227,187
6465,187
16859,187
18572,187
20974,187
9545,187
30739,187
32587,187
30351,187
23837,187
27335,187
29538,187
36888,187
29776,187
34174,187
37210,187
36216,187
28764,187
8565,187
25584,187
32988,187
33553,187
12187,187
5594,187
18700,187
34174,187
15903,187
11176,246
16873,246
2081,246
8969,246
11270,246
7054,246
2463,246
3010,246
34435,246
7591,246
28958,246
11393,246
14583,246
37489,246
14769,246
21420,246
32018,246
23559,246
1844,246
17704,246
32573,246
15308,246
431,246
27476,246
6111,246
9189,246
6644,246
2143,246
3127,246
13422,246
2133,246
8913,246
30926,246
14269,246
6377,246
10012,246
2323,246
11071,246
4710,246
15020,246
11760,246
14613,246
9916,246
1138,246
14541,246
3790,246
17050,246
23218,246
19003,246
31595,246
12006,246
21294,246
17325,246
35418,246
22069,246
32721,246
3133,246
326,246
4729,246
7971,246
1211,745
13084,745
11804,745
29489,745
30132,745
3026,745
15201,745
30502,745
27697,745
36964,745
17746,745
35422,745
13626,745
33283,745
15524,745
17906,745
38220,745
32065,745
20564,745
38602,745
12902,745
19090,745
18443,745
34032,745
31219,745
29900,745
11446,745
37844,745
30330,745
38251,745
22025,745
24982,745
31225,745
13063,745
14545,745
31223,745
31227,745
12320,745
31229,745
32299,745
34717,745
30225,745
13024,745
37383,745
33394,745
15524,745
29751,745
29021,745
29021,745
1795,745
1795,745
34032,745
4426,24
9875,24
12535,24
13806,24
8516,24
4274,24
16254,24
18530,24
24861,24
2559,24
3286,24
25190,24
18428,24
18428,24
21959,24
27191,24
10156,24
28553,776
507,776
22377,776
980,776
8949,776
34011,776
29716,776
36184,776
29056,776
37989,776
17469,776
11600,776
13085,776
34341,776
23512,776
5876,776
20743,776
15540,776
405,776
35535,776
29863,776
25301,776
12734,776
22744,776
28444,776
32980,776
19095,776
19207,776
11484,776
12704,776
33419,776
18977,776
9431,776
12097,776
2155,776
13596,776
3457,776
4221,712
255,712
34165,712
26816,712
4535,712
257,712
5519,712
4742,712
18945,712
25376,712
9150,712
8066,712
19330,712
3791,712
35624,712
37374,712
10320,712
10323,712
7930,712
16048,712
4703,712
30937,712
160,712
810,712
2218,712
8777,712
1824,712
484,712
33609,712
3045,712
2837,712
24690,712
19602,712
10550,712
7211,712
28655,712
28838,712
19535,712
31359,712
28828,712
27366,712
19472,712
23714,712
11566,712
11685,712
26235,712
4972,712
4959,712
11219,712
11009,712
7302,712
7302,712
38557,712
16849,235
361,235
9025,235
33153,235
11028,235
29084,235
25565,235
26031,235
30563,235
1729,235
3030,235
16769,235
28063,235
31829,235
30280,235
33286,235
8266,235
600,235
10632,235
32186,235
19662,235
36271,235
31733,235
36706,235
7428,235
6734,235
9272,235
37677,235
388,235
7428,235
7581,235
22562,235
28983,235
1522,235
2077,235
2221,235
34025,235
22832,235
13401,235
35316,235
3336,235
8559,235
600,235
36271,235
19680,235
19977,235
11672,235
34900,235
3023,235
36271,235
20808,235
2641,235
27551,235
29451,235
11274,235
1628,235
25314,235
13445,235
5225,235
32194,235
20802,235
4837,235
20685,235
8019,235
24106,235
2408,235
29043,235
3806,235
11235,235
5628,235
8390,235
8390,235
32186,235
9971,235
2649,235
8390,235
17825,235
10395,235
3030,235
17734,235
33418,235
7627,235
19014,235
19680,235
29632,235
19680,235
7844,235
2286,235
11672,235
2081,235
5198,235
2375,235
15261,235
14519,235
6854,235
36271,235
20597,235
10726,235
25276,235
30935,235
17734,235
35010,235
6795,235
7479,235
6470,235
13574,235
9733,235
6994,235
6854,235
600,235
17820,235
6690,235
17605,235
600,235
17573,235
24980,659
37679,659
8962,659
9347,659
8135,659
24547,659
20022,659
3519,659
27796,659
3950,659
30073,659
9347,659
7842,659
7842,659
11334,659
27084,659
13764,659
16442,659
37001,659
14158,659
19299,659
9023,659
12291,659
35714,659
1893,659
36915,659
30790,659
22227,659
32881,659
28788,659
26422,659
29576,659
23007,659
19340,659
10084,659
37895,659
37526,659
11276,78
6692,78
24824,78
24824,78
6018,78
21700,78
27007,78
14533,78
19488,78
24383,78
9961,362
47,362
9586,362
2264,362
11032,362
12404,362
10165,362
10165,362
32362,362
14057,362
31491,362
13047,362
33242,362
7719,362
8696,362
10165,362
6017,362
24679,362
2833,362
24679,362
2500,362
29443,362
14708,362
27935,362
17429,362
30951,362
27554,362
5181,362
21194,362
30533,362
32247,362
14495,362
37926,362
19210,362
14390,362
36650,362
30749,362
36637,362
36100,362
7811,362
34415,362
17809,362
17809,362
38059,362
16808,372
29299,372
36981,372
35945,372
9836,372
11110,372
35480,372
7946,372
17583,372
12606,372
969,372
25582,372
10633,372
22187,372
727,372
12006,372
24557,372
22074,372
33610,372
30458,372
4976,372
35643,372
4976,372
13124,372
4976,372
11551,372
11551,372
23598,372
233,372
31132,372
24159,372
24159,372
6170,372
36453,372
24015,372
17101,372
24985,372
27739,372
18375,372
29299,372
22187,372
16808,372
28030,372
16808,372
36453,372
11845,372
25474,372
24719,372
24719,372
10356,372
28030,372
13099,372
16808,372
13582,372
13582,372
15794,372
16808,372
34580,372
15794,372
29640,372
38224,372
38224,372
29640,372
670,626
5292,626
7532,626
7080,626
246,626
14454,626
16342,626
10987,626
14849,626
423,626
6825,626
34936,626
38248,626
1012,626
25981,626
11602,626
24376,626
31093,626
2727,626
29570,626
20504,626
38358,626
27317,626
22467,626
30393,626
14237,626
31845,626
35622,626
23180,626
38358,626
23843,626
6760,626
20271,626
2507,626
3925,626
3151,626
38513,626
18910,626
3366,626
17708,626
27458,626
31464,626
25810,626
10246,626
23202,626
2096,626
29394,626
3657,626
27317,626
19737,626
20159,626
30465,626
29192,626
737,626
35804,626
12890,626
10624,626
34274,626
24853,626
7579,626
1739,626
27317,626
4415,626
25490,626
13760,626
12726,626
4303,626
27274,592
32288,592
6781,592
10985,592
22575,592
18088,592
11781,592
13359,592
35921,592
14818,592
19489,592
1778,592
25876,592
35543,592
20192,592
6086,592
17243,592
997,592
4127,592
34364,592
31704,592
7151,592
11762,592
19295,592
17456,592
17745,592
16954,592
27176,592
13244,592
19590,592
15367,592
29570,592
8589,592
22994,592
20081,592
17113,592
5364,592
25904,592
17108,592
36040,592
34426,592
5845,592
17396,592
11501,592
7007,592
34391,592
22741,592
32880,592
3202,592
9465,592
4248,592
23789,592
35234,592
20901,592
6464,592
37749,592
6760,592
7972,592
14601,592
16126,592
13722,592
15238,592
17289,592
5110,592
8257,592
24034,592
29956,592
25517,592
17704,592
30145,592
22329,592
29015,592
30760,592
31586,592
28725,592
28208,592
12986,592
22826,592
7312,592
8550,393
27346,393
26305,393
21263,393
8547,393
18353,393
1264,393
205,393
20644,393
5475,393
8776,393
966,393
2221,393
11063,393
2805,393
12114,393
17801,393
17315,393
904,393
8166,393
4847,393
13206,393
11108,393
9680,393
38172,393
6518,393
33566,393
9281,393
216,393
36521,393
372,393
419,393
28922,393
3677,393
6324,393
28565,393
3910,393
28755,393
22904,393
10633,393
27551,393
6544,393
26480,393
25204,393
29011,65
26461,65
24804,65
24804,65
16129,65
29289,65
32756,65
16945,763
21030,763
11635,763
20232,763
23183,763
975,763
31562,763
2074,763
22099,763
13178,763
20432,763
2888,763
26463,763
20743,763
10317,763
9323,763
16402,763
8650,763
677,763
20255,763
8650,763
22234,763
7364,763
10598,763
15540,763
4768,763
34563,763
1190,763
9085,763
28739,763
5984,763
25397,763
409,763
15568,763
21349,763
16311,763
1944,763
8412,763
2331,763
32780,763
36521,763
22196,763
3809,763
13378,763
11237,763
30779,763
18597,763
27498,763
1265,763
32551,763
4602,763
11962,763
21168,763
18085,763
27870,763
2904,763
9320,763
629,763
16927,763
18138,763
4120,763
22555,763
35812,763
29720,763
1944,763
29504,763
2731,763
5984,763
27925,763
21336,763
16077,763
24741,763
6889,763
28268,763
14309,763
27545,763
32247,763
21047,763
32980,763
882,763
15268,763
24739,763
30256,763
1698,763
20699,763
16888,763
9073,763
30417,763
34851,763
36708,763
9112,763
15107,763
5290,763
23676,763
30450,763
34273,763
26409,763
15107,763
35676,763
18559,763
33022,763
33507,763
34570,763
38065,763
37132,763
7580,763
8739,763
24996,763
5522,763
15957,763
1747,763
11757,763
38158,763
2929,763
2908,763
35666,763
3249,763
30519,763
16665,763
23407,763
27613,763
13830,763
9779,763
2573,763
38150,763
12102,763
588,763
27870,763
7663,763
16670,763
30293,763
24580,763
16813,763
36646,763
11254,763
32710,763
38385,763
23239,763
33198,763
33198,763
32710,763
9843,763
34816,763
38003,763
35593,763
10926,763
25476,763
8438,763
14989,763
32724,763
13113,763
13368,763
16068,763
11415,763
2890,763
32739,763
32739,763
32739,763
32739,763
1944,763
38238,763
27639,763
11656,414
12514,414
18592,414
362,414
362,414
1075,414
23708,414
4398,414
18592,414
7483,414
33286,414
5698,414
6498,414
13133,414
7863,414
3377,414
848,414
1939,414
15183,414
2520,414
30494,414
11360,414
37810,414
30280,414
720,414
33907,414
9,414
3377,414
37626,450
3224,450
32761,450
33470,450
2397,450
15497,450
2317,450
21504,450
33153,450
10353,450
26031,450
35010,450
6843,450
3757,450
13401,450
10751,450
34997,450
34541,450
7,450
34997,450
23216,450
23260,450
30280,450
7507,450
25811,450
29362,450
1801,450
33455,450
23320,450
12921,450
35912,450
10000,450
14672,450
7065,770
8693,770
36952,770
23289,770
21612,770
8539,770
35981,770
339,770
3755,770
20586,770
20586,770
23289,770
19318,199
3730,199
36225,199
13464,199
6817,199
28044,199
110,199
16545,199
8744,199
34224,199
6084,199
24717,199
20488,199
192,199
28183,199
30462,199
24031,199
6085,199
3129,199
29722,199
13053,199
14970,199
23134,199
6427,199
31593,199
15919,199
13122,199
21389,199
2779,199
5151,199
26958,199
26695,199
28266,199
23762,199
927,199
33589,199
21800,199
20677,199
29673,199
7070,199
451,199
20319,199
25822,199
36382,199
26977,199
36929,199
13570,21
4100,21
15400,21
23641,21
12915,21
16007,21
13570,21
18501,313
3123,313
23629,313
30348,313
2765,313
16270,313
37393,313
8292,313
15334,313
28101,313
13681,313
37822,313
6757,313
9298,313
3224,313
33637,313
6795,313
2601,313
35942,313
18797,313
37556,313
2288,313
18705,313
38153,313
32162,313
2099,313
18593,313
18542,313
12844,313
25247,313
14528,313
22118,313
23528,313
20446,313
24076,313
27386,313
35882,313
16199,313
26395,313
843,313
28096,313
22482,313
32295,313
16693,313
13690,313
35633,313
19105,313
36962,313
18443,313
8544,313
17122,313
11808,313
16936,313
31067,313
29776,313
5452,313
15354,313
37810,313
5298,313
34349,313
9285,313
19365,313
7811,313
37122,313
4270,650
17155,650
22160,650
7082,650
4609,650
3897,650
250,650
2933,650
2323,650
37852,650
6639,650
34315,650
28993,650
2184,650
38222,650
8709,650
7081,650
7081,650
38447,650
945,650
11891,650
3430,650
6944,650
2037,650
31009,650
3388,650
1170,650
136,650
32980,650
401,650
1107,650
29627,650
2964,650
35257,650
2948,650
12255,650
11720,650
601,650
2790,650
6126,650
12371,650
26814,650
12047,650
5704,650
19119,650
46,650
5435,650
24075,650
36521,650
35637,650
35935,650
712,650
1960,650
10013,650
803,650
899,650
1429,650
3171,650
3014,650
343,650
9491,650
1163,650
28053,650
13795,650
27087,650
20136,650
5788,650
12890,650
560,650
38200,650
26469,650
941,650
1721,650
6288,650
33661,650
4616,650
27641,650
2979,650
430,650
16893,650
10886,650
6343,650
15226,650
4191,650
15226,650
4191,650
12858,650
3349,650
42,650
4118,650
11476,650
5019,650
5019,650
31121,650
13758,650
24500,650
35882,650
5604,650
23625,630
25906,630
592,630
5549,630
31299,630
13134,630
8279,630
2418,630
27817,630
14194,630
35076,630
16982,630
7039,630
4296,630
37520,630
23145,630
1189,630
16078,630
9287,630
30810,630
3319,630
19925,630
10783,630
3749,630
12210,630
38153,630
9866,630
13366,630
17941,630
24040,630
7712,630
3834,630
2091,630
8686,630
8817,630
25900,630
16036,630
1184,630
4159,630
37005,630
10254,630
37674,630
3298,630
36754,630
33925,630
17647,630
11610,630
31800,630
17588,630
11340,630
8660,630
710,630
34048,630
15402,630
8969,630
3327,630
9971,630
36435,630
32323,630
17446,630
27204,630
29354,630
10593,630
10367,630
30942,630
5406,630
36255,630
13740,630
13616,630
13391,630
20188,630
761,630
22950,630
23800,630
23792,630
16947,630
2873,630
25117,630
20583,630
29400,630
26983,630
5437,630
7174,630
20556,630
30600,630
8587,630
23713,630
15519,630
4375,630
31922,630
20777,630
32889,630
31395,630
17829,630
36131,630
8430,630
37372,630
16461,630
24601,630
24125,630
25747,630
5449,630
8840,630
31756,630
7181,630
37828,630
36224,630
18590,630
38053,630
33515,630
1446,630
17344,630
29038,630
29531,630
21966,630
16720,630
17647,630
30124,630
28340,630
38170,630
34666,630
24472,630
31709,630
30081,630
33291,630
308,630
6265,630
3755,630
30259,630
30259,630
25262,630
23268,630
23806,630
5478,630
5478,630
16795,630
24203,630
28465,630
16551,630
5514,630
33340,630
12210,630
24429,630
393,630
34487,630
4246,630
20476,630
17075,630
5948,630
5125,630
25814,630
30328,630
631,630
11743,630
29765,630
18494,630
37810,630
7225,630
23033,630
25410,630
15123,630
7607,630
2506,630
2506,630
37429,630
38307,630
9326,630
28660,630
25219,630
13192,630
31676,630
19136,630
16749,630
20411,630
17649,630
38421,630
10962,630
19646,630
14420,630
15361,630
6760,630
19090,630
21387,630
10028,630
33686,630
14141,630
9176,630
10461,412
14499,412
36542,412
18296,412
3732,412
37283,412
22548,412
5616,412
9255,412
4095,412
3208,412
19676,412
8428,412
37705,412
35617,412
21316,412
11503,412
35900,412
6304,412
19870,412
34979,412
18873,412
26818,412
5615,412
32061,412
17147,412
34304,412
27504,412
10043,412
1703,412
35425,412
37306,412
27975,412
8278,412
14864,412
37306,412
32359,412
35405,412
3721,412
24117,412
20999,412
32749,412
19548,412
27754,412
31420,412
33418,412
21815,412
23783,412
5456,412
37673,412
18873,412
4523,412
28434,412
4228,412
37631,412
10548,412
34034,412
34074,412
31518,412
17403,412
34034,412
36168,412
24086,412
34263,412
27875,412
25766,412
25766,412
28763,412
37986,412
7676,412
10942,412
36542,412
15285,412
25766,412
33643,412
16310,412
6816,412
32294,412
32294,412
32294,412
25591,412
20576,412
22001,412
4699,412
33069,412
34679,412
30482,412
33988,412
20584,412
1885,412
28349,412
17552,412
25583,412
17552,412
5594,412
6575,412
37246,412
29148,412
4394,412
23363,412
33525,412
28817,412
6306,412
25240,412
33776,412
34056,412
22020,412
2103,412
7193,412
8411,412
2981,412
8278,412
12459,412
33903,412
21788,412
33903,412
3949,412
25794,412
30841,412
23363,412
28353,412
31400,412
25239,412
28066,412
34024,412
8597,412
28293,412
16561,412
28600,26
25721,26
22777,26
3033,26
6720,26
25506,26
5780,26
324,26
12762,26
28827,26
10929,26
24009,26
33333,26
36782,442
5182,442
2037,442
24694,442
26183,442
28254,442
24543,442
31718,442
861,442
18398,442
2466,442
4588,442
24599,442
23456,442
8842,442
14474,442
30918,442
12479,442
34516,442
21735,442
19367,442
11262,442
32145,442
30705,442
16626,442
24497,442
6204,442
20016,442
21258,442
17736,442
19785,442
20267,442
9685,442
21630,442
11337,442
18818,442
17845,442
14094,442
8469,442
19699,442
19274,442
13777,442
2446,442
19018,442
23614,442
12090,442
37741,442
8431,442
17258,442
9706,442
34421,442
5348,442
13568,442
4666,442
11914,442
37430,442
16432,442
6557,442
15643,442
6682,442
19670,442
24114,442
3894,442
27808,442
27611,442
19342,442
13687,442
9816,442
17541,442
17622,442
18595,442
34180,442
276,442
34318,442
21423,442
3372,442
3369,442
16455,442
24337,442
16918,442
31503,442
21348,442
23066,442
21531,442
25906,442
30651,442
9567,442
8865,442
7956,442
19637,442
17040,442
13881,442
21619,442
3596,442
1379,442
19766,442
36075,442
27625,442
29951,442
28926,442
18325,442
18248,442
20920,442
28765,442
19325,442
3869,442
35489,442
7241,442
5577,442
14548,442
22806,442
15638,442
7740,442
19683,442
21379,442
23511,442
35802,442
8071,442
3914,442
5036,442
12530,442
27053,442
12891,442
6048,442
8855,442
10957,442
25592,442
10913,442
27021,442
4266,442
9767,442
35349,442
17668,442
27617,442
14863,442
26816,442
5572,442
19343,442
4817,442
8791,442
20055,442
30154,442
14125,442
5237,442
22580,442
21046,442
35793,442
7002,442
20605,442
4129,442
16797,442
26761,442
25289,442
18801,442
16190,442
17531,442
10209,442
4698,442
3928,442
7780,442
4481,442
24909,442
20482,442
18105,442
36123,442
19661,442
15616,442
21225,442
9054,442
18122,442
7315,442
14105,442
23648,442
3556,442
34240,442
21075,442
17881,442
18249,442
24785,442
17184,442
5731,442
17754,442
32752,442
12783,442
18243,442
4484,442
23071,442
31480,442
6056,442
24700,442
36494,442
6736,442
28151,442
36393,442
30495,442
7598,442
13480,442
16939,442
26741,442
1369,442
19608,442
33432,442
15453,442
23102,442
33037,442
22316,442
23611,442
19135,442
26176,442
32752,442
26042,442
9944,442
3994,442
21931,442
16070,442
15713,442
36661,442
33793,442
9038,442
13933,442
6108,442
13613,442
691,442
5808,442
8774,442
8761,442
17334,442
18176,442
11127,442
13256,442
23353,442
13349,442
30061,442
19369,442
1924,442
25007,442
37184,442
8359,442
1025,442
19097,442
37871,442
18393,442
31228,442
24529,442
24586,442
21042,442
4156,442
6812,442
13556,442
21943,442
32416,442
8426,442
31290,442
24909,442
21253,442
25052,442
25980,442
15141,442
28741,442
26794,442
22468,442
29197,442
21903,442
2722,442
14731,442
9139,442
6288,442
21875,442
19175,442
5619,442
27489,442
6700,442
25534,442
27206,442
20709,442
8198,442
8198,442
27903,442
1246,442
11803,442
6648,442
33704,442
30189,442
9262,442
20289,442
7643,442
16431,442
29068,442
8554,442
29238,442
8575,442
22125,442
25462,442
37472,442
7754,442
22815,442
29966,442
14592,442
4946,442
27235,442
8661,442
13436,442
35745,442
1572,442
35888,442
17646,442
14373,442
34199,442
24392,442
2454,442
22777,442
24377,442
22393,442
13262,442
10019,442
23622,442
30413,442
19103,442
21732,442
24611,442
18513,442
35369,442
7643,442
17560,442
10877,442
18904,442
15988,442
21773,442
19992,442
2656,442
19424,442
23169,442
21193,442
26384,442
15088,442
4552,442
19048,442
18710,442
37104,442
8758,442
12100,442
30380,442
38147,442
11473,442
28568,442
14236,442
6481,442
11198,442
26144,442
20422,442
7279,442
14948,442
24669,442
15247,442
14843,442
34390,442
35082,442
36744,442
22710,442
7360,442
20594,442
20858,442
24766,442
28355,442
1163,442
7212,442
33871,442
3357,442
16361,442
3112,442
30290,442
9653,442
27893,442
14289,442
24615,442
20454,442
8463,442
21016,442
22013,442
11881,442
9742,442
11299,442
30857,442
14324,442
18987,442
34345,442
9073,442
30349,442
10605,442
30568,442
30797,442
16428,442
11892,442
30402,442
9697,442
35472,442
13397,442
6035,442
20918,442
6251,442
28415,442
22542,442
1893,442
18424,442
25885,442
25116,442
25885,442
13762,442
29651,442
14891,442
13804,442
10569,442
14447,442
23374,442
31612,442
8829,442
26236,442
6334,442
12164,442
29700,442
33379,442
21863,442
17067,442
30218,442
20417,442
15584,442
31104,442
32928,442
18004,442
16123,442
21849,442
33471,442
24115,442
20631,442
31711,442
25060,442
21146,442
28859,442
36428,442
34262,442
21246,442
23037,442
36761,442
34262,442
23037,442
36238,442
29544,442
15723,442
14655,442
34685,442
24538,442
24538,442
17348,442
34685,442
8645,442
34554,442
23900,442
28852,442
35035,442
34554,442
33269,442
38126,442
2374,442
37627,442
7647,442
3917,442
28858,442
20959,442
14882,442
36617,442
21828,442
22971,442
20200,442
25196,442
33631,442
8992,442
24823,442
11059,442
6522,442
6522,442
10035,442
29933,442
28150,442
29933,442
27543,442
17425,442
24019,442
18048,442
30380,442
31610,442
35127,442
22824,442
19361,442
12432,442
13199,442
24976,442
21558,442
20527,442
35438,442
23515,442
18199,442
23515,442
20540,442
16611,442
24831,442
21835,442
840,442
8319,442
12581,442
22265,442
28746,442
21214,442
29367,442
4725,442
25282,442
25282,442
22375,442
17934,442
37827,442
2008,442
31051,442
13377,442
30609,442
24862,442
34995,442
25921,442
20864,442
25064,442
37360,442
25751,442
22111,442
18850,442
15438,442
24616,442
29052,442
24108,442
37509,442
11861,442
6131,442
12322,442
33848,442
25106,442
24892,442
8417,442
34748,442
31243,442
35138,442
24006,442
18765,442
31448,442
38537,442
17630,442
36444,442
36625,442
28444,442
35105,442
28418,442
6247,442
20591,442
29191,442
6247,442
33325,442
17150,442
10212,442
15152,442
23109,442
23109,442
15152,442
12408,442
19403,442
17606,442
21857,442
28075,442
39939,442
20148,699
24412,699
10670,699
38123,699
19524,699
19714,699
33265,699
29417,699
24764,699
13394,699
6333,699
19219,699
23735,699
17537,699
19157,699
32949,699
33353,699
10400,699
36044,699
19797,699
32234,699
7615,699
32679,699
38078,699
38078,699
32358,699
37201,699
17195,699
25149,699
17064,699
22107,699
37622,699
37516,699
37356,699
32561,699
15498,699
18631,699
37696,699
23185,699
6920,699
38220,699
34028,699
32771,699
33323,699
36033,699
29180,699
32701,699
33669,699
35983,699
22866,699
35966,699
32357,699
7168,699
10824,699
30620,699
33602,699
37900,699
25429,699
23517,699
33284,699
9375,699
31346,699
36539,699
36962,699
30295,699
24569,699
25037,699
22376,699
16363,699
30528,699
10669,699
10669,699
21939,699
35198,699
2999,699
8652,699
38121,699
28513,699
16949,699
1113,699
23981,699
23366,699
36646,699
25140,699
15836,699
34715,699
28941,699
24061,699
7811,699
4994,699
5432,699
9188,699
13817,699
34855,699
25239,699
29225,699
35068,699
13067,758
35659,758
15776,758
24001,758
32838,758
35851,758
31540,758
36940,758
23048,758
34142,758
38751,758
35619,758
29754,758
38410,758
37478,758
16979,758
14068,758
33043,758
11695,758
38338,758
20091,758
39130,758
7142,758
37669,758
38828,758
30917,758
30940,758
32240,758
34181,758
15993,758
39150,758
18790,758
31903,758
31594,758
34754,758
35828,758
21940,758
31715,758
24355,758
33372,758
19569,758
37836,758
16568,758
37204,758
22072,758
28630,758
39057,758
39057,758
39057,758
11739,758
25577,758
13529,758
39202,758
38412,758
22438,758
14548,661
9462,661
7193,661
26755,661
37305,661
11573,661
2539,661
12080,661
1375,661
26538,661
24624,661
16702,661
10502,661
15027,661
38200,661
26755,661
4876,661
11573,661
3031,661
36030,661
28786,661
25280,661
3031,661
963,661
26843,661
13686,661
9528,661
9528,661
13394,661
29818,661
33012,661
31999,661
7398,661
3348,661
2060,661
22722,661
14135,661
17267,661
6362,661
37778,661
36023,661
34302,661
33991,661
25834,661
36023,661
6230,661
16697,661
6230,661
17616,661
38141,661
6615,661
17990,661
23502,661
23679,661
6197,661
23679,661
37640,661
16890,661
24155,661
896,661
29109,661
31217,661
31217,661
6839,661
28791,661
28791,661
32855,661
29307,661
7924,661
3031,661
5602,661
18564,661
7372,661
967,661
13852,661
26625,661
27574,661
5602,661
24129,661
10118,661
9138,661
28106,661
25856,661
3772,661
3772,661
4415,661
21715,661
37877,661
22156,661
7505,661
34784,661
26057,661
4690,661
9561,661
26354,661
34650,661
34442,661
16319,661
28870,661
2835,661
37038,661
20333,661
34650,661
17479,661
26576,661
25353,661
3594,661
33399,661
18127,661
12586,661
13108,661
35198,661
141,661
21628,661
15937,661
7219,661
9762,661
36438,661
9229,661
9229,661
8597,661
37466,661
32562,661
24589,661
29463,661
29463,661
8597,661
37466,661
25444,661
1248,661
9229,661
21645,661
18235,661
26340,661
15049,661
13761,661
29287,661
34086,661
25815,661
33201,661
37673,661
9940,661
37305,661
26449,661
7565,661
6352,661
5853,661
31349,661
9480,661
27177,661
29262,661
910,661
29262,661
37305,661
7199,661
3887,661
35000,661
20281,661
20281,661
1593,661
4464,661
23925,661
8977,661
22354,661
37919,661
31420,661
7573,661
1330,661
30806,661
17297,661
1016,661
31346,661
30288,661
37379,661
37074,661
33319,661
8074,661
10722,661
4313,661
7535,661
24119,661
22510,661
7407,661
8926,661
7107,661
14870,661
23187,661
17099,661
35950,661
16307,661
13817,661
32715,661
28985,661
30895,74
12878,74
34386,74
31824,74
28930,74
2245,74
31305,74
17796,74
34635,74
24245,74
15182,74
30099,74
32764,74
21454,74
28513,74
22929,74
13042,74
32711,74
7540,74
16760,74
20882,74
34801,74
31135,74
22375,74
28711,74
35782,212
36748,212
24405,212
22553,212
35377,212
6998,212
9414,212
9414,212
26570,212
16885,212
16885,212
30864,212
9414,212
3046,212
30444,212
34698,212
19088,212
22006,212
10775,212
36291,212
24724,212
35914,212
29242,212
1694,212
13727,212
13895,212
17604,212
7323,212
33044,212
18337,212
10960,212
37095,212
11001,212
34694,212
35474,212
35762,212
36113,212
9821,256
18137,256
3793,256
36162,256
8706,256
4241,256
8596,256
3941,256
11361,256
34115,256
31144,256
32868,256
8303,256
17266,256
32793,256
12073,256
12738,256
25966,256
16408,256
19444,256
15829,256
36920,256
34271,256
35070,256
11691,256
30456,256
10787,256
29308,256
34115,256
36377,256
21279,256
24370,256
16382,256
23805,256
35346,256
17370,256
3339,256
8412,256
1236,256
20669,256
24196,256
36271,256
29907,256
22257,256
21291,256
30899,256
20872,256
17741,256
31673,256
33048,122
33048,122
23500,122
31645,122
20662,122
13042,122
21215,122
26657,226
3009,226
36583,226
33964,226
2808,226
16139,226
23045,226
7516,226
11171,226
10871,226
5466,226
35479,226
37605,226
13484,226
31299,226
25305,226
10665,226
9958,226
19936,226
33542,226
5725,226
29911,226
10888,226
19272,226
9871,226
16844,226
35306,226
17656,226
6462,226
18093,226
30318,226
32781,226
10271,226
9114,226
10763,226
18612,226
13484,226
3804,226
7297,226
14827,226
37186,226
35126,226
30559,226
37663,226
22219,226
35978,226
14916,226
22993,226
36162,226
2673,226
12584,226
36216,226
27996,226
14174,226
25767,226
36768,226
25985,226
4671,226
32381,226
25872,226
31841,226
34899,226
18816,226
8157,226
13964,226
21475,226
10437,154
26022,154
34848,154
27026,154
31800,154
6307,154
11311,154
23708,154
5033,154
25086,154
15497,154
11181,154
2880,154
27026,154
34200,154
9649,154
28660,154
18920,154
1820,154
31874,154
14014,154
12028,154
28710,154
19035,154
18017,154
30712,154
21866,154
27225,154
1762,168
25573,168
15992,168
3266,168
20610,168
14727,168
26994,168
14727,168
5012,168
6804,168
11240,168
21414,168
27686,168
6897,168
14052,168
36207,168
4753,168
7733,168
14424,168
1368,168
30674,168
11230,168
33275,168
1353,62
10287,62
13598,62
12351,62
22666,62
26195,62
25713,62
30819,62
24170,62
23324,62
31419,62
25713,62
33684,62
8140,62
11116,62
28795,62
23324,62
16647,62
26350,62
29050,62
28940,62
28564,62
10991,62
24207,62
6067,62
25861,62
18250,62
30826,62
2124,62
29385,62
30034,62
28166,62
33216,62
33216,62
28250,62
15345,62
10733,62
13626,62
25899,62
3217,62
9686,62
13541,62
1352,62
29594,62
29329,62
28668,62
6543,62
9518,62
2390,62
21433,62
3183,62
3953,62
29546,62
32624,62
31453,62
8806,62
8618,62
4830,62
14145,62
19366,62
1901,62
9130,62
17916,62
3748,62
32821,62
27010,62
3183,62
4464,62
3953,62
32005,62
26313,62
19582,62
30438,62
15161,62
20744,62
1889,62
26040,62
21673,62
14360,62
13083,62
4437,62
11558,62
27649,62
30178,62
26040,62
17832,62
31188,62
1266,62
24706,62
21673,62
19921,62
28500,62
18235,62
28345,62
4831,62
24618,62
5064,62
19049,62
25943,62
22510,62
3547,62
14519,62
11929,62
7794,62
1481,62
19832,62
23221,62
14666,62
26163,62
5712,62
29579,62
29579,62
3733,62
16606,62
25260,62
10361,62
19511,62
24197,62
1807,62
25334,62
8416,62
31484,62
27829,62
27829,62
9522,62
18162,62
30284,62
33021,62
5895,62
27263,62
29458,62
17501,62
33956,62
1926,62
4790,62
5878,62
26813,62
9369,62
17297,62
17297,62
28294,62
28318,62
27256,62
24512,62
20316,62
18298,62
21078,62
33554,62
33554,62
1437,62
3143,62
27072,62
5370,62
8293,62
5370,62
8293,62
27806,62
10295,62
17030,62
23330,62
25468,62
10485,62
33156,62
32093,62
16555,62
8366,62
12196,62
31705,62
27691,62
21705,62
21705,62
16570,62
30743,62
4624,62
17180,62
32295,62
10672,62
27160,62
27160,62
5171,62
15657,62
32659,62
32659,62
5853,62
7657,62
17071,62
28648,62
33636,62
33911,62
28069,62
25046,62
25046,62
21433,62
25046,62
28069,62
27728,62
25046,62
11171,369
16608,369
13655,369
10483,369
3425,369
7156,369
32096,369
24800,369
4618,369
6923,369
939,369
1495,369
14150,369
1582,369
13047,369
10579,369
3241,369
38216,369
31310,369
18009,369
26664,369
29584,369
9366,369
26057,369
35564,369
8049,369
37169,369
28719,369
21103,369
5648,369
22263,369
29058,369
17321,369
16454,369
11792,369
15543,369
16644,369
35983,369
5255,369
12250,369
6770,369
19451,369
20500,369
17898,369
19574,369
35461,369
19204,369
19697,369
7044,369
15506,369
26642,369
6770,369
32247,369
23387,369
26158,369
37515,369
28777,369
28777,369
36493,369
9440,369
21686,369
28516,369
33926,369
16867,369
2791,369
1908,369
28090,369
1722,369
3355,369
16652,369
939,369
10648,369
26684,369
12623,369
37592,369
14375,778
14907,778
29157,778
6782,778
19702,778
5145,778
5690,778
18643,778
30361,778
4311,778
335,778
8617,778
33580,778
18846,778
623,778
13459,778
15680,778
1256,778
2209,778
19931,778
5140,778
18472,778
22908,778
692,778
35688,778
6594,778
11864,778
18745,778
7559,778
8073,778
11936,778
5055,778
37913,778
14109,778
12096,778
24675,778
14841,778
16597,778
26572,778
3067,778
14925,778
32565,778
49,778
15791,778
7028,778
7164,778
3443,778
36303,778
3353,778
5226,778
23147,778
38610,778
21794,778
8336,778
22371,778
8464,778
2648,778
4952,778
21889,778
9685,778
11293,778
8943,778
12419,778
593,778
22285,778
21115,778
20017,778
21210,778
22446,778
11199,778
17680,778
13725,778
13675,778
25883,778
21889,778
1250,778
37889,778
5062,778
3156,778
31354,778
6401,778
7519,778
17378,778
1543,778
5331,778
24075,778
8309,778
2407,778
35648,778
1568,778
13411,778
1176,778
19805,778
5486,778
30872,778
21547,778
4078,778
37789,778
7417,778
15480,778
3020,778
3267,778
36568,778
17612,778
19990,778
11025,778
15362,778
15131,778
23654,778
17135,778
29786,778
2164,778
27623,778
19536,778
18653,778
15319,778
19357,778
2739,778
20009,778
25529,778
10571,778
12740,778
36975,778
11691,778
11665,778
38066,778
20389,778
33227,778
6862,778
6556,778
24242,778
3613,778
4640,778
37645,778
33405,778
25951,778
9409,778
5908,778
2438,778
2714,778
32202,778
13689,778
33227,778
25229,778
12527,778
2604,778
4967,778
4149,778
10865,778
14048,778
33464,778
5996,778
29118,778
25099,778
648,778
34857,778
10717,778
28,778
11004,778
13781,778
31337,778
5444,778
5300,778
3331,778
28742,778
15750,778
5499,778
16507,778
8192,778
31852,778
21889,778
18332,778
18915,778
15277,778
25489,778
14027,778
16191,778
20719,778
10242,778
6579,778
34241,778
20917,778
2495,778
20529,778
14718,778
29118,778
25901,778
38706,778
25664,778
18036,778
11589,778
15988,778
38184,778
22330,778
38416,778
30041,778
17950,778
21998,778
34839,778
12592,778
3198,778
19807,778
17725,778
11674,778
16114,778
16990,778
27583,778
9713,778
1333,778
11987,778
33538,778
23034,778
7721,778
26816,778
26679,778
9471,778
5267,778
23464,778
195,778
4856,778
1631,778
38280,778
9080,778
23487,778
766,778
3331,778
33266,778
27286,778
5994,778
35843,778
22889,778
17073,778
27186,778
4952,778
25708,778
9530,778
37007,778
26555,778
6513,778
5685,778
14546,778
10883,778
8133,778
38014,778
18483,778
18656,778
18617,778
19425,778
10482,778
10102,778
13452,778
14558,778
22646,778
13710,778
25823,778
29340,778
2189,778
15901,778
12613,778
1545,778
4193,778
30926,778
15791,778
16174,778
8742,778
13287,778
24888,778
32525,778
7384,778
22674,778
6489,778
6489,778
766,778
8856,778
11159,778
694,778
32782,778
6135,778
5047,778
14974,778
19809,778
9398,778
7596,778
10745,778
20323,778
195,778
38602,778
17462,778
6723,778
20486,778
6442,778
16465,778
30628,778
13255,778
1349,778
29429,778
35750,778
30570,778
15582,778
7689,778
27006,778
3417,778
32034,778
14451,778
7265,778
19845,778
12038,778
22589,778
10221,778
12176,778
692,778
6218,778
26156,778
15943,778
33293,778
21426,778
38116,778
2855,778
28675,778
1747,778
28262,778
6856,778
12985,778
20441,778
31588,778
1967,778
21605,778
1264,778
5785,778
18754,778
22361,778
15250,778
5902,778
35183,778
18914,778
11692,778
12290,778
32657,778
35485,778
18754,778
32435,778
28636,778
1359,778
9312,778
21291,778
1231,778
37231,778
34111,778
38024,778
31953,778
34264,778
5952,778
38216,778
24425,778
27006,778
3527,778
5242,778
5242,778
605,778
2648,778
1603,778
16349,778
92,778
11364,778
29195,778
25919,778
25761,778
23974,778
31099,778
17932,778
15689,778
29195,778
27006,778
27006,778
27006,778
15911,778
28514,778
25113,778
35869,778
32542,778
13443,778
24415,778
2029,778
6059,778
33413,778
35429,778
1228,778
31078,778
15178,778
28520,778
35840,778
10090,778
6707,778
25949,778
18355,778
27391,778
34144,778
22778,778
3562,778
31396,778
5897,778
1713,778
37840,778
9600,778
12006,778
31979,778
35402,778
28156,778
6317,778
23635,778
37840,778
31396,778
10532,778
28465,778
16325,778
26912,778
2223,778
6566,778
10113,778
23313,778
2914,778
32999,778
21282,778
2351,778
7192,778
4217,778
1928,778
19865,778
27006,778
28550,778
4276,778
29183,778
36747,778
36140,778
17807,778
37197,778
7022,778
7682,778
3489,778
7972,778
5462,778
28850,778
16672,778
14089,778
22849,778
21847,778
23698,778
4678,778
22091,778
24775,778
8878,778
21287,778
26920,778
2420,778
18953,778
1054,778
29525,778
27205,778
29019,778
37452,778
6722,778
30040,778
21436,778
27267,778
8663,778
19514,778
23292,778
29019,778
32370,778
8476,778
35064,778
28332,778
33577,778
2482,778
2482,778
39954,778
7758,778
12311,778
16456,778
4713,778
6166,778
21782,778
9436,778
15035,778
1338,778
16811,778
30276,778
12429,778
20965,778
29510,778
1478,778
22054,778
38202,778
24506,778
22472,778
12565,778
25385,778
17911,778
17650,778
29482,778
19962,778
16898,778
2565,778
13759,778
20078,778
13088,778
38459,778
15563,778
3485,778
35794,778
15092,778
24167,778
16763,778
9162,778
23024,778
6548,778
23024,778
12011,778
9162,778
12011,778
6548,778
4289,778
5090,778
93,778
38457,778
2019,778
4615,778
2019,778
22809,778
18649,778
3189,778
32424,778
27460,778
27077,778
29460,778
1811,778
11996,778
6073,778
10149,778
14916,778
37958,778
19262,778
12388,778
19823,778
5827,778
14540,778
13781,778
36191,778
13781,778
36191,778
1338,778
11946,778
14089,778
15807,778
32263,778
21324,778
9945,778
18184,778
20592,778
19463,778
15283,778
19735,778
585,778
6382,778
3465,778
6382,778
28891,778
31751,778
13543,778
10107,778
34761,778
35918,778
4168,778
2604,778
4168,778
13098,778
13098,778
35918,778
23659,778
17724,778
20205,778
2604,778
35918,778
2604,778
13098,778
13098,778
8612,778
7165,778
27973,778
20133,778
3305,778
17762,778
21445,778
3509,778
33807,778
23853,778
26918,778
28213,778
31898,778
6500,778
16999,549
22201,549
5609,549
2392,549
6838,549
15337,549
38053,549
10635,549
18251,549
34500,549
28016,549
34043,549
17871,549
8702,549
36069,549
29710,549
33620,549
19896,549
8906,549
22267,549
16279,549
11544,549
31922,549
35747,549
28725,549
20524,549
26508,549
15609,549
27593,549
2660,549
22597,549
24979,549
15144,549
15872,549
25590,549
35467,549
21510,549
14312,487
8234,487
7978,487
16945,487
32637,487
33067,487
9358,487
2994,487
12316,487
38158,487
19016,487
21679,487
4615,487
16587,487
293,487
36521,487
1747,487
13086,487
29984,487
8189,487
7667,487
10149,487
34802,487
25854,487
8999,487
7548,487
21555,487
12095,487
12787,487
23142,487
10973,487
22758,487
28373,487
37664,487
21555,487
37979,487
34462,487
7326,487
30427,487
32732,487
3029,487
22261,487
27870,487
23939,487
14151,487
12094,487
16494,487
37262,487
25677,487
33099,487
3138,487
26249,487
10472,487
28248,487
17123,487
11179,487
8776,582
13745,582
1079,582
21459,582
7696,582
11774,582
1586,582
985,582
13745,582
4268,582
13191,582
11908,582
1079,582
23774,582
2947,582
836,582
19006,582
26275,582
31303,582
35140,582
11501,582
18621,582
387,582
8804,582
35844,582
35470,582
1151,582
21150,582
22639,582
29811,582
32372,582
7871,582
10949,582
23448,582
17863,582
16947,582
26447,582
6831,582
437,582
30294,582
9176,582
10008,582
18205,582
12326,582
23768,582
34369,582
21541,582
23431,582
25262,582
20407,582
15933,582
22430,582
14257,582
7431,582
30335,582
4074,582
12938,582
8055,582
29384,582
14590,582
31413,582
37861,582
28381,582
34817,582
29660,582
15434,582
37434,582
289,582
36929,582
12154,582
14827,582
1719,582
8180,582
38481,582
37810,582
20280,582
37870,310
36480,310
15759,310
26521,310
22106,310
356,310
12817,310
7753,310
14617,310
20890,310
27302,310
21164,310
30830,310
37686,310
20099,310
19616,310
30327,310
23707,310
1848,310
33431,310
27738,310
26971,310
12399,310
14401,310
14199,310
35600,310
31560,310
90,16
13495,16
1193,16
27786,16
6503,16
3438,16
13629,16
13321,16
12552,16
28,16
10839,16
3933,16
22690,16
6072,16
4140,16
9916,16
3933,16
14516,16
31872,16
27843,16
27774,16
27774,16
5806,16
15766,16
14840,16
19863,16
17440,16
28143,491
11235,491
758,491
8109,491
100,491
5522,491
15151,491
18982,491
446,491
4024,491
27068,491
24676,491
34730,491
8667,491
29993,491
10678,491
10821,491
10528,491
6506,491
10956,491
20287,491
12406,491
7987,491
28721,491
31237,491
3765,491
34479,491
33174,491
405,491
32715,491
37304,491
26564,491
9157,491
2894,491
33195,491
26470,491
23430,491
31599,491
4720,491
4720,491
7743,491
1724,491
36586,491
38453,491
5219,491
35445,491
32495,289
4795,289
18400,289
6,289
9261,289
31186,289
20012,289
18950,289
12854,289
20216,289
16258,289
33840,289
25033,289
12994,289
16599,289
34164,289
16194,289
25445,289
3722,289
20407,289
15219,289
3409,289
8570,289
26654,289
20615,289
13912,289
11747,289
26654,289
31879,289
4286,289
16905,289
19844,289
23300,289
28825,289
6163,289
17865,289
8005,473
11693,473
6079,473
32299,473
37361,473
3278,473
36839,473
11804,473
6658,473
26580,473
20209,473
6740,473
31621,473
7705,473
17480,473
7950,473
4977,473
15334,473
22966,473
20065,473
25370,473
35014,473
12106,473
8994,473
24793,473
929,473
25214,473
37207,473
35942,473
7497,473
7761,473
13440,473
12647,473
32226,473
7840,473
9517,473
13739,473
23875,473
9339,473
7970,473
1999,473
38112,473
16980,473
30294,473
11357,473
18085,473
871,473
30934,473
6717,473
23528,473
27157,473
35561,473
20159,473
37341,473
1745,473
35020,213
36780,213
31652,213
31793,213
30397,213
30644,213
27315,213
35913,213
16128,213
16128,213
26771,213
33392,213
26221,213
27927,213
21215,213
36085,213
19248,213
33537,213
26902,213
29011,213
18588,213
26277,213
29028,213
30270,213
22864,213
29872,213
29551,213
30862,213
20590,213
31317,213
33854,213
10469,213
16328,144
33931,144
25350,144
33842,144
10411,144
4144,144
28466,144
26815,144
20841,144
34801,144
9681,144
17144,144
29633,144
32182,144
12628,144
19071,144
27188,144
14703,144
28804,144
19440,144
14883,144
29143,144
17504,144
14011,144
6419,144
6419,144
33932,144
15039,144
18418,144
28167,144
19580,144
23376,144
18256,144
21764,144
24380,144
23606,321
23362,321
15509,321
29128,321
8649,321
35269,321
36536,321
14796,321
36905,321
35964,321
26963,321
24520,321
23104,321
24035,321
6928,321
23632,321
9039,321
35363,321
29950,321
29950,321
8312,321
8312,321
6231,321
8312,321
10463,321
22733,321
17464,321
9877,321
18630,321
26360,321
22064,321
26360,321
34110,321
11336,321
27796,321
35495,321
1733,321
1733,321
10240,321
14111,321
14111,321
1733,321
10726,321
15034,321
14262,321
27251,321
21462,206
6171,206
7576,206
7234,206
10595,206
1827,206
23199,206
18677,206
31800,206
7226,206
30197,206
33265,206
16949,206
14873,206
27678,206
21238,206
10213,206
27849,206
247,206
1417,206
11171,206
9652,206
37080,206
26613,206
16795,206
28892,206
21441,206
36748,206
622,206
507,206
15232,206
3046,206
31284,206
31284,206
26908,206
5427,206
11090,206
30197,206
36223,206
30197,206
36223,206
27422,206
28243,206
23342,206
23342,206
18828,206
36223,206
26926,206
32781,206
32899,206
35376,206
28290,206
36132,206
7387,206
12551,206
11348,206
19362,206
33699,206
34885,206
28432,206
12625,206
5429,206
9671,206
10805,206
26876,206
35749,206
31043,206
32467,206
11105,206
36175,206
32857,665
34936,665
30906,665
9271,665
30374,665
920,665
37465,665
2726,665
32867,665
26631,665
15572,665
2571,665
4919,665
4374,665
30748,665
36647,665
168,665
20411,665
16172,665
8234,665
17474,665
20403,665
27386,665
7730,665
2707,665
183,665
10001,665
10559,665
9782,665
21883,665
28565,665
17278,665
1415,665
5437,665
27925,665
3457,665
35951,665
4281,665
34301,665
22934,665
13138,665
34340,111
13647,111
27939,111
4809,111
17927,111
21620,111
31528,111
13832,111
11505,111
28698,111
8646,111
13927,111
24083,111
23998,111
17687,111
24389,111
23972,111
13334,234
35181,234
22371,234
781,234
5032,234
28085,234
9133,234
7892,234
11855,234
6765,234
9669,234
6292,234
5001,234
32999,234
17298,234
11260,234
10102,234
28508,234
13889,234
37738,234
24042,234
2901,234
21852,234
4953,234
2595,234
30453,234
2739,234
20157,234
32868,234
31986,234
29817,234
14462,234
7265,234
16283,234
14947,234
28186,234
20205,234
11042,234
25204,234
26775,234
24746,234
21699,234
14925,234
22217,234
28508,234
16529,234
22290,234
18483,234
34965,234
943,234
26872,234
34436,234
22372,234
16244,234
14774,234
11287,234
21656,234
32195,234
30394,736
35423,736
1657,736
31604,736
9129,736
29589,736
35810,736
34730,736
38123,736
8111,736
11877,736
30945,736
36545,736
30945,736
14857,736
3776,736
34501,736
8509,736
38336,736
38608,736
36468,736
24623,736
37551,736
14597,736
36468,736
2622,736
10650,736
32379,736
37696,736
1302,736
12913,736
13433,736
26829,736
22810,736
15081,736
38220,736
7556,736
34337,736
14626,736
21817,736
29475,736
32517,736
26181,736
15919,736
37556,736
26181,736
17044,736
31992,736
12229,736
13942,736
1917,736
6444,736
813,736
15748,736
33394,736
20919,736
31518,736
35333,736
35333,736
19676,736
33332,736
20576,736
18344,736
34201,736
38006,736
6900,736
5288,736
36279,736
14702,736
34162,736
34162,736
15950,283
34353,283
29514,283
4593,283
730,283
1112,283
13519,283
8658,283
25067,283
4943,283
18520,283
7923,283
35656,283
5839,283
9640,283
19682,283
5840,283
32693,283
428,283
22778,283
18383,283
19885,283
3326,283
10864,283
16777,283
15459,283
27671,283
18888,283
16616,283
20734,283
23132,283
11266,283
33904,283
4048,283
28879,283
1423,283
18477,283
5353,283
1107,283
3176,283
1510,283
2739,283
6177,283
29159,283
7112,283
32631,283
18649,283
17952,283
3188,283
17618,283
14056,283
27384,283
37426,283
37856,283
3311,283
11464,283
15203,283
4694,283
36746,283
17013,283
8445,283
10235,283
29970,283
20612,283
901,283
1083,283
37135,283
34180,283
16377,283
26988,283
3170,283
37759,283
30342,283
9349,283
35126,283
19936,283
20133,283
656,283
9316,283
12484,283
1325,283
828,283
13240,283
14248,283
22847,283
11159,283
19411,283
14383,283
17680,283
35787,283
28576,283
4646,283
20373,283
24505,283
13239,283
2410,283
5639,283
11820,283
4087,283
4442,283
17703,283
1767,283
12285,283
984,283
21844,283
13946,283
12285,283
4570,283
15334,283
34264,283
20348,283
9110,283
35916,283
9099,283
37879,283
30119,283
13459,283
17190,283
10823,283
15767,283
23050,283
2900,283
21445,283
33593,283
36521,283
12576,283
10343,283
3667,283
12377,283
12120,283
22742,283
2603,283
12562,283
13596,283
767,283
1678,283
664,283
7011,283
834,283
29762,283
34996,283
33769,283
12886,283
19823,283
8475,283
37755,283
35803,283
8397,283
27034,283
14652,283
11404,283
37955,283
8654,283
7130,283
30501,283
13558,283
27582,283
7685,283
1765,283
19463,283
15249,283
3494,283
3469,283
37020,283
2306,283
27908,283
8616,283
28920,283
3731,283
14049,283
7423,283
9916,283
23510,283
26258,283
457,283
31285,283
3473,283
13113,283
11616,283
14924,283
10383,283
6144,283
37408,283
6682,283
16226,283
24888,283
18608,283
21018,283
4585,283
37541,283
7022,283
15038,283
19528,283
16896,283
775,283
16020,283
21427,283
367,283
277,283
36603,283
1700,283
15944,283
35795,283
11410,283
93,283
9913,283
2627,283
5847,283
19377,283
14267,283
6879,283
10182,283
30003,283
20017,283
4065,283
16507,283
15364,283
23978,283
17072,283
7927,283
7819,283
18525,283
12890,283
1034,283
7636,283
3289,283
20180,283
28701,283
2627,283
27858,283
27866,283
1344,283
2982,283
2627,283
440,283
10249,283
16735,283
35038,283
28746,283
29367,283
24860,283
14757,283
20698,283
8984,283
37010,283
8984,283
18204,283
16617,283
3013,283
4895,283
13725,283
37902,283
6664,283
34475,283
35392,283
19788,91
18343,91
10712,91
5957,91
27441,91
32333,91
1184,91
4838,91
18567,91
30307,91
5777,91
24749,91
28338,91
2543,91
19335,91
25025,91
14400,91
359,91
34344,91
16443,91
33963,91
21155,91
16146,91
27801,91
5333,91
6128,91
21155,91
19997,91
13463,91
10676,91
31497,91
4160,91
10907,91
25402,91
25402,91
26759,91
25402,91
26759,91
22582,91
14788,91
15909,642
32299,642
132,642
37236,642
9550,642
6393,642
1599,642
15667,642
33752,642
7305,642
29535,642
31635,642
20663,642
30261,642
8817,642
2875,642
6597,642
1095,642
21611,642
32560,642
2331,642
12095,642
28340,642
22662,642
15786,642
19629,642
32482,642
27120,642
25313,642
19711,642
20908,642
35396,642
37329,642
36127,642
9023,657
26514,657
6229,657
16872,657
23089,657
19910,657
17677,657
33728,657
21165,657
15956,657
14835,657
6680,657
32119,657
27952,657
12598,657
7613,657
26530,657
18869,657
4974,657
11611,657
9631,657
33762,657
16764,657
24892,657
32591,657
36492,657
15506,657
20148,657
1112,657
37915,657
35185,657
35844,657
35630,657
35372,657
26185,657
33835,657
35185,657
6073,657
15764,657
24495,657
31610,657
2359,657
394,657
20533,657
2359,657
5745,657
26530,657
32591,657
14164,657
27971,657
30146,657
5028,657
5028,657
19097,657
33835,657
35372,657
21516,657
17844,657
17430,657
22152,657
4372,657
31338,657
33333,657
10001,657
9166,657
8272,657
30687,657
37871,657
29072,657
20015,657
20879,657
27924,657
25108,657
4372,657
3341,657
9010,657
28942,657
22520,657
26293,657
4712,657
29706,657
1112,657
2388,657
34475,657
31205,657
22811,657
19531,657
28183,271
13925,271
7953,271
29632,271
32888,271
26692,271
4489,271
32888,271
1819,271
8151,271
35516,271
32461,271
7909,271
18894,271
36732,271
2180,271
10317,271
20894,271
16869,271
214,271
36407,271
121,271
17535,271
25690,271
2180,271
1514,271
10666,271
14961,271
2172,271
11323,271
7674,271
16702,271
29186,271
9719,271
2961,271
2552,271
12833,271
36732,271
24733,271
1034,271
11252,271
14770,271
32359,271
27501,271
25101,271
5257,271
35024,271
3768,271
641,271
27122,271
28429,271
32377,271
12646,271
592,271
23542,271
29931,271
1883,271
23386,271
3304,271
6179,271
36160,271
10692,271
10222,271
13505,271
11394,271
7589,271
9016,271
25101,271
7630,271
5600,271
11201,271
3086,271
20511,271
36838,271
32366,271
18483,271
1531,271
14526,271
1729,271
19925,271
20276,271
21307,271
14454,271
35134,271
1562,271
29169,271
24449,271
35604,271
26783,271
17562,271
17507,271
36274,271
13403,271
8136,271
32059,271
1392,271
1052,271
12919,271
2552,271
27265,271
6996,271
9409,271
23404,271
25244,271
37167,271
32713,271
7493,271
4423,271
12018,271
6996,271
2050,271
21236,271
7294,271
18389,271
16099,271
9113,271
18798,271
9884,271
4988,271
13088,271
18952,271
32302,271
25639,271
30761,271
1052,271
2206,271
11097,271
10954,271
31484,271
30198,271
32142,271
33080,271
29374,271
35403,271
3448,271
36601,271
21230,271
4824,271
24449,271
3263,271
21236,271
13238,271
11664,271
27157,271
2734,271
22863,271
6515,271
12719,271
32538,271
13527,271
9535,271
13500,271
21768,271
26968,271
6515,271
11195,271
35073,271
11195,271
2206,271
36643,271
5925,271
19328,271
37409,271
8835,271
35491,271
2050,271
18657,271
29075,271
3079,271
22730,271
1037,271
35377,271
32302,271
11664,271
16429,271
34158,271
2358,271
13514,271
23799,271
7119,271
22838,271
29044,271
17990,271
26751,271
5895,271
8184,271
11756,271
6162,271
21374,271
24519,271
34158,271
34583,271
16427,271
2156,271
23136,271
22032,271
33436,271
31025,271
35242,271
25679,271
14301,271
37491,271
21553,271
22354,271
23206,271
36841,271
3479,271
11705,271
13503,271
23094,271
12595,271
21247,271
14749,271
26395,271
409,271
3760,271
21247,271
11220,271
9196,271
6250,271
36553,271
19467,271
16134,271
24972,271
25517,271
11664,271
539,271
1073,271
23529,271
12798,271
1817,271
13408,271
12919,271
1819,271
23529,271
11070,271
11049,271
25779,271
32193,271
2889,271
2889,271
25198,271
34105,271
29033,271
23608,271
26524,271
6723,271
30670,271
5119,271
36563,271
30465,271
7502,271
28224,271
9506,271
27577,271
361,271
29025,271
11434,271
11620,271
31579,271
19161,271
25432,271
34087,271
580,271
31579,271
3788,271
8904,271
17532,271
29082,271
6521,271
19617,271
15246,271
2969,271
22558,271
31699,271
23147,271
35017,271
30543,271
27669,271
16522,271
15246,271
25023,271
26071,271
35452,271
35452,271
31887,271
15093,271
20969,271
12084,271
20198,271
17262,271
17312,271
4694,271
15074,271
22976,271
5376,271
31014,271
12504,271
35664,271
37855,271
19601,271
20641,271
9745,271
14499,271
34165,271
30173,271
13332,271
20761,271
30031,271
6760,271
26366,271
15502,271
23023,271
12593,271
26046,271
16580,271
14749,271
11434,271
6539,271
2962,271
6615,271
9943,271
1269,271
35412,271
10196,271
5125,271
2853,271
32401,271
18910,271
21817,271
18783,271
26354,271
2556,271
37346,271
18783,271
9616,271
26354,271
11412,271
11412,271
25333,271
3669,271
240,271
26233,271
28812,271
37026,271
13238,271
14780,271
9130,271
35655,271
22565,271
2754,271
6296,271
30455,271
13238,271
20589,271
34466,271
4785,271
26328,271
26328,271
19012,271
12660,271
3386,271
9153,271
4321,271
29962,271
29962,271
10444,271
30806,271
13978,271
17435,271
15681,271
1559,271
4653,271
17198,271
1087,271
7948,271
14847,271
31054,271
2835,271
19928,271
37409,271
12660,271
6413,271
16792,271
28986,271
24318,271
27133,271
30793,271
3348,271
29568,271
32461,271
37196,271
6210,271
8155,271
31762,271
9634,271
35749,271
8118,271
8118,271
8118,271
8118,271
36293,271
13955,271
11887,271
8824,271
8824,271
10382,271
9621,271
2735,271
5467,271
6036,271
534,271
24495,271
24449,271
26333,271
19808,271
36124,271
15925,271
27954,271
10288,271
37818,271
37818,271
9243,271
12919,271
12919,271
1143,271
15339,271
17118,219
25563,219
17739,219
2034,219
13112,219
12940,219
17072,219
12068,219
17834,219
15272,219
19087,219
13269,219
37229,219
11595,219
30913,219
9562,219
19742,219
25019,219
21007,219
3451,219
14968,219
15751,219
13422,219
25170,219
3206,219
11906,219
28431,219
28879,219
1958,219
1971,219
8472,219
36906,219
5140,219
14968,219
20601,219
2826,219
28687,219
5556,219
15539,219
4025,219
20191,219
29267,219
13578,219
25283,219
13747,219
6105,219
12983,219
21912,219
17141,219
24756,219
828,219
1046,219
3727,219
19156,219
13909,219
810,219
7112,219
11791,219
16337,219
20165,219
12170,219
12909,219
18874,219
7448,219
15445,219
14264,219
12890,219
24649,219
26227,219
19074,219
6637,219
12318,219
7686,219
12845,219
23876,121
24795,121
27706,121
17727,121
30852,121
33928,121
28894,121
10256,121
32638,121
33139,121
33155,121
28100,121
22287,121
26137,121
31177,121
31190,121
21301,121
16903,121
33883,51
30393,51
15978,51
19382,51
7948,51
6337,51
5686,51
5540,51
21864,51
29358,51
3238,51
33556,51
30772,51
29343,51
31296,51
24735,51
18543,51
1676,51
27822,51
28139,51
25449,51
3335,51
16284,51
28320,51
1468,51
29498,51
5788,51
7829,51
14519,51
33935,51
24170,51
24810,51
28242,51
24748,51
29546,51
29760,51
22481,51
30424,51
24854,51
3444,51
13642,51
2879,51
9131,51
27912,51
26404,51
25433,51
31275,51
10373,51
3444,51
16964,51
7775,51
29892,51
34018,51
4608,51
3335,51
25503,51
29306,51
11267,51
17182,51
11872,51
25336,51
7078,51
9694,51
32801,51
33625,51
27775,51
34018,51
498,51
32613,51
5686,51
14311,51
9097,51
2579,51
13738,51
4023,51
1092,51
4748,51
11705,51
13943,51
3814,51
24810,51
10729,51
6444,51
15869,51
23247,51
29999,51
7813,51
606,51
13083,51
28840,51
31083,51
14799,51
4313,51
8340,51
9808,51
25070,51
8199,51
21494,51
21019,51
31638,51
2066,51
2343,51
6325,51
5010,51
7535,51
33828,51
7370,51
14801,51
937,51
6996,51
15756,51
8340,51
17204,51
29091,51
29297,51
21834,51
21834,51
8638,51
26213,51
29920,51
25405,51
15685,51
26700,51
29225,51
29579,51
7775,51
31446,51
2759,51
33695,51
21173,51
12155,51
5887,51
4220,51
2246,51
31288,51
7657,51
33156,51
32087,51
8230,51
13591,51
16725,51
8951,51
1762,51
29617,51
21373,51
30503,51
24387,51
2651,51
27829,51
28940,51
20683,51
25285,51
25458,51
5594,51
7763,51
6361,51
12041,51
7329,51
2852,51
5105,51
709,51
19903,51
27092,51
24845,51
15334,51
5924,51
1352,51
28506,51
28506,51
13162,51
16358,51
20181,51
33345,51
20744,51
12212,51
6277,51
15758,88
25923,88
21136,88
15508,88
424,88
10027,88
24729,88
34609,88
22640,88
24051,263
29615,263
9214,263
2872,263
25190,263
37197,263
22461,263
10748,263
29295,263
18449,263
3013,263
16578,263
7721,263
21041,263
10204,263
20017,263
20046,263
27759,263
5929,263
12552,263
17801,263
16325,263
20503,263
30242,263
1852,263
7022,263
11464,263
17642,263
3359,263
1444,263
20062,263
15766,263
13437,263
1767,263
14800,263
4232,263
19888,263
7175,263
28523,263
12890,263
29917,263
33515,263
28404,263
2965,263
3294,263
5473,263
1581,263
14100,263
5586,263
29092,263
7011,263
13372,263
9226,263
14050,263
28702,263
8519,263
4320,263
30582,263
10290,263
3001,263
288,263
21862,263
33036,263
33036,263
19779,263
18972,263
29308,263
34044,263
34044,263
34044,263
29063,263
7362,263
5566,263
19763,263
15927,263
6199,263
7856,263
4174,263
5780,263
16774,263
3297,263
31023,341
25021,341
33583,341
27832,341
26915,341
31809,341
27931,341
32054,341
24682,341
24247,341
24323,341
24286,341
23073,341
24295,341
24271,341
24273,341
24320,341
24296,341
24334,341
24317,341
24345,341
24307,341
24243,341
24328,341
24279,341
24226,341
24292,341
24237,341
24274,341
24264,341
24326,341
24342,341
24343,341
24322,341
24281,341
24256,341
24221,341
24311,341
24335,341
24302,341
24220,341
24306,341
24270,341
24282,341
24231,341
24333,341
24224,341
24304,341
24223,341
24252,341
24249,341
24330,341
24290,341
24309,341
24225,341
24288,341
24300,341
24277,341
24233,341
24229,341
24305,341
24312,341
24259,341
24291,341
24230,341
24297,341
24227,341
24276,341
24283,341
24614,341
24278,341
24315,341
24232,341
23555,341
24253,341
24244,341
23554,341
24316,341
24327,341
23556,341
24778,341
30017,341
31996,341
21528,341
17995,341
32810,341
31488,341
36177,341
13863,341
32620,341
20755,341
12025,341
36046,341
35416,341
17314,341
33229,341
21148,341
35546,341
28680,341
34646,341
29114,341
34124,341
33561,341
36235,341
14345,341
33844,341
36156,341
29644,341
27652,341
36525,341
35573,341
32858,341
36482,341
33908,341
22564,341
30220,341
21458,341
32705,341
36776,341
35572,341
19873,341
23537,341
35691,341
13015,341
34106,341
23591,341
29181,341
32000,341
36559,341
31930,341
22915,341
17861,341
33651,341
35450,341
25178,341
32577,341
36206,341
35837,341
36310,341
26232,341
33038,341
12225,341
32026,341
33543,341
35527,341
35717,341
30900,341
34384,341
27171,341
27086,341
21187,341
26015,341
25448,341
11849,341
32874,341
10892,341
25547,341
38172,398
23415,398
16182,398
20794,398
16769,398
21143,398
27773,398
19389,398
26207,398
24756,398
13847,398
18345,398
2775,398
25543,398
31354,398
26193,398
19212,398
14039,398
21417,398
34286,398
12995,398
17354,398
7064,398
38183,398
12242,398
14160,398
6548,398
9045,398
12925,398
3961,398
19722,398
30518,398
5284,398
34955,398
11879,398
11834,398
11834,398
20695,398
9370,398
17575,398
32415,398
36396,398
37578,398
3026,398
23254,398
9358,398
32211,398
28875,398
2694,398
23954,398
30239,398
32051,398
29468,398
10182,398
20684,398
29814,398
32278,398
32278,398
22562,398
21567,398
6952,398
17020,398
1536,398
957,398
24012,398
32964,398
7929,395
25538,395
21291,395
30727,395
32964,395
14739,395
459,395
30477,395
3975,395
36886,395
11057,395
6734,395
6062,395
3923,395
3671,395
11289,395
13452,395
12815,395
18021,395
13965,395
15846,395
34842,395
36886,395
38172,395
27795,395
11806,395
13150,395
8716,395
8679,395
2700,395
20858,395
16051,395
13095,395
19188,395
3964,395
26439,395
7432,395
2273,395
32772,395
4276,395
28495,395
26891,395
22266,395
36521,374
7920,374
35812,374
22268,374
33219,374
10252,374
6501,374
10272,374
10272,374
3832,374
24972,374
6823,374
2176,374
2615,374
19235,374
8681,374
28546,374
1395,374
16259,374
9271,374
25920,374
686,374
25920,374
28546,374
25474,374
14599,374
7240,374
9158,374
12626,710
18379,710
6062,710
12626,710
15466,710
20728,710
923,710
1275,710
13416,710
3583,710
579,710
17470,710
18609,710
15566,710
15566,710
2440,710
7206,710
15508,710
37975,710
36517,710
33194,710
28440,710
14218,710
22635,710
6712,710
193,710
22635,710
3921,710
6712,710
4161,710
447,710
13416,710
5929,710
27792,710
30315,710
11068,710
11100,710
27792,710
694,710
10895,710
19618,710
35323,710
10895,710
31148,710
27617,710
14996,710
6645,710
10249,710
25161,710
12763,710
20151,710
37937,710
35455,710
28124,710
28124,710
28124,710
28124,710
15038,710
18949,710
26378,710
6173,710
13372,710
4540,710
31348,710
8040,710
31348,710
8040,710
11202,713
23026,713
8072,713
526,713
33690,713
8072,713
27299,713
1900,713
9567,713
6414,713
21485,713
6421,713
1732,713
21185,713
33454,713
6999,713
34479,713
13531,713
37994,713
13967,713
23120,713
18325,713
20541,713
20386,713
27890,713
20386,713
21784,713
32950,713
27890,713
5564,713
27890,713
28825,713
5564,713
526,713
14339,713
18909,713
19066,713
18909,713
18909,713
28155,713
14278,713
18216,713
7945,713
20501,713
22819,195
20317,195
9302,195
26555,195
15516,195
36635,195
24483,195
1567,195
1231,195
14072,195
12506,195
15229,195
16601,195
15086,195
15421,195
10151,195
4027,195
15379,195
17301,195
15981,195
7650,195
25278,195
4505,195
7857,195
18777,195
9580,195
13265,195
8907,195
1985,195
5614,195
7166,195
1843,195
27811,195
9997,195
21451,195
25960,195
9310,195
3511,195
21646,195
25176,195
6760,195
10422,195
19483,195
30222,195
25035,195
11104,195
28377,195
26934,195
7560,195
3290,195
784,195
14294,195
35195,195
20898,195
1163,195
9946,195
28657,195
24895,195
14641,195
29235,195
12880,195
19952,195
22845,195
7636,195
30342,195
1842,195
19641,195
3108,195
36217,195
16343,195
14780,195
35062,195
25086,195
22076,195
37093,195
28847,195
240,195
17953,195
11365,195
22523,195
1035,195
16622,195
13835,195
4192,195
10830,195
4192,195
23586,195
32575,195
1357,195
31437,195
15308,195
10963,195
3534,195
2511,195
21426,195
5784,195
1383,195
16710,195
35366,195
7607,195
21270,195
31743,195
13237,195
12368,195
21270,195
10577,195
10952,195
7856,195
14720,195
3305,195
28366,195
34254,195
15035,195
29242,195
29656,195
29656,195
24564,195
3470,195
3305,195
34967,195
30518,195
14517,195
27129,195
13245,195
17363,195
15255,195
1986,195
20999,195
12537,195
21678,195
1883,195
35284,195
11858,195
28986,195
29029,195
23308,195
11082,195
4602,195
28799,195
35002,195
23382,195
20764,195
22931,20
8868,20
9266,20
22931,20
30995,20
10674,20
16677,20
19263,20
21937,20
31784,20
26602,20
26602,20
20141,20
220,390
7779,390
1025,390
8166,390
550,390
102,390
35819,390
31554,390
22037,390
571,390
32529,390
7929,390
35617,390
12871,390
17642,390
10408,390
36151,390
19870,390
26439,390
15199,390
32796,390
28463,390
1805,390
882,390
17011,390
1360,390
14879,390
10408,390
7513,390
36151,390
2571,390
34944,390
4508,390
2085,390
28463,390
33482,390
5369,390
36688,390
19712,390
9788,390
37286,390
35542,390
32904,390
440,390
12486,390
37286,390
31465,390
4032,390
10013,390
20120,390
15755,390
10790,390
5475,390
18049,390
29718,390
30878,390
10546,390
27649,390
10200,390
2082,390
593,390
730,390
3429,390
43,390
18245,390
221,390
221,390
19300,390
36396,390
8674,390
13206,390
8999,390
15316,390
6155,390
25763,390
24901,390
33868,390
36439,390
194,752
1550,752
31088,752
5057,752
20147,752
34826,752
8943,752
25751,752
8755,752
36816,752
10059,752
10876,752
12415,752
3347,752
732,752
10036,752
16640,752
10389,752
16640,752
6895,752
5746,752
8119,752
6178,752
8308,752
23534,752
6029,752
30511,752
5034,752
6178,752
10389,752
3310,752
6895,752
16621,752
25907,752
20442,752
38243,752
4239,752
7290,752
29252,752
17507,752
19455,752
24841,752
59,752
34100,752
25380,752
37898,752
1534,752
38445,752
38367,752
38367,752
9605,752
27998,752
2926,752
12919,752
26794,752
7345,752
10080,752
27216,752
8156,752
15092,752
15092,752
32188,752
13993,752
36816,752
15061,752
20374,752
31208,752
31208,752
20941,752
10200,389
32187,389
11940,389
381,389
10864,389
3696,389
38172,389
33482,389
9385,389
487,389
36521,389
1231,389
3901,389
21696,389
5500,389
9562,389
2823,389
13385,389
20339,389
828,389
27014,389
1896,389
19092,389
1583,389
22345,389
3281,389
7617,389
10252,389
8663,389
18852,389
585,389
29403,389
7423,389
21716,389
1431,389
25908,389
35930,389
3873,389
16708,389
13482,389
24404,389
18852,389
2823,389
32520,389
401,389
23331,389
28200,389
6258,389
11251,389
17395,389
21605,389
15582,389
27384,389
105,389
26932,389
3842,389
22984,389
7265,389
3044,389
18778,389
22310,389
37535,389
21582,389
25605,389
12663,389
23991,389
580,389
35410,389
9617,389
1313,389
23227,389
19059,389
25133,389
29557,389
1095,389
11298,389
35952,389
7586,389
20365,389
302,389
1599,389
12576,389
26258,389
35220,389
21591,389
550,389
32878,389
19099,389
10625,389
20544,389
871,389
6771,389
10596,389
1633,389
581,389
9390,389
36211,389
32193,389
33769,389
15616,389
3997,389
31107,389
3305,389
30498,389
30338,389
9133,389
20017,389
1581,389
20348,389
30338,389
28724,389
5447,389
17785,389
22453,389
37800,389
24069,389
28162,389
6686,389
21318,389
34939,389
31939,389
396,389
15427,389
27991,389
29073,389
15901,389
25278,389
14245,389
34420,389
22214,389
3356,389
12101,389
8270,389
35601,389
7197,389
30967,389
8574,389
6933,389
12690,389
36841,389
6384,389
2619,389
8835,389
3574,389
29970,389
29108,389
648,389
33383,389
5234,389
16956,389
24054,389
11731,389
31314,389
25213,389
1585,389
38442,389
3298,389
12598,389
3969,389
20044,389
1754,389
4593,389
8662,389
32300,389
16078,389
17192,389
30984,389
17001,389
23798,389
1772,389
28687,389
17001,389
26393,389
16377,389
25529,389
23264,389
895,389
4311,389
21922,389
22624,389
6082,389
11763,389
1919,389
8913,389
5816,389
635,389
20816,389
34746,389
20124,389
55,389
36283,389
2623,389
976,389
11427,389
20160,389
30455,389
11330,389
19390,389
36396,389
959,389
13576,389
36790,389
4449,389
23046,389
17508,389
36224,389
36949,389
23206,389
23320,389
22613,389
13620,389
264,389
6545,389
5060,389
1194,389
18159,389
8875,389
7923,389
31815,389
12197,389
31517,389
34910,389
5347,389
34325,389
20225,389
15996,389
6894,389
7661,389
35232,389
25229,389
14326,389
26335,389
571,389
15795,389
3451,389
25603,389
11796,389
4952,389
35257,389
15764,389
16559,389
36927,389
5350,389
10112,389
6716,389
21011,389
37402,389
929,389
13845,389
12890,389
5569,389
14914,389
11222,389
6767,389
4247,389
9907,389
19657,389
4761,389
18056,389
9238,389
22872,389
28041,389
31964,389
22872,389
684,389
6716,389
25006,389
10112,389
37637,389
37539,389
20155,389
1336,389
32669,389
22539,389
25698,389
3964,389
2938,389
23043,389
8551,389
36627,389
17503,389
27607,389
7658,389
9281,389
36349,389
23204,389
28461,389
19035,389
27815,389
2134,389
611,389
11125,389
16441,389
37383,389
12712,389
29282,389
19171,389
30624,389
790,389
22523,389
10327,389
23392,389
33889,389
32044,389
31895,389
25827,389
432,389
10694,389
26256,389
20278,389
7392,389
7475,389
23464,389
10770,389
37524,389
30971,389
9419,389
26208,389
34182,389
27134,389
11831,389
14579,389
14941,389
9035,389
37273,389
10586,389
38194,389
8797,389
24260,389
27953,389
1362,389
2263,389
9534,389
279,389
29482,389
36771,389
4124,389
18613,389
10357,389
18926,389
29003,389
37694,389
21291,389
18736,389
10907,389
35392,389
12707,389
7013,389
14675,389
15199,389
6950,389
21270,389
2521,389
31672,389
27222,389
17444,389
20692,389
2922,389
28401,389
22932,389
11309,389
25837,389
24695,389
5148,389
4584,389
34648,389
151,389
30808,389
36746,389
10590,389
9035,389
1345,389
3118,389
25017,389
19338,389
4192,389
10817,389
751,389
30198,389
34016,389
16179,389
17444,389
37578,389
16433,389
21878,389
37063,389
18093,389
6312,389
12018,389
4169,389
32644,389
13805,389
20045,389
32283,389
37681,389
5055,389
35111,389
31885,389
24954,389
29596,389
16600,389
6853,389
11594,389
1119,389
28109,389
14531,389
30190,389
1192,389
7614,389
37442,389
32820,389
2922,389
34241,389
35466,389
775,389
37729,389
17554,389
31491,389
25384,389
34037,389
15927,389
20387,389
4459,389
21567,389
10748,389
29387,389
9781,389
13569,389
4217,389
8544,389
4909,389
33992,389
33409,389
11832,389
17434,389
33646,389
7890,389
13005,389
27395,389
22018,389
5504,389
1315,389
31782,389
34496,389
13200,389
27128,389
10257,389
33516,389
9823,389
16942,389
29563,389
15975,389
28118,389
13432,389
26988,434
4986,434
8945,434
144,434
28864,434
8168,434
15894,434
8168,434
23240,434
38152,434
28371,434
11479,434
15570,434
7005,434
36419,434
17072,434
18635,434
31876,434
6183,434
23480,434
32953,434
15797,434
36770,280
35610,280
8941,280
7290,280
36066,280
3488,280
22100,280
15927,280
7929,280
25614,280
3291,280
29267,280
1999,280
12986,280
14879,280
14733,280
3717,280
27858,280
1617,280
1858,280
13946,280
5145,280
22363,280
22778,280
34102,280
7571,280
28965,280
322,280
17132,280
34102,280
31961,280
17813,280
20203,280
7984,280
434,280
19236,280
8414,280
6250,280
28701,280
31491,280
11804,280
7155,280
19320,280
3820,280
10280,280
448,280
5520,280
11693,280
33202,280
10280,280
35830,280
885,280
12579,280
29995,280
21959,280
23629,280
26819,280
21898,280
2313,280
8361,280
29747,280
24443,280
25072,280
4940,280
7233,280
37002,280
1411,280
34037,280
3165,280
5832,280
26673,280
19064,280
32419,280
20805,280
22024,280
1196,280
16291,280
20303,280
33904,280
2272,280
7972,280
16584,280
4431,280
9436,280
16884,280
7453,280
30155,280
6551,280
16530,280
7649,280
36955,280
20585,280
558,280
31068,280
12875,280
25086,280
27811,280
35089,280
16915,280
5993,280
36787,280
32904,280
36278,280
7783,280
36278,280
31723,280
7783,280
6143,280
1224,280
23974,280
19591,280
28696,280
6766,280
23276,280
5309,280
13081,280
16498,280
26269,280
28401,280
36990,280
24571,280
36447,280
23859,280
7302,280
17721,280
16163,731
24498,731
13256,731
24657,731
24657,731
11554,731
25145,731
25145,731
21094,731
36840,731
36840,731
10751,698
19355,698
19355,698
13730,698
12344,698
10195,698
12441,698
15725,698
29341,70
16208,70
17753,70
20017,70
32804,70
25004,70
5810,70
24687,70
2468,70
9143,70
27158,70
7969,70
32576,70
28973,70
22525,70
34071,70
28983,70
4283,70
11520,70
14494,70
3796,70
36,70
9114,70
482,70
15634,70
8623,70
28549,70
26543,70
14975,70
14894,70
14355,70
17655,70
13379,70
11037,70
31170,70
12159,70
12220,70
16563,70
25729,70
11938,70
25522,70
4867,70
23924,70
15687,70
22295,70
25843,70
34612,70
7150,70
16443,70
5880,70
7142,70
26370,70
31339,70
22689,70
13246,70
31300,70
12983,177
21912,177
547,177
10910,177
8392,177
25447,177
31423,177
2577,177
14411,177
25516,177
26541,177
35758,177
19909,177
19835,177
24043,177
17733,177
3043,177
2164,177
6599,177
22247,177
33349,177
11288,177
5808,177
7403,177
21495,177
24617,177
34148,177
18836,177
16401,177
10416,177
24659,177
27074,177
29272,177
27434,177
29667,177
23720,177
6483,177
3544,177
13787,177
15256,177
20662,177
1949,177
2033,177
22644,177
27834,177
21060,177
13285,177
29442,177
33758,177
9882,177
27385,177
23238,177
8077,177
10397,177
16260,177
11370,177
23416,177
27352,177
5688,177
17050,177
9690,177
12800,177
20437,177
11742,177
30748,177
22837,177
12017,177
36888,177
13766,145
32344,145
31794,145
5555,145
114,145
25439,145
16775,145
8966,145
3005,145
8520,145
23335,145
10960,145
8197,145
13478,145
10921,145
24363,145
5876,145
19208,145
5487,145
21938,145
2706,145
1639,145
763,145
4258,145
33529,145
15597,145
29009,145
13801,145
27010,145
16555,145
1758,577
2461,577
30254,577
22723,577
6866,577
38382,577
17103,577
29983,577
5505,577
11005,577
11,577
15420,577
32268,577
13616,577
29342,577
13736,577
13079,577
25546,577
223,577
9101,577
2459,577
7822,577
35922,577
27400,577
37073,577
1790,577
9550,577
9927,577
17168,577
24990,577
35147,577
21729,577
36567,577
21034,577
26625,577
11716,577
3169,577
1955,577
15049,577
38604,577
6860,577
37861,577
30968,577
18507,577
959,577
12812,577
37655,577
29356,577
37882,577
17005,577
23246,577
32331,577
6081,577
38246,437
13956,437
12731,437
22610,437
10029,437
36441,437
23216,437
23260,437
11598,437
18189,437
33235,437
19959,437
6161,437
2706,437
24121,437
23677,437
18635,437
4396,437
26921,437
5298,437
25695,437
19500,437
19150,437
28374,437
24626,437
21356,586
6437,586
9508,586
856,586
29638,586
9890,586
12733,586
22077,586
35292,586
632,586
6301,586
19788,586
18915,586
12060,586
33850,586
12402,586
22341,586
37486,586
31971,586
18928,586
31124,586
14760,586
15367,586
15640,586
13384,586
12566,586
29321,586
5821,586
3064,586
2302,586
1894,586
13745,586
28725,586
23478,586
1952,586
15334,586
3925,586
4959,586
5079,586
3697,586
38197,586
29503,586
10954,586
7758,586
5377,586
16669,586
11026,586
14059,586
31681,586
26237,586
23538,586
7007,586
8115,586
22796,586
31142,586
5717,586
20089,586
9364,586
36446,586
26165,586
20272,586
658,586
34063,586
27255,586
26148,586
38142,586
27382,586
2932,586
12426,586
37034,586
6014,586
2357,586
3977,586
20613,586
2585,586
3009,586
12148,586
37988,586
4575,586
8055,586
15604,586
14631,586
5665,586
8428,586
9009,586
31325,586
5815,586
31000,586
25134,586
37163,586
726,586
958,586
33306,586
35882,586
38520,586
5030,586
14171,586
10303,586
27787,586
31395,586
29613,586
14447,586
5221,586
26433,586
34201,586
13155,586
12310,586
32192,586
3581,586
8123,586
4765,703
36492,703
7859,703
17287,703
29079,703
23152,703
30879,703
38482,703
22681,703
25960,703
17756,703
26320,703
17893,703
25752,703
13394,703
36299,703
24324,703
34456,703
11060,703
7142,703
25201,703
6054,703
28513,703
484,703
22742,703
32633,703
31866,703
8162,703
13314,703
32960,703
33394,703
18443,703
2542,703
25597,703
4659,703
30225,703
28017,703
3384,703
16694,703
32095,703
30528,703
26806,703
33753,703
29552,703
17017,703
28247,424
33502,424
15919,424
31087,424
37135,424
27822,424
36825,424
17500,424
29712,424
22930,424
36685,424
12630,424
17963,424
22275,424
19546,424
27830,424
36978,424
26368,424
31225,424
31021,424
37237,424
30682,424
8163,424
26991,424
29608,424
24251,424
20045,424
33162,424
6430,424
25163,424
34255,424
37524,424
4353,424
32211,424
18816,424
6643,424
37664,424
31735,424
1376,424
19365,424
24354,424
461,424
8242,424
15196,424
14024,424
19074,424
29812,424
36406,424
35882,424
26640,424
25730,424
29877,424
16335,424
38108,424
18327,424
21552,424
7214,424
17726,424
20582,424
11476,424
19612,424
25771,424
25771,424
7811,424
28665,424
3009,424
29397,424
17534,424
35106,424
12551,424
558,424
5677,755
3777,755
4201,755
24266,755
28457,755
11826,755
27885,755
15324,755
8979,755
8146,755
4463,755
6248,755
14719,755
4119,755
10648,755
13898,755
16255,755
16533,755
14502,755
21931,755
8571,755
613,755
33727,224
10678,224
14383,224
34888,224
2570,224
16608,224
21529,224
9791,224
37201,224
31800,224
29295,224
25752,224
15406,224
11884,224
32961,224
33770,224
23509,224
6392,224
15436,224
26145,224
7927,224
35542,224
26926,224
23197,224
36515,224
12124,224
4052,224
4474,224
31148,224
35655,224
24941,224
28283,224
30047,224
29852,224
20845,224
26876,224
15410,224
32060,224
34276,224
21935,224
22123,403
6267,403
22945,403
8361,403
35256,403
18834,403
7688,403
10546,403
33335,403
30037,403
19074,403
20163,403
8663,403
8773,403
23572,403
13946,403
10182,403
3601,403
12059,403
29162,403
32419,403
3954,403
397,403
6155,403
20865,403
15238,403
7650,403
148,403
38172,403
10936,403
1620,403
1305,403
36521,403
6612,403
31115,403
437,403
10936,403
35648,403
36396,403
32271,403
1283,403
34337,403
36137,403
2621,403
11147,403
38317,403
18503,403
32792,403
23050,403
6299,403
32437,403
37733,403
28226,403
12913,403
25085,403
920,403
37010,403
1380,403
6411,403
29166,403
23566,403
21255,403
17924,403
612,403
4648,403
2272,403
20928,403
28620,403
34634,403
24671,403
28219,403
17524,403
9519,403
3165,403
24991,403
33515,403
26329,403
19703,403
35612,403
27969,403
27969,403
24861,403
27969,403
13569,403
28261,403
28891,403
22087,403
16900,403
9045,403
23142,403
24552,403
33473,403
6232,403
4259,403
5958,403
1792,403
1244,403
11602,403
6869,403
10391,403
17272,403
35690,403
10391,403
19892,403
14239,403
22562,403
14879,403
23759,403
36844,403
17834,403
14807,403
21593,403
22646,403
25009,403
14372,403
11250,403
18525,403
30003,403
8058,403
2086,403
30560,403
3685,403
17782,403
10791,403
17431,403
3327,403
30618,403
13257,403
34878,403
853,403
23954,403
1483,403
757,403
2453,403
3912,403
30995,403
24339,403
33265,319
14962,319
1096,319
9836,319
9751,319
15507,319
32777,319
11171,319
11431,319
20971,319
6179,319
11775,319
296,319
37953,319
14730,319
24434,319
898,319
10654,319
36036,319
29026,319
420,319
31949,319
2851,319
2614,319
12744,319
37946,319
22072,319
23240,319
1907,319
9396,319
6649,319
38012,319
33180,319
32197,319
37034,319
6183,319
31374,319
19522,319
35495,319
12451,319
14006,319
719,319
26892,774
9021,774
32780,774
37583,774
19605,774
10645,774
25974,774
6407,774
22707,774
20076,774
30740,774
14387,774
16149,774
14763,774
13361,774
32465,774
17045,774
18534,774
13100,774
2847,774
4984,774
4984,774
2847,774
381,774
30263,774
28612,774
35086,774
27073,774
36202,354
28543,354
23252,354
33098,354
14340,354
3946,354
13692,354
2825,354
24023,354
25528,354
3986,354
4855,354
32224,354
4381,354
20117,354
38123,354
3090,354
1071,354
13422,354
18031,354
808,354
6728,354
28869,354
4036,354
25152,354
25799,354
3579,354
9355,354
10611,354
1114,354
30431,354
33788,354
4421,354
19854,354
2336,354
32223,354
34029,354
795,354
30222,354
11824,354
16672,354
9355,354
37942,354
5186,354
29524,354
1740,354
29362,354
19918,354
991,354
12740,354
17195,354
19923,354
26908,354
19441,354
4037,354
36202,354
24151,354
5043,354
6096,354
18445,354
27397,354
16978,354
3948,354
23992,354
3864,354
37061,354
30517,354
25427,354
28141,354
23927,354
18915,354
25148,354
3009,354
20721,354
1027,354
5933,354
25468,354
20664,354
32196,354
31971,354
37884,354
8684,354
37884,354
8194,354
6814,354
1027,354
25290,354
13247,354
3700,354
25988,354
15607,354
34263,354
29230,354
3159,354
20504,354
36574,354
21554,354
25653,354
36277,354
37125,354
1345,354
21898,354
15370,354
15219,354
18467,354
31828,354
26195,354
22354,354
33110,354
6024,354
9848,354
31828,354
26991,354
34916,354
36955,354
8926,354
11693,354
33545,354
4627,354
30117,354
38006,354
26685,354
8721,354
5830,354
16109,354
7256,354
36715,354
883,354
12633,354
20136,354
35357,354
24133,354
25723,354
32208,354
13834,354
29230,354
5513,354
18027,354
25396,354
19516,354
9320,354
36521,354
33534,354
13437,354
11176,354
29939,354
7675,354
37884,354
17850,354
12279,354
29804,354
20923,354
2129,354
3443,354
16222,354
6194,354
4564,354
13047,354
10568,354
8056,354
5291,354
27922,354
21505,354
9540,354
29632,354
26620,354
1124,354
29377,354
28224,354
3768,354
23839,354
27293,354
25281,354
25315,354
1548,354
32158,354
6054,354
28820,354
2774,354
6826,354
33263,354
2552,354
2123,354
26366,354
2164,354
13355,354
736,354
3694,354
8475,354
21636,354
3490,354
8574,354
31054,354
25293,354
13299,354
19111,354
29356,354
7326,354
1511,354
22110,354
433,354
32342,354
29252,354
11049,354
22652,354
4281,354
9002,354
25599,354
29282,354
23657,354
13451,354
23657,354
35000,354
23786,354
15320,354
7323,354
29029,354
31345,354
22405,354
32219,354
21688,354
7649,354
32807,354
31371,354
12029,354
20133,354
9400,354
36616,354
26289,354
9044,354
2378,354
38022,354
6987,354
24534,354
30992,354
28710,354
16652,354
13624,354
16230,354
31656,354
13314,354
29517,354
21694,354
20213,354
27754,354
21791,354
24833,354
25273,354
4333,354
32052,354
37434,354
16319,354
24983,354
15328,354
15684,354
21257,354
9355,354
34873,354
23481,354
27736,131
7156,131
15034,131
4001,131
26129,131
25251,131
13401,131
25693,131
19782,131
4091,131
17632,131
30988,131
9916,131
8335,131
27211,131
33338,131
8209,131
22832,131
1821,131
18058,131
25912,131
7238,131
24729,131
3966,131
6855,131
297,131
23319,131
26828,131
14664,131
11521,131
4581,131
10238,131
27351,131
2449,131
33879,131
6948,131
27439,131
23670,131
22781,131
32413,131
19824,131
22525,131
13124,131
20057,76
22968,76
24745,76
34828,76
27685,110
30929,110
22582,110
9257,110
26154,110
34340,110
22619,110
4624,110
13647,110
22497,110
26431,110
15857,110
22532,110
22708,110
27939,110
7157,110
21455,110
26280,110
19818,110
34096,110
25003,110
9879,110
34609,110
5822,110
24375,110
26897,110
27581,110
16756,110
24965,110
8337,110
5094,110
16489,110
6578,110
31095,110
15670,217
17738,217
335,217
30502,217
7859,217
2761,217
11527,217
5031,217
35108,217
28058,217
17414,217
15411,217
30390,217
3437,217
2422,217
23351,217
10363,217
5559,217
33756,217
1418,217
32660,217
11681,217
1532,217
18143,217
5957,217
34829,217
7929,217
33996,217
3543,217
17001,217
29631,217
12670,217
29105,217
37638,217
28213,217
13756,217
9086,217
24109,217
34296,217
22210,366
2685,366
11216,366
7153,366
8521,366
10713,366
24140,366
35693,366
30102,366
34727,366
37561,366
5826,366
15721,366
21106,366
16386,366
24605,366
19126,366
21650,366
1958,366
3147,366
2804,366
28121,366
3274,366
25801,366
36587,366
22132,366
21650,366
22132,366
10136,366
33455,366
14130,366
24877,366
7776,366
21650,366
7715,366
2804,366
32792,366
4711,366
3549,366
21942,670
21397,670
31873,670
7438,670
23123,670
29716,670
15058,670
32445,670
38166,670
35292,670
32338,670
35683,670
11149,670
25149,670
33360,670
24995,670
18476,670
3029,670
6697,670
25773,670
31224,670
20255,670
20798,670
13094,670
7542,670
28553,670
34474,670
13348,670
22418,670
34858,670
32980,670
15502,670
21462,670
31385,670
7,670
37650,670
25975,670
4162,670
32465,670
3034,670
38625,670
13252,670
25201,670
38389,670
35926,670
17816,670
37947,670
38532,670
12749,670
28547,670
35306,670
10626,670
36646,670
2456,670
18210,670
21692,670
5497,670
18210,670
6805,670
18210,670
25974,670
34298,670
12961,670
30854,670
33555,670
35684,670
38492,670
5101,670
3995,670
19642,670
38743,670
17191,106
33931,106
18730,106
19471,106
24141,106
19167,106
13386,106
28212,106
6861,330
19334,330
14859,330
19334,330
14859,330
16847,330
16945,330
38063,330
32538,330
26496,330
24581,330
19852,330
25759,330
2016,330
27111,330
3194,330
11323,330
18175,330
21351,330
29502,330
19023,330
2550,330
20276,330
20833,330
12259,330
35882,330
33821,330
17825,330
21607,330
20628,330
3194,330
30625,330
4913,330
9904,330
36874,330
4477,330
16757,330
29589,330
6836,330
3102,330
31820,330
9400,330
29692,330
2466,330
34201,330
13826,330
19634,330
29363,330
2978,330
27177,330
38158,330
23930,330
35119,330
18881,330
36362,330
37910,330
18482,330
15629,330
22877,330
37910,330
37910,330
36073,330
35013,330
35013,330
23930,330
17368,330
28983,330
27921,330
8365,330
15629,330
14315,330
21444,330
27127,330
26209,330
31520,284
37432,284
13459,284
14390,284
34519,284
28130,284
31301,284
30951,284
26806,284
29309,284
11884,284
32991,284
36034,284
37826,284
19797,284
36472,284
19600,284
35509,284
3893,284
37826,284
22516,284
26261,284
30155,284
3812,284
17911,284
8390,284
34928,284
37902,284
4692,284
28130,284
35742,284
28130,284
38017,284
28135,284
4260,284
37612,284
7415,284
777,284
20698,284
27818,284
27566,284
34717,284
11289,777
5463,777
1218,777
3094,777
12238,777
5409,777
243,777
6812,777
15400,777
8881,777
18745,777
9872,777
20688,777
18505,777
12609,777
995,777
28651,777
7275,777
20461,777
16519,777
21844,777
12147,777
8195,777
19400,777
19079,777
4206,777
20154,777
593,777
1663,777
12517,777
21252,777
13184,777
24013,777
10510,777
20547,777
25011,777
5499,777
29510,777
2088,777
30509,777
12637,777
15064,777
27987,777
3931,777
34266,777
5945,777
16487,777
6292,777
9790,777
34266,777
21532,777
13580,777
15911,777
24950,777
25113,777
10914,777
15078,777
30628,777
6731,777
28153,777
15833,777
8440,777
19509,777
5443,777
20190,777
454,777
16529,777
25961,777
5373,777
17830,777
11364,777
5320,777
9201,777
5090,777
35777,777
35777,777
1483,777
22893,777
157,777
3745,777
16482,777
3745,777
11986,777
12906,777
12753,777
8924,777
26318,777
21552,777
36982,777
37007,777
26624,777
37381,777
30754,777
1148,608
1048,608
8833,608
1562,608
27899,608
2355,608
639,608
8650,608
1916,608
15030,608
10358,608
4110,608
4466,608
8941,608
3689,608
18476,608
9452,608
22742,608
13995,608
23922,608
9804,608
21456,608
32381,608
37696,608
4391,608
3135,608
28599,608
26037,608
17245,608
29808,608
10283,608
18352,608
17880,608
5630,608
11169,608
9112,608
27905,608
2610,608
16388,608
8641,608
20404,608
22304,608
3867,608
18722,608
20564,608
30955,608
5340,608
26806,608
37023,608
34679,608
36211,608
33097,608
2411,608
28388,608
15367,608
3511,608
1521,608
11586,608
32158,608
8609,608
19797,608
33007,608
22245,608
9890,608
30160,608
31603,608
30431,608
19273,608
20117,608
15048,608
15509,608
9000,608
5321,608
12644,608
10240,608
37155,608
9854,608
4438,608
31271,608
38318,608
7811,608
37034,608
31412,608
28006,608
30624,608
30051,608
25397,608
16426,608
25917,608
25917,608
22131,608
25917,608
6657,608
33343,608
15305,608
7974,608
38182,608
18313,608
36095,608
29345,608
23419,608
4412,608
36357,608
18443,608
18139,608
21062,608
10929,172
23412,172
34506,172
33154,172
28175,172
5967,172
19525,172
27167,172
10609,172
8557,172
35758,172
16331,172
36382,172
24043,172
17733,172
37371,172
19852,172
8098,172
24287,172
26550,172
20575,172
19685,172
23076,172
37295,172
24777,172
14695,172
14219,172
13507,172
25568,172
22805,172
3714,172
12929,172
24062,172
13678,172
30442,172
29129,172
31495,172
7113,172
8759,172
28134,172
7220,172
25496,172
10068,172
26497,172
670,172
5396,172
17817,172
2164,172
23367,172
12074,172
34026,172
20712,172
11915,172
27075,172
174,172
23607,172
33568,172
13590,172
14154,172
28067,172
5656,172
34707,172
25515,172
23745,172
37248,172
28606,172
18966,172
30448,172
2575,172
26273,172
33917,172
12008,172
13998,172
8960,172
17202,172
4835,172
25215,172
19153,172
27819,172
22781,172
11792,172
4637,172
26355,172
9136,172
19534,172
34707,172
18571,172
37326,172
15469,172
10409,172
12314,172
34901,172
4701,172
20411,172
36670,172
13346,172
2678,172
9647,172
7477,172
27527,172
13277,172
13545,172
8181,172
14667,172
11307,172
934,172
32205,172
4385,172
8022,172
37156,172
16168,172
34714,172
13047,172
17196,172
9839,172
34173,172
21625,172
30031,172
34358,172
18760,172
28979,172
23496,172
7431,172
27067,172
15309,172
1810,172
5117,172
29265,172
32205,172
23025,172
34143,172
37259,172
17641,172
12244,172
14932,172
22455,172
13920,172
22366,172
6070,172
36365,172
32988,172
13128,172
8805,172
37416,172
24338,172
35427,172
12402,172
13743,172
24418,172
32125,172
22485,172
10010,172
11646,172
13472,172
15336,172
22378,172
14165,172
17847,172
23152,172
31884,172
14059,172
18586,172
28352,172
20089,172
20541,172
12266,172
13318,172
20251,172
19995,172
15558,172
23837,172
24467,172
5496,172
10742,172
20587,233
2443,233
22545,233
9891,233
30114,233
37112,233
34095,233
37864,233
4337,233
29859,233
34619,233
19450,233
33705,233
14003,233
10163,233
28979,233
11542,233
3948,233
14690,233
11764,233
4518,233
13900,233
19704,233
18749,233
37854,233
34391,233
4087,233
29944,233
17826,233
25116,233
16853,233
5018,233
23570,233
14867,233
5018,233
3526,350
5577,350
27763,350
2480,350
6857,350
19766,350
13184,350
30509,350
26183,350
30413,350
36634,350
23614,350
29068,350
10877,350
21081,350
32934,350
16585,350
31363,350
28580,350
16317,350
24904,350
29878,350
23579,350
9054,350
31363,350
19265,350
27981,350
9158,350
25745,350
25745,350
11909,350
20828,350
33793,350
7466,350
30735,350
1747,350
4580,350
4991,350
30022,350
24337,350
23673,350
20042,350
19265,350
19886,350
6583,350
23850,350
21000,350
27053,350
12050,350
1218,350
18900,350
11377,350
19265,350
9007,350
37741,350
31524,350
16069,350
37415,350
22013,350
16656,350
17984,350
10236,350
35237,350
17984,350
13635,350
10236,350
2516,350
10197,350
19881,350
29651,350
28926,350
18186,350
3062,350
34975,350
11909,350
23169,350
13353,350
17040,350
3452,350
20097,350
19970,350
6780,350
23102,350
31047,350
18533,350
17184,350
16301,350
34421,350
26176,350
14748,350
17699,350
25473,350
20661,350
3128,350
37137,350
2059,350
23648,350
7754,350
4520,350
24549,350
1614,350
36632,350
16496,350
22228,350
18365,350
12655,350
18006,350
5662,350
33454,350
17541,350
30857,350
19807,350
34345,350
11884,350
30495,350
31214,350
14534,350
13353,350
7363,350
16909,350
16399,350
7061,350
18807,350
36870,350
16399,350
7360,350
29197,350
15166,350
22824,350
16961,350
31312,350
31312,350
19544,350
16961,350
15399,350
36326,350
9100,350
8696,350
18365,350
31804,350
4348,350
5216,350
22957,350
17391,350
17391,350
17391,350
11397,350
18004,350
26342,350
5843,350
35888,350
19807,350
1199,155
11076,155
21535,155
15463,155
16783,155
9890,155
14418,155
10282,155
11127,155
28543,155
24298,155
7930,155
1372,155
34259,155
1907,155
24139,155
20946,155
22866,155
9068,155
18794,155
12764,155
22657,155
34172,155
27905,155
22657,155
24590,155
34185,155
11038,184
10335,184
18683,184
36225,184
8163,184
16850,184
11301,184
15015,184
6760,184
37035,184
18178,184
4855,184
35157,184
1383,184
15587,184
22648,184
37026,184
3381,184
35112,184
10008,184
13047,184
11055,184
20257,184
8160,184
18591,184
26111,184
17522,184
8372,184
7924,184
34204,184
14673,184
18046,184
23954,184
21441,184
28897,184
32964,184
26287,184
15715,184
7918,184
622,184
5545,184
17604,184
16834,184
8329,184
27090,184
11290,184
1999,184
21241,184
25898,184
19879,184
18200,184
5920,184
20112,184
7149,184
6530,184
16530,184
10385,184
12455,184
36929,184
17156,184
13431,184
31694,184
11509,184
36888,184
14378,184
38617,724
38397,724
32350,724
11391,724
5962,724
9302,724
27179,724
27818,724
26305,724
5143,724
11472,724
23391,724
38234,724
2138,724
15606,724
12218,724
10718,724
38240,724
19720,724
32173,724
12700,724
1106,724
26854,724
37120,724
1818,724
24684,724
28543,724
4245,724
37318,724
32553,724
29853,724
32703,724
13686,724
467,724
29362,724
9921,724
28971,724
21431,724
23581,724
33479,724
7562,724
16433,724
31064,724
31479,724
37105,724
37105,724
20871,724
33323,724
5234,724
3346,724
32953,724
30370,724
6107,724
14679,724
11031,724
3674,724
11989,724
12542,724
943,724
6516,724
8405,724
22224,724
19863,724
12063,724
13502,724
35869,724
14109,724
22887,724
16623,724
38536,724
34353,656
37267,656
35180,656
2598,656
15942,656
3446,656
1735,656
7552,656
18047,656
11624,656
11364,656
8814,656
8516,656
1379,656
5091,656
25599,656
33184,656
4457,656
2040,656
33607,656
20000,656
30855,656
21831,656
2931,656
20136,656
8954,656
20549,656
37500,656
18408,656
101,656
4835,656
18411,656
12401,656
15429,656
10447,656
3660,656
21827,656
37256,656
4520,656
2810,656
20588,656
35630,656
5076,656
32990,656
6948,656
34182,656
28058,656
18598,656
16140,656
15037,656
7363,656
7997,656
22096,656
1137,656
889,656
36109,656
24788,656
26530,656
11930,656
2440,656
14186,656
27042,656
17964,656
25376,656
15665,656
31567,656
4047,656
3856,656
7081,656
35510,656
31538,656
4849,656
31050,656
19259,656
8725,656
1683,656
26076,656
20105,656
2210,656
14545,656
24325,656
12115,656
5630,656
10396,656
31061,656
22718,656
22718,656
28439,656
35984,656
16314,656
11944,656
18207,656
23275,656
4991,656
31469,656
12239,656
12563,656
14090,656
2698,656
33992,656
13774,656
27644,656
28010,656
16545,656
12281,656
13494,656
22996,656
30062,656
37545,656
31294,656
13832,656
20105,656
7354,656
35202,656
17188,656
16406,656
36521,656
876,656
6248,656
28,656
10460,656
2695,656
36354,656
4261,656
24768,656
18456,656
7398,656
13408,656
34906,656
29706,656
8658,656
22463,656
12593,656
36781,656
25167,656
6225,656
20493,656
38153,656
27550,656
29992,656
15886,656
38200,656
20116,656
35254,656
5015,656
18928,656
32076,656
1974,656
30031,656
33762,656
824,656
37608,656
5544,656
33314,656
3565,656
35001,656
31742,656
18375,656
4305,656
1722,656
35983,656
20521,656
36276,656
23658,656
35254,656
3906,656
9365,656
17001,656
32247,656
11068,656
14395,656
18701,656
9479,656
35708,656
9282,656
9592,656
32815,656
28725,656
8421,656
22866,656
37846,656
35471,656
8473,656
24986,656
32322,656
20859,656
27953,656
22977,656
15254,656
34830,656
36007,656
1241,656
35610,656
16414,656
8941,656
5313,656
18855,656
570,656
11273,656
17816,656
8571,656
750,656
4165,656
6511,656
18986,656
10447,656
3548,656
27922,656
9743,656
38359,656
28543,656
31067,656
15228,656
14415,656
27688,656
2335,656
8475,656
36595,656
3549,656
3736,656
20164,656
24732,656
25641,656
15574,656
7845,656
31009,656
19602,656
18554,656
13662,656
6243,656
2629,656
18443,656
4712,656
32556,656
29552,656
31830,656
2683,656
2683,656
6626,656
26204,656
29321,656
15569,656
15086,656
487,656
21526,656
33006,656
13616,656
9636,656
3312,656
38406,656
30430,656
24182,656
10654,656
14898,656
21143,656
28107,656
37882,656
7188,656
2756,238
20802,238
5005,238
14459,238
25291,238
27037,238
5356,238
9791,238
26894,238
30994,238
2529,238
22866,238
36830,238
27571,238
8599,238
35604,238
6467,238
27237,238
28543,238
19751,238
20537,238
25429,238
12084,238
13624,238
12382,238
17199,238
36759,238
7772,238
16173,238
8599,238
24353,238
12584,238
7586,238
19282,238
24353,238
14101,238
29751,238
32644,238
3636,238
29524,238
6728,238
14378,238
23529,238
14174,238
30894,238
5812,238
15527,238
8244,238
17825,238
4892,238
21000,238
26392,238
18681,238
11929,238
9628,238
34201,238
7309,238
30981,238
25591,238
29051,238
24106,238
36924,238
10655,238
33396,238
27033,238
15213,238
17403,238
15809,238
3534,238
5556,238
21475,238
21088,116
7157,116
26565,116
4926,116
26375,116
26375,116
4987,116
7975,116
10642,116
17874,116
12436,44
30311,44
26596,44
16478,44
27106,44
14869,44
23350,44
32717,44
23544,44
26268,44
9523,44
27433,44
16398,44
25443,44
18810,44
31616,44
23125,44
27433,44
16798,44
14359,44
20194,44
24661,44
22137,44
31816,44
21967,44
16288,44
17390,44
9857,44
29167,44
17390,44
22728,44
25216,44
29447,59
26620,59
1338,59
15880,59
29307,59
8585,59
8032,59
2963,59
7948,59
7702,59
4084,59
13264,59
21941,59
24174,59
6087,59
1481,59
28380,59
26404,59
2628,59
19623,59
17747,59
7680,59
2711,59
23744,59
18646,59
17198,59
26212,59
33021,59
9462,59
14261,59
13301,59
32821,59
18927,59
16178,59
13513,59
19089,59
6340,59
15442,59
28908,59
27307,59
6052,59
21713,59
7657,59
3547,59
3748,59
910,59
21689,59
334,59
20733,59
28795,59
7963,59
20081,59
2831,59
4284,59
4284,59
31413,59
18496,59
26813,59
6847,59
16285,59
9941,59
11195,59
11195,59
10916,173
22065,173
12717,173
18329,173
22115,173
17343,173
18324,173
12602,173
16932,173
32310,173
25813,173
7889,173
2710,173
23412,173
9647,173
35109,173
9148,173
24617,173
19430,173
3043,173
18881,173
18055,173
13086,173
35112,173
25447,173
31206,173
15066,173
12490,173
16019,173
35280,173
31423,173
22544,173
5536,173
8351,173
33179,173
18389,173
8008,173
14708,173
14578,173
32252,173
35266,173
11345,173
17343,173
9882,173
12800,173
21211,173
25682,173
25672,173
15636,173
28645,173
4822,173
31909,173
10061,173
8090,173
1230,173
35266,173
5104,173
3171,173
12544,173
8656,173
33930,173
30631,173
29138,173
24015,173
17494,173
6227,173
14761,173
29733,173
18730,173
29430,173
21887,173
398,173
27424,173
10761,173
12582,173
3759,173
7285,173
24033,173
3795,173
15966,173
23238,173
1986,173
11685,173
8185,173
27216,173
36382,173
26799,173
7083,173
3759,173
12008,173
10409,173
27916,173
23670,173
11232,173
13576,173
24033,173
18574,173
36980,173
31923,173
15618,173
20626,173
8392,173
19964,173
8089,173
23880,173
1028,173
25515,173
25337,173
24287,173
19909,173
10963,173
29474,173
24033,173
7461,173
26630,173
24142,173
30448,173
24054,173
24647,173
27678,173
3759,173
20712,173
15930,173
23720,173
4175,173
28848,173
12244,173
37248,173
37295,173
23889,173
24164,173
11846,173
16742,173
33662,173
12472,173
15322,173
8607,173
35809,173
5590,173
19107,173
19647,173
13258,173
10950,173
1356,173
12745,173
18652,173
5590,173
32515,173
24062,173
12414,173
18748,173
27527,173
30140,173
4221,173
17574,173
28324,173
8421,173
7903,173
29272,173
5859,173
17821,173
30052,173
11288,173
4218,173
23338,173
14514,173
27352,173
34143,173
32677,173
4532,173
19383,173
33825,173
14477,173
22644,173
15807,173
20470,173
12379,173
27385,173
2055,173
21172,173
25058,173
22007,173
22140,173
11449,173
22590,173
20448,173
30396,173
34204,173
21213,173
10700,173
18770,173
1408,173
20868,173
26803,173
24501,173
27813,173
12630,173
13464,173
23244,173
19814,173
28657,173
12017,173
24875,173
36188,173
28771,173
28484,173
30875,173
33949,173
30781,173
33865,371
21109,371
17946,371
31241,371
34572,371
2561,371
7290,371
25912,371
30146,371
13445,371
17957,371
10169,371
36085,371
37394,371
29397,371
14658,371
14658,371
37625,371
26749,371
34188,371
26770,371
11435,371
237,371
13487,371
28226,371
22100,371
28566,371
28473,371
37867,371
29578,371
13196,371
26716,371
34166,371
21658,371
4063,371
4949,371
26363,371
22624,371
30986,371
14364,371
9180,371
21972,371
27523,371
30454,371
7841,371
7477,371
34530,371
15784,371
26481,371
25866,371
6170,371
30154,371
35194,371
21259,371
13889,371
5554,371
7554,371
8463,371
30009,371
34722,371
27940,371
35710,371
21143,371
7860,371
26179,371
23168,371
23168,371
30949,371
14282,371
32133,371
36266,371
17438,371
14527,371
15207,371
30326,371
24835,371
20861,371
3725,371
16542,371
35964,371
1563,371
33318,371
16530,371
38258,371
14793,371
38258,371
31103,371
38271,371
21221,371
13266,371
29047,371
20269,371
6317,371
12003,371
851,371
13676,371
32058,371
34187,371
4884,371
25749,371
24151,371
19992,371
34068,371
36650,371
31355,371
25173,371
19920,371
26293,371
22228,371
18252,371
10521,371
35882,371
26977,371
8582,371
9768,371
24006,371
36911,371
16087,371
30535,371
16053,371
24045,371
25328,371
16007,371
27499,371
21792,371
12651,371
36091,371
36091,371
11438,371
28707,371
33068,371
33854,371
26152,371
36412,371
21013,371
22927,371
37867,371
835,258
18152,258
36239,258
31949,258
31634,258
3165,258
5063,258
7584,258
14428,258
23440,258
17349,258
12113,258
20314,258
8460,258
985,258
29089,258
23240,258
27980,258
20888,258
30985,258
26009,258
20888,258
37034,258
26009,258
37046,258
34362,258
11775,258
7066,258
22255,258
2222,258
4278,258
26151,258
26395,258
5639,258
18038,258
8364,258
5005,258
20068,258
5740,258
5740,258
27949,136
10886,136
2116,136
33588,136
27122,136
13766,136
17122,136
2909,136
21767,136
1740,136
7165,136
6756,136
926,136
15266,136
19763,136
19273,136
25726,136
22708,136
16507,136
30964,136
33818,136
16505,136
28942,136
34666,136
21500,136
2045,136
1875,136
1089,136
15908,136
4849,136
6620,136
12010,337
12600,337
21803,337
37822,337
19023,337
33406,337
37445,337
26733,337
16982,337
31750,337
18631,337
32127,337
35932,337
11032,337
25084,337
7655,337
31727,337
36965,337
8601,337
31484,337
10646,337
37676,337
37060,337
37444,337
18855,337
19190,337
38264,337
16222,337
17852,337
15795,337
31422,337
33153,337
23014,337
19516,337
10650,337
37673,337
30247,337
849,337
27364,337
7076,337
37201,337
22360,337
19789,337
29607,337
22038,337
7804,337
23714,337
6409,337
17611,337
37641,337
30133,337
37068,337
18102,337
11545,337
5973,337
5516,337
16344,337
19676,337
31061,337
36403,337
12476,337
21503,337
22845,337
22997,337
5611,337
34832,337
33323,337
16042,337
31198,337
30780,337
3943,337
22458,337
13734,337
743,337
33423,337
31493,337
33323,337
15027,337
31545,337
13915,337
12078,337
12399,337
6730,337
37853,337
23568,337
37862,337
37862,337
23382,337
5870,337
17265,337
37215,337
4622,337
12142,337
1148,337
7258,337
16379,337
26209,337
24809,337
20683,337
2999,337
25466,337
2214,337
199,337
5879,337
9589,337
14122,337
29399,337
19499,337
37124,337
19798,337
17875,337
26348,337
2771,337
27413,337
14725,337
31781,337
8176,337
19724,337
18337,337
30870,337
32815,337
15328,337
5752,337
32910,337
19530,337
23185,337
8365,337
27397,337
23366,337
34506,337
18642,337
28107,337
31827,337
31368,337
25037,337
22877,337
36687,337
1746,337
35059,337
9183,337
33418,337
23298,337
25519,337
4428,337
34052,337
35198,337
719,337
14006,337
19955,337
5432,337
2586,337
28929,337
34988,337
35845,337
34715,337
23096,337
27857,337
1127,337
19242,337
23271,337
2827,218
34254,218
14841,218
30002,218
23147,218
36647,218
9542,218
16801,218
14560,218
5570,218
4804,218
17530,218
11310,218
34301,218
20389,218
29398,218
16877,218
31467,218
25088,218
25761,218
14560,218
24041,218
9226,218
22976,218
11266,218
19212,218
22562,218
12623,218
24668,218
4174,218
17530,218
29995,218
10787,218
1737,218
24668,218
37039,218
29616,218
28378,218
32286,218
1009,218
29017,218
11666,218
3884,218
449,218
19939,218
35610,218
5117,218
19591,218
20219,218
37115,218
32867,218
14613,218
292,218
16912,218
7704,218
13670,218
1392,218
5082,218
13441,218
1367,218
29063,218
921,218
29211,218
33298,218
24550,218
18384,218
34833,218
35111,218
24550,218
18384,218
19888,218
23460,218
1737,218
35612,218
31254,218
22266,218
18444,218
18444,218
21847,218
2630,218
34270,218
21847,218
24109,218
17024,218
23604,218
2982,218
22255,218
22715,223
14269,223
6275,223
20720,223
9189,223
8389,223
189,223
9812,223
1138,223
11139,223
449,223
33459,223
449,223
11139,223
29159,223
8330,223
11728,223
24128,223
28958,223
12293,223
6218,223
2485,223
3020,223
9901,223
36583,223
29573,223
36653,223
19046,223
13502,223
35354,223
14769,223
19148,223
12579,223
33160,223
21530,223
8164,223
19972,223
13595,223
27609,223
30412,223
21833,223
33016,223
25013,223
11564,223
2549,223
20559,223
27867,223
3244,223
2321,223
5224,223
35651,223
1566,223
18587,223
4454,223
1892,223
5055,223
29614,223
16249,223
23904,223
6177,223
19648,223
1824,223
2995,223
3045,223
31784,223
928,223
3965,223
2134,223
13130,223
35983,223
21517,223
22316,223
11760,223
4,223
11708,223
35626,223
32646,223
3865,223
12709,223
15490,223
15312,223
32765,223
28120,223
13693,223
10667,223
35957,223
1428,223
25011,223
32089,223
6112,223
9403,223
7586,223
32018,223
14049,223
16388,223
21240,223
9687,223
35668,223
23248,223
26143,223
1357,223
5473,223
2251,223
23128,223
1510,223
37604,223
18853,223
6974,223
21401,223
1688,223
18383,223
8009,223
20208,223
31099,223
1741,223
19763,223
9006,223
18399,223
5524,223
33309,223
11936,223
21142,223
9862,223
18356,223
7360,223
14462,223
17491,223
5900,223
19823,223
16648,223
16434,223
16597,223
13116,223
4275,223
4090,223
326,223
16794,223
2869,223
19400,223
8195,223
22037,223
21377,223
8026,223
19262,223
2895,223
13297,223
13798,223
15615,223
5641,223
7605,223
11763,223
6555,223
17138,223
20238,223
34990,223
7330,223
8869,223
25531,223
11299,223
30949,223
12986,223
6637,223
22054,223
4561,223
32406,223
13537,223
25141,223
2003,223
32852,223
28600,223
2490,223
6952,223
21801,223
1392,223
22005,223
13882,223
10141,223
28862,223
31773,223
11875,223
4398,223
2520,223
11505,223
9458,223
18450,223
14283,223
15778,223
12716,223
2065,223
24885,223
12128,223
1924,223
22624,223
31443,223
29330,223
6308,223
30485,223
15300,223
13980,223
5570,223
12213,223
10681,223
33779,223
28423,223
4484,223
25778,223
11602,223
4713,223
17228,223
21378,223
20935,223
32876,223
13811,223
23159,223
12165,223
5715,223
3133,223
37260,223
5041,223
23194,223
2565,223
32766,223
24570,223
30352,223
6199,223
29162,223
9720,223
243,223
9543,223
21411,223
643,223
13334,223
3824,223
19317,223
9133,223
7175,223
4251,223
24855,223
12886,223
15238,223
6111,223
1293,223
19649,223
31475,223
29367,223
10817,223
11888,223
32665,223
701,223
29588,223
21998,223
1292,223
10124,223
18887,223
2325,223
6745,223
3583,223
21331,223
9467,223
33769,223
14259,223
20080,223
33330,223
9472,223
16102,223
25953,223
30971,223
18118,223
5971,223
17006,223
5566,223
16150,223
13660,223
20415,223
21291,223
28073,223
31755,223
18193,223
21004,223
20549,223
13,223
2408,223
1600,223
2131,223
18969,223
4413,223
11999,446
17404,446
22250,446
11999,446
20399,446
20598,446
12441,446
37515,446
7607,446
665,446
24388,446
22114,148
654,148
4728,148
8467,148
15696,148
3649,148
18304,148
11117,148
12609,148
6149,148
30927,148
18313,148
1928,148
15968,148
8311,148
22114,148
18159,148
21456,148
12959,148
13094,148
14281,148
5439,148
17371,148
17072,148
24446,148
33265,148
1155,148
20609,148
7170,148
11698,148
17608,148
3680,148
35460,148
7023,148
10194,148
539,148
885,148
31357,148
15174,148
34783,148
27175,148
18063,148
22151,148
33007,148
12960,148
5756,148
5767,148
1244,148
15016,148
26615,148
27868,148
23672,148
1086,148
3805,148
16035,148
2680,148
13992,148
3356,148
25789,148
18443,148
12039,148
28384,148
24638,148
14729,148
28752,148
13780,148
10129,148
17117,148
21238,148
5604,148
14010,148
10716,148
1089,148
8071,148
29331,148
15565,148
9619,148
3879,148
21526,148
25686,148
9823,148
30784,148
11336,148
28237,148
3969,148
34632,148
8369,148
3179,148
8311,148
968,148
6990,148
3950,148
9250,741
25955,741
30450,741
16566,741
8153,741
17571,741
30902,741
29541,741
21899,741
20765,741
10894,741
34201,741
959,741
28056,741
34292,741
18030,741
22560,741
36913,741
25044,741
1032,741
9323,741
21784,741
28531,741
26133,741
15230,741
13274,741
17697,741
37393,741
21794,229
32983,229
6765,229
23719,229
33136,229
9821,229
5032,229
15459,229
32485,229
20313,229
29487,229
10327,229
35038,229
21344,229
5190,229
13362,229
16247,229
10375,229
4094,229
4138,229
6431,229
27135,229
18732,229
30681,229
17190,229
752,229
9390,229
22255,229
18503,229
2329,229
2329,229
26358,229
33136,229
24042,229
26793,229
5092,229
28341,229
8180,229
25204,229
5301,229
26734,229
26222,229
7255,229
19509,229
16447,229
17060,475
4965,475
4965,475
13346,475
6905,475
2305,475
1244,475
20641,475
10675,475
10672,475
21975,475
27728,475
16672,475
1426,475
3076,475
14042,475
16065,475
4690,475
2038,475
2485,475
18388,475
1704,475
6369,475
11653,475
10003,475
6369,475
23382,475
9435,475
38108,475
37206,475
20427,475
11366,475
6818,475
3541,475
9755,475
29174,475
33467,475
9480,475
37529,475
9122,756
25528,756
32920,756
38254,756
13319,756
5660,756
10328,756
28267,756
6653,756
28457,756
2277,756
21306,756
25290,756
18374,756
17057,756
24266,756
8542,756
16518,756
1860,756
12273,756
639,756
27850,756
38283,756
3997,756
20989,756
16307,756
11134,756
2813,756
26235,756
38015,756
18463,756
9406,756
5714,756
35775,756
2499,756
1014,756
37544,756
15219,756
33007,756
30089,756
16305,756
13538,756
24603,756
29614,756
38200,756
34928,756
35143,756
22711,756
25365,756
38528,756
28457,756
37983,756
33234,756
7666,756
9075,756
21512,756
20812,756
2277,756
22013,756
29547,756
37034,756
33993,756
31479,756
26143,756
32157,756
30829,756
15346,756
16412,756
19079,756
26320,756
7646,756
17144,756
23130,756
33877,756
16755,756
18443,756
33394,756
16426,756
33343,756
23122,756
29844,756
9472,756
19915,756
32780,756
14208,756
8253,756
29680,756
26692,756
15729,756
21576,756
19450,756
27191,756
1695,506
25152,506
15256,506
35200,506
30990,506
7567,506
30990,506
16149,506
23512,506
4863,506
38417,506
11804,506
22989,506
274,506
8450,506
18842,506
4216,506
18842,506
37553,506
31807,506
29806,506
25385,506
20217,506
15128,506
28189,506
4781,506
4981,506
1032,506
13185,506
3765,506
25783,506
2926,506
14977,506
14977,506
14468,506
36173,506
15932,506
29940,506
7623,506
13426,506
4061,506
22040,506
6730,506
33547,506
5808,506
6479,506
1559,344
17268,344
15964,344
38192,344
11320,344
25318,344
8142,344
31958,344
36417,344
37903,344
19089,344
3169,344
12907,344
4115,344
4792,344
8982,344
24106,344
1944,344
559,344
8501,344
13146,344
8424,344
10726,344
35969,344
34417,344
37275,344
37275,344
31356,344
14840,344
2706,344
33652,344
1902,344
1516,344
37338,344
27177,344
3806,344
14657,344
11872,344
32666,344
3910,344
22804,344
3807,344
27517,344
26056,344
31065,344
36089,344
27263,344
35069,344
37379,344
29569,344
25610,344
37199,344
23119,344
19924,344
5764,344
5764,344
10719,344
3909,344
33506,344
14688,344
2011,344
11060,344
2025,344
6539,344
31388,344
4046,344
30985,344
29411,344
22031,344
4913,344
30012,344
37142,344
12434,344
8475,344
24174,344
27331,344
1783,344
28242,344
29485,344
31142,344
33776,344
21507,344
29168,344
660,344
38104,344
11483,344
5858,344
19755,344
32084,344
35953,344
28592,344
34307,344
20997,260
36852,260
7971,260
14925,260
37700,260
20997,260
19060,260
36243,260
6748,260
21331,260
5685,260
23147,260
30412,260
3703,260
31889,260
10125,260
6711,260
14040,260
10232,260
4027,260
5929,260
25837,260
2966,260
7972,260
14040,260
20997,260
37219,260
1670,260
1268,260
12026,260
12981,260
10554,260
32631,260
27205,260
1929,260
1055,260
401,260
22108,260
6548,260
3205,260
37046,260
33223,260
17704,260
7066,260
1343,260
2796,260
1609,260
35316,260
31254,260
22069,260
37842,260
20203,260
37842,260
15733,260
7170,260
1182,260
12589,260
8180,260
15425,260
17584,260
20960,260
36603,260
2917,260
24695,260
24023,260
27963,260
15859,260
33016,260
30504,260
27576,260
10232,260
27187,260
2183,260
15283,260
37701,260
37701,260
9799,260
10551,260
2707,260
33367,260
10232,260
13112,260
5355,260
28378,260
19722,260
29019,260
2549,260
288,260
7298,260
33009,762
14880,762
18405,762
24450,762
25337,762
31556,762
36134,762
22886,762
22951,762
29291,762
23968,765
32169,765
3835,765
682,765
18471,765
3469,765
27443,765
34209,765
13922,765
9387,765
11338,765
2068,765
13643,765
3005,765
22203,765
18762,765
18146,765
19624,765
16654,765
17107,765
9654,765
452,765
18671,765
579,765
7020,765
22624,765
447,765
18154,765
3428,765
20535,765
24046,765
3408,765
11117,765
17316,765
2332,765
12933,765
5381,765
14398,765
329,765
36661,765
576,765
7086,765
2275,765
26321,765
30929,104
24083,104
26975,104
20654,104
21026,104
22951,104
27408,104
15991,104
32006,104
23466,104
27523,104
25547,104
24832,104
23758,104
18805,104
31215,104
31177,104
8038,104
25777,104
27007,104
13890,104
24299,104
34782,104
30757,104
20866,104
28994,104
6038,104
17342,104
22699,104
10711,104
20440,104
17969,104
31044,104
23805,104
31155,104
32440,104
34057,104
14507,104
31580,104
21233,104
23498,691
8521,691
16945,691
15589,691
23880,691
24488,691
25048,691
21719,691
18986,691
11930,691
5988,691
1309,691
32770,691
15836,691
23721,691
2784,691
7972,691
9386,691
22199,691
20278,691
8948,691
21566,691
28058,691
23811,691
8953,691
30469,691
14230,691
6081,691
34276,691
25375,691
37478,691
22636,691
21351,691
2194,691
22544,691
8406,691
36737,691
14189,691
5583,691
20681,691
613,691
10765,691
15717,262
22030,262
9821,262
19648,262
7203,262
2515,262
16256,262
13359,262
7293,262
1521,262
24234,262
32263,262
3708,262
34648,262
33818,262
35148,262
37843,262
24051,262
4967,262
3188,262
33095,262
2189,262
12560,262
8632,262
26044,262
9432,262
21395,262
12285,262
32193,262
4470,262
34270,262
10211,262
22069,262
26088,262
24136,262
27346,262
13437,262
8361,262
32651,262
19450,262
23988,262
351,262
12222,262
12341,262
5518,262
3506,262
873,262
4027,262
31354,262
25919,262
167,262
32732,262
921,262
12341,262
3020,262
17115,262
3297,262
12341,262
921,262
28341,262
1444,262
845,262
1596,262
23510,262
6261,262
1280,262
2671,262
20368,262
2042,262
325,262
9799,262
36278,262
14050,262
10258,262
1337,202
3762,202
16949,202
6592,202
7136,202
28877,202
19030,202
35478,202
1232,202
14063,202
30462,202
12312,202
5343,202
33515,202
15219,202
3966,202
1797,202
16413,202
34951,202
8189,202
19958,202
12247,202
28552,202
31260,202
19763,202
28552,202
22847,202
28793,202
37156,202
35800,202
29722,202
28243,202
9811,202
14970,202
23134,202
10066,202
27612,202
5427,202
26958,202
110,202
6233,202
6085,202
4980,202
22140,202
10077,202
12072,202
13592,202
21800,202
29185,202
25646,202
22955,202
23889,202
21563,202
13356,202
22175,202
18985,202
29673,202
19647,202
29563,202
2017,202
33653,202
33798,202
28875,202
28045,202
2086,202
10830,202
25930,202
16530,202
21207,202
8051,202
34923,202
28511,202
31173,202
22643,202
28351,458
6521,458
27117,458
37478,458
6826,458
33204,458
4185,458
33137,458
37687,458
11528,458
28727,458
14180,458
28284,458
29595,458
28284,458
29595,458
13817,458
13324,458
31705,458
25820,458
29543,458
15964,458
31397,458
24433,458
28566,458
34205,458
38026,458
35166,458
28353,458
6768,458
22829,458
4415,458
37152,458
24130,458
25348,458
38541,458
29399,458
36947,458
29595,458
37859,458
18291,458
6102,458
9059,458
4735,458
5719,458
20394,458
9903,458
10017,458
6714,458
31356,458
28349,458
4238,458
37809,458
16336,458
32052,458
10716,458
27297,458
25228,458
36635,458
31087,458
35161,458
11281,458
11501,458
5386,458
20785,458
36192,458
29212,458
20276,458
10716,458
28081,458
6046,458
6430,458
26929,458
1574,458
15870,458
38324,458
34515,458
34515,458
3348,458
37960,458
18703,458
23330,458
29173,458
7096,458
23747,458
27517,458
26562,458
25378,458
20028,458
36984,458
14271,458
29885,458
1949,458
23807,458
23807,458
14697,458
37743,458
35627,458
31333,458
8227,458
10688,458
11030,458
26591,458
29386,458
28799,458
27117,458
27117,458
29235,458
3541,458
4559,458
3818,458
24160,458
33297,458
35549,458
13489,458
24061,458
33418,458
31647,458
37433,458
36143,458
31647,458
31647,458
36143,458
5853,458
33137,458
3899,458
6997,458
6997,458
29037,458
4327,458
38313,458
28803,458
28082,458
26515,458
26515,458
9561,458
21521,458
14073,458
6363,458
22826,458
33425,458
33425,458
29025,458
25954,458
6963,458
31142,458
13146,458
32722,458
9276,458
38313,458
25406,458
32295,458
17713,458
17713,458
13761,458
9276,458
17030,458
22812,458
27117,458
29997,458
30393,53
19932,53
13415,53
7948,53
3394,53
1482,53
29498,53
22110,53
25507,53
7346,53
30440,53
28127,53
34045,53
28127,53
14801,53
25405,53
6979,53
12226,53
27825,53
16790,53
27892,53
8138,53
1094,53
6463,53
9813,53
14626,53
12653,53
24905,53
26201,53
13390,53
1482,53
1482,53
1221,53
13591,53
16725,53
13119,53
25505,53
14122,53
29617,53
25439,53
32436,53
5594,53
24387,53
1272,53
1272,53
7763,53
6361,53
5456,53
24579,53
27092,53
10368,53
5161,53
17409,53
19620,53
9548,53
3573,53
20181,53
3143,53
5044,53
13388,53
28345,53
9972,53
19869,53
32715,53
31400,53
13789,53
6277,53
370,717
36349,717
31147,717
30955,717
2210,717
3467,717
31712,717
26245,717
25705,717
6467,717
12568,717
3271,717
6786,717
34547,717
22889,717
34547,717
1530,717
33595,717
5875,717
36148,717
5391,717
18978,717
4765,717
9637,717
18663,717
26085,717
2321,717
928,717
451,717
36521,717
38155,717
18142,717
26891,717
31441,717
18293,717
30260,717
29520,435
17774,435
22079,435
33153,435
14873,435
11715,435
16199,435
18771,435
33235,435
11775,435
27261,435
15976,435
23321,435
11944,435
26185,435
16267,435
8150,435
36862,435
37574,435
35097,435
1686,435
3140,435
10511,435
18443,435
27260,435
9638,1
1140,1
3993,1
9142,1
16047,1
3959,1
590,1
3367,1
18769,1
9731,1
9691,1
19271,1
15721,1
7416,1
1347,1
15806,1
5502,1
9565,1
11914,1
1466,1
10848,1
7896,63
3477,63
18758,63
26282,63
2266,63
713,63
3290,63
3535,63
10270,63
2734,63
330,63
27942,63
2913,63
322,63
21623,63
25878,63
14555,63
3781,63
25151,63
16782,63
12990,63
2887,63
2887,63
1712,63
16325,63
5685,63
12742,63
27720,63
13408,63
30840,63
9513,63
24347,63
25086,63
18980,63
6808,63
19168,63
27568,63
11693,456
27614,456
31087,456
8383,456
1704,456
31991,456
12842,456
32633,456
35983,456
9586,456
29712,456
11539,456
1740,456
15698,456
34315,456
36034,456
6740,456
30796,456
10918,456
23152,456
33971,456
32794,456
38479,456
21358,456
32733,456
33690,456
6869,456
18692,456
38281,456
14150,456
11032,456
20582,456
21557,456
13917,456
11822,456
23206,456
22026,456
22206,456
27139,456
12052,456
30910,456
20533,456
13085,456
12902,456
33263,456
27389,456
4884,456
16363,456
28513,456
19979,456
10377,456
7142,456
25272,456
29623,456
36921,456
33611,456
21745,456
17413,456
7811,456
28006,456
27165,456
15558,456
29310,476
9969,476
35799,476
104,476
11815,476
16847,476
17890,476
24813,476
8573,476
3486,476
6167,476
26852,476
28678,476
4075,476
19211,476
34822,476
35622,476
11686,476
31216,476
11686,476
36868,476
24364,476
29307,476
13338,476
29865,476
16189,476
13583,476
13427,476
20724,476
13970,476
3652,476
23715,476
3652,476
10490,476
9833,476
3646,476
1999,476
20895,476
771,476
32034,476
771,476
9887,476
30249,476
11283,476
26952,476
33384,476
8682,476
28065,430
24471,430
1951,430
11018,430
34585,430
20582,430
18353,430
7439,430
27068,430
29938,430
7584,430
10478,430
1749,430
18602,430
37201,430
37108,430
36211,430
3466,430
188,430
19747,430
12784,430
23111,430
31800,430
20664,430
33528,430
5327,430
17195,430
2105,430
23318,430
15334,430
4938,430
24986,430
1740,430
30233,430
11639,430
29857,430
16029,430
22947,430
24751,430
21704,430
9393,430
30571,430
38418,430
19923,430
31412,430
15775,430
5964,430
2116,430
13780,430
10886,430
11451,430
25832,430
25444,430
8094,430
32196,430
13976,430
15698,430
9128,430
6074,430
12386,277
16340,277
36437,277
7464,277
28092,277
12195,277
34419,277
28092,277
8744,277
12195,277
26317,277
21374,277
29568,277
24515,277
11229,277
10977,277
1067,277
11390,277
35251,277
12386,277
12452,277
9480,277
1087,277
21367,277
1087,277
1087,277
21367,277
20150,277
19744,277
9948,277
8728,277
8910,277
18680,277
35033,277
11259,277
32558,277
5048,277
18624,277
34958,277
35971,277
32164,277
9626,277
31602,277
3050,277
31762,277
30223,277
12903,277
35700,277
22437,277
36799,277
31383,277
35700,277
36734,277
33341,277
31606,277
429,277
9951,277
9951,277
6936,277
35073,277
9604,277
13434,277
13434,277
8853,277
35405,277
27636,277
7314,277
21606,277
37129,277
5119,277
33841,277
11082,277
11496,277
12719,277
17183,277
13505,277
3101,277
35405,277
27636,277
27737,277
35584,277
10132,277
34419,277
34419,277
7381,277
11265,277
13371,277
13371,277
26007,277
26007,277
32566,277
21152,277
26822,277
26822,277
4602,277
17178,277
8895,277
5727,277
8610,277
5727,277
27131,277
30877,277
481,277
12840,277
10011,277
33350,277
2889,277
1559,277
36867,277
22191,277
25533,277
12522,277
7118,277
12315,277
14823,277
10717,220
4869,220
7586,220
17491,220
9820,220
25283,220
25902,220
31723,220
1678,220
3170,220
5839,220
4852,220
25103,220
1039,220
22623,220
4122,220
32485,220
19669,220
20158,220
19593,220
20734,220
23358,220
16256,220
30411,220
24373,220
19725,220
11020,220
8321,220
15534,220
16175,220
10408,220
3262,220
20865,220
2027,220
2263,220
4038,220
1245,220
1245,220
2028,220
4770,220
32152,220
4196,220
8460,220
15406,220
21580,220
21656,220
2356,220
6812,220
15992,220
13865,220
15992,220
18687,220
6733,220
11465,220
23329,220
17012,220
12170,220
24756,220
15293,220
6795,220
8445,220
5485,220
3203,220
1220,220
15534,220
9713,220
11016,220
6843,220
16763,220
4048,220
16508,220
11040,220
19447,220
18241,220
18241,220
3301,220
10130,220
15445,220
12176,220
5859,220
14264,220
6447,220
914,220
28085,220
9916,220
15615,220
10606,220
4691,220
14944,220
32346,220
5092,220
8922,220
16651,220
15460,220
22562,220
1873,220
20313,220
20243,220
7214,220
6465,220
416,220
11839,220
9243,220
4776,220
20638,220
11978,220
22149,220
18748,220
30528,220
2164,220
16971,220
8062,220
9415,220
2808,220
15059,220
8881,220
13631,220
14126,220
16480,220
22372,220
22334,220
33310,220
4504,220
14798,220
19555,220
27101,220
3875,220
17932,220
8616,220
12648,220
25761,220
15539,220
9645,220
5633,220
17144,220
8772,220
19817,220
25948,220
13195,220
24861,220
28261,220
27648,220
14925,220
35274,220
33253,220
11595,220
11447,220
21210,220
35106,220
10241,220
29560,220
10756,220
6274,220
24726,220
22371,220
9306,220
3893,220
7011,220
22854,220
7644,220
30008,220
6115,220
17741,220
23138,220
16943,220
14327,220
6110,220
5652,220
6339,220
21022,220
7282,220
6765,220
28576,220
31254,220
17354,220
24109,220
20623,550
7961,550
31520,550
2529,550
16868,550
3393,550
23137,550
4864,550
4728,550
7916,550
18015,550
3963,550
5293,550
8030,550
2292,550
35896,550
26689,550
27798,550
24376,550
15337,550
24325,550
1746,550
13563,550
24826,550
12281,550
4788,550
7148,550
2444,550
31010,550
34558,550
6254,550
22556,550
12864,550
21546,550
8749,550
17387,550
7038,550
31703,550
4744,550
6568,550
14275,550
31061,550
16169,550
3544,550
1329,550
8089,550
5960,550
31469,550
22244,550
22732,550
13930,550
27410,550
14963,550
4999,550
5109,550
16513,550
10747,550
15147,550
30296,550
32645,550
8695,550
21624,550
33953,550
16380,550
1922,550
123,550
6278,550
34550,550
22271,550
30031,550
37696,550
38136,550
19007,550
4264,550
4247,550
1722,550
22207,550
19773,550
4744,550
1397,550
16440,550
20025,550
6653,550
29856,550
28283,550
31620,550
38318,550
31009,550
19896,550
16231,550
4286,550
12007,550
13616,550
389,550
19872,550
26692,550
31463,550
33686,550
30793,550
18374,550
4039,550
24952,550
14006,550
37486,550
25873,550
8870,550
23927,550
36784,550
25939,550
37346,550
20173,550
12098,550
15180,550
38115,550
12525,550
5405,550
6793,550
20441,550
37238,550
11305,550
7014,550
6049,550
22185,550
36058,550
15334,550
18493,550
8016,550
14468,550
30169,550
31431,550
25847,550
23784,550
12799,550
8851,550
2702,550
20524,550
12741,550
905,550
20776,550
429,550
2151,550
3522,550
35114,550
1208,550
36521,550
8457,550
36458,550
35292,550
33624,550
29674,550
32516,550
24713,550
483,550
31043,550
38450,550
7811,550
28725,550
22504,550
15086,550
19259,550
18245,550
12625,550
304,550
14216,550
30279,550
1215,550
1947,550
37400,550
2109,550
34906,550
10505,550
31378,550
19906,550
11745,550
5073,550
1789,550
24677,550
26730,550
31196,550
23730,550
27446,550
30709,550
32831,550
30745,550
37302,550
21182,550
14809,550
34822,550
20963,550
10164,550
36590,550
2509,550
18043,550
2089,550
33184,550
10744,550
8902,550
14978,550
22713,550
15009,550
4826,550
9282,550
26223,550
18967,550
31000,550
32808,550
719,550
17377,550
7003,550
21748,550
16464,550
38201,550
31727,550
33006,550
36836,550
30430,550
7188,550
194,707
2904,707
18994,707
32761,707
11635,707
1405,707
25638,707
1110,707
5969,707
19985,707
30102,707
11295,707
31832,707
34845,707
19448,707
9463,707
11100,707
24495,707
29914,707
15427,707
6602,707
12899,707
2204,707
33024,707
27303,707
36237,707
36237,707
13378,707
6407,707
34883,707
502,707
8461,707
35662,707
32909,707
32213,707
5222,707
26876,707
29020,707
9500,707
3525,707
8793,707
2513,707
5394,707
21133,707
22551,707
7901,707
18279,707
25238,707
12156,707
4544,707
41,707
13339,707
27727,707
15915,707
17740,707
21776,707
33279,707
34710,707
12831,707
11133,707
8466,707
5045,707
18770,707
35328,707
7335,707
11512,707
5057,707
28323,707
17095,707
37531,707
22868,707
784,707
10952,707
18446,707
18446,707
36552,479
36573,479
33294,479
33763,479
33221,479
33322,479
33311,479
36398,479
36374,479
36524,479
36360,479
30250,479
1312,175
15066,175
3148,175
15822,175
20971,175
15769,175
22279,175
3168,175
18055,175
28645,175
12800,175
35112,175
29527,175
9993,175
16632,175
21887,175
2184,175
6227,175
16610,175
3171,175
18836,175
15195,175
5266,175
13144,175
19909,175
17323,175
19913,175
24647,175
30327,175
32275,175
10916,175
16579,175
15187,175
27352,175
22076,182
3905,182
27635,182
17852,182
32569,182
15864,182
4612,182
30874,182
16167,182
4184,182
30197,182
13944,182
19380,182
15785,182
14429,182
16935,182
28719,182
12965,182
5451,182
26844,182
27866,182
3694,182
8329,182
14967,182
8160,182
17014,182
13850,182
8088,182
26866,182
10116,182
17306,182
8352,182
16736,182
36795,182
17046,182
26497,182
10499,182
3057,182
34210,182
16850,182
11307,182
20714,182
31010,182
17237,182
18571,182
4990,182
18591,182
2843,182
7348,182
8109,182
5983,182
6691,182
31800,182
32702,182
36598,182
4885,182
5751,182
13107,182
35756,182
22620,182
20799,182
153,182
16657,182
1379,182
4880,182
14630,182
29428,182
15071,182
35385,182
31167,182
13601,182
18082,182
22606,182
31128,182
3748,182
37259,182
5666,182
6733,182
31605,182
16169,182
21048,182
23401,182
37616,182
28630,182
3775,182
4005,182
12275,182
23618,182
12935,182
11724,182
1867,182
13593,182
21085,182
4673,182
9996,182
3960,182
25343,182
19067,182
17892,182
4655,182
7809,182
20335,182
30317,182
32854,182
12393,182
12406,182
3588,182
6599,182
31910,182
5541,182
31525,182
1066,182
24612,182
27074,182
6642,182
15485,182
32939,182
30197,182
9332,182
1974,182
37260,182
28290,182
37384,182
12818,182
28563,182
32602,182
17318,182
18861,182
16769,182
16081,182
12957,182
11642,182
30197,182
15718,182
36274,182
16093,182
33024,182
30170,182
31480,182
17574,182
11879,182
16437,182
4505,182
3837,182
21617,182
35769,182
23338,182
13421,182
36943,182
32377,182
7587,182
6533,182
10805,182
34391,182
37633,182
33541,182
18046,182
25734,182
4244,182
31982,182
7889,182
31664,182
27992,182
14631,182
31586,182
25910,182
25898,182
4778,182
19739,182
28684,182
27847,182
36943,182
13144,182
29775,182
30972,182
8557,182
1297,182
16926,182
15109,182
9587,182
2939,182
35359,182
30738,182
26398,182
11277,182
33573,182
33438,182
19740,182
18782,182
17049,182
5261,182
12234,182
10860,182
9753,182
10050,182
32167,182
11110,182
4959,182
30741,182
17321,182
28362,182
23401,182
22903,182
17953,182
36901,182
31761,182
27748,182
6435,182
36114,182
4292,182
29180,182
22857,182
25155,182
10353,182
21728,182
24859,182
23045,182
3193,182
16059,182
26221,182
24529,182
14037,182
22244,182
27555,182
15446,182
12926,182
27090,182
31472,182
22648,182
4492,182
7083,182
10778,182
13047,182
28543,182
7475,182
8265,182
13157,182
28084,182
20678,182
13447,182
14097,182
32832,182
6886,182
12265,182
17178,182
11920,182
719,182
22824,182
33822,182
15816,182
25552,182
35250,182
11173,182
8290,182
36627,182
31933,182
24635,182
35197,182
11714,182
32189,182
33275,182
3243,182
28725,182
15715,182
3578,182
22725,182
15399,182
34116,182
30749,182
35054,182
28363,182
19460,182
14006,182
30528,182
28667,182
18794,182
24555,182
19947,182
19786,182
10409,182
6852,182
30938,182
34783,182
16290,182
15152,182
22455,182
12142,182
25811,182
8803,182
7804,182
14810,182
37252,182
36301,182
10772,182
7385,182
21392,182
9783,182
35989,182
20868,182
14686,182
8369,182
23912,182
20112,182
5618,182
16352,182
15467,182
13559,182
23370,182
20273,182
9960,182
16802,182
22366,182
25098,182
24501,182
10643,182
18474,182
8719,182
17823,182
24047,182
11602,182
23439,182
23479,182
18059,182
28409,182
9597,182
20625,182
10483,182
10075,182
15420,182
3351,182
26803,182
30448,182
13464,182
5700,182
25628,182
15547,182
34450,182
35101,182
27057,182
22485,182
31237,182
32381,182
37293,182
22378,182
30694,182
13970,182
18962,182
35962,182
10489,182
32125,182
14337,182
19416,182
1947,182
6987,182
19070,182
22537,182
30553,182
16370,182
34239,182
16336,182
31919,182
31919,182
25824,182
12043,182
29467,182
22414,182
4680,182
13678,182
35118,182
12075,182
30197,182
30986,182
28484,182
33898,182
27612,182
30875,182
8834,182
3142,182
33949,182
31834,182
30781,182
36911,182
25822,182
27328,182
32859,182
31302,182
11081,182
16703,182
25591,182
2397,706
120,706
10142,706
5492,706
22832,706
9296,706
16306,706
22686,706
23216,706
6018,706
913,706
23260,706
10142,706
19448,706
33542,706
32175,706
27303,706
13378,706
35877,706
37188,706
7259,706
27925,706
14371,706
7259,706
30280,706
1051,706
13401,706
2513,706
34322,706
10401,706
33874,706
11300,706
14664,706
27386,706
7132,706
18330,706
23812,706
9293,706
36203,706
2631,706
29731,706
29731,706
5818,706
22407,706
21583,706
22407,706
27251,706
6932,706
16306,706
11515,174
2838,174
2984,174
24617,174
15983,174
975,174
5733,174
34670,174
22290,174
26613,174
30449,174
3371,174
19605,174
4201,174
31489,174
19285,174
32873,174
34775,174
9339,174
16911,174
16927,174
16935,174
10869,174
29226,174
9279,174
22553,174
18777,174
26812,174
36619,174
18183,174
26668,174
14193,174
14695,174
6714,174
11506,174
18097,174
24659,174
34694,174
23762,174
32275,174
14298,174
30838,174
16628,174
23720,174
9825,174
33988,174
24385,174
19034,174
23222,174
17202,174
36210,174
30448,174
34890,174
13592,174
35997,174
26329,174
2430,174
2115,673
31530,673
18313,673
1641,673
27727,673
23112,673
32199,673
27479,673
18130,673
18948,673
9427,673
17048,673
27406,673
19223,673
36917,673
21017,673
17902,673
9775,673
9743,673
25129,673
27780,673
30747,673
32939,673
7486,673
5312,673
34580,673
20037,673
34733,673
21589,673
11795,673
25716,673
13937,673
28644,673
23738,673
18027,673
29976,673
27803,673
19782,673
21025,673
7796,673
22337,673
10436,673
25887,673
23738,673
22955,673
38230,673
7185,673
38230,673
7185,673
34091,673
20116,673
6830,673
6830,673
15294,673
30595,673
37686,673
27983,673
33988,673
9011,673
4620,673
28662,673
22554,673
4132,673
12164,673
31396,673
10852,673
768,673
29659,673
24716,673
21805,673
9752,673
31942,673
32966,673
36590,673
14788,673
12710,43
13493,43
25829,43
24731,43
13196,43
33089,43
33232,43
33537,43
14103,43
33155,43
22574,43
31935,61
196,61
10024,61
13299,61
16008,61
10024,61
9929,61
29451,61
3439,61
13481,61
29447,61
16008,61
22666,61
8169,61
1755,61
24618,61
3880,61
31362,61
6094,61
8340,61
19511,61
10940,61
17638,61
25005,61
16940,61
29423,61
29423,61
7268,61
2378,61
10024,61
4563,61
22147,61
29119,61
7535,61
29039,61
6793,61
2481,61
29453,61
10729,61
29742,61
28663,61
25861,61
11583,61
2075,61
6052,61
9132,61
7948,61
2963,61
12889,61
30664,61
13083,61
8032,61
26427,61
23653,61
16141,61
2741,61
20733,61
19506,61
26552,61
21941,61
29996,61
26898,61
10024,61
2225,61
21864,61
28380,61
26898,61
24752,61
14568,61
2628,61
13329,61
14568,61
25947,61
18521,61
1285,61
33428,61
19705,61
1463,61
6123,61
28250,61
25344,61
32828,61
32828,61
2711,61
32828,61
31349,61
11207,61
11545,61
1639,61
8230,61
7071,61
26212,61
9140,61
22510,61
3705,61
12600,61
3178,61
17180,61
21180,61
18927,61
6779,61
13072,61
4630,61
14698,61
6087,61
3573,61
26201,61
5468,61
26052,61
30421,61
30421,61
28349,61
609,61
2231,61
10024,61
13149,61
17204,61
25435,61
9215,61
5540,61
8882,61
12892,61
15146,61
7775,61
7775,61
10024,61
23247,61
7775,61
29109,61
3309,61
16004,61
27010,61
1889,61
30033,61
26706,61
7268,61
5325,61
33783,61
29255,61
4111,61
25604,61
3748,61
19530,61
30424,61
27022,61
19530,61
27022,61
19530,61
19531,61
33768,61
33768,61
10024,61
8221,61
20394,61
1221,61
1563,61
12574,61
13948,61
5542,61
5578,61
10024,61
31533,204
11055,204
34866,204
11028,204
22961,204
82,204
26953,204
2002,204
10462,204
7371,204
22686,204
18435,204
33153,204
9293,204
7889,204
15497,204
30280,204
29084,204
8512,204
23216,204
8489,204
29394,204
22832,204
13401,204
2192,204
16695,204
12818,204
19016,204
22050,204
3679,204
269,204
9268,204
31558,204
5598,204
24878,204
16687,204
31293,783
33405,783
13121,783
21081,783
17425,783
14705,783
36507,783
20659,783
17554,783
14986,783
24019,783
8235,783
21654,783
6511,783
4186,783
17741,783
1332,783
34326,783
25141,783
35401,783
10876,783
13809,783
27023,783
34102,783
31089,783
27098,783
8710,783
30934,783
6722,783
18333,783
32264,783
38573,783
26817,783
19874,783
3551,783
36466,783
18710,783
10188,783
33799,783
6583,783
29316,783
9206,783
14518,783
16670,783
32579,783
21978,783
1585,783
11943,783
27973,783
24085,783
1274,783
15891,783
1967,783
2482,783
21550,783
1239,783
29132,783
21298,783
28818,783
6465,783
30439,783
16000,783
27013,783
16650,783
35038,783
15108,783
19870,783
25190,783
12656,783
9542,783
4918,783
37780,783
1233,783
28562,783
5553,783
18929,783
22778,783
18929,783
16082,783
29078,783
37759,783
34973,783
11473,783
8480,783
16857,783
35674,783
18484,783
16589,783
22624,783
30252,783
14585,783
32734,783
19763,783
12176,783
22275,783
34337,783
34391,783
21839,783
20343,783
28954,783
3495,783
28459,783
4689,783
36434,783
20812,783
23615,783
25035,783
7847,783
27548,783
11936,783
2900,783
10542,783
8797,783
30792,783
14168,783
6857,783
38046,783
37063,783
6678,783
13883,783
34071,783
31485,783
19881,783
11868,783
22403,783
11666,783
9228,783
2410,783
38683,783
24052,783
22885,783
23118,783
5041,783
8636,783
19845,783
8636,783
36750,783
37197,783
9793,783
26092,783
36458,783
13173,783
36393,783
9989,783
23833,783
33788,783
16233,783
18184,783
5320,783
11295,783
21515,783
12343,783
35962,783
34373,211
25880,211
14942,211
14105,211
26158,211
3739,211
8938,211
37119,211
22702,211
783,211
30579,211
32371,211
9577,211
22232,211
24705,211
4018,211
29658,211
26764,211
34415,211
33351,211
15447,211
28270,211
10809,211
29841,211
6207,211
29488,211
28299,211
18396,211
30435,211
29367,211
34373,211
28613,211
35040,211
9704,211
7641,211
3362,211
19465,211
20080,211
20897,211
20362,211
31391,211
15533,211
24441,211
20139,211
27481,211
16232,211
32803,211
22624,211
30455,211
28253,211
21997,211
8004,211
37467,211
10108,211
33061,211
34872,211
12235,211
19681,211
14087,211
26002,211
26002,211
1642,14
18233,14
628,14
24748,14
19130,14
9954,14
14519,14
27241,14
7948,14
3234,14
28763,14
5010,14
11977,14
2339,14
25435,14
26703,14
8459,14
25284,14
25069,14
14897,14
25478,14
21921,14
28311,14
28311,14
8918,14
5602,14
2649,14
4333,14
20035,14
19868,14
25299,14
32050,14
32050,14
29173,14
12105,14
27956,14
28648,14
5275,14
28668,14
21257,14
31973,14
26199,14
23472,14
6688,14
16133,14
25687,118
31027,118
6286,118
9350,118
26238,118
15216,118
19474,118
24749,118
31796,118
20406,118
19263,118
33232,118
22222,118
22373,118
34183,118
18983,118
27136,118
30397,118
9555,118
23500,118
31645,118
12931,118
24902,118
8054,118
12143,118
15678,118
22416,118
31905,118
28489,118
33578,118
29590,118
9879,118
25912,118
25567,118
13552,118
25156,118
13708,118
31671,118
13846,118
13373,118
31241,118
13289,118
33193,118
26922,118
16297,118
9978,118
18735,118
25075,118
34013,118
20246,118
22627,118
20883,118
13019,118
15382,118
28717,118
17069,118
32736,118
11448,118
19542,270
16,270
22217,270
7707,270
12875,270
22344,270
17152,270
7614,270
24144,270
28024,270
19716,270
23899,270
22908,270
1624,270
18749,270
37784,270
22161,270
18573,270
19805,270
1267,270
2973,270
18848,270
16970,270
11950,270
35338,270
6947,270
1697,270
33940,270
13549,270
36207,270
10911,270
10906,270
10928,270
5630,270
4343,270
12909,270
31263,270
37063,270
2798,270
16545,270
5943,270
28599,270
26380,270
11599,270
12665,270
37533,270
33904,270
22290,270
37729,270
11541,270
18661,270
12940,270
13704,270
1935,270
2742,270
37693,270
15832,270
5542,270
11500,270
11546,270
34436,270
22163,270
34036,270
26335,270
8875,270
37770,270
27484,270
22530,270
15708,270
13469,270
10092,270
29213,270
22109,270
5359,270
28091,270
4045,270
1633,270
8800,270
12241,270
5809,270
35557,270
8307,270
30273,270
23959,270
9639,270
22385,270
21204,270
16620,270
8087,270
6006,270
35720,270
5542,270
31295,270
37229,270
1099,270
16176,270
36771,270
3744,270
37529,270
10470,270
7830,270
2380,270
19838,270
20373,270
27446,270
33547,270
31722,270
33633,270
36530,270
32639,270
30334,270
18561,270
3852,270
32899,270
14414,270
18759,270
31962,270
31828,270
1575,270
35180,270
37267,270
34353,270
14100,270
19335,270
18387,270
22105,270
27052,270
9163,270
29859,270
36523,270
14372,270
36523,270
18802,270
13658,270
11519,270
11519,270
4669,270
14831,270
8544,270
6299,270
26904,270
3783,270
25183,270
14508,270
27917,270
18013,270
1909,270
23276,270
514,270
20766,270
873,270
7342,270
24007,270
29349,270
12349,270
493,270
5118,270
14968,270
17126,270
11699,270
37736,270
6517,270
2602,498
7278,498
9216,498
32713,498
28101,498
29865,498
9207,498
27179,498
19225,498
7640,498
2340,498
2912,498
26496,498
10925,498
27496,498
27496,498
10973,498
13405,498
6506,498
20298,498
27482,498
28143,498
17980,498
7072,498
7072,498
17980,498
6049,498
28003,498
5280,498
3410,498
20233,498
3287,498
7278,498
497,498
27246,498
36196,498
1811,498
19826,498
3384,498
31864,498
7982,498
19570,498
22049,498
22049,498
13616,498
7982,498
7982,498
22518,498
27823,498
12955,498
36509,498
19570,498
19570,498
9450,498
12349,498
8256,498
22061,498
22061,498
9849,339
11494,339
37182,339
6125,339
30302,339
28826,339
28099,339
4095,339
18229,339
21380,339
15080,339
5597,339
14404,339
15320,339
19203,339
14687,339
21534,339
27258,339
18233,339
10410,339
36614,339
9728,339
22709,339
34201,339
4464,339
22804,339
23864,339
19798,339
20744,339
1552,339
36331,339
18250,339
5038,339
13119,339
10461,339
13264,339
5043,339
6311,339
8341,339
34515,339
3003,339
32888,339
6836,339
32521,339
32092,339
32856,339
31142,339
2852,339
33987,339
33988,339
37783,339
37097,339
31484,339
32311,339
35609,339
17160,339
4066,339
23106,339
21585,339
3446,339
21380,339
37331,339
36378,339
35540,339
36332,339
27572,339
17350,339
29492,339
35547,339
36692,339
33950,339
10991,339
9480,339
25428,339
9368,339
29708,339
10675,339
26316,339
36884,339
23082,339
22186,339
19663,339
35487,339
11231,339
25971,339
8511,339
33632,339
26163,339
22156,339
27522,339
25574,339
27584,339
22652,339
14536,339
15701,339
37566,339
21440,339
9755,339
24038,339
37400,339
31065,339
29485,339
35862,339
2774,339
27010,339
23951,123
33928,123
8178,123
32116,123
18553,123
25890,68
29289,68
26643,68
24835,68
18749,222
1568,222
5575,222
21552,222
10336,222
4025,222
10280,222
30518,222
13492,222
12418,222
31152,222
14288,222
4811,222
21297,222
29159,222
14393,222
17470,222
17901,222
15923,222
13018,222
277,222
36998,222
21580,222
2826,222
20839,222
21426,222
8596,222
20303,222
19447,222
8969,222
13092,222
19728,222
12285,222
3155,222
20191,222
4776,222
16357,222
26836,222
36970,222
9968,222
6734,222
1657,222
25190,222
7516,222
12716,222
9510,222
21552,222
11478,222
9244,222
2183,222
16943,222
16337,222
1711,222
6590,222
17114,222
37646,222
1711,222
31101,222
14567,222
34180,222
6587,222
3479,222
4888,222
17834,222
32040,222
5260,222
6058,222
35610,222
20190,222
7361,222
27786,222
3512,222
25537,222
18192,222
9510,222
14733,222
497,222
13092,222
31066,222
31872,222
16962,222
25537,222
3512,222
14944,222
1167,222
18708,222
14120,222
20231,222
16549,222
9545,222
21835,222
10072,222
11986,222
27786,222
1192,222
2480,222
10089,222
26674,222
14053,222
30453,222
20203,222
5491,222
15459,222
12325,222
2547,222
33564,222
7064,222
2547,222
29828,222
4940,222
25532,222
7921,222
32864,222
6711,222
26381,222
6044,222
11760,222
5894,222
10810,222
13248,222
28158,222
29092,222
1343,222
6636,222
20740,222
27818,222
2517,222
24552,222
16323,222
33968,222
35146,222
14415,222
27005,222
1700,222
9821,222
10607,222
160,222
4480,222
6504,222
24859,222
1692,222
14204,222
5971,222
3777,222
18903,222
25338,222
10419,222
12886,222
32346,222
27627,222
4669,222
35309,222
8079,222
10333,222
3460,222
2650,222
10015,222
2650,222
3460,222
11244,222
37663,222
5792,222
8443,222
10547,222
6926,222
12633,222
31144,222
20984,222
37488,222
9669,222
19845,222
27212,222
13308,222
20717,222
22815,222
32937,222
751,222
7063,222
26151,222
23899,222
6105,222
32648,222
26687,222
22604,222
32029,222
35718,222
13595,222
17109,222
33705,222
1345,222
23608,222
16987,222
16987,222
7299,222
210,222
17305,222
8023,222
22692,222
2402,222
960,222
7734,222
25001,222
9390,222
24135,222
7885,222
14551,222
3827,222
4072,222
27139,222
2533,222
9693,222
7689,222
6061,222
27265,222
36770,222
32340,222
27758,222
27422,222
13793,222
36136,222
11310,222
20592,222
21143,222
37135,222
37740,222
22484,222
28891,222
26272,222
30876,222
16530,222
22100,222
33194,222
34834,222
33071,222
171,222
3085,222
30587,222
19675,222
2267,222
22784,222
17958,222
31248,222
17985,222
4952,222
11564,222
19125,222
37383,222
17640,222
32648,222
37391,222
5331,222
11734,222
4729,222
11636,222
12384,222
22268,222
20767,222
20291,222
2086,222
23572,222
37165,222
20480,222
3186,222
26166,222
26208,222
6376,222
31828,222
6115,222
36004,222
15266,222
2691,222
13670,222
8964,222
30706,222
3004,222
7418,222
6240,222
32701,222
1241,222
34944,222
16617,222
17612,222
3436,222
15891,222
3067,222
14831,222
5351,222
13445,222
16017,222
14422,222
6551,222
10685,222
35915,222
24571,222
8361,222
14673,222
1404,222
22237,222
8598,222
6346,222
24571,222
35915,222
16882,222
37234,222
14344,222
1182,222
19018,222
8472,222
16394,222
19063,222
12943,222
23208,222
21870,222
3535,222
35004,222
15344,222
10975,222
6856,222
21990,222
22247,222
18164,222
29524,222
23872,222
34549,222
11397,222
21779,222
13245,222
16896,222
16291,222
29667,222
11936,222
30658,222
35515,222
12974,222
32714,222
8131,222
22188,222
17401,222
36338,222
15252,222
4499,222
8131,222
5443,222
32660,222
18942,222
16476,222
8706,222
22414,222
1392,222
17401,222
34700,222
4241,222
3996,222
6566,222
21461,222
23,222
4470,222
1197,222
9074,222
29330,222
3555,222
19765,222
1197,222
9179,222
19669,222
8281,222
16470,222
19126,222
4593,222
1036,222
36990,222
18938,222
15157,222
810,222
34947,222
36338,222
33596,222
901,222
33596,222
10604,222
10571,222
34947,222
4276,222
26230,222
2226,222
37047,222
17693,222
35647,222
17736,222
13940,222
23967,222
28363,222
28748,222
3341,222
28363,222
388,222
15166,222
13076,222
8700,222
23969,222
5676,222
13000,222
5393,222
22496,222
9141,222
24630,222
28965,222
12710,222
943,222
8710,222
10821,222
16859,222
22385,222
28696,222
13076,222
13076,222
23969,222
12429,222
3108,222
19707,222
14327,222
28129,222
2356,222
21491,222
757,222
12690,222
35038,222
3961,222
4036,222
5584,222
28620,222
8368,222
5082,222
2738,222
35032,222
3199,222
15714,222
5511,222
1565,222
25678,222
16357,222
14758,222
16357,222
11875,222
15300,222
18234,222
31034,222
17431,222
22286,222
12035,222
2531,222
5305,222
23540,222
2333,222
17877,222
16805,222
16801,222
8805,222
7337,222
10867,222
29238,222
1445,222
20804,222
3741,222
11457,222
29361,222
27101,222
15917,222
7344,222
18805,222
9898,222
34878,222
34878,222
30008,222
14467,222
3433,222
35060,222
15241,222
5240,222
33426,222
25092,222
14495,222
15809,222
30334,222
16671,222
29268,222
24869,222
27611,222
30190,222
26741,222
16283,222
21936,222
32378,222
11198,222
27664,222
14318,222
27755,222
4426,222
32398,222
36787,222
26976,222
2829,222
35085,222
37260,222
695,222
37260,222
22935,222
695,222
3960,222
13681,222
27555,222
9164,222
22584,222
13421,222
35404,222
14974,222
20017,222
10210,222
16774,222
13374,222
18036,222
4854,222
14542,222
35843,222
35960,222
29062,222
23460,222
4760,222
8172,222
17650,222
13116,222
11855,222
20857,222
14959,222
20801,222
8253,222
5313,222
2722,222
26318,222
14959,222
12462,222
1461,222
4100,222
16317,222
29774,222
17596,222
17672,222
36955,222
4310,222
25828,222
12996,222
6655,222
12996,222
15708,222
16047,222
19674,222
31238,222
12341,222
22787,222
14811,222
13172,222
37728,222
7756,222
19914,222
25283,222
1289,222
15284,222
5372,222
27182,222
11431,222
940,222
28366,222
5518,222
21685,222
11720,222
21620,222
21621,222
13437,222
33980,222
13237,222
17164,222
20688,222
17164,222
24466,222
36912,222
9102,222
18089,222
18381,222
2466,222
16813,222
20730,222
18895,222
5557,222
28168,222
18756,222
20021,222
18739,222
27478,222
36920,222
17059,222
23641,222
16797,222
28582,222
18695,222
22342,222
18695,222
21962,222
16900,222
27858,222
26673,222
6379,222
3261,222
35522,222
7611,222
10384,222
10982,222
37197,222
20514,222
3206,222
30186,222
6807,222
14841,222
27973,222
10536,222
19817,222
3471,222
17208,222
18226,222
10536,222
19817,222
3709,222
3709,222
32356,222
7108,222
35916,222
26686,222
8180,222
1389,222
34203,222
36530,222
34594,222
26527,222
3286,222
19601,222
34353,222
35180,222
37267,222
24696,222
6130,222
36583,222
17089,222
20371,222
14314,222
35357,222
20328,222
34270,222
28258,222
28213,222
21616,222
956,222
27953,222
15578,222
32076,222
1605,222
14624,222
17791,222
2138,222
20004,222
18444,222
4259,222
16624,222
1244,222
14383,222
21117,222
19180,222
6882,222
20197,222
21117,222
19544,222
16233,222
16233,222
8172,222
30643,222
30643,222
9194,222
18021,222
35457,222
34031,222
3105,222
17496,222
12850,222
14979,222
23251,222
26894,222
5068,222
32419,222
26658,222
27472,222
6716,222
23978,222
1572,222
31947,222
16884,222
32419,222
20180,222
30239,222
9217,222
33646,222
33795,222
5688,222
6640,222
2828,222
449,222
19757,222
28742,222
178,222
2828,222
11693,222
16703,222
14968,222
3359,222
24561,222
9326,222
8444,222
19763,222
7290,222
1214,222
4217,222
23165,222
19783,222
36627,222
860,222
20322,222
22976,222
15359,222
26955,222
27357,222
9254,222
1332,222
288,222
30508,222
20867,222
16649,222
25976,222
26191,222
8878,222
4376,222
10012,222
25948,222
456,222
29183,222
15181,222
27052,222
1370,222
292,222
24861,222
14504,222
21314,222
14504,222
31040,222
21552,222
3842,222
1370,222
29560,222
35687,222
35620,222
13977,222
5159,775
140,775
26116,775
18676,775
33279,775
3832,775
12787,775
15518,775
26435,775
20185,775
3765,775
3061,775
12374,133
21572,133
24352,133
32678,133
9397,133
6586,133
29474,133
24818,133
30147,133
10411,133
7099,133
31728,133
26484,133
25693,133
3741,133
23920,133
8684,133
6295,133
17220,133
5314,133
28149,133
15594,133
24053,133
31415,133
27695,133
8745,133
12076,133
25911,133
18136,133
25812,133
4034,133
28618,133
2537,133
32446,133
5612,133
27238,133
17969,133
27359,133
26109,133
32363,133
27685,133
7884,133
18237,133
16481,133
10755,133
3900,133
5143,133
31691,133
22406,133
32926,133
26656,133
16993,133
25253,133
23910,133
9314,133
27238,133
22406,133
23121,133
16489,133
4056,133
15545,133
25746,133
19703,133
26535,133
26697,133
13818,133
20060,133
11847,133
25238,133
17003,133
33197,133
22373,133
32011,133
13899,133
24111,133
11002,133
29380,133
19739,133
7777,133
16019,133
24053,133
8201,133
33193,133
12597,133
20473,133
21216,133
31282,133
16819,133
14764,133
8240,133
8240,133
22769,133
12143,133
25371,133
4551,133
32177,133
34214,133
26609,133
13710,133
5458,133
24843,133
14901,133
34622,133
31174,133
28911,133
30880,133
10047,133
24751,413
26987,413
9276,413
9004,413
26304,413
36526,413
4095,413
23082,413
1335,413
29169,413
4661,413
10921,413
35371,413
38143,413
28430,413
25458,413
37696,413
17403,413
10668,413
33922,413
7739,413
20418,413
19548,413
6859,413
28734,413
28826,413
6463,413
9019,413
25617,413
6002,413
25947,413
28727,413
28798,413
15657,413
35463,413
27915,413
32896,413
37044,413
15027,413
23278,413
7711,413
4549,413
28434,413
2536,413
5812,413
32778,413
34302,413
25947,413
4534,413
30122,413
26910,413
4553,413
3169,413
14396,413
36539,413
6306,413
8316,413
23138,413
29228,413
10697,413
29045,413
33418,413
26952,413
25621,413
35872,413
17165,413
29513,413
33102,413
35352,413
29014,413
23937,413
12482,413
3502,413
26098,413
2052,413
5867,413
33345,413
22912,413
29112,413
3733,413
34017,413
22983,413
10782,413
4622,413
27229,413
35503,413
10688,413
22658,413
8685,413
9909,413
17516,413
8966,413
17907,413
5947,413
25451,413
26455,413
10504,413
21507,413
12889,413
21982,413
19689,413
28009,413
16336,413
34772,413
427,413
29298,413
2092,413
30492,413
26818,413
4364,413
3497,413
8479,413
19044,413
29807,413
1552,413
33525,413
10415,413
28445,413
9939,413
15540,413
31667,413
7602,413
37884,413
24440,413
10490,413
10246,413
34564,413
20212,413
20962,413
9550,413
38117,413
33386,413
23344,413
32743,413
35279,413
36192,413
12254,413
28009,413
34442,413
29102,413
24086,413
35882,413
4819,413
11078,413
28813,413
22387,413
34784,413
5895,413
8932,413
36477,413
930,413
23363,413
36362,413
28735,413
32759,413
27169,413
19999,413
31151,413
27442,413
1869,413
33467,413
4154,413
19199,413
6187,413
19897,413
19897,413
1869,413
29647,523
5143,523
17149,523
8470,523
31655,523
11423,523
38449,523
38449,523
29647,523
36074,523
2756,523
14030,523
9571,523
11597,523
31061,523
16288,523
32313,523
28776,523
20634,523
30843,523
7973,523
16092,523
29790,523
14030,523
9341,523
37558,523
12639,523
30139,523
24731,523
34780,523
25902,523
15169,523
28776,523
30843,523
27203,523
8228,523
15170,523
16941,523
30018,523
31769,523
29269,523
19458,523
19458,523
34153,523
11580,523
18121,523
23775,523
10310,478
17304,478
11171,478
6577,478
38500,478
19204,478
23320,478
14730,478
3842,478
20022,478
8649,478
1184,478
22686,478
23242,478
17748,478
15217,478
13302,478
19700,478
27537,478
24729,478
2385,478
11884,478
20597,478
1820,478
33455,478
1974,478
18916,478
11476,478
30473,478
26827,478
15297,478
15797,478
8436,478
29584,478
17533,478
19946,478
35988,478
35988,478
35988,478
348,383
31024,383
4674,383
11178,383
7758,383
4517,383
1584,383
9133,383
2047,383
2354,383
345,383
7136,383
43,383
27484,383
27850,383
12082,383
1799,383
17900,383
32283,383
37681,383
12940,383
4762,383
23147,383
8663,383
10086,383
12068,383
1313,383
26608,383
32415,383
36211,383
16708,383
17037,383
29631,383
11876,383
7200,383
7689,383
2463,383
21011,383
33885,383
20965,383
33202,383
12091,383
30360,383
35642,383
8270,383
3443,383
12347,383
1025,383
533,383
12284,383
34482,383
13870,383
13870,383
22646,383
7704,383
2630,383
28783,383
30518,383
29267,383
8911,383
30946,383
30946,383
23254,383
11211,383
4648,383
15689,401
22926,401
17086,401
9639,401
8937,401
16226,401
22139,401
16957,401
5552,401
17911,401
5204,401
15945,401
1572,401
18608,401
30844,401
35426,401
34140,401
3913,401
11003,401
14455,401
11638,401
15090,401
37082,401
972,401
8955,401
9096,401
36278,401
8859,401
19675,401
27787,401
6814,578
8113,578
21729,578
16216,578
3585,578
24852,578
11,578
38215,578
25506,578
10437,578
9786,578
32812,578
35697,578
10621,578
38604,578
1456,578
29729,578
20556,578
5992,578
11358,578
21080,578
38072,578
37717,578
30358,578
11026,578
485,578
34044,578
21170,578
21166,578
25546,578
35427,578
5640,578
9101,578
4985,578
25502,578
11501,578
38513,578
3500,578
18323,578
24990,578
21079,578
20095,578
29381,578
15642,578
8162,578
30823,578
2659,578
21573,578
2056,578
31676,578
8046,578
14081,255
33344,255
10524,255
11361,255
1799,255
2775,255
9989,255
24158,255
18691,255
4705,255
4197,255
23093,255
7783,255
15436,255
10524,255
36607,255
25497,255
18593,255
25560,255
5140,255
5761,255
16134,255
27187,255
4064,255
13372,255
5562,255
3243,255
14710,255
14624,255
14268,287
3064,287
26903,287
13949,287
14242,287
14643,287
32288,287
11184,287
11184,287
19587,287
536,287
8865,287
4795,287
26252,287
5798,287
9560,287
15567,287
23851,287
12854,287
22879,287
15154,287
21644,287
13290,287
34076,287
30235,287
6930,287
5419,287
31041,287
31041,287
33122,287
3722,287
25119,287
15194,287
29825,287
21989,287
18552,287
23817,287
7450,287
16486,287
23429,287
21989,287
37909,287
10637,287
19598,287
2127,287
17205,287
24527,287
11502,287
8064,287
8723,287
32495,287
14407,287
15097,287
16486,287
25903,287
19405,287
17173,287
31090,287
31255,287
3826,287
13410,287
10781,287
11931,287
24022,287
4382,287
37495,287
3826,287
17960,287
10637,287
35581,287
13914,287
31525,287
22283,287
33004,287
15410,287
8570,287
21908,287
19987,287
17495,287
5419,287
25445,287
18016,287
9633,287
30311,287
18787,287
11622,287
29555,287
1108,287
20189,287
13765,287
9869,287
10734,287
8621,287
31112,287
35764,287
24432,287
14242,287
16547,287
11622,287
5252,287
7499,287
19574,287
33258,287
19919,287
35244,287
22802,287
22727,287
24432,287
1108,287
22727,287
20121,287
7862,287
20121,287
31314,287
26704,287
21157,287
4166,287
6160,287
10599,287
15097,287
15774,287
34364,287
27997,287
33258,287
33004,287
23589,287
33712,287
8129,287
18373,287
8129,287
20216,287
35581,287
18950,287
13914,287
35581,287
5252,287
20963,287
8468,287
23452,287
8468,287
27115,287
34076,287
33081,287
30337,287
13802,287
10388,287
31998,287
20905,287
20360,287
31844,287
35427,287
15275,287
12227,287
31199,287
18639,287
24009,287
24195,287
12448,287
7745,287
11970,287
5399,287
17224,287
10115,287
4404,287
11758,287
35581,287
13974,287
22844,287
22291,287
24008,287
14365,287
26077,287
27863,287
24896,287
37422,287
19969,287
27273,287
21757,287
13797,287
4417,287
18908,287
19978,287
22649,287
30734,287
32450,287
17806,287
35641,287
28880,287
35581,287
33560,287
20005,287
18659,287
11240,287
499,287
499,287
21161,287
499,287
21161,287
24797,500
27367,500
27367,500
20348,500
18650,500
21912,500
12983,500
33182,500
12624,500
34643,500
34636,500
16594,500
21574,500
25554,500
34636,500
18905,500
24797,500
10143,500
25554,500
26845,500
34636,500
35194,500
27583,500
32223,500
28254,500
32070,500
11384,500
38356,500
26658,500
34727,500
38180,500
17521,500
17521,500
33217,500
25554,500
24797,500
20727,500
24547,500
33217,500
19699,500
25578,500
25665,500
33217,500
28745,500
26065,500
13352,500
35893,500
17724,500
22034,500
21022,500
20461,500
14640,500
14527,500
15600,500
35594,500
14640,500
20403,500
14062,500
24140,500
6483,500
20727,500
15600,500
15600,500
16770,500
25473,500
24993,500
6108,500
28978,500
18347,500
23189,500
32002,500
21992,500
24655,500
21992,500
23189,500
37399,500
32002,500
7390,500
93,500
14062,500
34166,500
15054,500
16180,500
7607,500
34954,500
6682,500
6421,500
17965,500
18484,500
16674,500
12629,500
17676,500
13625,500
15054,500
14765,500
6025,500
28569,500
10162,500
10018,500
34187,500
266,500
16242,500
10057,500
21903,500
18673,500
2900,500
18673,500
35105,500
20097,500
17564,500
5650,500
11262,500
33474,500
18756,500
19445,500
28569,500
4652,500
27696,500
25039,500
1111,500
17193,500
21225,500
22805,500
25922,500
1111,500
36502,500
30493,500
24655,500
30493,500
3624,500
33689,500
20027,500
36285,500
25147,500
28994,500
34881,500
20439,500
26241,500
17284,500
16479,500
35303,500
16479,500
10433,500
28382,500
10085,500
20072,500
31228,500
15247,500
23920,500
26330,500
26330,500
8703,500
26314,500
34130,500
36329,500
30460,500
25706,500
25706,500
21760,500
18104,500
36743,500
22111,500
21835,500
13707,500
13707,500
11287,500
15839,500
28438,500
36894,500
21571,500
21571,500
31664,500
17727,500
14349,500
26403,500
20672,500
37439,500
35741,500
25556,500
26963,500
23865,500
22247,500
29667,500
20122,500
1873,500
9288,500
32786,500
25556,500
32786,500
35116,500
12291,500
24619,500
21142,500
19158,500
28531,500
38195,500
24950,500
8676,500
33869,500
27983,500
13445,500
23743,500
33692,500
6181,500
15485,500
19990,500
37496,500
6671,500
28496,500
36130,500
19001,500
24785,500
2354,500
27850,500
19704,500
13230,500
12666,500
6138,500
10053,500
1227,500
14128,500
13804,500
20443,500
14868,500
13462,500
21009,500
21009,500
24112,500
18186,500
20522,500
17342,500
24112,500
27580,500
27580,500
24491,500
30285,500
24491,500
16560,500
15796,500
24827,500
6820,500
16653,500
17433,500
6820,500
20154,500
6263,500
24332,500
6820,500
13603,500
21903,500
24827,500
16653,500
20154,500
12943,500
24332,500
21937,500
15943,500
13689,500
27025,500
27025,500
35374,500
35374,500
37180,500
24918,500
24918,500
7356,500
21865,500
21865,500
14475,500
23910,500
10055,500
16839,500
30317,500
21209,158
14129,158
11302,158
14540,158
28961,158
27426,158
28961,158
35192,158
11571,158
28842,158
11571,158
13493,158
26639,158
31504,158
22624,158
27372,158
24372,158
30752,158
30088,158
32443,158
1695,667
274,667
24719,667
23908,667
35683,667
16700,667
26463,667
30528,667
22586,667
34505,667
4393,667
18537,667
38238,667
11715,667
4572,667
15817,667
21150,667
32414,667
10731,667
27925,667
26615,667
12139,667
15248,667
12851,667
14215,667
12456,667
30340,667
35376,667
21463,667
7886,667
7886,667
22965,667
35570,667
9827,667
15893,667
22550,667
13583,667
5947,667
6373,667
35023,667
13513,667
13817,667
34245,667
21758,667
4011,667
26383,667
16484,667
26383,667
26383,667
16484,667
16484,667
25698,704
11607,704
38310,704
7088,704
22056,704
32123,704
7102,704
36580,704
22288,704
5285,704
28614,704
38374,704
13791,704
30199,704
7613,704
17452,704
34654,704
36626,704
38586,704
36930,704
34091,704
38208,704
4974,704
38269,704
36355,704
30890,704
29128,704
24642,704
38310,704
13628,704
14506,704
1427,704
38208,704
35149,704
11663,704
11552,704
4751,704
38539,704
18263,704
37966,704
33797,704
38233,704
32555,704
23812,704
31530,704
21205,704
18368,704
9754,704
9297,704
21657,704
26892,431
1132,431
26145,431
33086,431
23240,431
30693,431
849,431
10840,431
37703,431
36036,431
37034,431
11775,431
296,431
34519,431
10050,431
38153,431
36033,431
23839,431
35369,431
619,431
20851,431
7186,431
24813,431
15444,431
19449,431
15894,431
16013,431
17349,431
15227,754
20251,754
22248,754
8215,754
6589,754
3302,754
10127,754
16048,754
7632,754
38076,754
7927,754
24816,754
20782,754
36860,754
5427,754
6681,754
12779,754
11443,754
23272,754
38405,754
19001,754
22629,754
870,754
37460,754
36262,754
22751,754
14380,754
10042,754
12375,754
32043,754
32043,754
17066,754
15815,754
18557,754
4760,754
27306,754
19468,740
3099,740
15769,740
32445,740
6050,740
15404,740
11437,740
36187,740
21690,740
11642,740
28101,740
11925,740
19512,740
31867,740
17439,740
6801,740
15540,740
29902,740
38153,740
37100,740
32906,740
33999,740
5155,740
22707,740
32980,740
23019,740
1107,740
30037,740
11080,740
13800,740
14999,740
15127,740
12215,740
12215,740
23407,740
27386,740
23226,740
20580,638
36663,638
8422,638
37077,638
27001,638
18285,638
22723,638
12864,638
22685,638
12884,638
5796,638
384,638
6753,638
7049,638
11395,638
20272,638
37372,638
17981,638
26219,638
35965,638
9747,638
10477,638
26399,638
13029,638
11477,638
28768,638
29400,638
7284,638
22505,638
29820,638
10592,638
35244,638
28544,638
15197,638
34709,638
15334,638
24036,638
354,638
35461,728
27743,728
20330,728
12502,728
24030,728
3908,728
27198,728
15143,728
8088,728
23137,728
8954,728
17143,728
14522,728
23274,728
36421,728
27068,728
4053,728
23026,728
182,728
2065,728
7723,728
7637,728
10758,728
1170,728
7723,728
23532,728
17639,728
26795,728
6506,728
7987,728
33545,728
25905,728
20186,728
18110,728
14964,728
4200,728
35776,728
26795,728
13146,728
1092,728
15696,728
21565,728
22809,728
7723,728
10758,728
23584,728
7637,728
15901,728
12849,728
20650,728
15486,728
35018,728
15143,728
11104,728
15393,728
18225,728
23253,728
9180,728
33337,728
16645,728
24452,728
786,728
33446,728
20428,728
7264,728
16048,728
3758,728
33446,728
32106,728
23937,728
28443,728
199,728
22273,728
38124,728
1298,728
22273,728
1371,728
21197,728
14982,728
38124,728
18293,728
27743,728
7227,728
18293,728
36921,728
25599,728
28797,728
26353,728
23508,728
35301,728
9462,728
7844,728
25957,728
5947,728
25741,728
21319,728
19034,728
7463,728
14762,728
14762,728
14888,728
21525,728
14762,728
21525,728
4732,728
23786,728
5399,728
37038,728
21063,728
32704,728
26397,728
34468,728
34468,728
15765,728
18660,728
35537,728
5162,728
17974,728
4716,728
19228,728
30891,728
6323,728
37324,728
31290,728
36317,728
17611,728
34850,728
35230,728
34850,728
35230,728
9343,728
37217,728
37217,728
9663,728
37557,728
28991,689
12968,689
35479,689
19418,689
25639,689
16080,689
25074,689
31808,689
33642,689
7714,689
36884,689
36783,689
24495,689
24074,689
10874,689
18795,689
6605,689
8945,689
37656,689
3497,689
12194,689
11827,689
6867,689
30400,689
33974,689
7504,689
10765,689
34745,689
35479,689
32824,689
10699,689
26181,689
14376,689
29603,689
33776,689
17534,689
14184,689
29569,689
13036,689
8245,689
6676,689
13813,689
27445,689
22374,689
22374,689
28099,689
34863,689
22339,689
35198,689
36025,689
7232,689
22568,689
24581,689
25297,689
38506,689
32755,689
20765,689
495,539
3052,539
24977,539
23440,539
8746,539
10477,539
16144,539
12356,539
26757,539
10164,539
2040,539
12748,539
17173,539
11640,539
6139,539
1399,539
29061,539
8413,539
4641,539
15098,539
8872,539
15137,539
3983,539
14275,539
37972,539
12256,539
15611,539
13551,539
159,539
11882,539
6490,539
16590,539
21010,539
29117,539
34998,539
16949,539
16999,539
2384,539
31261,539
1596,539
13185,539
11054,539
14517,539
8446,539
38276,539
35348,539
8702,539
1326,539
11049,539
23450,539
36402,539
28845,539
19546,539
14607,539
14607,539
28390,539
35599,539
17768,539
35747,539
22712,539
16737,539
28390,539
5492,539
429,539
14809,539
5437,539
2632,539
35038,539
1746,539
33569,539
36996,539
30684,539
38288,539
34488,539
9662,539
8144,539
22266,539
14089,539
4815,539
22131,539
21917,539
21917,539
38332,539
2317,364
17583,364
961,364
12982,364
4922,364
11770,364
3787,364
29855,364
6911,364
15193,364
25416,364
5113,364
30539,364
30539,364
735,364
37973,364
8190,364
30346,364
735,364
14445,364
30200,364
27809,364
3829,364
3829,364
30083,364
30083,364
33926,364
14441,364
311,364
36213,364
16350,364
6911,364
14124,364
4495,364
29924,364
14124,364
779,364
421,364
16350,364
5,364
11857,364
19824,364
12623,364
10356,364
3347,518
4014,518
32214,518
28828,518
32214,518
20732,518
11748,518
12318,518
30436,518
13449,518
8015,518
14850,518
17214,518
4199,518
29171,518
36672,518
30436,518
9801,518
14490,518
27214,518
27214,518
27050,518
28725,518
33148,518
25679,518
22901,518
7869,518
1516,518
29198,518
24532,518
32735,518
8446,518
29377,518
8600,518
1297,518
14022,518
10732,518
25791,518
37483,553
7594,553
10765,553
11738,553
29876,553
23954,553
34839,553
5470,553
18380,553
33256,553
6760,553
11017,553
1083,553
11925,553
19712,553
37059,553
772,553
12890,553
22007,553
26317,553
33795,553
3050,553
5110,553
36838,553
24373,553
5453,553
8648,553
6065,553
28468,553
23875,553
3658,553
28014,139
33338,139
34192,139
13598,139
26461,139
22881,139
23108,139
23108,139
552,231
1203,231
21181,231
2268,231
19450,231
2268,231
1105,231
27582,231
14109,231
2753,231
22372,231
17741,231
5144,231
15411,231
7203,231
6261,231
7013,231
11616,231
4881,231
20367,231
11260,231
5393,231
5226,231
506,231
20118,231
35407,231
18021,231
9629,231
24210,231
27179,231
19447,231
13581,231
13994,231
33435,231
37753,231
24728,231
10583,231
10235,231
9862,231
10325,231
4054,231
22919,231
13438,231
7927,231
13234,231
2798,231
3663,231
15283,231
3663,231
9914,231
22345,231
5144,231
17999,231
13007,231
28576,231
14133,231
12285,231
5226,231
22681,231
15938,231
24775,231
2551,231
25949,231
2798,231
9640,231
5834,231
19742,231
18749,231
25283,231
5082,231
12091,231
2122,231
1091,231
22919,231
37619,231
22513,231
27779,231
16226,231
32037,231
5900,231
37753,231
37753,231
2618,231
2199,231
22997,231
22136,231
2322,231
3178,231
17144,231
20456,231
18192,231
30322,231
26864,231
22446,231
37538,376
1159,376
10204,376
29095,376
20506,376
35882,376
7473,376
10392,376
12846,376
8743,376
10768,376
13851,376
17072,376
12271,376
25581,376
3172,376
4152,376
35927,376
5126,376
14589,376
22755,376
14077,376
28744,376
3355,376
4638,376
27688,376
10648,376
23365,376
5250,376
10631,376
20264,620
33149,620
19281,620
12843,620
26945,620
22028,620
33361,620
9043,620
31840,620
36801,620
17767,620
24839,620
2811,620
9930,620
17580,620
12298,620
12562,620
14293,620
8086,620
33890,620
6673,620
1965,620
37073,620
19774,620
2392,620
3849,620
28477,620
36716,620
2124,620
31060,620
18235,620
2465,620
36961,620
19513,620
5821,620
15330,620
35276,620
18515,620
5448,620
28103,620
9873,620
10052,620
34151,620
38345,620
22292,620
26037,620
26972,620
15031,620
29382,620
7305,620
34443,620
27464,620
3732,620
8274,620
4478,620
34558,620
27692,620
22017,620
5856,620
14235,620
27500,620
27731,620
29170,620
710,620
3907,620
31330,620
15190,620
17664,620
17989,620
15083,620
1147,620
34438,620
6351,620
15962,620
28346,620
35590,620
27713,620
18528,620
25945,620
23854,620
20693,620
31306,620
17665,620
8594,620
33122,620
17512,620
15025,620
15043,620
25718,620
18549,620
5156,620
5546,620
18147,620
33431,620
35076,620
9527,620
30488,620
36640,620
29553,620
10962,620
29422,620
23171,620
7181,620
35733,620
13939,620
3182,620
19619,620
18397,620
7668,620
12562,620
35524,620
9641,620
8378,620
18841,620
18319,620
7591,620
10226,620
38102,620
36521,620
28437,620
11740,620
30422,620
25119,620
10457,620
30703,620
8766,620
8802,620
14118,620
11919,620
8594,620
15588,620
29252,620
9556,620
284,620
35946,620
19655,620
9678,620
10161,620
30810,620
18993,620
34274,620
20553,620
7180,620
36804,620
23921,620
17166,620
21601,620
14194,620
31572,620
18664,620
22549,620
25736,620
998,620
10404,620
32220,620
28710,620
26596,620
30303,620
13740,620
9894,620
4317,620
31268,620
27851,620
22467,620
13960,620
10279,620
16106,620
25171,620
7944,620
9539,620
30221,620
17542,620
23824,620
27529,620
16036,620
7225,620
1089,620
5173,620
32071,620
415,620
21135,620
215,620
34571,620
23776,620
35878,620
28245,620
34571,620
23478,620
3588,620
23892,620
31804,620
2650,620
2061,620
35321,620
27559,620
7204,620
25155,620
21326,620
21438,620
18944,620
8000,620
2530,620
14593,620
35379,620
35379,620
11931,620
15291,620
7055,620
29400,620
2577,620
9410,620
12754,620
31076,620
20268,620
8900,620
17719,620
31389,620
22597,620
31389,620
11106,620
29809,620
23180,620
17319,620
17719,620
1361,620
34658,620
4982,620
5167,620
13052,620
24179,620
761,620
4040,620
33981,620
26004,620
32524,620
20933,620
9042,620
6664,620
28195,620
15374,620
36081,620
2524,620
12513,620
12458,620
6013,620
18456,620
33922,620
19136,620
10312,620
5419,620
3731,620
10926,620
18022,620
20280,620
19041,620
22020,620
8441,620
35623,620
1452,620
25427,620
1452,620
19479,620
21116,620
12876,620
19062,620
14353,620
19937,620
26531,620
22950,620
6666,620
26024,620
37813,620
24973,620
20966,620
1019,620
24975,620
28537,620
18468,620
26287,620
19485,620
24190,620
30583,620
10851,620
18964,620
37308,620
2663,620
28002,620
399,620
13706,620
32487,620
29529,620
22325,620
33771,620
25590,620
24774,620
24774,620
36921,620
26379,620
32886,620
37383,620
12588,620
38503,620
1906,620
22574,620
13164,620
22223,620
15724,620
37730,620
26886,620
1601,620
37023,620
7423,620
22886,620
30776,620
20213,620
33092,620
17097,620
18343,90
15382,90
27028,90
29155,90
27374,90
31473,90
23492,90
26881,90
23002,90
11239,90
27104,90
15660,90
10338,90
32156,90
16535,90
6530,90
6206,90
11061,90
29945,90
27520,90
30516,90
4867,90
8127,90
5880,90
25371,90
26085,90
4181,90
4280,90
24055,90
28751,90
9184,90
26533,90
20753,90
28027,90
18278,90
34612,90
30307,90
22500,90
21066,90
15286,90
4508,90
34121,90
15253,90
26182,90
11534,90
28198,90
29903,90
12342,90
11869,90
29246,90
19787,90
27467,90
6496,90
27674,90
30607,90
5797,90
29940,90
27108,90
26834,90
14400,90
32244,90
19202,90
17283,90
4144,90
22252,90
31763,90
20889,90
5312,90
32177,90
13846,90
29643,90
23233,90
13744,90
11782,90
29305,90
10603,90
9077,90
27199,90
32678,90
32514,90
31159,90
33058,90
23687,90
22858,90
27294,90
13841,90
22429,90
33546,90
31691,90
30069,90
16830,90
21572,90
29325,90
31969,90
18453,90
31650,90
3279,90
13194,90
28285,90
31311,90
14045,90
9147,90
22270,90
12966,90
20174,90
18061,90
15517,90
17674,90
8680,90
20026,90
13012,90
32135,464
38134,464
18637,464
18618,464
34610,464
34614,464
2253,464
1891,464
4437,464
23142,464
21152,464
4415,464
9999,464
34245,464
35011,464
37450,464
33643,464
8610,464
29543,464
25432,464
18162,464
22027,464
18870,464
23779,464
18162,464
14334,464
5663,464
27032,464
32622,464
22672,464
34576,464
32726,464
22607,464
33284,464
31376,464
33988,464
24809,464
21788,464
29485,464
28498,464
38002,464
10395,464
7497,464
21788,464
31376,464
31376,464
28527,464
13964,464
26297,464
28099,464
29932,464
37995,464
30805,464
30381,464
31621,464
15536,464
35810,464
38378,464
24562,464
11627,464
35628,464
24641,464
25415,464
22391,464
8085,464
25317,464
16310,464
12694,464
3143,464
27544,464
32546,464
30691,464
26564,464
1656,464
8097,464
13739,464
6052,464
14847,464
35002,464
36436,464
9548,464
35050,464
31195,464
23747,464
36533,464
902,464
7233,455
30045,455
4256,455
34259,455
27266,455
18135,455
25067,455
20582,455
5300,455
3613,455
29525,455
28423,455
13729,455
37016,455
13893,455
4705,455
34842,455
32794,455
11330,455
14651,455
29585,455
33611,455
9414,455
8220,455
26080,455
24932,455
13128,455
16264,455
1328,455
9564,455
36511,455
13451,455
37376,455
34121,94
5777,94
26533,94
20753,94
21362,94
7473,94
23701,94
2543,94
34803,94
26535,94
6049,94
33880,94
5310,94
26280,94
4605,94
17283,94
34096,94
24096,94
33923,94
11782,94
29305,94
32940,94
30110,94
18500,94
22837,94
29325,94
32966,94
31298,94
25865,94
31339,94
29006,94
34566,94
4763,94
33153,198
12612,198
361,198
29084,198
12845,198
37279,198
31762,198
5287,198
153,198
18601,198
27005,198
8778,198
2603,198
39,198
1843,198
966,198
11693,198
5385,198
22979,198
11028,198
10079,198
1952,198
6148,198
36188,198
24777,198
11837,198
10530,198
19415,198
10196,198
1849,198
17662,198
25120,198
1122,198
3400,198
2002,198
23682,198
33541,198
4299,198
5703,198
2276,198
12924,198
22832,198
315,198
13401,198
13497,198
23092,198
11605,198
429,198
24007,198
20411,198
21838,198
17961,198
30573,198
2827,198
9868,198
26980,198
26953,198
2233,198
15001,198
30280,198
4680,198
17439,198
28479,198
2723,198
30631,198
13057,198
8745,198
192,198
33154,198
33080,198
16629,198
7490,198
30589,198
10705,198
1224,198
28757,198
21126,198
32247,198
37175,198
17817,198
21498,198
9267,198
12250,198
4175,198
7874,198
1700,198
7490,198
12514,198
30089,198
1765,198
13296,198
22,198
383,198
13835,198
23260,198
19901,198
10282,198
8871,198
19911,198
12498,198
34746,198
15011,198
5521,198
34822,198
24859,198
1886,198
27424,198
19391,198
19364,198
32377,198
17637,198
25194,198
6749,198
25189,198
12664,198
32423,198
8380,198
26908,198
3730,198
26167,198
14819,198
36345,198
28331,198
10920,198
15828,198
11333,198
6886,198
36345,198
7417,198
27080,198
17329,198
29129,198
196,198
2164,198
23759,198
5198,198
2375,198
3192,198
33056,198
10979,198
18213,198
33971,198
12268,198
8225,198
7230,198
18848,198
1865,198
23735,198
13118,198
9065,198
13118,198
35371,198
15756,198
28048,198
31916,198
7458,198
14673,198
26356,198
12455,198
29657,198
13183,198
14029,198
13658,198
16442,198
32669,198
35274,198
11277,198
17859,198
21625,198
27799,198
777,198
14876,198
17885,198
14146,198
19406,198
25711,198
8051,198
32720,198
2983,198
15373,198
33515,198
1104,198
9430,198
15816,198
6529,198
2729,198
13406,198
32865,198
34670,198
31010,198
32873,198
35293,198
34890,198
36295,198
36295,198
25791,198
36295,198
29372,198
28824,198
22816,198
1652,198
24448,198
975,198
36979,198
35895,198
26550,198
33589,198
763,198
3142,198
2192,198
35478,198
33899,198
12681,198
27248,198
34694,198
24483,198
36291,198
22175,198
13356,198
18985,198
13214,198
37128,198
23513,198
26613,198
34583,198
2729,198
3032,198
1847,198
9825,198
22947,198
35782,198
36956,198
24659,198
37274,198
26580,198
17591,198
26650,198
26416,198
26878,198
32506,198
36786,198
20636,198
22571,198
22571,198
18382,198
31726,198
23949,198
25819,198
15674,198
37095,198
26812,198
13429,198
36651,198
17795,198
20546,198
34800,198
11953,198
6825,198
15539,198
22606,198
22408,198
15316,198
6387,198
22553,198
24437,198
36619,198
14720,198
8256,198
25953,198
4619,198
28164,198
17124,198
8434,198
37421,198
24901,198
26329,198
527,198
1978,198
11953,198
26356,198
32720,198
10952,198
14777,198
19054,198
32153,100
28584,100
14067,100
34058,100
21995,100
8864,100
26280,100
32643,100
23217,100
32446,100
33142,100
31741,100
19202,100
30939,100
31137,100
10464,100
16322,100
34669,100
15959,100
5880,100
31494,100
21884,100
34425,100
20606,100
33152,100
28472,100
11458,100
15627,100
29006,100
22923,100
27553,100
21929,100
34560,100
13994,23
30230,23
16305,448
11419,448
7638,448
10385,448
18399,448
5596,448
893,448
7062,448
10059,448
969,448
15819,448
1534,448
7579,448
2802,448
24702,448
14712,448
22373,448
6987,448
26026,448
26005,448
44,448
21167,143
24308,143
4809,143
4834,143
33831,143
15078,143
8888,143
33842,143
20866,143
27888,143
22295,143
34782,143
22342,143
28635,143
10004,143
14507,143
29989,143
10968,143
29905,143
24795,143
17144,143
31461,143
34590,143
2023,143
32805,143
21026,143
33879,143
33489,143
32777,143
22289,143
12077,143
899,658
4641,658
79,658
131,658
5229,658
2200,658
3515,658
36521,658
1046,658
1851,658
23260,658
32461,658
18705,658
15104,658
13942,658
15546,658
23118,658
9803,658
10796,658
38200,658
1181,658
205,658
32431,658
1320,658
27744,658
1533,658
1107,658
471,658
904,658
14301,658
2033,658
8662,658
884,658
3561,658
3561,658
11379,658
7972,658
328,658
5834,658
11432,658
4135,658
6518,658
712,658
13137,658
10696,658
29834,658
29924,658
10666,658
16084,658
22331,658
4059,658
984,658
6941,658
21605,658
16084,658
12860,658
31980,658
21605,658
33235,658
60,658
338,658
361,658
8231,658
9698,658
13043,658
28364,658
12214,658
21223,658
14250,658
14250,658
3597,690
740,690
2096,690
34299,690
37355,690
37355,690
23664,690
28247,690
9947,690
28897,690
2276,690
14563,690
17697,690
37656,690
38167,690
8828,690
36798,690
21942,690
19879,690
14961,690
16038,690
24199,690
36521,690
26474,690
29468,690
24517,690
32135,690
27448,690
31602,690
20276,690
23734,690
38167,690
12497,690
36666,690
669,690
29798,690
12497,690
24623,690
35114,690
23393,690
20578,690
7406,690
7630,690
16127,690
30627,690
11780,690
28148,690
21160,690
22444,690
13727,690
8828,690
23074,690
6900,690
33202,690
17545,690
3757,690
10132,690
35986,690
23404,690
26640,690
22444,690
28902,690
7314,690
35878,690
38220,690
29522,690
37660,690
28991,690
27422,690
6760,690
32517,690
24644,690
31663,690
24861,690
33273,690
23875,690
23875,690
10925,690
8904,690
24074,690
38608,690
8509,690
506,690
4486,690
1579,690
15951,690
18619,690
7871,690
772,690
15005,690
29445,690
33816,690
14344,690
38476,690
37400,690
14573,690
13836,690
3532,690
4874,690
34894,690
20317,690
31787,690
15954,690
15954,690
3410,690
10750,690
9733,690
1592,690
31539,690
4988,690
26487,690
30005,690
36414,690
16949,690
1380,690
21067,690
32544,690
23457,690
29655,690
1216,690
14659,690
11259,690
38167,690
15121,690
12150,690
6807,690
31964,690
1953,690
11259,690
33111,690
32108,690
30445,690
33479,690
35340,690
36025,690
1953,690
6958,690
25179,690
38675,690
11439,690
9604,690
7972,690
15705,690
28504,690
437,690
21188,690
13615,690
34745,690
28504,690
11439,690
8395,690
36508,690
23946,690
35436,690
11918,690
1953,690
4978,690
4978,690
9604,690
23946,690
20681,690
13448,690
18912,690
7705,690
13245,690
19090,690
13437,690
21041,690
15448,690
34683,690
26999,690
7585,690
36260,690
27973,690
1159,690
11012,690
12669,690
6958,690
1095,690
27595,690
38061,690
12571,690
37551,690
16774,690
21426,690
4854,690
12890,690
18197,690
37149,690
5779,690
2533,690
15825,690
30,690
29858,690
3207,690
24630,690
27964,690
18040,690
15821,690
20726,690
18443,690
38268,690
24764,690
22242,690
23994,690
24793,690
34683,690
29858,690
2717,690
16859,690
13616,690
8910,690
32234,690
27630,690
10468,690
18245,690
16240,690
12163,690
12163,690
7174,690
28103,690
28468,690
37658,690
11001,690
8797,690
38046,690
34307,690
10169,690
27779,690
27193,690
12163,690
27193,690
7872,690
22550,690
31426,690
31131,690
31131,690
25368,690
2194,690
5688,690
3436,690
6370,690
6370,690
2609,690
35583,690
27473,690
6134,690
5069,690
5069,690
8314,690
8565,690
3877,584
15640,584
37666,584
7151,584
29739,584
2357,584
10359,584
36149,584
2954,584
31303,584
3024,584
6071,584
4466,584
26800,584
3986,584
33235,584
18914,584
12884,584
13880,584
11495,584
1836,584
20580,584
38397,584
16031,584
18238,584
11423,584
5769,584
7133,584
6348,584
30800,584
30294,584
11409,584
30255,584
33265,584
15003,584
38200,584
14785,584
10882,584
33062,584
29970,584
16407,584
22796,584
5258,584
36674,584
19955,584
4226,584
3680,584
1137,584
31061,584
7811,584
8260,584
26401,584
1494,584
9807,584
18292,584
17144,584
18568,584
1869,666
10071,666
38179,666
27909,666
31087,666
31768,666
30503,666
31861,666
1869,666
18162,666
3221,666
16336,666
36269,666
37964,666
17907,666
8685,666
35953,666
31087,666
37510,666
37960,666
7898,666
24048,666
35950,666
29499,666
28835,666
31861,666
14395,666
38506,666
34626,666
29189,666
13761,666
37038,666
1869,666
25591,666
2092,666
27865,666
4233,666
35199,666
9055,666
5171,666
27431,666
9055,666
27431,666
7934,666
8806,666
6826,666
8208,666
3594,666
24106,666
12689,666
17695,666
25444,666
28889,666
25856,666
34880,666
8511,666
5139,666
3541,666
8121,666
20489,666
12186,666
34245,666
2596,666
24452,666
29037,666
37986,666
34245,666
29037,666
34442,666
19049,666
36921,666
30825,666
17752,666
33208,666
35567,666
1033,666
17837,666
33171,666
33108,666
28799,666
18830,666
9561,666
30825,666
25438,666
3041,666
18830,666
36421,666
36421,666
36025,666
18830,666
3041,666
37696,666
34302,666
1593,666
4827,666
31119,666
36539,666
19759,666
13513,666
35190,666
5268,666
36312,666
6847,666
28740,666
15912,666
34679,666
1016,666
30288,666
23731,666
13964,666
10722,666
25669,666
4313,666
25297,666
33493,666
27909,666
35050,666
3818,666
7869,666
2348,666
25109,666
3258,666
34149,666
17099,666
21636,666
15148,666
14271,666
10922,666
5594,666
16124,666
20510,666
37152,666
28566,666
6575,666
29450,666
32117,666
23672,666
33559,749
11559,749
11598,749
2888,749
10645,749
28241,749
22476,749
29356,749
3274,749
37724,749
4550,749
38038,749
5324,749
14837,749
16752,749
33559,749
2939,749
14913,749
29698,749
14913,749
21233,749
12537,749
36184,749
12714,749
14432,749
38297,749
16014,749
28890,749
16014,749
28890,749
527,749
15934,749
13960,749
7482,749
30225,749
24648,749
22169,4
3892,4
26054,4
9614,4
20541,4
2859,4
9562,4
793,4
74,4
18580,4
9410,4
3083,4
21762,4
23262,4
2701,4
20795,4
420,4
20515,4
26721,4
3989,4
17448,4
386,4
9712,4
3163,4
6377,4
20845,4
26846,4
6205,4
17440,4
17152,4
12629,119
26038,119
30988,119
33830,119
24360,119
22329,573
32237,573
23852,573
7269,573
6071,573
17850,573
18235,573
3862,573
21405,573
21566,573
2748,573
24650,573
12304,573
26056,573
33264,573
5660,573
6086,573
525,573
5077,573
21793,573
21652,573
11495,573
26315,573
4079,573
5080,573
14212,573
29802,573
15367,573
26165,573
14809,573
5691,573
27446,573
30231,573
28725,573
16516,573
19230,573
1165,573
23368,573
11092,573
10635,573
1703,573
28728,573
22575,573
11762,573
29445,573
15168,573
8495,573
14405,573
37023,573
22351,573
1039,573
37882,573
5297,573
21986,573
11190,573
23147,573
28187,573
1163,573
29200,573
12595,573
4127,573
6617,573
7312,573
28355,573
28307,573
27298,573
22201,573
19565,573
17396,573
17820,573
2327,573
5551,573
25403,573
4924,573
38212,573
7007,573
12144,573
2302,599
11565,599
16954,599
6696,599
3109,599
31868,599
15498,599
33067,599
28295,599
31471,599
19497,599
16240,599
20524,599
17131,599
38397,599
12171,599
18473,599
13888,599
31564,599
5254,599
31631,599
16502,599
6948,599
3906,599
35586,599
4779,599
3070,599
1847,599
23232,599
8649,599
16416,599
12644,599
843,599
5526,599
24168,599
13838,599
11886,599
3719,599
27313,599
23778,599
27960,599
22271,599
6929,599
21608,599
8045,599
16127,599
25552,599
436,599
21154,599
35606,599
21703,599
31378,599
6822,599
12350,599
3521,599
4074,599
12602,599
1329,599
25968,599
10036,599
14257,599
7174,599
14707,599
5112,599
1637,599
12953,599
26905,599
10450,599
29371,599
570,599
36802,599
1136,599
28316,599
10596,599
4211,599
23025,599
3985,599
19105,599
21979,599
32237,599
35510,599
11210,599
5109,599
26377,599
14721,599
34520,599
11014,599
26757,599
6616,599
9075,599
25639,599
1184,599
12608,599
99,599
25847,599
1603,599
28034,599
33184,599
5417,599
10747,599
34363,599
9569,599
37988,599
19797,599
26823,599
12281,599
16031,599
9439,599
11701,599
25506,599
7589,599
37748,599
14232,599
13058,599
36362,599
34201,599
14846,599
8768,599
4104,599
20145,599
14337,599
6484,599
11054,599
35719,599
38507,599
24826,599
38450,599
22220,599
20616,599
34094,599
35292,599
36145,599
1278,599
16694,599
11258,599
21461,599
12907,599
1216,599
20493,599
38000,599
1435,599
23548,599
11258,599
36929,599
31236,599
12263,599
9274,599
8790,599
13444,599
38239,599
12594,599
36100,599
8384,599
3410,599
21748,599
21566,599
37516,599
5802,599
26617,599
15003,599
32484,599
5095,599
22504,599
31236,599
13662,599
17419,599
3859,599
31196,599
17484,599
27798,599
36635,599
36679,599
18142,599
2806,599
8749,599
2863,599
14417,599
24574,599
29139,599
1309,599
8342,599
27903,599
35206,599
17849,599
37005,599
9952,599
31108,599
3446,599
1318,599
34822,599
36211,599
20608,599
27874,599
12427,599
37253,599
34339,599
22986,599
10587,599
23468,599
25155,599
16563,599
18718,599
6013,599
12723,599
37362,599
29652,599
37043,599
29552,599
30542,599
32987,599
4826,599
22918,599
25835,599
20180,599
29362,599
27295,599
32158,599
27411,599
19924,599
12812,599
9607,599
22055,599
14631,599
37595,599
37945,599
7434,599
37368,599
27776,599
30788,599
24182,599
20569,599
1706,599
32247,599
31346,599
23926,599
25127,599
23586,599
36234,599
36819,599
8956,599
37824,599
15642,599
38162,599
36089,599
15009,599
5223,599
10240,599
28682,599
8193,599
8474,599
28331,599
31294,599
31412,599
28314,599
31525,599
23704,599
37319,599
14347,599
9807,599
13653,599
26887,599
28691,599
30300,599
23275,599
35471,599
33006,599
25189,599
22779,599
30430,599
7188,599
32929,599
15587,744
22304,744
38418,744
36690,744
8406,744
38115,744
22979,744
36962,744
30432,744
31033,744
14189,744
1137,744
2302,744
21343,744
21268,744
6813,744
34021,744
6883,744
2685,744
38616,744
30528,744
38387,744
28453,744
7100,744
23418,744
9627,744
14554,744
1074,744
33062,744
32401,744
11476,744
20250,744
32184,744
28667,744
26825,744
5932,744
35311,744
10138,744
34201,744
4736,744
8412,744
12954,744
9960,744
17066,744
7291,744
8524,744
6617,744
21095,744
6617,744
21095,744
19332,744
25105,565
25956,565
1485,565
10358,565
683,565
10512,565
14194,565
34674,565
21052,565
832,565
7284,565
949,565
23854,565
8080,565
2956,565
20352,565
19562,565
30328,565
30228,565
21934,565
38213,565
35770,565
2977,565
18493,565
5449,565
2669,565
18000,565
7127,565
9550,565
6719,565
24849,565
7260,565
20706,565
9338,565
25160,565
35922,565
3126,565
17365,565
1412,565
762,565
20903,565
29693,565
16720,565
384,565
12652,565
30795,565
3298,565
16198,565
7924,565
18494,565
5992,565
16452,565
35688,565
4647,565
22818,565
707,565
26275,565
22949,565
23867,565
19538,565
34742,565
31800,565
21354,565
30268,565
36127,565
1596,565
13134,565
3234,565
22272,565
28309,565
21438,565
2915,565
13573,565
20524,565
30169,565
8511,565
17558,565
5948,565
13750,565
17914,565
6676,565
28778,565
37022,565
31584,565
8550,565
29381,565
16783,565
22786,565
35329,565
2939,565
26219,565
2242,565
29908,565
25063,565
28751,565
37195,565
38021,565
28906,565
2669,565
23243,565
9674,565
32722,565
2854,565
30243,565
31705,565
26564,565
8457,565
17996,565
31086,565
38506,565
28280,565
9649,565
4036,565
21966,565
29926,565
29250,565
26234,565
20510,565
1868,565
17991,565
25546,565
35170,565
6092,565
23497,565
33569,565
5668,565
10539,565
20272,565
33057,565
6860,565
12202,565
19520,565
7302,565
1108,565
3529,565
5306,565
1108,565
14325,565
36361,565
31676,565
29539,565
22044,565
36029,565
15470,565
36836,565
15940,179
16911,179
17069,179
15106,179
23367,179
18097,179
34249,179
10213,179
27075,179
28134,179
23416,179
25354,179
10527,179
29099,179
34775,179
4885,179
18966,179
24062,179
24385,179
29733,179
4589,179
21060,179
24572,179
14144,179
31982,179
16152,179
16168,179
27044,179
29129,179
11370,179
33893,179
23025,179
36888,179
37252,179
6032,528
234,528
2532,528
3122,528
13522,528
234,528
2532,528
25067,528
19822,528
10737,528
35672,528
35970,528
229,528
11980,528
29416,528
29416,528
10993,528
33690,528
9005,528
29967,528
9734,528
19531,528
17484,303
28101,303
33265,303
20867,303
3140,303
19768,303
30518,303
1740,303
14063,303
22747,303
33098,303
8475,303
34599,303
16530,303
7482,303
27571,303
11049,303
6888,303
11098,303
24986,303
9225,303
14514,303
33235,303
24424,303
2737,303
27148,303
34116,303
20255,303
945,303
37250,303
32098,303
22647,303
15598,303
28545,303
37780,303
33792,303
14627,303
31215,101
26881,101
28149,101
14764,101
29070,101
26609,101
25911,101
9049,101
24298,101
4424,101
8864,101
29909,101
31590,101
11682,101
20771,101
26280,101
19202,101
32446,101
3055,101
32153,101
16481,101
26553,101
11988,101
11306,101
8135,101
23121,101
9876,101
10464,101
13663,101
29643,101
3900,101
28172,101
7884,101
32177,101
8734,101
4736,101
5312,101
31728,101
31315,101
21362,101
27199,101
18730,101
26607,101
24352,101
7142,101
32678,101
6165,101
13309,101
22527,101
4056,101
9397,101
13905,101
23594,101
19471,101
32804,101
20061,101
34214,101
19997,101
11458,101
10755,101
28543,101
34612,101
32011,101
13899,101
13194,101
15383,101
11002,101
22769,101
12143,101
5458,101
24843,101
14901,101
34622,101
31174,101
15282,101
10047,101
33645,534
2279,534
2051,534
3504,534
7732,534
24947,534
11388,534
21400,534
2040,534
29802,534
38604,534
7994,534
17076,534
18235,534
13523,534
22813,534
6425,534
185,534
10294,534
33856,534
31874,534
6979,534
806,534
24211,534
223,534
17808,534
5205,534
2956,534
20352,534
27649,534
9666,534
10322,534
19206,534
14247,534
19429,534
27577,534
26548,534
17084,534
6477,534
30375,534
2462,534
14603,534
7655,534
15787,534
33847,534
3115,534
5896,534
32813,534
9649,534
34848,534
23526,534
28933,534
6866,534
28951,534
32163,534
16043,534
20996,534
3327,534
7205,534
6930,534
30593,534
22253,534
7222,534
3432,534
15907,534
17948,534
18498,534
33645,534
37676,534
10747,534
13089,534
4375,534
21909,534
18390,534
26056,534
8037,534
13407,534
878,534
18634,534
34043,534
37516,534
12870,534
5606,534
30297,534
13047,534
18528,534
2039,534
23356,534
12396,534
34443,534
24849,534
4637,534
30031,534
9527,534
28631,534
35166,534
21510,534
24331,534
12549,534
15652,534
31676,534
26159,534
23280,534
18313,426
14905,426
29500,426
16183,426
36151,426
18802,426
25152,426
26806,426
27737,426
20564,426
3749,426
5284,426
724,426
28697,426
3169,426
15811,426
31299,426
32403,426
37034,426
7990,426
14923,426
3768,426
27602,426
29706,426
35177,426
36174,426
33007,426
15454,426
31087,426
28739,426
31030,426
9789,426
37942,426
24813,426
33235,426
34863,426
18947,426
34452,426
36560,426
23379,426
2894,426
37913,426
18140,426
21550,426
20374,426
10104,426
31492,426
18810,426
30750,426
1170,426
33394,426
17179,426
18443,426
30225,426
25162,426
18349,426
35553,426
32919,426
7456,426
35952,426
38467,426
32674,426
25686,426
7811,426
24039,426
6994,426
14732,426
5964,426
22182,426
2460,545
11874,545
223,545
3182,545
11388,545
24947,545
36804,545
6307,545
22818,545
18515,545
3908,545
29567,545
4574,545
13792,545
27163,545
23356,545
15787,545
4787,545
29241,545
38604,545
11547,545
17344,545
950,545
7980,545
18390,545
37307,545
29763,545
2462,545
38142,545
16321,545
26593,545
1818,545
36788,545
3567,545
23712,545
4490,545
26990,545
15274,545
36923,545
17665,545
22211,545
683,545
31140,545
34053,545
517,545
4375,545
22036,545
12975,545
14789,545
22411,545
2461,545
1758,545
6425,545
8712,545
26447,545
26233,545
36084,545
33324,545
6794,545
23283,545
6849,545
15140,545
4503,545
21769,545
30228,545
4773,545
23497,545
1868,545
22210,545
14275,545
4451,545
31849,545
4267,545
5606,545
32245,545
22588,545
21693,545
1184,545
6450,545
37933,545
1646,545
13947,545
31868,545
14346,545
28950,545
8086,545
23256,545
10587,545
7961,545
384,545
2572,545
2873,545
12279,545
12477,545
34500,545
2465,545
38032,545
13763,545
22771,545
3508,545
20411,545
24064,545
20092,545
10747,545
11627,545
29117,545
25527,545
32645,545
30702,545
13962,545
7117,545
4837,545
10437,545
8030,545
32935,545
9833,545
16237,545
18447,545
4478,545
20792,545
3568,545
25586,545
3327,545
12828,545
33120,545
1841,545
22556,545
4637,545
35243,545
7672,545
29550,545
31845,545
21286,545
20975,545
26729,545
30758,545
15503,545
3115,545
5609,545
3233,545
23918,545
18430,545
21244,545
31840,545
21712,545
2845,545
36772,545
28951,545
28276,545
22945,545
16170,545
4999,545
30031,545
25805,545
14609,545
29547,545
25596,545
30070,545
837,545
3907,545
10835,545
37974,545
31620,545
36281,545
16989,545
3844,545
4314,545
38276,545
9550,545
31770,545
21507,545
30051,545
8327,545
36397,545
12843,545
5787,545
13616,545
23471,545
32179,545
12263,545
22204,545
34871,545
16816,545
36122,545
4104,545
15766,545
10367,545
2528,545
26924,545
22431,545
22370,545
9959,545
27993,545
25525,545
29531,545
26159,545
22813,180
16758,180
12345,180
29680,180
1867,180
32156,180
13567,180
11509,180
21070,180
21594,180
10458,180
9144,180
27446,180
12439,180
24831,180
13258,180
27866,180
17008,180
11770,180
25152,180
32451,180
31801,180
36443,180
2657,180
12251,180
36274,180
22945,180
33917,180
25741,180
4014,180
20013,180
34326,180
16949,180
22648,180
21887,180
12935,180
2057,180
26355,180
21387,180
14792,180
18057,180
18196,180
36670,180
36409,180
11944,180
16518,180
12256,180
7802,180
29092,180
10620,180
28563,180
17299,180
29570,180
13437,180
11345,180
6264,180
30305,180
6424,180
9407,180
26282,180
6134,180
18626,180
15219,180
17697,180
429,180
6065,180
14251,180
24390,180
11161,180
28290,180
9002,180
31406,180
18221,180
9085,180
2807,180
31901,180
7665,180
9587,180
18046,180
10860,180
32315,180
11479,180
35756,180
30052,180
19389,180
35688,180
31832,180
28757,180
29572,180
2542,180
24285,180
16277,180
34633,180
19778,180
28753,180
8871,180
20210,180
32118,180
23745,180
20470,180
35882,180
32781,180
35769,180
14869,180
14631,180
17892,180
16105,180
18861,180
28055,180
27992,180
16926,180
15002,180
29331,180
12234,180
17144,180
31472,180
35250,180
27813,180
22176,180
26934,180
7794,180
27335,180
18095,180
23778,1006
21126,1006
22462,1006
3306,1006
14347,1006
6171,1006
3531,1006
36499,1006
115,1006
17001,1006
35704,1006
6536,1006
5787,1006
14845,1006
26611,1006
12702,1006
15498,1006
29901,1006
1328,1006
14206,1006
3195,1006
453,1006
1891,1006
22697,1006
18406,1006
15347,1006
24169,1006
36118,1006
19246,1006
21830,1006
31775,1006
10229,1006
14161,1006
7252,1006
13350,1006
21154,1006
12585,1006
14132,1006
27194,1006
7521,1006
1774,1006
1782,1006
10471,1006
19482,1006
18675,1006
30185,1006
27183,1006
38347,1006
19386,1006
38826,1006
19658,1006
9695,1006
6114,1006
1887,1006
18214,1006
7741,1006
6650,1006
15492,1006
31875,1006
5345,1006
16933,1006
3501,1006
35748,1006
20066,1006
38884,1006
15587,1006
35999,1006
19797,1006
30957,1006
14960,1006
30031,1006
10747,1006
3784,1006
26039,1006
28725,1006
9422,1006
35334,1006
7714,1006
16841,1006
12191,1006
509,1006
19363,1006
38530,1006
19652,1006
31564,1006
6801,1006
100,1006
23680,1006
5030,1006
37560,1006
18647,1006
7612,1006
6965,1006
12321,1006
25898,1006
38364,1006
5979,1006
6861,1006
19794,1006
6694,1006
3060,1006
35268,1006
5023,1006
8787,1006
33942,1006
35210,1006
10762,1006
580,1006
1100,1006
31069,1006
16054,1006
25048,1006
14647,1006
2120,1006
17484,1006
7800,1006
15019,1006
28087,1006
6103,1006
33461,1006
11513,1006
2427,1006
1560,1006
12281,1006
33934,1006
38200,1006
52,1006
18812,1006
16341,1006
32964,1006
2107,1006
38659,1006
9515,1006
10614,1006
6702,1006
36521,1006
38460,1006
7961,1006
38588,1006
34859,1006
17891,1006
35857,1006
13347,1006
26692,1006
8584,1006
36792,1006
14598,1006
3830,1006
26806,1006
6726,1006
30208,1006
33781,1006
27447,1006
34882,1006
23224,1006
20475,1006
13117,1006
14201,1006
25542,1006
6743,1006
36931,1006
32680,1006
29005,1006
27721,1006
29552,1006
37957,1006
38275,1006
12081,1006
34688,1006
20820,1006
10897,1006
7103,1006
36060,1006
27516,1006
13221,1006
34627,1006
37249,1006
7188,1006
26876,859
37695,859
18982,859
194,859
27632,859
17151,859
16781,859
23318,859
33235,859
5222,859
3871,859
18982,859
11246,940
18080,940
12339,940
34454,940
18432,940
7236,940
3600,940
19543,940
13391,940
11000,940
14153,940
25967,940
32142,940
6658,940
12151,940
15679,940
22925,940
5735,940
10076,940
799,940
784,940
27603,940
25804,940
13506,940
17888,989
15622,989
9746,989
33366,989
7618,989
23612,989
25074,989
580,989
12533,989
13213,989
15036,989
29236,989
31267,989
5450,989
25053,989
17296,989
11343,989
1592,989
32942,989
1424,989
12348,989
13690,989
28116,989
15378,989
25955,989
17926,989
12744,989
19294,989
9526,989
8756,989
3391,989
23421,989
13488,989
31734,989
17863,989
5489,989
2107,989
9675,989
1915,989
29716,989
37647,989
13154,989
13671,989
32053,989
6081,989
37483,989
30135,989
3610,989
34353,989
35180,989
37267,989
5916,989
9125,989
11557,989
1479,989
27953,989
24217,989
16488,989
10992,989
18090,989
25737,989
9890,989
31839,989
23966,989
14900,989
5412,989
11765,989
30964,989
5163,989
22098,989
36599,989
4602,989
7993,989
2789,989
15072,989
8831,989
34323,989
30031,989
6211,1108
14821,1108
21826,1108
374,1108
28899,1108
1159,1108
20059,1108
16312,1108
26114,1108
21970,1108
14935,1108
10990,1108
3669,1108
1512,1108
2190,1108
844,1108
30811,1108
594,1108
25205,1108
18020,1108
21353,1108
37590,1108
20115,1108
21396,1108
1640,1108
13074,1108
8200,1108
10270,1108
18117,1108
10596,1108
7999,1108
13242,1108
9811,1108
38200,1108
29564,1108
23356,1108
22916,1108
11420,1108
12869,1108
15323,1108
3491,1108
18499,1108
28729,1108
17704,1108
1937,1108
6832,1108
38731,1108
12610,1108
18457,1108
842,1108
7895,1108
25958,1108
6960,1108
6661,1108
19270,1108
23011,1108
22237,1108
9489,1108
557,1108
26012,1108
9103,1108
26638,1108
6864,1108
35646,1108
11167,1108
10421,1108
6893,1108
519,1108
19764,1108
8128,1108
7838,1108
31798,1108
32993,1108
21322,1108
1766,1108
30603,1108
39424,1108
993,1108
25993,1108
3972,1108
39350,1108
10990,1108
13600,1108
31474,1108
31433,1108
9975,1108
9089,1108
14553,1108
27487,1108
978,1108
7904,1108
3511,1108
29360,1108
9389,1108
30953,1108
12893,1108
3803,1108
38971,1108
29193,1108
19622,1108
21321,1108
2648,1108
25192,1108
7085,1108
16507,1108
20411,1108
33181,1108
10199,1108
29794,1108
10199,1108
18042,1108
35875,1108
37530,1108
31287,1108
39376,1108
2896,1108
7331,1108
34319,1108
12634,1108
5390,1108
3891,1108
11549,1108
23988,1108
852,1108
7526,1108
175,1108
39319,1108
9880,1108
36705,1108
18943,1108
31129,1108
3424,1108
9865,1108
2270,1108
23459,1108
33766,1108
16268,1108
39427,1108
161,1108
9220,1108
30839,1108
25185,1108
26250,1108
39540,1108
28993,1108
24183,1108
4813,1108
33660,1108
32334,1108
31850,1108
14381,1108
3698,1108
38105,1108
11753,1108
6651,1108
1682,1108
23079,1108
5653,1108
12564,1108
4242,1108
1600,1108
25731,1108
13013,1108
15865,1108
21461,1108
19098,1108
39402,1108
27722,1108
12829,1108
6861,1108
39500,1108
2315,1108
18719,1108
19609,1108
25248,1108
14820,1108
19609,1108
20952,1108
2810,1108
21228,1108
39147,1108
34282,1108
702,1108
27451,1108
2149,1108
29490,1108
38788,1108
29854,1108
18995,1108
2526,1108
27314,1108
4442,1108
33875,1108
5593,1108
25463,1108
543,1108
7750,1108
39510,1108
30701,1108
9512,1108
39366,1108
30356,1108
2102,1108
17337,1108
1722,1108
31390,1108
24887,1108
3805,1108
15020,1108
535,1108
13211,1108
21018,1108
25286,1108
13861,1108
33177,1108
12667,1108
31468,1108
32757,1108
33481,1108
22396,1108
2932,1108
15433,1108
18412,1108
286,1108
11563,1108
10480,1108
17158,1108
10217,1108
29053,1108
15167,1108
33078,1108
15167,1108
3546,1108
12270,1108
2219,1108
25948,1108
18715,1108
35121,1108
39038,1108
10933,1108
30105,1108
30677,1108
23011,1108
4397,1108
39426,1108
23057,1108
12890,1108
20614,1108
24652,1108
28348,1108
20256,1108
699,1108
1393,1108
39194,1108
33235,1108
1223,1108
35915,1108
10206,1108
8544,1108
2419,1108
20256,1108
6527,1108
9354,1108
35171,1108
27095,1108
7954,1108
31964,1108
1334,1108
22466,1108
34762,1108
39482,1108
1056,1108
26407,1108
21304,1108
22321,1108
20024,1108
26943,1108
7985,1108
1316,1108
15905,1108
13630,1108
13630,1108
13630,1108
15881,1108
23011,1108
31798,1108
5066,1108
4285,1108
26840,1108
6423,1108
36289,1108
25323,1108
11162,1108
13232,1108
28334,1108
37810,1108
39461,1108
2718,1108
17043,1108
291,1108
7537,1108
4968,1108
26999,1108
2314,1108
29276,1108
2750,1108
1805,1108
26760,1108
28045,1108
4844,1108
3,1108
33049,1108
16552,1108
3397,1108
8691,1108
19660,1108
35239,1108
1757,1108
36521,1108
9187,1108
7272,1108
61,1108
38441,1108
6246,1108
13245,1108
15270,1108
17810,1108
15266,1108
17340,1108
36171,1108
34834,1108
3396,1108
33188,1108
1058,1108
2865,1108
30309,1108
168,1108
2345,1108
16694,1108
38681,1108
2558,1108
37228,1108
1852,1108
29379,1108
1491,1108
5968,1108
172,1108
28486,1108
39645,1108
4479,1108
12435,1108
32918,1108
15620,1108
14575,1108
13546,1108
2935,1108
13638,1108
15439,1108
723,1108
1977,1108
27347,1108
11120,1108
32526,1108
29455,1108
20929,1108
29055,1108
3540,1108
23759,1108
36859,1108
11208,1108
34927,1108
6873,1108
17968,1108
4275,1108
22869,1108
24173,1108
31581,1108
14143,1108
36954,1108
39234,1108
7856,1108
6124,1108
21915,1108
19069,1108
3237,1108
3037,1108
8989,1108
8730,1108
1345,1108
29922,1108
25401,1108
2492,1108
7866,1108
6537,1108
19164,1108
2342,1108
5114,1108
9796,1108
28179,1108
9788,1108
38409,1108
38409,1108
578,1108
18042,1108
10831,1108
3695,1108
21710,1108
14287,1108
12453,1108
1472,1108
23011,1108
18593,1108
7943,1108
32243,1108
20536,1108
7658,1108
10446,1108
809,1108
17,1108
32418,1108
9782,1108
26494,1108
25840,1108
19401,1108
16257,1108
2078,1108
22178,1108
22178,1108
12362,1108
22835,1108
22835,1108
3010,1108
33250,1108
33250,1108
29252,1108
23978,1108
27781,1108
17550,1108
813,1108
23152,1108
24876,1108
15016,1108
17870,1108
21965,1257
29948,1257
33342,1257
20176,1257
965,1257
14752,1257
17059,1257
23777,1257
19986,1257
29328,1257
10610,1257
23277,1257
34193,1257
17200,1257
27745,1257
28004,1257
14169,1257
34799,1257
34295,1257
28619,1257
22673,1257
27192,1257
18940,1257
34306,1257
22799,1257
26616,1257
38892,1257
21927,1257
25725,1257
13042,1257
30274,1257
19839,1257
37211,1257
33359,1257
11537,1257
33826,1257
30576,1257
11829,1257
21100,1257
22654,1257
7069,1257
32875,1257
8630,1257
22650,1257
38991,1257
2975,1257
14198,1257
12274,1257
39787,1257
22856,1257
15852,1257
17594,1257
9305,1257
19414,1257
16400,1257
14222,1257
16738,1257
38933,1257
33915,1257
20603,1257
36251,1257
10904,1257
17261,1257
38972,1257
23970,1257
18290,1257
27383,1257
37360,1257
25306,1257
19131,1257
23070,1257
38577,1257
36144,1257
26394,1257
10545,1257
19529,1257
19581,1257
31833,1257
13445,1257
27586,1257
15415,1257
10964,1257
32110,1257
28963,1257
23895,1257
36330,1257
12378,1257
17930,1257
23139,1257
25379,1257
20134,1257
34206,1257
23597,1257
20138,1257
30182,1257
32791,1257
35074,1257
35822,1257
35822,1257
11744,1257
39199,1257
38004,1257
25688,1257
5733,1257
15095,1257
12015,1257
14397,1257
33368,1257
9193,1257
30882,1257
39392,1257
12861,1257
29111,1257
9591,1257
35297,1257
30180,1257
37165,1257
38957,1257
19287,1257
18704,1257
21243,1257
23631,1257
22544,1257
23547,1257
33876,1257
27600,1257
18611,1257
8705,1257
35990,1257
29622,1257
35990,1257
30672,1257
6717,1186
39623,1186
28697,1186
39351,1186
34257,1186
7065,1186
25976,1186
1777,1186
9739,1186
33849,1186
31182,1186
14539,1186
16538,1186
34027,1186
25752,1186
2510,1186
9280,1186
7584,1186
703,1186
14873,1186
17195,1186
38859,1186
10360,1186
36678,1186
28725,1186
15371,1186
39384,1186
3435,1186
3384,1186
22166,1186
22731,1186
25776,1186
16341,1186
24681,1186
12057,1186
5178,1186
3695,1186
4765,1186
26557,1186
6164,1186
5178,1186
10306,1186
29256,1186
5950,1186
38967,1186
28543,1186
3184,1186
37773,1186
39147,1186
6212,1186
1760,1186
34007,1186
7815,1186
8494,1186
33767,1186
3866,1186
34290,1186
7496,1186
18443,1186
38755,1186
32221,1186
19381,1186
8887,1186
14663,1186
3633,1186
16682,1224
15176,1224
7038,1224
17428,1224
37632,1224
1020,1224
2636,1224
39823,1247
18120,1247
6619,1247
7436,1247
29478,1247
24664,1247
24664,1247
16723,1247
14569,1247
19954,1247
20358,1247
37784,1247
36364,1247
19045,1247
38253,1247
22153,1247
4252,1247
21368,1247
20555,1247
14887,1247
25764,1247
19811,1247
22882,1247
11863,1247
7922,1247
7922,1247
7922,1247
18120,1247
39497,1247
17731,1247
16365,1247
9566,1247
15646,1247
36760,1247
17487,1247
13796,1247
39528,1247
5179,1247
11967,1247
4114,1247
1976,1247
16543,1247
37134,1247
1556,1247
29476,1247
32444,1247
15132,1247
38653,1247
16922,1247
3040,1247
989,1247
7141,1247
12696,1247
23215,1247
38631,1247
565,1247
14078,1247
39829,1247
38653,1247
10311,1247
22313,1247
13132,1247
13132,1247
5080,1247
28220,1247
16030,1247
16302,1247
6531,1247
24812,1247
33173,1247
26567,1247
32235,1247
18083,1247
32301,1247
15647,1247
19941,1247
7231,1247
13307,1247
19133,1247
19133,1247
34434,1247
39349,1247
29259,1247
2934,1247
18417,1247
10861,1247
106,1247
15075,1247
39802,1247
19501,1247
29319,1247
18508,1247
35898,1247
11284,1247
38868,1247
5203,1247
29059,1247
1340,1247
17896,1247
39754,1247
4738,1247
37245,1247
39066,1247
14280,1247
17376,1247
36248,1247
28260,1247
33495,1247
2259,1247
31045,1247
39877,1247
18997,1247
17659,1247
26917,1247
20539,1247
1610,1247
35286,1247
37012,1247
38363,1247
37373,1247
37373,1247
15401,1247
39861,1247
28115,1247
39861,1247
16900,1247
32281,1247
28720,1247
16548,1247
39413,1247
31015,1247
9981,1247
39368,1247
20464,1247
33378,1247
3761,1247
14912,1247
21576,1247
2749,1247
39090,1247
22045,1247
31335,1247
22002,1247
3614,1247
33460,1247
39875,1247
35933,1247
39881,1247
39783,1247
3125,1247
5632,1247
37537,1247
27653,1247
39335,1247
14410,1247
1307,1247
39163,1247
35047,1247
20947,1247
14584,1247
30258,1247
8581,1247
37663,1247
8978,1247
5713,1247
39483,1247
8727,1247
13979,1247
23295,1247
34168,1247
28653,1247
10276,1247
1000,1247
7883,1247
38469,1247
19599,1247
39841,1247
317,1247
26525,1247
26205,1247
10096,1247
32351,1247
30163,1247
3881,1247
34813,1247
5411,1247
5411,1247
13102,1247
5592,1247
30029,1247
39852,1247
18485,1247
39473,1247
32694,1247
25969,1247
35618,1247
24116,1247
39830,1247
8488,1247
1464,1247
1464,1247
37571,1247
10449,1247
37754,1247
39524,1247
10555,1247
10555,1247
36859,1247
21593,1247
39720,1247
10555,1247
29946,1247
13821,1247
5355,1247
21567,1247
35933,1247
5556,1247
8838,985
35703,985
23905,985
25054,985
34276,985
2785,985
16276,985
1740,985
25756,985
9334,985
38884,985
20513,985
24005,985
27603,985
16564,985
2765,985
9675,985
12937,985
32183,985
7737,985
38893,985
6613,985
28931,985
5377,985
27162,985
15046,985
17595,985
28101,985
32585,985
15560,985
2606,985
12927,985
34460,985
18476,985
29089,985
33519,985
15237,985
37120,985
16900,985
9691,985
15604,985
8002,985
37103,985
34408,985
33461,985
17629,985
31828,985
1383,985
16488,985
5817,985
37143,985
14201,985
30247,985
30528,985
24986,985
25125,985
21882,985
8407,985
5978,985
7675,985
7043,985
1547,985
20143,985
30717,985
23604,985
12995,985
1829,985
1829,985
34371,985
8671,985
20143,985
10844,985
1829,985
1213,985
9891,985
15389,985
22329,985
30247,985
14427,985
16471,1253
32353,1253
28876,1253
33810,1253
21578,1253
26067,1253
33811,1253
27596,1253
26465,1253
26978,1253
25648,1253
28052,1253
25637,1253
25649,1253
26683,1253
27911,1253
33814,1253
23750,1253
25650,1253
19186,1253
28047,1253
19185,1253
21674,1253
25642,1253
31945,1253
18538,1253
33813,1253
26452,1253
26184,1253
27902,1253
25651,1253
25643,1253
27872,1253
9554,1253
36142,1253
27933,1253
26951,1253
25631,1253
23953,1253
31836,1253
25634,1253
25339,1253
33812,1253
26979,1253
25632,1253
25633,1253
25635,1253
27724,1253
19187,1253
26662,1253
31948,1253
22078,1253
25630,1253
21671,1253
26467,1253
28028,1253
23729,1253
31946,1253
25636,1253
6985,1253
27060,1253
19033,1253
4548,1253
12046,1253
355,1253
10218,1253
37659,1253
29519,1253
34966,1253
34592,1253
17181,1253
355,1253
38921,1253
39032,1253
35716,1253
32466,1253
39815,1253
32640,1094
7642,1094
33202,1094
1590,1094
10013,1094
19634,1094
17758,1094
5470,1094
442,1094
215,1094
11536,1094
27362,1094
25932,1094
14350,1094
28410,1094
31402,1094
27362,1094
10698,1094
3231,1094
8077,1094
24478,1094
33181,1094
348,1094
4601,1094
22095,1094
18499,1094
26008,1094
2136,1094
5194,1094
6449,1094
38200,1094
18265,1094
38731,1094
33852,1094
11830,1094
37282,1094
39333,1094
39038,1094
29249,1094
15413,1094
13270,1094
18171,1094
13140,1094
8344,1094
17023,1094
4204,1094
15905,1094
16707,1094
4497,1094
3010,1094
3020,1094
5107,1094
33308,1094
714,1094
29409,1094
4060,1094
6294,1094
18520,1094
30774,1094
8863,1094
25192,1094
14922,1094
10785,1094
13058,1094
16881,1094
6861,1094
4383,1094
11146,1094
20811,1094
21304,1094
4771,1094
10640,1094
31915,1094
12000,1094
20906,1094
16257,1094
28989,1094
36834,1094
21040,1094
5465,1094
23459,1094
32570,1094
14914,1094
9303,1094
24566,1094
21613,1094
37851,1094
11899,1094
29259,1094
2685,1094
16165,1094
18886,1094
12678,1094
35160,1094
1177,1094
36125,1094
7484,1094
9809,1094
29955,1094
9509,1094
11596,1094
22768,1094
34170,1094
3891,1094
26707,1094
7968,1094
492,1094
18516,1094
36639,1094
3903,1094
1204,1094
4920,1094
1853,1094
15850,1094
16507,1094
99,1094
36289,1094
10446,1094
34671,1094
15861,1094
31764,1094
11137,1094
4920,1094
18823,1094
21069,1094
8602,1094
30478,1094
28325,1094
920,1094
22535,1094
3305,1094
11167,1094
25358,1094
10490,1094
1826,1094
5905,1094
34621,1094
30932,1094
11856,1094
3095,1094
11476,1094
22382,1094
14889,1094
4920,1094
18558,1094
16302,1094
13646,1094
36555,1094
32806,1094
20763,1094
27700,1094
25595,1094
1631,1094
34490,1094
7294,1094
30936,1094
39451,1094
25242,1094
36521,1094
34179,1094
35831,1094
2773,1094
11146,1094
1472,1094
14050,1094
39553,1094
16028,1094
28370,1094
37626,1190
19407,1190
39639,1190
4537,1190
19748,1190
13871,1190
13395,1190
5278,1190
3305,1190
31182,1190
5418,1190
3828,1190
5862,1190
2141,1190
39602,1190
39603,1190
12131,1190
31048,1190
25110,1190
4222,1190
33138,1190
39834,1190
31157,1190
19352,1190
2985,1190
21234,1190
39445,1190
20609,1190
20020,1190
20136,1190
37144,1190
19845,1190
19763,1190
22832,1190
15679,1190
11648,1190
29402,1190
7422,1190
1661,1190
39258,1190
16331,1190
28396,1190
2479,1190
5632,1190
9217,1190
956,1190
23584,1190
25286,1190
19656,1190
21945,841
36402,841
13014,841
33521,841
34974,841
7043,841
10300,841
7220,841
25212,841
16732,841
21077,841
8161,841
29516,841
15019,841
32478,841
9618,841
38158,841
8657,841
9618,841
26518,841
38627,841
22804,841
22941,841
36211,841
7868,841
35784,841
24798,841
11706,841
22804,841
22941,841
4400,841
22154,841
27422,841
30014,841
32676,841
25048,841
38494,841
29540,841
27354,841
30028,841
34792,841
16746,841
22098,1068
31375,1068
2150,1068
15372,1068
35575,1068
17200,1068
13115,1068
33358,1068
38649,1068
38543,1068
6540,1148
39514,1148
19950,1148
25200,1148
37769,1148
32672,1148
22033,1148
3009,1148
28637,1148
36594,1148
23047,1148
8981,1148
38057,1148
30443,1148
36594,1148
38747,1148
12892,1148
24913,1148
36832,1148
39459,1148
37698,1148
11368,1148
38811,1148
16185,1148
23462,1148
39352,1148
9475,1148
16185,1148
23462,1148
11751,1148
9861,1148
33245,1148
22398,1252
22398,1252
38773,1252
26857,1252
18666,1252
37407,1252
8995,1252
10690,1252
10239,1252
39301,1252
39301,1252
13932,873
14618,873
16931,873
18851,873
36149,873
23896,873
2256,873
2758,873
10270,873
31161,873
1624,873
16418,873
37564,873
17241,873
18573,873
8611,873
10653,873
36521,873
1686,873
24212,873
9046,873
945,873
32435,873
731,873
22278,873
13690,873
38498,873
16054,873
21043,873
10146,873
33657,873
16159,1075
21353,1075
1799,1075
39333,1075
3645,1075
265,1075
38651,1075
39085,1075
1664,1075
21027,1075
15936,1075
5395,1075
2237,1075
7422,1075
25265,1075
9507,1075
1897,1075
7856,1075
31938,1075
13602,1075
27119,1075
7806,1075
31372,1075
10571,1075
25209,1075
38831,1075
38964,1075
11476,1075
7957,1075
39330,1075
4352,1075
28576,1075
23237,1075
6954,1075
39203,1075
27497,1075
32904,1075
19228,1075
845,1075
4565,1075
20100,979
38884,979
31704,979
16713,979
7964,979
23905,979
17595,979
1319,979
13295,979
29516,979
24407,979
26016,979
25756,979
5723,979
8306,979
34794,979
19631,979
481,979
16666,979
8724,979
36669,979
2713,979
31486,979
15919,979
29209,979
35882,979
31087,979
30528,979
34201,979
30087,979
12826,979
18999,979
101,1220
8186,1220
16848,1220
26310,1220
21332,1220
27363,1220
15802,1220
14873,1220
19344,1220
37344,1220
33394,1220
690,1220
19645,1220
10016,1220
33261,1220
33260,1220
29623,1220
33519,1220
16023,1220
8713,1220
35897,1220
39826,1220
29847,1220
27840,1220
27421,1220
8713,1220
37357,1220
31830,1220
25685,1220
27068,1220
10679,1220
36705,1220
39664,1220
12634,1220
18443,1220
16887,1220
36875,1220
1677,1220
21542,1220
9920,1220
38349,1220
6741,1220
13170,1220
29494,1220
4786,1220
15292,1220
35513,1220
33834,1220
32269,1137
17889,1137
30850,1137
16609,1137
23656,1137
20356,1137
16766,1137
27624,1137
32522,1137
7698,1137
8226,1137
9956,1137
23578,1137
39282,1137
11829,1137
29639,1137
16471,1137
36902,1137
17250,1137
39283,1137
11382,1137
31081,1137
11678,1137
12611,1137
13956,1137
21545,1137
29991,1137
38349,1218
21781,1218
39603,1218
594,1218
6168,1218
26391,1218
36678,1218
3608,1218
17184,1218
6706,1218
36892,1218
33124,1218
39624,1218
12869,1218
16395,1218
21070,1218
39420,1218
39847,1218
3322,1218
33260,1218
25786,1218
1451,1218
10016,1218
9100,1218
19753,1218
32744,1218
7818,1218
9870,1218
17195,1218
1416,1218
2935,1218
13735,1218
12130,1218
15850,1218
33829,1218
39808,1218
39847,1218
12618,1218
18620,1218
16674,1218
39808,1218
17352,1218
2315,1218
3750,1218
4198,1218
7972,1218
33181,1218
4777,1218
7379,1218
12453,1218
21312,1218
28488,1218
36416,1218
38341,1218
9707,1218
12599,1218
39147,1218
38935,1218
16809,1218
35995,1218
29552,1218
13969,1218
6881,1218
5327,1218
31160,1218
7143,1218
27068,1218
2154,1218
39545,1218
11147,1218
31331,1218
39733,1218
39764,1218
2119,1218
2989,1218
39233,1218
5771,1218
1393,1218
10016,1218
224,1218
2154,1218
12890,1218
26819,1218
29668,1218
21488,1218
22928,1218
6665,1218
9711,1218
32699,1218
9578,1218
11702,1218
23259,1218
21403,1218
14683,1218
1001,850
116,850
1828,850
8018,850
35151,850
358,850
4971,850
1061,850
4204,850
12410,850
4195,850
1178,850
3063,850
24058,850
8214,850
1913,850
13175,850
5346,850
6968,850
29503,850
18936,850
26301,850
138,850
28543,850
18353,850
18182,850
15046,850
17886,850
5578,850
4234,850
16275,850
30010,850
16313,850
12359,850
36197,850
35831,850
7871,850
26876,850
22089,850
2164,850
34388,850
13267,850
33864,850
9746,850
26542,850
38668,850
29310,850
11557,850
31117,850
2326,850
36649,850
33586,1246
2871,1246
15808,1246
2475,1246
33586,1246
33586,1246
33586,1246
33586,1246
33586,1246
11575,1071
8820,1071
15395,1071
1231,1071
1112,1071
18649,1071
11971,1071
18367,1071
25283,1071
16217,1071
13210,1071
31915,1071
24017,1071
25839,1071
17184,1071
2320,1071
12267,1071
34538,1071
1661,1071
8344,1071
26816,1071
4469,1071
19712,1071
20506,1071
3056,1071
16768,1071
23915,1071
9089,1071
12383,1071
6901,1071
6190,1071
17511,1071
23838,1071
1877,1071
19858,1071
14374,1071
3048,1071
2097,1071
7586,1071
55,1071
27422,1071
23838,1071
21234,1071
12501,1071
12486,1071
19178,1071
24510,1071
10273,1071
34398,1071
23838,1071
6403,1071
8820,1071
6166,1071
32023,1071
10823,1071
4071,1071
339,1071
21953,1071
7396,1071
26188,1071
35090,1071
4325,1071
22916,1071
12109,1071
39500,1071
37920,1071
39500,1071
16325,1071
29491,1071
1833,1071
20541,1071
15079,1071
1539,1071
6882,1071
9270,1071
2971,1071
6190,1071
28486,1071
20031,1071
1539,1071
19568,1071
23293,1071
39048,1071
9270,1071
23328,1071
17582,1071
2627,1071
4858,1071
31885,1071
5486,1071
33524,1071
26638,1071
14004,1071
21018,1071
348,1071
38731,1071
5390,1071
24017,1071
2043,1071
21775,1071
13451,1071
25152,1071
36656,1071
1202,1071
38806,1071
4060,1071
30345,1071
15076,1071
1852,1071
5049,1071
7566,1071
17712,1071
7192,1071
4027,1071
6037,1071
27964,1071
2333,1071
11464,1071
1257,1071
21546,1071
15513,1071
35839,1071
27267,1071
35596,1071
1287,1071
1287,1071
30762,1071
6548,1071
23732,1071
1479,1071
22696,1071
1240,1071
32651,1071
348,1071
16507,1071
858,1071
27679,1071
18289,1071
858,1071
3470,1071
31736,1071
2765,1071
15595,1071
4442,1071
6403,1071
6403,1071
7957,1071
15819,1071
16134,1071
33482,1071
15313,1071
35929,1071
2583,1071
27119,1071
23285,1071
12890,1071
12175,1071
21070,1071
1201,1071
16845,1071
16663,1071
16663,1071
2043,1071
16859,1071
3338,1071
7856,1071
15843,1071
6250,1071
28045,1071
30186,1071
348,1071
18204,1071
39685,1071
5407,1071
27899,636
24447,636
37271,636
12263,636
38431,636
23778,636
10731,636
1184,636
5223,636
52,636
1191,636
12281,636
18035,636
35089,636
37793,636
18599,636
17063,636
14618,636
28997,636
28543,636
10616,636
10036,636
1524,636
26423,636
2136,636
11014,636
3271,636
31294,636
14597,636
16691,636
16691,636
36204,636
13616,636
18528,636
27966,636
36302,636
10614,636
29829,636
6614,636
6647,636
18443,636
35292,636
24986,636
9318,636
17955,636
35983,636
36548,636
6394,636
15086,636
33235,636
22386,636
32910,636
30365,636
34400,636
27713,636
17145,636
32295,636
7645,636
2976,636
38450,636
6506,636
25189,636
17753,636
1166,636
16573,636
35003,636
31469,636
29612,636
18015,636
26806,636
6081,636
19631,636
22682,636
28038,1117
4565,1117
39239,1117
36401,1117
20378,1117
32298,1117
38903,1117
39674,1117
7468,1117
18433,1117
10171,1117
3582,1117
14092,1117
36696,1117
11640,554
6493,554
3956,554
2114,554
32813,554
20538,554
13768,554
23571,554
21652,554
17732,554
2873,554
3702,554
12210,554
941,554
941,554
3602,554
19934,554
3846,554
6493,554
3602,554
21170,554
20392,554
4444,554
3702,554
3846,554
3702,554
3702,554
8863,554
22624,554
1838,554
3702,554
1838,554
15475,870
21064,870
17033,870
9494,870
35111,870
4873,870
24527,870
22938,870
38613,870
9626,870
1624,870
28138,870
174,870
8586,870
12583,870
14402,870
158,870
36531,870
30183,870
25532,870
11787,870
35479,870
23025,870
11150,870
33205,870
27552,870
18495,870
23261,870
9824,870
25904,870
19246,870
8534,870
34490,870
18573,870
26368,870
11936,870
18799,870
17241,870
27018,870
20384,870
32435,870
23770,870
17022,870
16292,870
17403,870
14713,870
1944,870
34327,870
18999,870
35161,870
11421,870
32341,870
18035,870
38498,870
3009,870
18612,870
33624,870
36836,870
23334,870
30798,870
38531,870
37551,870
19194,604
17084,604
2461,604
32215,604
27887,604
23356,604
15937,604
223,604
24154,604
9060,604
35089,604
16097,604
8499,604
918,604
16913,604
19864,604
28116,604
29593,604
14817,604
28787,604
4985,604
35939,604
23905,604
19856,604
23474,604
3629,604
33420,604
35356,604
25580,604
5793,604
6425,604
14983,604
28103,604
16258,604
7836,604
26754,604
34089,604
2845,604
38138,604
36115,604
7082,604
30344,604
21991,604
34456,604
38138,604
13616,604
36211,604
27993,604
32982,604
26159,604
25658,604
20167,604
25236,604
23246,604
32331,604
8249,604
3972,604
26984,604
4837,604
6646,604
32039,604
1751,1282
24888,1282
11575,1282
36828,1282
22298,1282
13823,1282
20125,1282
23862,1282
25283,1282
1664,1282
29889,1282
8271,1282
23332,1282
9981,1282
2170,1282
7417,1282
20011,1282
22087,1282
1604,1282
31365,1282
5790,1282
20187,1282
17741,1282
5132,1282
2512,1282
39853,1282
21517,1282
16365,1282
38914,1282
17369,1282
27973,1282
25948,1282
8028,1282
35295,1282
31554,1282
37313,1282
1451,1282
7925,1282
14570,1282
23315,1282
30066,1282
15100,1282
19213,1282
973,1282
17520,1282
32354,1282
3695,1282
22535,1282
7192,1282
11142,1282
5269,1282
19166,1282
17908,1282
4272,1282
9965,1282
37683,1282
18779,1282
8847,1282
27142,1282
39408,1282
23971,1282
4966,1282
17721,1282
4021,1282
4022,1282
11124,1282
30082,1282
14644,1282
25857,1282
32766,1282
35088,1282
11641,1282
14377,1282
1345,1282
31549,1282
10919,1282
27982,1282
20166,1282
27541,1282
30863,1282
1877,1095
33551,1095
33181,1095
523,1095
10567,1095
25932,1095
9089,1095
29409,1095
3450,1095
1409,1095
19178,1095
4136,1095
6893,1095
5749,1095
14553,1095
818,1095
23785,1095
38762,1095
5872,1095
38200,1095
26169,1095
14374,1095
29533,1095
4476,1095
2163,1095
29307,1095
335,1095
142,1095
2229,1095
21769,1095
6258,1095
14328,1095
15580,1095
5578,1095
9925,1095
36733,1095
2044,1095
26315,1095
6561,1095
4397,1095
14301,1095
29249,1095
16134,1095
18835,1095
10309,1095
4058,1095
16944,1095
38731,1095
23799,1095
189,1095
28072,1095
549,1095
19929,1095
17218,1095
14530,1095
29267,1095
22493,1095
28989,1095
12752,1095
14654,1095
37599,1095
2089,1095
12678,1095
20922,1095
15603,1095
13051,1095
10640,1095
3364,1095
31169,1095
30603,1095
32825,1095
8081,1095
33228,1095
14922,1095
18886,1095
24373,1095
35736,1095
21321,1095
29955,1095
9509,1095
26150,1095
15818,1095
811,1095
19374,1095
8027,1095
25513,1095
294,1095
37254,1095
8200,1095
26561,1095
5771,1095
492,1095
20518,1095
10205,1095
642,1095
13232,1095
24469,1095
642,1095
3903,1095
37906,1095
9224,1095
1853,1095
15079,1095
23453,1095
11309,1095
27103,1095
10403,1095
27103,1095
12091,1095
10403,1095
21031,1095
37906,1095
23464,1095
1078,1095
21536,1095
16517,1095
30319,1095
34221,1095
8252,1095
30478,1095
18172,1095
13761,1095
34762,1095
21289,1095
13375,1095
25367,1095
51,1095
3968,1095
3022,1095
39380,1095
36551,1095
3022,1095
12893,1095
26504,1095
28518,1095
25185,1095
15047,1095
39315,1095
17388,1095
24400,1095
18020,1095
16995,1095
39315,1095
215,1095
841,1095
39315,1095
37079,1095
15790,1095
894,1095
894,1095
18835,1095
5956,1095
19541,1095
1210,1095
5445,1095
7382,1095
31778,1095
29533,1095
15049,1095
31116,1095
384,1095
18536,1095
543,1095
27671,1095
31111,1095
27343,1095
30319,1095
37254,1095
37004,1095
920,1095
27249,1095
35322,1095
5956,1095
23799,1095
39437,1095
3185,1095
29625,1095
3286,1095
23799,1095
34346,1095
10184,1095
12188,1095
30026,1095
15431,1095
2190,1095
1640,1095
17340,1095
12653,1095
30933,1095
31974,1095
32595,1095
26690,1095
20844,1095
39205,1095
37712,1095
38572,1095
16098,1095
39424,1095
15792,1095
22095,1095
6106,1095
13600,1095
31474,1095
31433,1095
16848,1095
38373,1095
20562,1095
6704,1095
8603,1095
21404,1095
1995,1095
29149,1095
8930,1095
20416,1095
30050,1095
9382,1095
7750,1095
5081,1095
37461,1095
4929,1095
1287,1095
6776,1095
248,1095
34588,1095
663,1095
13151,1095
11140,1095
4416,1095
13790,1095
24887,1095
27054,1095
15111,1095
13420,1095
21556,1095
39201,1095
17951,1095
915,1095
39266,1095
23787,1095
23799,1095
39266,1095
16517,1095
30578,1095
23660,1095
39266,1095
23799,1095
28042,1095
38373,1095
37458,1095
12991,1095
16517,1095
16846,1095
2494,1095
26943,1095
34281,1095
19491,1095
14561,1095
13906,1095
21271,1095
21071,1095
4243,1095
37683,1095
33025,1095
20703,1095
33757,1095
1488,1095
14870,1095
39238,1095
38779,1095
38779,1095
10810,1095
39238,1095
9289,1095
39552,1095
4479,1095
15620,1095
22671,1095
30347,1095
38347,1095
29997,1095
19561,1095
13161,1095
13450,1095
375,1095
12962,1095
15672,1095
31997,1095
15045,1095
39396,1095
2704,1095
36541,1095
33468,1095
31701,1095
32250,1095
1488,1095
22794,1095
17712,1095
27347,1095
20929,1095
25989,633
36814,633
13501,633
36814,633
22660,633
21749,633
21335,633
734,633
32712,633
29433,633
29433,633
16258,633
6268,633
13380,633
19269,633
19269,633
37383,633
18798,633
10589,633
10589,633
5926,633
26790,633
37674,633
26871,633
28681,633
15489,1213
4085,1213
20030,1213
4085,1213
15390,1213
29353,1213
27304,1213
20030,1213
27304,1213
29275,1213
29275,1213
27535,1187
30679,1187
16234,1187
34448,1187
30679,1187
34448,1187
2781,1187
7897,1123
1977,1123
35515,1123
22336,1123
29389,1123
31424,1123
33519,1123
24153,1123
16217,1123
13848,1123
33235,1123
804,1123
13672,1123
5135,1123
28058,1123
31929,1123
7412,1123
8604,1123
38922,1123
39645,1123
13848,1123
37235,1123
13848,1123
32999,1123
7412,1123
9289,1123
3237,1123
39409,1123
29389,1123
38174,1123
32221,1123
5939,1123
20224,1123
27176,1123
1240,1123
15231,1123
33468,1123
26885,937
36532,937
36499,937
16300,937
36655,937
18161,937
10250,937
16605,937
28679,937
7833,937
285,937
7495,937
13409,937
31163,937
2817,937
31623,937
3271,937
2708,937
98,937
19741,937
16377,937
33902,937
8792,937
15403,937
2288,937
19096,937
2216,937
2216,937
2216,937
14007,937
17942,937
38151,937
23220,1157
29247,1157
4425,1157
38354,1157
35882,1157
35654,1157
4221,1157
35853,1157
12192,1157
36587,1157
26551,1157
20459,1157
15683,1157
15990,1157
10972,1157
32344,1157
2786,1157
27047,1157
36534,1157
36534,1157
29802,971
13293,971
23146,971
17001,971
24021,971
38227,971
32135,971
31789,971
956,971
15395,971
12890,971
34111,971
15000,971
8331,971
29347,971
4383,971
6636,971
19163,971
34313,971
19846,971
25908,971
9469,971
29750,971
25914,971
20326,971
25757,971
30398,971
18955,1295
22694,1295
30020,1295
32339,1295
38333,1295
12487,1295
625,1295
34440,1295
25638,1295
535,1295
12185,1295
9260,1295
36587,1295
26551,1295
12324,1295
29773,1295
17913,1295
6581,1295
21603,1295
19993,1295
7787,1295
15371,1295
30406,1295
3857,1295
7405,1295
8187,1295
5175,1295
26746,1295
2992,1295
9100,1295
5682,1295
5749,1295
34853,1295
3364,1295
18452,1295
23486,1295
6848,1295
8083,1295
10446,1295
2239,1295
26296,1295
29714,1295
3854,1295
1803,1295
1803,1295
29952,1295
31126,1295
1803,1295
18532,1295
4810,1295
3764,1295
17416,1295
26569,1295
733,1295
32792,1295
11355,1295
17130,1295
6509,1295
468,1295
16088,1295
8420,1295
34051,1295
29665,1295
11851,1295
30510,1295
28428,1295
30216,1295
10627,1295
12768,1295
21361,1295
10443,1295
26869,1295
37774,1295
5436,1295
2436,1295
39318,1295
33961,1295
28921,1295
27562,1295
23339,1295
13906,1295
23803,1295
36535,1295
16023,1295
23354,1295
39396,1295
3871,1295
30604,1295
28690,1295
13227,1295
4455,1295
38103,1295
215,1295
5436,1295
863,1295
24081,1295
27127,1295
39845,1295
23644,1156
36102,1156
27660,1156
4770,1156
27247,1156
27247,1156
18075,1156
30437,1156
19515,880
38488,880
17142,880
34169,880
26810,880
22433,880
19515,880
22433,880
30637,880
30960,880
24444,880
37000,880
14743,880
34197,880
29625,1111
24395,1111
34119,1111
35285,1111
33329,1111
33660,1111
16904,1111
39201,1111
34119,1111
35174,1111
29438,1111
1490,1111
8560,1111
39451,1111
30991,1111
37555,1111
34179,1111
37860,1268
38044,1268
28115,838
28597,838
2093,838
5865,838
6026,838
25726,838
32770,838
12034,838
31447,838
9502,838
27903,838
24157,838
28963,838
25976,838
27621,838
3047,838
821,838
1856,838
20125,838
36836,838
26122,1269
39349,1269
36895,1269
38464,1269
38140,1269
23739,1269
9260,1269
36158,1269
34606,1269
19793,1269
32397,1269
7375,1269
28534,1269
33944,1269
23652,1269
25257,1269
35304,1269
36491,1269
37860,1269
27336,1269
24208,1269
27217,1269
33123,1269
28370,1269
31642,1269
9421,1269
38882,1269
17982,862
36036,862
13681,862
31087,862
8643,862
6300,862
33141,862
31,862
47,862
1422,862
10253,862
37547,862
38571,862
8103,862
30475,862
7024,862
35881,862
3528,862
38650,862
6506,862
9515,862
22859,862
12583,862
12491,862
17151,862
34063,862
30120,862
33440,862
30121,862
5767,862
7038,862
10408,862
34315,862
38757,862
38281,862
13205,862
1815,862
36299,862
9788,862
9108,862
8158,862
15232,862
177,862
5412,862
9984,862
37246,862
35983,862
14631,862
20842,862
9603,862
34431,862
27368,862
36103,862
5375,862
15989,862
20909,862
22984,862
13598,862
8867,862
34992,862
12510,862
1857,862
3338,862
31783,862
1997,862
10989,862
10652,862
1686,862
36279,862
14702,862
38029,862
36521,862
38158,862
21892,862
10146,862
3524,862
26806,862
6777,862
16982,862
33624,862
15748,862
20447,862
6351,862
29752,862
18675,862
34915,862
29890,862
33204,862
13690,862
5823,862
21277,862
5883,862
4110,862
32335,862
33998,862
33470,862
24933,862
11954,862
23255,862
26016,862
16054,862
31272,862
11706,862
35757,862
14488,862
25199,862
36673,862
9114,862
23541,862
9692,862
28374,862
23770,862
19172,862
16031,862
3233,862
38696,862
32680,862
32894,862
21041,862
24059,862
27828,862
22640,862
5934,862
9233,862
36399,862
14488,862
3254,862
7024,874
3569,874
22358,874
1021,874
21945,874
34950,874
4349,874
14163,874
34207,874
25143,874
33020,874
27502,874
2477,874
36149,874
2111,874
14402,874
13049,874
37522,874
36853,874
30219,874
10537,874
17151,874
36853,874
8179,874
2157,874
12766,874
22633,874
9301,874
9482,874
11617,874
4379,874
24525,874
26334,874
1891,874
26016,874
16164,1107
8883,1107
4380,1107
21278,1107
1882,1107
19333,1107
16177,1107
19586,1107
14935,1107
13422,1107
7331,1107
16848,1107
33815,1107
24027,1107
17134,1107
15746,1107
1696,1107
8499,1107
6873,1107
25205,1107
18117,1107
15655,1107
2755,1107
7999,1107
36222,1107
28462,1107
14137,1107
8531,1107
26045,1107
17199,1107
4497,1107
714,1107
1682,1107
35882,1107
27632,1107
17134,1107
25412,1107
10403,1107
11492,1107
21895,1107
26578,1107
32334,1107
10331,1107
19693,1107
1438,1107
36974,1107
31554,1107
27451,1107
18239,1107
31076,1107
25412,1107
19836,1107
3095,1107
30686,1107
16765,1107
20024,1107
38979,1107
7864,1107
375,1107
11208,1107
10531,1107
3774,1107
39820,1228
39029,1228
39009,1228
39052,1228
39260,1228
39031,1228
39165,1228
39033,1228
39043,1228
39058,1228
39215,1228
38985,1228
39034,1228
38514,1228
39151,1228
39060,1228
39169,1228
39153,1228
39026,1228
39222,1228
39039,1228
39061,1228
39025,1228
39240,1228
38484,1228
38950,1228
39050,1228
38998,1228
39210,1228
39054,1228
39059,1228
39024,1228
39051,1228
39221,1228
39195,1228
38866,1228
39132,1228
39028,1228
39212,1228
39008,1228
39000,1228
39152,1228
39166,1228
39220,1228
39213,1228
39252,1228
36302,1228
39127,1228
39094,1228
39064,1228
39063,1228
39068,1228
39141,1228
39018,1228
39065,1228
39115,1228
39069,1228
39118,1228
39074,1228
39117,1228
39126,1228
39073,1228
39119,1228
39140,1228
39075,1228
39139,1228
39076,1228
39143,1228
39179,1228
39171,1228
39081,1228
39158,1228
39128,1228
39129,1228
39145,1228
39016,1228
39084,1228
39137,1228
39082,1228
39083,1228
38996,1228
39133,1228
39019,1228
38989,1228
39086,1228
39092,1228
39135,1228
39005,1228
39007,1228
39093,1228
39157,1228
39116,1228
38928,1228
39062,1228
39097,1228
39138,1228
39014,1228
39103,1228
39096,1228
39105,1228
38984,1228
39106,1228
39142,1228
39155,1228
39156,1228
38992,1228
39172,1228
39015,1228
39146,1228
39112,1228
39004,1228
39144,1228
38994,1228
39110,1228
39040,1228
39170,1228
39159,1228
39293,1228
38853,1228
38982,1228
38863,1228
38839,1228
39131,1228
38952,1228
38855,1228
39002,1228
38894,1228
39274,1228
38847,1228
38865,1228
38999,1228
38976,1228
38929,1228
38861,1228
39125,1228
39053,1228
39044,1228
39045,1228
39300,1228
38854,1228
38862,1228
38951,1228
39292,1228
38988,1228
38856,1228
38987,1228
39309,1228
39305,1228
38864,1228
39041,1228
39030,1228
39042,1228
38840,1228
38986,1228
38997,1228
39273,1228
38895,1228
39251,1228
38857,1228
39010,1228
38909,1228
39049,1228
38962,1228
39253,1228
38931,1228
38904,1228
39035,1228
38906,1228
38963,1228
39022,1228
39241,1228
38896,1228
39021,1228
38898,1228
38905,1228
39227,1228
39298,1228
38908,1228
38846,1228
22629,1228
39381,1228
20464,1228
39637,1228
35414,1228
10374,877
23907,877
27276,877
13218,877
37212,877
27615,877
10537,877
20773,877
17577,877
19404,877
1189,877
31126,877
12138,877
27639,877
28288,877
21820,877
22215,877
15658,877
20047,877
24444,877
25357,877
19827,877
15419,877
15417,877
6279,877
6298,877
25131,877
11842,877
9990,877
7532,877
17142,877
10459,877
12790,877
17142,877
26810,877
30634,877
25357,877
2748,877
2269,877
35071,877
22276,877
6219,877
1345,877
2455,877
26453,877
30771,877
26453,877
17453,877
37732,877
19371,877
14163,877
37732,877
35419,877
11587,877
31857,877
12804,877
26768,877
7706,877
5723,877
16900,877
27750,877
11660,877
37117,877
37213,877
13919,877
32225,877
24393,877
19149,877
8894,877
25143,877
22553,877
10724,877
3158,877
38488,877
24581,877
15662,877
27429,877
7879,877
34118,877
35099,877
3615,877
24077,877
29540,877
25661,877
26308,877
25840,877
24346,877
27024,877
3054,877
22624,877
23787,877
26560,877
23301,877
17840,877
37280,1209
11907,1209
14412,1209
39679,1209
28130,1209
32197,1209
34405,1209
27526,1209
38606,1209
28871,1209
12780,1209
39122,1209
23647,1209
39598,1209
28543,1209
39458,1209
39350,1209
11175,1209
37201,1209
32744,1209
39718,1209
39444,1209
39848,1209
18910,1209
11091,1209
32723,1209
12366,1209
8042,1209
34039,1209
3915,1209
26806,1209
34078,1209
34078,1209
39817,1209
30395,1209
28130,1209
18443,1209
11816,1209
35090,1209
13325,1209
39772,1209
1000,1209
30858,1209
28130,1209
982,1209
27516,1209
21933,1209
7799,1209
119,1209
24722,1209
27068,1209
1243,1209
23831,1209
34437,1209
10101,1209
24049,1122
30079,1122
7943,1122
36842,1122
17059,1122
35728,1122
13283,1122
38813,1122
38347,1122
5591,1122
36954,1122
26478,1122
33305,1122
33468,1122
26789,1122
28240,1122
21981,939
13567,939
14201,939
11923,939
9785,939
1592,939
10544,939
11246,939
7673,939
27552,939
35889,939
3600,939
36532,939
16783,939
30339,939
11000,939
28043,939
11652,939
32328,939
33354,939
13546,939
19431,939
13619,939
25804,939
14086,939
9824,939
25454,939
34876,939
7032,1283
18524,1283
16985,1283
36211,1283
12508,1283
12545,1283
36583,1283
10369,1283
37887,1283
38282,1283
1833,1283
30020,1283
36464,1283
27973,1283
17939,1283
38914,1283
37474,1283
38228,1283
28342,1283
30066,1283
19591,1283
36066,1283
30360,1283
32766,1283
25452,1283
7332,1283
33177,1283
6636,1283
39609,1283
7943,1283
38758,1283
27719,1283
38077,1283
10522,1283
30082,1283
30765,1283
18081,1283
39332,1283
17878,1283
28539,1283
37504,1283
25620,1283
39908,1283
13883,1283
15245,1283
12334,1283
35365,1283
31549,1283
39328,1283
24718,1283
39672,1283
14668,836
35574,836
23448,836
34507,836
13175,836
6532,836
32111,836
1187,836
18353,836
13819,836
9979,836
11518,836
15238,836
2205,836
7220,836
26749,836
1260,836
33347,836
18814,836
21783,836
7534,836
29830,836
16240,836
38443,836
8915,836
5696,836
1606,836
13690,836
21657,836
1996,836
3676,836
8997,836
11113,836
23565,836
38579,836
28202,836
32954,836
28287,836
18644,836
879,836
13318,826
34723,826
18625,826
23079,826
4088,826
31,826
33141,826
7577,826
35200,826
38708,826
29406,826
30364,826
2178,826
13205,826
38281,826
2240,826
13446,826
3734,826
30912,826
23978,826
27340,826
33839,826
16982,826
5273,826
254,826
10827,826
20940,826
3009,826
23175,826
25803,826
35986,826
27191,826
35501,826
11947,826
26713,826
16757,826
13925,826
36521,826
38158,826
7586,826
909,826
24171,826
1252,826
14435,826
7662,826
35208,826
29593,826
30306,826
7142,826
2447,826
21641,826
9046,826
3799,826
1740,826
38090,826
31241,826
37696,826
553,826
6008,826
13942,826
28831,826
5934,826
12751,826
29516,826
3805,826
15770,826
14919,826
2744,826
16949,826
3799,826
30451,826
30010,826
2568,826
6351,826
19694,826
23963,826
9195,826
12500,826
15770,826
27319,826
34432,826
32128,826
36204,826
34661,826
33394,826
4622,826
6647,826
24986,826
15057,826
4913,826
652,826
36673,826
38696,826
38528,826
23871,826
14840,826
14663,826
19024,826
33535,826
5935,826
4764,826
18767,826
23013,826
11955,826
31548,826
33535,826
30365,826
586,826
14597,826
17381,826
14409,826
28317,826
38552,826
28159,826
31548,826
30528,826
10267,826
27587,826
30536,826
33535,826
33657,826
33242,826
34613,826
20802,826
33535,826
11617,826
28096,826
31830,826
14631,826
11086,826
19571,826
34201,826
12132,826
28230,826
20913,826
20913,826
13446,826
20913,826
3799,826
23175,826
38823,826
7947,826
29882,826
24523,826
36399,826
37372,826
32894,826
14630,826
6095,1084
4860,1084
24888,1084
29361,1084
1679,1084
24373,1084
11733,1084
32992,1084
11417,1084
12219,1084
24861,1084
1948,1084
11464,1084
22762,1084
3514,1084
10555,1084
10369,1084
3514,1084
3338,1084
6591,1084
4300,1084
5699,1084
22241,1084
38357,1084
12026,1084
6137,1084
8987,1084
39685,1084
25914,1084
39467,1261
25055,1261
633,1261
13916,1261
7632,1261
37613,1261
8124,1261
16975,1261
27125,1261
17490,1261
36725,1261
7861,1261
18378,1261
12894,1261
24082,1261
5454,1261
6122,1261
25055,1261
28286,1261
28286,1261
3540,1261
1286,1261
39637,1261
516,1261
29663,1261
29981,1261
34849,950
18833,950
38420,950
14435,950
16646,950
16953,950
3009,950
33808,950
3703,950
100,950
18352,950
15679,950
8745,950
31239,950
37107,950
35931,950
19883,950
24527,950
12802,950
18612,950
9810,950
18613,950
28383,950
4913,950
9810,950
28725,950
29078,950
7811,950
37952,950
33205,950
19612,950
38884,950
32636,950
39324,1270
29836,1270
21260,1270
31127,1270
31946,1270
25636,1270
15134,1270
25635,1270
31836,1270
26683,1270
21674,1270
23953,1270
26452,1270
26467,1270
21671,1270
33811,1270
27724,1270
33812,1270
19185,1270
36142,1270
31948,1270
28028,1270
25637,1270
18538,1270
25633,1270
19187,1270
33813,1270
9554,1270
25630,1270
23750,1270
26161,1270
26662,1270
27872,1270
26979,1270
25650,1270
31945,1270
26067,1270
25651,1270
27911,1270
27596,1270
26465,1270
28047,1270
27902,1270
25339,1270
25649,1270
19186,1270
25643,1270
25632,1270
28052,1270
22078,1270
33810,1270
33814,1270
26214,1270
25648,1270
26184,1270
25642,1270
27933,1270
21578,1270
26951,1270
25631,1270
25825,1270
25634,1270
26978,1270
30804,1270
11462,1270
30804,1270
11462,1270
11995,1270
24792,1270
29473,1270
34982,1270
32279,1270
39667,1270
33983,1270
38133,1270
23028,1270
35047,1270
30601,1270
27578,1081
27610,1081
23847,1081
32228,1081
1930,1081
13068,1081
2150,1081
28428,1081
26726,1081
36856,988
17689,988
453,988
14028,988
2525,988
28715,988
28023,988
17615,988
4806,988
18813,988
6977,988
3889,988
9785,988
5538,988
24449,988
14902,988
18640,988
8219,988
23896,988
32673,988
34521,988
37237,988
13295,988
22938,988
24406,988
22978,988
15359,988
3729,988
4224,988
4628,988
29209,988
20754,988
180,988
657,988
2432,988
32470,988
1290,988
5292,988
11721,988
9993,988
15560,988
37453,988
6279,988
181,988
33657,988
4546,988
25054,988
5684,988
26302,988
24964,988
14286,988
36521,988
38158,988
37157,988
4227,988
21248,988
14458,988
35395,988
17972,988
797,988
22820,988
17793,988
1471,988
2452,988
18612,988
16757,988
2708,988
19080,988
15392,988
12570,988
13081,988
4813,988
24821,988
10567,988
12333,988
5935,988
26412,988
22800,988
36345,988
9240,988
36345,988
16177,988
3683,988
10366,988
21882,988
15679,988
10377,988
21829,988
25326,988
16448,988
25737,988
31314,988
4656,988
27836,988
23498,988
14117,988
17709,988
6219,988
1743,988
10602,988
9816,1244
22166,1244
18406,1244
26016,1244
36578,1244
6453,1244
16762,1244
5739,1244
31498,1244
5682,1244
39831,1244
14836,1244
32057,1244
11706,1244
26600,1244
23267,1244
28921,1244
23267,1244
9145,1244
22629,1130
25316,1130
16178,1130
23667,1130
23681,1130
1746,1130
30248,1130
21113,1130
29736,1130
25400,1130
8990,1130
14678,1130
4587,1130
36762,1130
7557,1130
29507,1130
23752,1130
39218,1130
2676,1130
33551,1130
34591,1130
11227,1130
30661,1130
15192,1130
15292,1130
38542,1130
8563,1130
19138,1130
39077,1130
23517,1130
28494,1130
5979,1130
37480,1130
4850,1130
29582,1130
31669,1130
23473,1130
33055,1130
21313,1130
9895,1130
706,1130
37299,1130
5262,1130
6359,1130
7966,1130
20815,1130
18012,1130
7049,1130
5178,1130
25394,1130
32014,1130
8990,1130
8836,1130
4604,1130
39702,1130
39702,1130
39702,1130
39702,1130
39702,1130
39702,1130
38249,1130
2196,1130
37299,1130
39438,1130
27507,1130
8455,1130
2676,1130
15334,1130
33530,1130
28021,1130
28021,1130
37641,1130
25330,1130
1668,1130
38560,1130
9522,1130
23840,1130
34060,1130
34998,1130
38766,1130
38298,1130
27287,1231
39782,1231
38827,1231
2062,1231
38585,1231
39679,1231
38585,1231
29377,1231
39643,1231
12693,1231
5215,1231
5215,1231
15604,1231
27102,1231
14069,1231
18840,1231
23185,1231
9047,1231
31716,1231
39149,1231
31669,1231
39557,1231
39775,1231
39775,1231
38682,1231
32886,1231
6761,1231
23668,1195
14794,1195
37596,1195
31212,869
15658,869
37212,869
23907,869
27276,869
28425,869
3532,869
25131,869
25928,869
4042,869
27615,869
10374,869
31126,869
2509,869
3735,869
6293,869
22089,869
19827,869
12790,869
27429,869
14722,869
3569,869
19404,869
2387,869
17628,869
38838,869
9108,869
20754,869
36765,869
16539,869
2269,869
18346,869
18519,869
3158,869
10537,869
1010,869
2748,869
28407,869
1098,869
7094,869
32225,869
5578,869
12149,869
22059,869
20505,869
4739,869
34456,869
35071,869
13813,869
34116,869
20660,869
7706,869
5202,869
30219,869
14741,869
36889,869
2164,869
24983,869
10683,869
10747,869
30637,869
37000,869
34603,869
4866,869
37564,869
20446,869
20505,869
25182,869
27445,869
15072,869
6219,869
3882,869
27639,869
185,869
26334,869
4866,869
27024,869
23301,869
24977,1290
28903,1290
16545,1290
23409,1290
32283,1290
38975,1290
39811,1290
15753,1290
15753,1290
1355,1290
22760,1290
34394,1290
34441,1290
18690,1290
37618,1290
36828,1290
23862,1290
32766,1290
39475,1290
27985,1290
38871,1290
36805,1290
37798,1290
38282,1290
39880,1290
39312,1290
76,1290
27322,1290
13451,1290
821,1290
39403,1290
23408,1290
2118,1290
26612,1290
14190,1290
35122,1290
37987,1290
33371,1290
15673,1290
6487,1290
18573,1290
8050,1290
6239,1290
21448,1290
39672,1290
11150,1290
8112,1290
15450,1290
18716,1290
9511,1290
34807,1290
26938,1290
19002,1290
12334,1290
29889,1290
5632,1290
37276,1290
36792,1290
20371,1290
27882,1290
13823,1290
23450,1290
24861,1290
28169,1290
26475,1290
29135,1290
29135,1290
36826,1290
4130,1290
7444,1290
13439,1290
31981,1290
10220,1290
33387,1290
14903,1290
27842,1290
20766,1290
20011,1290
5599,1290
32400,1290
15245,1290
29437,1290
31929,1290
12913,1290
3724,1290
36717,1290
23417,1290
39395,1290
18081,1290
6699,1290
3358,1290
9373,1290
36066,1290
37832,1290
19591,1290
38891,1290
7925,1290
34161,1290
2170,1290
39903,1290
9454,1087
32147,1087
25625,1087
32938,1087
32305,1087
37555,1087
28541,1087
13622,1087
35285,1087
26720,1087
34606,1087
11673,1087
26126,1087
18433,1087
35967,1087
33329,1087
17878,1087
28325,1087
29077,1087
29077,1087
35964,1087
20772,1087
39474,1087
39474,1087
38543,1087
38558,1087
39553,1087
28042,1087
39099,1087
15888,1125
29978,1125
15972,1125
273,1125
7991,1125
19371,1125
11948,1125
34027,1125
8735,1125
39445,1125
17579,1125
1314,1125
13819,1125
35813,1125
8137,1125
7897,1125
25054,1125
22940,1125
16946,1125
39320,1125
24298,1125
25436,1125
19722,1125
38757,1125
14177,1125
2244,1125
6664,1125
39235,1125
11220,1125
2308,1125
34198,1125
12944,1125
14539,1125
5899,1125
39491,1125
22499,1125
39511,1125
39511,1125
35012,1125
39511,1125
39235,1125
10360,1125
10378,1125
22942,1125
3095,1125
35072,1125
9579,1125
12908,1125
13829,1125
38888,1125
21272,1125
23059,1125
35171,1125
29055,1125
19693,1125
36541,1125
35165,1125
37810,1125
36516,1125
34531,1125
35222,1125
14833,1125
19965,1125
37875,1125
15265,1125
16902,1125
3801,1125
28407,1125
14669,1125
14142,1125
33211,1125
25756,1125
34480,1125
29634,1125
23310,1125
23310,1125
14689,1125
31701,1125
1717,1125
22499,1125
24082,1125
9354,1125
9623,1125
39370,1125
26494,1125
39546,1125
39546,1125
32298,1125
37938,1125
27517,1125
36829,1125
36829,1125
36829,1125
36829,1125
14177,1125
37938,1125
36896,1125
13106,1125
13106,1125
13106,1125
13106,1125
35399,1278
31059,1278
28218,1278
29859,1278
18219,1278
38485,1278
1511,1278
18469,1278
18469,1278
7035,1278
34574,1278
12545,1278
38705,1278
37072,1278
12545,1278
30329,1278
809,1278
20394,1278
39900,1278
34641,1278
35425,1278
34641,1278
15111,1278
12545,1278
9976,1278
36898,623
24468,623
8552,623
17120,623
17619,623
9942,623
32832,623
21237,623
30849,623
3426,623
8687,623
18612,623
21343,623
9470,623
34276,623
17931,623
28279,623
14606,623
14489,623
11799,623
30471,623
14635,623
25680,623
7441,623
24422,623
37372,623
28725,623
32039,623
28888,623
1184,1184
22578,1184
78,1184
9992,1184
778,1184
925,1184
5222,1184
1373,1184
3048,1184
36006,1184
28821,1184
27121,1184
13343,1184
9095,1184
11963,1184
3350,1184
39458,1184
35007,1184
17589,1184
2235,1184
2685,1184
33124,1184
1553,1184
33054,1184
13700,1184
417,1184
13503,1184
30997,1184
30997,1184
993,1184
8336,1184
30997,1184
27095,1184
23773,1184
34116,1184
8560,1184
11991,1184
26123,1184
39733,1184
37061,1184
1613,1184
34479,1184
3384,1184
8781,1184
19363,1184
16072,1184
32545,1178
17765,1178
13101,1178
38551,1178
35579,1178
15139,1178
36624,1178
20995,1178
35579,1178
20995,1178
15139,1178
36624,1178
2996,1133
785,1133
22193,1133
14438,1133
191,1133
12499,1133
4595,1133
25110,1133
38777,1133
38031,1133
31157,1133
39445,1133
14438,1133
33388,1133
23216,1133
23293,1133
23260,1133
37144,1133
15669,1133
12131,1133
24820,1133
6145,1133
39534,1133
37774,1133
39422,1133
5188,1133
38918,1133
6567,1133
11648,1133
1960,1133
3048,1133
2297,1133
38731,1133
16290,1133
10462,1133
36985,1133
35120,1072
30,1072
29570,1072
17129,1072
38274,1072
34807,1072
6242,1072
30121,1072
31450,1072
18470,1072
21532,1072
12662,1072
1833,1072
26175,1072
13633,1072
9122,1072
11403,1072
13061,1072
8087,1072
5480,1072
35644,1072
6752,1072
9740,1072
18721,1072
35644,1072
39385,1072
2043,1072
39385,1072
8432,1072
8619,1072
34773,1072
22422,1072
15377,1072
9072,1072
18573,1072
6630,1072
15289,1072
2043,1072
7426,1072
39250,1072
24953,1072
36723,1072
27355,1072
21043,1072
8289,1072
35644,1072
25309,1072
28567,1072
32745,1072
23882,1072
8112,1072
25309,1072
21178,1072
39192,1072
11936,1072
25876,1072
36572,1072
27701,1072
34269,1072
18742,1072
18051,1072
7551,1072
2043,1072
8819,1072
19169,1072
30334,1072
4076,1072
1237,1072
28517,1072
18051,1072
33170,1072
14806,1072
32023,1072
18051,1072
13439,1072
8819,1072
29280,1072
2263,1072
1776,1072
9017,1072
26188,1072
1768,1072
29361,1072
3180,1072
15289,1072
33615,1072
39315,1072
32024,1072
33028,1072
12729,1072
36211,1072
21422,1072
7353,1072
6193,1072
32641,1072
20031,1072
6752,1072
31713,1072
13136,1072
34129,1072
34202,1072
30882,1072
28588,1072
5187,1072
28588,1072
34129,1072
15087,1072
10833,1072
5130,1072
33563,1072
19112,1072
12905,1072
15287,1072
20184,1072
20725,1072
34680,1072
20096,1072
1776,1072
39428,1072
39428,1072
16995,1072
15493,1072
20241,1072
22971,1072
21552,1072
31001,1072
25437,1072
2385,1072
24373,1072
5049,1072
23986,1072
16646,1072
33929,1072
23562,1072
5486,1072
14575,1072
35644,1072
26837,1072
14198,1072
7389,1072
12274,1072
17171,1072
29479,1072
11911,1072
11911,1072
10509,1072
28004,1072
20138,1072
9115,1072
30050,1072
28895,1072
7996,1072
23777,1072
35635,1072
21927,1072
15809,1072
6547,1072
38570,1072
8867,1072
20688,1072
34211,1072
33687,1072
22097,1072
6358,1072
14033,1072
32449,1072
18998,1072
29577,1072
28076,1072
10509,1072
38039,1072
8548,1072
11355,1072
5651,1072
39584,1072
28652,1072
17288,1072
13820,1072
25159,1072
19234,1072
37661,1072
39360,1072
8529,1072
25743,1072
11236,1072
39496,1072
39496,1072
24344,1072
30032,1072
23059,1072
19519,1072
27268,1072
36908,1072
29542,1072
19519,1072
27268,1072
30032,1072
5509,1072
12939,1072
26965,1072
6701,1072
13951,1072
5865,1072
27398,1072
39283,1072
26344,1072
28001,1072
13533,1072
27127,1072
23151,1072
12031,1072
26641,1072
23603,1072
34377,1072
25038,1072
34377,1072
25038,1072
25038,1072
32916,1072
34377,1072
28834,1072
34766,1072
33531,1072
14324,1072
26149,1072
19384,1072
9083,1072
30580,1072
38943,1072
11476,1072
35154,1072
18954,1072
39469,1072
39469,1072
39469,1072
39469,1072
18051,1072
8425,1072
15289,1072
27343,1072
23844,1072
26200,1072
13732,1072
15818,1072
14321,1072
9938,1072
19988,1072
8675,1072
21243,1072
27710,1072
11131,1072
15331,1072
8922,1072
17402,1072
20359,1072
7821,1072
10959,1072
18578,1072
19684,1072
23434,1072
17062,1072
6438,1072
27083,1072
14175,1072
23507,1072
19743,1072
11293,1072
20140,1072
21303,1072
20766,1072
6503,1072
31077,1072
4389,1072
24949,1072
14299,1072
20976,1072
39599,1072
18242,1072
27629,1072
22867,1072
13668,1072
6401,1072
19360,1072
2975,1072
10111,1072
20398,1072
39204,1072
22544,1072
27558,1072
11225,1072
27943,1072
2043,1072
6742,1072
17578,1072
19521,1072
19521,1072
23488,1072
38101,1072
33888,1072
31974,1072
8500,1072
11375,1072
25258,1072
25258,1072
29369,1072
7806,1072
7957,1072
28079,1072
36689,1072
693,1072
23334,1072
19427,1072
10172,1072
13347,1072
26396,1072
15299,1072
36106,1072
18099,1072
11905,1072
8510,1072
12526,1072
2398,1072
6523,1072
27019,1072
25850,1072
8876,1072
26833,1072
38831,1072
20512,1072
24723,1072
18439,1072
38934,1072
12188,1072
18131,1072
28206,1072
11382,1072
5681,1072
6737,1072
4022,1072
27156,1072
23724,1072
16501,1072
19596,1072
37290,1072
34476,1072
20611,1072
34230,1072
30426,1072
20611,1072
24468,1072
12378,1072
23103,1072
25983,1072
26318,1072
9092,1072
31938,1072
37412,1072
11560,1072
35644,1072
34869,1072
15526,1072
38094,1072
1799,1072
39675,1072
12898,1072
35098,1072
25268,1072
39392,1072
6420,1072
9956,1072
28321,1072
9621,1072
11788,1072
39685,1072
27989,1072
29328,1072
22314,1072
39048,1227
24740,1227
20756,1227
29743,1227
26857,1227
11671,1227
22624,1227
29353,1227
7547,1227
16793,1227
11744,1227
15221,1227
33342,1227
5495,1227
36521,1227
15659,1227
12569,1227
24708,1227
39787,1227
22348,1227
22348,1227
9158,1227
18727,1227
7551,1227
33115,1227
30274,1227
10297,1227
19638,1227
38712,1227
24102,1227
13428,1227
2992,1227
24522,1227
12683,1227
11010,1227
28886,1227
33994,1227
12363,1227
2447,1227
8582,1227
29965,1227
38701,1227
37235,1104
5114,1104
33254,1104
1257,1104
16126,1104
35765,1104
27058,1104
13618,1104
21497,1104
1159,1104
37004,1104
3009,1104
3110,1104
8987,1104
2284,1104
2244,1104
39313,1104
1679,1104
17569,1104
31450,1104
16238,1104
35322,1104
13646,1104
30896,1104
13190,1104
10508,1104
5905,1104
2149,1104
5374,1104
1937,1104
27973,1104
15635,1104
36006,1104
30483,1104
19764,1104
33647,1104
26732,1104
3350,1104
22509,1104
31474,1104
31129,1104
29602,1104
39599,1104
27024,1104
7087,1104
4022,1104
16520,1104
17311,1104
16503,1104
2009,1104
5786,1104
14051,1104
39510,1104
18239,1104
11563,1104
3693,1104
22356,1104
13490,1104
12890,1104
36253,1104
22356,1104
29519,1104
16902,1104
32291,1104
8494,1104
13245,1104
30896,1104
16238,1104
10850,1104
35706,1104
23550,1104
2182,1104
16466,1104
11242,1104
16466,1104
14663,1104
36404,1104
32291,1104
20184,1104
19329,1274
8493,1274
9082,1274
38485,1274
36490,1274
28725,1274
17658,1274
33478,1274
34138,1274
39506,1274
33478,1274
14089,1274
25726,1274
6790,1274
141,1274
2494,1274
17838,1274
36498,1274
10501,1274
11368,1274
20394,1274
39900,1274
25480,1274
33032,1274
23778,580
47,580
8830,580
23062,580
32690,580
20940,580
23435,580
14095,580
15787,580
25918,580
24592,580
11809,580
4717,580
2409,580
25541,580
27838,580
6861,580
23958,580
5992,580
24262,580
27935,580
37696,580
6868,580
15887,580
35395,580
13616,580
19024,580
933,580
14881,580
26180,580
10359,580
5776,580
30234,580
38513,580
18403,580
13296,580
32933,580
20999,580
6475,580
36653,580
36521,580
32581,580
1329,580
6348,580
36334,580
21920,580
1790,580
2164,580
1328,580
5244,580
10649,580
16776,580
38281,580
26866,580
36103,580
7366,580
30391,580
32850,580
37516,580
24527,580
34647,580
14737,580
18262,580
28725,580
22918,580
273,580
31385,580
34315,580
16986,580
32519,580
14484,580
6030,580
36774,580
28317,580
31272,580
22884,580
15439,580
25679,580
5319,580
30434,580
13079,580
36512,580
11707,580
29660,580
37091,580
7811,580
2357,580
32083,580
35371,580
17199,580
7972,580
28043,580
36879,580
17570,580
15158,580
24059,580
18928,580
15318,580
24061,580
14351,580
38420,580
17403,580
33366,580
25797,580
12365,580
4850,580
18315,580
10416,580
5965,580
2409,580
14084,580
5772,580
25298,580
27973,580
6647,580
25517,580
31600,580
1756,580
30028,580
36928,580
22529,580
22640,580
27340,580
13782,580
26588,580
37957,580
34546,580
15057,580
8641,580
23137,580
36031,580
21196,580
14519,580
4871,580
30306,580
24158,580
36979,580
17145,580
22942,580
34820,580
9603,580
37425,580
13908,580
14816,580
34766,580
37034,580
6991,580
7325,580
35210,580
12587,580
26128,580
14570,580
23185,580
16515,580
29552,580
5811,580
11297,580
28286,580
23680,580
15748,580
27922,580
18520,580
10036,580
12148,580
13542,580
3254,580
26806,580
28374,580
28482,580
26498,580
12248,580
24014,580
35137,580
10649,580
9883,580
37228,580
12767,580
18161,944
22198,944
15922,944
38083,944
13054,944
10699,944
1527,944
9336,944
15318,944
15716,944
26882,944
3322,944
29901,944
17065,944
15403,944
4033,944
33354,944
2427,944
19302,944
34431,944
20765,944
7351,944
21197,944
7584,944
2352,944
9883,944
32961,944
20781,944
1773,944
19214,944
10490,944
38200,944
37683,944
19961,944
35965,944
19539,944
26428,944
33482,944
25157,944
37611,944
6613,944
28725,944
38197,944
4441,944
32585,944
12174,944
38630,944
6887,944
21104,944
4826,944
23490,944
9082,944
31911,944
12780,944
1574,944
10952,944
29654,944
36635,944
361,949
38597,949
23260,949
6492,949
37123,949
23728,949
9126,949
158,949
89,949
20434,949
20434,949
23216,949
12640,949
34329,949
34329,949
27068,949
38057,949
2272,949
14668,839
3553,839
5667,839
32783,839
34660,839
7135,839
5985,839
12983,839
23448,839
29830,839
22540,839
32257,839
34258,839
19217,839
5882,839
17577,839
28897,839
14301,839
19227,839
31965,839
14442,839
37148,839
577,839
31318,839
5555,839
23662,839
16696,839
20344,839
7532,839
15735,839
25803,839
8287,839
25149,839
21783,839
6910,839
14990,839
26428,839
4333,839
1996,839
34915,839
26429,839
20847,839
37289,839
15120,839
9578,839
18644,839
14412,1242
8917,1242
24781,1242
17511,1242
33849,1242
27287,1242
13829,1242
32924,1242
39640,1242
39871,1242
39871,1242
38606,1242
39458,1242
18443,1242
33654,1242
19602,1242
23600,1242
21643,1242
35761,1242
39423,1242
22347,1242
39718,1242
38760,1242
39188,1242
7405,1242
36392,1242
39820,1242
39834,1242
14260,1242
7445,1242
11706,1242
39843,1242
39843,1242
8128,1242
1968,1242
32899,1242
32634,1242
28210,1242
27516,1242
17721,1242
18158,1242
27068,1242
32685,1242
7658,1242
3886,1242
34078,1242
8633,1242
4361,1242
7057,1242
39884,1242
1381,1242
37111,1242
37227,1242
633,1258
24686,1258
34370,1258
16975,1258
34774,1258
25123,1258
19344,1258
6122,1258
30974,1258
11022,1258
18378,1258
10245,1258
15741,1258
18742,1258
944,1258
7496,1258
1286,1258
8851,1169
32100,1169
38593,1169
39512,1169
27839,1169
36564,1169
26,1169
6237,1169
39505,1169
6237,1169
39505,1169
6237,1169
33934,1169
12281,1169
1251,1169
260,1169
39611,1169
37697,1169
39613,1169
39611,1169
9675,1169
39585,1169
7904,1169
39530,1169
12411,1169
13862,1169
39182,1169
27297,1169
29552,1169
39361,1169
34821,1169
38323,1169
38323,1169
19894,1169
14252,1169
32809,1169
23849,1169
37354,1169
9494,1169
17051,1169
17051,1169
37053,1169
39079,1169
37377,1169
13343,1169
22963,1169
6520,1169
31251,1169
11923,1169
18024,1169
14079,1169
39486,1169
27083,1169
37457,1169
37457,1169
39661,1169
33006,1169
8851,1169
26086,1169
33616,1169
13981,1169
38974,1169
32671,1169
20402,1169
34639,1169
19773,1169
27922,1169
27922,1169
28286,1169
28286,1169
8720,1169
8,1169
17729,1169
17729,1169
39656,1169
15671,1169
3325,1169
1381,1169
6250,1169
11303,1169
32295,1169
9028,1169
26692,1169
23259,1169
39046,1169
13700,1169
20513,1169
1154,1169
6662,1169
17403,1169
28872,1169
21933,1169
287,1169
34907,1169
7867,1169
39404,1169
39404,1169
11524,1169
34524,1169
35262,1169
33933,1169
21892,1169
28942,1169
9441,1169
33839,1169
27253,1169
32802,1169
10093,1169
39791,1169
2078,1169
39317,1169
23610,1169
34238,1169
35751,1264
24798,1264
13916,1264
8550,1264
23086,1264
15585,1264
32626,1264
17459,1264
15497,1264
14167,1264
38892,1264
3528,1264
22852,1264
17678,1264
19413,1264
19191,1264
4950,1264
7609,1264
36946,1264
31649,1264
37613,1264
35488,1264
18616,1264
10313,1264
28144,1264
25704,1264
15311,1264
16949,1264
19922,1264
39272,1264
39857,1264
16520,1264
32936,1264
33239,1264
14631,1264
4802,1264
32191,1264
24100,1264
29705,1264
18084,1264
2470,1160
2470,1160
488,1160
23957,1160
27876,1160
17728,1160
20763,1160
35977,1160
3924,1160
10691,1160
25990,1160
25159,1160
14515,1160
9088,1160
4621,1160
2263,1160
37449,1160
23617,1160
827,1160
5975,1160
8844,1160
16574,1160
28018,1160
16574,1160
28018,1160
5975,1160
36757,1160
30127,866
14827,866
27614,866
22358,866
22073,866
8275,866
6685,866
22184,866
11661,866
15103,866
37547,866
944,866
26410,866
19540,866
32985,866
19540,866
32985,866
22388,1234
22388,1234
32641,1234
20402,1234
21543,1234
10332,1234
14043,1234
38094,1234
14121,1234
23103,1234
37596,1234
26352,1234
8082,1234
5364,1234
6059,1234
30479,1234
32114,1234
27305,1234
21663,1234
5240,1234
8967,1234
5407,1234
25566,1234
19509,1234
19914,1234
15595,1234
35236,1234
24528,1234
27763,1234
14352,1234
4290,1234
31490,1234
31001,1234
34221,1234
24639,1234
31490,1234
5527,1234
24438,1234
37049,1234
14481,1234
26863,1234
39237,1234
33531,1234
33129,1234
20096,1234
24201,1234
37851,1234
14585,1234
27827,1234
18026,1234
14449,1234
34006,1234
35746,1234
16049,1234
22921,1234
26396,1234
16614,1234
30426,1234
20293,1234
25846,1234
27854,1234
20758,1234
21804,1234
15644,1234
25437,1234
17954,1234
20947,1234
17598,1234
17292,1234
20595,1234
2261,1234
30166,1234
26347,1234
25674,1234
12019,1234
18100,1234
12252,1234
37944,1234
39289,1234
18439,1234
30258,1234
7563,1234
37380,1234
19988,1234
24492,1234
18372,1234
13044,1234
18372,1234
37715,1234
13044,1234
33511,1234
14228,1234
22264,1234
24430,1234
39383,1234
35414,1234
17959,1234
25209,1234
31785,1234
31785,1234
34814,1234
27605,1234
12885,1234
32751,1234
6704,1234
26605,1234
12573,1234
33316,1234
20311,1234
35154,1234
35093,1234
22388,1234
35093,1234
16274,1234
39380,1234
9995,1234
30672,1234
34303,1234
33472,1234
13209,1234
16154,1234
11924,1234
23890,1234
11344,1234
13867,1234
21272,1234
6701,1234
8603,1234
19254,1234
16420,1234
16686,1234
7698,1234
5681,1234
12330,1234
16630,1234
10636,1234
26911,1234
14926,1234
29369,1234
13820,1234
30472,1234
35738,1234
26339,1234
34075,1234
38129,1234
8876,1234
25578,1234
6358,1234
29280,1234
9449,1234
17421,1234
18131,1234
13885,1234
22659,1234
20902,1234
5800,1234
19093,1234
19158,1234
23652,1234
23355,1234
7375,1234
10724,1234
7022,1234
39955,1234
22623,1234
38101,1234
16473,1234
11777,1234
28914,1234
26403,1234
39303,1234
4083,1234
13829,1234
18060,1234
18060,1234
29496,1234
9391,1234
30078,1234
37334,1234
17345,1234
34064,1234
30196,1234
33693,1234
35081,1234
13654,1234
37146,1234
10764,1234
22871,1234
39204,1234
22464,1234
20925,1234
21569,1234
17488,1234
22471,1234
20318,1234
5970,1234
12658,1234
15435,1234
5086,1234
36481,1234
7201,1234
39207,1234
26345,1234
19933,1234
22508,1234
17811,1234
19360,1234
38807,1234
36741,1234
5509,1234
34203,1234
26672,1234
23820,1234
39708,1234
32361,1234
22084,1234
28450,1234
23016,1234
17209,1234
28450,1234
20716,1234
32604,1234
19541,1234
27066,1234
13335,1234
39794,1234
19002,1234
28541,1234
32871,1234
39310,1234
28743,1234
1604,1234
38039,1234
21567,1234
36773,1234
11742,1234
35910,1234
38041,1234
35488,1234
27146,1234
14066,1234
9092,1234
39559,1234
14571,1234
14571,1234
28321,1234
26965,1234
14571,1234
19442,1234
11593,1234
19004,1234
22388,1234
24348,1234
6195,1234
20976,1234
25688,1234
35074,1234
27989,1234
30035,1234
32261,1234
36740,1234
10847,1234
10847,1234
34447,1234
39286,1234
34051,1234
36251,1234
15366,1234
39820,1234
2685,1179
4142,1179
15866,1179
11907,1179
38801,1179
9816,1179
8223,1179
11934,1179
23150,1179
11948,1179
19940,1179
36302,1179
5202,1179
39698,1179
35120,1179
26579,1179
27323,1179
37552,1179
22642,1179
4629,1179
33132,1179
25093,1179
7405,1179
36392,1179
23552,1179
26029,1179
15215,1179
4315,1179
36017,1179
38606,1179
39055,1179
7619,1179
34456,1179
35239,1179
35313,1179
27068,1179
39598,1179
39458,1179
39640,1179
11263,1179
11175,1179
26078,1179
39531,1179
8161,1179
12995,1179
2593,1179
19327,1179
35846,1179
8552,1179
12501,1179
31912,1179
16538,1179
5767,1179
3845,1179
39680,1179
3845,1179
39243,1179
7306,1179
20646,1179
12262,1179
5674,1179
39638,1179
39638,1179
39638,1179
8315,1179
39566,1179
27516,1179
22865,1179
39446,1179
31100,1179
30668,1179
36141,1179
26511,1179
31819,1179
28210,1179
27231,1179
19344,1179
18443,1179
15086,1179
35039,1179
20349,1179
16712,1179
38542,1179
37280,1179
5694,1179
24844,1179
22386,1179
36807,1179
9114,1179
11885,1179
39813,1179
7639,1179
7816,1179
13641,1179
26529,1179
10859,992
23945,992
18894,992
24191,992
7669,992
23079,992
11602,992
33598,992
20457,992
1046,992
13058,992
23068,992
1025,992
34924,992
38506,992
11981,992
38794,992
27793,992
13165,992
387,992
12387,992
174,992
26412,992
34313,992
17111,992
27793,992
8796,992
4227,992
572,992
181,992
1728,992
23997,992
21769,992
27793,992
23596,992
23623,992
15795,992
24191,992
8506,992
384,992
35469,992
12545,992
8506,992
21230,992
17226,992
4971,864
3889,864
10424,864
13054,864
1736,864
37776,864
18737,864
22912,864
5129,864
16681,864
10736,864
20463,864
5129,864
26016,864
11712,864
33263,864
11825,864
5629,864
7621,864
34371,864
18737,864
1046,864
21291,864
22820,864
12593,864
2661,864
4913,864
1499,864
37453,864
37560,864
1046,864
1046,864
25221,864
16660,864
3753,864
38104,864
14702,864
16078,864
19096,864
16660,864
14827,864
13767,864
38531,864
1279,864
16660,864
34391,1206
23147,1206
4117,1206
11476,1206
5187,1206
21129,1206
2104,1206
16780,1206
23282,1206
11220,1206
39429,1206
21522,1206
25208,1206
32970,1206
12323,1206
24236,1206
15472,1206
12268,1206
17437,1206
7426,1206
32763,1206
19779,1206
39184,1206
26765,1206
20412,1206
30951,1206
29523,1206
12946,1206
26766,1206
14437,1206
38650,1206
36976,1206
39616,1206
31372,1206
37419,1206
34681,1206
1879,1206
30518,1206
38716,1206
37540,1206
22471,1206
30518,1206
17437,1206
26888,1206
17475,1206
35563,1206
13829,1206
18172,1206
39589,1206
16472,1206
9115,1206
20170,1206
3259,1206
33755,1206
34360,1206
13788,1206
23315,1206
20300,1206
24034,1206
31340,1206
17475,1206
17475,1206
29523,1206
10378,1206
26483,1206
13392,1206
29635,1206
19486,1206
16968,1206
38575,1206
17810,1206
36757,1206
12188,1206
28846,1206
29106,1206
4889,1206
23261,1206
6611,1206
26873,1206
15515,1206
35632,1206
39020,1206
16982,830
35151,830
3009,830
17649,830
24815,830
29264,830
6617,830
35703,830
2942,830
11137,830
15972,830
38090,830
8780,830
8926,830
24815,830
26428,830
30953,830
3154,830
34981,830
16209,830
24415,830
9701,532
29802,532
36663,532
3049,532
18702,532
1915,532
17803,532
1708,532
33166,532
9003,532
5787,532
25236,532
9508,532
6135,532
6063,532
3544,532
10837,532
7654,532
8003,532
4985,532
1708,532
3109,532
37116,532
3255,532
13930,532
3615,532
34617,532
6068,1076
33375,1076
26,1076
11134,1076
294,1076
30084,1076
8226,1076
6950,1076
39414,1076
6520,1076
14119,1076
39585,1076
11490,1076
9122,1076
31124,1076
2903,1076
23603,1076
33934,1076
12281,1076
1251,1076
38080,1076
23069,1076
1047,1076
35959,1076
18911,1076
34821,1076
18942,1076
11490,1076
14647,1076
39512,1076
17627,1076
13785,1076
11490,1076
15891,1076
39182,1076
12913,1076
6147,1076
39077,1076
16674,1076
15086,1076
35759,1076
37201,1076
20748,1076
19065,1076
6654,1076
13399,1076
14148,1076
38553,1076
18686,1076
39017,1076
33873,1076
25686,1076
39017,1076
3470,1076
5613,1076
23174,1076
19884,1076
19834,1076
21110,1076
33006,1076
30294,1076
32902,1076
37542,1076
39339,1076
38731,1076
7152,1076
8318,1076
19482,1076
2081,1076
37542,1076
8318,1076
39315,1076
3848,1076
39315,1076
13785,1076
17303,1076
22642,1076
36070,1076
29928,1076
29928,1076
39681,1076
31842,1076
37542,1076
10810,1076
31842,1076
32100,1076
4163,1076
18443,1076
38406,1076
8901,1076
18024,1076
13171,1076
37170,1076
38357,1076
39417,1076
39417,1076
1700,1076
28899,1076
1056,1076
1993,1076
1479,1076
6394,1076
13503,1076
16744,1076
13503,1076
18024,1076
29361,1076
11490,1076
18024,1076
25768,1076
38692,1076
278,1076
9083,1076
33933,1076
12113,1076
39315,1076
4290,1076
12130,1076
7355,1076
6698,1076
10234,1076
12792,1076
15416,1076
1047,1076
20133,1076
9880,1076
8202,1076
29591,1076
23944,1076
25048,1076
39675,1076
29770,1076
18459,1076
1324,1076
13693,1076
10093,1076
16678,1076
25562,1076
26188,1076
29267,1076
14314,1076
6250,1076
6250,1076
20710,1076
20710,1076
32032,1076
18242,1076
25756,1076
38399,1076
30762,1076
11490,1076
11490,1076
8271,1076
11490,1076
14491,1076
39456,1076
15669,1076
29552,1076
1600,1076
32904,1076
32651,1076
32651,1076
34673,1076
34673,1076
14086,1076
34361,1076
38232,1076
37475,1076
32209,1076
18024,1076
39685,1076
17523,1076
6783,1076
6783,1076
20028,1076
1836,1208
15651,1208
33062,1208
25976,1208
14017,1208
1626,1208
9095,1208
34864,1208
33124,1208
24184,1208
39743,1208
13071,1208
39296,1208
238,568
23605,568
31840,568
25900,568
22818,568
3789,568
8872,568
12125,568
37752,568
223,568
24567,568
5272,568
6796,568
2382,568
113,568
7307,568
4999,568
11935,568
1003,568
34449,568
2292,568
33361,568
23563,568
21729,568
2578,568
4511,568
12495,568
26692,568
11373,568
15137,568
23571,568
122,568
38402,568
2461,568
1502,568
5503,568
18872,568
17435,568
16237,568
27599,568
1868,568
14301,568
10902,568
18116,568
15323,568
21996,568
34577,568
3580,568
21618,568
22712,568
19806,568
25596,568
32295,568
6695,568
4945,568
36218,568
35089,568
19370,568
33490,568
1576,568
20290,568
21565,568
20627,568
19005,568
25369,568
23343,568
19934,568
10781,568
8017,568
16373,568
4141,568
27993,568
38159,568
19291,568
384,568
14622,568
38345,568
31314,568
4062,568
21920,568
3233,568
2816,568
19142,568
1727,568
21652,568
29104,568
16234,568
17894,568
23504,568
17084,568
24411,568
17015,568
8587,568
10014,568
20411,568
7205,568
2810,568
22036,568
658,568
4622,568
25510,568
16441,568
3315,568
14517,568
10164,568
34820,568
773,568
30328,568
32611,568
17365,568
3323,568
610,568
20850,568
12776,568
35939,568
16868,568
23385,568
15651,568
10013,568
32982,568
4317,568
7101,568
36521,568
23854,568
19971,568
3411,568
11014,568
8280,568
37873,568
24429,568
23740,568
29030,568
21304,568
27887,568
2932,568
30692,568
20484,568
3264,568
22940,568
38200,568
8787,568
8688,568
2845,568
131,568
8993,568
9886,568
30845,568
18,568
3715,568
23973,568
36307,568
22365,568
38604,568
116,568
9760,568
33103,568
17682,568
1945,568
20455,568
3517,568
23478,568
12701,568
11154,568
1601,568
16477,568
27654,568
7822,568
33672,568
13902,568
32813,568
37078,568
38263,568
4187,568
28906,568
23917,568
21232,568
7138,568
17063,568
1165,568
16248,568
27393,568
2658,568
1473,568
8801,568
33275,568
1708,568
23609,568
24350,568
21813,568
15367,568
27325,568
15150,568
37559,568
9785,568
9593,568
18087,568
11340,568
36518,568
15766,568
20320,568
11043,568
31822,568
2462,568
29763,568
5787,568
33324,568
17083,568
31822,568
37882,568
31570,568
38506,568
1650,568
23878,568
15360,568
37367,568
16581,568
1623,568
38454,568
27654,568
5860,568
17899,568
19345,568
22906,568
22906,568
11340,568
24585,568
24445,568
10951,568
22157,568
3971,568
21468,568
19341,568
6606,568
14084,568
30523,568
27324,568
10641,568
26676,568
8078,568
845,568
26159,568
25967,568
31676,568
37606,568
4126,568
35351,568
9576,822
17449,822
8726,822
27279,822
33584,822
6744,822
32948,822
37936,822
11255,822
8628,822
21879,822
25485,822
18520,822
14990,822
17449,822
1554,822
6297,822
14047,822
5083,822
7048,822
19545,822
5939,822
5730,822
25916,822
1743,822
24758,822
36836,822
23284,1098
11956,1098
14303,1098
7359,1098
14152,1098
14287,1098
294,1098
37444,1098
28989,1098
11802,1098
15323,1098
12864,1098
189,1098
8081,1098
38200,1098
6561,1098
38731,1098
30727,1098
32664,1098
12486,1098
12309,1098
37064,1098
30822,1098
12079,1098
11966,1098
20494,1098
6201,1098
1874,1098
14440,1098
10451,1098
9668,1098
8128,1098
32993,1098
25608,1098
7709,1098
2643,1098
3491,1098
5445,1098
32319,1098
2721,1098
32319,1098
22264,1098
37004,1098
19810,1098
6106,1098
37773,1098
537,1098
31287,1098
15550,1098
30599,1098
14674,1098
5474,1098
33008,1098
2681,1098
36564,1098
5384,1098
24442,1098
945,1098
18203,1098
28455,1098
19222,1098
10890,1098
19028,1098
32356,1098
15235,1098
39180,1098
1799,1098
4898,1098
27541,1098
34774,1098
4479,1098
38347,1098
1171,1098
15176,1098
38851,1098
9377,1098
9377,1098
36849,1098
36849,1098
32250,1098
27072,1098
2681,1098
2681,1098
2681,1098
1748,1098
1748,1098
11811,1098
12323,572
35939,572
2873,572
3520,572
21170,572
11113,572
1567,572
22355,572
23180,572
3723,572
12062,572
53,572
25285,572
35062,572
17185,572
3516,572
2282,572
23179,572
35766,572
20961,572
24262,572
33094,572
19090,572
16986,572
20459,572
5024,572
15704,572
460,572
7905,572
20392,572
11014,572
2282,572
11014,572
12495,572
11014,572
16997,572
25810,572
2282,572
9835,572
3223,572
25810,572
25810,572
9835,572
13908,1070
8186,1070
35358,1070
8957,1070
17852,1070
38354,1070
27183,1070
18315,1070
10026,1070
22780,1070
25927,1070
38471,1070
12743,1070
34886,1070
38400,1070
37912,1070
18062,1070
19251,1070
17783,1070
19436,1070
23223,1070
31124,1070
14779,1070
38807,1070
9709,1070
15331,1070
17280,1070
19427,1070
26084,1070
17280,1070
36190,1070
21422,1070
26246,1070
15951,1070
4973,1070
17357,1070
17256,1070
35501,1070
39085,1070
25138,1070
25138,1070
14631,1070
36077,1070
37912,1070
29971,1070
11255,1070
20756,1070
19974,1070
37552,1070
12671,1070
22865,1070
16448,1070
20495,1070
10752,1070
11255,1070
24189,1070
24189,1070
12894,1070
7007,1070
23214,1070
33441,1070
22963,1070
37912,1070
33441,1070
12775,1070
9792,1070
12526,1070
2987,1070
14069,1070
4896,1070
2001,1070
17105,1070
24298,1070
33876,1070
39242,1070
17171,1139
27180,1139
2385,1139
38939,1139
14277,1139
8039,1139
915,1139
23137,1139
6525,1139
33687,1139
5311,1139
11375,1139
2466,1139
19173,1139
37358,1139
8876,1139
25437,1139
14148,1139
18470,1139
4950,1139
34773,1139
20595,1139
33936,1139
27267,1139
23603,1139
32874,1139
35187,1150
2284,1150
27614,1150
9637,1150
38399,1150
9073,1150
34383,1150
34370,1150
1331,1150
15683,1150
13886,1150
8083,1150
5169,1150
12816,1150
28451,1150
25268,1150
3202,1150
3978,1150
29247,1150
39431,1150
8798,1150
9212,1150
4665,1150
3528,1150
7147,1150
33634,1150
33634,1150
9357,1150
28347,1150
29487,1150
26546,1150
28895,1150
19036,1150
19036,1150
17577,878
13753,878
26954,878
34950,878
22973,878
30960,878
18232,878
2661,878
31578,878
25541,878
25904,878
38650,878
20773,878
11981,878
22433,878
32570,878
10459,878
28425,878
6298,878
4349,878
9984,878
11660,878
10374,878
15543,878
5517,878
8671,878
887,878
3084,878
31537,878
18171,878
37896,878
33843,878
20047,878
30634,878
13913,878
16324,878
26810,878
18520,878
26300,878
38092,878
12211,878
5935,878
36182,878
25143,878
35873,878
13953,878
19302,878
19777,878
14409,878
27180,878
35760,878
26768,878
10951,878
31484,878
10490,878
31212,878
8993,593
26754,593
20524,593
16577,593
13219,593
31906,593
23571,593
19410,593
6866,593
22272,593
35860,593
14809,593
10254,593
24567,593
9942,593
14529,593
13045,593
12286,593
29029,593
12587,593
36194,593
11014,593
19139,593
12372,593
34249,593
5503,593
15761,593
31026,593
5860,593
20092,593
4637,593
14817,593
31818,593
12034,593
36663,593
22712,593
2816,593
1650,593
22688,593
28725,593
5793,593
35743,593
20180,593
28697,593
3716,593
1781,593
25918,593
27454,593
9643,593
36234,593
9643,593
3559,593
3997,593
19779,593
35878,593
2697,593
15000,593
7668,593
18234,593
34925,593
20503,593
20167,593
36627,593
10997,593
23246,593
14881,593
21898,593
25658,593
32331,593
15119,593
24429,593
37810,593
15360,593
38481,593
37228,593
30347,593
1802,999
24238,999
25401,999
29669,999
34063,999
24977,999
7532,999
15272,999
12744,999
5126,999
28598,999
30865,999
22748,999
17196,999
4212,999
21453,999
361,999
15003,999
21012,999
34915,999
37201,999
38913,999
33973,999
337,999
34315,999
1345,999
26068,999
24977,999
7678,999
7062,999
15498,999
17403,999
35704,999
34408,999
8763,999
20609,999
15762,999
29140,999
7965,999
29896,999
38884,999
6909,1267
27475,1267
17555,1267
39446,1267
22277,1267
37224,1267
33394,1267
6212,1267
9574,1267
39643,1267
27827,1267
19397,1267
14069,1267
6453,1267
11913,1267
6795,1267
29981,1267
13347,1254
37224,1254
12281,1254
1251,1254
24148,1254
39857,1254
39697,1254
33934,1254
16661,1254
3741,1254
22965,1254
28861,1254
37448,1254
13486,1254
13384,1254
36416,1254
33424,1254
38815,1254
37552,1254
14002,1254
11039,1254
19894,1254
12620,1254
26600,1254
34726,1254
39788,1254
9561,1254
39182,1254
39476,1254
15497,1254
34260,1254
7767,1254
580,1254
16473,1254
33006,1254
1541,1254
39591,1254
38406,1254
36141,1254
13049,1254
39088,1254
39637,1254
31440,1254
39622,1254
25020,1254
12730,1254
26086,1254
28558,1254
38705,1254
23048,1254
23017,1254
5716,1254
9561,1254
18443,1254
39088,1254
39444,1254
9981,1254
39481,1254
17658,1254
34103,1254
29624,1254
27942,1254
4163,1254
12730,1254
6000,1254
36346,1254
36346,1254
7143,1254
30404,1254
9441,1254
7964,1254
34813,1254
32802,1254
12461,1254
39629,1254
6562,1254
19894,1254
60,558
13609,558
16237,558
34449,558
1061,558
25599,558
5470,558
16913,558
36487,558
18894,558
12506,558
7616,558
6071,558
907,558
7642,558
25667,558
1025,558
3647,558
7662,558
5672,558
10793,558
13612,558
10134,558
6224,558
15499,558
15780,558
5470,558
17793,558
36521,558
15089,558
34332,558
37214,558
5459,558
25165,558
30608,558
36599,558
28204,558
34899,558
20765,558
9501,1005
5460,1005
6171,1005
23196,1005
4886,1005
23498,1005
8171,1005
12702,1005
11470,1005
9710,1005
12983,1005
8576,1005
32592,1005
804,1005
19567,1005
12826,1005
18984,1005
13816,1005
10826,1005
38422,1005
6562,1005
2800,1005
19673,1005
6684,1005
18497,1005
10544,1005
115,1005
13223,1005
6938,1005
22748,1005
34992,1005
5972,1005
2776,1005
19938,1005
12585,1005
17888,1005
8202,1005
3060,1005
5345,1005
32267,1005
10264,1005
7521,1005
178,1005
5201,1005
28905,1005
30865,1005
21110,1005
12339,1005
13496,1005
17356,1005
28043,1005
879,1005
36974,1005
10710,1005
27376,1005
16300,1005
13488,1005
30717,1005
81,1005
7198,1005
35974,1005
26694,1005
15465,1005
28924,1005
36907,1005
1303,1005
26482,1005
2396,1005
35111,1005
2484,1005
30434,1005
32770,1005
35200,1005
1662,1005
10117,1005
15367,1005
32142,1005
17033,1005
15679,1005
14895,1005
14399,1005
1784,1005
2789,1005
23612,1005
6093,1005
14206,1005
38775,1005
9232,1005
11668,1005
10533,1005
3752,1005
22616,1005
6007,1005
15222,1005
9000,1005
6045,1005
30193,1005
8486,1005
15489,1005
5684,1005
17296,1005
22089,1005
18812,1005
1774,1005
13724,1005
2471,1005
3037,1005
16196,1005
30031,1005
38460,1005
13041,1005
18860,1005
15622,1005
37794,1005
6549,1005
3718,1005
15356,1005
7026,1005
12790,1005
1769,1005
18148,1005
16265,1005
1932,1005
23692,1005
18702,1005
8827,1005
10366,1005
5489,1005
11736,1005
2606,1005
2715,1005
7038,1005
21262,1005
2748,1005
9318,1005
28159,1005
8678,1005
774,1005
4496,1005
21956,1005
7654,1005
9302,1005
25877,1005
10503,1005
33520,1005
34924,1005
36856,1005
22912,1005
774,1005
8586,1005
29223,1005
361,1005
8106,1005
11984,1005
10456,1005
6862,1005
1479,1005
5163,1005
34330,1005
6508,1005
16605,1005
19056,1005
37064,1005
740,1005
19795,1005
23175,1005
64,1005
16822,1005
16586,1005
12921,1005
23933,1005
5709,1005
21670,1005
13218,1005
22470,1005
4779,1005
10476,1005
8489,1005
25164,1005
789,1005
15555,1005
33202,1005
8158,1005
31187,1005
6650,1005
17231,1005
36499,1005
785,1005
3389,1005
19350,1005
32567,1005
21778,1005
19475,1005
24020,1005
8100,1005
13465,1005
14803,1005
38643,1005
13560,1005
2083,1005
10105,1005
34759,1005
2522,1005
10703,1005
19797,1005
3324,1005
21669,1005
36521,1005
30497,1005
3711,1005
26561,1005
38158,1005
38759,1005
17199,1005
8518,1005
4146,1005
2368,1005
2769,1005
9691,1005
21707,1005
3847,1005
21677,1005
29587,1005
10784,1005
10243,1005
11137,1005
6301,1005
37979,1005
4263,1005
38826,1005
31734,1005
1630,1005
18013,1005
26627,1005
9906,1005
32697,1005
10747,1005
1816,1005
7678,1005
25053,1005
33574,1005
33623,1005
30989,1005
87,1005
10525,1005
26288,1005
12348,1005
580,1005
21333,1005
33598,1005
18520,1005
14419,1005
18071,1005
1319,1005
29004,1005
20937,1005
8526,1005
34539,1005
20064,1005
773,1005
1930,1005
14301,1005
16160,1005
7831,1005
37560,1005
36599,1005
17411,1005
38545,1005
22856,1005
16908,1005
10997,1005
1918,1005
33952,1005
479,1005
37123,1005
7446,1005
2083,1005
5126,1005
9230,1005
802,1005
1806,1005
35748,1005
17992,1005
6850,1005
7840,1005
23746,1005
7620,1005
8593,1005
11313,1005
21382,1005
35585,1005
2164,1005
13274,1005
1310,1005
14279,1005
89,1005
27631,1005
2330,1005
21626,1005
26254,1005
12486,1005
25413,1005
33144,1005
25737,1005
14517,1005
38347,1005
23997,1005
5080,1005
1726,1005
35603,1005
630,1005
7025,1005
35281,1005
23662,1005
17032,1005
10998,1005
36387,1005
15089,1005
14284,1005
10946,1005
555,1005
6114,1005
19388,1005
16403,1005
33915,1005
7714,1005
26631,1005
6457,1005
11291,1005
1046,1005
18565,1005
30087,1005
34323,1005
3531,1005
33760,1005
4907,1005
34278,1005
19313,1005
21564,1005
33336,1005
7196,1005
3080,1005
23773,1005
35189,1005
12129,1005
7495,1005
12820,1005
19172,1005
6887,1005
12024,1005
3375,1005
218,1005
6346,1005
10301,1005
17231,1005
17453,1005
28137,1005
5338,1005
6946,1005
3592,1005
11248,1005
36682,1005
9578,1005
3703,1005
31018,1005
8756,1005
1685,1005
5334,1005
10253,1005
24407,1005
27604,1005
20135,1005
17926,1005
5121,1005
6995,1005
805,1005
1100,1005
532,1005
20618,1005
17406,1005
21615,1005
38200,1005
11385,1005
13968,1005
32483,1005
35506,1005
32581,1005
10329,1005
20222,1005
521,1005
4062,1005
11709,1005
20177,1005
4942,1005
26039,1005
422,1005
30610,1005
37242,1005
34958,1005
27145,1005
4212,1005
23219,1005
33069,1005
5054,1005
36246,1005
8069,1005
2814,1005
9151,1005
16771,1005
799,1005
3669,1005
29326,1005
8525,1005
25828,1005
32336,1005
33132,1005
38759,1005
8546,1005
5835,1005
18866,1005
1855,1005
17789,1005
25849,1005
1158,1005
2841,1005
23630,1005
32942,1005
3349,1005
17673,1005
25835,1005
22693,1005
4141,1005
32364,1005
1669,1005
37241,1005
16841,1005
7724,1005
21467,1005
29796,1005
11718,1005
28287,1005
3195,1005
32,1005
21474,1005
13972,1005
13651,1005
6661,1005
17766,1005
18760,1005
30339,1005
22138,1005
8799,1005
29642,1005
3765,1005
15272,1005
11136,1005
687,1005
21014,1005
1560,1005
2107,1005
3799,1005
35826,1005
14427,1005
3982,1005
9838,1005
797,1005
23841,1005
23421,1005
5838,1005
6694,1005
2497,1005
24622,1005
17742,1005
7993,1005
38530,1005
18809,1005
4870,1005
20305,1005
20221,1005
11765,1005
17994,1005
37695,1005
21981,1005
15795,1005
13715,1005
7878,1005
11570,1005
9701,1005
3273,1005
17698,1005
37325,1005
28087,1005
17324,1005
14855,1005
7500,1005
9304,1005
316,1005
30027,1005
11592,1005
4268,1005
5803,1005
38506,1005
22553,1005
18647,1005
15237,1005
8017,1005
18746,1005
6213,1005
662,1005
18255,1005
26096,1005
15999,1005
3154,1005
31030,1005
17231,1005
37691,1005
13412,1005
17923,1005
8409,1005
5207,1005
22645,1005
31069,1005
8831,1005
13683,1005
16201,1005
16950,1005
35268,1005
10825,1005
12191,1005
27298,1005
36883,1005
9515,1005
10970,1005
17649,1005
30023,1005
35417,1005
24806,1005
18406,1005
20326,1005
19860,1005
2958,1005
15749,1005
28138,1005
36699,1005
7524,1005
30398,1005
19773,1005
33212,1005
28778,1005
19477,1005
37483,1005
10582,1005
12223,1005
17270,1005
12890,1005
13195,1005
13690,1005
3830,1005
25414,1005
13038,1005
33604,1005
13534,1005
1469,1005
15766,1005
23914,1005
34861,1005
35948,1005
9405,1005
22992,1005
1031,1005
8175,1005
33804,1005
29795,1005
2527,1005
25784,1005
31892,1005
27447,1005
14138,1005
26290,1005
14900,1005
14055,1005
9943,1005
12984,1005
25598,1005
26555,1005
16719,1005
12211,1005
11687,1005
35077,1005
6253,1005
4148,1005
36931,1005
11679,1005
29893,1005
22193,1005
38968,1005
19152,1005
2093,1005
10609,1005
23966,1005
34407,1005
37763,1005
38966,1005
14220,1005
16197,1005
34981,1005
30195,1005
2851,1005
27047,1005
29066,1005
12744,1005
24080,1005
34896,1005
26442,1005
5955,1005
4067,1005
24032,1005
19224,1005
6710,1005
24004,1005
11678,1005
23768,1005
17053,1005
19194,1005
7537,1005
11387,1005
24758,1005
20161,1005
16028,1005
7895,1109
4870,1109
28720,1109
32757,1109
6547,1109
13477,1109
24356,1109
34027,1109
15843,1109
26931,1109
21386,1109
19894,1109
22883,1109
10446,1109
11140,1109
38569,1109
38111,1109
8878,1109
39376,1109
21404,1109
31154,1109
33078,1109
15219,1109
2032,1109
1282,1109
25383,1109
35523,1109
20156,1109
37120,1109
12558,1109
21276,1109
18410,1109
34927,1109
39278,1109
27821,1109
20781,1109
4509,1109
38569,1109
1547,1109
20327,1109
35610,1109
1823,1109
36379,1109
17154,1109
29425,1109
35875,1109
4316,1109
38790,1109
24073,1109
27775,1109
5705,1109
1773,1109
22533,1109
21404,1109
6047,1109
3338,1109
38731,1109
27154,1109
2102,1109
28561,1109
689,1109
18527,1109
29219,1109
2658,1109
29219,1109
2704,1109
39537,1109
33049,1109
27505,1109
35239,1109
22764,1109
27066,1109
36442,1109
27936,1109
13425,1109
19432,1109
39489,1109
38888,1109
29934,1109
28770,1109
36404,1109
39183,1109
36469,1109
21404,1109
6000,1259
26410,1259
11492,1259
30601,1259
18717,1259
9337,1259
28185,1259
1828,834
17379,834
16275,834
1004,834
34723,834
25485,834
13953,834
1386,834
6435,834
36103,834
9890,834
12016,834
31126,834
28530,834
18403,834
22459,834
22278,834
11525,834
31381,834
11043,834
20221,834
60,834
34603,834
30859,834
33275,834
25172,834
7532,834
45,834
34616,834
30985,834
21123,834
25368,834
32984,1226
26205,1226
13521,1226
29285,1226
32984,1226
13220,1226
37176,1226
16785,1226
18153,1226
35901,1226
9916,1226
18452,1226
5130,1226
39660,1226
4335,1226
24559,1226
24559,1226
35679,1226
16347,1226
34446,1226
39731,1226
30513,1226
30513,1226
36212,1226
7517,1226
35483,1226
35483,1226
26749,1226
16699,1226
34446,1226
38207,1226
39176,1226
38486,1168
32100,1168
52,1168
39512,1168
36919,1168
36118,1168
39381,1168
8851,1168
18606,1168
7639,1168
39640,1168
3654,1168
28130,1168
10201,1168
29997,1168
33975,1168
16293,1168
39499,1168
39499,1168
2620,1168
27516,1168
39680,1168
37950,1168
35235,1168
31929,1168
9615,1168
34791,1168
37991,1168
4361,1168
29570,1168
18443,1168
19344,1168
39613,1168
33774,1168
16293,1168
34791,1168
23749,1168
32623,1168
39290,1168
37457,1168
23928,1168
16251,1168
9420,1168
37457,1168
16251,1168
9420,1168
37457,1168
23552,1168
35841,1168
26806,1168
9492,1168
38486,1168
13981,1168
34639,1168
7094,1168
35235,1168
9356,1168
27519,1168
33243,1168
32229,1168
32512,1168
34276,1168
17403,1168
28872,1168
37118,1168
39095,1168
38472,1168
33562,1168
32634,1168
27568,1168
5139,1168
27253,1168
18275,1168
28082,1168
26944,1132
21789,1132
13882,1132
7526,1132
7065,1132
24883,1132
10158,1132
3552,1132
21734,1132
8291,1132
9218,1132
27671,1132
12514,1132
30143,1132
464,1132
5058,1132
5134,1132
7985,1132
6246,1132
596,1132
1669,1132
3935,1132
2684,1132
38308,1132
7194,1132
28356,1132
443,1132
19197,1132
18856,1132
24358,1132
32247,1132
1476,1132
38872,1132
38872,1132
962,1132
172,1132
19197,1132
13597,1132
13597,1132
1591,1132
61,1132
20929,1132
31125,1132
38750,1132
12313,1199
31778,1199
16944,1199
11132,1199
29102,1199
2067,1199
34514,1199
706,1199
32092,1199
37875,1199
34287,1199
13783,1199
22954,1199
22547,1199
22954,1199
33650,1199
27123,1199
6514,1199
37577,1199
27123,1199
31827,1199
39756,1199
33650,1199
18429,1199
39244,1199
27656,1199
13110,1199
8211,1199
1865,1199
5863,1199
24090,1199
27656,1199
31071,1199
33050,1199
20383,1199
36858,1199
28889,1199
17461,1199
5021,1199
19950,1199
9012,1199
29574,1199
12775,1199
39762,1199
9792,1199
2987,1199
38427,1199
21242,1199
24643,1199
32886,1199
19773,1199
15471,1199
30391,1199
7739,1199
4602,1199
11812,1199
15368,1199
20993,1199
39574,1199
20025,1199
37829,1199
37607,1199
24165,1199
17183,1199
37829,1199
23981,1199
6440,1199
11812,1199
39455,1199
9557,1199
37516,1199
17183,1199
35696,1199
30319,1199
6891,1199
34769,1199
39518,1199
2749,1199
27011,1199
798,1199
12346,1199
9626,1199
28909,1199
25927,1199
37841,1199
11897,1199
34112,1199
30919,1199
30188,1199
19011,1199
15537,1199
33377,1199
34195,1199
22315,1199
39386,1199
4668,1199
5262,1199
33005,1199
31557,1199
33005,1199
36190,1199
32342,1199
37036,1199
16767,1199
28202,1199
14434,1199
38377,1199
6943,1199
38377,1199
39627,1199
31171,1199
4913,1199
6943,1199
7724,1199
13126,1199
38075,1199
38075,1199
29568,1199
2477,1199
15969,1199
1930,1199
38075,1199
16348,1199
9709,1199
29568,1199
4695,1199
15577,1199
1930,1199
5629,1199
6364,1199
2046,1199
39407,1199
37161,1199
37270,1199
38729,1199
15969,1199
11474,1199
39558,1199
14767,1199
9464,1199
14694,1199
9464,1199
19349,1199
28512,1199
39400,1199
27653,1199
11794,1199
13561,1199
25297,1199
29864,1199
29864,1199
22022,1199
23662,1199
28944,1199
33418,1199
36891,1199
37663,1199
27547,1199
16282,1199
36891,1199
29196,1199
34074,1199
35425,1199
33040,1199
4546,1199
19137,1199
39316,1199
39541,1199
19137,1199
39046,1199
29069,1199
22031,1199
28500,1199
15826,1199
32924,1199
35968,1199
13168,1199
35968,1199
13168,1199
39776,1199
39776,1199
39490,1199
5594,1199
8983,1199
30719,1199
16727,1199
35863,1199
38720,1199
37309,1199
28602,1199
28602,1199
28602,1199
39248,1199
2001,1199
31253,1199
35319,1199
34368,1199
34368,1199
32174,1199
24584,1199
24138,1199
32743,1199
17501,1199
32600,1199
39487,1199
3257,1199
31543,1199
31543,1199
34448,1199
23146,1199
34012,1199
26406,1199
9199,1199
3442,1199
27646,1199
16024,1199
33042,1199
22046,1199
29091,1199
37398,1199
39595,1199
1954,1199
10780,1199
10857,1199
37152,1124
32221,1124
9106,1124
3947,1124
17397,1124
26545,1124
27176,1124
27190,1124
9239,1124
5135,1124
36572,1124
12453,1124
3036,1124
12564,1124
6458,1124
15635,1124
14425,1124
26492,1124
11423,1124
25696,1124
34901,1124
22869,1124
9208,1124
34361,1124
23849,1124
36404,1124
9861,1124
15231,1124
39182,1124
33468,1124
24844,1124
39690,1124
14024,1124
20224,1124
37424,1124
37424,1124
32317,1124
32317,1124
6803,552
5986,552
2441,552
5510,552
32832,552
31617,552
19429,552
20411,552
29669,552
24262,552
12701,552
27231,552
2959,552
13280,552
3216,552
16078,552
2584,552
23854,552
3623,552
14403,552
4985,552
149,552
19469,552
7722,552
16823,552
17405,552
16823,552
24420,552
23504,552
31840,552
5724,552
13306,552
8858,552
1273,552
31529,552
10841,552
17879,552
29121,552
35091,552
39548,1215
36705,1215
18289,1215
33260,1215
4503,1215
39602,1215
39603,1215
39588,1215
11036,1215
4148,1215
4222,1215
4387,1215
30737,1215
18443,1215
18181,1215
5377,1215
5107,1215
26919,1215
21153,1215
25993,1215
22963,1215
25752,1215
14873,1215
7575,1215
10466,1215
35761,1215
29788,1215
2412,1215
39796,1215
15661,1215
39216,1215
21603,1215
12610,1215
29752,1215
15423,1215
36516,1215
16573,1215
39359,1215
19965,1215
39547,1215
6620,1215
39420,1215
34063,1215
22745,1215
39845,1215
4322,1215
39764,1215
6168,1215
39465,1215
27840,1215
6706,1215
14820,1215
20318,1215
7818,1215
20320,1215
6645,1215
20224,1215
30809,1215
21314,1215
19889,1215
7036,1215
35164,1215
1233,1215
1523,1215
15287,1215
39733,1215
9707,1215
37377,1215
23723,1215
28571,1215
31899,1215
19146,1215
27562,1215
34860,1215
37991,1215
36892,1215
35839,1215
6328,1215
27403,1215
28633,1215
2989,1215
5529,1215
557,1215
21781,1215
30790,1215
20163,1215
6053,1215
11737,1215
1835,1215
21488,1215
39507,1215
16809,1215
4632,1215
34970,1215
16787,1215
27068,1215
2450,1215
5550,1215
37151,1215
38598,1215
1433,1215
34276,1215
29552,1215
9613,1215
11147,1215
31331,1215
25685,1215
34429,1215
21403,1215
1025,876
379,876
19413,876
1815,876
35327,876
12211,876
24883,876
36334,876
2815,876
7955,876
379,876
29856,876
22244,876
2815,876
10634,876
37069,876
5459,876
8002,876
33892,876
22836,876
30475,876
15564,876
22938,876
34861,876
884,876
16150,876
26708,876
16150,876
5631,876
14547,876
8182,876
32247,876
32571,876
34792,876
21457,876
34235,876
23176,876
32452,876
1527,876
33664,876
10935,876
37143,876
35604,876
2477,876
27170,876
35897,876
6236,876
18851,876
4164,876
26791,876
32747,1129
29664,1129
38491,1129
33225,1129
26405,1129
37636,1129
18395,1129
38185,1129
37896,1129
37444,1129
11209,1129
39136,1129
35640,1129
25944,1129
13525,1129
27557,1129
36968,1129
37802,1129
23207,1129
32014,1129
31690,1129
5869,1129
33626,1129
17780,1129
18820,1129
34739,1129
39701,1129
36359,1129
13153,1129
11722,1129
4180,1129
35153,1129
32166,1129
32166,1129
36644,1129
39355,1129
5594,1129
8499,952
9151,952
11570,952
7851,952
36450,952
28715,952
31010,952
9125,952
26610,952
23530,952
16351,952
13054,952
438,952
14631,952
11343,952
17923,952
1912,952
8489,952
3261,952
13690,952
30031,952
2757,952
12412,952
23746,952
21561,952
15679,952
28226,952
14816,952
19105,952
32,952
18884,952
13700,952
12890,952
7840,952
20108,952
11137,952
34524,952
15036,952
35831,952
28739,1078
13690,1078
3064,1078
39466,1078
260,1078
4506,1078
35616,1078
28204,1078
13681,1078
1345,1078
29436,1078
5888,1078
2858,1078
26936,1078
39351,1078
5240,1078
5379,1078
29436,1078
2785,1078
5888,1078
33755,1078
28036,1078
37034,1078
1759,1078
13054,1078
11343,1078
37201,1078
18443,1078
29347,1078
7650,1078
32417,1078
32417,1078
10890,1078
23453,1078
37014,1078
34902,1078
37291,1078
3305,1078
34795,1078
39457,1078
23162,1078
32636,1078
27953,1078
10560,1078
34630,1078
3828,1078
36656,1078
11788,1078
2078,1078
17423,1078
39685,1078
17523,1078
22946,1078
38884,960
20100,960
12590,960
38741,960
15835,960
34460,960
24986,960
32506,960
16488,960
31100,960
36631,960
17891,960
17492,960
12884,960
30953,960
1740,960
15385,960
37695,960
15389,960
36442,960
28096,960
38826,960
34628,960
37120,960
38812,960
10989,960
19560,960
15560,960
4316,960
34213,960
8922,1272
14096,1272
21804,1272
5422,1272
14699,1272
16473,1272
2398,1272
6218,1272
16327,1272
8323,1272
18922,1272
14425,1272
9428,1272
5061,1272
14218,1272
5379,1272
9122,1272
34538,1272
13181,1272
16262,1272
13829,1272
9919,1272
32112,1272
20791,1272
15885,1272
7583,1272
37358,1272
10727,1272
16418,1285
11413,1285
23315,1285
34161,1285
37615,1285
32023,1285
34972,1285
8544,1285
12617,1285
27752,1285
38869,1285
731,1285
15851,1285
10073,1285
27973,1285
25048,1285
31554,1285
1097,1285
8889,1285
34165,1285
32337,1285
20686,1285
39519,1285
21576,1285
37313,1285
32766,1285
2095,1285
14570,1285
30066,1285
24546,1285
8330,1285
1780,1285
39481,1285
17520,1285
28180,1285
39860,1285
6158,1285
36066,1285
9591,1285
5269,1285
26527,1285
39329,1285
29506,1285
37798,1285
7799,1285
350,1285
30077,1285
37683,1285
23675,1285
23675,1285
24861,1285
38915,1285
39902,1285
39902,1285
34904,1285
39408,1285
4966,1285
17721,1285
1464,1285
4021,1285
3166,1285
27946,1285
23276,1285
29560,1285
39236,1285
26612,1285
16676,1285
28169,1285
19264,1285
34645,1285
30082,1285
36005,1285
1655,1285
27653,1285
18067,1285
39841,1285
9823,1285
37039,1285
28539,1285
32355,1285
25452,1285
434,1285
32594,1285
34309,1285
20166,1285
5327,1260
6777,1260
39584,1260
14866,1260
5066,1260
2986,1260
4659,1260
27740,1260
13391,1260
25752,1260
39393,1260
36036,1260
30737,1260
39547,1260
16759,1260
28529,1260
20053,1260
13154,1260
2534,1260
38781,1260
7838,1260
2345,1260
25835,1260
33961,1260
3048,1260
39269,1260
15395,1260
18404,1260
16759,1260
17093,1260
38760,1260
11266,1260
30538,1260
39070,1260
37773,1260
7866,1260
17741,1260
38925,1260
28268,1260
33892,1260
26760,1260
29208,1260
13075,1260
39578,1260
14702,1260
26708,1260
36758,1260
31981,1260
34235,1260
22836,1260
16300,1260
31377,1260
18922,1202
28312,1202
12557,1202
34684,1202
25307,1202
37462,1128
30367,1128
29357,1128
20496,1128
33679,1128
16731,1128
35317,1128
35317,1128
30203,1128
39355,1128
33626,1128
23881,1128
30366,1128
29441,1128
31576,1128
38910,1128
23337,1128
34672,1128
26877,1128
29410,1128
22874,1128
33030,1128
39527,1128
24808,1128
35640,1128
37636,1128
13525,1128
37512,1128
31309,1128
38601,1128
36037,1128
24131,1128
28564,1128
680,1128
38829,1128
26517,1128
18820,1128
11227,1128
36644,1128
33480,1128
38558,1128
10376,1011
32592,1011
29326,1011
5426,1011
2368,1011
38693,1011
11825,1011
8486,1011
11912,1011
5170,1011
36655,1011
15387,1011
11592,1011
32312,1011
15659,1011
25054,1011
14902,1011
11331,1011
20770,1011
10402,1011
17453,1011
38823,1011
32673,1011
7831,1011
27915,1011
30398,1011
12381,1011
14092,1011
28322,1011
19010,1011
7840,1011
34521,1011
9482,1011
9859,1011
9838,1011
7786,1011
15126,1011
613,1011
11617,1011
16923,1011
15679,1011
31642,1011
15491,1011
6213,1011
34849,1011
11131,1011
7864,1011
26696,1011
8374,1011
28471,1011
29286,1011
19860,1011
19152,1011
27127,1011
20847,1011
28238,1011
18504,1011
4208,1011
10313,1011
6266,1011
7547,1011
15662,1011
12263,1011
13864,1011
34659,1011
29060,1011
29060,1011
10931,837
11883,837
1260,837
21386,837
19623,837
9576,837
4506,837
15334,837
38012,837
23240,837
25149,837
26056,837
32698,837
34668,837
7369,837
3271,837
27319,837
20802,837
12179,837
12132,837
11602,837
24525,837
29310,837
38818,837
15989,837
3009,837
19628,837
27354,837
9082,837
5818,837
26320,837
7947,837
33394,837
25368,837
16343,824
4350,824
1084,824
14771,824
38210,824
33192,824
19627,824
2327,824
37292,824
1955,824
21230,824
3768,824
21707,824
2997,824
11282,824
36930,824
38765,824
16555,824
18235,824
26429,824
5539,824
35158,824
2111,824
17065,824
37963,824
32160,824
16982,824
2509,824
19154,824
24236,824
35924,824
35652,824
9550,824
24417,824
38541,824
6197,824
20199,824
35986,824
15551,824
30306,824
11255,824
34542,824
9340,824
14279,824
34793,824
34793,824
25193,824
36673,824
19226,824
9089,1174
20136,1174
1106,1174
21304,1174
19927,1174
15869,1174
35759,1174
3608,1174
5422,1174
9325,1174
9137,1174
9664,1174
13638,1174
7801,1174
11884,1174
1913,1174
4495,1174
18013,1174
1324,1174
7129,1174
5751,1174
38939,1174
21722,1174
26970,1174
21722,1174
37235,1114
9489,1114
22048,1114
33766,1114
30323,1114
31952,1114
1823,1114
13391,1114
39308,1114
25694,1114
10616,1114
17295,1114
35765,1114
15032,1114
20760,1114
14850,1114
39038,1114
5653,1114
27326,1114
37201,1114
16897,1114
15854,1114
12335,1114
14096,1114
34624,1114
20224,1114
11091,1114
945,1114
34624,1114
14444,1114
7584,1114
12324,1114
1990,1114
35408,1114
7122,1114
2674,1114
35646,1114
39319,1114
6764,1114
1460,1114
689,1114
24502,1114
2378,1114
28194,1114
9364,1114
18306,1114
18149,1114
22172,1114
9561,1114
3240,1114
10933,1114
23220,1114
38806,1114
39318,1114
14631,1114
35995,1114
14833,1114
16765,1114
39378,1114
19191,1114
28391,1114
39308,1114
12618,1114
20024,1114
8478,1114
26407,1114
16712,1114
31916,1114
1584,1114
38806,1114
25927,1114
1584,1114
1584,1114
35582,1114
13425,1114
8748,1114
39525,1114
19432,1114
18865,1114
38347,1114
38665,1114
15060,1114
30973,1114
22023,1114
33321,1114
39370,1114
31952,1114
27321,1114
1537,1114
34480,1114
16193,1114
9623,1114
12599,1114
35747,1114
28572,1114
30694,1114
15493,216
21532,216
17054,216
180,216
28203,216
6339,216
28651,216
3997,216
16998,216
5422,216
35247,216
7586,216
3020,216
13602,216
25902,216
103,216
8087,216
28203,216
22562,216
22562,216
22562,216
18649,216
6218,216
22910,216
3170,216
20322,216
8361,216
33798,216
5970,216
24373,216
14904,216
9181,216
14143,216
28203,216
9226,216
21304,216
13633,216
21070,216
3286,216
16134,216
18470,216
7972,216
13994,216
29954,216
9311,216
35247,216
12330,216
32434,216
10571,216
26785,216
18942,216
18522,216
17072,216
31239,216
83,216
28203,216
18204,216
34138,216
9214,216
3691,216
36498,216
21089,216
32337,216
31320,216
14756,216
16801,216
19802,216
30003,216
27119,216
37410,1003
14468,1003
18772,1003
35360,1003
5170,1003
32942,1003
33601,1003
31187,1003
10710,1003
17492,1003
34938,1003
24537,1003
10402,1003
15347,1003
36499,1003
5426,1003
37019,1003
15801,1003
6301,1003
21008,1003
30989,1003
32336,1003
31429,1003
6508,1003
2471,1003
438,1003
30801,1003
24020,1003
38158,1003
20103,1003
20770,1003
12822,1003
27029,1003
20702,1003
29702,1003
10493,1003
31531,1003
8305,1003
13594,1003
20618,1003
18232,1003
30883,1003
32697,1003
3080,1003
36883,1003
18644,1003
22460,1003
36521,1003
32940,1003
29286,1003
20775,1003
23284,1097
7093,1097
11802,1097
39373,1097
3620,1097
28917,1097
9422,1097
8418,1097
1468,1097
739,1097
31999,1097
607,1097
4839,1097
19184,1097
739,1097
22965,1097
39373,1097
20815,1097
5925,1097
24368,1097
14821,1097
25513,1097
3361,1097
13383,1097
12137,1097
22546,1097
35193,1097
1855,1097
11545,1097
37444,1097
10612,1097
5245,1097
739,1097
689,1097
1148,1097
35045,1097
39336,1097
39535,1097
16379,1097
39535,1097
3231,1097
39511,1097
35292,1097
39336,1097
2062,1097
3231,1097
39336,1097
739,1097
39336,1097
34015,1097
39336,1097
20803,1097
37480,1097
39511,1097
27252,1097
14631,1097
27123,1097
20469,1097
12137,1097
6993,1097
29978,1097
607,1097
9214,1097
16253,1097
19484,1097
16851,1097
13513,1097
39373,1097
16851,1097
39373,1097
10660,1097
39336,1097
27354,1097
739,1097
19484,1097
39313,1097
18726,1097
36315,1097
1056,1097
19663,1097
15905,1097
23185,1097
39373,1097
19220,1097
739,1097
13040,1097
21681,1097
9006,1097
32783,1097
36904,1097
39080,1097
39373,1097
39336,1097
5068,1097
38682,1097
27722,1097
28917,1097
35755,1097
18308,1097
35755,1097
18076,1097
30377,1097
39373,1097
30377,1097
30377,1097
28455,1097
30377,1097
607,1097
18308,1097
26331,1097
16846,1097
9466,1097
28594,1097
38557,1097
31669,1097
16336,1097
13561,1097
15263,1097
15263,1097
29797,1097
16556,1097
21689,1097
36185,1097
36185,1097
23312,1097
23312,1097
23312,1097
23312,1097
26337,1097
5245,1097
739,1097
9028,1097
23312,1097
23312,1097
32886,1097
3591,1097
3591,1097
5068,1097
23312,1097
25250,1097
25250,1097
25250,1097
39373,1097
23223,1097
10591,1110
9865,1110
16165,1110
8418,1110
21461,1110
852,1110
7812,1110
10465,1110
18117,1110
30459,1110
34859,1110
12558,1110
15802,1110
15119,1110
24073,1110
30928,1110
11732,1110
12890,1110
2846,1110
27492,1110
39626,1110
20008,1110
37228,1110
10837,1110
7649,1110
18581,1110
6949,622
19253,622
10440,622
17559,622
2091,622
13380,622
19084,622
38513,622
28452,622
5697,622
19084,622
22082,622
16874,622
8381,622
5708,622
30303,622
19296,622
33120,622
26104,622
9040,622
8851,622
24420,622
20856,622
3767,1009
27631,1009
38422,1009
17296,1009
14161,1009
21981,1009
316,1009
15710,1009
36387,1009
10946,1009
13213,1009
7161,1009
16726,1009
15347,1009
7402,1009
34430,1009
12024,1009
932,1009
1158,1009
26876,1009
7618,1009
16619,1009
17186,1009
36556,1009
13376,1009
2269,1009
29896,1009
6995,1009
21196,1009
33598,1009
4529,1009
4947,1009
13038,1009
19143,1009
23219,1009
14930,1009
12761,1009
33336,1009
15922,1009
18096,1009
36423,1009
10117,1009
6310,1009
3718,1009
9460,1009
5059,1009
18520,1009
15505,1009
7128,1009
36161,1009
37390,1009
24987,1009
16528,1009
1440,1009
2851,1009
15094,1009
34411,1009
31795,1009
38160,1009
38646,1009
13828,1009
30250,1009
1064,861
2104,861
19543,861
8499,861
24447,861
2101,861
29716,861
3464,861
28113,861
7135,861
12427,861
13259,861
6214,861
27781,861
6801,861
15819,861
12593,861
17358,861
1491,861
12904,861
2361,861
22477,861
22021,861
19022,861
9782,861
9692,861
29355,1146
5869,1146
3048,1146
39515,1146
26451,1146
22022,1146
28435,1146
31591,1146
6009,1146
28959,1146
37641,1146
20900,1146
37516,1146
31778,1146
29240,1146
20394,1146
9183,1146
27691,1146
21413,1146
25615,1146
33090,1146
5923,1146
18018,1146
26634,1146
22315,1146
26590,1146
9521,1146
37980,1146
26663,1146
7120,1146
5895,1146
34551,1146
30319,1146
29432,1146
6885,1146
29046,1146
25260,1146
3257,1146
2348,1146
9057,1146
27072,1146
25317,1146
37233,1146
4559,1146
24061,1146
33025,1146
6514,1146
33201,1146
36312,1146
19840,1146
8227,1146
39114,1146
39224,1146
26900,1146
2073,1146
39136,1146
12653,1146
25472,1146
24416,1146
34347,1146
25679,1146
8211,1146
33920,1146
30044,1146
34998,1146
38494,1146
14694,1146
9808,1146
34074,1146
25842,1146
28125,1146
4525,1146
6364,1146
8983,1146
19870,1146
39561,1146
8789,1146
27185,1146
28538,1146
9601,1146
33800,1146
19349,1146
30188,1146
4249,1146
9676,1146
35022,1146
14532,1146
25300,1146
23101,1146
23757,1146
39020,1146
1979,1146
39186,1146
13344,1146
38722,1146
31984,1146
15251,1146
39503,1146
36968,1146
30969,1146
32655,1146
30976,1146
38809,1146
38883,1146
26515,1146
38767,1146
5754,1146
6352,1146
25871,1146
32209,1074
23955,1074
23282,1074
23978,1074
3620,1074
18524,1074
27953,1074
1402,1074
8050,1074
16359,1074
9811,1074
17771,1074
439,1074
14299,1074
16801,1074
10966,1074
12890,1074
28195,1074
39223,1074
39477,1074
30704,1074
38959,1074
28769,1074
8294,1074
36411,1074
6371,1074
23732,1074
37821,1074
17286,1074
37821,1074
34030,1074
3589,1074
9456,1074
36066,1074
31510,1074
17286,1074
38357,1074
17994,1074
27842,1074
12662,1074
3338,1074
29267,1074
27946,1074
38817,1074
16900,1074
5445,1074
23285,1074
18581,1074
32398,1074
10448,1074
36859,1074
12160,1074
10369,1074
35960,1074
39365,1074
18470,1074
13477,1074
22883,1074
18289,1074
30518,1074
9867,1074
32943,1074
38370,1074
31366,1074
1282,1074
38527,1074
26785,1074
532,1074
14461,1074
19763,1074
22395,1074
32197,1074
33524,1074
32060,1074
13316,1074
31943,1074
30186,1074
9376,1074
22168,1074
12829,1074
30403,1074
30403,1074
1201,1074
33181,1074
7957,1074
23955,1074
23955,1074
26215,1074
18280,1074
24192,1074
21281,1074
30003,1074
29738,1074
13507,1074
26151,1074
25407,1074
38663,1074
9965,1074
37454,1074
21312,1074
16776,1074
30408,1074
2512,1074
11212,1074
1852,1074
38663,1074
26631,1074
38663,1074
6487,1074
31547,1074
31547,1074
38663,1074
30408,1074
2512,1074
25407,1074
6433,1074
35188,1074
29859,1074
38018,1074
7778,1074
16085,1217
39803,1217
29033,1217
29516,1217
25183,1217
1064,1217
11700,1217
8408,1217
13987,1217
28739,1217
31768,1217
1064,1217
39655,1217
13987,1217
11700,1217
37921,1217
5523,1217
21838,1217
14237,1217
33394,1217
36349,1217
3391,1217
33829,1217
31253,1217
22928,1217
15333,1217
22075,1217
3175,1217
30978,1217
8223,1217
1970,1217
28646,1217
15160,1217
39717,1217
35164,1217
37914,1217
31085,1217
29120,1217
1970,1217
29120,1217
39803,1217
5978,1217
15751,1217
35882,1217
39717,1217
7749,1217
25517,1217
1414,1217
38598,1217
14631,1217
18212,1217
38598,1217
7649,1217
21838,1217
945,1217
20500,1217
7379,1217
1722,1217
26087,1217
22369,1217
16937,1217
22696,1217
15433,1217
6881,1217
28314,1217
17597,1217
7778,1217
16772,1217
3095,1217
17994,1217
36141,1217
34260,1217
17158,1217
945,1217
945,1217
28633,1217
945,1217
4322,1217
13170,1217
945,1217
29494,1217
28750,1217
5643,1217
18902,1217
15292,1217
8,1217
39379,1217
34792,1217
29922,1217
21403,1217
20664,1217
14202,1217
1549,1217
33834,1217
37914,1217
23557,1079
39276,1079
34559,1079
33424,1079
3174,1079
32025,1079
6096,1079
36916,1079
3009,1079
11998,1079
24368,1079
5268,1079
35182,1079
30816,1079
6558,1079
15812,1079
35028,1079
2358,1079
7062,1079
13383,1079
7207,1079
11469,1079
39006,1079
27297,1079
16807,1079
34401,1079
33800,1079
34177,1079
10650,1079
29516,1079
29420,1079
30941,1079
4485,1079
31555,1079
13417,1079
30941,1079
20275,1079
10428,1079
29420,1079
39440,1079
35936,1079
8981,1079
21925,1079
12491,1079
22258,1079
9798,1079
27452,1079
36352,1079
39434,1079
20028,1079
34442,1079
4506,1079
39683,1079
39683,1079
35028,1079
39538,1079
28564,1079
20992,1079
30632,1079
24138,1079
33418,1079
36635,1079
32420,1079
24416,1079
37794,1079
5844,1079
26098,1079
13017,1079
13296,828
16982,828
17326,828
30393,828
37267,828
34353,828
294,828
35180,828
38499,828
16097,828
7402,828
32510,828
31385,828
8171,828
8936,828
26779,828
14435,828
27649,828
8400,828
23813,828
6071,828
2163,828
17044,828
13233,828
16949,828
7220,828
22973,828
10179,828
38200,828
11343,828
2497,828
36521,828
7697,828
10793,828
19101,828
5163,828
6040,828
33902,828
12585,828
11120,828
6355,828
29898,828
19024,828
22089,828
20718,828
23692,828
23804,828
179,828
64,828
7741,828
17926,828
22052,828
19435,828
17482,828
12270,828
12744,828
16948,828
38090,828
18986,828
31010,828
32676,828
15136,828
26578,828
7879,828
13690,828
34406,828
31687,828
17840,828
6699,1256
5052,1256
17529,1256
17529,1256
11158,1256
5052,1256
22729,1256
176,1256
38158,1256
22729,1256
2731,1256
27930,1256
20910,1256
176,1256
36896,1256
2850,1256
36928,1256
36739,1256
36739,1256
8683,1256
8683,1256
8615,1256
10884,1256
27201,1256
27201,1256
16681,1256
19249,1256
3107,1256
4768,1256
29402,1256
2465,567
31840,567
28694,567
2461,567
4236,567
10902,567
7097,567
33847,567
6956,567
13930,567
4874,567
21952,567
36218,567
4643,567
25720,567
10835,567
7788,567
2064,567
19206,567
36971,567
610,567
18297,567
19291,567
19142,567
13114,567
24123,567
4418,567
13208,567
25904,567
4583,567
9970,567
25510,567
8993,567
14301,567
2167,567
19201,567
15902,567
20645,567
5697,567
25,567
5817,567
34558,567
14486,567
1781,567
23638,567
16874,567
9666,567
38345,567
2303,567
3938,567
2450,567
27163,567
5938,567
365,567
7722,567
4029,567
27599,567
3576,567
11164,567
21749,567
5627,567
23008,567
4503,567
23455,567
17665,567
36521,567
25580,567
28631,567
25626,567
5803,567
5026,567
8858,567
5672,567
759,567
1635,567
227,567
34617,567
22754,567
20911,567
6224,567
4641,567
25152,567
3516,567
9527,567
773,567
11582,567
5199,567
17331,567
19341,567
51,567
7917,567
3560,567
23571,567
30094,567
38402,567
25360,567
23394,567
1174,567
14700,567
13539,567
15150,567
29763,567
11154,567
28751,567
7101,567
28672,567
28778,567
29215,567
20961,567
23921,567
27713,567
15704,567
7308,567
24860,567
38604,567
12860,567
11389,567
22601,567
10416,567
30845,567
23901,567
21304,567
11043,567
17185,567
1601,567
37078,567
28113,567
20856,567
27740,567
11029,567
24821,567
33490,567
5459,567
32402,567
22522,567
33785,567
2352,567
20538,567
6738,567
30964,567
37882,567
32642,567
19345,567
2362,567
38570,567
17285,567
1912,567
32013,567
27324,567
16829,567
191,567
23741,567
933,567
520,567
37443,567
12588,567
39737,1203
39784,1203
22607,1203
38568,1203
38100,1203
39628,1203
39788,1203
39587,1203
30090,1203
16090,1203
39793,1203
12119,1203
38097,1203
25479,1203
2075,1203
39186,1203
5868,1203
39357,1203
23375,1203
35607,1203
802,1203
11969,1203
31349,1203
31349,1203
28202,1203
36930,1203
37166,1203
15947,1203
39219,1203
39533,1203
38773,1203
36415,1203
34779,1203
39673,1203
34564,1203
17244,1203
13536,1203
22071,1203
30903,1203
23420,1203
3611,1203
19011,1203
19011,1203
3405,1203
39711,1203
24654,1203
39036,1203
4826,1203
481,1203
39542,1203
38673,1203
16348,1203
20834,1203
20834,1203
4125,1203
4525,1203
30415,1203
8851,1203
39013,1203
22547,1203
26659,1203
12449,1203
37427,1203
39753,1203
39185,1203
38267,1203
37201,1239
24781,1239
32744,1239
24708,1239
35931,1239
26816,1239
8633,1239
12590,1239
29829,1239
34584,1239
32718,1239
39448,1239
39848,1239
6821,1239
31053,1239
35991,1239
35523,1239
26296,1239
12982,1239
35523,1239
39820,1239
31053,1239
8780,1239
39864,1239
39870,1239
19645,1239
8917,1239
15589,1239
37179,1239
32623,1239
12168,1239
18960,1239
28881,1239
11268,1239
10234,1239
20447,1239
39812,1239
18283,1239
8753,1239
13923,1239
27287,1239
30856,1239
32159,1239
33849,1239
10067,1239
15837,1239
39545,1239
38606,1239
39188,1239
20492,1239
19613,1239
24357,1239
18443,1239
11706,1239
34639,1239
20999,1239
22127,1239
37159,1239
37159,1239
14252,1239
28881,1239
14252,1239
38924,1239
32634,1239
27965,1239
18158,1239
39836,1239
12084,1239
39786,1239
34078,1239
39766,1239
39280,1239
39448,1239
39458,1239
28844,1239
35262,1239
18287,1239
28214,1239
37718,1239
39196,1239
26806,1239
28942,1239
32295,1239
5694,1239
27516,1239
39884,1239
39740,1239
36561,1239
39836,1239
24667,1239
36346,1239
39647,1239
39647,1239
24944,1239
32691,1239
34039,1239
23860,1239
18377,1239
39657,1239
37805,1239
27068,1239
34103,1239
2936,1239
33418,1239
15542,1239
3751,1239
16205,1239
29150,1239
39808,1239
39808,1239
39522,1239
39522,1239
16205,1239
11811,1239
38935,1239
27321,1239
22035,1239
9563,1239
982,1239
8933,1239
9963,1239
19777,1239
8783,1239
8783,1239
39567,1239
37179,1239
17403,1239
37111,1239
1171,1239
5661,1239
1171,1239
15587,1271
35906,1271
38538,1271
5639,1271
39857,1271
8639,1271
14438,1271
33463,1271
7281,1271
35368,1271
6212,1271
10649,1271
39596,1271
14631,1271
35090,1271
38760,1271
34314,1271
9606,1271
20811,1271
27278,1271
22236,1271
33463,1271
27049,1271
7907,1271
2584,612
23605,612
2035,612
703,612
8688,612
30294,612
34852,612
30810,612
27756,612
10875,612
16694,612
13573,612
39247,1284
15361,1284
2976,1284
38869,1284
31048,1284
1461,1284
10291,1284
38785,1284
29597,1284
3350,1284
28292,1284
20437,1284
23408,1284
12087,1284
37072,1284
12086,1284
31365,1284
16615,1284
7634,1284
19742,1284
1722,1284
4570,1284
28180,1284
39615,1284
736,1284
736,1284
38593,1284
7801,1284
28240,1284
27716,1284
27747,1284
16776,1284
20187,1284
8196,1284
1047,1284
38752,1284
17741,1284
31354,1284
20609,1284
4632,1284
32023,1284
39368,1284
36464,1284
5132,1284
11155,1284
25857,1284
26867,1284
22205,1284
9160,1284
2763,1284
21609,1284
38752,1284
38914,1284
17582,1284
8028,1284
34165,1284
14299,1284
34025,1284
39519,1284
4874,1284
34146,1284
10037,1284
16418,1284
27953,1284
27752,1284
87,1284
39332,1284
34394,1284
36342,1284
30066,1284
34864,1284
21567,1284
38214,1284
19213,1284
973,1284
554,1284
36342,1284
38522,1284
31424,1284
554,1284
35960,1284
32354,1284
33177,1284
39860,1284
245,1284
23519,1284
35025,1284
11142,1284
9591,1284
22395,1284
5269,1284
32766,1284
16552,1284
39329,1284
5699,1284
29506,1284
7444,1284
18234,1284
17908,1284
15361,1284
4272,1284
6636,1284
37683,1284
18779,1284
24861,1284
8847,1284
27142,1284
3145,1284
37657,1284
4021,1284
190,1284
12172,1284
12172,1284
15361,1284
23276,1284
3716,1284
29560,1284
28169,1284
38758,1284
39913,1284
30082,1284
8577,1284
12913,1284
18067,1284
1751,1284
29889,1284
13883,1284
25450,1284
21266,1284
1604,1284
3053,1284
12890,1284
34962,1284
22720,1284
28839,1284
17721,1284
32018,1284
10560,1284
30206,1284
30206,1284
1831,1284
27541,1284
36717,1284
35365,1284
39405,1243
18866,1243
22412,1243
37647,1243
9232,986
20485,986
20869,986
16945,986
14437,986
12570,986
25541,986
17784,986
14458,986
31636,986
23498,986
24986,986
14117,986
28802,986
21333,986
28424,986
10275,986
37267,986
35180,986
34353,986
16031,986
25054,986
15347,986
6613,986
23420,986
19418,986
32682,986
33601,986
25326,986
15560,986
8002,986
13318,986
18813,986
2509,986
20446,986
26218,986
13442,986
7534,986
3683,986
11617,986
2715,986
9993,986
6219,986
10602,986
1743,986
34276,986
35574,835
12890,835
4195,835
29516,835
555,835
7198,835
6817,835
2205,835
8587,835
37061,835
25904,835
19217,835
13843,835
13843,835
8915,835
33327,835
19227,835
26542,835
32309,835
34544,835
37289,835
12743,835
1955,835
12174,835
23768,835
10214,1223
7915,1223
39299,1223
7410,1223
39174,1223
39174,1223
38333,1223
14209,1223
1048,1191
3110,1191
3584,1191
15136,1191
8408,1191
509,1191
11136,1191
12514,1191
24933,1191
8291,1191
25138,1191
3027,1191
11923,1191
10093,1191
10513,1191
33447,1191
12654,1191
10545,1066
19849,1066
39442,1066
22238,1066
29348,1066
33495,1066
24609,1066
18717,1066
29537,1066
1644,1066
16253,1080
16596,1080
3620,1080
1021,1080
6478,1080
7473,1080
12782,1080
1752,1080
21065,1080
11678,1080
952,1080
6098,1080
23651,1080
20466,1080
20263,1080
22539,1080
39415,1080
34431,1080
18346,1080
4325,1080
2104,1080
23651,1080
33326,1080
33326,1080
24077,1080
6401,1080
21598,1080
14886,1080
15366,1080
38887,1080
2625,1080
14076,1080
17686,1080
14076,1080
17686,1080
6098,1080
19252,1080
23944,1080
24018,1080
24018,1080
4343,1080
29361,1080
19982,1080
36723,1080
37475,1080
35188,1080
35288,1080
19643,1080
19839,1080
18757,1080
5775,1080
9735,1080
22856,1080
3523,1080
12814,1080
12814,1080
32751,1080
23578,1080
27586,1080
34206,1080
17059,1080
37360,1080
16750,1080
18832,1080
35353,1080
10501,1080
7706,844
14272,844
34427,844
6293,844
19199,844
17379,844
29516,844
38838,844
14170,844
23301,844
3957,844
5202,844
32954,844
26560,844
36227,844
37213,844
6404,844
5627,844
34507,844
14722,844
27445,844
11034,844
33320,844
2240,844
7955,844
6658,844
3735,844
25916,844
1422,844
17886,844
17271,844
12593,844
34564,844
30245,844
3712,844
31038,844
23747,844
31850,1073
10005,1073
34600,1073
31854,1073
24358,1073
13228,1073
7981,1073
13550,1073
8780,1073
2985,1073
29130,1073
38441,1073
1587,1073
38392,1073
3487,1073
1709,1073
34027,1073
11158,1073
4328,1073
26012,1073
37949,1073
26820,1073
14537,1073
18864,1073
9507,1073
14537,1073
18864,1073
28780,1073
20270,1073
26937,1073
8050,1073
37242,1073
20384,1073
4444,1073
6741,1073
13104,1073
15455,1073
33188,1073
3396,1073
11263,1073
8411,1073
28000,1073
38731,1073
25958,1073
24743,1073
14515,1073
36323,1073
34250,1073
3603,1073
22982,1073
8730,1073
30404,1073
7089,1073
10788,1073
31830,1073
7994,1073
9017,1073
30153,1073
25470,1073
26357,1073
34123,1073
5271,1073
30153,1073
39399,1073
32671,1073
19784,1073
31286,1073
18878,1073
22892,1073
1393,1073
3878,1073
38129,1073
2744,1073
2744,1073
16682,1073
1327,1073
31831,1073
39682,1073
39682,1073
35882,1073
2090,1073
10106,1073
3273,1073
39192,1073
22637,1073
13384,1073
34,1073
2636,1073
17047,1073
34456,1073
27347,1073
20929,1073
16738,1073
9663,1073
1003,1073
23950,1073
22543,1073
39640,1250
14412,1250
20748,1250
18436,1250
13923,1250
11626,1250
36222,1250
27935,1250
21398,1250
27068,1250
39852,1250
36350,1250
532,1250
13821,1250
19344,1250
23600,1250
28653,1250
26692,1250
27262,1250
11626,1250
32634,1250
36720,1250
11991,1250
25566,1250
27275,1250
7991,1250
35313,1250
19679,1250
30406,1250
39458,1250
38868,1250
38395,1250
9561,1250
13221,1250
38606,1250
39122,1250
39653,1250
39783,1250
30071,1250
9160,1250
34260,1250
11706,1250
38157,1250
30694,1250
34039,1250
27322,1250
38265,1250
35505,1250
35505,1250
18443,1250
29318,1250
29318,1250
35025,1250
39802,1250
32845,1250
1541,1250
39264,1250
27516,1250
19144,1250
7057,1250
6679,1250
39884,1250
27262,1250
33562,1250
5877,1237
27323,1237
12791,1237
16373,1237
2466,1237
34886,1237
30468,1237
35239,1237
1664,1237
7420,1237
13693,1237
32355,1237
8916,1237
8420,1237
37335,1237
39476,1237
38157,1237
9105,1237
35226,1237
35226,1237
9759,1237
22167,1237
32277,1237
6641,1237
34656,1237
13837,1237
9062,1237
21709,1237
12000,1237
5195,1237
18998,1237
10133,1237
30165,1237
7399,1237
32221,1237
28180,1237
16895,1237
38843,1237
36967,1237
36339,1237
5427,1237
26115,1237
8228,1237
2310,1237
9648,1237
29370,1237
11134,1237
22971,1237
30084,1201
1144,1201
6337,1201
6347,1201
6632,1201
22770,1201
4088,1201
37154,1201
18565,1201
37237,1201
337,1201
7396,1201
1870,1201
3643,1201
15585,1201
462,1201
10103,1201
12884,1201
32723,1201
15327,1201
28647,1201
39633,1201
25876,1201
1508,1201
29,1201
28543,1201
35704,1201
1189,1201
4860,1201
25383,1201
16907,1201
4485,1201
1612,1201
25195,1201
8488,1201
3271,1201
14301,1201
28070,1201
24714,1201
28070,1201
1726,1201
7636,1201
4623,1201
2320,1201
19706,1201
2667,1201
32617,1201
7442,1201
14012,1201
33224,1201
11092,1201
32916,1201
5059,1201
26136,1201
23520,1201
31283,1201
18107,1201
15550,1201
5377,1201
16160,1201
31258,1201
3737,1201
467,1201
4697,1201
412,1201
33929,1201
34413,1201
33410,1201
4697,1201
22360,1201
30031,1201
15327,1201
18647,1201
14631,1201
23678,1201
22162,1201
8115,1201
11069,1201
30789,1201
16937,1201
14089,1201
33410,1201
1116,1201
7229,1201
28637,1201
4339,1201
2246,1201
7229,1201
1780,1201
845,1201
792,1201
7750,1201
17042,1201
10785,1201
1451,1201
5365,1201
35621,1201
12397,1201
20758,1201
39806,1201
9881,1201
35621,1201
9770,1201
4339,1201
26309,1201
26309,1201
7478,1201
28297,1201
12397,1201
7478,1201
1007,1201
34986,1201
14818,1201
17424,1201
21077,1201
11907,1138
22928,1138
35882,1138
39242,1138
6520,1138
13719,1138
21536,1138
5423,1138
11533,1138
1626,1138
39444,1138
19527,1138
20820,1138
26806,1138
12499,1138
6901,1138
36302,1138
38606,1138
17018,1138
12778,1138
24667,1138
39458,1138
39529,1138
11885,1138
26078,1138
3107,1138
32936,1138
37552,1138
14142,1138
13075,1138
31270,1138
28725,1138
36561,1138
23552,1138
27516,1138
39486,1138
35909,1138
39691,1138
33604,1138
34639,1138
34999,1138
30250,1138
26438,1221
33572,1221
26296,1221
29837,1221
28571,1221
17852,1221
4198,1221
29623,1221
22720,1221
18545,1221
38832,1221
20873,1221
38755,1221
27068,1221
37391,1221
39350,1221
37198,1221
35513,1221
8462,1221
29788,1221
15861,1221
28529,1221
39782,1221
35901,1221
11923,1221
33261,1221
17018,1221
38349,1221
4802,1221
38897,1221
27403,1221
34840,1221
31509,1221
7815,1221
6328,1221
23530,1221
35761,1221
34615,1221
39664,1221
20790,1221
25155,1221
39796,1221
29752,1221
24681,1221
9606,1221
20224,1221
35897,1221
39716,1221
30624,1221
32526,1221
12510,1221
29552,1221
26122,1221
24504,1221
10931,1221
6710,858
21283,858
32284,858
35864,858
23478,858
12654,858
1178,858
34656,858
1231,858
38278,858
1914,858
14767,858
15120,858
13813,858
8770,858
31318,858
30320,858
4536,858
7582,858
985,858
29144,858
9192,858
4204,858
9855,858
23308,858
23856,858
13175,858
31886,858
5532,858
37523,858
24162,858
141,858
4602,858
24162,858
34293,858
25915,858
9192,858
25915,858
33805,858
18426,858
1996,858
6801,858
38443,858
23069,1115
14612,1115
1159,1115
18527,1115
17553,1115
37454,1115
20115,1115
4535,1115
20906,1115
24502,1115
1985,1115
33749,1115
18239,1115
18149,1115
5341,1115
1257,1115
162,1115
10596,1115
4594,1115
38200,1115
6201,1115
31952,1115
8057,1115
26840,1115
4912,1115
3801,1115
3691,1115
142,1115
859,1115
16377,1115
12913,1115
11878,1115
5336,1115
13228,1115
39426,1115
1490,1115
26196,1115
17311,1115
18093,1115
8812,1115
5819,1115
33163,1115
9489,1115
8989,1115
21894,1115
12991,1115
21795,1115
28226,1115
9574,1115
31077,1115
26407,1115
27702,1115
22535,1115
17043,1115
7681,1115
3095,1115
4027,1115
9467,1115
11550,1115
23464,1115
19028,1115
16774,1115
2333,1115
26999,1115
2314,1115
2314,1115
39350,1115
10831,1115
26943,1115
27964,1115
38949,1115
30491,1115
21322,1115
15270,1115
17704,1115
23978,1115
25608,1115
8011,1115
4262,1115
27487,1115
38273,1115
253,1115
38731,1115
4429,1115
19069,1115
13245,1115
15845,1115
15845,1115
29215,1173
24961,1173
34008,1173
1363,1173
617,1173
3125,1173
39728,1173
22346,1173
7369,1173
857,1173
35397,1173
37372,1173
1376,1173
1760,1173
27415,1173
19275,1291
18420,1291
25570,1291
30156,1291
31946,1291
25636,1291
29668,1291
13812,1291
38960,1291
10862,1291
19033,1291
34810,1291
39619,1291
26951,1291
33814,1291
21578,1291
25634,1291
25648,1291
26214,1291
27933,1291
25632,1291
25643,1291
25630,1291
26978,1291
25825,1291
26466,1291
19186,1291
22078,1291
25631,1291
26184,1291
28052,1291
33810,1291
39667,1291
33983,1291
21260,1291
30550,1291
23766,1291
39594,1291
39480,1291
24926,1291
32151,1291
14794,1291
39324,1291
34999,1291
11326,1291
31696,1291
30602,1291
28049,1291
23520,1155
18821,1155
18654,1155
22650,1155
19895,1155
4250,1155
13101,1155
8371,1155
27271,1155
13210,1155
31677,1155
17257,1155
20837,1155
36529,1155
32847,1155
15372,1155
26206,1155
17416,1155
26206,1155
36738,1155
38019,1155
10862,1155
28928,1155
30892,1155
21527,1155
9477,1155
13508,1155
34739,1155
18068,1155
39502,1155
39502,1155
13963,1155
8448,1155
8448,1155
32170,1155
36902,1143
19821,1143
15415,1143
12046,1143
32174,1143
28357,1143
10684,1143
28357,1143
21448,1143
20498,1143
10684,1143
15218,1143
22195,1143
22195,1143
31081,1143
17376,1143
7178,1143
39464,1143
39464,1143
23656,1143
19849,1143
17176,1143
31062,1143
19254,1143
8271,1143
38934,1143
31062,1143
19895,1143
17176,1143
5624,1143
6191,1143
21338,1143
29991,1143
31138,1143
15422,1143
32853,1143
16471,1143
31138,1143
6191,1143
4440,1143
13363,1143
7429,1143
21102,1143
488,1077
28206,1077
32114,1077
12053,1077
39955,1077
28810,1077
28810,1077
8844,1077
29707,1077
19116,1077
31001,1077
8844,1077
30299,1077
13413,1077
28713,1077
25674,1077
38114,1077
7622,1077
10813,1077
21775,1077
9122,1077
38034,1077
7833,1077
20146,1077
32675,1077
5651,1077
20146,1077
12219,1077
33948,1077
10216,1077
32792,1077
6059,1077
14324,1077
11362,1077
21837,1077
19974,1077
31270,1077
35841,1077
37745,1077
13814,1077
11968,1077
26251,1077
11968,1077
26251,1077
17256,1077
15100,1077
9391,1077
6420,1077
14489,1077
39685,1077
85,848
16313,848
20344,848
7795,848
2868,848
2920,848
2071,848
14623,848
270,848
23958,848
544,848
12410,848
17822,848
7283,848
16521,848
5500,848
15868,848
361,848
32948,848
2868,848
6744,848
2944,848
3245,848
32948,848
38668,848
11015,848
3528,848
12258,848
7257,848
21843,848
15219,848
25168,848
32948,848
9239,848
20945,848
2330,848
12381,848
16521,848
34628,848
21277,848
11317,848
17857,848
1913,848
10064,848
1673,848
8717,848
9855,848
8287,848
2162,848
2048,848
12138,848
7607,848
30859,848
5134,848
14523,848
36610,848
7607,848
7586,848
14523,848
1940,848
13932,848
32964,848
14099,848
9992,848
17576,848
2370,848
36604,848
33519,848
5987,848
36521,848
20842,848
4204,848
21195,848
9220,848
21195,848
3245,848
12486,848
7283,848
16521,848
1088,848
2297,848
1420,848
34915,848
2071,848
21291,848
23163,848
2361,848
10632,848
6968,848
270,848
38791,848
2684,848
18743,848
33196,848
24967,848
8997,848
1420,848
8717,848
29236,848
25015,848
25015,848
25015,848
25015,848
128,848
25015,848
25015,848
1420,848
25015,848
2071,848
25015,848
25015,848
25015,848
25015,848
25015,848
30635,848
19845,848
32948,848
6146,848
25015,848
8717,848
25015,848
25015,848
17576,848
865,848
25015,848
33864,848
34544,848
25015,848
32948,848
25015,848
4602,848
25848,848
24779,848
24779,848
3009,848
25010,848
5949,1120
5467,1120
7691,1120
1783,1120
10179,1120
23027,1120
34575,1120
1128,1120
23732,1120
10731,1120
7864,1120
3397,1120
17758,1120
13074,1120
3798,1120
15101,1120
13599,1120
10185,1120
30936,1120
30295,1120
1058,1120
6641,1120
19435,1120
39690,1120
26478,1120
34575,1120
12826,990
12533,990
384,990
18071,990
12864,990
33366,990
6008,990
18386,990
18894,990
15150,990
25054,990
8304,990
7669,990
7589,990
12339,990
21453,990
34539,990
22019,990
37051,990
31789,990
580,990
34891,990
34688,990
18015,990
17945,990
5695,990
29856,990
2686,990
14735,990
2452,990
2819,990
24964,990
11137,990
36164,990
20457,990
16427,990
22981,990
33804,990
141,990
14900,990
25372,990
1025,990
15232,990
18685,990
3836,990
21340,990
3816,990
23280,990
37890,990
2053,990
13125,990
4571,990
26248,990
21312,1280
38663,1280
34009,1280
34137,1280
34328,1280
20136,1280
39880,1280
39231,1280
36211,1280
39909,1280
27783,1280
39770,1280
821,1280
36826,1280
39621,1280
34645,1280
31814,1280
38524,1280
39846,1280
38977,1280
1948,1280
8549,1280
36005,1280
39329,1280
36647,1280
16985,1280
38524,1280
38524,1280
38524,1280
34328,1280
27844,1280
27752,1280
33091,1280
27844,1280
29019,1280
532,1280
39264,1280
26547,1280
27322,1280
25409,1280
25323,1280
11413,1280
30360,1280
30590,1280
18485,1280
18081,1280
39751,1280
36693,1280
38915,1280
16868,1280
27719,1280
22298,1280
39475,1280
14822,1280
22487,1280
9981,1280
36535,1280
21266,1280
37516,1292
23525,1292
22541,1292
34074,1292
37516,1292
12313,1292
7919,1292
38900,1292
39784,1292
39593,1292
6514,1292
5869,1292
19492,1292
33966,1292
39879,1292
22258,1292
13723,1292
38227,1292
22541,1292
39879,1292
31087,1292
32030,1292
22541,1292
34141,1292
28082,1292
30341,1292
12066,1292
29592,1292
26633,1292
39593,1292
22541,1292
22541,1292
39523,1292
39338,1292
28601,1292
24945,1292
33003,1292
39734,1292
28236,1292
6945,1292
15368,1292
39523,1292
3405,1292
28601,1292
36312,1292
25317,1292
34042,1292
33175,1292
39734,1292
39077,1292
39663,1292
39678,1292
22315,1292
19676,1292
16307,1292
28037,1292
39386,1292
22763,1292
37525,1292
38641,1292
38766,1292
30423,1292
795,1292
38767,1292
18018,1292
35555,1292
22127,1292
23088,1292
38552,1292
5171,1292
24180,1292
34721,1292
39523,1292
27507,1292
31999,1292
29042,1292
39224,1292
35084,1292
4695,1292
35014,1292
35014,1292
27453,1292
39842,1292
27365,1292
1551,1292
39735,1292
39377,1292
29419,1292
20354,1292
37896,1292
39649,1292
1082,1292
15603,1292
95,1292
27768,1292
12841,1292
38132,1292
3361,1292
19730,1292
8255,1292
30842,1292
21511,1292
34177,1292
37641,1292
39504,1292
39561,1292
32421,1292
33695,1292
39625,1292
39625,1292
38900,1292
23871,853
7691,853
29406,853
30364,853
28681,853
29290,853
32567,853
9791,853
19627,853
27455,853
31739,853
23726,853
15235,853
13872,853
2687,853
1408,853
20305,853
29445,853
34063,853
19371,853
36211,853
34859,853
35983,853
6884,853
38757,853
9792,853
37094,853
21070,853
26713,853
37062,853
21147,853
20458,853
15703,853
20820,853
18436,853
13354,853
24820,853
5256,853
12425,853
37918,853
1946,853
7325,853
38791,853
29137,853
14969,853
34406,853
26839,853
13274,853
14915,853
30528,853
27552,853
24095,853
34185,853
21748,853
808,1162
1836,1162
27058,1162
45,1162
7007,1162
1665,1162
2562,1162
17553,1162
11737,1162
28012,1162
39296,1162
29150,1162
3248,1162
33087,1162
33062,1162
14017,1162
13166,1162
37201,1162
9095,1162
28193,1162
8331,1162
5467,1162
28326,1162
23939,1162
31972,1162
17817,1162
21893,1162
8925,1162
7687,1162
4948,1162
32286,1162
3936,1162
33087,1162
23939,1162
14491,1162
6233,1162
26750,1162
6233,1162
26750,1162
36589,1162
36320,1162
31972,1162
12792,1162
21145,1162
27250,1162
22461,1162
12890,1162
11107,1162
11107,1162
16703,1162
19810,1162
11255,1162
38169,938
25955,938
22984,938
2817,938
3664,938
2622,938
8635,938
11985,938
38153,938
29901,938
38732,938
340,938
12093,938
38011,938
1454,938
34628,938
18080,938
38859,938
25967,938
18432,938
15232,938
12129,938
17643,938
30125,938
11246,938
5629,938
11119,938
20682,938
38757,938
38685,938
33714,938
31163,938
20821,938
32335,938
4359,938
19239,938
34849,938
267,938
32045,938
17643,938
33183,938
17643,938
38685,938
33183,938
36627,938
23490,938
25454,938
3376,1007
27750,1007
18772,1007
4606,1007
37410,1007
34950,1007
17308,1007
16403,1007
24537,1007
24000,1007
1148,1007
19658,1007
11954,1007
16713,1007
36752,1007
12801,1007
37536,1007
9302,1007
16252,1007
33619,1007
30801,1007
23498,1007
34924,1007
15367,1007
657,1007
2426,1007
3765,1007
37793,1007
38884,1007
37483,1007
10493,1007
11898,1007
20770,1007
16515,1007
10998,1007
3054,1007
38394,1007
20702,1007
16780,1007
11297,1007
3982,1007
25414,1007
8894,1007
27029,1007
4759,1007
23680,1007
12978,1007
19378,1007
2874,1007
8219,1007
2332,1007
3889,1007
13594,1007
38693,1007
6991,1007
16103,1007
31531,1007
1146,1007
21020,1007
13189,1007
23841,1007
24077,1007
27438,1007
29223,1007
15392,1007
6055,1007
36246,1007
30393,1007
33388,1007
18520,1007
5100,1007
16908,1007
17453,1007
16265,1007
17709,1007
12570,1007
4628,1007
3476,1007
24157,1007
16933,1007
1743,1007
10602,1007
31875,1007
36521,1007
24523,1007
13972,1007
5770,1007
23252,1007
13270,1007
553,1007
30120,1007
28802,1007
9156,1007
13442,1007
6613,1007
29540,1007
3078,1007
15798,1007
17766,1007
30883,1007
11617,1007
18262,1007
20038,1007
25661,1007
38775,1007
16324,1007
7500,1007
17698,1007
30469,1007
38158,1007
37691,1007
13560,1007
5268,1007
20177,1007
11587,1007
10970,1007
14886,1007
33786,1007
6114,1007
4215,1007
21829,1007
17261,1007
18644,1007
25265,1007
11829,1007
32682,1007
15586,1007
38927,1007
10354,1007
5207,1007
22691,1007
36219,1007
3283,1007
3676,1007
23973,1007
3283,1007
14234,1007
25193,1007
14965,1007
14479,1007
26151,1007
3009,1007
38966,1007
30985,1007
30031,1007
19477,1007
8584,1007
13328,1007
10376,1007
16448,1007
38965,1007
13919,1007
19149,1007
28322,1007
35326,1007
23914,1007
28288,1007
17597,1007
29768,1007
13117,1007
2455,1007
19105,1007
37258,1007
14055,1007
18647,1007
26308,1007
21402,1007
21248,1007
2426,1007
34118,1007
21402,1007
15679,1007
13146,1007
26492,1007
17161,1007
26218,1007
18504,1007
26290,1007
26616,1007
14458,1007
5955,1007
24032,1007
17784,1007
15221,1007
32454,1007
21729,597
3580,597
29669,597
26927,597
5272,597
38263,597
12168,597
16237,597
4682,597
1148,597
4342,597
19496,597
27887,597
29802,597
13045,597
2461,597
14983,597
24154,597
16258,597
33324,597
18304,597
33861,597
4317,597
21335,597
11086,597
131,597
25622,597
36971,597
16913,597
2035,597
28710,597
31267,597
28116,597
15611,597
10416,597
9175,597
6425,597
2091,597
6956,597
19206,597
8635,597
18346,597
16518,597
30810,597
1727,597
15238,597
1777,597
10842,597
4476,597
24172,597
36394,597
35576,597
27993,597
10747,597
24763,597
10183,597
7836,597
16039,597
2465,597
4342,597
9459,597
8078,597
2845,597
9060,597
22280,597
29763,597
2462,597
17894,597
617,597
17084,597
32295,597
24763,597
4623,597
26692,597
28672,597
23987,597
12743,597
35424,597
27672,597
18295,597
25364,597
3264,597
30692,597
36115,597
7308,597
25065,597
13616,597
32982,597
462,597
26165,597
26159,597
8144,597
23478,597
24350,597
37606,597
39841,1281
19275,1281
28218,1281
39368,1281
35088,1281
29850,1281
9981,1281
8330,1281
34289,1281
20011,1281
17741,1281
31354,1281
22529,1281
27973,1281
21609,1281
28818,1281
17939,1281
37474,1281
38228,1281
12617,1281
26679,1281
31501,1281
7925,1281
30066,1281
39421,1281
39853,1281
37683,1281
24861,1281
27322,1281
25409,1281
7332,1281
39408,1281
23971,1281
3145,1281
11124,1281
28169,1281
39621,1281
39913,1281
38077,1281
39329,1281
10522,1281
39709,1281
30082,1281
30765,1281
27653,1281
37504,1281
37657,1281
21266,1281
34517,1281
25089,1281
38395,1281
30590,1281
12334,1281
33387,1281
30934,1281
16676,1281
32766,1281
39231,1281
20954,1281
17721,1281
18731,1281
29761,1281
16804,1279
16804,1279
18958,1279
39478,1279
37412,1279
11800,1279
18923,1279
34324,1279
11426,1279
8039,1279
19437,1279
29827,1279
3924,1279
4389,1279
10764,1279
7420,1279
26833,1279
29827,1279
12113,1279
34227,1279
12596,1279
19643,1279
21306,1279
27579,1279
27579,1279
34072,1279
12487,1279
17133,1279
30334,1279
37363,1279
22009,1279
4073,1279
30892,1279
33511,1279
23584,1279
21501,1279
21501,1279
33936,1279
10145,1279
15631,1279
15631,1279
14018,1279
39197,1279
28619,1279
19173,1279
4373,1279
17454,1279
15483,1279
19442,1279
7022,1279
21545,1279
10906,1279
2783,1279
32997,1279
20015,1279
12276,1279
37036,1279
14501,1279
12305,1279
20140,1279
24592,1279
13453,1279
32361,1279
17454,1279
9858,1279
27404,1279
32997,1279
13127,1279
10691,1279
23488,1279
39246,1279
5286,1279
34006,1279
14032,1279
35611,1279
33939,1279
35433,1279
33939,1279
22439,1279
32952,1279
24548,1279
20854,1279
16278,1279
20398,1279
14871,1279
8228,1279
10576,1279
10576,1279
14871,1279
1008,1279
1008,1279
33713,1279
1008,1279
1008,1279
33713,1279
38820,1279
38820,1279
1008,1279
12004,1279
37576,1279
37956,1279
21508,1279
35433,1279
39286,1279
35098,1279
4983,1279
39790,1279
9305,1279
5624,1279
39790,1279
9418,1279
20837,1279
39773,1279
83,1279
25983,1279
3855,1279
8876,1279
26786,1279
29067,1279
29067,1279
37285,1279
1771,1279
1425,1279
1425,1279
9197,1279
8432,1279
13508,1279
29229,1279
9591,1279
36726,1279
12970,1279
27701,1279
38214,1279
35319,1279
35575,1279
5501,1279
9072,1279
25850,1279
32004,1279
52,1100
9489,1100
39540,1100
36633,1100
28462,1100
39350,1100
39254,1100
35235,1100
38111,1100
7454,1100
29602,1100
1740,1100
31532,1100
9448,1100
32041,1100
30897,1100
26120,1100
32041,1100
27279,1100
39598,1100
25124,1100
20156,1100
16848,1100
34171,1100
2345,1100
37552,1100
30208,1100
17657,1100
10245,1100
39291,1100
19884,1100
7595,1100
3771,1100
16098,1100
894,1100
26789,1100
20077,1100
28942,1100
7954,1100
6581,1100
33873,1100
7442,1100
3771,1100
26426,1100
8909,1100
39427,1100
39484,1100
39484,1100
5387,1100
20722,1100
2896,1100
28871,1100
38790,1100
18019,1100
23982,1100
3771,1100
1794,1100
22933,1100
11732,1100
22933,1100
5387,1100
24357,1100
24073,1100
17154,1100
27775,1100
23679,1100
23746,1100
35150,1100
27284,1100
2270,1100
3111,1100
27284,1100
39498,1100
16503,1100
26888,1100
39520,1100
663,1100
23174,1100
9512,1100
6829,1100
39686,1100
15434,1100
15032,1100
39402,1100
4556,1100
8263,1100
28561,1100
26782,1100
689,1100
34621,1100
15423,1100
2640,1100
5949,1100
27935,1100
30677,1100
33749,1100
23679,1100
39254,1100
32031,1100
27722,1100
25963,1100
11809,1100
22466,1100
32031,1100
12488,1100
12488,1100
16063,1100
16063,1100
25963,1100
5974,1100
26120,1100
34494,1100
1825,1100
34494,1100
30372,1100
2367,1100
30372,1100
39187,1100
15431,1100
39187,1100
37445,1100
37445,1100
16781,1100
18441,1100
27505,1100
39550,1100
39550,1100
29165,1100
32809,1100
13163,1100
10627,1100
13163,1100
26374,1100
36807,1100
36854,1100
39454,1100
37790,1100
32041,1100
32041,1100
34480,1100
18441,1100
32004,1100
35909,1100
39463,1100
39463,1100
39468,1100
39468,1100
3643,1288
8020,1288
26195,1288
1906,1288
32648,1288
7926,1288
31073,1288
39880,1288
38734,1288
20053,1288
34327,1288
3528,1288
23732,1288
8453,1288
25450,1288
39325,1288
28903,1288
27882,1288
2289,1288
35164,1288
24718,1288
7046,1288
30057,1288
30057,1288
27985,1288
23091,1288
26938,1288
28560,1288
36211,1288
33387,1288
34309,1288
17369,1288
30934,1288
39811,1288
32283,1288
31239,1288
22720,1288
3095,1288
24173,1288
32927,1288
39751,1288
20356,1288
22395,1288
12729,1288
4577,1288
16631,1288
36011,1288
34904,1288
28036,1288
4503,1288
1047,1288
29850,1288
15395,1288
33774,1288
36717,1288
18081,1288
22535,1288
19504,1288
39264,1288
38977,1288
15924,1288
11596,1288
6019,1288
14021,1288
28758,1288
28758,1288
38697,1288
1993,1288
20954,1288
39328,1288
39108,1288
14255,1288
14903,1288
38041,1288
28218,1288
12687,1288
23328,1288
30399,1288
34238,1288
3131,1288
15245,1288
10560,1288
39609,1288
30399,1288
23315,1288
9373,1288
38891,1288
32790,1288
38833,1288
2512,1288
4690,618
21271,618
11772,618
24539,618
22838,618
3955,618
5698,618
7820,618
9159,618
13003,618
22633,618
9900,618
1538,618
32801,618
26165,618
21576,618
24340,618
8484,618
22354,618
10701,618
37289,618
32593,618
37289,618
14635,618
25285,618
2144,618
10658,618
13396,618
18190,618
8454,618
8454,618
37246,618
6717,618
22665,618
37152,618
2013,618
2942,618
35604,618
3616,840
6464,840
2562,840
15452,840
13862,840
26532,840
10496,840
34427,840
28917,840
30063,840
9285,840
38499,840
34323,840
33020,840
26302,840
19816,840
12304,840
9465,840
12813,840
3155,840
20412,840
14980,840
7961,840
7062,840
8810,840
9997,840
24471,840
28897,840
27298,840
4715,840
2079,840
9997,840
26532,840
29802,840
10445,840
4350,840
6484,840
4462,840
11353,840
19623,840
21291,840
26673,840
586,840
23519,840
16718,840
23759,840
32770,840
24034,840
30476,840
31965,840
4333,840
17044,840
19571,840
9107,840
12232,840
21707,840
27445,840
31704,840
321,840
239,840
17713,840
38650,840
31291,840
34217,840
19199,840
18743,840
8657,840
34243,840
32792,840
30476,840
8606,840
3306,840
7312,840
23252,840
26936,840
7684,840
9855,840
2435,840
11452,840
23434,840
38638,840
10560,840
8561,840
16577,840
32399,840
4602,840
17956,840
24124,840
4462,840
36402,840
20786,840
20593,840
23565,840
28349,840
18353,840
6913,840
19610,840
25540,840
32377,840
4506,840
8215,840
5708,536
2040,536
22818,536
13233,536
14529,536
21952,536
35420,536
15781,536
18528,536
16043,536
38604,536
24040,536
28427,536
26288,536
7205,536
12503,536
2939,536
5510,536
17435,536
12467,536
3520,536
26056,536
15029,536
2169,536
12949,536
30786,536
25593,536
3463,536
26757,536
17665,536
7225,536
31096,536
15611,536
18294,536
23356,536
3459,536
33785,536
14535,536
17352,536
9971,536
21707,536
21110,536
34998,536
27453,536
17649,536
8801,536
38205,536
1396,536
26104,536
1944,536
2316,536
10835,536
17829,536
25372,536
18339,536
37696,536
24016,536
27772,536
8647,536
12310,536
6186,536
8848,536
8731,536
31676,536
23280,536
2881,855
21283,855
3402,855
35703,855
37406,855
4617,855
33528,855
26123,855
11141,855
4178,855
35983,855
954,855
37523,855
34201,855
7539,855
13598,855
18426,855
985,855
9615,855
32840,855
30923,855
19955,855
4962,855
23161,855
8643,855
37516,855
23185,855
11092,831
19199,831
10496,831
17326,831
5364,831
9187,831
25164,831
14818,831
17022,831
29264,831
36854,831
4088,831
34628,831
31075,831
7178,831
29802,831
36334,831
15219,831
3037,831
10445,831
36486,831
24034,831
24673,831
8534,831
6617,831
5674,831
34427,831
20718,831
19330,831
23905,831
15813,831
13859,831
11069,831
22052,831
15813,831
11041,831
22329,831
28386,831
34346,831
21443,831
15630,831
549,831
21687,831
14115,831
38650,831
30063,831
34744,831
8215,831
38851,1086
14397,1086
35189,1086
29622,1086
33052,1086
23739,1086
36726,1086
37294,1086
32938,1086
30982,1086
24346,1086
34588,1086
33443,1086
33082,1086
25735,1086
28886,1086
27533,1086
31116,1086
38452,1086
29165,1086
37235,1086
8560,1086
36460,1086
34111,1086
5009,1086
15820,1086
5009,1086
1498,1086
31828,1086
34025,1086
1261,1086
1261,1086
2976,1086
18902,1086
18902,1086
19722,1086
30936,1086
33181,1086
1403,1086
1416,1086
7658,1086
32918,1086
39855,1245
38261,1245
11096,1245
12747,1245
12747,1245
31498,1245
28548,1245
25235,1245
26873,1245
2345,1245
10753,843
891,843
26623,843
38777,843
10064,843
19470,843
792,843
3009,843
38757,843
38818,843
438,843
23216,843
414,843
7649,843
23260,843
489,843
13401,843
489,843
15868,843
4848,843
10629,843
1968,843
12258,843
36610,843
6337,843
11053,843
22832,843
1116,843
1088,843
1606,843
30280,843
17817,843
11706,843
1853,843
2241,843
6646,843
3947,843
36604,843
5338,843
10747,843
33874,843
5701,843
128,843
9702,843
698,843
10183,843
31289,843
256,843
21123,843
2758,843
642,843
17007,843
5070,843
2326,843
22343,843
34822,843
20713,843
34642,843
3048,843
15625,843
3387,843
2058,1102
15640,1102
36843,1102
16602,1102
18545,1102
37201,1102
18371,1102
38273,1102
16212,1102
37034,1102
23887,1102
1756,1102
13054,1102
11343,1102
34081,1102
9489,1102
34090,1102
22039,1102
39466,1102
4110,1102
1891,1102
28410,1102
5548,1102
699,1102
1496,1102
4770,1102
10227,1102
15077,1102
26766,1102
13755,1102
10543,1102
4387,1102
29837,1102
15865,1102
29899,1102
6145,1102
374,1102
3664,1102
3546,1102
22916,1102
5550,1102
21452,1102
23010,1102
2870,1102
34090,1102
34518,1102
39261,1102
22039,1102
27252,1102
25595,1102
26969,1102
14444,1102
17777,1102
39342,1102
15238,1102
39111,1102
39693,1102
25412,1102
18012,1102
39111,1102
11637,1102
20400,1102
22039,1102
4659,1102
29899,1102
39693,1102
39178,1102
7087,1102
39693,1102
3349,1102
8673,1102
12529,1102
2009,1102
31764,1102
29347,1102
2932,1102
18715,1102
22937,1102
33163,1102
11972,1102
25189,1102
5467,1102
9466,1102
38639,1102
30127,1102
3750,1102
31172,1102
33394,1102
36469,1102
23252,851
4536,851
29669,851
887,851
9618,851
907,851
2779,851
35045,851
32773,851
11282,851
6518,851
8103,851
22089,851
29182,851
26264,851
20437,851
1683,851
17517,851
613,851
6991,851
34302,851
5578,851
26751,851
8611,851
10629,851
9971,851
26896,851
15812,851
36158,851
5696,851
20708,851
25810,851
778,851
37370,851
31117,851
37451,851
26896,851
34432,851
6760,851
15891,851
16774,851
1511,1159
13422,1159
14119,1159
13343,1159
6339,1159
38464,1159
34440,1159
15439,1159
38939,1159
11426,1159
21546,1159
39456,1159
39418,1159
32339,1159
1237,1159
34269,1159
4914,1159
28458,1159
26551,1159
9637,1159
12190,1159
13181,1159
27146,1159
28397,1159
23665,1159
19486,1159
2903,1159
10706,1159
27343,1159
8243,1159
4425,1159
194,1159
14016,1159
2841,1159
26696,1159
1309,1159
7622,1159
5731,1159
12054,1159
4083,1159
6632,1159
3449,1159
10679,1159
18277,1159
4811,1159
11994,1159
30725,1159
37272,1159
3675,1159
4221,1159
7429,1159
36773,1159
28396,1159
13215,1159
4665,1159
6654,1159
8496,1159
12004,1159
11800,1159
3161,1159
10886,1159
13693,1159
22634,1159
16831,1159
27019,1159
11417,1159
7787,1159
12945,1159
4797,1159
36017,1159
1154,1159
3440,1159
23901,1159
28068,1159
17764,1159
22605,1159
32630,1159
23486,1159
31129,1159
7575,1159
4898,1159
33150,1159
4663,1159
4663,1159
21232,1159
29245,1159
20688,1159
26250,1159
3577,1159
9881,1159
10037,1159
15683,1159
26569,1159
17481,1159
17308,1159
30923,1159
30050,1159
22775,1159
12192,1159
24850,1159
16528,1159
29770,1159
35729,1159
5499,1159
8277,1159
8277,1159
27565,1159
9073,1159
26222,1159
38731,1159
35983,1159
4151,1159
35882,1159
35853,1159
15985,1159
2256,1159
32243,1159
2783,1159
4914,1159
30468,1159
13985,1159
27416,1159
733,1159
21371,1159
4343,1159
12529,1159
28535,1159
1975,1159
38623,1159
2370,1159
7968,1159
34999,1159
23986,1159
2052,1159
13338,1159
19802,1159
2362,1159
9421,1159
39258,1159
6832,1219
15219,1219
39100,1219
12890,1219
68,1219
39623,1219
39602,1219
39588,1219
20548,1219
29752,1219
703,1219
14808,1219
31402,1219
26391,1219
33470,1219
32121,1219
7085,1219
6458,1219
15795,1219
2786,1219
26806,1219
587,1219
39304,1219
20873,1219
37344,1219
1473,1219
31813,1219
16887,1219
39716,1219
20224,1219
6565,1219
19753,1219
9066,1219
1183,1219
13755,1219
260,1219
15676,1219
39359,1219
9208,1219
8544,1219
26496,1219
27606,1219
39507,1219
9920,1219
5701,1219
29552,1219
35007,1219
4786,1219
9870,1219
12913,1219
39566,1219
9606,1219
39731,1219
5716,1219
39147,1219
30250,1219
37110,1219
37159,946
32814,946
30431,946
1439,946
6457,946
13097,946
18076,946
37674,946
14746,946
12148,946
3726,946
23240,946
12179,946
9461,946
21881,946
2157,946
7115,946
10145,946
2427,946
16136,946
29752,946
4223,946
19938,946
27237,946
36631,946
15538,946
22302,946
951,946
32788,946
30624,946
6613,946
32698,946
18613,946
26840,946
17233,946
5724,946
38771,946
14940,946
15385,946
37034,946
38012,946
38630,946
4335,946
6658,946
25123,946
25199,946
28725,946
7512,946
14631,946
8763,946
1834,946
26908,946
24010,946
31911,946
11661,946
1574,946
13460,946
33263,946
24813,946
29435,946
4126,946
38800,1145
4521,1145
38800,1145
39452,1145
13263,1145
30867,1145
13263,1145
31745,1145
27712,935
7697,935
14028,935
35574,935
11294,935
15136,935
29901,935
36866,935
26885,935
20765,935
19754,935
38757,935
8182,935
15386,935
11046,935
29716,935
15160,935
31783,935
8486,935
36521,935
815,935
37069,935
33786,935
20821,935
32978,935
12093,935
25077,935
14505,935
19402,935
22031,935
8799,1233
36741,1233
17514,1233
2923,1233
33707,1233
34537,1233
30108,1233
15875,1233
9066,1233
16588,1233
23711,1233
5201,1233
29149,1233
25155,1233
2607,1233
19797,1233
22956,1233
22956,1233
28906,1233
34342,1233
12487,1233
39864,1233
39864,1233
16746,1233
13335,1233
28333,1233
9492,1233
2607,1233
17427,1233
17427,1233
4081,1233
33328,1233
28851,1233
2923,1233
7816,1233
16219,1233
9736,1233
35726,1233
23610,1233
36854,1233
8867,1233
30295,1233
429,1233
925,1287
11463,1287
285,1287
36101,1287
1700,1287
13409,1287
7271,1287
34,1287
7194,1287
2814,1287
866,1287
866,1287
8773,1287
20850,1287
29,1287
34281,1287
27054,1287
1210,1287
2797,1287
38489,1287
39860,1287
9024,1287
33769,1287
9024,1287
2162,1287
3633,1287
8738,1287
11102,1287
16858,1287
750,1287
4625,1287
224,1287
5494,1287
20503,1287
28922,1287
9711,1287
3926,1287
12688,1287
4957,1287
18620,1287
139,1287
33901,1287
30704,1287
28394,1287
9664,1287
4357,1287
3387,1287
8602,1287
3063,1287
30283,1287
2708,1287
25274,1287
3242,1287
9965,1287
84,1287
84,1287
6484,1287
29459,1287
23982,1287
1159,1287
39838,1287
16740,1287
61,1287
17998,1287
7961,542
14771,542
21741,542
38334,542
7402,542
9106,542
2673,542
15787,542
20708,542
17572,542
26310,542
23523,542
24471,542
8137,542
29327,542
7972,542
23852,542
17129,542
3459,542
32246,542
34528,542
21565,542
23863,542
3343,542
31989,542
36583,542
24581,542
15052,542
3853,542
5210,542
9340,542
36450,542
30169,542
29252,542
12566,542
28725,542
34323,542
24672,542
18612,542
20364,542
8215,542
7312,542
2089,542
38882,1088
32305,1088
34531,1088
28480,1088
18532,1088
19251,1088
24686,1088
29365,1088
7339,1088
31146,1088
39191,1088
29728,1088
35174,1088
37025,1088
37031,1088
27336,1088
28122,1294
5661,1294
2773,1294
23020,1294
16900,1294
1990,1294
39849,1294
3329,1294
10217,1294
39849,1294
7992,1294
17634,1294
19083,1294
39849,1294
38280,1294
3810,1294
22095,1294
26215,1294
10140,1294
36842,1294
32404,1294
3538,1294
23785,1294
31407,1294
18488,1294
3764,1294
30510,1294
15115,1294
4057,1294
6260,1294
5599,1294
11966,1294
39147,1294
18878,1294
12205,1294
18099,1294
19374,1294
34853,1294
29773,1294
17913,1294
14440,1294
29952,1294
24678,1294
30725,1294
16088,1294
9975,1294
15521,1294
1177,1294
17803,1294
9809,1294
1461,1294
21153,1294
28036,1294
22256,1294
6505,1294
8989,1294
2884,1294
35964,1294
14547,1294
823,1294
36372,1294
39312,1294
5501,1294
26931,1294
6026,1294
19793,1294
35295,1294
21821,1294
20450,1294
8057,1294
33944,1294
693,1294
5739,1294
37264,1294
36701,1294
760,1294
13242,1294
23823,1294
38469,1294
3724,1294
27355,1294
34925,1294
8753,1294
18593,1294
14089,1294
23409,1294
25155,1294
37015,1294
587,1294
14089,1294
33481,1294
35239,1294
22768,1294
1948,1294
28397,1294
39604,1294
39604,1294
17447,1294
30186,1294
2718,1294
2081,1294
28358,1294
17951,1294
29906,1294
12946,1294
32653,1294
5613,1294
4535,1294
34492,1294
22328,1294
9062,1294
21896,1294
9970,1294
39736,1294
28411,1294
15117,1294
23818,1294
28769,1294
27842,1294
8606,1294
14884,1294
27363,1294
39909,1294
11029,1294
11550,1294
27565,1294
688,1294
26671,1294
28742,1294
8361,1294
35915,1294
28058,1294
26295,1294
28045,1294
718,1294
24891,1294
28693,1294
16835,1294
5529,1294
38527,1294
21921,1294
39271,1294
14866,1294
24007,1294
30283,1294
30748,1294
14104,1294
30837,1294
30480,1294
32797,1294
26919,1294
2412,1294
13705,1294
25775,1294
12088,1294
1825,1294
37118,1294
38400,1294
31918,1294
10273,1294
20664,1294
3557,1294
1882,1294
29761,1294
31831,1294
3684,1294
32356,1294
21281,1294
7575,1294
12720,1294
38103,1294
10448,1294
27113,1294
19247,1294
16126,1294
7905,1294
5995,1294
668,1294
7958,1294
30818,1294
5872,1294
24294,1294
30928,1294
30818,1294
24294,1294
32283,1294
38975,1294
21232,1294
1439,1294
14904,1294
14031,1294
17016,1294
1351,1294
29379,1294
22746,1294
5194,1294
10432,1294
30299,1294
13517,1294
21933,1294
27716,1294
22790,1294
35364,1294
35712,1294
1133,1294
962,1294
16510,1294
3166,1294
4420,1294
27619,1294
27747,1294
2136,1294
3695,1294
21658,1294
14683,1294
6371,1294
4594,1294
10912,1294
38227,1294
4675,1294
6147,1294
5002,1294
29252,1294
22696,1294
21722,1294
18328,1294
30598,1294
20166,1294
37881,1294
7032,1294
33852,1294
32766,1294
18317,1294
2864,1294
435,1294
5556,1294
29205,1294
24456,1294
6510,1294
7272,1294
24870,1294
24870,1294
39859,1294
39859,1294
33355,1294
14701,1294
24688,1294
24415,1294
23148,1294
30858,1294
31320,1294
14244,1294
20492,1294
20492,1294
392,1294
392,1294
3854,1294
5218,1294
9583,1294
1831,1294
16937,1294
1366,1294
1366,1294
28577,1294
38971,1294
14585,1294
1366,1294
2666,1294
39390,1294
13101,1294
39259,1294
35025,1294
22535,1294
39394,1294
21710,1294
28560,1294
28292,1294
7566,1294
9867,1294
11266,1294
39586,1294
15513,1294
39634,1294
29954,1294
36647,1294
25271,1294
15245,1294
27953,1294
37391,1294
5632,1294
35908,1294
28012,1294
11641,1294
35089,1294
28646,1294
39605,1294
26547,1294
39415,1294
15924,1294
21111,1294
5315,1294
10369,1294
25324,1294
28122,1294
21915,1294
22205,1294
31964,1294
37292,1294
9811,1294
11665,1294
26690,1294
17527,1294
30983,1294
11778,1294
39189,1294
37744,1294
39411,1294
39565,1294
12488,1294
33484,1294
23569,994
23712,994
23623,994
35343,994
36024,994
6478,994
384,994
18015,994
34891,994
17994,994
227,994
32142,994
5916,994
36699,994
20108,994
9151,994
1266,994
12339,994
8735,994
30398,994
13640,994
30226,994
14511,994
2819,994
19627,994
25952,994
19246,994
25952,994
25765,994
30811,994
11555,994
36334,994
9550,994
24185,994
22507,994
31020,994
35585,994
10677,994
387,994
19239,994
2539,994
25599,994
2625,994
15958,994
185,994
5532,994
29898,994
6647,994
27445,994
7589,994
26627,994
22362,994
1864,994
7038,994
9361,994
27899,994
18688,994
36974,994
7675,994
24171,994
11602,1180
1046,1180
21291,1180
38794,1180
4,1180
3753,1180
34313,1180
9334,1180
813,1180
34338,1180
39578,1180
39325,1180
2033,1180
37808,1180
1279,1180
3664,1180
38044,1180
12031,1180
7888,1180
39579,1180
5814,1180
31124,1180
9670,1180
26557,1180
37494,1180
39055,1180
5814,1180
37494,1180
15510,1180
1612,1180
19687,1180
33395,1180
24820,1180
19687,1180
32545,1180
38755,1180
7294,1180
39743,1180
36212,1180
19344,1180
19687,1180
27526,1180
33394,1180
36471,1180
39555,1180
39555,1180
1730,1180
1730,1180
1805,1180
34630,1180
27009,1180
27138,1180
19752,1180
16887,1180
12108,1180
39444,1180
3384,1180
23493,1180
5814,1180
15501,1180
17167,617
20337,617
35248,617
38082,617
38082,617
38082,617
38082,617
19253,617
2648,617
8817,617
4012,617
23978,617
7994,617
10474,617
34332,617
20239,617
26440,617
19201,617
21852,617
10793,617
28452,617
30135,617
5938,617
3056,617
4227,617
5024,617
30451,617
4690,617
14099,617
5428,617
7820,617
2238,617
11772,617
31096,617
21262,617
3463,617
19313,617
4282,617
15858,617
28103,617
1588,617
21242,617
21576,617
19806,617
7287,617
14486,617
3647,617
21120,617
6760,617
38082,617
24123,617
9990,617
13003,617
29333,617
34721,617
36640,617
28694,617
11582,617
37704,617
13293,617
36534,617
3411,617
36512,617
17968,617
29690,617
32246,617
3955,617
22463,617
12427,617
14241,617
30577,617
29457,617
2743,617
38334,617
37871,617
11126,617
15168,617
16282,617
31810,617
10247,617
21996,617
23887,617
34401,617
17498,617
17879,617
33698,617
12782,617
29802,617
36866,617
9470,617
22082,617
28046,617
18331,617
36505,617
19005,617
34184,617
23917,617
27632,617
35424,617
8787,617
15606,617
4029,617
1763,617
272,617
37425,617
3329,617
35603,617
22354,617
23569,617
32850,617
17001,617
29549,617
31768,617
3723,617
27162,617
16325,617
8613,617
1123,617
34712,617
16783,617
29182,617
37787,617
28846,617
26165,617
37023,617
23685,617
36521,617
34321,617
4992,617
34558,617
131,617
10701,617
15052,617
5838,617
14021,617
26412,617
24171,617
22703,617
16034,617
13665,617
33490,617
21497,617
22467,617
113,617
9126,617
9859,617
4496,617
6475,617
26128,617
23336,617
26493,617
16982,617
29461,617
4745,617
10875,617
29189,617
11030,617
27445,617
18246,617
24527,617
5631,617
12671,617
13420,617
26195,617
13396,617
10997,617
38481,617
25449,617
31529,617
7146,617
38158,617
16948,617
21393,617
6301,617
38082,617
6043,617
29310,617
8381,617
3774,617
29346,617
33418,617
33094,617
5210,617
4644,617
16951,617
10707,617
29580,617
38431,617
34388,617
12310,617
34267,617
24973,617
17025,617
933,617
4568,617
6600,617
30934,617
22512,617
9676,617
2548,617
29543,617
11998,617
31683,617
3544,617
8257,617
20704,617
3261,617
12016,617
13616,617
11525,617
21991,617
8883,617
24471,617
31241,617
23476,617
18273,617
37152,617
19139,617
36234,617
33857,617
896,617
1583,617
25298,617
4960,617
38082,617
13640,617
14064,617
34302,617
7628,617
18386,617
2757,617
2033,617
7864,617
34081,617
28751,617
2740,617
2740,617
38082,617
2740,617
21576,617
11389,1265
633,1265
33394,1265
29663,1265
15741,1265
29981,1265
30437,1140
33225,1140
34672,1140
7912,1140
30867,1140
33679,1140
11671,1140
22624,1140
19029,1140
22070,1140
36192,1140
36102,1140
23517,1140
7747,1140
20364,1140
27071,1140
23894,1140
23881,1140
26195,1140
31075,1140
32747,1140
4249,1140
31403,1140
19029,1140
34732,1140
32712,1140
8582,1140
38637,1140
25200,1140
14985,1140
6024,1140
30366,1140
22112,1140
22070,1140
27140,1140
32975,1140
31690,1140
24808,1140
34382,1140
38601,1140
31576,1140
38626,1140
21961,1140
33030,1140
23150,1140
38361,1140
26102,1140
18395,1140
25002,1140
35558,1140
17780,1140
32399,1140
26517,1140
22783,1140
22874,1140
20498,1140
26947,1140
26947,1140
21961,1140
23207,1140
29664,1140
24240,1140
26877,1140
29441,1140
25944,1140
29357,1140
4962,1140
25285,1140
28234,1140
10741,1140
23894,1140
38185,1140
36359,1140
35302,1140
27185,1140
33480,1140
24131,1140
38822,1140
30520,1140
37512,1140
37364,1140
9359,1140
36714,1140
31669,1140
29483,1140
39701,1140
6891,1140
39088,1140
21741,1140
39673,1140
39521,1140
30019,1140
18989,1140
26655,1140
26655,1140
36138,1140
38491,1140
24834,1140
17851,1140
2144,1140
27094,1140
20354,1140
20085,1140
39527,1140
38618,1140
31309,1140
33088,1140
2686,1091
20922,1091
24672,1091
28898,1091
15262,1091
2277,1091
7473,1091
29854,1091
4106,1091
14143,1091
1752,1091
3643,1091
31706,1091
3958,1091
21786,1091
39100,1091
31994,1091
12435,1091
25989,1091
3654,1091
32018,1091
15905,1091
7912,1091
10813,1091
38841,1091
38750,1091
97,1091
33049,1091
519,1091
17257,1091
4497,1091
11359,1091
12079,1091
286,1091
662,1091
10103,1091
6916,1091
36050,1091
3413,1091
19308,1091
10698,1091
4516,1091
18527,1091
1803,1091
22493,1091
26045,1091
3493,1091
5961,1091
3828,1091
2797,1091
26440,1091
18019,1091
14292,1091
22524,1091
39398,1091
10114,1091
20494,1091
275,1091
15819,1091
12262,1091
3511,1091
23475,1091
30948,1091
715,1091
19397,1091
27332,1091
7089,1091
3544,1091
16253,1091
395,1091
3009,1091
13226,1091
147,1091
23236,1091
596,1091
26671,1091
20405,1091
26407,1091
3653,1091
13490,1091
15416,1091
23831,1091
17968,1091
4275,1091
39608,1091
39608,1091
10324,1091
17982,984
35751,984
38884,984
10275,984
15318,984
33366,984
21893,984
13640,984
35813,984
6580,984
38812,984
1309,984
34834,984
38394,984
13165,984
20446,984
8538,984
8838,984
13125,984
29033,984
25054,984
14808,984
31030,984
33808,984
7767,984
14214,984
17789,984
1592,984
32964,984
11129,984
7928,984
8306,984
13097,984
12822,984
8525,984
5377,984
34759,984
37680,984
34647,984
34902,984
13567,984
34794,984
22512,984
5030,984
28116,984
5153,984
29830,984
22920,984
14007,984
19371,984
17964,984
35924,984
10652,984
16700,984
14969,984
10612,984
9334,984
19080,984
30226,984
10243,984
11246,984
19813,984
38153,984
33804,984
9156,984
22920,984
16564,984
15150,984
34276,984
28931,984
32379,984
36521,984
3464,984
32280,984
17921,984
37871,984
33624,984
7737,984
27646,984
18767,984
38893,984
14631,984
22992,984
16276,984
25696,984
38793,984
34731,984
29898,984
23778,984
14746,984
25797,984
4514,984
11032,984
16196,984
34213,984
34628,984
2666,984
33519,984
23474,984
20921,984
24986,984
33592,984
25182,984
24622,984
23317,984
25927,984
31636,984
37344,984
20633,984
15019,984
15604,984
12333,984
10636,984
12161,984
14237,984
22552,984
12765,984
33461,984
1915,984
13690,984
24204,984
13049,984
9550,984
12937,984
36649,984
17828,984
21453,984
29224,984
20500,984
14409,984
9119,984
29504,984
6620,984
38588,984
1857,984
29751,984
1524,984
22043,984
11725,984
12323,984
3349,984
11592,984
38083,984
3201,984
2362,984
4871,984
37157,984
11557,984
14900,984
10198,984
3784,984
10844,984
27009,984
28374,984
28482,984
34972,984
35911,984
31990,984
30957,984
7547,984
3621,984
32894,984
25836,984
16347,984
1010,1147
38529,1147
2163,1147
10428,1147
7474,1147
29503,1147
2067,1147
23867,1147
28500,1147
9929,1147
24364,1147
8379,1147
28157,1147
21031,1147
27794,1147
31508,1147
31508,1147
24480,1147
38207,1147
24480,1147
38207,1147
34551,1147
13776,1147
17068,1147
23808,1147
21702,1147
26421,1147
29307,1147
3818,1147
21071,1147
32593,1147
577,1147
1683,1147
21838,1147
2120,1147
3740,1147
39183,1147
39447,1147
21628,1147
10658,1147
34112,1147
2358,1147
39288,1147
2899,1147
27522,1147
37092,1147
16136,1147
37092,1147
31481,1147
25423,1147
39452,1147
7557,1147
10741,1147
23588,1147
16221,1147
26751,1147
2228,1147
36727,1147
36727,1147
39225,1147
36727,1147
38923,1147
3463,1147
36727,1147
2639,1147
31987,1147
38200,1147
28972,1147
2185,1147
38742,1147
1522,1147
9906,1147
1555,1147
31417,1147
2338,1147
39245,1147
5941,1147
1632,1147
6024,1147
14697,1147
800,1147
27519,1147
26307,1147
7858,1147
2142,1147
22354,1147
17407,1147
30932,1147
35955,1147
37525,1147
10802,1147
34141,1147
25356,1147
9462,1147
38130,1147
22669,1147
38220,1147
2196,1147
6125,1147
27675,1147
3394,1147
963,1147
3084,1147
28988,1147
28988,1147
34131,1147
5918,1147
25425,1147
4441,1147
13017,1147
10074,1147
29433,1147
29027,1147
38025,1147
31927,1147
35982,1147
31716,1147
29255,1147
1564,1147
35526,1147
10119,1147
18662,1147
25676,1147
29109,1147
23011,1147
29297,1147
272,1147
22320,1147
433,1147
3554,1147
33567,1147
25270,1147
9374,1147
24147,1147
33906,1147
9374,1147
28389,1147
4145,1147
21682,1147
2089,1147
13149,1147
7888,1147
22103,1147
25657,1147
18880,1147
25657,1147
36232,1147
29217,1147
34779,1147
34779,1147
3738,1147
10324,1147
13123,1147
26284,1147
39700,1147
7543,1147
14842,1147
37364,1147
20029,1147
26157,1147
8692,1147
23797,1147
33390,1147
26197,1147
21812,1147
21197,1147
30487,1147
17605,1147
239,1147
17251,1147
29127,1147
6070,1147
39386,1147
1659,1147
22691,1147
17713,1147
27140,1147
20485,1147
25353,1147
26877,1147
31819,1147
34974,1147
38766,1147
9138,1147
2579,1147
31361,1147
30534,1147
38910,1147
1468,1147
30388,1147
32082,1147
38731,1147
32082,1147
28234,1147
37311,1147
3434,1147
31956,1147
31956,1147
31956,1147
25739,1147
29419,1147
30308,1147
38724,1147
31508,1147
16379,1147
12892,1147
26102,1147
35444,1147
35444,1147
7474,1147
748,1147
38207,1147
38207,1147
18910,1147
31630,1147
13338,1147
34355,1147
1515,1147
34033,1147
23505,1147
14621,1147
24284,1147
18728,1147
36692,1147
36692,1147
15334,1147
14566,1147
6847,1147
20992,1147
32593,1147
4591,1147
433,1147
35873,1147
31508,1147
2927,1147
28131,1147
24973,1147
29582,1147
31183,1147
8930,1147
38969,1147
26430,1147
26430,1147
3590,1147
33920,1147
32236,1147
31403,1147
433,1147
37662,1147
36738,1147
23797,1147
39418,1153
26551,1153
29634,1153
18277,1153
20020,1153
15905,1153
26882,1153
33796,1153
27601,1153
10350,1153
37294,1153
9212,1153
36587,1153
13886,1153
9357,1153
16831,1153
28651,1153
28025,1153
11707,1153
12174,1153
9883,1153
23549,1153
2007,1153
2007,1153
223,587
20911,587
29461,587
10841,587
34577,587
15029,587
7822,587
36980,587
1329,587
11168,587
4282,587
30328,587
10440,587
18862,587
37674,587
9935,587
6949,587
2238,587
17277,587
25249,587
3109,587
16874,587
10707,587
24947,587
11041,587
33847,587
4509,587
11340,587
11373,587
25622,587
26927,587
610,587
37704,587
24780,587
30243,587
20707,587
23055,587
32850,587
3544,587
14953,587
34852,587
658,587
7174,587
5992,587
27779,587
32813,587
12591,587
12198,587
22677,587
38181,587
35678,587
4945,587
18612,587
3715,587
718,587
5514,587
22015,587
18872,587
11324,1154
24548,1154
11236,1154
15552,1154
37776,1154
18195,1154
33358,1154
9642,1198
18704,1198
14956,1198
14956,1198
9642,1198
39533,1198
14956,1198
17381,1198
39587,1198
10298,1198
23187,1198
39517,1198
39248,1198
27856,1198
13126,1198
36180,1198
12087,1093
9702,1093
36018,1093
38392,1093
38045,1093
14350,1093
13766,1093
10446,1093
27621,1093
24628,1093
3737,1093
3272,1093
13857,1093
31468,1093
9644,1093
27446,1093
37744,1093
1822,1093
35193,1093
5921,1093
25976,1093
8615,1093
39548,1093
30727,1093
32269,1093
37940,1093
3020,1093
25100,1093
17023,1093
13316,1093
27196,1093
189,1093
13422,1093
35045,1093
20133,1093
4771,1093
15441,1093
3938,1093
33305,1093
702,1093
19929,1093
11545,1093
17364,1093
32699,1093
22533,1093
15413,1093
37940,1093
4416,1093
1237,1093
19589,1093
19323,1093
39201,1093
36125,1093
27619,1093
1177,1093
529,1093
38959,1093
4774,1093
4578,1093
1244,1093
33815,1093
147,1093
8025,1093
14137,1093
38681,1093
23978,1093
15761,1093
39365,1093
30995,1093
29455,1093
36696,1093
31436,1197
1930,1197
39346,1197
27100,1197
37573,1197
29113,1197
36236,1197
38566,1197
36488,1197
5944,1197
21819,1197
25395,1197
26306,1197
38430,1197
37876,1197
21534,1197
37270,1197
14107,1197
26509,1197
3405,1197
15824,1197
39574,1197
18053,1197
30137,1197
23154,1197
21096,1197
39666,1197
31171,1197
37161,1197
21096,1197
5133,1197
24916,1197
18986,1197
9798,1197
21975,1197
2969,1197
26735,1197
802,1197
37451,1197
27033,1197
35216,1197
38028,1197
17161,1197
21199,1197
39750,1197
28125,1197
21672,1197
28647,1197
29953,1197
33090,1197
34655,1197
31481,1197
31555,1197
29953,1197
32688,1197
39654,1197
27856,1197
21096,1197
36221,1197
39725,1197
36221,1197
34755,1197
20052,1197
27856,1197
39630,1197
23649,1197
23718,1197
14697,1197
16438,1197
29210,1197
29210,1197
28938,1197
39716,1197
30661,1197
22611,1197
26509,1197
26509,1197
31821,1197
27768,1197
28790,1197
26284,1197
6993,1197
33789,1197
24637,1197
37963,1197
706,1197
28790,1197
13783,1197
35102,1197
27544,1197
30409,1197
30217,1197
31591,1197
24090,1197
11474,1197
37562,1197
2801,1197
24576,1197
29558,1197
36736,1197
36736,1197
7919,1197
39632,1197
7919,1197
13040,1197
2803,1197
39425,1197
12601,1197
29102,1197
30098,1197
8227,1197
35973,1197
39430,1197
32355,1197
23761,1197
39542,1197
481,1197
28395,1197
20469,1197
16024,1197
38990,1197
22022,1197
9895,1197
1783,1197
26331,1197
3481,1197
39316,1197
23964,1197
24010,1197
2927,1197
33920,1197
8252,1197
29822,1197
28512,1197
33390,1197
2820,1197
38983,1197
39388,1197
19676,1197
39641,1197
3743,1197
33517,1197
39275,1197
15540,1197
39263,1197
25500,1197
32885,1197
39244,1197
34750,1197
39244,1197
39244,1197
9047,1197
39538,1197
20750,1197
39391,1197
24680,1197
19710,1197
19710,1197
16556,1197
16041,1197
28464,1197
10516,1197
16041,1197
2927,1197
16041,1197
39347,1197
26095,1197
30325,1197
18606,1197
37341,1197
15328,1197
31778,1197
3143,1197
25057,1197
35022,1197
25679,1197
16997,1197
15537,1197
4668,1197
27064,1197
39786,1197
5247,1197
24165,1197
6847,1197
3385,1197
27728,1197
8553,1197
19640,1197
31439,1197
9012,1197
21559,1197
22047,1197
30433,1197
20193,1197
10177,1197
6945,1197
35161,1197
35161,1197
35161,1197
30581,1197
35883,1197
39134,1197
37641,1197
6534,1197
39738,1197
39046,1197
24627,1197
30932,1197
21883,1197
19199,1197
35903,1197
2196,1197
22047,1197
32580,1197
3944,1197
38493,1197
19575,1197
22814,1197
23667,1197
39741,1197
38844,1197
18728,1197
38844,1197
31618,1197
21691,1197
38844,1197
38844,1197
39590,1197
37841,1197
2927,1197
39650,1197
16041,1197
1033,1197
26415,1197
26415,1197
15013,1197
38844,1197
2719,1197
37954,1197
35894,1197
36631,1197
38149,1197
38149,1197
23662,1197
27185,1197
121,1197
22046,1197
36487,1197
39784,1197
2764,1197
39812,1197
39513,1197
7463,1197
39088,1197
39088,1197
35166,1197
13561,1197
39256,1197
1102,1197
25451,1197
15867,1197
37720,1197
17358,1197
17080,1197
11452,1197
15867,1197
39185,1197
29785,1197
29069,1197
16041,1197
3711,1185
32826,1185
2448,1185
18690,1185
3009,1185
35575,1185
4806,1185
39393,1185
27794,1185
3475,1185
17848,1185
33128,1185
73,1185
31966,1185
32869,1185
32533,1185
24967,1185
36249,1185
17848,1185
9301,1185
29396,1185
38210,1185
13031,1185
26334,1185
39508,1185
32533,1185
1856,1185
8701,1185
5626,1185
36758,1185
7268,1185
38576,856
33128,856
8550,856
19602,856
16338,856
18010,856
2567,856
1408,856
16219,856
7628,856
33366,856
30528,856
6532,856
4204,856
26228,856
9603,856
8214,856
16427,856
15887,856
12971,856
25285,856
23356,856
32788,856
34381,856
36299,856
15016,856
34201,856
7632,856
17105,856
31002,856
19628,856
26105,856
10824,856
21472,856
2327,856
36334,856
29140,856
23161,856
3048,856
11039,856
5934,856
17403,856
26839,856
16897,856
9461,856
19022,856
36861,856
36018,856
23086,856
5818,856
29219,856
15918,856
15735,856
15018,856
37799,1158
34810,1158
32975,1158
39766,1193
33248,1193
10774,1193
6662,1193
30143,1193
5997,1193
38575,1193
26,1193
29624,1193
37053,1193
3325,1193
16359,1193
7595,1193
537,1193
39482,1193
39233,1193
23259,1193
1251,1193
33934,1193
9561,1193
39585,1193
37029,1193
32829,1193
20311,1193
21361,1193
38708,1193
19432,1193
24436,1193
22000,1193
37751,1193
31440,1193
37751,1193
7058,1193
15671,1193
39182,1193
35532,1193
35081,1193
39512,1193
11851,1193
39354,1193
3480,1193
3480,1193
19834,1193
32480,1193
39544,1193
13868,1193
38760,1193
39544,1193
33933,1193
13868,1193
23449,1193
26574,1193
27100,1193
4506,1193
26574,1193
4420,1193
9561,1193
15165,1193
26982,1193
35938,1193
7382,1193
26574,1193
12778,1193
12725,1193
29591,1193
39046,1193
16166,1193
33248,1193
36141,1193
3047,1193
36226,1193
24949,1193
35612,1193
38098,1193
38815,1193
5763,1193
20854,1193
39637,1193
7339,1193
3480,1193
25768,1193
19613,1193
7880,1193
7880,1193
37751,1193
38731,1193
39591,1193
20875,1193
6931,1193
1160,1193
5632,1193
26681,1193
12081,1193
39772,1193
39375,1193
30759,1193
34424,1193
38664,1193
26175,1193
10543,1193
21220,1193
38830,1193
10332,1193
20058,1193
34542,1193
29496,1193
11880,1193
39208,1193
27509,1193
24981,1193
39208,1193
20170,1193
30948,1193
24907,1193
34072,1193
21892,1193
26063,1193
36871,1193
33006,1193
5474,1193
37708,1193
15172,1193
26807,1193
39207,1193
9581,1193
39123,1193
34582,1193
34064,1193
39123,1193
12922,1193
13654,1193
17345,1193
37146,1193
39559,1193
30774,1193
24754,1193
35399,1193
14243,1193
39791,1193
37892,1193
17811,1193
13215,1193
39432,1193
37690,1193
39692,1193
8082,1193
17878,1193
30645,1193
21556,1193
16028,1193
20875,1193
39375,1193
19816,1193
28846,1193
23831,1193
32008,1193
19935,1193
39659,1193
8851,1193
4363,1193
903,1193
6562,1193
2345,1193
21266,1193
28356,1069
17713,1069
20495,1069
11830,1069
33308,1069
3446,1069
17004,1069
15551,1069
39509,1069
23827,1069
33049,1069
30491,1069
34456,1069
20575,1069
596,1069
23120,1069
32049,1069
3239,1069
7650,1069
8549,1069
2163,964
3051,964
15762,964
38812,964
18069,964
26866,964
24933,964
28045,964
10451,964
32910,964
16982,964
24725,964
37971,964
7675,964
18399,964
18678,964
37051,964
10254,964
24058,964
27079,964
36379,964
18865,964
22019,964
9730,964
37991,964
10172,1063
10397,1063
6171,1063
63,1063
9457,1161
2090,1161
20646,1161
23148,1161
39580,1161
13855,1161
37940,1161
1590,1161
6475,1161
23539,1161
11936,1161
25979,1161
3967,1161
14243,1161
36339,1161
760,1161
39568,1161
9378,1161
34007,1161
23539,1161
3967,1161
2871,1232
2475,1232
15808,1232
5944,1200
19907,1200
34414,1200
28798,1200
38816,1200
25479,1200
23241,1200
19582,1200
2195,1200
22120,1200
39610,1200
39610,1200
2195,1200
1551,1200
19907,1200
5410,1200
39610,1200
4992,1200
21509,1200
25451,1200
32885,1200
32885,1200
18235,1200
25174,1200
31071,1200
37335,1200
31031,1200
27517,1200
2001,1200
8926,1200
33386,1200
2195,1200
19907,1200
7471,1200
33386,1200
3002,1200
39835,1200
38225,1200
19907,1200
37068,1200
39595,1200
19907,1200
33967,1200
14107,1200
8644,1200
32512,1200
37632,1200
8644,1200
37632,1200
22668,1200
22668,1200
38673,1200
20956,1200
36314,1200
36314,1200
9152,1200
39582,1200
39582,1200
30919,1200
9152,1200
9152,1200
2079,1200
2079,1200
30245,1200
39576,1200
19011,1200
34660,1200
19011,1200
6169,1251
8995,1251
15187,1251
2937,1251
2937,1251
30567,1251
10239,1251
39405,1251
30672,1251
15801,1251
28519,1251
9193,1251
10752,1251
9858,1251
28038,1101
2776,1101
8206,1101
11549,1101
37388,1101
11420,1101
2058,1101
3784,1101
12558,1101
28221,1101
5548,1101
2300,1101
36983,1101
15077,1101
6679,1101
38174,1101
27679,1101
39261,1101
1280,1101
20952,1101
36192,1101
34234,1101
29360,1101
8361,1101
9226,1101
24027,1101
14914,1101
38376,1101
25463,1101
36222,1101
26084,1101
30105,1101
38376,1101
2640,1101
3338,1101
18239,1101
3653,1101
32861,1101
26407,1101
36869,1101
29301,1101
7599,1101
3374,1101
39323,1101
28872,1101
8816,1263
7906,1263
9053,1263
14143,1263
8854,1263
39782,1263
36504,1263
33062,1263
7424,1263
8489,1263
30534,1263
30431,1263
39857,1263
28193,1263
30236,1263
22172,1263
9579,1263
12180,1263
8925,1263
39423,1263
18616,1263
31830,1263
19191,1263
28144,1263
18084,1263
36557,1263
411,1263
24100,1263
1247,634
21615,634
29669,634
2568,634
38151,634
24527,634
11639,634
36636,634
2525,634
4110,634
5757,634
35114,634
1862,634
32785,634
14597,634
35114,634
32785,634
1862,634
11712,634
20025,634
4873,634
2178,634
19286,634
1744,634
6081,634
25077,634
5961,634
5388,634
19754,634
31030,634
27614,634
11095,634
734,634
10731,634
26464,634
5748,634
20239,634
16240,634
37042,634
24673,634
25981,634
23867,634
1184,634
32215,634
20664,634
20826,634
6102,634
6102,634
24061,634
2378,634
31745,634
1244,634
19518,634
15644,634
25014,634
25014,634
2170,634
32330,634
6346,634
8977,634
4477,634
2613,634
12310,634
12210,634
22463,634
2235,634
30328,634
31810,634
884,634
37383,634
6518,634
26626,634
31139,634
32092,634
20019,634
19560,634
29750,634
12174,634
1583,634
27640,634
14532,634
9762,634
954,634
24594,634
5882,634
17972,634
34245,634
11985,634
36752,634
35882,634
8227,634
21975,634
22249,634
11617,634
32377,634
29543,634
10275,634
16854,634
16854,634
37595,634
6666,634
28353,634
28798,634
20847,634
29822,634
17403,634
18360,634
23613,634
18798,634
23613,634
9413,634
9413,634
23541,634
24001,634
34201,634
246,634
11030,634
23761,634
29189,634
36635,634
36521,634
34471,634
21988,634
34471,634
36194,634
28488,634
21120,634
26740,634
4935,634
15937,634
18360,634
17411,634
31136,634
11955,634
25076,634
22688,634
21688,634
16574,634
14830,634
7582,634
31352,634
30388,634
31397,634
7094,634
35158,634
31987,634
27568,634
21197,634
4917,634
24340,634
8810,634
15013,634
32272,634
3327,634
31439,634
2719,634
5893,634
27507,634
28268,634
15606,634
17291,634
17649,634
26098,634
1345,634
31244,634
35610,634
7972,634
15501,634
31244,634
3223,634
21426,634
15918,634
27973,634
30344,634
12867,634
28835,634
17917,634
8143,634
32286,634
8830,634
32295,634
34302,634
6268,634
31061,634
7543,634
20003,634
26790,634
4602,634
33587,634
25599,634
5164,634
37061,634
28452,634
13149,634
11471,634
26507,634
27649,634
14384,634
16877,634
38261,634
34184,634
15898,634
26016,634
28742,634
6760,634
30849,634
20528,634
28493,634
18593,634
2013,634
16379,634
37404,634
13513,634
21265,634
25313,634
25285,634
37787,634
28131,634
6534,634
14351,634
32545,634
13420,634
6826,634
16518,634
26809,634
14678,634
31289,634
17063,634
7996,634
15540,634
11750,634
4627,634
12928,634
23473,634
2316,634
28061,634
3051,634
17484,634
2548,634
13733,634
4268,634
28512,634
10560,634
37806,634
12180,634
20052,634
8416,634
34798,634
10341,634
17498,634
7621,634
22400,634
14286,634
22320,634
9462,634
3816,634
38104,634
25304,634
18204,634
3554,634
36636,634
2779,1182
32422,1182
27330,1182
39698,1182
38452,1182
21842,1182
2289,1182
11881,1182
26549,1182
18174,1182
3075,1182
3075,1182
29716,1182
4768,1182
8790,1182
37085,1182
2485,1182
19272,1182
35507,1182
28548,1182
2485,1182
35507,1182
32277,1182
22236,1182
36002,1182
19249,1182
1183,1182
30250,1182
36583,1182
39329,1182
21842,1182
34176,1083
35929,1083
8549,1083
9378,1083
15511,1083
23080,1083
17321,1083
25740,1083
26495,1083
4250,1083
3424,1083
38551,1083
14038,1083
25994,1083
10471,1083
36876,1083
36876,1083
18686,1083
23080,1083
38478,1083
33321,1083
25740,1083
25740,1083
37754,1083
37671,1083
39685,1083
17294,1171
12703,1171
14808,1171
3424,1112
10220,1112
14137,1112
4509,1112
31450,1112
8496,1112
15787,1112
18074,1112
13226,1112
808,1112
25976,1112
9460,1112
12108,1112
36639,1112
19350,1112
26100,1112
17044,1112
5885,1112
3329,1112
18995,1112
37205,1112
30050,1112
2765,1112
18255,1112
29347,1112
20416,1112
13220,1112
68,1112
14381,1112
8465,1112
16268,1112
32899,1112
30811,1112
37025,1112
39498,1112
30323,1112
29053,1112
27422,1112
38105,1112
28561,1112
39520,1112
30860,1112
38153,1112
18100,1112
31877,1112
31877,1112
36350,1112
25731,1112
15655,1112
6829,1112
12809,1112
39509,1112
4659,1112
39686,1112
18719,1112
16503,1112
4370,1112
32897,1112
11548,1112
9739,1112
25248,1112
13861,1112
20378,1112
4823,1112
17490,1112
28690,1112
31577,1112
6764,1112
12634,1112
39147,1112
4823,1112
35646,1112
6988,1112
7122,1112
8029,1112
29490,1112
27314,1112
17657,1112
35784,1112
32103,1112
12026,1112
8816,1112
39450,1112
39366,1112
30701,1112
27533,1112
39494,1112
24395,1112
10831,1112
17337,1112
39356,1112
23816,1112
28519,1112
2372,1112
35271,1112
578,1112
36612,1112
10480,1112
35271,1112
30677,1112
1826,1112
13249,1112
7399,1112
2219,1112
35121,1112
6735,1112
12860,1112
35986,1112
23057,1112
32861,1112
24652,1112
38731,1112
38572,1112
39194,1112
14833,1112
34244,1112
5819,1112
6164,1112
14044,1112
31653,1112
30916,1112
31182,1112
39230,1112
26407,1112
26943,1112
28718,1112
37004,1112
37810,1112
36815,1112
30991,1112
39182,1112
1128,1112
35176,1112
39537,1112
9356,1112
39406,1112
23531,1112
28743,1112
26457,1112
26457,1112
38557,1112
32429,1112
12758,1112
30309,1112
25195,1112
38949,1112
34993,1112
12703,1112
25172,1112
26890,1112
8748,1112
29794,1112
8901,1112
11027,1112
11524,1112
2935,1112
30707,1112
19652,1112
10267,1112
796,1112
8792,1112
33211,1112
23903,1112
23903,1112
10531,1112
27535,1112
29552,1112
5470,1112
28572,1112
37626,1286
37029,1286
2580,1286
11742,1286
30934,1286
10026,1286
2436,1286
9811,1286
35532,1286
12791,1286
13395,1286
14032,1286
13950,1286
30464,1286
36410,1286
245,1286
38651,1286
3131,1286
11575,1286
18371,1286
3413,1286
35122,1286
8044,1286
9511,1286
15526,1286
35580,1286
6954,1286
13151,1286
29041,1286
29759,1286
1464,1286
4794,1286
39197,1286
11853,1286
27671,1286
36747,1286
11630,1286
31157,1286
12725,1286
24861,1286
39445,1286
25110,1286
15265,1286
36583,1286
35998,1286
35998,1286
25620,1286
18081,1286
6019,1286
14255,1286
39639,1286
2341,854
31725,854
27712,854
37588,854
12149,854
34381,854
35768,854
23444,854
33973,854
5982,854
4681,854
38083,854
2687,854
20760,854
16662,854
7093,854
9791,854
27455,854
30234,854
19752,854
1799,854
22048,854
34243,854
10183,854
22578,854
4178,854
35703,854
38757,854
38528,854
27079,854
371,854
1231,854
26713,854
5023,854
37806,854
20458,854
6726,854
35579,854
16054,854
21147,854
8161,854
26105,854
37918,854
1946,854
29137,854
24101,854
11706,854
26411,854
34185,854
28199,1183
17222,1183
12768,1183
13550,1183
15358,1183
12276,1183
1587,1183
1991,1183
38754,1183
34145,1183
10397,1183
28849,1183
28849,1183
30355,1183
30355,1183
30557,1183
38754,1183
38754,1183
38754,1183
38754,1183
18330,1183
184,1183
184,1183
28571,1183
38937,1183
38937,1183
39219,1183
18330,1183
20972,1183
7731,1183
24153,1183
14899,1183
22238,1183
34232,1183
26468,1183
38383,1183
38383,1183
3303,1183
3564,1183
3564,1183
33673,1183
13006,1183
4796,1183
4796,1183
9950,1183
20823,1183
39460,1183
31158,1183
31158,1183
6787,1183
36400,1183
36400,1183
23644,1183
21822,1183
24722,1183
38829,1183
26899,1183
12208,1183
32353,1183
7410,1183
37680,1183
31582,1183
12208,1183
31582,1183
38916,1183
16214,1183
11885,1183
5477,1183
7817,1183
5477,1183
7817,1183
8024,1183
33123,1183
28927,1183
39299,1183
39326,1183
8510,1183
30479,1183
38164,1183
26200,1183
11428,1008
11787,1008
4907,1008
36149,1008
19363,1008
38530,1008
3476,1008
8675,1008
21830,1008
17321,1008
37027,1008
13913,1008
34671,1008
1782,1008
33461,1008
1163,1008
34207,1008
7800,1008
33786,1008
11825,1008
3693,1008
14918,1008
13651,1008
17942,1008
6702,1008
19797,1008
6617,1008
12618,1008
1383,1008
38965,1008
38741,1008
6861,1008
14201,1008
4514,1008
31525,1008
17828,1008
28608,1008
33394,1008
26196,1008
20820,1008
7790,1126
19722,1126
4455,1126
1112,1126
34176,1126
24737,1126
28801,1126
24876,1126
24737,1126
34437,1126
39370,1126
17047,1126
29208,1126
1324,1255
35131,1255
25417,1255
6258,1255
33572,1255
4388,1255
23185,1255
28195,1255
35129,1255
39479,1255
38490,1255
32100,1255
9916,1255
36805,1255
31045,1255
844,1255
27953,1255
6862,1255
4042,1255
8590,1255
25786,1255
12150,1255
21153,1255
24625,1255
6486,1255
38490,1255
39830,1255
9916,1255
35519,1255
14187,1255
19622,1255
24546,1255
8027,1255
34009,1255
30983,1255
8206,1119
30079,1119
11923,1119
23063,1119
35137,1119
19679,1119
2766,1119
18399,1119
17001,1119
38045,1119
33815,1119
1062,1119
13672,1119
22166,1119
26840,1119
4285,1119
6795,1119
26807,1119
38353,1119
7468,1119
35304,1119
27730,1119
15243,1119
34282,1119
8905,1119
10171,1119
35919,1119
19693,1119
16553,1119
35072,1119
4844,1119
15231,1119
19967,1119
30860,1119
20738,1119
28061,1119
13586,1119
35679,1119
39406,1119
28096,1119
39267,1119
39411,1119
38557,1119
39694,1119
28152,1119
10185,1119
28949,1119
28693,1119
35089,1119
32221,1119
4146,1119
31035,1119
26337,1119
30035,1119
36753,1119
38845,1119
29270,1119
10205,1119
13106,1119
16028,1119
12928,1175
2246,1175
39388,1175
20683,1175
34042,1175
39632,1175
24061,1175
26195,1175
14108,1175
37396,1175
922,1175
21412,1175
33418,1175
38983,1175
38766,1175
31966,1175
9762,1175
34335,1175
2764,1175
2132,1175
21313,1175
10097,1175
10097,1175
22510,1175
29027,1175
25646,1175
26107,1175
8806,1175
11969,1175
25334,1175
24001,1175
10360,1152
25638,1152
33166,1152
6506,1152
18353,1152
38538,1152
23318,1152
30822,1152
36919,1152
7887,1152
38140,1152
8957,1152
14140,1152
25387,1152
27861,1152
8210,1152
39456,1152
6659,1152
12992,1152
35176,1152
37272,1152
26551,1152
3202,1152
7787,1152
39180,1152
23711,1152
26546,1152
29245,1152
6367,1152
12299,1152
36587,1152
32377,1152
23549,1152
465,1152
2446,1152
3577,1152
19529,1152
14331,1152
25387,1152
7649,1152
12054,1152
15860,1152
15860,1152
28191,1177
13766,1177
28475,1177
34290,1177
13936,1177
17195,1177
37198,1177
38859,1177
2345,1177
15630,1177
7313,1177
21586,1177
12780,1177
37201,1177
39598,1177
39640,1177
28942,1177
38606,1177
39648,1177
37552,1177
7512,1177
39458,1177
39813,1177
15573,1177
26806,1177
27516,1177
33558,1177
2620,1177
23552,1177
35846,1177
1171,1177
18317,1177
10543,1177
20781,1177
39814,1177
38848,1177
12642,1177
20220,1177
11668,1177
29295,1177
32115,1177
28475,1177
28475,1177
20817,1177
20349,1177
6967,1177
39003,1177
28821,1177
19432,1177
39399,1177
32295,1177
18968,1177
38848,1177
7968,1106
38660,1106
3231,1106
13031,1106
1487,1106
17777,1106
33557,1106
6684,1106
18457,1106
32405,1106
5218,1106
22624,1106
13051,1106
20614,1106
6294,1106
24049,1106
17629,1106
19200,1106
33185,1106
1171,1106
9456,1106
30074,1106
30074,1106
22023,1106
26402,1106
2852,1106
19640,1106
22679,1106
1257,1106
30347,1106
24787,1106
26801,1106
23175,868
37807,868
15658,868
580,868
31212,868
36765,868
15385,868
21719,868
11842,868
3631,868
12790,868
34169,868
34456,868
14741,868
15419,868
384,868
26453,868
15109,868
7319,868
18614,868
27502,868
20773,868
31578,868
31126,868
7532,868
23498,868
34197,868
37117,868
24393,868
14047,868
30771,868
22059,868
22073,868
37213,868
27024,868
25424,868
8255,868
36503,1113
17559,1113
17372,1113
9819,1113
30656,1113
18045,1113
8465,1113
12335,1113
11092,1113
21386,1113
30459,1113
39444,1113
31532,1113
21786,1113
37458,1113
11657,1113
39356,1113
27730,1113
2996,1113
37461,1113
7087,1113
11721,1113
20008,1113
19098,1113
8905,1113
10184,1113
12789,1113
33875,1113
4556,1113
22396,1113
32298,1113
10933,1113
37873,1113
20967,1113
26407,1113
5899,1113
14858,1113
39457,1113
28787,1113
7649,1113
7649,1113
7649,1113
7649,1113
39444,1113
17372,1113
8294,1113
34744,1113
21003,1113
20697,1113
30027,1113
30656,1113
34555,1113
7649,1113
34555,1113
7649,1113
7649,1113
34555,1113
30656,1113
38825,1113
11811,1113
7177,1151
21306,1151
35187,1151
14119,1151
23377,1151
4983,1151
8798,1151
11036,1151
34383,1151
14505,1151
3978,1151
12942,1151
19795,1151
8333,1151
12942,1151
38381,1151
3449,1151
33647,1151
9923,1151
28326,1151
26551,1151
28451,1151
34413,1151
29487,1151
39431,1151
3440,1151
5522,1151
787,1151
1373,1151
30686,1151
29270,1151
9923,1151
7147,1151
19993,1151
15703,1151
28347,1151
13622,1151
21542,1151
6509,1151
39472,1151
39472,1151
20405,1151
29665,1151
4939,1151
26684,1151
8227,1151
39291,1151
8720,1151
1662,1151
11995,1151
38308,1151
5757,827
38499,827
18536,827
2014,827
20783,827
16343,827
5346,827
11317,827
7708,827
19900,827
8628,827
17449,827
29187,827
35574,827
14028,827
18625,827
32954,827
32640,827
3768,827
31693,827
3553,827
9302,827
15452,827
5985,827
8400,827
36021,827
28831,827
27999,827
16504,827
17528,827
27524,827
18814,827
19634,827
5538,827
32447,827
24947,827
2673,827
33176,827
19880,827
13767,827
14855,827
14332,827
17044,827
5050,827
35703,827
13925,827
16949,827
7851,827
31318,827
4942,827
24851,827
7271,827
6608,827
34258,827
35959,827
2327,827
8587,827
3121,827
30481,827
5083,827
13813,827
3031,827
23027,827
25753,827
19984,827
4300,827
12405,827
6539,827
14301,827
15101,827
26017,827
20446,827
35763,827
23175,827
28424,827
652,827
1744,827
19111,827
4617,827
14159,827
23804,827
13864,827
19545,827
7048,827
20277,827
7107,827
32447,827
17482,827
6297,827
34661,827
6197,827
19706,827
22362,827
18495,827
30635,827
22695,827
12181,827
18010,827
32160,827
6910,827
13249,827
30536,827
38810,827
21023,827
5730,827
9502,827
35538,827
21820,827
5367,827
6658,827
16397,827
32478,827
16397,827
1743,827
6499,827
20277,827
24758,827
35763,827
15109,827
18644,827
7242,827
1805,827
29669,533
1736,533
1763,533
22677,533
4874,533
31617,533
1567,533
5392,533
14738,533
9508,533
3560,533
4323,533
22459,533
12804,533
5342,533
10875,533
3908,533
27779,533
13573,533
13306,533
235,533
36663,533
29830,533
4837,533
10995,533
4641,533
19206,533
1576,533
9666,533
6425,533
773,533
14139,533
658,533
13971,533
2169,533
10984,533
22522,533
9935,533
20411,533
12622,533
18294,533
26300,533
1635,533
12587,533
23522,533
16557,533
3020,533
14535,533
24124,533
5772,533
19296,533
27672,533
8315,533
35391,533
26332,533
36098,533
6186,533
35766,533
14830,533
3327,1188
14734,1188
22088,1188
14734,1188
22088,1188
951,1188
34414,1188
10965,1188
7875,1188
2635,1188
39176,1188
36831,1188
5139,1188
32009,1188
13017,1188
22212,1188
16110,1188
748,1188
23337,1188
29797,1188
36436,1192
11508,1192
39725,1192
36436,1192
15722,1192
31778,1192
6514,1192
28435,1192
34126,1192
21113,1192
11508,1192
39425,1192
34579,1192
34942,1192
34942,1192
29082,1192
17403,1192
39739,1192
20750,1192
28649,1192
17837,1192
28359,1192
13935,1192
31786,1192
38042,1192
25972,1192
30137,1192
30137,1192
39711,1192
24584,1192
5869,1192
30188,1192
21944,1192
39027,1192
15368,1192
32760,1192
22773,1192
26908,1192
25317,1192
39006,1192
34108,1192
7463,1192
19840,1192
39389,1192
35107,1192
4695,1192
13776,1192
27185,1192
39558,1192
11132,1192
8320,1192
9717,1192
12245,1192
31591,1192
32691,1192
25549,1192
23363,1192
10260,1192
29355,1192
5754,1192
39177,1192
23640,1192
29574,1192
14532,1192
22669,1192
2927,1192
22569,1192
38878,1192
4180,1192
39316,1192
36537,1192
6125,1192
29102,1192
33025,1192
5171,1192
10339,1192
31707,1192
24576,1192
33652,1192
33652,1192
12867,1192
29891,1192
25112,1192
27728,1192
33639,1192
26788,1192
22022,1192
39628,1192
25300,1192
33090,1192
30319,1192
4591,1192
38626,1192
32580,1192
34790,1192
39297,1192
32672,1192
39495,1192
39769,1192
22315,1192
37191,1192
26900,1192
3405,1192
38493,1192
35065,1192
1574,1192
21412,1192
27517,1192
34347,1192
10243,1192
25467,1192
16647,1192
35982,1192
23088,1192
39307,1192
38657,1192
39677,1192
34347,1192
35744,1192
35744,1192
31394,1192
14107,1192
28008,1192
39357,1192
36344,1192
36344,1192
36344,1192
39799,1192
28887,1192
36344,1192
36344,1192
36344,1192
8983,1192
33040,1192
22807,1192
16846,1192
35638,1065
16994,1065
27660,1065
39397,1065
20019,635
29750,635
1583,635
31136,635
31136,635
22982,635
16415,635
17955,635
18599,635
8812,635
12423,635
16043,635
37551,857
35864,857
6710,857
8770,857
36334,857
1673,857
14442,857
23856,857
16040,857
5494,857
9980,857
6683,857
29748,857
31038,857
30434,857
32284,857
14623,857
33366,857
26876,857
15417,857
57,857
31929,857
34783,857
20660,857
3957,857
3528,857
3902,857
36889,857
35327,857
35089,857
25929,857
2743,857
3902,857
6404,857
38444,857
23152,857
37370,857
19101,857
57,857
29296,857
2713,857
6584,857
5587,857
38278,857
36227,857
17741,857
3712,857
3712,857
16474,857
18331,857
34613,857
5382,857
5382,857
27781,857
6255,857
3882,857
22400,857
28352,857
12993,857
14274,857
36836,857
31512,857
14743,857
38638,857
38092,857
19154,857
34627,857
34267,857
11750,857
15961,1205
35131,1205
3323,1205
29669,1205
5981,1205
30393,1205
39658,1205
11971,1205
18391,1205
2539,1205
32100,1205
39658,1205
3174,1205
39233,1205
34668,1205
76,1205
1145,1205
2138,1205
5981,1205
25599,1205
8587,1205
32510,1205
39658,1205
39629,1205
24198,1205
26766,1205
1680,1205
29323,1205
38200,1205
38731,1205
22634,1205
17267,1205
33567,1205
22168,1205
20349,1205
5921,1205
28367,1205
12518,1205
9855,1205
36991,1205
39785,1205
21964,1205
580,1205
18751,1205
25427,1205
39367,1205
15172,1205
13871,1205
9124,1205
12620,1205
20497,1205
21964,1205
22587,1205
33710,1205
17484,1205
39650,1205
6514,1205
7313,1205
33701,1205
18766,1205
23749,1205
39783,1205
8535,1205
10067,1205
27942,1205
9595,1205
33181,1205
17498,1205
38241,1205
39720,1205
29109,1205
39806,1205
7350,1205
23831,1205
38057,1205
1109,1205
28215,1205
8836,1205
36512,1205
9981,1205
24416,1205
35632,1205
14152,825
3201,825
1216,825
21206,825
33521,825
29296,825
33520,825
17528,825
36021,825
15219,825
32454,825
27524,825
7741,825
2448,825
22552,825
909,825
17514,825
13510,825
20783,825
14855,825
2731,825
1358,825
26055,825
7577,825
6233,825
16539,825
1010,825
19111,825
12500,825
25449,825
17291,825
6255,825
13813,825
3810,825
33517,825
4485,825
3554,825
178,825
14919,825
29516,825
8077,825
17528,825
8411,825
7535,825
4913,825
652,825
19518,825
8561,825
23448,825
38200,825
28157,825
23588,825
21838,825
1659,825
36521,825
823,1116
5949,1116
19679,1116
16848,1116
35715,1116
2372,1116
35012,1116
4033,1116
1416,1116
11753,1116
34027,1116
5377,1116
38859,1116
23063,1116
18239,1116
17001,1116
36401,1116
32298,1116
38903,1116
39239,1116
19539,1116
931,1116
28325,1116
12667,1116
6527,1116
22937,1116
1223,1116
33082,1116
19191,1116
39230,1116
26407,1116
39201,1116
8531,1116
37683,1116
13599,1116
38557,1116
3582,1116
8604,1116
13283,1116
19981,1116
38813,1116
32221,1116
31035,1116
11463,1266
39279,1266
1975,1266
21797,1266
21797,1266
12185,1266
36084,1266
3167,1266
2884,1266
20768,1266
38762,1266
516,1266
6713,1266
39371,1266
20230,1266
34604,1266
23940,1266
20768,1229
29035,1229
39387,1229
16762,1229
22090,1229
37344,1229
30811,1229
35753,1229
6047,1229
23978,1229
37674,1229
16518,1229
28604,1229
37417,1229
9105,1229
9105,1229
1416,1229
28543,1229
34581,1229
27922,1229
27922,1229
22946,1229
15270,1229
36720,1229
39615,1229
39857,1229
38731,1229
18384,1229
22193,1229
20161,1229
39600,1229
15587,1229
15,1229
15,1229
27953,1229
7207,1229
26999,1229
39465,1229
38678,1229
38568,1229
1759,1229
30029,1229
12499,1229
7735,1229
22238,1238
19659,1238
39594,1238
1987,1238
10884,1238
15185,1238
30557,1238
2593,1238
37799,1238
39311,1238
29685,1238
28876,1238
26067,1238
26465,1238
25650,1238
26452,1238
26979,1238
9554,1238
31945,1238
18538,1238
25637,1238
31948,1238
25339,1238
33811,1238
21671,1238
25630,1238
27911,1238
25651,1238
28028,1238
19187,1238
21674,1238
26467,1238
25635,1238
27724,1238
19185,1238
28047,1238
26662,1238
26683,1238
31946,1238
25633,1238
36142,1238
23750,1238
33813,1238
26161,1238
23953,1238
25636,1238
27902,1238
31836,1238
33812,1238
25649,1238
27872,1238
27596,1238
30615,1238
24701,1238
22215,1238
26184,1238
22078,1238
25634,1238
26978,1238
25825,1238
25642,1238
27933,1238
21578,1238
19186,1238
26466,1238
28052,1238
33810,1238
26214,1238
25643,1238
26951,1238
19189,1238
25632,1238
25631,1238
25648,1238
33814,1238
28608,1238
20258,1238
32279,1238
27039,1238
29153,1238
37110,1238
29473,1238
34711,1238
39284,1238
34966,1238
24792,1238
38133,1238
39619,1238
21622,1238
13623,1238
28049,1238
1064,860
5818,860
10762,860
38309,860
9607,860
12772,860
29377,860
11609,860
6030,860
14383,860
38571,860
1260,860
20562,860
32773,860
2163,860
6801,860
9285,860
28789,860
1932,860
28592,860
14873,860
38529,860
14737,860
8936,860
2101,860
27632,860
19628,860
11510,860
20036,860
13259,860
5776,860
34092,860
1166,860
25285,860
11423,860
6683,860
34092,860
16427,860
33998,860
784,860
13146,860
6300,860
14915,860
34783,860
12904,860
5987,860
29312,860
36182,860
36935,860
13698,860
36935,860
32840,860
17128,860
37979,860
6665,860
8154,860
29971,860
16054,860
37282,860
38309,860
9692,860
1944,860
20746,860
24095,860
30608,860
34321,860
38309,860
36861,860
34185,860
19694,1276
8205,1276
22607,1276
20602,1276
35715,1276
22800,1276
39506,1276
21923,1276
15814,1276
32330,1276
19898,1276
39577,1276
3552,1276
23397,1276
36665,1276
38029,1276
38145,1276
33032,1276
10597,1181
11158,1181
39107,1181
1891,1181
12162,1181
32422,1181
6884,1181
39603,1181
39601,1181
39588,1181
39602,1181
7584,1181
39032,1181
35906,1181
6212,1181
38781,1181
38182,1181
14726,1181
8264,1181
38029,1181
24368,1181
24184,1181
2848,1181
16588,1181
27153,1149
27930,1149
2466,1149
16703,1149
23558,1149
28304,1149
30621,1149
18832,1149
29530,1149
28321,1149
29276,1149
16609,1149
17250,1149
17424,1149
26345,1149
4350,1149
32604,1149
8453,1149
38889,1149
16471,1149
23700,1089
8362,1089
17569,1089
32970,1089
3419,1089
14350,1089
9563,1089
20059,1089
1590,1089
7488,1089
19184,1089
20003,1089
19407,1089
5375,1089
19922,1089
36241,1089
5446,1089
24697,1089
35736,1089
39501,1089
21789,1089
21896,1089
39423,1089
1874,1089
101,1089
35740,1089
21970,1089
15854,1089
4670,1089
3376,1089
31283,1089
15262,1089
1334,1089
6484,1089
14674,1089
30248,1089
6438,1089
17459,1089
29854,1089
36415,1089
371,1089
24356,1089
28179,1089
35025,1089
3162,1089
32528,1089
31706,1089
36946,1089
5114,1089
34012,1089
3620,1089
35027,1089
19660,1089
842,1089
31994,1089
32899,1089
27999,1089
31422,1089
14461,1089
7163,1089
35273,1089
38841,1089
17364,1089
15231,1089
4416,1089
23047,1089
36724,1089
22002,1089
24649,1089
29759,1089
30578,1089
2554,1089
3435,1089
10698,1089
12079,1089
25149,1089
1549,1089
3668,1089
2755,1089
5925,1089
1906,1089
38731,1089
14654,1089
4183,1089
34581,1089
21040,1089
27326,1089
15818,1089
33321,1089
27252,1089
21613,1089
35160,1089
34170,1089
10088,1089
21289,1089
36125,1089
30341,1089
26707,1089
36521,1089
28901,1089
32655,1089
10331,1089
12587,1089
3903,1089
31609,1089
18823,1089
20494,1089
23678,1089
2766,1089
25358,1089
19381,1089
28530,1089
31172,1089
36851,1089
15762,1089
11856,1089
32183,1089
39245,1089
33394,1089
33443,1089
30713,1089
30713,1089
30713,1089
36829,1089
30713,1089
31422,1089
3047,1089
12400,1089
3009,1089
35740,1089
8967,1089
35273,1089
38569,1089
8878,1089
33754,1089
37790,1089
21810,1089
9819,1089
21810,1089
31422,1089
19222,1089
11526,1089
19793,1089
2308,1089
29365,1089
29427,1089
29427,1089
35740,1089
30295,1089
1488,1089
38120,1089
39525,1089
9844,1089
26374,1089
15060,1089
38665,1089
34480,1089
16193,1089
28370,1089
11022,1166
28576,1166
37618,1166
1822,1166
16968,1166
2867,1166
31885,1166
15850,1166
39675,1166
17196,1166
642,1166
21683,1166
12898,1166
25908,1166
8018,1166
2310,1166
8820,1166
16664,1166
15746,1166
9931,1166
26950,1166
38948,1166
13451,1166
7636,1166
9104,1166
21508,1166
23151,1166
30054,1166
981,1166
19527,1166
34377,1166
23058,1166
20507,1166
10140,1166
3000,1166
8143,1166
38785,1166
5081,1166
29917,1166
25786,1166
37419,1166
291,1166
1840,1166
1608,1166
3603,1166
15515,1166
37607,1166
19256,1166
20322,1166
16845,1166
13507,1166
3915,1166
21552,1166
10959,1166
34970,1166
36092,1166
8357,1166
39414,1166
7170,1166
6346,1166
903,1166
2277,1166
6346,1166
864,1166
10663,1166
2277,1166
35839,1166
1897,1166
39295,1166
39295,1166
22097,1166
23147,1166
22821,1166
16881,1166
25183,1166
17,1166
31547,1166
27647,1166
16098,1166
6548,1166
1244,1166
7864,1166
13705,1166
19589,1166
9856,1166
16312,1166
32539,1166
2818,1166
5998,1166
5998,1166
39312,1166
1805,1166
36349,1166
22237,1166
17509,1166
26222,1166
17509,1166
36101,1166
33138,1166
5303,1166
5303,1166
5303,1166
864,1166
5303,1166
5303,1166
2315,1166
19330,1166
15526,1166
5731,1166
4797,1166
24373,1166
23834,1166
7322,1166
2165,1166
3036,1166
8170,1166
11560,1166
4076,1166
32265,1166
3161,1166
9197,1166
9699,1166
7322,1166
8147,1166
1768,1166
26475,1166
38692,1166
12970,1166
13837,1166
17509,1166
3180,1166
7551,1166
15435,1166
19656,1166
20725,1166
5786,1166
11010,1166
16674,1166
26151,1166
8578,1166
37607,1166
23058,1166
14016,1166
2347,1166
15985,1166
19982,1166
22332,1166
31169,1166
22332,1166
2975,1166
8147,1166
5888,1166
20312,1166
37750,1166
39286,1166
21220,1166
5265,1166
33798,1166
7489,1166
9391,1166
24857,1166
11329,1166
6659,1166
24857,1166
19169,1166
1921,1166
439,1166
9378,1166
21309,1166
36633,1166
16615,1166
12802,1166
37456,1166
19163,1166
19436,1166
12752,1166
33769,1166
8243,1166
8357,1166
38325,1166
38901,1166
28416,1166
21309,1166
16664,1166
29805,1166
528,1166
9158,1166
22261,1166
16159,1166
6570,1166
16664,1166
16635,1166
28535,1166
7484,1166
16187,1166
39570,1166
5303,1166
38712,1166
39255,1166
6104,1166
6104,1166
10526,1166
2643,1166
16664,1166
37087,1166
22382,1166
2767,1166
3170,1166
1402,1166
27694,1166
34230,1166
20763,1166
27700,1166
37576,1166
19457,1166
14140,1166
31717,1166
10443,1166
14033,1166
14061,1166
20204,1166
23820,1166
39395,1166
11402,1166
31106,1166
26641,1166
31684,1166
5800,1166
29985,1166
7517,1166
9770,1166
27513,1166
36813,1166
24430,1166
22422,1166
28534,1166
36481,1166
38830,1166
15885,1166
7583,1166
39736,1166
5965,1166
16630,1166
33411,1166
12922,1166
17488,1166
20565,1166
27347,1166
30645,1166
24198,1166
6242,1166
16467,1166
5438,1166
38957,1166
31752,1166
1529,1166
8114,1166
23519,1166
30078,1166
15683,1166
27450,1166
24828,1166
5001,1166
36871,1166
20929,1166
38833,1166
18,1166
31736,1166
16998,1166
36411,1166
29280,1166
22009,1166
39691,1166
956,1166
6346,1166
6346,1166
35611,1166
12109,1166
27190,1166
15580,1166
32112,1166
20791,1166
2283,1166
8289,1166
32904,1166
18107,1166
9823,1166
18716,1166
30443,1166
4343,1166
18997,1166
3922,1166
16331,1166
12378,1166
9013,1166
12860,1166
13884,1166
21858,1166
8538,1166
4874,1166
39552,1166
1252,1166
7417,1166
7417,1166
6346,1166
6037,1166
37690,1166
20593,1166
12111,1166
1493,1166
9389,1166
29521,1166
1112,1166
23018,1166
32499,1166
18512,1166
11536,1166
35400,1166
1491,1166
8258,1166
8258,1166
8357,1166
36144,1166
16801,1166
21376,1166
14104,1166
23010,1166
4242,1166
26545,1166
10786,1166
24522,1166
13243,1166
1734,1166
30978,1166
32819,1166
2842,1166
14904,1166
13325,1166
17509,1166
38699,1166
4482,1166
8361,1166
37798,1166
39270,1166
20163,1166
6486,1166
16664,1166
4373,1166
28704,1166
17509,1166
23214,1166
26188,1166
22487,1166
11089,1166
2283,1166
38699,1166
7045,1166
22790,1166
1280,1166
15780,1166
6950,1166
6747,1166
12061,1166
21027,1166
21603,1166
37881,1166
1680,1166
39023,1166
39085,1166
15020,1166
32918,1166
34934,1166
347,1166
13450,1166
12737,1166
11242,1166
13127,1166
9398,1166
10706,1166
13788,1166
18951,1166
14644,1166
7355,1166
29347,1166
39692,1166
39439,1166
18201,1166
3589,1166
19591,1166
5046,1166
1007,1166
18649,1166
5657,1166
26468,1166
18516,1166
827,1166
5499,1166
18923,1166
11355,1166
33414,1166
32992,1166
12945,1166
38806,1166
36719,1166
26673,1166
11950,1166
5970,1166
29106,1166
10133,1166
15076,1166
5651,1166
10774,1166
14218,1166
8577,1166
13790,1166
22167,1166
34198,1166
28609,1166
3741,1166
1995,1166
1835,1166
26726,1166
38748,1166
7195,1166
9796,1166
18108,1166
21426,1166
39482,1166
17771,1166
14321,1166
38232,1166
6525,1166
9856,1166
26224,1166
7698,1166
19858,1166
17016,1166
22673,1166
1472,1166
28004,1166
18459,1166
36983,1166
14704,1166
4429,1166
20176,1166
33914,1166
5733,1166
3022,1166
23665,1166
4704,1166
21502,1166
30489,1166
18026,1166
34680,1166
27101,1166
19437,1166
6985,1166
21543,1166
23257,1166
6737,1166
9428,1166
33548,1166
13453,1166
32144,1166
4151,1166
19158,1166
15936,1166
27196,1166
37166,1166
14066,1166
35580,1166
3272,1166
3000,1166
7958,1166
11994,1166
19234,1166
39246,1166
15258,1166
4676,1166
9454,1166
25557,1166
14665,1166
34202,1166
6239,1166
26786,1166
27579,1166
1840,1166
11109,1166
19048,1166
39589,1166
14699,1166
12518,1166
9919,1166
10906,1166
4537,1166
21304,1166
25625,1166
25209,1166
14756,1166
1022,1166
10819,1166
6503,1166
4315,1166
11309,1166
37599,1166
15377,1166
15450,1166
5423,1166
12596,1166
2479,1166
14277,1166
39456,1166
34441,1166
36875,1166
32529,1166
33371,1166
37671,1166
5061,1166
12890,1166
16676,1166
5885,1166
12031,1166
6591,1166
35735,1166
37607,1166
38817,1166
30863,1166
19083,1166
18856,1166
39197,1166
35910,1166
8112,1166
35232,1166
11777,1166
24678,1166
5303,1166
28394,1166
37508,1166
14498,1166
466,1166
26577,1166
16327,1166
36330,1166
27680,1166
1366,1166
5149,1166
34171,1166
5303,1166
21234,1166
4,1166
33676,1166
15573,1194
39640,1194
38801,1194
4202,1194
15855,1194
14466,1194
12737,1194
20143,1194
38564,1194
5997,1194
32354,1194
31179,1194
3493,1194
24456,1194
39620,1194
14683,1194
5365,1194
12922,1194
20402,1194
6531,1194
28571,1194
28816,1194
13936,1194
32449,1194
37663,1194
29347,1194
9916,1194
6211,1194
38606,1194
30982,1194
37540,1194
30897,1194
28769,1194
28816,1194
22717,1194
20497,1194
39744,1194
20817,1194
37708,1194
39783,1194
26863,1194
24850,1194
14561,1194
26063,1194
30244,1194
3517,1194
20817,1194
27168,1194
12642,1194
20817,1194
39744,1194
28433,1194
39720,1194
19793,1194
20817,1194
39620,1194
20371,1194
16046,1194
26765,1194
38716,1194
4202,1194
20873,1194
39744,1194
19935,1194
35152,1194
39473,1194
16472,1194
28391,1194
20817,1194
29635,1194
33977,1194
20077,1194
33977,1194
24754,1194
30395,1194
33977,1194
39622,1194
36895,1194
14466,1194
19344,1194
28750,1194
20300,1194
608,1194
26806,1194
27183,1194
34795,1194
23647,1194
35729,1194
38564,1194
7867,1194
38265,1194
15165,1194
26426,1194
35908,1194
34795,1194
6611,1194
36320,1194
4577,1194
37530,1194
35938,1194
21031,1194
31577,1194
24812,1194
13997,1194
36589,1194
33418,1194
30196,1194
27942,1194
38832,1194
19722,1194
24528,1194
39458,1194
929,1194
4875,1194
17866,1194
5527,1194
17658,1194
21266,1194
18134,1194
27516,1194
31918,1194
2261,1194
39528,1194
6967,1194
36107,1194
8535,1194
39719,1194
28846,1194
39592,1194
38575,1194
39592,1194
19164,1194
22133,1194
21145,1194
30604,1194
39637,1194
26917,1194
20169,1194
20169,1194
20169,1194
30598,1194
20002,1194
14466,1194
23928,1194
20220,1194
38594,1194
18512,1194
1076,1194
5556,1194
6423,1194
26970,1194
26970,1194
26970,1194
39791,1194
10215,1194
9595,1194
36504,1194
35533,1194
39233,1194
8866,1194
3384,1194
29016,1194
9561,1194
1160,1194
29850,1194
30951,1194
23831,1194
9981,1194
39565,1194
39800,1194
28485,1194
38938,1194
28485,1194
14466,1194
21933,1194
29156,1194
504,1194
22237,1194
21933,1194
29156,1194
1444,1194
22347,1194
39437,1194
15513,1194
7653,1194
39814,1194
39624,1194
7653,1194
39437,1194
38295,1194
39661,1194
9083,1194
6562,1194
13392,1194
982,1194
10215,1194
33977,1194
39003,1194
31697,1194
3614,1194
20817,1194
38938,1194
39020,1194
28433,1194
2936,1194
38964,1194
4477,1194
10215,1194
12461,1194
39481,1194
20524,624
17619,624
21237,624
8552,624
4451,624
7174,624
14489,624
6868,624
3426,624
31906,624
28279,624
22062,624
8687,624
35062,624
36898,624
14606,624
32832,624
17931,624
13703,624
27446,624
30471,624
14241,624
11799,624
18150,624
17120,624
9167,624
12776,624
25680,624
21898,624
7441,624
24422,624
21043,624
28725,624
32039,624
28888,624
9449,1249
32522,1249
19976,1249
9770,1249
28304,1249
12611,1249
17519,1249
15224,1249
9657,1249
4113,1249
15218,1249
38889,1249
39098,1249
19004,1249
19442,1249
918,941
1621,941
8486,941
2249,941
36537,941
13567,941
32330,941
29290,941
14383,941
1592,941
2731,941
36521,941
34315,941
37731,941
33235,941
36164,941
16167,941
20038,941
28101,941
23397,941
21457,941
26640,941
11322,941
33714,941
11322,941
4359,941
17321,941
26016,941
7270,941
15644,941
38275,941
5782,941
27176,1296
30480,1296
27126,1296
35835,1296
1834,1296
9438,1296
20827,1296
29612,1296
19251,1296
524,1296
24973,1296
1693,1296
26115,1296
35991,1296
17758,1296
36261,1296
18317,1296
37552,1296
28725,1296
12188,1296
39908,1296
35857,1296
30060,1296
38926,1296
29971,1296
28844,1296
6924,1296
39862,1296
38932,1296
39820,1296
33582,1296
37377,1296
39763,1296
39763,1296
10508,1296
32159,1296
29826,1296
36843,1118
12913,1118
17295,1118
6651,1118
12809,1118
26869,1118
27036,1118
16740,1118
38556,1118
12927,1118
3111,1118
9405,1118
34750,1118
26029,1118
39450,1118
14833,1118
25283,1118
29438,1118
31952,1118
13506,1118
5336,1118
14940,1118
34303,1118
34244,1118
33873,1118
21795,1118
22780,1118
5374,1118
11888,1118
38523,1118
38523,1118
26407,1118
3653,1118
36653,1118
13586,1118
28914,1118
14873,1118
39267,1118
32221,1118
39489,1118
29971,1118
31680,1118
31680,1118
35831,1118
39681,1118
11291,564
12282,564
3216,564
3576,564
19209,564
33681,564
34823,564
11095,564
32402,564
2886,564
7924,564
23455,564
34882,564
949,564
35654,564
33666,564
20704,564
8579,564
17181,1210
29153,1210
20624,1210
39321,1210
13623,1210
31945,1210
19186,1210
27596,1210
33811,1210
27902,1210
25650,1210
28028,1210
26979,1210
18538,1210
25649,1210
26452,1210
25339,1210
25635,1210
26662,1210
19185,1210
25651,1210
25643,1210
21671,1210
26683,1210
28047,1210
26161,1210
27724,1210
22078,1210
33810,1210
36142,1210
23750,1210
26184,1210
19189,1210
31836,1210
23953,1210
26467,1210
9554,1210
26466,1210
19187,1210
25634,1210
21674,1210
25632,1210
31948,1210
28052,1210
25648,1210
27933,1210
27872,1210
26214,1210
31946,1210
25636,1210
26465,1210
21578,1210
25637,1210
25633,1210
26978,1210
33813,1210
25825,1210
25642,1210
25631,1210
26067,1210
26951,1210
27911,1210
30156,1210
33814,1210
16694,1210
34232,1210
13812,1210
21822,1210
39480,1210
23028,1210
24926,1210
23906,1210
30602,1210
24792,1210
39815,1210
39646,1210
38296,1210
35716,1210
13323,1210
30615,1210
33983,1210
31950,1210
36704,1210
31950,1210
30512,1210
36704,1210
34145,1210
39383,1210
38772,879
38884,980
14902,980
9578,980
11844,980
33916,980
31076,980
18352,980
16713,980
2787,980
33624,980
13872,980
32470,980
32964,980
11470,980
18476,980
34257,980
38880,980
19883,980
31486,980
38182,980
25074,980
19612,980
38880,980
15919,980
34539,980
31161,980
8475,980
35045,980
38588,980
38880,980
27552,980
32636,980
3009,980
7811,980
15640,1082
37661,1082
14369,1082
10100,1082
32328,1082
25902,1082
5573,1082
33318,1082
38922,1082
33819,1082
18982,1082
15288,1082
32829,1082
6519,1082
23369,1082
9182,1082
13104,1082
21735,1082
27428,1082
18973,1082
5318,1082
5318,1082
28297,1082
19264,1082
7455,1082
31270,1082
9477,1082
26537,1082
26537,1082
31978,1082
25994,1082
15866,1082
12554,1082
20058,1082
36096,1082
12573,1082
33316,1082
13711,1082
27841,1082
35188,1082
29985,1082
5427,1082
22508,1082
1655,1082
27936,1082
36119,1082
35151,832
22695,832
3009,832
38309,832
26779,832
17403,832
14409,832
25540,832
16982,832
38757,832
31739,832
13054,832
25212,832
12890,832
38158,832
6608,832
33242,832
31010,832
14163,832
26177,832
2613,832
11617,832
29702,832
20802,832
1187,832
26134,832
14274,832
30688,832
19860,832
32478,832
37289,832
34659,832
39031,1165
39260,1165
39033,1165
39215,1165
39052,1165
39029,1165
38514,1165
39058,1165
39151,1165
38985,1165
39034,1165
39060,1165
39043,1165
39009,1165
39165,1165
39169,1165
39153,1165
39222,1165
39026,1165
39061,1165
39025,1165
39240,1165
39039,1165
39050,1165
38484,1165
38950,1165
38998,1165
39210,1165
39024,1165
39059,1165
39054,1165
38866,1165
39051,1165
39195,1165
39221,1165
39132,1165
39028,1165
39008,1165
39212,1165
39152,1165
39166,1165
39000,1165
39220,1165
39213,1165
39252,1165
39065,1165
39064,1165
39094,1165
39063,1165
39018,1165
39119,1165
39117,1165
39141,1165
39115,1165
39127,1165
39140,1165
39075,1165
39069,1165
39118,1165
39068,1165
39126,1165
39076,1165
39073,1165
39143,1165
39074,1165
39179,1165
39158,1165
39171,1165
39139,1165
39128,1165
39081,1165
39145,1165
39129,1165
39016,1165
39082,1165
39084,1165
39083,1165
39086,1165
39137,1165
39133,1165
38996,1165
38989,1165
39005,1165
39019,1165
39135,1165
39092,1165
39007,1165
39093,1165
39157,1165
39116,1165
39097,1165
39062,1165
38928,1165
39138,1165
39014,1165
39103,1165
39096,1165
39105,1165
38984,1165
39106,1165
39142,1165
39155,1165
39156,1165
38992,1165
39146,1165
39170,1165
39172,1165
39015,1165
39112,1165
39004,1165
38994,1165
39144,1165
39110,1165
39159,1165
39040,1165
39241,1165
39298,1165
38898,1165
38906,1165
39227,1165
38904,1165
39021,1165
38905,1165
38951,1165
38988,1165
39292,1165
38856,1165
38987,1165
39309,1165
39305,1165
38864,1165
39041,1165
38840,1165
38986,1165
39042,1165
38997,1165
39030,1165
38895,1165
39251,1165
39273,1165
39049,1165
38931,1165
38857,1165
39010,1165
39253,1165
39022,1165
38963,1165
39035,1165
38962,1165
38896,1165
38909,1165
38908,1165
39293,1165
38846,1165
38982,1165
38839,1165
38853,1165
38863,1165
39131,1165
38952,1165
38855,1165
39002,1165
38894,1165
39274,1165
38847,1165
38865,1165
38976,1165
38999,1165
39125,1165
38861,1165
39044,1165
39053,1165
38929,1165
39300,1165
39045,1165
38854,1165
38862,1165
31327,1165
31327,1165
8343,538
2282,538
2886,538
37444,538
2382,538
35420,538
30845,538
4418,538
7714,538
7366,538
15781,538
23180,538
38604,538
211,538
4471,538
6866,538
3155,538
8965,538
27278,538
6803,538
12467,538
12949,538
12776,538
14176,538
14735,538
26757,538
36923,538
23013,538
19243,538
20708,538
8872,538
10747,538
15137,538
25593,538
2673,538
26627,538
34249,538
625,538
1970,538
5986,538
16949,538
16785,538
27649,538
23944,538
7616,538
2654,538
38200,538
1106,538
10634,538
15611,538
15323,538
17502,538
20645,538
37588,538
55,538
12587,538
33103,538
17732,538
36521,538
33075,538
21657,538
22949,538
11164,538
2113,538
15352,538
34146,538
24084,538
3853,538
28778,538
16078,538
32318,538
1396,538
12978,538
24646,538
31117,538
22712,538
21546,538
13146,538
1345,538
3009,538
36098,538
23493,538
25732,538
37709,538
25532,538
35356,538
18744,538
13532,538
17279,538
33681,538
24061,538
22138,538
21618,538
17285,538
9003,538
33482,538
23055,538
3629,538
9369,538
9369,538
29295,538
12939,538
7926,538
36677,538
37116,538
34895,538
30391,538
4121,538
24212,538
34546,538
13195,538
11706,1216
39072,1216
39164,1216
6761,1216
12496,1216
37,1216
12510,1216
39458,1216
13486,1216
12693,1216
39709,1216
7592,1216
429,1216
5026,1216
34405,1216
20224,1216
39164,1216
6732,1216
37201,1216
7801,1216
37427,1216
38606,1216
18377,1216
31344,1216
31344,1216
29145,1216
39384,1216
32744,1216
29623,1216
23610,1216
33975,1216
7539,1216
26806,1216
39072,1216
4223,1216
39637,1216
32468,1216
7036,1216
19889,1216
39640,1216
3226,1216
20023,1216
39670,1216
12510,1216
39807,1216
33124,1216
39742,1216
14187,1216
31899,1216
39291,1216
20020,1216
7837,1216
22848,1216
9269,1216
22848,1216
26296,1216
16787,1216
19333,1216
4000,1216
3886,1216
39660,1216
18283,1216
19327,1216
7681,1216
3886,1216
24688,1216
27068,1216
24504,1216
28851,1216
1244,1216
11665,1216
30,1216
30668,1216
11147,1216
1489,1216
31331,1216
16772,1216
39826,1216
11676,1216
16395,1216
1433,1216
35882,1216
29363,1216
29363,1216
1805,1216
27121,1216
27121,1216
39280,1216
25828,1216
9269,1216
27965,1216
5591,1216
21734,1216
32159,1216
14921,1216
4899,1216
1677,1216
32823,1216
32823,1216
32823,1216
34429,1216
37291,1216
5009,1216
11828,1216
27516,1216
5643,1216
14921,1216
11676,1216
21403,1216
25329,1216
25329,1216
33834,1216
18357,1216
18357,1216
11676,1216
11609,943
34406,943
8304,943
14043,943
8613,943
15498,943
3628,943
13068,943
12640,943
6013,943
16167,943
26611,943
18551,943
15716,943
24629,943
17964,943
15500,943
6580,943
14926,943
2107,943
14153,943
7961,943
36976,943
26146,943
38771,943
33934,943
4779,943
12281,943
653,943
16031,943
1251,943
24169,943
9336,943
14117,943
3271,943
30226,943
14258,943
7351,943
38001,943
28230,943
15172,943
4514,943
5787,943
31061,943
35334,943
25542,943
8186,943
12541,943
25639,943
37597,943
5023,943
37061,943
5153,943
37597,943
14596,943
18675,943
4400,943
1439,943
35208,943
33995,943
33624,943
37597,943
27899,943
18840,943
14234,943
17036,943
37014,943
25639,943
25182,943
8731,943
23778,943
18840,943
15492,943
37597,943
16164,943
18840,943
19093,943
11513,943
36631,943
12321,943
35003,943
3628,943
36903,943
8154,943
13460,943
6537,943
26146,943
17463,943
30093,943
2272,943
32484,943
7514,943
26146,943
35612,943
23726,943
26146,943
25157,943
38001,943
10225,943
20746,943
26125,943
38947,943
38947,943
26146,943
29735,943
38001,943
14029,943
38197,943
30185,943
13384,943
38630,943
38947,943
27735,943
37597,943
26434,943
33006,943
19386,943
36548,943
5997,943
32247,943
31294,943
37103,943
34400,943
23035,943
5281,943
7514,943
38947,943
27125,943
7629,943
37609,943
3255,943
10850,943
20066,943
23668,943
6677,943
14095,943
30031,943
37291,943
4458,943
22918,943
26879,943
31564,943
37330,943
34246,943
38947,943
29552,943
34246,943
34627,943
34246,943
20350,943
18840,943
20430,943
33781,943
8714,943
21748,943
24080,943
16054,943
20056,943
6103,943
5334,943
5751,943
12360,943
22461,943
12908,943
37597,943
28822,943
11141,943
38688,943
27715,943
29654,943
37249,943
7188,943
23062,583
14845,583
36070,583
37271,583
28725,583
10359,583
2163,583
2357,583
17365,583
15902,583
15799,583
18528,583
1146,583
36149,583
32690,583
36394,583
26423,583
38260,583
28997,583
27154,583
1048,583
10747,583
31683,583
27284,583
28822,583
36031,583
8115,583
31469,583
14960,583
7174,583
7917,583
20441,583
3784,583
25093,583
8144,583
8069,583
30912,583
15858,583
16031,583
36060,583
26757,583
20524,583
37027,583
19856,583
1191,583
27841,583
6068,583
17145,583
5030,583
6348,583
985,583
12281,583
26125,583
7645,583
35999,583
6956,583
6464,583
26809,583
19496,583
18843,583
7021,583
8714,583
30255,583
18069,583
38450,583
11428,583
15086,583
5281,583
37957,583
13280,583
7351,583
25124,583
32484,583
9441,583
17766,583
33624,583
12136,583
3064,583
36979,583
14858,583
5223,583
20475,583
23018,583
34276,583
27966,583
9607,583
35210,583
3621,583
20056,583
5342,583
31352,583
14830,583
13618,583
14267,583
31061,583
15434,583
28710,583
29552,583
3402,583
37330,583
31909,583
27715,583
34798,583
14006,583
32083,583
13542,583
34783,583
14347,583
18139,583
21448,1085
27153,1085
7619,1085
30850,1085
17627,1085
11771,1085
4022,1085
6953,1085
22856,1085
16609,1085
1709,1085
11417,1085
17059,1085
15711,1085
5395,1085
12031,1085
2818,1085
12783,1085
20507,1085
28652,1085
8425,1085
14795,1085
34227,1085
33615,1085
30605,1085
8867,1085
4560,1085
23116,1085
34869,1085
31370,1085
7058,1085
6523,1085
25209,1085
21272,1085
20688,1085
6471,1085
39330,1085
17783,1085
2512,1085
32032,1085
31717,1085
32243,1085
8548,1085
37170,1085
15905,1085
6175,1085
4073,1085
23834,1085
32024,1085
5800,1085
33888,1085
31510,1085
4209,1085
10216,1085
10206,1085
20327,1085
4221,1085
18721,1085
13243,1085
26318,1085
12941,1085
11402,1085
3688,1085
18362,1085
12274,1085
4798,1085
4209,1085
14795,1085
4798,1085
33416,1085
11934,1085
22539,1085
7422,1085
14501,1085
2398,1085
5014,1085
4704,1085
19914,1085
27450,1085
16766,1085
1879,1085
5775,1085
34486,1085
36972,1085
18951,1085
2298,1085
24866,1085
22013,1085
11355,1085
23016,1085
4209,1085
2298,1085
7620,1085
19166,1085
27101,1085
15258,1085
22084,1085
16750,1085
10823,1085
21111,1085
14575,1085
14665,1085
21706,1085
21706,1085
28124,1085
39397,1085
21844,1085
27854,1085
22509,1085
8889,1085
7050,1085
35863,1085
27903,1085
34225,1085
27745,1085
11733,1085
34225,1085
4811,1085
14228,1085
10904,1085
17673,1085
15390,1085
7050,1085
12103,1085
31322,1085
19112,1085
19721,1085
8500,1085
10727,1085
12150,1085
7904,1085
36106,1085
4676,1085
21355,1085
11950,1085
39056,1085
12649,1085
19829,1085
35563,1085
37145,1085
27608,1085
38723,1085
19509,1085
1766,1085
23113,1085
1914,1085
14018,1085
7821,1085
573,1085
38723,1085
16991,1085
17415,1085
31978,1085
26720,1085
38731,1085
20312,1085
15875,1085
33948,1085
1608,1085
34178,1085
25557,1085
22241,1085
9217,1085
23113,1085
38723,1085
9583,1085
36967,1085
14479,1085
13668,1085
16813,1085
12758,1085
38114,1085
18412,1085
18551,1085
28025,1085
22605,1085
9699,1085
6471,1085
32898,1085
23372,1085
20241,1085
2746,1085
39662,1085
2347,1085
38004,1085
32265,1085
37200,1085
39662,1085
17635,1085
8228,1085
31212,1085
14556,1085
28416,1085
29511,1085
6438,1085
31451,1085
32261,1085
33472,1085
21178,1085
22907,1085
19631,1085
15511,1085
19228,1085
12267,1085
13445,1085
34250,1085
12464,1085
24639,1085
23855,1085
35099,1085
13956,1085
21804,1085
13885,1085
34211,1085
2916,1085
17511,1085
19116,1085
35477,1085
16678,1085
29285,1085
14121,1085
16274,1085
16501,1085
28650,1085
6329,1085
27680,1085
22828,1085
20902,1085
30850,1085
19596,1085
2580,1085
15068,1085
2179,1085
37917,1085
15688,1085
22828,1085
34203,1085
25363,1085
22509,1085
573,1085
32563,1085
26867,1085
35868,1085
35868,1085
35868,1085
2746,1085
28076,1085
6166,1085
15415,1085
37290,1085
36825,1085
38780,1085
35533,1085
8817,1085
9759,1085
25704,1085
33769,1085
685,1085
14498,1085
38341,1085
7566,1085
685,1085
685,1085
685,1085
685,1085
37200,1085
685,1085
685,1085
685,1085
685,1085
685,1085
685,1085
685,1085
15751,1085
4071,1085
4957,1085
33045,1085
18439,1085
9006,1085
21734,1085
33558,1085
685,1085
685,1085
23099,1085
685,1085
685,1085
26262,1085
37917,1085
6329,1085
6169,1085
16768,1085
15851,1085
23295,1085
20359,1085
14724,1085
19940,1085
3971,1085
20015,1085
29728,1085
11362,1085
39322,1085
17519,1085
12554,1085
23151,1085
20356,1085
9967,1085
9967,1085
13127,1085
25874,1085
22439,1085
10966,1085
21598,1085
18068,1085
2724,1085
17423,1085
25436,1085
31771,1085
16187,1085
14061,1085
26458,1085
31771,1085
26666,1085
19712,1085
35200,1085
10111,1085
32952,1085
32718,1085
16471,1085
9541,1085
38719,1085
26458,1085
38719,1085
2333,1085
18219,1085
24032,1085
26458,1085
27184,1085
11403,1085
24828,1085
35596,1085
38649,1085
23144,1085
6698,1085
7731,1085
7455,1085
5046,1085
23979,1085
6593,1085
6593,1085
7782,1085
16420,1085
13228,1085
6724,1085
16165,1085
7782,1085
23979,1085
20972,1085
26458,1085
34193,1085
23724,1085
11924,1085
28517,1085
21089,1085
17956,1085
14596,1085
15087,1085
13159,1085
26344,1085
27624,1085
3260,1085
12411,1085
26458,1085
12411,1085
16741,1085
27943,1085
15990,1085
7389,1085
9740,1085
8619,1085
22165,1085
26458,1085
22165,1085
26458,1085
19722,1085
19314,1085
34202,1085
16859,1085
11064,1085
23706,1085
6630,1085
34277,1085
16895,1085
25735,1085
11829,1085
38591,1085
35807,1085
31554,1085
36092,1085
18716,1085
36092,1085
36092,1085
20506,1085
37784,1085
28001,1085
7856,1085
15359,1085
36368,1085
7170,1085
34291,1085
36368,1085
23364,1085
32943,1085
37740,1085
18173,1085
7046,1085
34291,1085
7046,1085
11771,1085
7046,1085
32060,1085
29379,1085
5736,1085
2555,1085
5736,1085
7046,1085
7046,1085
7046,1085
23364,1085
7046,1085
6882,1085
3206,1085
6250,1085
2555,1085
18173,1085
15423,1085
532,1085
30003,1085
10147,1085
20164,1085
10147,1085
34291,1085
20164,1085
7046,1085
27629,1085
38591,1085
16028,1085
9949,1085
23890,1085
11344,1085
37165,1085
8773,1085
18727,1085
24127,1085
24127,1085
13042,1085
13042,1085
17600,1085
28560,1085
17600,1085
7046,1085
28560,1085
28560,1085
6249,1085
29925,1085
28560,1085
13535,1085
34291,1085
34291,1085
29925,1085
28560,1085
34291,1085
6249,1085
28079,1085
21276,1085
35746,1085
3860,1085
9013,1085
3860,1085
14434,1085
4440,1085
9538,1085
7092,1085
9708,1085
36042,1085
23483,1085
23483,1085
38534,1085
7092,1085
33710,1085
23483,1085
24503,1085
3538,1085
10932,1085
27710,1085
37456,1085
24503,1085
39108,1085
11225,1085
15364,1085
30489,1085
10752,1085
7306,1085
37951,1163
34406,942
15386,942
19015,942
33355,942
38169,942
32978,942
15475,942
23596,942
17863,942
38732,942
11046,942
15835,942
29977,942
11053,942
34454,942
9112,942
23224,942
32045,942
20682,942
37683,942
11064,1167
36854,1167
3847,1167
36106,1167
8630,1167
11165,1167
6095,1167
35635,1167
8323,1167
16744,1167
39551,1167
16991,1167
19719,1167
11172,1167
29677,1167
31451,1167
19004,1167
28225,1167
3262,1167
23257,1167
3848,1167
29965,1167
25306,1167
12905,1167
39056,1167
3990,1167
21743,1167
28265,1135
25752,1135
39147,1135
28238,1135
7687,1135
32626,1135
20921,1135
14842,1135
5950,1135
27237,1135
6212,1135
39461,1135
38060,1135
33235,1135
39494,1135
34116,1135
24477,1135
17476,1141
11324,1141
25175,1141
34676,1141
34676,1141
17476,1141
33358,1141
38368,1141
33905,1141
23700,1103
14608,1103
11339,1103
16320,1103
15640,1103
28035,1103
11460,1103
7333,1103
1331,1103
33819,1103
8371,1103
7805,1103
13883,1103
20697,1103
1484,1103
19810,1103
15170,1103
20772,1103
12554,1103
32191,1103
38551,1103
9182,1103
3688,1103
23369,1103
23388,1103
6519,1103
8237,1103
14369,1103
13711,1103
5573,1103
34875,1103
15288,1103
36724,1103
26506,1103
20602,1235
274,1235
38836,1235
1164,1235
36725,1235
33424,1235
1266,1235
32330,1235
15814,1235
11501,1235
17852,1235
38145,1235
35302,1127
25666,1127
25676,1127
38822,1127
6009,1127
11209,1127
19870,1127
38796,1127
38413,1127
21688,1127
3259,1127
29096,1127
24493,1127
37320,1127
24165,1127
3442,1127
28082,1127
31381,1127
37447,1127
26406,1127
38722,1127
39441,1127
39441,1127
5868,1127
29483,1127
4485,1127
34704,1127
25320,1127
34704,1127
25320,1127
29021,1127
4935,1127
17146,1127
1624,1127
34620,1127
38738,1127
38346,1127
17979,1127
38738,1127
39091,1127
7268,1127
25042,1127
25460,1127
35153,1127
6603,1127
29996,1127
8227,1127
15111,1127
24772,1127
37451,1127
27691,1127
11060,1127
29927,1127
28339,1127
7858,1127
8338,1127
37227,1127
32767,1127
34359,1127
34359,1127
34359,1127
24267,1127
5931,1127
12089,1127
14292,1127
32655,1127
27728,1127
39378,1127
39224,1127
11746,1127
11474,1127
37962,1127
25460,1127
37962,1127
2334,1105
3009,1105
3450,1105
8091,1105
36321,1105
20653,1105
37530,1105
8692,1105
13598,1105
15358,1105
36904,1105
4146,1105
36219,1105
12766,1105
7924,1105
32899,1105
26969,1105
38200,1105
21278,1105
26213,1105
21881,1105
36366,1105
38688,1105
10660,1105
20400,1105
30839,1105
33528,1105
11913,1105
18376,1105
33606,1105
2237,1105
18458,1105
28617,1105
38153,1105
18458,1105
10597,1105
17812,1105
19220,1105
18458,1105
27126,1105
8673,1105
23810,1105
9103,1105
2345,1105
33254,1105
25412,1105
23240,1105
11162,1105
11637,1105
31340,1105
15792,1105
28410,1105
29978,1105
31474,1105
1693,1105
39342,1105
21895,1105
14608,1105
8124,1105
2674,1105
12789,1105
23810,1105
28941,1105
1794,1105
29791,1105
7142,1105
23236,1105
10932,1105
12365,1105
20582,1105
38731,1105
4183,1105
22807,1105
24652,1105
6735,1105
23679,1105
6310,1105
26407,1105
2367,1105
18139,1105
12012,1105
12012,1105
3450,1105
19323,1105
11838,1105
7618,1105
39267,1105
21499,1105
36869,1105
19256,1105
34993,1105
20955,1105
30624,1105
8763,1105
39234,1105
31943,1105
15977,1105
15977,1105
15977,1105
20653,1105
15795,1105
1064,1105
10314,1105
10314,1105
10314,1105
34480,1105
5188,1105
22440,1105
22440,1105
22440,1105
39012,1105
39012,1105
15977,1105
36669,1105
36669,1105
36669,1105
36669,1105
30077,1277
38871,1277
39403,1277
34137,1277
39770,1277
3855,1277
39312,1277
38977,1277
4458,1277
5355,1277
24891,1277
30590,1277
34492,1277
21011,1277
38891,1277
1655,1277
12086,1277
36464,1277
25048,1277
5763,1277
29041,1277
22035,1277
18081,1277
28539,1277
38077,1277
10522,1277
37657,1277
1751,1277
36011,1277
39328,1277
38697,1277
16945,566
60,566
4682,566
17277,566
6063,566
29629,566
365,566
13768,566
14176,566
14253,566
8735,566
9459,566
16512,566
19374,566
33847,566
9886,566
53,566
36834,566
235,566
3622,566
23064,566
35678,566
22272,566
26623,566
17682,566
2167,566
27164,566
38454,566
10641,566
9089,845
28530,845
7584,845
5883,845
13690,845
6499,845
14622,845
7900,845
29660,845
38703,845
17463,845
38660,845
11261,845
18936,845
32922,845
7359,845
10164,845
38660,845
37201,845
23287,845
5600,845
36036,845
28840,845
1887,845
31125,845
6848,845
30431,845
37034,845
33440,845
20036,845
22612,845
7879,845
12971,845
38703,845
15745,845
5823,845
13054,845
4937,845
4745,845
22293,845
22293,845
38818,845
13146,845
2097,845
22612,845
11343,845
17393,845
10842,845
1802,845
32377,845
19955,845
9029,845
16078,845
19381,845
22852,845
20820,845
6212,845
12593,845
22293,845
8355,845
34406,845
26264,845
15855,845
18443,845
24101,845
38420,845
27552,845
17840,845
6266,998
572,998
25639,998
22559,998
20294,998
20294,998
23945,998
10859,998
16444,998
38506,998
1471,998
29607,998
4227,998
24000,998
4215,998
1216,998
8770,998
9791,998
22978,998
1822,998
9730,998
4148,998
25212,998
13420,998
17972,998
423,998
20294,998
12449,998
22609,998
22103,998
30985,998
38884,998
15798,1172
26529,1172
39272,1172
35967,1172
35747,1172
27454,1172
8608,936
36499,936
10229,936
32142,936
340,936
578,936
24005,936
29312,936
22507,936
16167,936
5930,936
1424,936
21311,936
15500,936
33228,936
29901,936
5735,936
24148,936
28679,936
1592,936
13375,936
38884,936
12282,936
13354,936
38808,936
21311,936
10597,936
10525,936
38852,936
8576,936
15232,936
38808,936
19402,936
37731,936
4764,936
26177,936
25836,936
10300,936
4571,936
23621,936
12634,936
34276,936
10582,936
16054,936
7811,936
5782,936
11426,1142
12400,1142
10110,1142
10110,1142
31375,1142
31369,1142
35575,1170
21741,1170
20541,1170
7563,1170
31684,1170
139,1170
23860,1170
20270,1170
38325,1170
3935,1170
22608,1170
32147,1170
19784,1170
8471,1170
1906,1170
29906,1170
7195,1170
17292,1170
14530,1170
13855,1170
27608,1170
17428,1170
39719,1170
23939,1170
390,1170
16510,1170
21416,1170
13983,1170
7981,1170
35709,1170
5187,1170
10886,1170
39710,1170
39481,1170
19748,1170
9457,1170
28780,1170
3546,1170
22133,1170
15589,1170
23072,1170
3487,1170
13227,1170
38731,1170
23072,1170
3125,1170
19819,1170
30603,1170
2119,1170
11329,1170
36521,1170
4328,1170
33654,1170
15936,1170
3803,1170
38925,1170
6724,1170
37949,1170
28412,1170
3260,1170
31286,1170
34600,1170
30404,1170
9831,1170
21958,1170
25440,1170
28567,1170
9950,1170
2558,1170
2667,1170
21129,1170
685,1170
33550,1170
33550,1170
16441,1170
10897,1170
21184,1170
31977,1170
2564,1170
15204,1170
21683,1170
26820,1170
2902,1170
9916,1170
32318,1170
35364,1170
32434,1170
22335,1170
15047,1170
37072,1170
38034,1170
37222,1170
2844,1170
39432,1170
22892,1170
2844,1170
9831,1170
37745,1170
38020,1170
2721,1170
36719,1170
20382,1170
22608,1170
20382,1170
22608,1170
13652,1170
28013,1170
32049,1170
38446,1170
2636,1170
16876,1170
21114,1170
34111,1170
11958,1170
9134,1170
22637,1170
9134,1170
18941,1170
10788,1170
38446,1170
21114,1170
33411,1170
16876,1170
1327,1170
28000,1170
9303,1170
21127,1170
3111,1170
21127,1170
25367,1170
26937,1170
1645,1170
1645,1170
11997,1170
11997,1170
37348,1170
37348,1170
27347,1170
20929,1170
21789,1096
19077,1096
3668,1096
1460,1096
13071,1096
16468,1096
689,1096
19967,1096
36851,1096
18943,1096
16503,1096
33414,1096
21303,1096
7749,1096
19252,1096
11880,1096
2093,1096
19821,1096
1439,1096
21228,1096
13501,1096
18654,1096
13969,1096
20837,1096
20472,1096
16723,1248
14569,1248
19954,1248
25010,1248
3761,1248
6619,1248
29478,1248
36364,1248
38253,1248
4252,1248
22153,1248
19045,1248
10861,1248
14887,1248
20358,1248
19811,1248
21368,1248
20555,1248
25764,1248
11863,1248
39497,1248
39554,1248
9566,1248
17731,1248
8007,1248
6260,1248
39823,1248
15646,1248
36760,1248
38395,1248
6260,1248
17487,1248
16365,1248
38395,1248
3191,1248
3191,1248
36538,1248
39528,1248
13796,1248
28538,1248
4114,1248
16543,1248
11967,1248
1976,1248
8478,1248
5179,1248
1556,1248
29476,1248
37134,1248
32444,1248
15132,1248
16922,1248
989,1248
3040,1248
7141,1248
32115,1248
23215,1248
38631,1248
5365,1248
39829,1248
10311,1248
22313,1248
565,1248
5080,1248
39524,1248
16030,1248
33173,1248
26567,1248
32235,1248
15647,1248
18083,1248
32301,1248
7436,1248
19941,1248
23915,1248
13307,1248
28220,1248
34434,1248
7231,1248
2934,1248
106,1248
15075,1248
18417,1248
29193,1248
14899,1248
19501,1248
18508,1248
29319,1248
35898,1248
20379,1248
11284,1248
5203,1248
17866,1248
29059,1248
1340,1248
17896,1248
39754,1248
4738,1248
37245,1248
39066,1248
14280,1248
39877,1248
36248,1248
28260,1248
2259,1248
10847,1248
19829,1248
27608,1248
3990,1248
20539,1248
1610,1248
35286,1248
37012,1248
38363,1248
17659,1248
15401,1248
37373,1248
32281,1248
16548,1248
31015,1248
33378,1248
14912,1248
21576,1248
39413,1248
39090,1248
22045,1248
33460,1248
39875,1248
39881,1248
27509,1248
37537,1248
39335,1248
14410,1248
1307,1248
39163,1248
14584,1248
8581,1248
8978,1248
5713,1248
39483,1248
8727,1248
10276,1248
36826,1248
7883,1248
19599,1248
36664,1248
317,1248
26525,1248
36558,1248
10096,1248
32351,1248
36664,1248
32529,1248
9280,1248
30163,1248
23293,1248
23293,1248
22717,1248
3881,1248
34813,1248
38363,1248
13102,1248
5592,1248
25969,1248
19337,1248
35618,1248
24116,1248
37571,1248
10449,1248
815,829
1001,829
358,829
7146,829
443,829
16602,829
33196,829
13175,829
23152,829
57,829
1004,829
11518,829
85,829
1386,829
7616,829
25724,829
6598,829
14332,829
5811,829
98,829
1940,829
19900,829
19214,829
7795,829
14159,829
555,829
361,829
17857,829
31623,829
7257,829
3532,829
38200,829
37148,829
12258,829
8158,829
20446,829
30234,829
11045,829
11979,829
28718,829
18010,829
16474,829
716,829
3805,829
18898,829
5671,829
20842,829
31981,829
19984,829
32257,829
321,829
34544,829
36836,829
9474,1222
13243,1222
21610,1222
19843,1222
33115,1222
20607,1222
38879,1222
17930,1222
24727,1222
16793,1222
28996,1222
8170,1222
36144,1222
28834,1222
25135,1222
17623,1222
19638,1222
12153,1222
39779,1222
39047,1222
29577,1222
36806,1222
15739,1222
23155,1222
17035,1222
19581,1222
7209,1222
27210,1222
23039,1222
15852,1222
34934,1222
20263,1222
20735,1222
38972,1222
22856,1222
34804,1222
25874,1222
12683,1222
17493,1222
14806,1225
3288,1225
15777,1225
3934,1225
2181,1225
39454,1225
929,1225
1644,1225
26495,1225
33599,1225
11529,1225
23506,1225
2417,1225
2417,1225
2731,1225
23506,1225
13650,1225
11526,1225
13636,1225
10005,1225
390,1225
668,1225
1116,1225
321,1225
27816,1225
27816,1225
27816,1225
27816,1225
27816,1225
27816,1225
11529,1225
32405,1225
23506,1225
14244,1225
2417,1225
27816,1225
3927,1225
35649,1225
35649,1225
3288,1225
13650,1225
13636,1225
33599,1225
27816,1225
10690,1225
19200,1225
31073,1225
2332,934
19880,934
36477,934
6977,934
10158,934
1864,934
4975,934
19401,934
3795,934
796,934
218,934
26493,934
11630,934
17151,934
34992,934
36521,934
38158,934
23435,934
661,934
10250,934
30610,934
2874,934
12151,934
8546,934
17863,934
11807,934
18688,934
10683,934
31687,934
10081,934
30798,934
29901,934
8593,934
11027,934
34731,934
38132,934
9826,934
8608,934
24021,934
15347,934
10503,934
13619,934
25413,934
11923,934
12117,934
19427,934
3926,934
32260,934
35515,934
10081,934
6355,934
20909,934
1529,934
26640,934
34146,934
20463,934
35889,934
12174,934
9621,934
25454,934
33526,934
34876,934
31777,934
4126,934
36837,1196
9138,1196
33243,1196
15105,1196
4695,1196
25112,1196
39263,1196
12245,1196
39752,1196
2870,1196
26515,1196
32760,1196
37243,1196
28435,1196
38767,1196
15219,1196
28327,1196
36837,1196
31591,1196
21975,1196
9561,1196
5649,1196
5649,1196
34796,1196
30409,1196
39737,1196
38825,1196
13561,1196
37462,1196
5869,1196
22547,1196
38620,1196
30827,1196
29432,1196
32825,1196
33517,1196
38737,1196
13935,1196
39269,1196
24167,1196
22120,1196
23577,1196
34796,1196
2046,1196
39567,1196
36390,1196
30319,1196
34442,1196
15012,1196
21199,1196
39741,1196
32672,1196
28242,1196
37641,1196
23699,1196
29189,1196
38765,1196
1731,1196
8379,1196
22763,1196
32984,1196
38568,1196
39626,1196
21031,1196
30632,1196
5594,1196
6603,1196
9382,1196
34457,1196
38568,1196
19870,1196
39590,1196
11794,1196
6603,1196
31397,1196
11687,1196
12555,1196
13338,1196
16095,1196
25488,1196
12555,1196
25488,1196
39353,1196
39729,1196
39167,1196
33757,1196
39353,1196
39729,1196
39353,1196
39729,1196
39167,1196
30174,1196
19690,1196
31707,1196
20620,1196
34355,1196
28512,1196
13856,1196
37739,1196
18018,1196
39628,1196
7419,1196
8600,1196
38042,1196
29507,1196
39614,1196
30174,1196
13040,1196
38100,1196
15477,1196
36669,1196
12601,1196
28302,1196
6416,1196
33025,1196
19354,1196
10516,1196
1296,1196
4501,1196
22360,1196
24364,1196
28521,1196
31456,1196
922,1196
31827,1196
7858,1196
5247,1196
29574,1196
19050,1196
5594,1196
39654,1196
924,1196
8933,1196
6200,1196
23840,1196
36495,1196
22814,1196
34744,1196
28294,1196
31013,1196
28294,1196
9183,1196
31394,1196
22315,1196
5698,1196
35384,1196
16188,1196
16188,1196
39563,1196
16188,1196
39657,1196
16188,1196
16188,1196
32137,1196
33210,1196
18103,1196
39732,1196
28117,1196
23747,1196
38505,1196
18103,1196
28464,1196
19640,1196
7739,1196
39430,1196
19548,1196
1574,1196
39020,1196
39410,1196
39735,1196
8227,1196
4917,1196
14694,1196
27544,1196
38132,1196
3031,1196
20750,1196
2381,1196
6514,1196
5217,1196
5217,1196
3872,1196
3872,1196
27072,1196
27889,1196
16188,1196
28088,1196
27889,1196
16188,1196
36538,1196
28088,1196
5539,1196
34393,1196
36167,1196
34393,1196
39088,1196
33134,1196
4243,1196
3872,1196
25334,1196
28088,1196
29736,1196
7134,1196
9987,1196
26659,1196
39225,1196
37883,1196
7421,1196
25316,1196
33135,1196
26072,1196
14627,1196
30884,1196
12130,1196
33427,1196
17146,1196
33427,1196
37938,1196
38566,1196
35882,1196
37215,1196
23518,1196
28794,1196
30903,1196
25514,1196
25576,1196
36352,1196
39175,1196
25451,1196
16292,1196
39175,1196
38036,1196
35494,1196
6668,1196
25359,1196
30416,1196
24618,1196
5754,1196
39346,1196
23476,1196
39345,1196
39753,1196
14931,1196
1955,1196
32420,1196
27517,1196
29240,1196
38267,1196
39666,1196
21691,1196
33895,1196
36600,1196
31656,1196
27728,1196
39793,1196
29935,1196
20331,1196
29935,1196
29332,1196
24973,1196
27465,1196
27465,1196
39750,1196
31656,1196
13036,1196
36209,1196
36209,1196
5594,1196
23176,1196
4145,1196
11233,1196
31012,1196
31012,1196
28493,1196
26095,1196
38883,1196
30188,1196
27311,1196
28008,1196
39542,1196
35591,1196
6777,1196
25144,1196
7131,1196
27069,1196
9057,1196
27365,1196
6171,1004
1662,1004
1915,1004
14206,1004
25074,1004
23075,1004
15710,1004
10677,1004
20937,1004
38506,1004
2622,1004
26068,1004
18497,1004
9550,1004
7026,1004
8608,1004
37019,1004
19239,1004
21719,1004
29445,1004
1891,1004
26169,1004
907,1004
14132,1004
8106,1004
31775,1004
25482,1004
33952,1004
35585,1004
16266,1004
25330,1004
26254,1004
1802,1004
3767,1004
26954,1004
17169,1004
29004,1004
35273,1004
21386,1004
740,1004
38927,1004
15679,1004
29174,1004
22697,1004
18502,1004
35469,1004
7115,1004
21852,1004
17517,1004
2607,1004
38390,1004
35273,1004
17453,1004
16201,1004
7270,1004
1630,1004
5715,1004
25054,1004
2164,1004
4362,1004
5428,1004
5163,1004
4362,1004
29326,1004
21065,1004
3729,1004
1310,1004
265,1004
32494,1004
37483,1004
17633,1004
32483,1004
11385,1004
5175,1004
1685,1004
20135,1004
21830,1004
2527,1004
21626,1004
21020,1004
10329,1004
24725,1004
33592,1004
6965,1004
26935,1004
27438,1004
35343,1004
7525,1004
36521,1004
1484,1004
8735,1004
21981,1004
15158,1004
10088,1004
15958,1004
17411,1004
14598,1004
1216,1004
11533,1004
13609,1004
4656,1004
24541,1004
31020,1004
17649,1004
26692,1004
3335,1004
29078,1004
1200,1004
14621,1004
3335,1004
25221,1004
32981,1004
14790,1004
36878,1004
37258,1004
7225,1004
33271,1004
33271,1004
32981,1004
11501,1004
32236,1004
33394,1004
8790,1004
37808,1004
17483,1004
4067,1004
37971,1004
31707,1004
35831,1004
11854,1136
24834,1136
37153,1136
33358,1136
33047,1136
29348,1136
27528,1275
38873,1275
21054,1275
31569,1275
6367,1275
31410,1275
14493,1275
14493,1275
38511,1275
34592,1275
38873,1275
12816,1212
7322,1212
19112,1212
28478,1212
14012,1212
31322,1212
17764,1212
29511,1212
38034,1212
39680,1212
39508,1212
23660,1212
39639,1293
25110,1293
39616,1293
5278,1293
4033,1293
39665,1293
39676,1293
29636,1293
39467,1293
38319,1293
7887,1293
23640,1293
39445,1293
7347,1293
1987,1293
27275,1293
22832,1293
10819,1293
2864,1293
31157,1293
3675,1293
465,1293
7347,1293
39655,1293
23426,1293
12000,1293
38575,1293
36681,1293
36681,1293
15215,1293
2272,1293
7422,1293
7161,852
932,852
22089,852
15580,852
28543,852
29406,852
2163,852
11353,852
24471,852
30364,852
25864,852
7586,852
9791,852
23339,852
4715,852
18497,852
11282,852
2048,852
31381,852
10698,852
23871,852
23963,852
31725,852
10229,852
1997,852
22166,852
3446,852
30185,852
8818,852
16877,852
12359,852
5377,852
4681,852
6013,852
24525,852
35706,852
34063,852
31600,852
38757,852
36299,852
37201,852
9364,852
5746,852
18443,852
7103,852
1454,852
32260,852
9203,852
29256,852
36095,852
6960,852
9233,852
14631,852
25193,852
20955,852
248,852
12091,852
16054,852
37034,852
29612,852
24986,852
27024,852
22013,852
3009,852
15587,1273
39886,1273
7281,1273
37276,1273
35368,1273
26879,1273
30953,1273
9670,1273
16240,1273
10753,1273
6212,1273
8275,1273
39070,1273
25123,1273
16359,1273
21632,1273
21632,1273
28604,1273
190,1273
16992,1273
39766,1207
4227,1207
3027,1207
8745,1207
26766,1207
32100,1207
26,1207
18391,1207
39196,1207
28367,1207
12281,1207
1251,1207
39697,1207
39429,1207
20402,1207
29624,1207
24436,1207
15243,1207
39607,1207
32685,1207
14631,1207
26483,1207
4121,1207
3325,1207
6931,1207
9981,1207
9124,1207
1458,1207
26681,1207
26982,1207
9724,1207
27735,1207
29552,1207
39656,1207
19344,1207
37552,1207
7152,1207
3937,1207
37448,1207
28846,1207
36141,1207
33006,1207
23017,1207
27922,1207
28928,1207
27922,1207
608,1207
35150,1207
39704,1207
39721,1207
39721,1207
7735,1207
39817,1207
8535,1207
28485,1207
34238,1207
17016,1207
28410,1207
39182,1207
27168,1207
39800,1207
39554,1207
8007,1207
3644,1207
26917,1207
26917,1207
10311,1207
1076,1207
31179,1207
504,1207
32802,1207
1734,1207
12461,1207
39648,1207
28558,1207
23831,1207
11524,1207
30202,1207
30202,1207
30202,1207
1000,1207
39607,1207
32694,1207
1160,1207
26681,1207
37291,1207
1243,1207
3136,1207
10476,1010
7618,1010
16726,1010
4886,1010
15387,1010
14419,1010
10946,1010
4529,1010
5201,1010
15378,1010
11652,1010
9578,1010
36024,1010
19047,1010
38545,1010
38390,1010
31857,1010
18265,1010
805,1010
4947,1010
18148,1010
15491,1010
8576,1010
16619,1010
13058,1010
11709,1010
21957,1010
23498,1010
3376,1010
5460,1010
9501,1010
17186,1010
1098,1010
9526,1010
19143,1010
13412,1010
32267,1010
12198,1010
1769,1010
38119,1010
32770,1010
11313,1010
9302,1010
25877,1010
9515,1010
10826,1010
3271,1010
14399,1010
36556,1010
3060,1010
116,1010
15222,1010
25753,1010
8518,1010
35479,1010
23933,1010
11984,1010
21778,1010
18614,1010
33212,1010
37064,1010
6549,1010
8100,1010
8486,1010
26694,1010
21014,1010
22693,1010
28138,1010
9710,1010
12820,1010
18167,1010
138,1010
9838,1010
23612,1010
5972,1010
27226,1010
21474,1010
36825,1010
1469,1010
32142,1010
2958,1010
8202,1010
8526,1010
4759,1010
19673,1010
17356,1010
21677,1010
13223,1010
6938,1010
22616,1010
8263,1010
13534,1010
10264,1010
12761,1010
687,1010
3501,1010
21669,1010
21386,1010
25053,1010
34899,1010
5695,1010
17331,1010
13465,1010
36907,1010
30434,1010
10703,1010
37536,1010
81,1010
17923,1010
37325,1010
14895,1010
10784,1010
28087,1010
25737,1010
7669,1010
6301,1010
10525,1010
16700,1010
9318,1010
14902,1010
17324,1010
38530,1010
8796,1010
21670,1010
16605,1010
36423,1010
17226,1010
25054,1010
21003,1010
33336,1010
3889,1010
26482,1010
10105,1010
28905,1010
34938,1010
12412,1010
15465,1010
4224,1010
12801,1010
21956,1010
2800,1010
15356,1010
35603,1010
12503,1010
18809,1010
19294,1010
19938,1010
1659,1010
36682,1010
8106,1010
18984,1010
11844,1010
30087,1010
21467,1010
22645,1010
2841,1010
6045,1010
19475,1010
33760,1010
10117,1010
29796,1010
11765,1010
8641,1010
9230,1010
38659,1010
4942,1010
27376,1010
8735,1010
32053,1010
15679,1010
7786,1010
15577,1010
5450,1010
5835,1010
4263,1010
789,1010
36974,1010
18502,1010
18232,1010
21719,1010
11680,1010
20103,1010
10300,1010
13671,1010
18833,1010
31734,1010
12912,1010
33144,1010
24238,1010
16586,1010
34480,1010
30,1010
7840,1010
4606,1010
12223,1010
11956,1010
20222,1010
16351,1010
19794,1010
18647,1010
479,1010
6887,1010
23630,1010
27145,1010
19010,1010
9446,1010
3037,1010
12117,1010
23444,1010
1621,1010
5121,1010
162,1010
26555,1010
12381,1010
18096,1010
26876,1010
2491,1010
36599,1010
11282,1010
21126,1010
5941,1010
1784,1010
23025,1010
14803,1010
7642,1010
6007,1010
36521,1010
33804,1010
6946,1010
24649,1010
38158,1010
31187,1010
24407,1010
23368,1010
26935,1010
28577,1010
32312,1010
31018,1010
34528,1010
36499,1010
7673,1010
9247,1010
8175,1010
13420,1010
7859,1010
35360,1010
1915,1010
15452,1010
17983,1010
38200,1010
29587,1010
34668,1010
24406,1010
15673,1010
17628,1010
422,1010
2396,1010
14409,1010
10762,1010
21110,1010
32336,1010
1031,1010
22462,1010
34712,1010
15126,1010
1808,1010
19388,1010
5709,1010
7878,1010
25849,1010
18404,1010
2164,1010
5770,1010
3752,1010
11905,1010
15150,1010
16771,1010
6093,1010
25990,1010
3121,1010
18520,1010
31892,1010
20064,1010
6664,1010
10825,1010
32964,1010
23219,1010
18612,1010
17406,1010
5163,1010
35948,1010
7612,1010
31429,1010
14930,1010
25784,1010
24217,1010
11807,1010
28924,1010
15505,1010
35469,1010
29324,1010
13859,1010
13350,1010
19797,1010
35974,1010
10611,1010
31839,1010
18214,1010
23728,1010
7196,1010
18799,1010
34430,1010
13496,1010
7128,1010
5377,1010
11470,1010
24000,1010
10456,1010
16054,1010
34542,1010
17001,1010
25598,1010
14138,1010
13140,1010
38643,1010
9943,1010
17085,1010
5164,1010
1980,1010
10533,1010
17742,1010
12519,1010
29896,1010
6614,1010
265,1010
18203,1010
32494,1010
27250,1010
16937,1010
17270,1010
11555,1010
21008,1010
17615,1010
16444,1010
14328,1010
15555,1010
9361,1010
14933,1010
16266,1010
14790,1010
16719,1010
10747,1010
9949,1010
12790,1010
9482,1010
35881,1010
16923,1010
11687,1010
20199,1010
15780,1010
34278,1010
14481,1010
3683,1010
8017,1010
29379,1010
9304,1010
30193,1010
36161,1010
12864,1010
14284,1010
248,1010
1918,1010
24185,1010
10844,1010
10253,1010
6213,1010
34330,1010
2769,1010
27601,1010
1376,1010
6253,1010
2748,1010
14314,1010
34603,1010
25908,1010
30782,1010
33995,1010
14139,1010
464,1010
15661,1010
11912,1010
6435,1010
10301,1010
3411,1010
30469,1010
10803,1010
11679,1010
35077,1010
361,1010
10998,1010
201,1010
4141,1010
30031,1010
18746,1010
7446,1010
23255,1010
1806,1010
18860,1010
23068,1010
12538,1010
22470,1010
9929,1010
38968,1010
9151,1010
19056,1010
8678,1010
12541,1010
1549,1010
9465,1010
23816,1010
29893,1010
799,1010
27982,1010
37151,1010
630,1010
33817,1010
661,1010
7319,1010
29642,1010
24806,1010
18330,1010
31486,1010
8523,1010
29751,1010
21564,1010
13376,1010
11032,1010
14931,1010
17992,1010
17053,1010
35506,1010
15865,1010
35384,1010
22859,1010
10513,1010
38298,1010
16995,1010
27127,1010
14161,1010
34407,1010
24204,1010
36372,1010
6318,1010
78,1010
13009,1010
16103,1010
24987,1010
37390,1010
294,1010
17098,1010
3805,1010
28471,1010
15003,1010
33202,1010
1133,1010
12993,1010
30845,1010
18075,1010
7252,1010
13690,1010
37763,1010
8257,1010
3389,1010
32364,1010
879,1010
13724,1010
1440,1010
36566,1010
18760,1010
33769,1010
3459,1010
33623,1010
33574,1010
27836,1010
14220,1010
24622,1010
9791,1010
19741,1010
7599,1010
19077,1010
13968,1010
6043,1010
38579,1010
35281,1010
12921,1010
36334,1010
10106,1010
16197,1010
32135,1010
15094,1010
31630,1010
11428,1010
22559,1010
521,1010
30464,1010
2522,1010
38793,1010
34411,1010
31795,1010
31267,1010
30142,1010
16661,1010
17393,1010
18090,1010
29066,1010
30329,1010
11421,1010
24080,1010
2614,1010
9826,1010
23196,1010
16950,1010
21154,1010
2851,1010
34896,1010
18115,1010
34234,1010
11248,1010
37241,1010
16666,1010
12984,1010
2484,1010
22244,1010
38444,1010
33054,1010
21265,1010
14886,1010
11014,1010
15766,1010
10421,1010
8075,1010
14904,1010
31484,1010
8407,1010
6935,1010
35248,1010
7658,1010
37611,1010
29890,1010
38160,1010
14201,1010
25864,1010
36183,1010
28226,1010
15745,1010
34972,1010
22981,1010
36279,1010
37091,1010
14403,1010
2044,1010
33916,1010
12992,1010
22609,1010
10699,1010
15586,1010
30497,1010
5185,1010
27068,1010
33147,1010
19224,1010
3798,1010
32506,1010
9521,1010
8249,1010
24004,1010
28132,1010
36931,1010
26498,1010
2939,1010
20820,1010
9925,1010
34822,1010
11387,1010
38646,1010
7856,1010
15361,1010
24539,1010
30195,1010
13828,1010
18443,1010
17840,1010
434,1010
37551,1010
23503,1010
10952,1010
33354,1010
9169,1010
18139,1010
24712,1010
38913,1010
33366,1010
28137,1010
9186,1010
4602,1010
29402,1010
37249,1010
32506,865
23498,865
14115,865
3037,865
6040,865
2673,865
38650,865
30930,865
7972,865
35728,865
17926,865
32086,865
23852,865
32086,865
33982,865
15452,865
7774,865
38613,865
34427,865
30930,865
2579,865
3306,865
23308,865
38499,865
32280,865
22165,865
14884,865
14621,865
24953,865
24821,865
25928,865
23375,865
15272,865
35419,865
16718,865
29795,865
14980,865
12304,865
28651,865
24187,257
1696,257
1914,257
19245,257
6548,257
6175,257
27098,257
5055,257
9412,257
4027,257
10609,257
9412,257
8180,257
14612,257
29005,1121
37062,1121
9356,1121
39491,1121
35919,1121
39449,1121
18558,1121
6458,1121
35072,1121
4595,1121
18399,1121
17557,1121
39411,1121
21808,1121
39354,1121
28949,1121
12289,1121
12289,1121
14260,1121
9337,1121
14260,1121
36253,1121
19722,1121
3184,1121
14260,1121
18954,1121
32634,1121
6314,1121
31251,1121
39532,1121
39532,1121
6314,1121
39511,1121
39511,1121
39511,1121
39511,1121
39449,1121
29829,1121
39511,1121
39511,1121
25470,1121
17557,1121
28152,1121
4595,1121
17557,1121
14202,1121
35165,1121
32221,1121
4966,1121
31035,1121
31943,1121
33394,1121
33468,1121
36753,1121
38845,1121
17982,1064
18182,1064
35760,1064
47,1064
15018,1064
34616,1064
39154,1064
33158,1064
11294,1064
8489,1064
14933,1064
16953,1064
11220,1064
14117,1064
17004,1064
12765,1064
31,1064
33205,1064
6598,1064
20770,1064
38281,1064
17689,1064
38576,1064
1997,1064
24629,1064
24566,1064
32922,1064
2731,1064
5273,1064
7025,1064
21950,1064
38409,1064
10227,1064
7174,1064
22021,1064
37406,1064
16503,1064
38197,1064
15232,1064
34647,1064
10490,1064
14263,1064
10134,1064
177,1064
23075,1064
5751,1064
1970,1064
32128,1064
4531,1064
19813,1064
30023,1064
32519,1064
529,1064
13213,1064
10254,1064
29587,1064
11291,1064
25898,1064
37282,1064
36774,1064
14631,1064
31313,1064
13367,1064
9119,1064
19246,1064
33619,1064
32057,1064
23954,1064
17753,1064
29735,1064
16488,1064
4323,1064
29127,1064
35757,1064
17098,1064
17728,1064
9670,1064
10114,1064
6405,1064
6685,1064
7629,1064
30255,1064
5639,1064
21104,1064
31322,1064
10076,1064
3916,1064
22918,1064
24014,1064
25074,1064
14468,1064
38859,1064
30707,1064
11129,1064
38852,1064
29752,1064
30688,1064
17211,1064
36566,1064
33049,1064
12587,1064
35857,1064
34313,1064
8724,1064
34871,1064
4839,1064
37354,1064
30093,1064
25361,1064
24732,1064
22682,1064
8374,1064
35612,1064
36183,1064
1623,1064
13292,1064
35911,1064
6405,1064
14630,1064
30790,1064
24082,1064
11706,1064
6988,1064
38560,1064
13049,1064
29748,1064
23878,1064
20575,1064
22277,1064
63,1064
31909,1064
20633,1064
20350,1064
18612,1064
15334,1064
5454,1064
5169,1064
17271,1064
10699,1064
7906,1064
37049,1064
22043,1064
39317,1064
6124,1064
27154,1064
33623,1064
28374,1064
28286,1064
18353,1064
20472,1064
28314,1064
28268,1064
30599,1064
34116,1064
8179,1064
9718,1064
33914,1064
27828,1064
28661,1064
28661,1064
28661,1064
14511,1064
5054,1064
29455,1064
14900,1064
14006,1064
32636,1064
719,1064
13616,1064
16908,1064
2163,1240
8187,1240
5514,1240
39091,1240
2079,1240
29612,1240
1508,1240
4221,1240
32675,1240
38522,1240
29847,1240
20688,1240
24492,1240
13735,1240
2976,1240
39277,1240
13006,1240
38924,1240
22933,1240
31697,1240
22775,1240
27332,1240
9668,1240
21709,1240
24267,1240
35477,1240
34726,1240
5195,1240
39304,1214
13755,1214
38335,1214
39623,1214
27368,1214
1314,1214
39602,1214
39601,1214
39588,1214
5523,1214
18443,1214
16085,1214
19927,1214
37344,1214
1165,1214
45,1214
14873,1214
29752,1214
12496,1214
4057,1214
26806,1214
39384,1214
33261,1214
33260,1214
16887,1214
29623,1214
37357,1214
20844,1214
39420,1214
13276,1214
31245,1214
10466,1214
20478,1214
20450,1214
411,1214
39216,1214
11467,1214
16126,1214
32057,1214
25997,1214
12409,1214
10591,1214
13276,1214
28348,1214
11923,1214
19344,1214
653,1214
20970,1214
12409,1214
5107,1214
18181,1214
31160,1214
38335,1214
21314,1214
6620,1214
37176,1214
39764,1214
1818,1214
20224,1214
1233,1214
1523,1214
9606,1214
4899,1214
6328,1214
6053,1214
31915,1214
16395,1214
19836,1214
29552,1214
34682,1214
1145,1236
1084,1236
4739,1236
35903,1236
10309,1236
39518,1236
122,1236
33941,1236
20383,1236
36812,1236
30580,1236
24527,1236
21925,1236
20548,1236
6042,1236
38983,1236
22335,1236
3853,1236
5035,1236
37311,1236
1486,1236
8124,1236
29935,1236
34335,1236
3009,1236
6347,1236
5040,1236
38877,1236
32355,1236
23228,1236
36047,1236
7524,1236
33245,1236
24969,1236
4195,823
6817,823
25724,823
32954,823
3616,823
2944,823
23317,823
35592,823
6744,823
2014,823
14442,823
5985,823
7708,823
36930,823
33176,823
5671,823
18814,823
33584,823
884,823
15417,823
14272,823
20001,823
34258,823
11015,823
33347,823
331,823
26017,823
14170,823
16982,823
5882,823
21879,823
32954,823
9502,823
25929,823
27932,823
6809,823
2093,823
13079,823
11034,823
35538,823
5823,823
11838,823
32309,823
1701,823
30320,823
21641,823
16504,823
28917,823
7838,823
242,823
28840,823
28234,823
8936,823
29516,823
13338,823
34432,823
2327,823
29187,823
31854,823
211,823
13041,823
24851,823
1701,823
5934,823
36197,823
5667,823
19286,823
22276,823
19630,823
17822,823
12181,823
27587,823
11045,823
32111,823
7190,823
1200,823
1025,823
14713,823
25916,823
26301,823
3712,823
22184,823
33327,823
31251,823
25686,823
35568,823
12174,823
18644,823
3795,823
30250,823
31002,1134
38777,1134
37144,1134
1554,1134
12062,1134
22832,1134
21206,1134
119,1134
39445,1134
33226,1134
4765,1134
21206,1134
22871,1134
9865,1134
35501,1134
20204,1134
20204,1134
25110,1134
31157,1134
28770,1134
12921,1134
13950,1134
4380,1134
2941,1134
39540,1134
21330,1134
22441,1134
3420,1134
5418,1134
23216,1134
23260,1134
15819,1134
32247,1134
29768,1134
13395,1134
27330,1134
931,1134
33874,1134
27694,1134
22445,1134
256,1134
21008,1134
36521,1134
39534,1134
39422,1134
38918,1134
21101,1134
16290,1134
33106,1134
23823,1134
23823,1134
36460,1134
2861,1134
33470,1134
6570,1134
17294,1134
36985,1134
1960,1134
34814,1134
1487,1134
19980,1134
811,1134
11648,1134
3678,1134
9295,1134
24477,1134
8512,1134
3303,1134
22053,1134
3420,1134
1358,1134
2013,1134
12362,1134
38776,1241
31569,1241
14836,1241
21054,1241
31410,1241
5877,1241
38511,1241
38916,1241
6449,1289
15359,1289
12172,1289
28560,1289
39421,1289
14377,1289
38282,1289
24007,1289
22002,1289
39709,1289
26196,1289
7046,1289
21312,1289
31814,1289
6158,1289
10291,1289
26549,1289
30360,1289
39846,1289
1097,1289
11039,1289
7792,1289
19329,1289
14904,1289
3015,1289
36211,1289
34289,1289
3053,1289
38901,1289
33857,1289
16848,1289
6371,1289
1500,1289
37454,1289
29761,1289
34962,1289
28839,1289
23408,1289
34991,1289
2118,1289
17721,1289
16985,1289
18384,1289
39271,1289
34986,1289
29560,1289
10073,1289
5599,1289
12913,1289
17042,1289
3724,1289
12508,1289
38280,1289
18731,1289
17369,1289
6790,1289
5493,1131
6461,1131
39088,1131
4015,1131
5184,1131
39338,1131
39088,1131
26634,1131
39287,1131
24061,1131
10806,1131
4015,1131
4525,1131
38249,1131
22031,1131
31928,1131
33246,1131
26451,1131
20102,1131
25676,1131
39410,1131
13338,1131
28359,1131
36585,1131
28938,1131
31176,1131
27010,1131
27547,1131
15867,1131
19582,1131
32092,1131
6495,1131
34901,1131
21413,1131
18246,1131
38883,1131
15722,1131
8320,1131
30267,1131
35873,1131
5512,1131
26796,1131
5512,1131
25520,1131
30932,1131
29189,1131
5434,1131
29091,1131
24813,1131
29927,1131
5366,1131
7952,1131
8061,1131
31456,1131
26796,1131
14064,1131
21816,1131
29350,1131
33091,1131
35142,1131
10426,1131
2852,1131
20085,1131
35084,1131
30842,1131
38605,1131
25514,1131
27915,1131
334,1131
28460,1131
1574,1131
19676,1131
3780,1131
30933,1131
29027,1131
36968,1131
5177,1131
6826,1131
2706,1131
1979,1131
36327,1131
26136,1131
19841,1131
35050,1131
28242,1131
37769,1131
15953,1131
7966,1131
8974,1131
30816,1131
38595,1131
34060,1131
31999,1131
8379,1131
29145,1131
14801,1131
23557,1131
1955,1131
27064,1131
35161,1131
33403,1131
8732,1131
12089,1131
36309,1131
13856,1131
21452,1131
38010,1131
11469,1131
6256,1131
33012,1131
13344,1131
26406,1131
35936,1131
27668,1131
31422,1131
23761,1131
38304,1131
27640,1131
24107,1131
3944,1131
7471,1131
20228,1131
30098,1131
10137,1131
25174,1131
19905,1131
23684,1131
896,1131
29705,1131
21689,1131
8227,1131
10074,1131
1518,1131
33909,1131
21647,1131
21647,1131
33909,1131
21647,1131
30520,1131
9015,1131
25500,1131
27072,1131
12601,1131
21788,1131
6485,1131
27033,1131
3747,1131
15947,1131
17251,1131
8795,1131
2655,1131
23747,1131
38834,1131
8825,1131
25297,1131
39515,1131
26072,1131
12962,1131
5938,541
12323,541
12286,541
36923,541
23013,541
423,541
35860,541
7961,541
20666,541
3324,541
26507,541
5272,541
4511,541
18843,541
5210,541
7319,541
38205,541
23343,541
30169,541
12566,541
21838,541
35766,541
25417,541
20290,541
1273,541
12767,541
28205,541
29769,541
31777,541
38381,541
12904,1211
36241,1092
24368,1092
1980,1092
17036,1092
28334,1092
25976,1092
35161,1092
25775,1092
38974,1092
19889,1092
6862,1092
39226,1092
27621,1092
28729,1092
4601,1092
23988,1092
9218,1092
14119,1092
8532,1092
29815,1092
37388,1092
30356,1092
38796,1092
11828,1092
36050,1092
26114,1092
19983,1092
19929,1092
3528,1092
3095,1092
29785,1092
30953,1092
4071,1092
39367,1092
31609,1092
28325,1092
30345,1092
30345,1092
30345,1092
39278,1092
15688,1092
1496,1092
16848,1092
3009,1092
35915,1092
26801,1176
14587,1176
17466,1176
10432,1176
32539,1176
17466,1176
22231,1176
27831,1176
716,1176
11452,1176
13683,1176
21892,1176
13042,1176
23558,1176
37360,1176
27876,1176
21642,1176
21642,1176
29668,1176
14724,1176
21958,1176
6629,1176
35738,1176
30472,1176
25550,1176
30078,1176
39708,1176
24081,1176
19330,1176
25261,1176
26149,1176
20204,1176
12464,1176
31684,1176
22053,1176
33158,1176
9181,1176
14263,1176
38933,1176
32144,1176
26357,1176
13363,1176
32923,1176
2398,1176
29646,1176
29646,1176
25261,1176
12236,1176
12390,1176
8530,1176
22971,1176
11339,1176
30299,1176
5719,1176
26719,1176
21735,1176
32791,1176
23139,1176
11172,1176
14331,1176
33106,1176
28191,1176
8530,1176
28124,1176
5438,1176
2239,1176
3262,1176
32498,1176
36942,1176
39478,1176
12658,1176
363,1176
21965,1176
363,1176
9520,1176
2179,1176
37363,1176
9520,1176
3878,1176
28013,1176
33150,1176
6468,1176
28609,1176
5558,1176
19708,1176
27578,1176
27770,1176
34135,1176
21588,1176
26937,1176
13399,1176
34135,1176
13963,1176
28656,1176
9311,1176
35807,1176
35638,1176
23861,1176
23426,1176
22146,1176
23861,1176
22146,1176
21837,1176
23597,1176
10650,1176
33955,1176
23475,1176
26732,1176
26504,1176
12019,1176
24907,1176
38664,1176
32480,1176
39677,1176
25427,1176
33077,1176
33077,1176
30026,1176
30026,1176
17072,1176
15441,1176
596,1176
14594,1176
97,1176
28072,1176
33982,1176
17626,1176
29016,1176
6949,1176
26352,1176
29835,1176
22508,1176
26150,1176
21184,1176
22543,1176
31001,1176
2690,1176
5251,1176
2690,1176
5251,1176
36740,1176
36096,1176
38623,1176
22720,1176
4386,1176
4968,1176
36908,1176
20666,1176
15187,1176
9398,1176
32586,1176
8218,1176
36972,1176
37107,1176
12944,1176
37407,1176
39205,1176
34277,1176
24740,1176
17803,1176
32745,1176
16741,1176
3343,1176
18941,1176
38095,1176
19004,1176
23950,1176
38095,1176
27497,1176
13951,1176
35449,1176
23915,1176
17133,1176
16203,1176
38637,1176
23882,1176
14594,1176
22921,1176
37802,1176
21811,1176
26998,1176
26998,1176
19742,1176
2404,1176
35358,1176
21045,1176
10576,1176
2404,1176
8411,1176
33045,1176
39398,1176
11965,1176
22766,1176
35904,1176
21045,1176
38634,1176
35904,1176
38634,1176
25437,1176
29057,1176
15749,1176
2724,1176
21871,1176
5014,1176
29057,1176
21871,1176
22135,1176
22135,1176
20718,1176
26837,1176
36413,1176
29948,1176
34684,1176
1861,1176
24344,1176
39531,1176
33129,1176
31833,1176
24510,1176
19659,1176
33224,1176
29714,1176
37715,1176
15472,1176
12062,1176
27600,1176
22162,1176
24961,1176
20356,1176
21734,1176
29111,1176
35790,1176
26684,1176
4081,1176
36384,1176
36384,1176
12997,1176
29130,1176
25168,1176
39712,1176
8336,1176
38923,1176
31106,1176
32664,1176
12087,1176
6042,1176
30512,1176
16252,1176
10833,1176
8878,1176
6214,1176
31498,1176
36689,1176
39289,1176
38011,1176
4889,1176
26295,1176
39326,1176
37411,1176
39209,1176
11767,1176
11767,1176
6659,1176
5169,1176
35613,1176
36192,1176
39488,1176
911,1176
36505,1176
30974,1176
26911,1176
39327,1176
33259,1176
31168,1176
31168,1176
16338,1176
33259,1176
7812,1176
27965,1176
28263,1176
32448,1176
32448,1176
39771,1176
39771,1176
23818,1176
28693,1176
32938,1176
31291,1176
23048,1176
39646,1176
9126,1176
18611,1176
8705,1176
6137,1176
2933,1176
7224,1176
9145,1176
13681,1176
26819,1176
18992,1176
2874,1176
23180,1176
10610,1176
19719,1176
25065,1176
22540,1176
39154,1176
38780,1176
11657,1176
9295,1176
27283,1176
4386,1176
10350,1176
4386,1176
13413,1176
33673,1176
11460,1176
339,1176
23847,1176
13146,1176
39951,1176
32630,1176
4503,1176
3223,1176
34499,1176
23847,1176
39951,1176
34499,1176
12557,1176
36570,1176
36570,1176
35378,1176
30567,1176
21330,1176
30199,1176
10190,1176
9663,1176
22653,1176
27036,1176
18235,1176
38943,1176
28365,1176
35786,1176
35786,1176
22703,1176
23990,1176
14384,1176
18835,1176
18911,1176
3018,1176
23410,1090
1062,1090
29917,1090
21643,1090
3958,1090
2510,1090
39674,1090
13070,1090
22035,1090
36491,1090
38678,1090
2165,1090
5974,1090
27035,1090
4629,1090
224,1090
13171,1090
3968,1090
15790,1090
39323,1090
36039,1189
28849,1189
15552,1189
39529,1189
31369,1189
38368,1189
16098,1189
4113,1144
16647,1144
12543,1144
6970,1144
16471,1144
24348,1144
21338,1144
15422,1144
32853,1144
28480,1144
19743,1144
1409,529
833,529
5697,529
13367,529
36640,529
8413,529
2932,529
21396,529
10747,529
12804,529
149,529
5000,529
16822,529
23522,529
22355,529
18766,529
31989,529
7961,529
7225,529
8817,529
12034,529
884,529
29580,529
7334,529
7334,529
16593,529
7334,529
16698,529
7334,529
246,529
37158,529
37158,529
16593,529
29133,529
7334,529
29133,529
12174,529
27432,1230
23706,1230
39255,1230
34804,1230
27432,1230
25306,1230
30576,1230
28996,1230
13824,1230
13824,1230
22654,1230
16187,1230
7209,1230
30108,1230
39779,1230
28650,1230
36806,1230
18757,1230
27600,1230
22544,1230
27513,1230
37211,1230
23578,1230
20176,1230
9325,1230
10297,1230
9474,1230
20607,1230
37659,1230
23562,1230
39203,1230
32110,1230
34324,1230
29743,1230
22631,1230
22631,1230
33511,1230
9708,1230
10214,1230
16813,1230
13445,1230
19561,1230
23583,1230
23583,1230
19414,1230
15068,1230
12153,1230
31752,1230
39798,1230
39798,1230
11165,1230
38577,1230
32819,1230
16006,1230
27184,1230
26719,1230
33028,1230
36747,1230
34681,1230
29639,1230
11881,1230
28704,1230
8305,1230
20134,1230
29770,1230
28834,1230
33115,1230
14556,1230
39712,1230
33826,1230
23895,1230
16596,1230
39199,1230
9541,1230
31370,1230
12363,1230
21243,1230
22261,1230
19131,1230
12103,1230
30182,1230
13867,1230
22856,1230
14222,1230
33548,1230
11898,1230
20656,1230
24692,1230
20656,1230
20656,1230
20982,1230
20982,1230
20656,1230
20656,1230
24692,1230
17594,1230
25135,1230
21610,1230
24866,1230
24102,1230
29977,1230
17623,1230
32586,1230
39047,1230
19384,1230
19986,1230
23070,1230
22799,1230
27383,1230
9735,1230
35297,1230
13042,1230
17930,1230
12905,1230
33368,1230
39844,1230
34295,1230
11119,1230
35288,1230
20735,1230
31696,1230
39282,1230
26262,1230
27192,1230
23144,1230
23631,1230
35353,1230
12861,1230
38991,1230
11537,1230
16400,1230
3523,1230
23155,1230
17200,1230
26394,1230
11142,1230
16635,1230
19631,1230
20716,1230
27629,1230
14752,1230
27210,1230
7177,1230
37145,1230
23277,1230
20603,1230
15299,1230
15648,1230
9193,1230
12015,1230
24727,1230
19843,1230
32875,1230
14169,1230
34306,1230
18290,1230
25379,1230
17493,1230
39099,1230
29677,1230
22412,1230
7069,1230
23039,1230
21100,1230
33359,1230
17035,1230
23970,1230
33514,1230
10526,1230
3180,1230
25725,1230
19581,1230
9736,1230
27528,1230
15739,1230
17711,1230
23139,1230
32008,1230
38879,1230
13732,1230
16596,1230
27781,871
5292,871
37807,871
21355,871
36765,871
25928,871
5346,871
12506,871
2269,871
33521,871
38838,871
18115,871
21687,871
10424,871
35071,871
28789,871
14741,871
33843,871
5050,871
384,871
9824,871
12538,871
22358,871
38810,871
15103,871
5517,871
27018,871
15049,871
2288,871
26692,871
9980,871
18565,871
10992,871
13913,871
10225,871
18195,871
8726,871
13698,871
2326,871
8818,871
33817,871
17233,871
13935,871
35540,1204
19421,1204
32743,1204
19421,1204
37263,1204
5434,1204
34141,1204
37525,1204
9359,1204
35273,1204
33551,1204
3747,1204
1109,1204
35050,1204
30633,1204
28204,1204
34998,1204
2997,1204
29089,1204
36236,1204
36345,1204
26306,1204
39804,1204
37270,1204
36180,1204
28980,1204
29661,1204
39837,1204
800,1204
35036,1204
39657,1204
18053,1204
31934,1204
25472,1204
14627,1204
32600,1204
23577,1204
2881,1204
35873,1204
38816,1204
32228,1204
39107,1204
12691,1204
8553,1204
37954,1204
26633,1204
39181,1204
39181,1204
16309,1204
13014,1204
2852,1204
16684,1204
924,1204
15475,591
28835,591
33624,591
20003,591
2111,591
17062,591
31142,591
26518,591
25667,591
21064,591
36980,591
37417,591
11331,591
14597,591
18928,591
15640,591
24674,591
18476,591
8810,591
18612,591
38260,591
31990,591
26368,591
3009,591
14830,591
19612,591
19226,591
20932,591
35882,591
38220,591
11126,591
30183,591
37560,591
9088,591
36600,589
30577,589
3908,589
23394,589
15168,589
15204,589
36879,589
20919,589
1790,589
10995,589
14953,589
2114,589
32689,589
20826,589
5388,589
29029,589
1955,589
22949,589
26332,589
7205,589
18150,589
36518,589
22015,589
37160,589
23179,589
36512,589
27486,589
2933,589
8579,589
16039,589
19646,589
20023,589
7138,589
22467,589
19983,589
2920,846
361,846
16696,846
891,846
25765,846
414,846
8701,846
28897,846
12131,846
22832,846
13401,846
38597,846
16545,846
1932,846
19470,846
467,846
5982,846
38777,846
30303,846
12593,846
23216,846
30280,846
23260,846
21843,846
9029,846
3009,846
2241,846
27693,846
36521,846
31447,846
20411,846
37144,846
792,846
1117,846
14726,846
544,846
15543,846
4848,846
6645,846
4602,846
15951,846
17007,846
5070,846
34293,846
27964,846
20713,846
34642,846
25848,846
25307,1067
38618,1164
26782,1164
223,560
1184,560
4583,560
6632,560
29104,560
30243,560
29802,560
8872,560
13267,560
27492,560
3908,560
13208,560
22818,560
2040,560
22601,560
22459,560
12125,560
4643,560
28672,560
122,560
36307,560
4323,560
11640,560
33361,560
33698,560
25369,560
24947,560
9175,560
3327,560
23854,560
25732,560
13971,560
4451,560
1945,560
23712,560
16237,560
17084,560
6796,560
29629,560
24016,560
1868,560
27163,560
35743,560
17025,560
17829,560
20337,560
4187,560
6135,560
2064,560
19429,560
18116,560
21012,560
1303,560
833,560
5715,560
22036,560
17405,560
33785,560
18304,560
3049,560
4141,560
610,560
238,560
3295,560
9718,560
25510,560
4471,560
15238,560
21813,560
1790,560
14253,560
19206,560
11168,560
13114,560
18297,560
38153,560
25249,560
33226,560
9508,560
35039,560
9971,560
8413,560
7082,560
16783,560
25900,560
9195,560
4236,560
3956,560
24040,560
949,560
28386,560
25596,560
23336,560
23638,560
34823,560
6600,560
1499,560
1708,560
27772,560
25,560
25364,560
460,560
13233,560
3315,560
227,560
9550,560
6666,560
25846,560
7307,560
3240,560
27325,560
34089,560
10584,560
13902,560
13753,560
12622,560
890,560
14285,560
24780,560
2578,560
1818,560
29461,560
24172,560
12701,560
36521,560
37160,560
8647,560
2886,560
7788,560
13081,560
20455,560
25169,560
5000,560
10014,560
28631,560
31026,560
33861,560
22280,560
2441,560
17279,560
14738,560
5803,560
27486,560
23957,560
27415,560
33075,560
37609,560
14237,560
15961,560
613,560
19971,560
13703,560
38200,560
20707,560
19864,560
907,560
14700,560
23252,560
34558,560
29030,560
12890,560
25599,560
3109,560
331,560
36218,560
1502,560
30094,560
9666,560
23474,560
25720,560
19243,560
21707,560
14285,560
16557,560
22688,560
2113,560
35391,560
25361,560
2959,560
9527,560
23921,560
22660,560
27164,560
16512,560
22688,560
12591,560
7993,560
10984,560
24262,560
24445,560
23064,560
32611,560
5672,560
1217,560
9859,560
15799,560
22754,560
1117,560
2292,560
13219,560
19646,560
8003,560
20484,560
4874,560
10825,560
5272,560
23180,560
26692,560
3623,560
21769,560
7097,560
17015,560
29121,560
5392,560
19370,560
23987,560
25360,560
23609,560
23685,560
35743,560
36084,560
21232,560
37559,560
19410,560
2614,560
1588,560
3588,560
4999,560
14809,560
20092,560
37091,560
759,560
21546,560
12136,560
37367,560
35576,560
23368,560
18182,560
19345,560
13994,560
1084,560
14468,560
22884,560
10781,560
35652,560
32013,560
23008,560
25578,560
27993,560
18294,560
3622,560
8280,560
1174,560
23563,560
11935,560
24860,560
33324,560
32642,560
11359,560
1163,560
26623,560
17570,560
19469,560
2548,560
3789,560
33166,560
13532,560
33008,560
11220,560
17929,560
22365,560
1512,560
26315,560
33420,560
17929,560
27393,560
27226,560
17502,560
35743,560
131,560
33202,560
22856,560
2303,560
7525,560
16477,560
27838,560
25626,560
4145,560
17083,560
20627,560
2192,560
23740,560
23385,560
24056,560
13539,560
698,560
33672,560
37752,560
17899,560
16518,560
35091,560
34871,560
23455,560
18295,560
28205,560
53,560
16248,560
29769,560
38159,560
9760,560
20932,560
38604,560
3136,560
18087,560
24646,560
24411,560
32982,560
8848,560
7138,560
9593,560
6738,560
3836,560
31570,560
16581,560
12310,560
24585,560
22157,560
12423,560
21468,560
6606,560
30523,560
16829,560
27191,560
37810,560
26676,560
23741,560
5199,560
10377,560
37443,560
31676,560
4568,560
12588,560
35351,560
16662,1099
38031,1099
2141,1099
3631,1099
21789,1099
337,1099
4088,1099
16212,1099
19539,1099
27074,1099
20441,1099
23354,1099
27074,1099
18488,1099
916,1099
20396,1099
22235,1099
715,1099
26228,1099
26605,1099
31390,1099
14631,1099
841,1099
19693,1099
18523,1099
2750,1099
18523,1099
39302,1099
24697,1099
39302,1099
29360,1099
27354,1099
29360,1099
15640,1099
32806,1099
5705,1099
26126,1099
17222,1099
3866,1099
34338,1099
6507,1099
36379,1099
22659,1099
27942,1099
39367,1099
14381,1099
3920,1099
30909,1099
5150,1099
5150,1099
24652,1099
20738,1099
17633,1099
39652,1099
22900,1099
22764,1099
15414,1099
15414,1099
15414,1099
22477,1099
36903,1099
32595,1099
3248,1099
19431,1099
15672,1099
3167,1099
30995,1099
18523,1099
14669,1099
38525,1099
38525,1099
31997,1099
27475,1262
28265,1262
11593,1262
8020,1262
38130,1262
5420,1262
12941,1262
33528,1262
