user_id,user_idx
586,0
591,1
3692,2
10221,3
10465,4
10904,5
11106,6
11830,7
12301,8
12725,9
13194,10
13552,11
22713,12
24253,13
25773,14
30973,15
33053,16
35323,17
36623,18
51943,19
60023,20
71263,21
72583,22
81383,23
246103,24
286703,25
428333,26
458173,27
483223,28
589683,29
608583,30
612473,31
614833,32
625093,33
625163,34
642833,35
645503,36
657733,37
668933,38
695753,39
699953,40
703673,41
705533,42
718703,43
718713,44
722973,45
725213,46
742143,47
754485,48
755113,49
755768,50
755774,51
759251,52
760745,53
763224,54
763300,55
763731,56
766658,57
775861,58
776260,59
778057,60
782791,61
790036,62
792130,63
796907,64
797515,65
797805,66
806585,67
807095,68
810719,69
811972,70
814256,71
814667,72
817452,73
818690,74
820585,75
820694,76
821552,77
822647,78
824157,79
892821,80
894591,81
926091,82
927641,83
938591,84
971761,85
1039121,86
1044241,87
1045751,88
1054431,89
1067061,90
1101921,91
1171621,92
1217511,93
1281981,94
1366631,95
1367531,96
1386831,97
1413861,98
1417921,99
1421721,100
1463111,101
1500361,102
1520501,103
1621271,104
1652821,105
1666701,106
1677631,107
1680191,108
1691911,109
1712831,110
1716581,111
1720121,112
1735171,113
1759181,114
1782961,115
1819261,116
1929121,117
1962801,118
1965481,119
1974921,120
2063181,121
2092801,122
2097571,123
2110061,124
2179951,125
2200451,126
2200721,127
2242231,128
2267241,129
2367911,130
2371631,131
2393871,132
2503331,133
2527251,134
2570001,135
2670661,136
2690951,137
2768501,138
2776221,139
2809821,140
2838741,141
3015401,142
3025911,143
3108351,144
3204731,145
3210141,146
3223691,147
3254671,148
3297651,149
3325311,150
3359721,151
3393781,152
3401711,153
3446321,154
3584781,155
3585401,156
3650361,157
3840981,158
3847661,159
4068821,160
4191161,161
4207961,162
4239551,163
4381041,164
4393201,165
4413501,166
4450541,167
4899651,168
5010931,169
5047181,170
5157031,171
5197181,172
5264181,173
5354482,174
5392522,175
5395662,176
5402612,177
5407392,178
5409972,179
5415352,180
5484532,181
5487832,182
5505872,183
5516372,184
5539902,185
5553622,186
5555972,187
5557932,188
5570452,189
5571722,190
5618162,191
5669252,192
5691492,193
5695632,194
5711662,195
5799722,196
5817692,197
5820162,198
5820642,199
5835692,200
5842122,201
5849252,202
5849362,203
5855232,204
5856182,205
5872102,206
5879192,207
5911652,208
5943622,209
5944152,210
5976352,211
5976502,212
5982652,213
6016962,214
6077902,215
6107302,216
6125482,217
6133472,218
6153732,219
6217402,220
6267962,221
6273552,222
6433472,223
6462952,224
6486312,225
6524622,226
6591312,227
6592042,228
6658612,229
6664162,230
6683922,231
6684492,232
6690332,233
6692952,234
6701712,235
6704212,236
6706482,237
6738212,238
6750202,239
6778782,240
6782762,241
6792502,242
6804262,243
6828422,244
6834152,245
6855372,246
6870462,247
6931722,248
6973182,249
7000002,250
7009542,251
7057382,252
7068462,253
7076492,254
7094272,255
7103272,256
7114422,257
7120082,258
7144882,259
7154912,260
7179562,261
7214092,262
7239322,263
7243782,264
7256992,265
7268782,266
7278922,267
7309052,268
7310842,269
7321402,270
7322202,271
7358142,272
7411142,273
7424492,274
7438792,275
7452872,276
7465622,277
7538802,278
7551582,279
7573442,280
7588642,281
7589512,282
7589572,283
7614622,284
7699152,285
7718082,286
7750082,287
7770742,288
7776912,289
7804612,290
7809992,291
7812462,292
7829912,293
7848802,294
7874982,295
7889582,296
7895652,297
7913102,298
7940822,299
7950832,300
7953662,301
7957242,302
7958592,303
7983102,304
7994652,305
8014772,306
8016772,307
8095462,308
8103992,309
8111352,310
8114792,311
8147682,312
8159652,313
8175102,314
8188112,315
8216772,316
8217542,317
8220322,318
8220582,319
8226672,320
8280952,321
8287732,322
8308222,323
8315692,324
8358252,325
8394312,326
8406572,327
8431652,328
8432682,329
8448722,330
8460462,331
8474102,332
8495082,333
8524102,334
8574482,335
8707402,336
8731312,337
8732322,338
8743302,339
8744822,340
8785032,341
8810122,342
8861712,343
8883212,344
8966062,345
8988262,346
9063952,347
9112032,348
9129332,349
9134532,350
9163072,351
9167712,352
9235622,353
9283852,354
9296182,355
9297262,356
9368412,357
9444022,358
9466582,359
9505382,360
9507342,361
9520692,362
9553472,363
9558842,364
9606552,365
9611402,366
9649222,367
9657712,368
9667812,369
9697862,370
9721292,371
9721792,372
9726032,373
9747182,374
9758932,375
9785972,376
9803262,377
9849332,378
9923162,379
9935732,380
10000642,381
10022742,382
10067092,383
10070162,384
10153432,385
10166572,386
10196452,387
10236782,388
10252962,389
10257342,390
10257602,391
10283652,392
10320892,393
10333872,394
10386152,395
10446452,396
10482452,397
10514662,398
10621932,399
10685692,400
10695762,401
10715902,402
10777432,403
10812122,404
10836092,405
10861402,406
10915982,407
10938752,408
10959452,409
10971472,410
10982332,411
10985092,412
10985382,413
11034112,414
11061962,415
11148162,416
11170072,417
11176302,418
11188472,419
11207152,420
11252972,421
11265832,422
11314672,423
11322882,424
11394252,425
11418122,426
11447982,427
11459372,428
11462742,429
11575102,430
11614352,431
11614832,432
11616202,433
11650472,434
11715042,435
11737472,436
11740172,437
11762562,438
11786732,439
11805842,440
11856962,441
11866582,442
11887042,443
11895882,444
11920632,445
11927782,446
11961412,447
11966392,448
12004852,449
12005802,450
12038782,451
12042372,452
12097932,453
12127972,454
12153682,455
12268862,456
12288472,457
12335702,458
12341262,459
12344052,460
12347112,461
12365332,462
12366502,463
12367122,464
12370152,465
12383852,466
12442612,467
12448332,468
12503432,469
12531012,470
12599412,471
12626212,472
12648862,473
12664712,474
12793272,475
12811012,476
12831332,477
12881652,478
12895152,479
12910082,480
12912542,481
12919472,482
12945742,483
12975212,484
12979792,485
12996812,486
13023332,487
13049362,488
13083622,489
13099932,490
13120122,491
13126022,492
13128922,493
13133312,494
13136732,495
13165482,496
13189422,497
13190562,498
13223382,499
13229442,500
13234242,501
13312742,502
13315032,503
13316782,504
13317162,505
13339372,506
13342442,507
13365392,508
13382022,509
13423502,510
13450262,511
13461662,512
13493142,513
13502522,514
13514362,515
13602422,516
13634122,517
13651772,518
13682662,519
13689402,520
13706042,521
13789392,522
13821862,523
13846392,524
13872272,525
13879842,526
13885722,527
13962772,528
13963452,529
13964572,530
13988232,531
14027452,532
14050854,533
14051638,534
14058842,535
14064804,536
14066645,537
14066928,538
14071491,539
14072510,540
14073125,541
14075195,542
14075681,543
14079425,544
14080610,545
14081528,546
14085367,547
14086059,548
14088487,549
14089104,550
14090873,551
14090948,552
14092606,553
14095270,554
14096763,555
14097951,556
14098607,557
14101213,558
14101483,559
14101944,560
14103189,561
14105452,562
14108442,563
14110996,564
14111592,565
14114254,566
14115690,567
14117843,568
14118094,569
14120411,570
14125161,571
14126362,572
14137126,573
14145626,574
14156466,575
14166714,576
14168372,577
14175873,578
14183902,579
14186393,580
14190948,581
14191254,582
14194387,583
14194635,584
14196938,585
14200742,586
14203060,587
14206581,588
14207711,589
14208586,590
14210108,591
14215526,592
14216654,593
14217979,594
14219782,595
14221035,596
14221045,597
14223898,598
14223960,599
14227485,600
14228645,601
14232701,602
14233285,603
14233941,604
14235543,605
14235863,606
14238620,607
14241527,608
14242376,609
14243746,610
14246943,611
14247924,612
14249498,613
14253476,614
14253694,615
14256294,616
14257988,617
14258863,618
14259241,619
14260501,620
14261543,621
14262411,622
14263421,623
14265112,624
14265924,625
14268812,626
14269220,627
14271409,628
14274721,629
14277681,630
14281632,631
14287455,632
14293310,633
14298247,634
14299285,635
14301652,636
14302541,637
14303901,638
14304462,639
14305940,640
14306228,641
14311701,642
14316190,643
14328684,644
14336645,645
14337045,646
14337311,647
14338267,648
14342602,649
14346341,650
14346779,651
14347014,652
14354042,653
14358751,654
14360516,655
14362949,656
14363793,657
14366045,658
14367333,659
14371442,660
14371600,661
14373462,662
14374561,663
14379164,664
14382167,665
14385043,666
14385895,667
14388935,668
14397992,669
14401607,670
14426487,671
14427344,672
14427880,673
14428289,674
14437621,675
14440418,676
14441334,677
14442100,678
14454814,679
14464961,680
14469996,681
14477698,682
14479957,683
14482759,684
14485322,685
14493067,686
14495726,687
14503096,688
14504418,689
14507734,690
14514703,691
14515799,692
14516529,693
14520714,694
14520859,695
14523404,696
14526093,697
14526127,698
14527164,699
14533559,700
14533800,701
14536559,702
14542343,703
14542355,704
14546753,705
14548505,706
14548676,707
14549776,708
14551462,709
14552998,710
14558240,711
14559196,712
14560097,713
14563376,714
14565624,715
14570183,716
14574697,717
14577046,718
14577821,719
14578564,720
14579229,721
14586689,722
14589287,723
14592411,724
14594816,725
14595811,726
14600722,727
14602346,728
14603989,729
14606196,730
14606276,731
14607224,732
14608051,733
14609104,734
14609188,735
14609435,736
14610057,737
14610736,738
14610750,739
14612713,740
14616338,741
14618048,742
14621898,743
14627664,744
14631269,745
14632102,746
14632689,747
14637033,748
14637832,749
14641720,750
14642026,751
14643041,752
14643599,753
14644466,754
14646911,755
14649689,756
14654121,757
14654943,758
14655759,759
14657069,760
14661293,761
14667753,762
14669576,763
14671348,764
14678279,765
14680132,766
14680512,767
14682928,768
14683136,769
14687502,770
14687971,771
14690176,772
14690573,773
14704816,774
14705216,775
14711210,776
14715353,777
14719196,778
14720238,779
14728168,780
14730945,781
14731096,782
14738063,783
14752477,784
14759290,785
14762779,786
14763462,787
14765271,788
14766585,789
14766662,790
14766953,791
14769555,792
14770131,793
14774502,794
14778126,795
14784684,796
14786274,797
14787799,798
14788121,799
14788607,800
14791307,801
14791358,802
14794913,803
14803639,804
14804672,805
14807056,806
14807214,807
14811111,808
14812594,809
14813460,810
14813591,811
14818703,812
14830349,813
14831312,814
14833053,815
14835526,816
14835879,817
14836055,818
14836297,819
14837950,820
14839184,821
14842637,822
14845822,823
14846076,824
14846641,825
14848078,826
14849382,827
14849562,828
14850098,829
14851142,830
14851837,831
14852758,832
14852877,833
14855358,834
14856056,835
14857433,836
14864105,837
14866411,838
14871129,839
14871781,840
14877331,841
14888044,842
14893169,843
14894519,844
14895637,845
14897139,846
14897906,847
14901169,848
14902429,849
14904965,850
14905202,851
14908048,852
14910269,853
14911954,854
14913962,855
14915466,856
14924757,857
14925552,858
14929290,859
14931166,860
14936942,861
14944921,862
14945005,863
14946531,864
14953952,865
14960476,866
14962879,867
14964429,868
14966359,869
14966484,870
14982297,871
14983528,872
14985036,873
14988258,874
14990058,875
14999559,876
15000261,877
15015467,878
15016500,879
15021321,880
15022381,881
15023095,882
15025625,883
15027151,884
15036408,885
15037903,886
15042846,887
15044183,888
15052671,889
15053275,890
15059607,891
15060810,892
15066963,893
15067424,894
15067922,895
15069354,896
15075999,897
15078562,898
15087011,899
15087288,900
15091678,901
15100622,902
15104467,903
15110240,904
15112648,905
15115172,906
15120279,907
15126396,908
15127178,909
15127179,910
15129030,911
15129417,912
15134952,913
15136887,914
15141820,915
15145034,916
15145992,917
15146044,918
15147009,919
15150378,920
15150904,921
15157567,922
15160493,923
15161367,924
15169779,925
15171237,926
15171762,927
15173010,928
15174190,929
15175943,930
15176423,931
15177501,932
15177712,933
15179568,934
15182229,935
15182368,936
15182732,937
15194242,938
15195780,939
15200651,940
15201559,941
15203581,942
15206951,943
15216147,944
15220853,945
15223619,946
15234072,947
15235266,948
15236155,949
15236305,950
15237247,951
15238700,952
15241003,953
15244807,954
15248993,955
15249113,956
15254148,957
15256095,958
15257975,959
15265904,960
15267898,961
15275729,962
15276984,963
15278124,964
15278177,965
15286324,966
15288190,967
15290172,968
15290333,969
15291931,970
15293096,971
15294551,972
15295050,973
15300487,974
15301503,975
15304262,976
15311104,977
15315204,978
15320741,979
15325904,980
15326206,981
15328895,982
15330755,983
15332026,984
15333188,985
15334475,986
15335778,987
15337309,988
15338626,989
15355832,990
15357193,991
15359820,992
15360184,993
15362047,994
15362483,995
15365269,996
15368940,997
15369448,998
15373716,999
15374279,1000
15374755,1001
15384060,1002
15384197,1003
15386283,1004
15386444,1005
15386743,1006
15391258,1007
15392391,1008
15394768,1009
15395753,1010
15396479,1011
15399504,1012
15406311,1013
15410898,1014
15416336,1015
15416823,1016
15417890,1017
15427912,1018
15432179,1019
15438151,1020
15438913,1021
15446261,1022
15448945,1023
15450994,1024
15452937,1025
15453766,1026
15455893,1027
15460027,1028
15460345,1029
15463297,1030
15466131,1031
15466595,1032
15467680,1033
15468048,1034
15469918,1035
15471305,1036
15473483,1037
15476174,1038
15477189,1039
15478977,1040
15480409,1041
15481502,1042
15483126,1043
15483453,1044
15485379,1045
15486485,1046
15487846,1047
15488482,1048
15494825,1049
15498028,1050
15503462,1051
15518855,1052
15519174,1053
15520480,1054
15521774,1055
15522566,1056
15525062,1057
15530713,1058
15532354,1059
15534499,1060
15542781,1061
15543658,1062
15545122,1063
15549747,1064
15552272,1065
15552458,1066
15555497,1067
15557891,1068
15558298,1069
15559326,1070
15559669,1071
15569336,1072
15569772,1073
15574237,1074
15574740,1075
15575479,1076
15575583,1077
15576211,1078
15576378,1079
15580422,1080
15589386,1081
15589520,1082
15590364,1083
15593503,1084
15593696,1085
15594244,1086
15595632,1087
15596875,1088
15603299,1089
15603370,1090
15603912,1091
15605972,1092
15606486,1093
15611054,1094
15617140,1095
15617333,1096
15626479,1097
15628202,1098
15630058,1099
15632943,1100
15636966,1101
15640075,1102
15640977,1103
15647852,1104
15649636,1105
15650210,1106
15652824,1107
15653527,1108
15656004,1109
15659227,1110
15660894,1111
15663023,1112
15665878,1113
15666463,1114
15667732,1115
15678283,1116
15678388,1117
15678925,1118
15679401,1119
15681320,1120
15683864,1121
15687937,1122
15693064,1123
15693190,1124
15694971,1125
15696011,1126
15696583,1127
15707332,1128
15710392,1129
15711601,1130
15713084,1131
15716520,1132
15717406,1133
15719871,1134
15722811,1135
15723295,1136
15724740,1137
15730258,1138
15730804,1139
15730883,1140
15731713,1141
15734539,1142
15736890,1143
15738612,1144
15741036,1145
15741370,1146
15743527,1147
15750898,1148
15751454,1149
15752695,1150
15754281,1151
15755706,1152
15757611,1153
15758707,1154
15759452,1155
15759771,1156
15765108,1157
15769858,1158
15773072,1159
15773724,1160
15774259,1161
15774775,1162
15777611,1163
15780614,1164
15781594,1165
15784513,1166
15786332,1167
15786957,1168
15801372,1169
15801838,1170
15803316,1171
15807422,1172
15808113,1173
15809540,1174
15809597,1175
15810778,1176
15811322,1177
15811625,1178
15815996,1179
15818705,1180
15818978,1181
15819729,1182
15824279,1183
15827727,1184
15833396,1185
15839277,1186
15839504,1187
15839938,1188
15841927,1189
15844321,1190
15844512,1191
15846580,1192
15846999,1193
15847581,1194
15850297,1195
15856187,1196
15863582,1197
15864609,1198
15868821,1199
15876810,1200
15881267,1201
15886477,1202
15888299,1203
15891653,1204
15896024,1205
15896497,1206
15905679,1207
15906702,1208
15906933,1209
15907343,1210
15908741,1211
15911806,1212
15916118,1213
15917488,1214
15917916,1215
15921296,1216
15922713,1217
15924321,1218
15929435,1219
15933201,1220
15933649,1221
15933655,1222
15935213,1223
15935549,1224
15936802,1225
15936981,1226
15939282,1227
15946976,1228
15949789,1229
15949848,1230
15949854,1231
15950882,1232
15951166,1233
15952640,1234
15953894,1235
15954574,1236
15955009,1237
15958198,1238
15959570,1239
15962972,1240
15963827,1241
15964196,1242
15964210,1243
15968617,1244
15970073,1245
15971189,1246
15972158,1247
15972765,1248
15976697,1249
15977008,1250
15977038,1251
15978380,1252
15978463,1253
15982094,1254
15982292,1255
15983306,1256
15985291,1257
15985378,1258
15990041,1259
15991600,1260
15992132,1261
15992293,1262
15993333,1263
15998041,1264
15999548,1265
16000199,1266
16003300,1267
16004319,1268
16004747,1269
16005117,1270
16005393,1271
16005762,1272
16005929,1273
16006466,1274
16006638,1275
16007465,1276
16016867,1277
16017563,1278
16018777,1279
16020526,1280
16021340,1281
16025963,1282
16026053,1283
16028034,1284
16036909,1285
16037334,1286
16044195,1287
16045317,1288
16046964,1289
16049790,1290
16051263,1291
16051287,1292
16051828,1293
16054300,1294
16054501,1295
16054584,1296
16054602,1297
16058324,1298
16058649,1299
16059891,1300
16062936,1301
16069112,1302
16072089,1303
16072697,1304
16074930,1305
16076418,1306
16077407,1307
16078390,1308
16079937,1309
16085265,1310
16085409,1311
16086228,1312
16087279,1313
16087780,1314
16088799,1315
16088941,1316
16088964,1317
16090774,1318
16090877,1319
16092768,1320
16093403,1321
16097988,1322
16098834,1323
16100069,1324
16105208,1325
16105237,1326
16105327,1327
16105433,1328
16106522,1329
16108798,1330
16109610,1331
16114035,1332
16116288,1333
16128160,1334
16131748,1335
16132605,1336
16132719,1337
16132734,1338
16135680,1339
16137841,1340
16139105,1341
16141831,1342
16142179,1343
16143866,1344
16146535,1345
16146692,1346
16146882,1347
16148023,1348
16151138,1349
16153317,1350
16153351,1351
16155881,1352
16156569,1353
16156728,1354
16157499,1355
16161464,1356
16163541,1357
16164636,1358
16166161,1359
16167369,1360
16168140,1361
16168770,1362
16173760,1363
16176702,1364
16177034,1365
16178972,1366
16179517,1367
16179751,1368
16188673,1369
16189790,1370
16190478,1371
16190634,1372
16191023,1373
16191341,1374
16193690,1375
16195103,1376
16199328,1377
16207114,1378
16207512,1379
16207644,1380
16207883,1381
16208846,1382
16209123,1383
16210895,1384
16211349,1385
16213124,1386
16215282,1387
16219502,1388
16221083,1389
16228257,1390
16228809,1391
16229233,1392
16229694,1393
16232438,1394
16237734,1395
16239231,1396
16241824,1397
16244918,1398
16245915,1399
16246715,1400
16249656,1401
16249991,1402
16256826,1403
16260811,1404
16261116,1405
16265040,1406
16267083,1407
16270227,1408
16271602,1409
16272844,1410
16274894,1411
16275841,1412
16276235,1413
16279880,1414
16280091,1415
16280644,1416
16284848,1417
16285681,1418
16287019,1419
16289608,1420
16290495,1421
16291163,1422
16291813,1423
16292883,1424
16294197,1425
16295834,1426
16296254,1427
16296559,1428
16297196,1429
16298618,1430
16302644,1431
16303000,1432
16304364,1433
16306173,1434
16311530,1435
16311907,1436
16312963,1437
16314337,1438
16314465,1439
16314950,1440
16316116,1441
16318082,1442
16320954,1443
16322041,1444
16322996,1445
16329114,1446
16332215,1447
16333302,1448
16335073,1449
16335730,1450
16337707,1451
16340103,1452
16341000,1453
16343811,1454
16343974,1455
16345360,1456
16346909,1457
16358069,1458
16358332,1459
16358939,1460
16362151,1461
16362835,1462
16364490,1463
16364699,1464
16365339,1465
16367138,1466
16374932,1467
16377693,1468
16382477,1469
16383118,1470
16389971,1471
16390652,1472
16390935,1473
16391016,1474
16392274,1475
16393999,1476
16396368,1477
16403904,1478
16408207,1479
16409109,1480
16411611,1481
16411851,1482
16411908,1483
16412138,1484
16413634,1485
16417747,1486
16418997,1487
16421237,1488
16422679,1489
16425040,1490
16426293,1491
16426454,1492
16428322,1493
16428731,1494
16434896,1495
16439523,1496
16440110,1497
16440284,1498
16441048,1499
16444544,1500
16450127,1501
16451457,1502
16455330,1503
16455534,1504
16463676,1505
16464355,1506
16464469,1507
16465079,1508
16469505,1509
16470496,1510
16474992,1511
16475267,1512
16475634,1513
16476319,1514
16476840,1515
16478456,1516
16478501,1517
16481904,1518
16485255,1519
16488155,1520
16488579,1521
16490787,1522
16490790,1523
16491016,1524
16491924,1525
16492003,1526
16493786,1527
16495147,1528
16496087,1529
16496853,1530
16499147,1531
16499261,1532
16500498,1533
16501346,1534
16501420,1535
16502238,1536
16502450,1537
16504112,1538
16505729,1539
16505837,1540
16506565,1541
16514204,1542
16515082,1543
16518302,1544
16522393,1545
16528671,1546
16529278,1547
16529509,1548
16529734,1549
16531533,1550
16532495,1551
16540169,1552
16540741,1553
16543505,1554
16547438,1555
16548857,1556
16552921,1557
16553897,1558
16554252,1559
16555985,1560
16556132,1561
16559186,1562
16565243,1563
16568993,1564
16569663,1565
16571265,1566
16572455,1567
16572519,1568
16573230,1569
16576602,1570
16578369,1571
16582131,1572
16583554,1573
16585101,1574
16585306,1575
16585766,1576
16587241,1577
16593816,1578
16594261,1579
16597797,1580
16598745,1581
16602049,1582
16611239,1583
16613874,1584
16618860,1585
16620002,1586
16626947,1587
16630150,1588
16631049,1589
16631938,1590
16632437,1591
16634289,1592
16634544,1593
16635809,1594
16640775,1595
16645396,1596
16652075,1597
16659187,1598
16659562,1599
16661776,1600
16667549,1601
16670245,1602
16672155,1603
16672561,1604
16672644,1605
16678471,1606
16683271,1607
16687237,1608
16687416,1609
16688188,1610
16693309,1611
16694229,1612
16696943,1613
16698116,1614
16699185,1615
16701847,1616
16711026,1617
16712238,1618
16713322,1619
16713534,1620
16714538,1621
16715398,1622
16716135,1623
16722647,1624
16723213,1625
16725354,1626
16726646,1627
16726831,1628
16727183,1629
16737566,1630
16738904,1631
16740432,1632
16742190,1633
16743453,1634
16745837,1635
16748413,1636
16750895,1637
16751292,1638
16752148,1639
16779693,1640
16783496,1641
16784328,1642
16788320,1643
16789017,1644
16790394,1645
16794106,1646
16808530,1647
16809012,1648
16819561,1649
16819909,1650
16821304,1651
16827148,1652
16827688,1653
16828264,1654
16829397,1655
16830094,1656
16831827,1657
16833942,1658
16841670,1659
16843450,1660
16844168,1661
16847779,1662
16855049,1663
16857062,1664
16860343,1665
16861429,1666
16861566,1667
16863762,1668
16866659,1669
16868321,1670
16877172,1671
16877374,1672
16883288,1673
16883950,1674
16884489,1675
16890518,1676
16900267,1677
16910131,1678
16911012,1679
16911584,1680
16927047,1681
16929400,1682
16930489,1683
16931849,1684
16936237,1685
16938726,1686
16938991,1687
16942727,1688
16944165,1689
16949354,1690
16959406,1691
16960902,1692
16971042,1693
16973097,1694
16973333,1695
16975896,1696
16976839,1697
16977059,1698
16977432,1699
16978119,1700
16981266,1701
16982305,1702
16982413,1703
16984207,1704
16986914,1705
16988803,1706
16989052,1707
16990814,1708
17001302,1709
17004825,1710
17006906,1711
17010163,1712
17012177,1713
17012707,1714
17013467,1715
17014593,1716
17015576,1717
17017064,1718
17019081,1719
17019546,1720
17029338,1721
17030149,1722
17031599,1723
17032345,1724
17035763,1725
17040452,1726
17051842,1727
17052499,1728
17053065,1729
17053353,1730
17055997,1731
17057314,1732
17068940,1733
17069442,1734
17070252,1735
17071444,1736
17072206,1737
17076876,1738
17078422,1739
17082120,1740
17084948,1741
17092070,1742
17094323,1743
17098159,1744
17100783,1745
17101183,1746
17105246,1747
17107705,1748
17108735,1749
17111029,1750
17115595,1751
17119424,1752
17121216,1753
17125020,1754
17125133,1755
17132531,1756
17133897,1757
17138582,1758
17139596,1759
17140223,1760
17141163,1761
17143673,1762
17147864,1763
17150428,1764
17152635,1765
17153994,1766
17163918,1767
17164664,1768
17169390,1769
17176889,1770
17178342,1771
17179747,1772
17187236,1773
17187345,1774
17194257,1775
17195363,1776
17197784,1777
17199419,1778
17201202,1779
17203795,1780
17204460,1781
17204519,1782
17205449,1783
17208565,1784
17209379,1785
17212474,1786
17222116,1787
17225782,1788
17227379,1789
17233536,1790
17235625,1791
17235735,1792
17237253,1793
17239071,1794
17239871,1795
17243582,1796
17246506,1797
17247683,1798
17247981,1799
17257471,1800
17261660,1801
17264634,1802
17266544,1803
17267235,1804
17268481,1805
17270617,1806
17274913,1807
17278675,1808
17280062,1809
17282169,1810
17282312,1811
17300150,1812
17300548,1813
17302973,1814
17305433,1815
17310646,1816
17313002,1817
17314616,1818
17316885,1819
17331746,1820
17343153,1821
17346158,1822
17346579,1823
17350532,1824
17351063,1825
17353325,1826
17363642,1827
17364368,1828
17366667,1829
17367006,1830
17372783,1831
17378574,1832
17379393,1833
17383566,1834
17385903,1835
17387823,1836
17390256,1837
17391441,1838
17391764,1839
17393059,1840
17393532,1841
17394946,1842
17400044,1843
17400752,1844
17401234,1845
17403977,1846
17408916,1847
17412990,1848
17418353,1849
17424872,1850
17425181,1851
17426310,1852
17428614,1853
17431441,1854
17434395,1855
17436585,1856
17439145,1857
17442173,1858
17445583,1859
17446493,1860
17450053,1861
17453775,1862
17453820,1863
17463137,1864
17463686,1865
17479253,1866
17484950,1867
17493073,1868
17494767,1869
17497628,1870
17511748,1871
17514024,1872
17515820,1873
17515958,1874
17517420,1875
17521695,1876
17524863,1877
17525510,1878
17526927,1879
17529790,1880
17531703,1881
17533064,1882
17537467,1883
17539187,1884
17539336,1885
17541792,1886
17543649,1887
17545469,1888
17549739,1889
17552342,1890
17561562,1891
17566400,1892
17566459,1893
17569440,1894
17577374,1895
17580293,1896
17581213,1897
17583572,1898
17586038,1899
17588385,1900
17592536,1901
17597022,1902
17597031,1903
17597438,1904
17597547,1905
17600254,1906
17600391,1907
17601151,1908
17602601,1909
17602996,1910
17604533,1911
17613435,1912
17614726,1913
17615105,1914
17622972,1915
17624202,1916
17624543,1917
17626165,1918
17626959,1919
17632091,1920
17641288,1921
17641427,1922
17644786,1923
17644995,1924
17645067,1925
17648725,1926
17651932,1927
17656744,1928
17657268,1929
17665641,1930
17665712,1931
17666340,1932
17666692,1933
17666980,1934
17667695,1935
17668880,1936
17669247,1937
17670682,1938
17671506,1939
17671872,1940
17672594,1941
17674444,1942
17678747,1943
17679507,1944
17679977,1945
17685208,1946
17685638,1947
17686959,1948
17687436,1949
17688757,1950
17691286,1951
17691309,1952
17691647,1953
17693831,1954
17694306,1955
17694440,1956
17695016,1957
17697238,1958
17698263,1959
17698956,1960
17703110,1961
17709396,1962
17710543,1963
17714851,1964
17717272,1965
17718754,1966
17719592,1967
17719679,1968
17720657,1969
17730392,1970
17730875,1971
17732606,1972
17734425,1973
17735061,1974
17740069,1975
17742467,1976
17748961,1977
17755085,1978
17756112,1979
17757642,1980
17758023,1981
17758382,1982
17758398,1983
17759437,1984
17765336,1985
17770816,1986
17774075,1987
17775362,1988
17780763,1989
17781206,1990
17785882,1991
17788039,1992
17788120,1993
17791451,1994
17795776,1995
17796849,1996
17797401,1997
17801101,1998
17801749,1999
17804002,2000
17804200,2001
17806480,2002
17808011,2003
17809655,2004
17813312,2005
17816452,2006
17817208,2007
17823154,2008
17824071,2009
17824099,2010
17825554,2011
17825817,2012
17830132,2013
17831767,2014
17832723,2015
17832938,2016
17833215,2017
17836435,2018
17836555,2019
17837341,2020
17837520,2021
17839493,2022
17841865,2023
17842604,2024
17845170,2025
17852043,2026
17852703,2027
17855119,2028
17855382,2029
17857396,2030
17865252,2031
17869094,2032
17872080,2033
17874169,2034
17874892,2035
17880388,2036
17884196,2037
17885145,2038
17885227,2039
17885604,2040
17886038,2041
17886409,2042
17886845,2043
17889126,2044
17892197,2045
17896573,2046
17897383,2047
17904365,2048
17907402,2049
17907878,2050
17907987,2051
17909913,2052
17915515,2053
17916213,2054
17918361,2055
17920472,2056
17921132,2057
17925414,2058
17929459,2059
17930084,2060
17930575,2061
17931424,2062
17934084,2063
17942048,2064
17944423,2065
17945804,2066
17953982,2067
17954643,2068
17956303,2069
17956502,2070
17960275,2071
17962556,2072
17968063,2073
17970503,2074
17970907,2075
17972308,2076
17976213,2077
17983733,2078
17984709,2079
17984846,2080
17985565,2081
17995528,2082
17999859,2083
17999966,2084
18006752,2085
18008403,2086
18009221,2087
18009912,2088
18011418,2089
18012632,2090
18014327,2091
18018468,2092
18019990,2093
18020819,2094
18025295,2095
18025377,2096
18025531,2097
18025821,2098
18026638,2099
18031780,2100
18032410,2101
18035665,2102
18035760,2103
18038429,2104
18039599,2105
18042298,2106
18043755,2107
18045477,2108
18050271,2109
18052474,2110
18052655,2111
18057450,2112
18061953,2113
18067159,2114
18076485,2115
18083070,2116
18083420,2117
18085010,2118
18085291,2119
18085903,2120
18095543,2121
18098616,2122
18101571,2123
18102514,2124
18102864,2125
18103681,2126
18103862,2127
18104458,2128
18107651,2129
18110455,2130
18111280,2131
18111483,2132
18119308,2133
18120770,2134
18120772,2135
18121304,2136
18122529,2137
18122583,2138
18123000,2139
18125387,2140
18127749,2141
18128814,2142
18129633,2143
18131291,2144
18132097,2145
18133113,2146
18133368,2147
18134063,2148
18135057,2149
18144203,2150
18149465,2151
18166092,2152
18168018,2153
18168368,2154
18174210,2155
18175161,2156
18176907,2157
18179086,2158
18183308,2159
18194459,2160
18198208,2161
18202677,2162
18205761,2163
18220818,2164
18221556,2165
18221558,2166
18223968,2167
18225367,2168
18232665,2169
18236427,2170
18238115,2171
18244206,2172
18248053,2173
18248202,2174
18248919,2175
18249646,2176
18250884,2177
18253829,2178
18254460,2179
18254895,2180
18256552,2181
18257857,2182
18258520,2183
18258669,2184
18259256,2185
18261890,2186
18267985,2187
18269447,2188
18269489,2189
18270438,2190
18270633,2191
18271367,2192
18275658,2193
18282398,2194
18284815,2195
18284893,2196
18286742,2197
18293964,2198
18294521,2199
18294600,2200
18297022,2201
18299742,2202
18301810,2203
18302658,2204
18303472,2205
18313038,2206
18314420,2207
18315727,2208
18320571,2209
18324199,2210
18324466,2211
18325305,2212
18327427,2213
18333859,2214
18344104,2215
18345755,2216
18355475,2217
18357123,2218
18357275,2219
18357481,2220
18358567,2221
18359716,2222
18361327,2223
18363234,2224
18364362,2225
18367081,2226
18373946,2227
18378801,2228
18380517,2229
18384297,2230
18387340,2231
18388923,2232
18391899,2233
18392987,2234
18393418,2235
18393661,2236
18394696,2237
18399014,2238
18400287,2239
18401107,2240
18410476,2241
18411401,2242
18411773,2243
18416227,2244
18423497,2245
18424276,2246
18431023,2247
18434717,2248
18438194,2249
18439432,2250
18442756,2251
18446493,2252
18452815,2253
18453843,2254
18459000,2255
18459813,2256
18460152,2257
18460864,2258
18461519,2259
18467286,2260
18468112,2261
18473709,2262
18473742,2263
18474304,2264
18480433,2265
18482912,2266
18485427,2267
18493147,2268
18493702,2269
18494695,2270
18494981,2271
18496526,2272
18498330,2273
18499276,2274
18500150,2275
18500747,2276
18501635,2277
18503976,2278
18505114,2279
18513883,2280
18517784,2281
18518051,2282
18521863,2283
18524061,2284
18524109,2285
18525453,2286
18526983,2287
18536530,2288
18538259,2289
18540899,2290
18543721,2291
18543805,2292
18545228,2293
18547065,2294
18548412,2295
18551666,2296
18551719,2297
18555946,2298
18558717,2299
18558809,2300
18560045,2301
18561348,2302
18565067,2303
18566907,2304
18567399,2305
18569044,2306
18569954,2307
18572338,2308
18574199,2309
18575039,2310
18579266,2311
18581346,2312
18586848,2313
18589806,2314
18590142,2315
18593111,2316
18596244,2317
18597168,2318
18601443,2319
18607423,2320
18608431,2321
18608742,2322
18611207,2323
18611686,2324
18616847,2325
18617604,2326
18618463,2327
18618482,2328
18623562,2329
18628111,2330
18638336,2331
18638542,2332
18644313,2333
18646108,2334
18647698,2335
18649788,2336
18650417,2337
18652760,2338
18652972,2339
18654576,2340
18655359,2341
18655567,2342
18656319,2343
18658255,2344
18662449,2345
18662567,2346
18666801,2347
18673125,2348
18684572,2349
18685278,2350
18685327,2351
18692955,2352
18701903,2353
18703906,2354
18704035,2355
18706489,2356
18707380,2357
18707909,2358
18709671,2359
18714664,2360
18718676,2361
18719963,2362
18723666,2363
18726975,2364
18737455,2365
18740607,2366
18743253,2367
18743710,2368
18743950,2369
18750502,2370
18758312,2371
18761984,2372
18766103,2373
18766895,2374
18766937,2375
18768426,2376
18768427,2377
18774342,2378
18774566,2379
18785429,2380
18786099,2381
18787394,2382
18788798,2383
18789534,2384
18791012,2385
18796865,2386
18803462,2387
18807345,2388
18810328,2389
18810387,2390
18813073,2391
18815464,2392
18815826,2393
18816179,2394
18819827,2395
18821094,2396
18821935,2397
18829343,2398
18831173,2399
18831176,2400
18834001,2401
18835723,2402
18836347,2403
18841177,2404
18855459,2405
18856444,2406
18856763,2407
18858719,2408
18859128,2409
18860269,2410
18865814,2411
18866588,2412
18872216,2413
18874470,2414
18879783,2415
18882090,2416
18883115,2417
18887432,2418
18889849,2419
18890437,2420
18891525,2421
18892635,2422
18894780,2423
18894781,2424
18901057,2425
18904196,2426
18904448,2427
18905386,2428
18913677,2429
18915842,2430
18917670,2431
18924074,2432
18924451,2433
18928273,2434
18929394,2435
18930198,2436
18931068,2437
18931915,2438
18932416,2439
18945736,2440
18946954,2441
18950645,2442
18951001,2443
18953274,2444
18958620,2445
18959333,2446
18959386,2447
18965334,2448
18967137,2449
18967986,2450
18970657,2451
18970842,2452
18971258,2453
18980541,2454
18981319,2455
18987335,2456
18991451,2457
18996035,2458
18999809,2459
18999830,2460
18999907,2461
19000019,2462
19001819,2463
19002424,2464
19003664,2465
19005301,2466
19005867,2467
19010329,2468
19010927,2469
19012926,2470
19016825,2471
19017604,2472
19019652,2473
19030740,2474
19031887,2475
19038210,2476
19040876,2477
19044628,2478
19048392,2479
19050078,2480
19050225,2481
19052381,2482
19059966,2483
19060403,2484
19062153,2485
19065311,2486
19069406,2487
19084454,2488
19084896,2489
19086695,2490
19087651,2491
19088288,2492
19092972,2493
19094006,2494
19096040,2495
19097357,2496
19097455,2497
19097628,2498
19099373,2499
19100952,2500
19102857,2501
19103329,2502
19103331,2503
19103682,2504
19107755,2505
19111502,2506
19113611,2507
19114497,2508
19115828,2509
19119868,2510
19121098,2511
19129405,2512
19130506,2513
19131805,2514
19132700,2515
19133019,2516
19133884,2517
19134092,2518
19134557,2519
19137622,2520
19139241,2521
19140613,2522
19141547,2523
19143783,2524
19145560,2525
19145763,2526
19147906,2527
19148711,2528
19151000,2529
19159352,2530
19161033,2531
19162120,2532
19162458,2533
19163142,2534
19163689,2535
19164969,2536
19166288,2537
19167686,2538
19173787,2539
19183699,2540
19191774,2541
19193215,2542
19194630,2543
19195094,2544
19200264,2545
19201818,2546
19209645,2547
19211550,2548
19212015,2549
19212476,2550
19215449,2551
19217369,2552
19219323,2553
19221303,2554
19221541,2555
19222048,2556
19224629,2557
19237877,2558
19237927,2559
19240249,2560
19243303,2561
19243536,2562
19243887,2563
19245863,2564
19246527,2565
19250737,2566
19252960,2567
19258189,2568
19270274,2569
19272675,2570
19273004,2571
19273173,2572
19281644,2573
19286149,2574
19289898,2575
19290046,2576
19291485,2577
19293117,2578
19296440,2579
19298121,2580
19306354,2581
19306602,2582
19308529,2583
19308721,2584
19309900,2585
19311027,2586
19315252,2587
19315260,2588
19317288,2589
19319700,2590
19324057,2591
19325284,2592
19325917,2593
19326887,2594
19328298,2595
19328644,2596
19331152,2597
19339460,2598
19343486,2599
19344224,2600
19345085,2601
19346439,2602
19348521,2603
19352926,2604
19354734,2605
19355955,2606
19358185,2607
19361886,2608
19364487,2609
19366377,2610
19368133,2611
19371210,2612
19378696,2613
19380829,2614
19395472,2615
19395615,2616
19398047,2617
19404295,2618
19410896,2619
19410985,2620
19412782,2621
19416225,2622
19416649,2623
19416935,2624
19418408,2625
19419025,2626
19425192,2627
19425312,2628
19427164,2629
19428305,2630
19444703,2631
19448745,2632
19450163,2633
19455124,2634
19458818,2635
19461153,2636
19465057,2637
19466009,2638
19467085,2639
19467440,2640
19468168,2641
19468883,2642
19470305,2643
19470319,2644
19471269,2645
19472966,2646
19476729,2647
19477339,2648
19479214,2649
19489355,2650
19489668,2651
19490017,2652
19490385,2653
19490590,2654
19492240,2655
19494768,2656
19495172,2657
19495594,2658
19495609,2659
19495610,2660
19498310,2661
19498323,2662
19499232,2663
19500176,2664
19500231,2665
19503822,2666
19507761,2667
19514123,2668
19516505,2669
19519035,2670
19519071,2671
19520658,2672
19523962,2673
19525809,2674
19533123,2675
19533349,2676
19537855,2677
19537857,2678
19543099,2679
19543821,2680
19550535,2681
19550663,2682
19553271,2683
19556080,2684
19556943,2685
19561082,2686
19562321,2687
19566868,2688
19570292,2689
19571906,2690
19575119,2691
19578119,2692
19589679,2693
19590930,2694
19608654,2695
19613406,2696
19616697,2697
19616818,2698
19617453,2699
19624472,2700
19624838,2701
19631355,2702
19632933,2703
19634302,2704
19635593,2705
19637012,2706
19640038,2707
19642191,2708
19647064,2709
19648890,2710
19648957,2711
19650017,2712
19650408,2713
19652917,2714
19658819,2715
19678842,2716
19681684,2717
19684270,2718
19686924,2719
19688276,2720
19691584,2721
19700049,2722
19700256,2723
19702818,2724
19709406,2725
19716315,2726
19720987,2727
19721574,2728
19723372,2729
19727603,2730
19744868,2731
19745748,2732
19749929,2733
19753026,2734
19757184,2735
19757729,2736
19758502,2737
19761358,2738
19763467,2739
19765796,2740
19766278,2741
19781066,2742
19783607,2743
19785093,2744
19788053,2745
19791473,2746
19798734,2747
19799466,2748
19808025,2749
19808920,2750
19810238,2751
19817448,2752
19817778,2753
19819752,2754
19828757,2755
19830342,2756
19835812,2757
19836975,2758
19840720,2759
19840926,2760
19841902,2761
19843289,2762
19848425,2763
19850687,2764
19864150,2765
19868776,2766
19869114,2767
19877413,2768
19879378,2769
19881382,2770
19887384,2771
19887674,2772
19888843,2773
19888921,2774
19894563,2775
19900401,2776
19908156,2777
19910740,2778
19911489,2779
19912421,2780
19921268,2781
19932690,2782
19933987,2783
19939104,2784
19945609,2785
19950189,2786
19950493,2787
19951742,2788
19952601,2789
19956477,2790
19957231,2791
19957596,2792
19961212,2793
19962466,2794
19965248,2795
19977903,2796
19982817,2797
19984237,2798
19990922,2799
19990980,2800
20010422,2801
20010642,2802
20012132,2803
20021421,2804
20021712,2805
20022682,2806
20024751,2807
20025516,2808
20025948,2809
20026746,2810
20032444,2811
20036969,2812
20051549,2813
20057199,2814
20061465,2815
20063199,2816
20064015,2817
20066126,2818
20068148,2819
20084570,2820
20087245,2821
20089424,2822
20091682,2823
20096361,2824
20097362,2825
20110434,2826
20111085,2827
20115368,2828
20121687,2829
20124512,2830
20126604,2831
20127594,2832
20132659,2833
20138342,2834
20147219,2835
20148675,2836
20162847,2837
20164025,2838
20164594,2839
20164802,2840
20169830,2841
20172321,2842
20180101,2843
20181975,2844
20184582,2845
20189273,2846
20190747,2847
20193775,2848
20193976,2849
20194311,2850
20197770,2851
20198802,2852
20200651,2853
20204796,2854
20205512,2855
20208478,2856
20211418,2857
20212136,2858
20212139,2859
20212475,2860
20213446,2861
20214831,2862
20216291,2863
20216473,2864
20218024,2865
20220628,2866
20221325,2867
20228905,2868
20231767,2869
20232263,2870
20234513,2871
20244903,2872
20247382,2873
20250199,2874
20255744,2875
20261159,2876
20266894,2877
20267695,2878
20268039,2879
20276213,2880
20281328,2881
20282201,2882
20284379,2883
20289349,2884
20289960,2885
20290474,2886
20293363,2887
20296799,2888
20301302,2889
20302931,2890
20306210,2891
20308223,2892
20310781,2893
20311111,2894
20314420,2895
20324919,2896
20326444,2897
20332516,2898
20335940,2899
20347457,2900
20349706,2901
20354161,2902
20355340,2903
20357922,2904
20361903,2905
20378633,2906
20381381,2907
20383948,2908
20393250,2909
20394431,2910
20395011,2911
20396782,2912
20399893,2913
20401355,2914
20401974,2915
20403577,2916
20406201,2917
20407378,2918
20407737,2919
20407768,2920
20409372,2921
20412642,2922
20413959,2923
20415405,2924
20418836,2925
20433176,2926
20435808,2927
20436676,2928
20438952,2929
20439703,2930
20441255,2931
20447568,2932
20462321,2933
20464317,2934
20468102,2935
20471742,2936
20476653,2937
20478516,2938
20478618,2939
20479814,2940
20480704,2941
20488417,2942
20488841,2943
20494827,2944
20503460,2945
20509741,2946
20517672,2947
20519985,2948
20522822,2949
20523175,2950
20531979,2951
20533462,2952
20533893,2953
20535297,2954
20540028,2955
20541137,2956
20545422,2957
20550442,2958
20553169,2959
20553369,2960
20554825,2961
20561955,2962
20564986,2963
20565523,2964
20565828,2965
20574223,2966
20576735,2967
20580526,2968
20592715,2969
20602082,2970
20604545,2971
20605155,2972
20609391,2973
20611749,2974
20612185,2975
20618180,2976
20620163,2977
20625218,2978
20627718,2979
20632710,2980
20634700,2981
20634939,2982
20635171,2983
20641619,2984
20641983,2985
20644970,2986
20649494,2987
20654814,2988
20655402,2989
20655577,2990
20663809,2991
20665873,2992
20671248,2993
20674926,2994
20675481,2995
20676003,2996
20678856,2997
20683332,2998
20686232,2999
20690344,3000
20691578,3001
20694023,3002
20702013,3003
20703602,3004
20704612,3005
20707402,3006
20709978,3007
20713947,3008
20715638,3009
20719498,3010
20720536,3011
20720763,3012
20722156,3013
20727451,3014
20729032,3015
20729460,3016
20729667,3017
20732140,3018
20734932,3019
20737589,3020
20738274,3021
20739133,3022
20746964,3023
20748652,3024
20752820,3025
20758263,3026
20763737,3027
20775197,3028
20776096,3029
20777381,3030
20778273,3031
20780835,3032
20790665,3033
20797202,3034
20806907,3035
20807932,3036
20810817,3037
20811534,3038
20813619,3039
20815307,3040
20815842,3041
20816689,3042
20819199,3043
20822796,3044
20823880,3045
20826640,3046
20829577,3047
20830711,3048
20834877,3049
20842368,3050
20845597,3051
20848659,3052
20852175,3053
20862528,3054
20867110,3055
20867867,3056
20868628,3057
20871275,3058
20873757,3059
20873858,3060
20874917,3061
20885105,3062
20885530,3063
20886559,3064
20889358,3065
20892272,3066
20892936,3067
20897273,3068
20906164,3069
20906338,3070
20906660,3071
20908948,3072
20912932,3073
20916358,3074
20917652,3075
20917723,3076
20923274,3077
20925136,3078
20925446,3079
20927373,3080
20928788,3081
20932284,3082
20937170,3083
20937227,3084
20939926,3085
20940614,3086
20945894,3087
20945895,3088
20952653,3089
20952823,3090
20953256,3091
20958510,3092
20961426,3093
20962812,3094
20964739,3095
20965558,3096
20977276,3097
20978217,3098
20979194,3099
20980685,3100
20988856,3101
20994278,3102
21003380,3103
21004961,3104
21008418,3105
21009217,3106
21009701,3107
21011616,3108
21013856,3109
21027066,3110
21028112,3111
21029857,3112
21030079,3113
21034695,3114
21036535,3115
21037096,3116
21043463,3117
21043723,3118
21044900,3119
21045173,3120
21046720,3121
21052317,3122
21053276,3123
21055311,3124
21056084,3125
21056196,3126
21058041,3127
21061006,3128
21062019,3129
21063394,3130
21064163,3131
21067355,3132
21067788,3133
21071385,3134
21071581,3135
21071951,3136
21073076,3137
21078292,3138
21082169,3139
21084137,3140
21088646,3141
21089957,3142
21091983,3143
21097079,3144
21097133,3145
21104312,3146
21107679,3147
21108465,3148
21110041,3149
21110288,3150
21111999,3151
21112249,3152
21114843,3153
21116332,3154
21117305,3155
21118184,3156
21121713,3157
21122575,3158
21129127,3159
21131522,3160
21133543,3161
21135703,3162
21138623,3163
21140429,3164
21141056,3165
21147939,3166
21149277,3167
21155072,3168
21155483,3169
21156753,3170
21159536,3171
21169921,3172
21170276,3173
21172539,3174
21174071,3175
21177033,3176
21187876,3177
21190891,3178
21194383,3179
21196360,3180
21196759,3181
21203211,3182
21203828,3183
21205082,3184
21208427,3185
21215394,3186
21216192,3187
21217814,3188
21219679,3189
21230797,3190
21237658,3191
21238575,3192
21242484,3193
21246715,3194
21249652,3195
21250750,3196
21253575,3197
21253935,3198
21261373,3199
21261686,3200
21268969,3201
21271252,3202
21274637,3203
21274701,3204
21280493,3205
21281289,3206
21283179,3207
21283587,3208
21284847,3209
21292467,3210
21293089,3211
21297925,3212
21300843,3213
21303464,3214
21308831,3215
21315649,3216
21324543,3217
21330040,3218
21333396,3219
21339555,3220
21339954,3221
21340441,3222
21345227,3223
21347704,3224
21348611,3225
21351342,3226
21351781,3227
21352055,3228
21354159,3229
21355755,3230
21355784,3231
21357585,3232
21359391,3233
21360968,3234
21362878,3235
21368516,3236
21368538,3237
21369637,3238
21371939,3239
21375044,3240
21376118,3241
21379617,3242
21380185,3243
21381136,3244
21388299,3245
21395919,3246
21396097,3247
21397043,3248
21397690,3249
21404104,3250
21409892,3251
21410397,3252
21412490,3253
21415760,3254
21419098,3255
21420101,3256
21424216,3257
21424262,3258
21426342,3259
21428246,3260
21433328,3261
21433615,3262
21434533,3263
21436284,3264
21437892,3265
21443592,3266
21444008,3267
21444112,3268
21447013,3269
21453185,3270
21457771,3271
21459590,3272
21465838,3273
21481344,3274
21484872,3275
21496372,3276
21497127,3277
21497493,3278
21498315,3279
21508426,3280
21508975,3281
21509762,3282
21509847,3283
21512529,3284
21514656,3285
21519788,3286
21519789,3287
21521467,3288
21531396,3289
21531471,3290
21533462,3291
21534846,3292
21539286,3293
21543751,3294
21545542,3295
21545704,3296
21546092,3297
21547158,3298
21549852,3299
21550402,3300
21550761,3301
21561592,3302
21563704,3303
21565433,3304
21567649,3305
21570332,3306
21570446,3307
21571717,3308
21572910,3309
21577775,3310
21579476,3311
21582213,3312
21583867,3313
21585835,3314
21586065,3315
21586261,3316
21586778,3317
21590255,3318
21591156,3319
21595799,3320
21608662,3321
21611105,3322
21612122,3323
21615351,3324
21619438,3325
21620257,3326
21622781,3327
21625408,3328
21626059,3329
21626814,3330
21626875,3331
21631010,3332
21632205,3333
21651653,3334
21651982,3335
21656717,3336
21660303,3337
21660781,3338
21663095,3339
21671227,3340
21673778,3341
21676618,3342
21678043,3343
21678506,3344
21680862,3345
21681156,3346
21682632,3347
21684265,3348
21685295,3349
21686067,3350
21688686,3351
21689822,3352
21694708,3353
21697967,3354
21699229,3355
21703259,3356
21703878,3357
21707139,3358
21708035,3359
21718998,3360
21725017,3361
21725179,3362
21726518,3363
21729540,3364
21732921,3365
21732937,3366
21733345,3367
21734052,3368
21735711,3369
21736625,3370
21745440,3371
21748745,3372
21749564,3373
21752569,3374
21761396,3375
21765964,3376
21767245,3377
21771686,3378
21776802,3379
21783739,3380
21784741,3381
21785996,3382
21794030,3383
21794771,3384
21798372,3385
21802660,3386
21804094,3387
21805147,3388
21805364,3389
21811325,3390
21814978,3391
21816083,3392
21823322,3393
21827845,3394
21831006,3395
21832347,3396
21832884,3397
21836778,3398
21837233,3399
21837997,3400
21840605,3401
21842896,3402
21861033,3403
21865035,3404
21866085,3405
21866678,3406
21870072,3407
21874451,3408
21874898,3409
21876643,3410
21885474,3411
21888038,3412
21888464,3413
21889289,3414
21894794,3415
21899643,3416
21901450,3417
21902667,3418
21904140,3419
21905160,3420
21907144,3421
21909596,3422
21910089,3423
21913604,3424
21921381,3425
21923301,3426
21924023,3427
21924420,3428
21925468,3429
21934122,3430
21938597,3431
21939869,3432
21942316,3433
21943677,3434
21943800,3435
21953248,3436
21954625,3437
21956780,3438
21958995,3439
21960285,3440
21962518,3441
21965432,3442
21966571,3443
21966911,3444
21969052,3445
21973050,3446
21974114,3447
21978819,3448
21979484,3449
21980816,3450
21982355,3451
21985837,3452
21991978,3453
21996415,3454
21999375,3455
22001548,3456
22004340,3457
22005584,3458
22009023,3459
22011193,3460
22016925,3461
22021741,3462
22026825,3463
22028250,3464
22032247,3465
22034930,3466
22035104,3467
22040124,3468
22040252,3469
22046875,3470
22047952,3471
22049571,3472
22053247,3473
22057378,3474
22060684,3475
22064251,3476
22067368,3477
22070754,3478
22077489,3479
22079334,3480
22087228,3481
22089075,3482
22089153,3483
22089318,3484
22092187,3485
22097047,3486
22105216,3487
22108107,3488
22114231,3489
22115384,3490
22127245,3491
22130202,3492
22142419,3493
22146954,3494
22147031,3495
22153452,3496
22158282,3497
22158652,3498
22160609,3499
22165366,3500
22168210,3501
22173790,3502
22175337,3503
22179107,3504
22179710,3505
22184018,3506
22184464,3507
22190567,3508
22192635,3509
22194831,3510
22198749,3511
22199334,3512
22203434,3513
22204106,3514
22205213,3515
22205319,3516
22205646,3517
22209185,3518
22209251,3519
22209272,3520
22211042,3521
22211967,3522
22215940,3523
22217443,3524
22217473,3525
22218151,3526
22225648,3527
22232322,3528
22235627,3529
22238986,3530
22239035,3531
22245277,3532
22246016,3533
22250215,3534
22251459,3535
22253744,3536
22254284,3537
22254470,3538
22263510,3539
22268707,3540
22270993,3541
22278349,3542
22278466,3543
22279004,3544
22279048,3545
22288744,3546
22289130,3547
22290255,3548
22291897,3549
22297521,3550
22298680,3551
22299476,3552
22306310,3553
22307360,3554
22316582,3555
22317684,3556
22319268,3557
22323044,3558
22329855,3559
22330321,3560
22331129,3561
22332932,3562
22333382,3563
22336312,3564
22340230,3565
22344572,3566
22344648,3567
22345653,3568
22358987,3569
22369295,3570
22370512,3571
22374823,3572
22375126,3573
22379003,3574
22379696,3575
22383146,3576
22384448,3577
22392036,3578
22394806,3579
22398895,3580
22399635,3581
22413735,3582
22415679,3583
22416901,3584
22418027,3585
22425260,3586
22429979,3587
22435220,3588
22437075,3589
22440812,3590
22446355,3591
22470711,3592
22476271,3593
22487445,3594
22489119,3595
22489647,3596
22491678,3597
22493872,3598
22502285,3599
22502534,3600
22504565,3601
22507820,3602
22508052,3603
22513016,3604
22515143,3605
22518971,3606
22519200,3607
22521951,3608
22522178,3609
22526181,3610
22532718,3611
22532954,3612
22533553,3613
22537096,3614
22538359,3615
22539216,3616
22548504,3617
22551485,3618
22551915,3619
22556563,3620
22560682,3621
22564155,3622
22568416,3623
22570743,3624
22575170,3625
22578352,3626
22580989,3627
22583725,3628
22590881,3629
22591559,3630
22593917,3631
22600982,3632
22607317,3633
22612819,3634
22614415,3635
22621721,3636
22626102,3637
22630846,3638
22645752,3639
22652016,3640
22654629,3641
22656070,3642
22656089,3643
22666333,3644
22669815,3645
22674471,3646
22675708,3647
22677881,3648
22679931,3649
22680659,3650
22682422,3651
22687311,3652
22700291,3653
22703339,3654
22705932,3655
22707673,3656
22707692,3657
22708547,3658
22711576,3659
22712307,3660
22712521,3661
22713800,3662
22715644,3663
22717923,3664
22719661,3665
22719839,3666
22725289,3667
22725846,3668
22730293,3669
22735444,3670
22738950,3671
22746791,3672
22769373,3673
22785979,3674
22790842,3675
22794400,3676
22794611,3677
22795268,3678
22795450,3679
22796398,3680
22796565,3681
22797045,3682
22800917,3683
22804865,3684
22804904,3685
22808941,3686
22814381,3687
22816977,3688
22818716,3689
22822119,3690
22822556,3691
22822992,3692
22824100,3693
22844639,3694
22846618,3695
22848269,3696
22849568,3697
22855797,3698
22856846,3699
22862240,3700
22863459,3701
22872643,3702
22873947,3703
22876462,3704
22877265,3705
22880767,3706
22883206,3707
22889133,3708
22893671,3709
22902559,3710
22905734,3711
22907290,3712
22909133,3713
22919451,3714
22921941,3715
22924291,3716
22932090,3717
22932569,3718
22945398,3719
22949027,3720
22952649,3721
22954643,3722
22954683,3723
22956118,3724
22956120,3725
22956220,3726
22964326,3727
22970775,3728
22971476,3729
22973361,3730
22982919,3731
22983638,3732
22984882,3733
22987585,3734
22993014,3735
22997050,3736
23000926,3737
23007492,3738
23008342,3739
23010592,3740
23026561,3741
23028565,3742
23029464,3743
23030206,3744
23031094,3745
23032770,3746
23037924,3747
23038023,3748
23043997,3749
23046474,3750
23047147,3751
23055141,3752
23060198,3753
23061199,3754
23063672,3755
23063676,3756
23064291,3757
23070416,3758
23071151,3759
23074025,3760
23075757,3761
23083482,3762
23090576,3763
23095943,3764
23097755,3765
23112168,3766
23113171,3767
23113181,3768
23113328,3769
23114490,3770
23116134,3771
23126414,3772
23128864,3773
23130850,3774
23133836,3775
23143326,3776
23145546,3777
23146370,3778
23147110,3779
23150206,3780
23150639,3781
23151004,3782
23152987,3783
23153001,3784
23154890,3785
23156750,3786
23158583,3787
23162382,3788
23165091,3789
23165894,3790
23166424,3791
23168962,3792
23174601,3793
23175299,3794
23180169,3795
23180284,3796
23195603,3797
23196051,3798
23196128,3799
23203120,3800
23203769,3801
23204215,3802
23212974,3803
23215804,3804
23217897,3805
23219627,3806
23220731,3807
23226094,3808
23226772,3809
23227936,3810
23228167,3811
23237055,3812
23237954,3813
23245400,3814
23257405,3815
23257880,3816
23261228,3817
23272075,3818
23277482,3819
23284066,3820
23303699,3821
23325180,3822
23325202,3823
23325343,3824
23331101,3825
23340287,3826
23341160,3827
23345560,3828
23351470,3829
23355113,3830
23360808,3831
23362853,3832
23373409,3833
23378589,3834
23379347,3835
23381214,3836
23383698,3837
23389883,3838
23394461,3839
23395880,3840
23399626,3841
23402902,3842
23415606,3843
23420769,3844
23426523,3845
23429900,3846
23431533,3847
23434516,3848
23437420,3849
23444554,3850
23445502,3851
23447217,3852
23448324,3853
23448753,3854
23450303,3855
23450332,3856
23450564,3857
23456911,3858
23460991,3859
23469686,3860
23476731,3861
23485619,3862
23498379,3863
23498518,3864
23501491,3865
23505967,3866
23510621,3867
23518071,3868
23528338,3869
23529294,3870
23532805,3871
23533339,3872
23542279,3873
23542381,3874
23551170,3875
23551747,3876
23556061,3877
23560960,3878
23561165,3879
23566487,3880
23568304,3881
23576644,3882
23594810,3883
23598003,3884
23604785,3885
23608092,3886
23617145,3887
23618466,3888
23620605,3889
23624120,3890
23631058,3891
23633315,3892
23636341,3893
23640024,3894
23654314,3895
23654321,3896
23654986,3897
23671041,3898
23681268,3899
23681383,3900
23681556,3901
23685368,3902
23695085,3903
23699215,3904
23699461,3905
23700185,3906
23702635,3907
23706022,3908
23712477,3909
23712980,3910
23713318,3911
23717589,3912
23719539,3913
23719888,3914
23721547,3915
23721998,3916
23722354,3917
23723528,3918
23725845,3919
23726509,3920
23726725,3921
23730438,3922
23732681,3923
23736539,3924
23744937,3925
23750409,3926
23756831,3927
23760571,3928
23765391,3929
23765635,3930
23771604,3931
23784616,3932
23785364,3933
23789250,3934
23795212,3935
23799146,3936
23803056,3937
23811400,3938
23818992,3939
23827133,3940
23831448,3941
23831605,3942
23840242,3943
23841163,3944
23842598,3945
23847371,3946
23853647,3947
23857263,3948
23860719,3949
23866043,3950
23866855,3951
23867042,3952
23868952,3953
23870969,3954
23876237,3955
23877673,3956
23879043,3957
23882409,3958
23885216,3959
23888081,3960
23888634,3961
23888842,3962
23898335,3963
23903329,3964
23905899,3965
23909391,3966
23909770,3967
23910103,3968
23917810,3969
23926709,3970
23928626,3971
23930234,3972
23930286,3973
23942023,3974
23945498,3975
23953713,3976
23961329,3977
23962809,3978
23963048,3979
23963105,3980
23972434,3981
23973443,3982
23974167,3983
23976801,3984
23982344,3985
23994596,3986
23998456,3987
24000965,3988
24006136,3989
24006333,3990
24006632,3991
24009006,3992
24009194,3993
24010239,3994
24012502,3995
24014780,3996
24023991,3997
24024005,3998
24025233,3999
24026862,4000
24027786,4001
24028930,4002
24036615,4003
24036932,4004
24038805,4005
24040708,4006
24059042,4007
24064455,4008
24071387,4009
24076875,4010
24077102,4011
24078430,4012
24079633,4013
24081122,4014
24086385,4015
24092738,4016
24095724,4017
24104971,4018
24107467,4019
24118689,4020
24122601,4021
24125771,4022
24126020,4023
24128953,4024
24131732,4025
24133107,4026
24134004,4027
24136995,4028
24137315,4029
24140924,4030
24143856,4031
24145766,4032
24147131,4033
24147445,4034
24148444,4035
24156429,4036
24163646,4037
24165761,4038
24168009,4039
24174356,4040
24174519,4041
24190683,4042
24195075,4043
24196746,4044
24198927,4045
24199481,4046
24200018,4047
24208037,4048
24210603,4049
24214213,4050
24216455,4051
24218664,4052
24230078,4053
24232734,4054
24245180,4055
24248571,4056
24249547,4057
24253684,4058
24258355,4059
24265209,4060
24278396,4061
24279126,4062
24283787,4063
24285552,4064
24287541,4065
24295324,4066
24302223,4067
24303274,4068
24304852,4069
24305574,4070
24306002,4071
24307984,4072
24312627,4073
24317107,4074
24323481,4075
24335624,4076
24339722,4077
24340340,4078
24344437,4079
24349994,4080
24357823,4081
24368748,4082
24369335,4083
24369345,4084
24370325,4085
24388970,4086
24389773,4087
24405517,4088
24408114,4089
24408156,4090
24411029,4091
24415701,4092
24426815,4093
24427844,4094
24427864,4095
24429141,4096
24434613,4097
24439506,4098
24445098,4099
24447688,4100
24452216,4101
24452368,4102
24452903,4103
24453690,4104
24455291,4105
24456390,4106
24457336,4107
24459371,4108
24463357,4109
24467440,4110
24467920,4111
24470563,4112
24471285,4113
24484389,4114
24485962,4115
24486612,4116
24493951,4117
24495084,4118
24497784,4119
24498101,4120
24498128,4121
24500370,4122
24501027,4123
24512455,4124
24516301,4125
24520567,4126
24527054,4127
24527655,4128
24531913,4129
24535680,4130
24539548,4131
24540476,4132
24540958,4133
24542494,4134
24544452,4135
24544713,4136
24545286,4137
24546276,4138
24548153,4139
24548273,4140
24550850,4141
24568209,4142
24570874,4143
24577901,4144
24581337,4145
24582031,4146
24593908,4147
24597982,4148
24603398,4149
24604176,4150
24605466,4151
24607532,4152
24614034,4153
24618161,4154
24622734,4155
24629469,4156
24629704,4157
24632311,4158
24637382,4159
24642237,4160
24643865,4161
24655343,4162
24655672,4163
24655962,4164
24656801,4165
24663606,4166
24668796,4167
24677484,4168
24700192,4169
24701407,4170
24702075,4171
24705302,4172
24716002,4173
24716381,4174
24719890,4175
24724203,4176
24725159,4177
24728591,4178
24729157,4179
24737098,4180
24739635,4181
24740897,4182
24754087,4183
24756882,4184
24756899,4185
24773456,4186
24785521,4187
24785594,4188
24787290,4189
24787367,4190
24789484,4191
24796125,4192
24807131,4193
24814860,4194
24820089,4195
24823181,4196
24823845,4197
24824555,4198
24824899,4199
24825097,4200
24827870,4201
24828703,4202
24830648,4203
24836305,4204
24837473,4205
24842264,4206
24842572,4207
24842995,4208
24843751,4209
24859202,4210
24864037,4211
24870244,4212
24872724,4213
24873038,4214
24875893,4215
24876114,4216
24876737,4217
24879883,4218
24884213,4219
24898961,4220
24903205,4221
24903940,4222
24907451,4223
24919201,4224
24919893,4225
24920395,4226
24923175,4227
24935003,4228
24937265,4229
24944891,4230
24947287,4231
24956859,4232
24975816,4233
24977466,4234
24979145,4235
25000057,4236
25000779,4237
25001561,4238
25005736,4239
25014642,4240
25018145,4241
25021510,4242
25021862,4243
25025360,4244
25039143,4245
25040040,4246
25040215,4247
25053352,4248
25068053,4249
25095300,4250
25095608,4251
25098624,4252
25100826,4253
25108095,4254
25110374,4255
25119979,4256
25120975,4257
25126229,4258
25128967,4259
25130247,4260
25141550,4261
25152414,4262
25155186,4263
25156995,4264
25164154,4265
25176693,4266
25178250,4267
25181713,4268
25183261,4269
25185828,4270
25187635,4271
25189271,4272
25191678,4273
25193577,4274
25198091,4275
25203441,4276
25205874,4277
25209469,4278
25217045,4279
25220242,4280
25221139,4281
25225789,4282
25235791,4283
25237017,4284
25240424,4285
25245927,4286
25247802,4287
25253099,4288
25259962,4289
25262502,4290
25268310,4291
25274270,4292
25276610,4293
25279958,4294
25287690,4295
25289574,4296
25289892,4297
25292474,4298
25298866,4299
25300494,4300
25302302,4301
25306525,4302
25310004,4303
25310766,4304
25316733,4305
25318441,4306
25322068,4307
25324805,4308
25328332,4309
25333403,4310
25335778,4311
25353507,4312
25354156,4313
25362667,4314
25364125,4315
25365245,4316
25366062,4317
25366702,4318
25372667,4319
25374174,4320
25374835,4321
25375204,4322
25377135,4323
25383850,4324
25391616,4325
25395255,4326
25398629,4327
25398687,4328
25399317,4329
25404993,4330
25406425,4331
25406883,4332
25407310,4333
25409830,4334
25412587,4335
25417578,4336
25418746,4337
25419545,4338
25419816,4339
25421310,4340
25421815,4341
25428766,4342
25429149,4343
25436258,4344
25437536,4345
25443536,4346
25445946,4347
25451464,4348
25451651,4349
25451704,4350
25451991,4351
25456876,4352
25457048,4353
25461857,4354
25461860,4355
25471127,4356
25471626,4357
25471906,4358
25472797,4359
25474023,4360
25474293,4361
25484835,4362
25508307,4363
25511878,4364
25512630,4365
25519088,4366
25519387,4367
25521807,4368
25529393,4369
25535595,4370
25541576,4371
25543163,4372
25546072,4373
25549372,4374
25554198,4375
25557752,4376
25562750,4377
25571027,4378
25572186,4379
25574116,4380
25576281,4381
25577037,4382
25584105,4383
25588490,4384
25589145,4385
25593151,4386
25593329,4387
25596559,4388
25606162,4389
25610240,4390
25610355,4391
25614085,4392
25614672,4393
25632938,4394
25638268,4395
25640854,4396
25654354,4397
25660877,4398
25662338,4399
25663083,4400
25667511,4401
25669286,4402
25680895,4403
25683153,4404
25685342,4405
25689113,4406
25689990,4407
25690056,4408
25691712,4409
25691741,4410
25710052,4411
25714576,4412
25717212,4413
25718238,4414
25718382,4415
25725812,4416
25726184,4417
25726240,4418
25728193,4419
25730189,4420
25735151,4421
25735574,4422
25739482,4423
25744313,4424
25748495,4425
25753428,4426
25765570,4427
25765675,4428
25770827,4429
25776509,4430
25785887,4431
25786562,4432
25787194,4433
25794806,4434
25802002,4435
25808275,4436
25808658,4437
25810217,4438
25813733,4439
25819530,4440
25824177,4441
25829276,4442
25835607,4443
25836243,4444
25839325,4445
25845830,4446
25856219,4447
25858308,4448
25860925,4449
25864669,4450
25866428,4451
25869728,4452
25872911,4453
25873753,4454
25877017,4455
25877888,4456
25880355,4457
25883526,4458
25884601,4459
25885414,4460
25888849,4461
25890025,4462
25894388,4463
25895250,4464
25895498,4465
25903919,4466
25906059,4467
25908599,4468
25908854,4469
25911963,4470
25915767,4471
25918217,4472
25920303,4473
25922356,4474
25924647,4475
25927032,4476
25928003,4477
25946350,4478
25947220,4479
25947430,4480
25956373,4481
25960743,4482
25961873,4483
25963395,4484
25966515,4485
25967830,4486
25969442,4487
25975551,4488
25978996,4489
25981578,4490
25985344,4491
25986113,4492
25988523,4493
25989394,4494
25992637,4495
25999072,4496
26000710,4497
26014731,4498
26014799,4499
26017791,4500
26020800,4501
26038491,4502
26063935,4503
26064561,4504
26066192,4505
26067145,4506
26067582,4507
26070572,4508
26070798,4509
26070928,4510
26071303,4511
26073686,4512
26074814,4513
26080208,4514
26091813,4515
26094566,4516
26096980,4517
26097464,4518
26097757,4519
26105578,4520
26107852,4521
26108826,4522
26111178,4523
26117278,4524
26121933,4525
26122639,4526
26127905,4527
26132589,4528
26133596,4529
26134438,4530
26139323,4531
26145527,4532
26147548,4533
26152484,4534
26156260,4535
26160313,4536
26168536,4537
26174857,4538
26175005,4539
26179821,4540
26182981,4541
26184569,4542
26192233,4543
26194850,4544
26199079,4545
26212879,4546
26219530,4547
26222680,4548
26223503,4549
26223622,4550
26246412,4551
26255362,4552
26257638,4553
26258609,4554
26267363,4555
26267463,4556
26270864,4557
26271503,4558
26278305,4559
26284165,4560
26285018,4561
26286690,4562
26287372,4563
26289303,4564
26302066,4565
26308107,4566
26312332,4567
26315264,4568
26316595,4569
26330087,4570
26330510,4571
26335054,4572
26340571,4573
26345395,4574
26350674,4575
26351999,4576
26359151,4577
26362473,4578
26362666,4579
26364491,4580
26366004,4581
26369335,4582
26378009,4583
26379293,4584
26381403,4585
26382961,4586
26388848,4587
26392098,4588
26393248,4589
26408508,4590
26410248,4591
26419242,4592
26421626,4593
26431717,4594
26443360,4595
26447065,4596
26447410,4597
26450230,4598
26453747,4599
26456497,4600
26460275,4601
26461628,4602
26468371,4603
26470418,4604
26477548,4605
26482848,4606
26487878,4607
26496978,4608
26499221,4609
26504239,4610
26505237,4611
26514883,4612
26516743,4613
26517251,4614
26523408,4615
26523456,4616
26528766,4617
26536627,4618
26537356,4619
26538227,4620
26541409,4621
26552390,4622
26552440,4623
26558549,4624
26559222,4625
26563525,4626
26564529,4627
26570961,4628
26571417,4629
26572089,4630
26576257,4631
26589498,4632
26596185,4633
26608659,4634
26614342,4635
26621229,4636
26625439,4637
26626970,4638
26638198,4639
26639225,4640
26640682,4641
26643566,4642
26649878,4643
26652733,4644
26657285,4645
26662482,4646
26663298,4647
26667526,4648
26682251,4649
26688708,4650
26691278,4651
26693239,4652
26698994,4653
26699815,4654
26711983,4655
26713729,4656
26714962,4657
26717180,4658
26718451,4659
26728719,4660
26737713,4661
26752744,4662
26762619,4663
26765107,4664
26765291,4665
26775328,4666
26787703,4667
26801386,4668
26803685,4669
26806095,4670
26806996,4671
26810477,4672
26821128,4673
26821545,4674
26822709,4675
26824299,4676
26826201,4677
26828406,4678
26828875,4679
26834741,4680
26836664,4681
26842073,4682
26844366,4683
26850810,4684
26855304,4685
26864137,4686
26866665,4687
26868545,4688
26878502,4689
26883100,4690
26887339,4691
26893868,4692
26894621,4693
26896708,4694
26900055,4695
26901042,4696
26902474,4697
26903095,4698
26903885,4699
26907313,4700
26910995,4701
26914092,4702
26916650,4703
26919890,4704
26924602,4705
26932981,4706
26938623,4707
26947929,4708
26949759,4709
26955401,4710
26956438,4711
26957212,4712
26960113,4713
26965848,4714
26974479,4715
26979999,4716
26985539,4717
26994836,4718
26996726,4719
27004448,4720
27005310,4721
27007885,4722
27010456,4723
27015566,4724
27019227,4725
27019601,4726
27025237,4727
27028532,4728
27031592,4729
27032322,4730
27040663,4731
27046030,4732
27049619,4733
27050000,4734
27053126,4735
27060980,4736
27061458,4737
27070470,4738
27075032,4739
27077530,4740
27087020,4741
27105217,4742
27106285,4743
27109131,4744
27112599,4745
27112715,4746
27114485,4747
27122356,4748
27127139,4749
27135607,4750
27141515,4751
27145054,4752
27145245,4753
27155301,4754
27157751,4755
27158574,4756
27162733,4757
27164449,4758
27171100,4759
27171553,4760
27172412,4761
27172416,4762
27181614,4763
27187953,4764
27190127,4765
27190401,4766
27194514,4767
27198487,4768
27198592,4769
27198919,4770
27203795,4771
27212654,4772
27217349,4773
27234909,4774
27237899,4775
27240262,4776
27246538,4777
27253366,4778
27255071,4779
27255377,4780
27260322,4781
27261565,4782
27267445,4783
27275057,4784
27276907,4785
27279503,4786
27294043,4787
27297014,4788
27297412,4789
27301234,4790
27302275,4791
27303036,4792
27306297,4793
27313635,4794
27315099,4795
27319726,4796
27323843,4797
27324500,4798
27326427,4799
27341076,4800
27342001,4801
27344142,4802
27345147,4803
27345589,4804
27346840,4805
27347119,4806
27352127,4807
27356181,4808
27359960,4809
27361140,4810
27361519,4811
27363501,4812
27364502,4813
27366826,4814
27367263,4815
27372088,4816
27373075,4817
27375420,4818
27385174,4819
27385594,4820
27387180,4821
27404201,4822
27406965,4823
27408423,4824
27419523,4825
27426002,4826
27427649,4827
27428531,4828
27432573,4829
27432747,4830
27435796,4831
27443402,4832
27443857,4833
27446514,4834
27455749,4835
27463702,4836
27471564,4837
27471778,4838
27476396,4839
27488996,4840
27489519,4841
27490542,4842
27494725,4843
27501121,4844
27505969,4845
27506559,4846
27519265,4847
27523643,4848
27525294,4849
27529969,4850
27539784,4851
27542910,4852
27543682,4853
27549495,4854
27550771,4855
27551534,4856
27551703,4857
27553611,4858
27559080,4859
27564314,4860
27575486,4861
27589515,4862
27599261,4863
27617110,4864
27623712,4865
27637361,4866
27639792,4867
27659291,4868
27661137,4869
27665061,4870
27668630,4871
27670128,4872
27671624,4873
27682432,4874
27684504,4875
27689907,4876
27691270,4877
27694600,4878
27706376,4879
27715353,4880
27719912,4881
27733698,4882
27734496,4883
27747301,4884
27750346,4885
27755788,4886
27755960,4887
27761969,4888
27766981,4889
27768774,4890
27769811,4891
27770810,4892
27771819,4893
27774147,4894
27776259,4895
27776588,4896
27782482,4897
27782556,4898
27787707,4899
27789999,4900
27793626,4901
27793883,4902
27798388,4903
27799333,4904
27809385,4905
27813647,4906
27816588,4907
27818124,4908
27820326,4909
27830822,4910
27831488,4911
27839185,4912
27839828,4913
27840350,4914
27850324,4915
27856025,4916
27866907,4917
27867068,4918
27875696,4919
27879364,4920
27883276,4921
27883459,4922
27887261,4923
27891748,4924
27892256,4925
27893307,4926
27897429,4927
27900985,4928
27901877,4929
27908774,4930
27912912,4931
27922989,4932
27929213,4933
27937119,4934
27938485,4935
27943648,4936
27946189,4937
27965034,4938
27965252,4939
27968672,4940
27969602,4941
27969874,4942
27971799,4943
27972134,4944
27973500,4945
27986018,4946
27986309,4947
27989993,4948
27993299,4949
27998439,4950
28005933,4951
28009632,4952
28010994,4953
28013938,4954
28021375,4955
28025132,4956
28027426,4957
28027732,4958
28029384,4959
28031362,4960
28037911,4961
28045541,4962
28046447,4963
28049003,4964
28051416,4965
28056419,4966
28062887,4967
28064611,4968
28078284,4969
28079760,4970
28080447,4971
28084471,4972
28086388,4973
28088585,4974
28089061,4975
28090436,4976
28091881,4977
28101276,4978
28105561,4979
28106647,4980
28107803,4981
28115444,4982
28119336,4983
28121536,4984
28135388,4985
28140646,4986
28146346,4987
28148610,4988
28150636,4989
28150668,4990
28153258,4991
28156710,4992
28161086,4993
28162211,4994
28163598,4995
28180607,4996
28181307,4997
28184503,4998
28186807,4999
28191911,5000
28199524,5001
28213883,5002
28218622,5003
28220973,5004
28229331,5005
28230544,5006
28239343,5007
28240039,5008
28246428,5009
28248148,5010
28261043,5011
28262061,5012
28279013,5013
28286239,5014
28287812,5015
28288262,5016
28314122,5017
28334974,5018
28339987,5019
28340012,5020
28344291,5021
28355039,5022
28358703,5023
28360460,5024
28362149,5025
28368053,5026
28375827,5027
28383010,5028
28387347,5029
28387681,5030
28387976,5031
28398710,5032
28403194,5033
28405169,5034
28407312,5035
28427244,5036
28427441,5037
28435461,5038
28448639,5039
28453911,5040
28457806,5041
28470495,5042
28472070,5043
28473012,5044
28475332,5045
28476628,5046
28505099,5047
28515803,5048
28521137,5049
28530000,5050
28534205,5051
28536375,5052
28539109,5053
28542202,5054
28543715,5055
28544393,5056
28561462,5057
28565368,5058
28573216,5059
28583706,5060
28593458,5061
28595496,5062
28600400,5063
28602420,5064
28603554,5065
28608767,5066
28609326,5067
28611432,5068
28622119,5069
28628494,5070
28631496,5071
28634061,5072
28636360,5073
28639060,5074
28639102,5075
28640442,5076
28645401,5077
28654816,5078
28660238,5079
28660609,5080
28670599,5081
28674574,5082
28674648,5083
28687311,5084
28689241,5085
28696142,5086
28713889,5087
28715057,5088
28715950,5089
28721195,5090
28726320,5091
28727364,5092
28729402,5093
28730346,5094
28734221,5095
28736249,5096
28737604,5097
28738773,5098
28740137,5099
28740858,5100
28746819,5101
28747839,5102
28758925,5103
28773941,5104
28774609,5105
28775990,5106
28779853,5107
28786693,5108
28786871,5109
28787718,5110
28797310,5111
28815213,5112
28816607,5113
28820629,5114
28833436,5115
28837157,5116
28837388,5117
28844893,5118
28848909,5119
28849371,5120
28855043,5121
28856263,5122
28856420,5123
28861609,5124
28862210,5125
28885426,5126
28885875,5127
28887763,5128
28888756,5129
28892794,5130
28899488,5131
28904141,5132
28905454,5133
28906217,5134
28906690,5135
28913732,5136
28915385,5137
28918700,5138
28918980,5139
28921274,5140
28931119,5141
28931885,5142
28933533,5143
28935680,5144
28936625,5145
28940282,5146
28943857,5147
28949938,5148
28952731,5149
28952829,5150
28968486,5151
28969606,5152
28970513,5153
28970585,5154
28976669,5155
28994349,5156
28999528,5157
29000211,5158
29004503,5159
29008461,5160
29008860,5161
29009765,5162
29018320,5163
29019292,5164
29021597,5165
29024191,5166
29026674,5167
29032164,5168
29043485,5169
29045521,5170
29048085,5171
29048985,5172
29053139,5173
29054070,5174
29059327,5175
29065153,5176
29066807,5177
29073978,5178
29074075,5179
29081288,5180
29083911,5181
29096230,5182
29101624,5183
29110336,5184
29118781,5185
29120250,5186
29125893,5187
29138433,5188
29140799,5189
29143696,5190
29148176,5191
29153228,5192
29162051,5193
29166302,5194
29169273,5195
29170877,5196
29171704,5197
29174280,5198
29188754,5199
29190592,5200
29191107,5201
29198219,5202
29205678,5203
29209544,5204
29209963,5205
29229550,5206
29239678,5207
29246575,5208
29248425,5209
29258026,5210
29259728,5211
29261313,5212
29263970,5213
29266503,5214
29270000,5215
29271819,5216
29273417,5217
29279050,5218
29287030,5219
29299774,5220
29319019,5221
29321298,5222
29322815,5223
29330112,5224
29330914,5225
29342199,5226
29351035,5227
29351386,5228
29353906,5229
29355137,5230
29355945,5231
29368590,5232
29371569,5233
29380324,5234
29383438,5235
29386701,5236
29388319,5237
29393268,5238
29395481,5239
29400182,5240
29402477,5241
29417304,5242
29438864,5243
29451470,5244
29451855,5245
29458785,5246
29463046,5247
29468782,5248
29476754,5249
29488453,5250
29488514,5251
29489178,5252
29490447,5253
29490776,5254
29510747,5255
29515703,5256
29519500,5257
29522778,5258
29523359,5259
29523440,5260
29525542,5261
29531485,5262
29560634,5263
29573632,5264
29576143,5265
29579632,5266
29596691,5267
29606327,5268
29606450,5269
29607320,5270
29608625,5271
29609165,5272
29609464,5273
29609843,5274
29610854,5275
29611973,5276
29628029,5277
29634127,5278
29634676,5279
29636510,5280
29636637,5281
29638098,5282
29644056,5283
29648698,5284
29659608,5285
29683946,5286
29686692,5287
29689368,5288
29689852,5289
29702816,5290
29707496,5291
29707786,5292
29709920,5293
29713568,5294
29715890,5295
29718716,5296
29721539,5297
29733456,5298
29749956,5299
29750665,5300
29757557,5301
29767023,5302
29773705,5303
29776489,5304
29781506,5305
29787592,5306
29788074,5307
29788911,5308
29792386,5309
29797819,5310
29812361,5311
29814876,5312
29822560,5313
29829324,5314
29840535,5315
29849267,5316
29849326,5317
29849771,5318
29853632,5319
29853857,5320
29865844,5321
29868329,5322
29888040,5323
29889700,5324
29890821,5325
29892032,5326
29893765,5327
29902409,5328
29904143,5329
29907944,5330
29908890,5331
29917609,5332
29926229,5333
29948870,5334
29960497,5335
29961022,5336
29965802,5337
29970242,5338
29975898,5339
29979814,5340
29982802,5341
29984312,5342
29986568,5343
29988817,5344
29999244,5345
30006160,5346
30006857,5347
30009611,5348
30011458,5349
30015235,5350
30018276,5351
30019525,5352
30022732,5353
30023495,5354
30030404,5355
30031690,5356
30036421,5357
30039119,5358
30050898,5359
30064493,5360
30072779,5361
30103477,5362
30110175,5363
30112164,5364
30114083,5365
30117361,5366
30122242,5367
30130137,5368
30130714,5369
30131327,5370
30131376,5371
30135350,5372
30147806,5373
30155106,5374
30156091,5375
30157077,5376
30157391,5377
30161774,5378
30162495,5379
30180284,5380
30182111,5381
30187323,5382
30190817,5383
30192895,5384
30202911,5385
30208983,5386
30237500,5387
30248430,5388
30249701,5389
30254174,5390
30263402,5391
30264222,5392
30270415,5393
30273907,5394
30274908,5395
30284449,5396
30286813,5397
30286886,5398
30291762,5399
30308283,5400
30311356,5401
30313039,5402
30317237,5403
30318790,5404
30325959,5405
30331142,5406
30332845,5407
30347857,5408
30348942,5409
30351711,5410
30355945,5411
30357501,5412
30362504,5413
30362607,5414
30368843,5415
30370369,5416
30370683,5417
30373187,5418
30373705,5419
30382802,5420
30385667,5421
30390202,5422
30390592,5423
30413403,5424
30430748,5425
30434597,5426
30437065,5427
30438042,5428
30460070,5429
30474501,5430
30474705,5431
30474840,5432
30489553,5433
30492475,5434
30498849,5435
30499013,5436
30500021,5437
30500297,5438
30503389,5439
30510124,5440
30510903,5441
30514231,5442
30515073,5443
30523560,5444
30532810,5445
30546425,5446
30552169,5447
30555302,5448
30558673,5449
30571062,5450
30576727,5451
30588028,5452
30589197,5453
30636052,5454
30636901,5455
30644500,5456
30645721,5457
30668876,5458
30672016,5459
30676068,5460
30676826,5461
30681173,5462
30681549,5463
30686434,5464
30687343,5465
30693474,5466
30693810,5467
30694631,5468
30696051,5469
30699754,5470
30712159,5471
30715785,5472
30724469,5473
30738590,5474
30753402,5475
30765174,5476
30784286,5477
30787383,5478
30788083,5479
30799126,5480
30804849,5481
30805121,5482
30819776,5483
30820266,5484
30821019,5485
30833900,5486
30835599,5487
30840354,5488
30841895,5489
30870230,5490
30870576,5491
30874161,5492
30877153,5493
30880296,5494
30882305,5495
30886757,5496
30894606,5497
30910623,5498
30911623,5499
30911753,5500
30924273,5501
30926551,5502
30927197,5503
30934869,5504
30936765,5505
30946215,5506
30947588,5507
30953058,5508
30953488,5509
30956253,5510
30959769,5511
30974710,5512
30981130,5513
30981198,5514
30985075,5515
30985485,5516
30992135,5517
30996079,5518
30996139,5519
30996643,5520
31001654,5521
31002945,5522
31005166,5523
31014773,5524
31018242,5525
31018403,5526
31021955,5527
31030273,5528
31034719,5529
31050829,5530
31055988,5531
31057963,5532
31058898,5533
31064165,5534
31087423,5535
31092173,5536
31104704,5537
31114386,5538
31118126,5539
31128996,5540
31131404,5541
31136700,5542
31151653,5543
31157715,5544
31160347,5545
31168290,5546
31173855,5547
31179766,5548
31180362,5549
31183390,5550
31199532,5551
31202119,5552
31204212,5553
31215405,5554
31219247,5555
31223236,5556
31228137,5557
31233611,5558
31236511,5559
31239996,5560
31250272,5561
31252101,5562
31274165,5563
31276379,5564
31281448,5565
31282286,5566
31285780,5567
31288110,5568
31291893,5569
31293491,5570
31295101,5571
31296311,5572
31303626,5573
31305384,5574
31305822,5575
31316479,5576
31317432,5577
31320874,5578
31330849,5579
31339252,5580
31340745,5581
31343213,5582
31343924,5583
31350277,5584
31352123,5585
31365396,5586
31367001,5587
31375588,5588
31398661,5589
31400142,5590
31403779,5591
31414552,5592
31419700,5593
31435069,5594
31440969,5595
31443963,5596
31450607,5597
31460348,5598
31480713,5599
31480794,5600
31487487,5601
31492271,5602
31493602,5603
31498789,5604
31504763,5605
31513326,5606
31516565,5607
31524376,5608
31526808,5609
31533511,5610
31539463,5611
31555178,5612
31555898,5613
31578088,5614
31580633,5615
31603074,5616
31605932,5617
31620041,5618
31623011,5619
31623445,5620
31625982,5621
31636393,5622
31637577,5623
31642789,5624
31646177,5625
31651742,5626
31656431,5627
31684221,5628
31694460,5629
31698623,5630
31710953,5631
31718463,5632
31725007,5633
31728646,5634
31734795,5635
31737495,5636
31768030,5637
31794619,5638
31800110,5639
31835770,5640
31843557,5641
31850161,5642
31858362,5643
31878193,5644
31880558,5645
31889189,5646
31922964,5647
31942459,5648
31946780,5649
31948890,5650
31999143,5651
32001224,5652
32012430,5653
32026243,5654
32052180,5655
32057168,5656
32138183,5657
32138442,5658
32147994,5659
32148675,5660
32156954,5661
32166345,5662
32182056,5663
32184109,5664
32189808,5665
32190365,5666
32201297,5667
32201913,5668
32208576,5669
32213059,5670
32224824,5671
32237926,5672
32238490,5673
32240331,5674
32240559,5675
32242710,5676
32250581,5677
32253119,5678
32256221,5679
32256522,5680
32259583,5681
32263995,5682
32265774,5683
32270078,5684
32272710,5685
32281167,5686
32281177,5687
32283017,5688
32288678,5689
32293802,5690
32309782,5691
32314912,5692
32337943,5693
32339318,5694
32340932,5695
32343020,5696
32343249,5697
32365573,5698
32366249,5699
32366313,5700
32368929,5701
32384117,5702
32388317,5703
32390193,5704
32392577,5705
32394781,5706
32403653,5707
32410002,5708
32417875,5709
32419544,5710
32419805,5711
32423076,5712
32443087,5713
32444366,5714
32446371,5715
32454083,5716
32485908,5717
32496207,5718
32497478,5719
32505133,5720
32509625,5721
32522055,5722
32538068,5723
32544954,5724
32550994,5725
32551900,5726
32553320,5727
32567397,5728
32569322,5729
32583066,5730
32585436,5731
32605589,5732
32613548,5733
32621286,5734
32637134,5735
32637981,5736
32642412,5737
32660080,5738
32662315,5739
32663310,5740
32676418,5741
32680990,5742
32688101,5743
32688863,5744
32695795,5745
32702710,5746
32711939,5747
32713778,5748
32749642,5749
32757099,5750
32759148,5751
32763634,5752
32764819,5753
32765764,5754
32767923,5755
32769711,5756
32772630,5757
32776830,5758
32776870,5759
32781422,5760
32782826,5761
32793096,5762
32794999,5763
32817622,5764
32818433,5765
32820439,5766
32828718,5767
32829455,5768
32834272,5769
32837208,5770
32837292,5771
32843303,5772
32862596,5773
32863881,5774
32867408,5775
32871557,5776
32878565,5777
32883529,5778
32884165,5779
32895694,5780
32904857,5781
32905624,5782
32920731,5783
32921077,5784
32921252,5785
32943153,5786
32948422,5787
32951634,5788
32952586,5789
32954959,5790
32972193,5791
32972859,5792
32975872,5793
32982230,5794
32983764,5795
32994142,5796
33001600,5797
33001614,5798
33007772,5799
33016585,5800
33021955,5801
33025724,5802
33034159,5803
33043189,5804
33044450,5805
33045934,5806
33047300,5807
33048053,5808
33050272,5809
33054130,5810
33056274,5811
33079769,5812
33088543,5813
33089321,5814
33095115,5815
33119023,5816
33125742,5817
33128101,5818
33128579,5819
33131632,5820
33133488,5821
33139373,5822
33139727,5823
33141157,5824
33147510,5825
33148077,5826
33148308,5827
33159280,5828
33166794,5829
33170318,5830
33170847,5831
33172759,5832
33181762,5833
33197758,5834
33199931,5835
33216238,5836
33224829,5837
33230618,5838
33234027,5839
33241202,5840
33245672,5841
33255665,5842
33261250,5843
33270656,5844
33275038,5845
33283724,5846
33296120,5847
33298222,5848
33304121,5849
33315567,5850
33317704,5851
33318544,5852
33320422,5853
33332251,5854
33334138,5855
33337176,5856
33340008,5857
33350532,5858
33353951,5859
33359207,5860
33362490,5861
33377290,5862
33378508,5863
33381229,5864
33396508,5865
33396695,5866
33398863,5867
33409429,5868
33410754,5869
33410960,5870
33411018,5871
33426981,5872
33427412,5873
33437482,5874
33446003,5875
33459132,5876
33463382,5877
33467574,5878
33477666,5879
33496073,5880
33513175,5881
33513321,5882
33516942,5883
33523219,5884
33525761,5885
33529092,5886
33530715,5887
33530802,5888
33554989,5889
33572003,5890
33576813,5891
33589564,5892
33590667,5893
33601308,5894
33611715,5895
33614752,5896
33619411,5897
33626250,5898
33634938,5899
33636470,5900
33648548,5901
33649689,5902
33666814,5903
33667453,5904
33679768,5905
33680460,5906
33685800,5907
33686448,5908
33688916,5909
33708874,5910
33718956,5911
33732628,5912
33733789,5913
33734341,5914
33753764,5915
33760765,5916
33780708,5917
33791390,5918
33792517,5919
33799159,5920
33799404,5921
33802598,5922
33810385,5923
33811812,5924
33815054,5925
33818859,5926
33819155,5927
33820084,5928
33827083,5929
33827440,5930
33831682,5931
33844041,5932
33860798,5933
33862575,5934
33869539,5935
33885120,5936
33885129,5937
33898033,5938
33900336,5939
33902899,5940
33922393,5941
33924461,5942
33928457,5943
33930479,5944
33934622,5945
33944810,5946
33953058,5947
33963690,5948
33971612,5949
33975095,5950
33975137,5951
33981571,5952
34005611,5953
34007235,5954
34007454,5955
34013522,5956
34016352,5957
34033504,5958
34035074,5959
34037126,5960
34041396,5961
34053958,5962
34054564,5963
34071021,5964
34076530,5965
34086411,5966
34092163,5967
34093672,5968
34097940,5969
34113126,5970
34123611,5971
34126592,5972
34139306,5973
34140857,5974
34144677,5975
34149316,5976
34150890,5977
34170615,5978
34172404,5979
34176192,5980
34178535,5981
34188939,5982
34194902,5983
34222066,5984
34231242,5985
34232772,5986
34234990,5987
34245022,5988
34246019,5989
34249140,5990
34252740,5991
34268873,5992
34294546,5993
34297174,5994
34302486,5995
34307306,5996
34310801,5997
34310945,5998
34315188,5999
34317420,6000
34349934,6001
34358340,6002
34361010,6003
34365328,6004
34372074,6005
34373641,6006
34383357,6007
34384708,6008
34387630,6009
34408874,6010
34415216,6011
34434801,6012
34438002,6013
34439211,6014
34441039,6015
34460798,6016
34462338,6017
34467795,6018
34473735,6019
34474653,6020
34480996,6021
34483777,6022
34487719,6023
34488436,6024
34493815,6025
34527814,6026
34537273,6027
34537800,6028
34540311,6029
34551095,6030
34551468,6031
34574303,6032
34575329,6033
34594388,6034
34596289,6035
34619653,6036
34642118,6037
34655593,6038
34659400,6039
34660425,6040
34662668,6041
34665792,6042
34672175,6043
34676481,6044
34676780,6045
34678937,6046
34683553,6047
34689742,6048
34697179,6049
34699811,6050
34700296,6051
34701889,6052
34721044,6053
34726366,6054
34735370,6055
34742074,6056
34762419,6057
34767057,6058
34770642,6059
34786408,6060
34790175,6061
34790265,6062
34797684,6063
34797916,6064
34798044,6065
34806823,6066
34817173,6067
34819760,6068
34822048,6069
34824846,6070
34842563,6071
34849051,6072
34852676,6073
34858690,6074
34869665,6075
34881738,6076
34881962,6077
34889047,6078
34898084,6079
34901080,6080
34903105,6081
34911505,6082
34918242,6083
34923717,6084
34932623,6085
34936626,6086
34939720,6087
34944693,6088
34947691,6089
34948571,6090
34959098,6091
34971699,6092
34978859,6093
34987581,6094
34988016,6095
34996703,6096
35004562,6097
35008308,6098
35008930,6099
35013175,6100
35040078,6101
35051304,6102
35055391,6103
35062313,6104
35062969,6105
35066685,6106
35080637,6107
35084722,6108
35093335,6109
35096556,6110
35097912,6111
35136406,6112
35148873,6113
35150454,6114
35160637,6115
35163668,6116
35165557,6117
35166122,6118
35195343,6119
35203369,6120
35208345,6121
35212528,6122
35216399,6123
35235637,6124
35241709,6125
35256177,6126
35259152,6127
35273756,6128
35278173,6129
35282542,6130
35287794,6131
35292152,6132
35294135,6133
35298247,6134
35301184,6135
35304791,6136
35305559,6137
35307123,6138
35313823,6139
35321581,6140
35322410,6141
35326924,6142
35336511,6143
35337644,6144
35342606,6145
35343837,6146
35346950,6147
35347272,6148
35348981,6149
35355574,6150
35359301,6151
35365619,6152
35376068,6153
35377566,6154
35385766,6155
35392292,6156
35400575,6157
35411466,6158
35414382,6159
35419813,6160
35432642,6161
35443658,6162
35447584,6163
35455338,6164
35460439,6165
35463616,6166
35471649,6167
35475882,6168
35477874,6169
35482012,6170
35482645,6171
35483977,6172
35488045,6173
35488742,6174
35494603,6175
35502304,6176
35511504,6177
35520111,6178
35525976,6179
35528283,6180
35528891,6181
35531087,6182
35533374,6183
35534196,6184
35546531,6185
35547690,6186
35550700,6187
35559403,6188
35581158,6189
35585101,6190
35586774,6191
35598426,6192
35598437,6193
35602125,6194
35602438,6195
35603241,6196
35604658,6197
35619075,6198
35620074,6199
35620289,6200
35622093,6201
35631169,6202
35638345,6203
35641186,6204
35653268,6205
35657799,6206
35657993,6207
35678240,6208
35682641,6209
35688535,6210
35701107,6211
35706221,6212
35706421,6213
35716151,6214
35718388,6215
35727309,6216
35732921,6217
35742668,6218
35743866,6219
35758577,6220
35761322,6221
35761681,6222
35762265,6223
35774727,6224
35792771,6225
35793755,6226
35794957,6227
35800727,6228
35805943,6229
35806119,6230
35839123,6231
35846245,6232
35860455,6233
35872590,6234
35878760,6235
35904361,6236
35937669,6237
35941330,6238
35944995,6239
35945169,6240
35946908,6241
35947660,6242
35949538,6243
35959066,6244
35967188,6245
35967829,6246
35969925,6247
35972685,6248
35976267,6249
35976790,6250
35982540,6251
36002917,6252
36006171,6253
36025916,6254
36026362,6255
36046325,6256
36048950,6257
36060489,6258
36062407,6259
36072276,6260
36077759,6261
36080516,6262
36083177,6263
36086449,6264
36094097,6265
36096153,6266
36096541,6267
36097869,6268
36100629,6269
36105594,6270
36112075,6271
36115565,6272
36118013,6273
36133436,6274
36136960,6275
36146650,6276
36146663,6277
36151185,6278
36159023,6279
36163784,6280
36174198,6281
36193886,6282
36195017,6283
36200895,6284
36205037,6285
36212060,6286
36215569,6287
36222398,6288
36222537,6289
36226144,6290
36239045,6291
36245890,6292
36255721,6293
36255886,6294
36259432,6295
36293376,6296
36298266,6297
36320648,6298
36335593,6299
36356384,6300
36367488,6301
36384121,6302
36404865,6303
36409600,6304
36415086,6305
36418775,6306
36419991,6307
36430491,6308
36432215,6309
36442614,6310
36459231,6311
36462262,6312
36472215,6313
36474907,6314
36475581,6315
36477922,6316
36484550,6317
36487440,6318
36494299,6319
36496822,6320
36499168,6321
36501344,6322
36502546,6323
36511832,6324
36514310,6325
36518860,6326
36522654,6327
36525869,6328
36527710,6329
36541952,6330
36545376,6331
36547949,6332
36553908,6333
36562525,6334
36569559,6335
36572546,6336
36573744,6337
36583349,6338
36588385,6339
36590769,6340
36593049,6341
36595974,6342
36605418,6343
36618086,6344
36628902,6345
36631460,6346
36633894,6347
36637021,6348
36639480,6349
36646704,6350
36649224,6351
36673331,6352
36673734,6353
36674187,6354
36675401,6355
36678672,6356
36679842,6357
36681882,6358
36682899,6359
36690325,6360
36691363,6361
36699129,6362
36700535,6363
36700664,6364
36719003,6365
36719252,6366
36726874,6367
36735770,6368
36746467,6369
36759329,6370
36771189,6371
36786309,6372
36789004,6373
36792190,6374
36792768,6375
36794100,6376
36819803,6377
36824378,6378
36842122,6379
36845197,6380
36845478,6381
36848049,6382
36858087,6383
36867651,6384
36897335,6385
36913636,6386
36917373,6387
36927545,6388
36927988,6389
36928132,6390
36931164,6391
36972302,6392
36989270,6393
36991226,6394
36999750,6395
37005676,6396
37020028,6397
37039388,6398
37042127,6399
37043257,6400
37045743,6401
37047243,6402
37048835,6403
37054915,6404
37078327,6405
37081003,6406
37091139,6407
37091176,6408
37092528,6409
37093688,6410
37096107,6411
37111701,6412
37118354,6413
37118655,6414
37119337,6415
37128382,6416
37131103,6417
37143698,6418
37145378,6419
37145619,6420
37145922,6421
37146510,6422
37161605,6423
37172068,6424
37175279,6425
37182071,6426
37182829,6427
37187915,6428
37190292,6429
37193021,6430
37201702,6431
37209861,6432
37216886,6433
37220980,6434
37230170,6435
37233307,6436
37236440,6437
37237341,6438
37238077,6439
37252440,6440
37254122,6441
37257275,6442
37266969,6443
37270635,6444
37276762,6445
37277900,6446
37318060,6447
37321811,6448
37322974,6449
37323052,6450
37323764,6451
37340966,6452
37346648,6453
37359097,6454
37365010,6455
37374084,6456
37375170,6457
37381180,6458
37396588,6459
37396748,6460
37410763,6461
37412575,6462
37427391,6463
37429277,6464
37435889,6465
37440873,6466
37447797,6467
37456583,6468
37462723,6469
37469211,6470
37476069,6471
37485922,6472
37490276,6473
37495648,6474
37499500,6475
37499827,6476
37505036,6477
37509467,6478
37519663,6479
37521114,6480
37532342,6481
37540072,6482
37543073,6483
37543640,6484
37545858,6485
37549249,6486
37556637,6487
37575978,6488
37592503,6489
37597963,6490
37607172,6491
37627568,6492
37632713,6493
37633039,6494
37650763,6495
37665847,6496
37667472,6497
37678320,6498
37685181,6499
37692212,6500
37697842,6501
37713818,6502
37718201,6503
37720426,6504
37725551,6505
37725640,6506
37738073,6507
37740952,6508
37754656,6509
37759905,6510
37776339,6511
37776540,6512
37786119,6513
37787301,6514
37788958,6515
37811000,6516
37812359,6517
37813045,6518
37836016,6519
37842197,6520
37843279,6521
37845856,6522
37851672,6523
37855516,6524
37868134,6525
37871067,6526
37875328,6527
37914153,6528
37919284,6529
37931739,6530
37939054,6531
37950347,6532
37953510,6533
37961076,6534
37961334,6535
37978055,6536
37980141,6537
37984345,6538
37984883,6539
37986522,6540
37990581,6541
37992353,6542
38017472,6543
38020625,6544
38026627,6545
38027006,6546
38029999,6547
38038704,6548
38047223,6549
38057587,6550
38063450,6551
38067455,6552
38068293,6553
38068626,6554
38076968,6555
38079252,6556
38085079,6557
38093586,6558
38097697,6559
38103259,6560
38109177,6561
38124709,6562
38133247,6563
38145943,6564
38155019,6565
38171002,6566
38177107,6567
38178333,6568
38192069,6569
38195379,6570
38202136,6571
38213679,6572
38221423,6573
38223437,6574
38226099,6575
38233752,6576
38266657,6577
38271176,6578
38272449,6579
38272900,6580
38281090,6581
38283502,6582
38292041,6583
38304010,6584
38307737,6585
38309511,6586
38312614,6587
38316247,6588
38320802,6589
38326032,6590
38330186,6591
38333238,6592
38355920,6593
38356979,6594
38372321,6595
38372567,6596
38385927,6597
38387579,6598
38396789,6599
38412432,6600
38415042,6601
38415347,6602
38415895,6603
38417423,6604
38422859,6605
38429669,6606
38431049,6607
38433277,6608
38455593,6609
38459748,6610
38465698,6611
38469445,6612
38474832,6613
38475879,6614
38493206,6615
38494872,6616
38495355,6617
38499453,6618
38500204,6619
38502411,6620
38503055,6621
38521731,6622
38537262,6623
38539294,6624
38542485,6625
38548714,6626
38550646,6627
38560333,6628
38562697,6629
38607067,6630
38610622,6631
38611736,6632
38635888,6633
38637708,6634
38638340,6635
38671143,6636
38699900,6637
38700746,6638
38702504,6639
38705789,6640
38709126,6641
38717240,6642
38718122,6643
38723192,6644
38727901,6645
38732305,6646
38732601,6647
38733422,6648
38751027,6649
38754652,6650
38759795,6651
38774539,6652
38780649,6653
38785319,6654
38790538,6655
38794458,6656
38803980,6657
38808541,6658
38813183,6659
38848098,6660
38848802,6661
38855868,6662
38863786,6663
38868552,6664
38877373,6665
38878155,6666
38895060,6667
38902695,6668
38904531,6669
38910154,6670
38919297,6671
38919474,6672
38919907,6673
38927320,6674
38942511,6675
38950663,6676
38951010,6677
38956011,6678
38983903,6679
38991991,6680
38998962,6681
39007017,6682
39007389,6683
39007962,6684
39017635,6685
39029722,6686
39038518,6687
39055432,6688
39063635,6689
39076082,6690
39076620,6691
39088744,6692
39093636,6693
39096101,6694
39100089,6695
39105272,6696
39111809,6697
39120980,6698
39122006,6699
39140582,6700
39143311,6701
39144179,6702
39147494,6703
39153841,6704
39164689,6705
39181913,6706
39183057,6707
39192007,6708
39219321,6709
39220574,6710
39246283,6711
39268584,6712
39273688,6713
39286260,6714
39292516,6715
39294154,6716
39296425,6717
39297925,6718
39298066,6719
39313601,6720
39327538,6721
39331439,6722
39346529,6723
39347621,6724
39350192,6725
39363592,6726
39364813,6727
39369267,6728
39376603,6729
39395970,6730
39396538,6731
39403686,6732
39418051,6733
39420471,6734
39423183,6735
39425165,6736
39427636,6737
39439336,6738
39455389,6739
39458744,6740
39463646,6741
39483882,6742
39485821,6743
39486723,6744
39487202,6745
39494738,6746
39503398,6747
39505730,6748
39515158,6749
39521730,6750
39534172,6751
39542769,6752
39547278,6753
39551763,6754
39557871,6755
39568755,6756
39576099,6757
39576272,6758
39584970,6759
39609732,6760
39619528,6761
39623234,6762
39626368,6763
39626653,6764
39630126,6765
39640327,6766
39672597,6767
39674993,6768
39690332,6769
39701331,6770
39717813,6771
39728961,6772
39734703,6773
39738832,6774
39741561,6775
39750215,6776
39755667,6777
39772880,6778
39776720,6779
39777703,6780
39793308,6781
39793617,6782
39799100,6783
39810659,6784
39811287,6785
39821432,6786
39825745,6787
39837119,6788
39837143,6789
39839409,6790
39878443,6791
39882436,6792
39919486,6793
39920926,6794
39930604,6795
39945465,6796
39952797,6797
39959975,6798
39970749,6799
39993204,6800
40012474,6801
40029472,6802
40043965,6803
40045288,6804
40062426,6805
40069387,6806
40074518,6807
40083800,6808
40092042,6809
40100957,6810
40102990,6811
40112549,6812
40114823,6813
40128318,6814
40135661,6815
40136716,6816
40138389,6817
40142736,6818
40145348,6819
40146128,6820
40156246,6821
40160218,6822
40173650,6823
40177589,6824
40181960,6825
40189359,6826
40191477,6827
40192500,6828
40193819,6829
40196995,6830
40221588,6831
40227558,6832
40248890,6833
40261852,6834
40276267,6835
40288453,6836
40288690,6837
40289275,6838
40290487,6839
40293464,6840
40293971,6841
40295453,6842
40306370,6843
40312584,6844
40315806,6845
40334464,6846
40334543,6847
40351905,6848
40352354,6849
40365282,6850
40378366,6851
40384383,6852
40388991,6853
40404100,6854
40408783,6855
40409319,6856
40413224,6857
40413506,6858
40443752,6859
40472254,6860
40477520,6861
40478088,6862
40483575,6863
40486976,6864
40490139,6865
40491446,6866
40493557,6867
40509565,6868
40510088,6869
40532427,6870
40534914,6871
40544406,6872
40550119,6873
40557427,6874
40566142,6875
40573324,6876
40576658,6877
40579720,6878
40584895,6879
40596482,6880
40597139,6881
40601473,6882
40612336,6883
40614662,6884
40614984,6885
40632771,6886
40634355,6887
40641597,6888
40658880,6889
40661255,6890
40679921,6891
40693489,6892
40713257,6893
40713594,6894
40714773,6895
40725770,6896
40758396,6897
40773967,6898
40786744,6899
40791485,6900
40799666,6901
40802262,6902
40804257,6903
40805955,6904
40808320,6905
40813213,6906
40815842,6907
40820283,6908
40826132,6909
40833741,6910
40865682,6911
40879099,6912
40907605,6913
40908760,6914
40919998,6915
40937784,6916
40941197,6917
40953180,6918
40960398,6919
40961805,6920
40964049,6921
40972495,6922
40979254,6923
40991755,6924
41010575,6925
41015787,6926
41024453,6927
41026903,6928
41032055,6929
41033638,6930
41053200,6931
41057283,6932
41059238,6933
41064296,6934
41087915,6935
41094453,6936
41100077,6937
41103933,6938
41105713,6939
41112709,6940
41140413,6941
41144449,6942
41150100,6943
41155845,6944
41165751,6945
41167377,6946
41171917,6947
41181931,6948
41185952,6949
41186732,6950
41187181,6951
41203215,6952
41208574,6953
41214813,6954
41221067,6955
41227333,6956
41228046,6957
41247756,6958
41261866,6959
41267653,6960
41269725,6961
41271758,6962
41300398,6963
41307834,6964
41316456,6965
41326029,6966
41349019,6967
41349689,6968
41351483,6969
41353489,6970
41357742,6971
41374473,6972
41375788,6973
41383089,6974
41386345,6975
41393941,6976
41394240,6977
41402325,6978
41410702,6979
41434212,6980
41447829,6981
41458339,6982
41458916,6983
41473110,6984
41475204,6985
41476352,6986
41478317,6987
41479024,6988
41491109,6989
41507212,6990
41524781,6991
41531198,6992
41536041,6993
41548451,6994
41568833,6995
41570083,6996
41572045,6997
41611156,6998
41613275,6999
41614718,7000
41615605,7001
41638082,7002
41651551,7003
41655668,7004
41660654,7005
41670593,7006
41677388,7007
41680263,7008
41691959,7009
41695112,7010
41705788,7011
41710264,7012
41712041,7013
41714782,7014
41726460,7015
41727242,7016
41738539,7017
41754064,7018
41767207,7019
41777151,7020
41822025,7021
41831243,7022
41831995,7023
41832214,7024
41834556,7025
41842583,7026
41850370,7027
41861980,7028
41863658,7029
41865730,7030
41894721,7031
41902875,7032
41902884,7033
41903862,7034
41905954,7035
41909613,7036
41914998,7037
41925345,7038
41954836,7039
41957116,7040
41960566,7041
41969152,7042
41969388,7043
41971320,7044
41976254,7045
41984111,7046
41986690,7047
41986913,7048
41988733,7049
41994002,7050
41995619,7051
42020959,7052
42022705,7053
42029712,7054
42041895,7055
42047936,7056
42063149,7057
42072465,7058
42077325,7059
42101913,7060
42119465,7061
42136176,7062
42138102,7063
42144390,7064
42158226,7065
42169080,7066
42170336,7067
42174553,7068
42194589,7069
42202168,7070
42222564,7071
42227982,7072
42235201,7073
42254644,7074
42266389,7075
42284908,7076
42291075,7077
42291834,7078
42295835,7079
42304448,7080
42313640,7081
42314927,7082
42315929,7083
42326304,7084
42333009,7085
42341562,7086
42345343,7087
42345999,7088
42348440,7089
42352660,7090
42357792,7091
42362189,7092
42364148,7093
42400054,7094
42402732,7095
42405906,7096
42410366,7097
42412122,7098
42415798,7099
42430281,7100
42445737,7101
42446147,7102
42501535,7103
42504765,7104
42510087,7105
42521552,7106
42531027,7107
42531267,7108
42565769,7109
42568997,7110
42577679,7111
42579579,7112
42595679,7113
42596579,7114
42607737,7115
42610550,7116
42624602,7117
42628772,7118
42648566,7119
42656372,7120
42657110,7121
42660912,7122
42695495,7123
42699163,7124
42715005,7125
42717128,7126
42717726,7127
42719424,7128
42728664,7129
42733186,7130
42741327,7131
42745599,7132
42751191,7133
42769465,7134
42791906,7135
42798606,7136
42801555,7137
42808050,7138
42812790,7139
42823799,7140
42855070,7141
42858599,7142
42863348,7143
42867573,7144
42869501,7145
42880392,7146
42883544,7147
42910071,7148
42910254,7149
42919671,7150
42919909,7151
42920569,7152
42937777,7153
42941784,7154
42945514,7155
42946469,7156
42951646,7157
42953268,7158
42961642,7159
42967256,7160
42971403,7161
42974696,7162
42981866,7163
42991862,7164
43013901,7165
43035186,7166
43035602,7167
43037025,7168
43050596,7169
43053129,7170
43059212,7171
43070041,7172
43080058,7173
43089397,7174
43127080,7175
43139696,7176
43155124,7177
43155506,7178
43157410,7179
43167906,7180
43172425,7181
43182702,7182
43183155,7183
43186982,7184
43192135,7185
43201378,7186
43207356,7187
43211841,7188
43231323,7189
43232530,7190
43234178,7191
43239422,7192
43248814,7193
43283917,7194
43284232,7195
43301497,7196
43331336,7197
43337452,7198
43340972,7199
43344279,7200
43355564,7201
43377077,7202
43377345,7203
43385867,7204
43391610,7205
43411622,7206
43420311,7207
43421552,7208
43422366,7209
43427897,7210
43444929,7211
43444957,7212
43445921,7213
43448399,7214
43451359,7215
43456595,7216
43456927,7217
43472731,7218
43508994,7219
43517172,7220
43532353,7221
43536414,7222
43536857,7223
43541586,7224
43552063,7225
43566423,7226
43569918,7227
43610693,7228
43612180,7229
43631684,7230
43643111,7231
43662736,7232
43663110,7233
43671572,7234
43672311,7235
43679281,7236
43695855,7237
43699669,7238
43700617,7239
43722662,7240
43723844,7241
43730427,7242
43736987,7243
43742995,7244
43748217,7245
43750422,7246
43750741,7247
43772839,7248
43779930,7249
43791278,7250
43803995,7251
43804681,7252
43826380,7253
43832881,7254
43835610,7255
43850967,7256
43852556,7257
43858228,7258
43882202,7259
43889942,7260
43890674,7261
43894745,7262
43951780,7263
43952380,7264
43963924,7265
43965662,7266
43971985,7267
43975485,7268
43981992,7269
43983817,7270
43984700,7271
43998427,7272
44002861,7273
44004066,7274
44018372,7275
44022242,7276
44026437,7277
44027738,7278
44037202,7279
44081050,7280
44082485,7281
44090289,7282
44091973,7283
44120614,7284
44133782,7285
44135458,7286
44135635,7287
44157878,7288
44161667,7289
44162950,7290
44166216,7291
44174550,7292
44203766,7293
44207412,7294
44214920,7295
44215050,7296
44234762,7297
44238890,7298
44252886,7299
44276877,7300
44284726,7301
44299861,7302
44306538,7303
44307706,7304
44365941,7305
44366980,7306
44375366,7307
44394133,7308
44397157,7309
44413866,7310
44416740,7311
44416770,7312
44417425,7313
44419511,7314
44426126,7315
44444655,7316
44449157,7317
44449632,7318
44471265,7319
44473438,7320
44477065,7321
44481763,7322
44504025,7323
44508307,7324
44556294,7325
44583728,7326
44584244,7327
44593270,7328
44595784,7329
44620310,7330
44626996,7331
44632333,7332
44635560,7333
44685373,7334
44686891,7335
44688778,7336
44710722,7337
44711872,7338
44733137,7339
44735216,7340
44738299,7341
44748394,7342
44766794,7343
44781669,7344
44810465,7345
44825797,7346
44828374,7347
44841235,7348
44866971,7349
44868806,7350
44869950,7351
44885302,7352
44889156,7353
44897078,7354
44902158,7355
44927951,7356
44930462,7357
44947200,7358
44949926,7359
44952224,7360
44953350,7361
44959505,7362
44973386,7363
45021703,7364
45049830,7365
45065326,7366
45065829,7367
45068617,7368
45078005,7369
45085223,7370
45088970,7371
45092362,7372
45107871,7373
45109073,7374
45109797,7375
45112801,7376
45113052,7377
45113811,7378
45131693,7379
45139332,7380
45147121,7381
45157061,7382
45165725,7383
45169889,7384
45179851,7385
45184179,7386
45184962,7387
45192612,7388
45194842,7389
45209364,7390
45212004,7391
45215903,7392
45223715,7393
45227804,7394
45231348,7395
45233046,7396
45278448,7397
45284956,7398
45304387,7399
45307847,7400
45308161,7401
45312113,7402
45319140,7403
45334924,7404
45363376,7405
45365156,7406
45371949,7407
45382058,7408
45382086,7409
45382946,7410
45389877,7411
45405888,7412
45411487,7413
45412167,7414
45433868,7415
45437485,7416
45446985,7417
45450889,7418
45450902,7419
45451905,7420
45454970,7421
45460842,7422
45472230,7423
45479490,7424
45491595,7425
45507382,7426
45516704,7427
45518891,7428
45519398,7429
45541600,7430
45556215,7431
45584847,7432
45593244,7433
45615091,7434
45622352,7435
45624471,7436
45624601,7437
45624911,7438
45638072,7439
45641358,7440
45643501,7441
45656857,7442
45670265,7443
45673524,7444
45679880,7445
45688211,7446
45700723,7447
45701577,7448
45708598,7449
45710562,7450
45722802,7451
45722835,7452
45742110,7453
45747823,7454
45752135,7455
45755878,7456
45762728,7457
45767079,7458
45779984,7459
45793075,7460
45816304,7461
45819332,7462
45838753,7463
45846954,7464
45867342,7465
45878688,7466
45879683,7467
45882859,7468
45908610,7469
45916809,7470
45920157,7471
45932749,7472
45945763,7473
45947728,7474
45958055,7475
45973947,7476
45983244,7477
45983699,7478
45983828,7479
45987379,7480
45998359,7481
46011928,7482
46027384,7483
46047995,7484
46073996,7485
46092341,7486
46101762,7487
46152866,7488
46158598,7489
46158915,7490
46164627,7491
46167213,7492
46169613,7493
46177107,7494
46180524,7495
46185999,7496
46197686,7497
46205592,7498
46217483,7499
46218163,7500
46226880,7501
46230433,7502
46260190,7503
46263257,7504
46276566,7505
46280204,7506
46282116,7507
46283994,7508
46319644,7509
46322647,7510
46330725,7511
46344258,7512
46346261,7513
46363353,7514
46374218,7515
46409048,7516
46412645,7517
46419561,7518
46420238,7519
46428206,7520
46436059,7521
46458670,7522
46479891,7523
46483969,7524
46511886,7525
46527473,7526
46583654,7527
46598441,7528
46611379,7529
46617895,7530
46619441,7531
46626587,7532
46628814,7533
46636209,7534
46642948,7535
46653523,7536
46655888,7537
46667252,7538
46675294,7539
46682771,7540
46684860,7541
46691270,7542
46705928,7543
46714614,7544
46717818,7545
46720012,7546
46729017,7547
46743752,7548
46745375,7549
46746151,7550
46761197,7551
46770076,7552
46778650,7553
46790736,7554
46793086,7555
46810892,7556
46811789,7557
46812198,7558
46813334,7559
46818339,7560
46818410,7561
46832770,7562
46840356,7563
46859883,7564
46860972,7565
46887082,7566
46899351,7567
46907514,7568
46908524,7569
46911568,7570
46919079,7571
46920662,7572
46923727,7573
46926130,7574
46980135,7575
46986164,7576
46990804,7577
47001881,7578
47008273,7579
47022908,7580
47024574,7581
47025294,7582
47035179,7583
47047946,7584
47050933,7585
47052792,7586
47076395,7587
47093419,7588
47101500,7589
47111748,7590
47124097,7591
47127897,7592
47137923,7593
47138228,7594
47140254,7595
47144954,7596
47156660,7597
47157296,7598
47157535,7599
47158990,7600
47170202,7601
47190787,7602
47214765,7603
47215304,7604
47222624,7605
47232335,7606
47239788,7607
47248902,7608
47253430,7609
47254969,7610
47258222,7611
47274526,7612
47276799,7613
47279266,7614
47279600,7615
47303841,7616
47307465,7617
47319345,7618
47338119,7619
47338918,7620
47345721,7621
47349480,7622
47365578,7623
47372651,7624
47382788,7625
47398326,7626
47400804,7627
47402697,7628
47403889,7629
47408060,7630
47417127,7631
47418503,7632
47419539,7633
47421452,7634
47429170,7635
47442324,7636
47446981,7637
47447790,7638
47448688,7639
47448886,7640
47453152,7641
47455112,7642
47458925,7643
47466685,7644
47469552,7645
47471605,7646
47484304,7647
47488787,7648
47491845,7649
47496394,7650
47504399,7651
47516384,7652
47522026,7653
47533676,7654
47534393,7655
47535664,7656
47540546,7657
47554499,7658
47562472,7659
47573602,7660
47583332,7661
47584729,7662
47587242,7663
47595131,7664
47600128,7665
47600280,7666
47610756,7667
47610940,7668
47617445,7669
47621898,7670
47625088,7671
47637662,7672
47644339,7673
47652268,7674
47655610,7675
47657632,7676
47659683,7677
47660705,7678
47671682,7679
47673765,7680
47677431,7681
47683059,7682
47684286,7683
47694125,7684
47694347,7685
47695812,7686
47703013,7687
47704032,7688
47707238,7689
47716888,7690
47721945,7691
47730759,7692
47734674,7693
47743735,7694
47756013,7695
47760929,7696
47767468,7697
47770545,7698
47784435,7699
47784981,7700
47791620,7701
47802592,7702
47840442,7703
47842352,7704
47847786,7705
47850843,7706
47863126,7707
47874155,7708
47877762,7709
47893689,7710
47895477,7711
47933709,7712
47949395,7713
47949452,7714
47956345,7715
47961020,7716
47968287,7717
48003020,7718
48003836,7719
48004813,7720
48008292,7721
48013689,7722
48018533,7723
48037296,7724
48038030,7725
48046792,7726
48047188,7727
48059073,7728
48063550,7729
48075372,7730
48085134,7731
48102019,7732
48105956,7733
48110509,7734
48112717,7735
48121579,7736
48123659,7737
48124610,7738
48141381,7739
48143337,7740
48155944,7741
48160462,7742
48169794,7743
48184704,7744
48186048,7745
48204443,7746
48209683,7747
48212651,7748
48213306,7749
48215218,7750
48222633,7751
48224970,7752
48236811,7753
48245732,7754
48255758,7755
48258104,7756
48271118,7757
48278272,7758
48281694,7759
48285413,7760
48289315,7761
48304732,7762
48306879,7763
48308532,7764
48310336,7765
48311642,7766
48327725,7767
48340215,7768
48351697,7769
48354257,7770
48375723,7771
48384197,7772
48410630,7773
48419856,7774
48425496,7775
48430248,7776
48432737,7777
48438566,7778
48439915,7779
48448098,7780
48452573,7781
48461490,7782
48463755,7783
48470566,7784
48471406,7785
48473575,7786
48480495,7787
48484330,7788
48484781,7789
48512272,7790
48514553,7791
48520727,7792
48525470,7793
48526013,7794
48531055,7795
48539965,7796
48549595,7797
48564648,7798
48570843,7799
48573107,7800
48573475,7801
48582984,7802
48600486,7803
48601446,7804
48604970,7805
48629089,7806
48630541,7807
48636686,7808
48644628,7809
48654260,7810
48654466,7811
48673284,7812
48675152,7813
48680856,7814
48681259,7815
48685047,7816
48690040,7817
48713839,7818
48719150,7819
48723457,7820
48728038,7821
48733616,7822
48738447,7823
48743950,7824
48754301,7825
48766152,7826
48779872,7827
48780536,7828
48790588,7829
48806175,7830
48809378,7831
48811647,7832
48850962,7833
48879264,7834
48887547,7835
48902660,7836
48903336,7837
48903480,7838
48922889,7839
48927755,7840
48933741,7841
48936643,7842
48944616,7843
48952344,7844
48956819,7845
48961660,7846
48966745,7847
48971317,7848
48972049,7849
48986203,7850
48987943,7851
48991239,7852
49011810,7853
49012511,7854
49013476,7855
49021031,7856
49029278,7857
49031595,7858
49037573,7859
49045090,7860
49047411,7861
49047623,7862
49052995,7863
49053573,7864
49057307,7865
49060401,7866
49064060,7867
49067869,7868
49072873,7869
49074609,7870
49074629,7871
49084050,7872
49088225,7873
49091406,7874
49094362,7875
49098320,7876
49098949,7877
49108478,7878
49116359,7879
49151218,7880
49151228,7881
49153271,7882
49154057,7883
49164544,7884
49175101,7885
49178887,7886
49183485,7887
49190063,7888
49196301,7889
49196387,7890
49197962,7891
49199567,7892
49215825,7893
49224537,7894
49226344,7895
49226976,7896
49233038,7897
49240542,7898
49247581,7899
49267080,7900
49282033,7901
49286183,7902
49292001,7903
49292083,7904
49293325,7905
49303023,7906
49303660,7907
49307725,7908
49323761,7909
49324978,7910
49332043,7911
49339793,7912
49341250,7913
49351684,7914
49366719,7915
49384717,7916
49387398,7917
49388157,7918
49393232,7919
49395240,7920
49403072,7921
49408794,7922
49412814,7923
49415744,7924
49430686,7925
49432957,7926
49435857,7927
49444450,7928
49449357,7929
49450733,7930
49452560,7931
49462016,7932
49468846,7933
49470271,7934
49472317,7935
49484498,7936
49488313,7937
49508944,7938
49517025,7939
49518404,7940
49519644,7941
49521345,7942
49524127,7943
49524669,7944
49544363,7945
49552807,7946
49571206,7947
49576954,7948
49587282,7949
49595009,7950
49596186,7951
49606484,7952
49622659,7953
49633388,7954
49650980,7955
49661127,7956
49675523,7957
49677186,7958
49683779,7959
49687037,7960
49690284,7961
49690708,7962
49694359,7963
49715720,7964
49720839,7965
49721208,7966
49725600,7967
49738077,7968
49738490,7969
49770741,7970
49799891,7971
49800332,7972
49808151,7973
49808703,7974
49809640,7975
49834861,7976
49863528,7977
49864394,7978
49889982,7979
49910318,7980
49913170,7981
49934227,7982
49948272,7983
49948973,7984
49951172,7985
49953691,7986
49955930,7987
49963841,7988
49964679,7989
49972972,7990
49977903,7991
49980917,7992
49982599,7993
49986500,7994
49988629,7995
50019727,7996
50020778,7997
50069586,7998
50076708,7999
50082066,8000
50096544,8001
50100529,8002
50105076,8003
50109160,8004
50109937,8005
50115709,8006
50124767,8007
50129034,8008
50139858,8009
50151086,8010
50163943,8011
50171508,8012
50181504,8013
50194364,8014
50197019,8015
50214291,8016
50214499,8017
50223334,8018
50228378,8019
50228468,8020
50251957,8021
50256704,8022
50295201,8023
50336498,8024
50343317,8025
50355000,8026
50367013,8027
50398239,8028
50401738,8029
50403486,8030
50425887,8031
50427053,8032
50430997,8033
50434164,8034
50440593,8035
50441206,8036
50463518,8037
50465804,8038
50491692,8039
50513064,8040
50517237,8041
50518910,8042
50527346,8043
50530283,8044
50530635,8045
50530789,8046
50533512,8047
50537196,8048
50540683,8049
50571724,8050
50591285,8051
50602986,8052
50612572,8053
50630283,8054
50645038,8055
50645061,8056
50648768,8057
50668693,8058
50669520,8059
50677996,8060
50679073,8061
50691746,8062
50698121,8063
50698730,8064
50710988,8065
50715892,8066
50717037,8067
50718886,8068
50726320,8069
50734259,8070
50743787,8071
50745212,8072
50748606,8073
50750586,8074
50785229,8075
50785945,8076
50788866,8077
50798355,8078
50799216,8079
50807628,8080
50807638,8081
50814287,8082
50818329,8083
50822816,8084
50836292,8085
50848730,8086
50858923,8087
50893154,8088
50906059,8089
50910812,8090
50913710,8091
50914856,8092
50927965,8093
50941014,8094
50944856,8095
50945103,8096
50948136,8097
50974253,8098
50979860,8099
51008815,8100
51018767,8101
51027634,8102
51032100,8103
51043990,8104
51045472,8105
51065893,8106
51073819,8107
51081348,8108
51094582,8109
51099552,8110
51107733,8111
51127088,8112
51137328,8113
51151201,8114
51151988,8115
51162926,8116
51173311,8117
51174064,8118
51178965,8119
51182021,8120
51199923,8121
51203205,8122
51203748,8123
51207002,8124
51210644,8125
51245152,8126
51255749,8127
51259550,8128
51270754,8129
51274432,8130
51276248,8131
51284932,8132
51293264,8133
51295466,8134
51306266,8135
51310666,8136
51310797,8137
51310976,8138
51314216,8139
51316600,8140
51321264,8141
51327387,8142
51330975,8143
51332742,8144
51346400,8145
51348744,8146
51351308,8147
51351969,8148
51355872,8149
51367708,8150
51375286,8151
51378201,8152
51384128,8153
51390613,8154
51396258,8155
51399508,8156
51410043,8157
51426896,8158
51438855,8159
51450959,8160
51452048,8161
51477107,8162
51477337,8163
51491510,8164
51492138,8165
51496346,8166
51497641,8167
51508335,8168
51510721,8169
51527436,8170
51530349,8171
51533457,8172
51567066,8173
51570590,8174
51578604,8175
51595167,8176
51631973,8177
51641973,8178
51643960,8179
51658756,8180
51667942,8181
51670985,8182
51687431,8183
51752582,8184
51758881,8185
51781061,8186
51786528,8187
51826920,8188
51827732,8189
51830142,8190
51833792,8191
51849583,8192
51859102,8193
51864676,8194
51880065,8195
51880276,8196
51880792,8197
51886238,8198
51896660,8199
51897320,8200
51906885,8201
51945370,8202
51951786,8203
51953031,8204
51958185,8205
51971488,8206
51985805,8207
52024198,8208
52025991,8209
52042147,8210
52050137,8211
52053481,8212
52054505,8213
52054932,8214
52056408,8215
52059555,8216
52084934,8217
52089118,8218
52098389,8219
52101324,8220
52107647,8221
52107786,8222
52124889,8223
52128136,8224
52135715,8225
52139852,8226
52141764,8227
52154385,8228
52160745,8229
52161956,8230
52162223,8231
52162790,8232
52181083,8233
52182451,8234
52189286,8235
52190807,8236
52240450,8237
52247328,8238
52254365,8239
52297642,8240
52298110,8241
52298204,8242
52306888,8243
52309360,8244
52321301,8245
52354256,8246
52368836,8247
52378738,8248
52386781,8249
52389827,8250
52397778,8251
52399952,8252
52402574,8253
52405670,8254
52433295,8255
52436759,8256
52438058,8257
52449594,8258
52456063,8259
52474769,8260
52475968,8261
52476512,8262
52486297,8263
52490379,8264
52492351,8265
52494989,8266
52496433,8267
52503887,8268
52519032,8269
52540473,8270
52542602,8271
52563976,8272
52582813,8273
52583542,8274
52584545,8275
52594496,8276
52596781,8277
52601586,8278
52602945,8279
52605101,8280
52615219,8281
52634068,8282
52634114,8283
52638713,8284
52642704,8285
52643808,8286
52648706,8287
52651267,8288
52654561,8289
52695440,8290
52703658,8291
52703733,8292
52717808,8293
52722436,8294
52740631,8295
52751069,8296
52772136,8297
52789722,8298
52809735,8299
52810789,8300
52818091,8301
52818750,8302
52824143,8303
52831848,8304
52846430,8305
52849750,8306
52861736,8307
52881387,8308
52882425,8309
52910879,8310
52931048,8311
52933073,8312
52946697,8313
52948121,8314
52949199,8315
52989817,8316
53005147,8317
53046002,8318
53054303,8319
53058728,8320
53059640,8321
53079920,8322
53098148,8323
53104607,8324
53120443,8325
53127434,8326
53141401,8327
53150874,8328
53154244,8329
53158947,8330
53161721,8331
53195087,8332
53199113,8333
53211300,8334
53224710,8335
53226878,8336
53237926,8337
53249230,8338
53257678,8339
53265271,8340
53284800,8341
53311832,8342
53313796,8343
53315324,8344
53320968,8345
53321400,8346
53347981,8347
53360216,8348
53367646,8349
53393251,8350
53400401,8351
53401994,8352
53403503,8353
53429839,8354
53456508,8355
53458764,8356
53461588,8357
53468972,8358
53469512,8359
53490475,8360
53503202,8361
53519198,8362
53544498,8363
53556935,8364
53557635,8365
53558955,8366
53568415,8367
53574617,8368
53596339,8369
53610392,8370
53629931,8371
53641740,8372
53649915,8373
53652083,8374
53655765,8375
53664305,8376
53669907,8377
53685323,8378
53698155,8379
53702113,8380
53731841,8381
53741849,8382
53756111,8383
53768318,8384
53785396,8385
53787946,8386
53791025,8387
53810249,8388
53830080,8389
53831819,8390
53836671,8391
53840489,8392
53852323,8393
53861909,8394
53878094,8395
53885796,8396
53892543,8397
53913136,8398
53919935,8399
53920756,8400
53925971,8401
53939400,8402
53951199,8403
53953805,8404
53954549,8405
53961447,8406
53971588,8407
53982404,8408
53983017,8409
53983654,8410
53987594,8411
53988943,8412
53993613,8413
53994286,8414
53996942,8415
53999460,8416
54014237,8417
54014477,8418
54017531,8419
54034924,8420
54048391,8421
54049968,8422
54065433,8423
54068475,8424
54079242,8425
54087865,8426
54089370,8427
54096689,8428
54107183,8429
54110651,8430
54111268,8431
54112490,8432
54116205,8433
54120842,8434
54131557,8435
54133748,8436
54153498,8437
54157385,8438
54171356,8439
54178041,8440
54194375,8441
54222429,8442
54223171,8443
54253318,8444
54269607,8445
54270907,8446
54280268,8447
54317318,8448
54318074,8449
54327189,8450
54334289,8451
54336446,8452
54365470,8453
54372224,8454
54391097,8455
54399969,8456
54403986,8457
54406432,8458
54420917,8459
54422645,8460
54462702,8461
54470975,8462
54471335,8463
54484330,8464
54497190,8465
54546077,8466
54569131,8467
54571878,8468
54579293,8469
54620386,8470
54634101,8471
54642122,8472
54652284,8473
54655764,8474
54661743,8475
54662773,8476
54662974,8477
54663954,8478
54674946,8479
54675128,8480
54684893,8481
54685231,8482
54694601,8483
54702689,8484
54713427,8485
54727574,8486
54733921,8487
54744689,8488
54747537,8489
54752028,8490
54773913,8491
54796762,8492
54809349,8493
54860952,8494
54865891,8495
54882986,8496
54884983,8497
54890884,8498
54930709,8499
54939210,8500
54945426,8501
54948310,8502
54949233,8503
54950852,8504
54957474,8505
54963857,8506
54963942,8507
54974748,8508
54993623,8509
55003029,8510
55004670,8511
55008372,8512
55031975,8513
55070855,8514
55079313,8515
55086649,8516
55091456,8517
55100008,8518
55107768,8519
55109714,8520
55111323,8521
55139282,8522
55163750,8523
55166691,8524
55231557,8525
55250460,8526
55260264,8527
55278017,8528
55285889,8529
55291128,8530
55292124,8531
55293829,8532
55301873,8533
55302344,8534
55306603,8535
55309345,8536
55310647,8537
55312461,8538
55340712,8539
55348286,8540
55359695,8541
55364344,8542
55364459,8543
55370049,8544
55381358,8545
55386678,8546
55396765,8547
55400718,8548
55414986,8549
55420724,8550
55425945,8551
55434187,8552
55437528,8553
55438330,8554
55451943,8555
55467587,8556
55468058,8557
55472678,8558
55493595,8559
55539266,8560
55572666,8561
55576487,8562
55586905,8563
55621506,8564
55638848,8565
55649744,8566
55650291,8567
55652328,8568
55663814,8569
55666055,8570
55668524,8571
55671407,8572
55680306,8573
55712928,8574
55755013,8575
55758774,8576
55767354,8577
55774220,8578
55778390,8579
55789163,8580
55793804,8581
55795410,8582
55808251,8583
55824419,8584
55829777,8585
55838791,8586
55853059,8587
55862402,8588
55882740,8589
55894448,8590
55916205,8591
55921325,8592
55932870,8593
55936417,8594
55939628,8595
55949344,8596
55953050,8597
55957494,8598
55967990,8599
55976150,8600
55979527,8601
55983914,8602
55990054,8603
55992517,8604
55994774,8605
55995915,8606
56007440,8607
56030702,8608
56043387,8609
56045528,8610
56081005,8611
56096783,8612
56124659,8613
56129949,8614
56137748,8615
56141349,8616
56149166,8617
56149359,8618
56169332,8619
56184265,8620
56188803,8621
56192350,8622
56204005,8623
56252026,8624
56287225,8625
56312505,8626
56318491,8627
56326314,8628
56327555,8629
56340278,8630
56342505,8631
56353438,8632
56362969,8633
56367926,8634
56389220,8635
56390535,8636
56402214,8637
56403373,8638
56409050,8639
56411141,8640
56445981,8641
56459602,8642
56475513,8643
56482676,8644
56496465,8645
56502320,8646
56541037,8647
56556782,8648
56559453,8649
56567360,8650
56574949,8651
56600653,8652
56609174,8653
56613758,8654
56619099,8655
56655502,8656
56703219,8657
56724832,8658
56745890,8659
56759479,8660
56772590,8661
56782850,8662
56783739,8663
56806243,8664
56811428,8665
56812232,8666
56838981,8667
56852284,8668
56862582,8669
56867700,8670
56879984,8671
56882186,8672
56929691,8673
56933871,8674
56937357,8675
56955792,8676
56978361,8677
56992172,8678
56993835,8679
57000841,8680
57004172,8681
57015346,8682
57038605,8683
57039281,8684
57039652,8685
57040956,8686
57057154,8687
57057584,8688
57068016,8689
57083069,8690
57085159,8691
57115089,8692
57137025,8693
57139473,8694
57179012,8695
57184108,8696
57208072,8697
57221998,8698
57222396,8699
57246845,8700
57260848,8701
57263991,8702
57266573,8703
57320452,8704
57349582,8705
57364078,8706
57396659,8707
57405953,8708
57410368,8709
57426532,8710
57442207,8711
57461838,8712
57478798,8713
57479875,8714
57498443,8715
57506432,8716
57573899,8717
57578403,8718
57604186,8719
57614271,8720
57634322,8721
57639598,8722
57675938,8723
57688074,8724
57695095,8725
57699244,8726
57704777,8727
57721830,8728
57724065,8729
57730696,8730
57781871,8731
57785129,8732
57826483,8733
57849505,8734
57853266,8735
57869958,8736
57871519,8737
57874971,8738
57888537,8739
57893180,8740
57950652,8741
57968052,8742
57978226,8743
57980398,8744
57994917,8745
58006535,8746
58009536,8747
58016502,8748
58027267,8749
58052610,8750
58104833,8751
58113182,8752
58135089,8753
58159821,8754
58167203,8755
58199261,8756
58208753,8757
58211921,8758
58219570,8759
58237409,8760
58239195,8761
58272227,8762
58290199,8763
58333924,8764
58338095,8765
58386891,8766
58389610,8767
58392421,8768
58400139,8769
58419534,8770
58447675,8771
58461273,8772
58525387,8773
58546821,8774
58558122,8775
58582217,8776
58606388,8777
58608843,8778
58611991,8779
58620717,8780
58639268,8781
58649136,8782
58654886,8783
58658319,8784
58665571,8785
58670035,8786
58684655,8787
58705137,8788
58708159,8789
58711646,8790
58715101,8791
58738386,8792
58755490,8793
58765247,8794
58781507,8795
58781542,8796
58784259,8797
58793250,8798
58800285,8799
58804518,8800
58808033,8801
58811201,8802
58838895,8803
58846111,8804
58863242,8805
58869220,8806
58881330,8807
58884304,8808
58886045,8809
58888841,8810
58893392,8811
58896487,8812
58911619,8813
58915476,8814
58920845,8815
58940901,8816
58964788,8817
58966831,8818
58973741,8819
58981717,8820
59016277,8821
59036126,8822
59042511,8823
59044634,8824
59053238,8825
59085146,8826
59086959,8827
59120414,8828
59143843,8829
59158367,8830
59189439,8831
59201828,8832
59223329,8833
59223761,8834
59261405,8835
59267975,8836
59273831,8837
59298622,8838
59306449,8839
59340236,8840
59341420,8841
59344625,8842
59347246,8843
59352459,8844
59358859,8845
59358906,8846
59366017,8847
59379936,8848
59394075,8849
59407495,8850
59418279,8851
59434294,8852
59489293,8853
59500420,8854
59501556,8855
59511457,8856
59524725,8857
59539344,8858
59543018,8859
59549064,8860
59553554,8861
59564136,8862
59565371,8863
59573526,8864
59586523,8865
59593456,8866
59597727,8867
59648105,8868
59652236,8869
59661509,8870
59665548,8871
59668316,8872
59678656,8873
59696953,8874
59721042,8875
59785902,8876
59797067,8877
59801369,8878
59816480,8879
59819790,8880
59823640,8881
59825685,8882
59844723,8883
59849033,8884
59891183,8885
59903884,8886
59908391,8887
59915392,8888
59927461,8889
59946127,8890
59954867,8891
59955326,8892
59964134,8893
60035139,8894
60047243,8895
60057117,8896
60061504,8897
60071619,8898
60115299,8899
60119881,8900
60147291,8901
60148586,8902
60150406,8903
60167374,8904
60168060,8905
60171128,8906
60175380,8907
60200562,8908
60201115,8909
60210351,8910
60213919,8911
60220819,8912
60221496,8913
60241388,8914
60255923,8915
60306758,8916
60319199,8917
60337127,8918
60355875,8919
60356227,8920
60361102,8921
60370335,8922
60385013,8923
60385701,8924
60395041,8925
60403583,8926
60405793,8927
60406373,8928
60406552,8929
60435440,8930
60437151,8931
60447027,8932
60448759,8933
60453193,8934
60464113,8935
60477982,8936
60499781,8937
60509721,8938
60570593,8939
60581110,8940
60602837,8941
60613456,8942
60629576,8943
60637549,8944
60663483,8945
60679359,8946
60684098,8947
60685889,8948
60693032,8949
60695973,8950
60705407,8951
60708604,8952
60712817,8953
60718533,8954
60722509,8955
60725527,8956
60725532,8957
60733766,8958
60747339,8959
60748728,8960
60761780,8961
60764526,8962
60767885,8963
60770401,8964
60778700,8965
60803872,8966
60815999,8967
60835888,8968
60841112,8969
60864966,8970
60899028,8971
60924535,8972
60927458,8973
60933564,8974
60952690,8975
60961416,8976
60968019,8977
60971123,8978
60982357,8979
60984919,8980
60985267,8981
60996277,8982
61015562,8983
61020592,8984
61034848,8985
61042254,8986
61058297,8987
61074176,8988
61081009,8989
61085137,8990
61091859,8991
61112040,8992
61121892,8993
61125151,8994
61147453,8995
61168510,8996
61170779,8997
61175399,8998
61177115,8999
61184936,9000
61209773,9001
61224769,9002
61232629,9003
61239686,9004
61265736,9005
61265988,9006
61270735,9007
61279303,9008
61292472,9009
61309329,9010
61347445,9011
61350866,9012
61359608,9013
61366115,9014
61374952,9015
61379663,9016
61383244,9017
61388921,9018
61393623,9019
61408055,9020
61415761,9021
61419696,9022
61431962,9023
61439328,9024
61476544,9025
61484244,9026
61489599,9027
61514072,9028
61518879,9029
61528355,9030
61535842,9031
61538166,9032
61544465,9033
61547291,9034
61564648,9035
61566960,9036
61567598,9037
61573100,9038
61584840,9039
61598137,9040
61611674,9041
61660918,9042
61663242,9043
61678006,9044
61711432,9045
61731860,9046
61735353,9047
61768027,9048
61769718,9049
61799665,9050
61810349,9051
61814348,9052
61815407,9053
61830187,9054
61842118,9055
61844078,9056
61866666,9057
61880796,9058
61905775,9059
61932015,9060
61935646,9061
61935741,9062
61945916,9063
61952280,9064
61958779,9065
61964302,9066
61966496,9067
61976268,9068
61987624,9069
61992520,9070
62002317,9071
62029854,9072
62037214,9073
62038631,9074
62095635,9075
62097208,9076
62127098,9077
62127738,9078
62130664,9079
62142375,9080
62147616,9081
62155958,9082
62168046,9083
62184512,9084
62187769,9085
62189856,9086
62193172,9087
62194569,9088
62195462,9089
62195520,9090
62233343,9091
62253820,9092
62316370,9093
62324697,9094
62337063,9095
62354529,9096
62362993,9097
62384240,9098
62396616,9099
62421237,9100
62422924,9101
62424711,9102
62427859,9103
62440943,9104
62470765,9105
62484389,9106
62484403,9107
62505151,9108
62549306,9109
62567586,9110
62573942,9111
62574620,9112
62581318,9113
62591883,9114
62592804,9115
62617728,9116
62625898,9117
62650880,9118
62679957,9119
62685868,9120
62693727,9121
62725487,9122
62742416,9123
62743904,9124
62799267,9125
62819582,9126
62842270,9127
62871911,9128
62876792,9129
62884010,9130
62885484,9131
62890739,9132
62936236,9133
62936487,9134
62936841,9135
62950556,9136
62955605,9137
62959723,9138
62965614,9139
62981355,9140
63003476,9141
63007952,9142
63012400,9143
63014779,9144
63065364,9145
63102629,9146
63108645,9147
63123365,9148
63144098,9149
63157592,9150
63170688,9151
63180532,9152
63210767,9153
63214343,9154
63222975,9155
63231497,9156
63236808,9157
63251769,9158
63277398,9159
63288787,9160
63317775,9161
63319644,9162
63364768,9163
63380850,9164
63402652,9165
63409204,9166
63463165,9167
63474885,9168
63476989,9169
63489388,9170
63489836,9171
63490321,9172
63492240,9173
63495614,9174
63523411,9175
63526833,9176
63541631,9177
63558189,9178
63565334,9179
63580261,9180
63582982,9181
63617347,9182
63621626,9183
63624213,9184
63628671,9185
63632175,9186
63636796,9187
63638072,9188
63698449,9189
63703511,9190
63705191,9191
63741837,9192
63762703,9193
63770391,9194
63793181,9195
63795844,9196
63817629,9197
63826204,9198
63843485,9199
63852365,9200
63874515,9201
63886243,9202
63916577,9203
63923066,9204
63930141,9205
63935448,9206
63955658,9207
63955816,9208
63964199,9209
63972356,9210
63983314,9211
63991232,9212
63998741,9213
64001145,9214
64008841,9215
64023325,9216
64027344,9217
64035862,9218
64067642,9219
64073580,9220
64096462,9221
64111799,9222
64118468,9223
64137996,9224
64145371,9225
64147321,9226
64166701,9227
64173703,9228
64183867,9229
64204383,9230
64207585,9231
64214932,9232
64230745,9233
64233540,9234
64242620,9235
64244841,9236
64249447,9237
64269958,9238
64289416,9239
64300635,9240
64315250,9241
64338952,9242
64341317,9243
64343292,9244
64354361,9245
64354632,9246
64391558,9247
64395238,9248
64402121,9249
64421626,9250
64431010,9251
64445321,9252
64450084,9253
64508085,9254
64511694,9255
64515549,9256
64520184,9257
64522350,9258
64564307,9259
64567729,9260
64597206,9261
64610645,9262
64623403,9263
64631178,9264
64636047,9265
64653984,9266
64657863,9267
64661207,9268
64704431,9269
64712199,9270
64731945,9271
64739098,9272
64746727,9273
64766298,9274
64770716,9275
64777933,9276
64783716,9277
64789993,9278
64800240,9279
64837409,9280
64847778,9281
64868295,9282
64889793,9283
64906268,9284
64911072,9285
64916072,9286
64931213,9287
64933709,9288
64938804,9289
64952642,9290
64980891,9291
64984765,9292
64991514,9293
64992029,9294
64993534,9295
65006856,9296
65032455,9297
65035039,9298
65041602,9299
65064222,9300
65075709,9301
65078889,9302
65081967,9303
65137552,9304
65171697,9305
65201573,9306
65212833,9307
65236760,9308
65254893,9309
65272235,9310
65278327,9311
65294642,9312
65336484,9313
65338394,9314
65375759,9315
65379627,9316
65382842,9317
65396178,9318
65437231,9319
65457986,9320
65469836,9321
65486933,9322
65492232,9323
65517621,9324
65517819,9325
65520623,9326
65525247,9327
65551087,9328
65558029,9329
65575338,9330
65581806,9331
65586007,9332
65598570,9333
65607720,9334
65607742,9335
65630292,9336
65630354,9337
65643345,9338
65690709,9339
65695658,9340
65695945,9341
65700868,9342
65735214,9343
65749253,9344
65753323,9345
65753878,9346
65756042,9347
65756750,9348
65772882,9349
65784291,9350
65786703,9351
65792426,9352
65793480,9353
65803294,9354
65846554,9355
65902798,9356
65915225,9357
65916403,9358
65931246,9359
65933584,9360
65941602,9361
65942082,9362
65946243,9363
65977025,9364
65988073,9365
66018063,9366
66026535,9367
66033904,9368
66034438,9369
66037316,9370
66037341,9371
66054233,9372
66104517,9373
66120866,9374
66132582,9375
66132864,9376
66160677,9377
66167625,9378
66182523,9379
66209943,9380
66225246,9381
66227698,9382
66228261,9383
66233923,9384
66235118,9385
66257153,9386
66260317,9387
66265848,9388
66267233,9389
66268665,9390
66277219,9391
66280222,9392
66284799,9393
66289119,9394
66308239,9395
66311859,9396
66321644,9397
66351565,9398
66357545,9399
66367082,9400
66380166,9401
66410227,9402
66425147,9403
66440017,9404
66460612,9405
66462611,9406
66473020,9407
66475242,9408
66493463,9409
66502756,9410
66586268,9411
66591925,9412
66592224,9413
66662429,9414
66680811,9415
66695025,9416
66710003,9417
66716336,9418
66745505,9419
66769521,9420
66769829,9421
66781375,9422
66786345,9423
66796733,9424
66827445,9425
66856644,9426
66881614,9427
66886524,9428
66886804,9429
66892799,9430
66911324,9431
66914769,9432
66931709,9433
66933315,9434
66952300,9435
66952587,9436
66975479,9437
66989627,9438
66998229,9439
67016149,9440
67022569,9441
67032556,9442
67033520,9443
67036119,9444
67042233,9445
67073721,9446
67073743,9447
67088395,9448
67115534,9449
67124094,9450
67134846,9451
67144075,9452
67160533,9453
67165742,9454
67187721,9455
67188131,9456
67204081,9457
67254176,9458
67256855,9459
67284910,9460
67285790,9461
67293615,9462
67302075,9463
67326212,9464
67344366,9465
67355035,9466
67360574,9467
67360804,9468
67372194,9469
67378083,9470
67406317,9471
67409590,9472
67419526,9473
67428211,9474
67435927,9475
67439338,9476
67459887,9477
67481643,9478
67488221,9479
67514751,9480
67516281,9481
67605379,9482
67627023,9483
67636263,9484
67639216,9485
67694050,9486
67701232,9487
67703421,9488
67706546,9489
67727088,9490
67751753,9491
67765647,9492
67771016,9493
67778641,9494
67784458,9495
67801749,9496
67812258,9497
67819141,9498
67837327,9499
67851850,9500
67853335,9501
67863872,9502
67899097,9503
67907319,9504
67910712,9505
67925990,9506
67964253,9507
67964479,9508
68009954,9509
68020673,9510
68049571,9511
68059036,9512
68062559,9513
68080553,9514
68109869,9515
68149768,9516
68163467,9517
68166416,9518
68185760,9519
68207411,9520
68207839,9521
68270085,9522
68313558,9523
68376052,9524
68382304,9525
68405620,9526
68447687,9527
68457801,9528
68492468,9529
68493706,9530
68498034,9531
68505025,9532
68509700,9533
68538150,9534
68542030,9535
68543202,9536
68545824,9537
68548942,9538
68569840,9539
68661491,9540
68662436,9541
68689143,9542
68692042,9543
68700758,9544
68718486,9545
68723803,9546
68742579,9547
68745647,9548
68746486,9549
68760726,9550
68775882,9551
68801460,9552
68802921,9553
68810082,9554
68823109,9555
68825331,9556
68833725,9557
68854088,9558
68887779,9559
68915499,9560
68956490,9561
69004966,9562
69042496,9563
69058391,9564
69071310,9565
69133485,9566
69147333,9567
69163320,9568
69169640,9569
69171795,9570
69180865,9571
69187456,9572
69190453,9573
69199008,9574
69211892,9575
69220946,9576
69241746,9577
69251428,9578
69253311,9579
69259701,9580
69264083,9581
69264150,9582
69274754,9583
69291785,9584
69316797,9585
69329527,9586
69333572,9587
69339226,9588
69340789,9589
69343407,9590
69343984,9591
69368634,9592
69369092,9593
69406594,9594
69411258,9595
69451454,9596
69467094,9597
69475311,9598
69483012,9599
69496863,9600
69519762,9601
69522974,9602
69530206,9603
69539409,9604
69557178,9605
69594434,9606
69605271,9607
69641315,9608
69658823,9609
69670513,9610
69689915,9611
69691291,9612
69691452,9613
69738655,9614
69741490,9615
69746505,9616
69768039,9617
69768385,9618
69777839,9619
69785033,9620
69802296,9621
69802563,9622
69818090,9623
69833853,9624
69839252,9625
69874367,9626
69883057,9627
69916250,9628
69940000,9629
69948337,9630
69980982,9631
70001232,9632
70017072,9633
70017753,9634
70017958,9635
70032594,9636
70042357,9637
70070188,9638
70097379,9639
70154134,9640
70176390,9641
70186662,9642
70215330,9643
70235285,9644
70240111,9645
70246785,9646
70277810,9647
70314693,9648
70315912,9649
70326170,9650
70327139,9651
70328044,9652
70331277,9653
70331549,9654
70341702,9655
70374720,9656
70391786,9657
70465771,9658
70477603,9659
70499035,9660
70516472,9661
70527303,9662
70531700,9663
70532808,9664
70533091,9665
70547378,9666
70548171,9667
70573320,9668
70613313,9669
70650509,9670
70651442,9671
70693316,9672
70706588,9673
70720285,9674
70729995,9675
70741170,9676
70762208,9677
70771229,9678
70771720,9679
70782161,9680
70793511,9681
70799838,9682
70803218,9683
70813633,9684
70837879,9685
70838833,9686
70839298,9687
70917632,9688
70964484,9689
70964820,9690
70983920,9691
70996818,9692
71001523,9693
71023771,9694
71048726,9695
71057215,9696
71062090,9697
71070381,9698
71073195,9699
71073301,9700
71080496,9701
71082732,9702
71113955,9703
71151109,9704
71151452,9705
71163037,9706
71187940,9707
71214556,9708
71251611,9709
71284588,9710
71299432,9711
71299542,9712
71321637,9713
71332377,9714
71340858,9715
71358707,9716
71368596,9717
71388938,9718
71394761,9719
71440898,9720
71441058,9721
71441158,9722
71442697,9723
71450054,9724
71458561,9725
71475065,9726
71483490,9727
71518398,9728
71519916,9729
71574798,9730
71606870,9731
71625602,9732
71631590,9733
71638316,9734
71644423,9735
71645414,9736
71651549,9737
71679434,9738
71696516,9739
71708572,9740
71712290,9741
71720658,9742
71731180,9743
71792199,9744
71797635,9745
71807533,9746
71846012,9747
71847218,9748
71860489,9749
71881381,9750
71888903,9751
71895211,9752
71900978,9753
71907992,9754
71926170,9755
71950034,9756
72022386,9757
72072706,9758
72072891,9759
72112675,9760
72119155,9761
72169850,9762
72176154,9763
72176564,9764
72204222,9765
72218899,9766
72221069,9767
72229444,9768
72229913,9769
72233184,9770
72236578,9771
72276122,9772
72304401,9773
72348170,9774
72360319,9775
72410823,9776
72415000,9777
72416796,9778
72418516,9779
72436418,9780
72454254,9781
72471261,9782
72518043,9783
72562983,9784
72588786,9785
72601764,9786
72604692,9787
72610586,9788
72682107,9789
72688314,9790
72694283,9791
72730022,9792
72747089,9793
72810542,9794
72823919,9795
72842277,9796
72862435,9797
72882689,9798
72908837,9799
72915128,9800
72930853,9801
72943129,9802
72956807,9803
72993543,9804
73007812,9805
73011620,9806
73022507,9807
73025974,9808
73039648,9809
73043514,9810
73052369,9811
73154757,9812
73155705,9813
73180088,9814
73195351,9815
73235614,9816
73245990,9817
73260109,9818
73264242,9819
73267432,9820
73276861,9821
73283414,9822
73333278,9823
73352747,9824
73365146,9825
73375278,9826
73385179,9827
73389610,9828
73423767,9829
73438572,9830
73443293,9831
73458071,9832
73490800,9833
73498238,9834
73508887,9835
73509222,9836
73533261,9837
73538701,9838
73545832,9839
73550504,9840
73562400,9841
73573945,9842
73612713,9843
73625517,9844
73648561,9845
73651314,9846
73654065,9847
73675740,9848
73678167,9849
73680083,9850
73683739,9851
73684070,9852
73737467,9853
73749005,9854
73774016,9855
73800454,9856
73802035,9857
73804245,9858
73813227,9859
73849092,9860
73858715,9861
73860666,9862
73894579,9863
73899524,9864
73905933,9865
73916085,9866
73938917,9867
73948038,9868
73950531,9869
73972116,9870
74008439,9871
74023424,9872
74027453,9873
74031289,9874
74033811,9875
74046710,9876
74057417,9877
74058461,9878
74077292,9879
74086195,9880
74088675,9881
74108469,9882
74135343,9883
74142766,9884
74149336,9885
74164540,9886
74182172,9887
74186213,9888
74190315,9889
74211503,9890
74214410,9891
74216663,9892
74238241,9893
74240541,9894
74247792,9895
74262274,9896
74268541,9897
74273811,9898
74280458,9899
74292997,9900
74296486,9901
74300855,9902
74306356,9903
74309023,9904
74316062,9905
74316803,9906
74347962,9907
74362734,9908
74381900,9909
74383911,9910
74409161,9911
74454976,9912
74462547,9913
74488568,9914
74495943,9915
74498666,9916
74529892,9917
74542116,9918
74543402,9919
74547732,9920
74578103,9921
74590093,9922
74603257,9923
74607874,9924
74608325,9925
74616336,9926
74618009,9927
74628767,9928
74644440,9929
74650355,9930
74660931,9931
74667394,9932
74673648,9933
74727399,9934
74729532,9935
74743684,9936
74794255,9937
74818607,9938
74827421,9939
74827928,9940
74841347,9941
74858516,9942
74883793,9943
74883941,9944
74890219,9945
74897126,9946
74925076,9947
74939898,9948
74962376,9949
74981014,9950
74984870,9951
75023519,9952
75029376,9953
75032357,9954
75038798,9955
75049328,9956
75050644,9957
75080436,9958
75087004,9959
75090463,9960
75093154,9961
75094226,9962
75094316,9963
75096946,9964
75101299,9965
75105609,9966
75113535,9967
75118422,9968
75139209,9969
75157052,9970
75184478,9971
75190347,9972
75202996,9973
75205739,9974
75221587,9975
75235195,9976
75241574,9977
75290498,9978
75290848,9979
75293222,9980
75318169,9981
75318562,9982
75346250,9983
75367033,9984
75376052,9985
75380457,9986
75392146,9987
75394719,9988
75397332,9989
75397987,9990
75403792,9991
75422874,9992
75430058,9993
75518671,9994
75567986,9995
75573355,9996
75576664,9997
75586922,9998
75592503,9999
75596057,10000
75603977,10001
75629406,10002
75630518,10003
75634070,10004
75637681,10005
75640231,10006
75667492,10007
75712923,10008
75719288,10009
75724564,10010
75752744,10011
75778916,10012
75797367,10013
75799074,10014
75806520,10015
75829590,10016
75830770,10017
75834456,10018
75853781,10019
75864603,10020
75893368,10021
75924845,10022
75932777,10023
75934946,10024
75944553,10025
76032869,10026
76034424,10027
76058560,10028
76062333,10029
76064527,10030
76069882,10031
76131051,10032
76133800,10033
76147467,10034
76147539,10035
76152099,10036
76155389,10037
76202350,10038
76204606,10039
76206647,10040
76207032,10041
76240681,10042
76311545,10043
76372631,10044
76376399,10045
76382991,10046
76383513,10047
76409778,10048
76417411,10049
76418579,10050
76424015,10051
76441502,10052
76444074,10053
76446222,10054
76458922,10055
76493110,10056
76506320,10057
76514412,10058
76527166,10059
76528607,10060
76534080,10061
76596783,10062
76614123,10063
76634078,10064
76641278,10065
76686827,10066
76687969,10067
76722627,10068
76773510,10069
76775883,10070
76803949,10071
76832617,10072
76848978,10073
76855943,10074
76869386,10075
76877803,10076
76886421,10077
76911676,10078
76963073,10079
76965309,10080
76987535,10081
76992827,10082
77018442,10083
77038925,10084
77041176,10085
77054816,10086
77058880,10087
77068843,10088
77079110,10089
77094937,10090
77114394,10091
77224472,10092
77234265,10093
77284227,10094
77304847,10095
77313500,10096
77316527,10097
77316704,10098
77362607,10099
77368563,10100
77394108,10101
77398354,10102
77398488,10103
77417232,10104
77446370,10105
77474738,10106
77543977,10107
77548191,10108
77557749,10109
77564428,10110
77580645,10111
77618112,10112
77643672,10113
77650622,10114
77655187,10115
77682160,10116
77696645,10117
77703940,10118
77714800,10119
77809721,10120
77821100,10121
77822434,10122
77859112,10123
77876990,10124
77915737,10125
77923163,10126
77934619,10127
77943492,10128
77949884,10129
77957493,10130
77980277,10131
77992559,10132
78053214,10133
78060329,10134
78067670,10135
78070664,10136
78086044,10137
78091048,10138
78118207,10139
78118277,10140
78135684,10141
78141396,10142
78150104,10143
78188996,10144
78193709,10145
78194485,10146
78204783,10147
78239126,10148
78241446,10149
78262626,10150
78275690,10151
78348357,10152
78354754,10153
78355084,10154
78402200,10155
78406420,10156
78429054,10157
78436225,10158
78444387,10159
78490815,10160
78491610,10161
78502767,10162
78503234,10163
78505572,10164
78507836,10165
78509074,10166
78524960,10167
78526827,10168
78577704,10169
78582420,10170
78605449,10171
78665135,10172
78688357,10173
78693876,10174
78713356,10175
78746288,10176
78752624,10177
78769005,10178
78788534,10179
78801445,10180
78818611,10181
78892407,10182
78898625,10183
78910039,10184
78924260,10185
78930106,10186
78941000,10187
78945414,10188
78956685,10189
78957338,10190
78958143,10191
78961309,10192
78965275,10193
78981690,10194
79017633,10195
79030985,10196
79040285,10197
79056597,10198
79062468,10199
79094062,10200
79104129,10201
79116205,10202
79130701,10203
79187514,10204
79201672,10205
79220289,10206
79252289,10207
79282617,10208
79299664,10209
79313316,10210
79324573,10211
79397956,10212
79418004,10213
79447042,10214
79529644,10215
79544247,10216
79553432,10217
79563407,10218
79563975,10219
79583588,10220
79590645,10221
79595933,10222
79597193,10223
79624523,10224
79635784,10225
79660958,10226
79666189,10227
79683560,10228
79717161,10229
79751091,10230
79801372,10231
79810128,10232
79823163,10233
79828511,10234
79850424,10235
79865480,10236
79878336,10237
79886041,10238
79891126,10239
79896211,10240
79897168,10241
79939222,10242
79939817,10243
79940790,10244
79975751,10245
80001131,10246
80018973,10247
80040157,10248
80060184,10249
80086323,10250
80087431,10251
80103181,10252
80105742,10253
80125289,10254
80145408,10255
80151686,10256
80155484,10257
80188672,10258
80193237,10259
80195106,10260
80196616,10261
80246748,10262
80249964,10263
80258188,10264
80275998,10265
80292014,10266
80300349,10267
80330381,10268
80351928,10269
80365738,10270
80384211,10271
80412662,10272
80423012,10273
80428857,10274
80430679,10275
80435070,10276
80438864,10277
80447268,10278
80474440,10279
80498163,10280
80509315,10281
80525871,10282
80550102,10283
80580421,10284
80594087,10285
80631608,10286
80664786,10287
80698046,10288
80720976,10289
80748017,10290
80749580,10291
80754288,10292
80761856,10293
80764496,10294
80793585,10295
80804147,10296
80813080,10297
80833420,10298
80850991,10299
80856883,10300
80893332,10301
80893792,10302
80899411,10303
80901277,10304
80909518,10305
80909743,10306
80935589,10307
80955610,10308
80963391,10309
81000458,10310
81053944,10311
81065796,10312
81120503,10313
81123839,10314
81127481,10315
81128158,10316
81134232,10317
81187685,10318
81190292,10319
81211877,10320
81222872,10321
81231622,10322
81241467,10323
81260589,10324
81267279,10325
81271556,10326
81275117,10327
81283959,10328
81332619,10329
81387499,10330
81396070,10331
81400575,10332
81444434,10333
81447370,10334
81469165,10335
81474366,10336
81478236,10337
81487854,10338
81501861,10339
81523941,10340
81527275,10341
81529385,10342
81544504,10343
81630480,10344
81630573,10345
81649791,10346
81664020,10347
81670300,10348
81714813,10349
81716796,10350
81754062,10351
81754303,10352
81790910,10353
81797404,10354
81801340,10355
81840382,10356
81840702,10357
81865040,10358
81866911,10359
81883016,10360
81895365,10361
81959530,10362
81996479,10363
81999062,10364
82000767,10365
82062775,10366
82110213,10367
82144210,10368
82154548,10369
82167670,10370
82193985,10371
82195911,10372
82268789,10373
82283833,10374
82340330,10375
82352697,10376
82369457,10377
82449826,10378
82457630,10379
82487057,10380
82516346,10381
82539274,10382
82545739,10383
82658160,10384
82664936,10385
82672438,10386
82684681,10387
82690254,10388
82691746,10389
82709211,10390
82724751,10391
82736706,10392
82750524,10393
82755387,10394
82780667,10395
82811225,10396
82817390,10397
82824788,10398
82867396,10399
82868698,10400
82889736,10401
82948609,10402
82962874,10403
82969145,10404
82986032,10405
83013937,10406
83017031,10407
83039463,10408
83046825,10409
83162938,10410
83171355,10411
83187417,10412
83239160,10413
83260549,10414
83269201,10415
83289696,10416
83311732,10417
83338670,10418
83373550,10419
83392252,10420
83452429,10421
83465789,10422
83481050,10423
83545379,10424
83564737,10425
83587516,10426
83610054,10427
83620099,10428
83638170,10429
83651407,10430
83652058,10431
83663354,10432
83693371,10433
83701522,10434
83711992,10435
83722627,10436
83724557,10437
83732151,10438
83739980,10439
83758320,10440
83761907,10441
83773247,10442
83776043,10443
83793296,10444
83797466,10445
83871133,10446
83893739,10447
83908062,10448
83916349,10449
83934166,10450
83943430,10451
83946610,10452
83951482,10453
83955876,10454
83967276,10455
83980848,10456
83997965,10457
84012291,10458
84016514,10459
84055244,10460
84062050,10461
84085214,10462
84092751,10463
84092924,10464
84111298,10465
84127005,10466
84135023,10467
84147605,10468
84160775,10469
84180344,10470
84255085,10471
84256935,10472
84292524,10473
84300444,10474
84346884,10475
84371348,10476
84374085,10477
84383917,10478
84417802,10479
84429961,10480
84434701,10481
84467656,10482
84468691,10483
84497142,10484
84584229,10485
84589480,10486
84634930,10487
84644647,10488
84671043,10489
84671872,10490
84676081,10491
84685398,10492
84685677,10493
84702662,10494
84753959,10495
84757150,10496
84758801,10497
84801817,10498
84863746,10499
84871794,10500
84896183,10501
84914588,10502
84933628,10503
84958161,10504
84959697,10505
84959930,10506
84968887,10507
84985130,10508
84996856,10509
85044813,10510
85066298,10511
85071670,10512
85094221,10513
85096288,10514
85101130,10515
85107516,10516
85134720,10517
85150694,10518
85159106,10519
85161142,10520
85203192,10521
85204597,10522
85249557,10523
85253939,10524
85276451,10525
85292203,10526
85293466,10527
85330206,10528
85342868,10529
85343892,10530
85371959,10531
85378595,10532
85379781,10533
85381916,10534
85428968,10535
85429767,10536
85441392,10537
85457517,10538
85468255,10539
85475511,10540
85480732,10541
85493071,10542
85504593,10543
85515144,10544
85528341,10545
85537786,10546
85553019,10547
85578369,10548
85581003,10549
85630355,10550
85641619,10551
85650275,10552
85725107,10553
85729788,10554
85738930,10555
85742591,10556
85746032,10557
85761585,10558
85861403,10559
85881268,10560
85882009,10561
85947294,10562
85950209,10563
85985754,10564
85990809,10565
86001705,10566
86002394,10567
86104643,10568
86142092,10569
86177056,10570
86180414,10571
86185949,10572
86199249,10573
86214439,10574
86220112,10575
86227282,10576
86230416,10577
86234677,10578
86270421,10579
86302457,10580
86317143,10581
86353764,10582
86365104,10583
86384349,10584
86387542,10585
86388496,10586
86388631,10587
86391641,10588
86392086,10589
86402575,10590
86415799,10591
86425142,10592
86451799,10593
86466874,10594
86484300,10595
86510280,10596
86511895,10597
86556746,10598
86559455,10599
86563662,10600
86567880,10601
86570745,10602
86579550,10603
86588736,10604
86598257,10605
86630084,10606
86644028,10607
86726621,10608
86761224,10609
86777377,10610
86792097,10611
86805649,10612
86808330,10613
86836975,10614
86840694,10615
86847940,10616
86891032,10617
86918039,10618
86920591,10619
86936598,10620
86973914,10621
86986583,10622
86989456,10623
87021946,10624
87030685,10625
87040271,10626
87040996,10627
87081989,10628
87090179,10629
87119587,10630
87120401,10631
87133189,10632
87174487,10633
87211106,10634
87220060,10635
87250271,10636
87251648,10637
87253640,10638
87337507,10639
87344704,10640
87359607,10641
87423187,10642
87426468,10643
87426667,10644
87426799,10645
87464413,10646
87511256,10647
87539085,10648
87558021,10649
87603897,10650
87631434,10651
87641147,10652
87700720,10653
87714649,10654
87745570,10655
87751464,10656
87769330,10657
87770390,10658
87782095,10659
87807418,10660
87831292,10661
87862480,10662
87869624,10663
87943279,10664
87976147,10665
87980046,10666
87989763,10667
88014344,10668
88015928,10669
88030799,10670
88036629,10671
88051266,10672
88061731,10673
88068424,10674
88071033,10675
88071309,10676
88078856,10677
88084666,10678
88086238,10679
88087810,10680
88101055,10681
88129819,10682
88146816,10683
88187310,10684
88192373,10685
88194176,10686
88218437,10687
88222637,10688
88228769,10689
88252860,10690
88253968,10691
88264586,10692
88273050,10693
88290488,10694
88314853,10695
88320350,10696
88324218,10697
88342710,10698
88372822,10699
88387358,10700
88394635,10701
88416538,10702
88433137,10703
88449027,10704
88476684,10705
88492211,10706
88493959,10707
88494677,10708
88508555,10709
88509457,10710
88543726,10711
88544496,10712
88565180,10713
88573922,10714
88583362,10715
88587962,10716
88602886,10717
88625374,10718
88635165,10719
88635636,10720
88685630,10721
88694518,10722
88712272,10723
88746705,10724
88765862,10725
88778290,10726
88784953,10727
88801554,10728
88814614,10729
88835407,10730
88851341,10731
88861017,10732
88861467,10733
88978035,10734
88982785,10735
89002253,10736
89020389,10737
89078576,10738
89108845,10739
89172234,10740
89176602,10741
89208915,10742
89234220,10743
89236450,10744
89242811,10745
89254416,10746
89265769,10747
89270975,10748
89273104,10749
89274608,10750
89288928,10751
89293669,10752
89300028,10753
89300656,10754
89332713,10755
89346223,10756
89362111,10757
89365161,10758
89383003,10759
89402780,10760
89404439,10761
89409468,10762
89476066,10763
89477228,10764
89488468,10765
89488755,10766
89490661,10767
89492112,10768
89506217,10769
89507141,10770
89510391,10771
89547367,10772
89570289,10773
89586604,10774
89592667,10775
89592931,10776
89595486,10777
89619136,10778
89639762,10779
89655673,10780
89734009,10781
89775082,10782
89779002,10783
89786489,10784
89803844,10785
89807064,10786
89807147,10787
89850730,10788
89855965,10789
89861792,10790
89887215,10791
89897213,10792
89947367,10793
89964115,10794
90030362,10795
90034304,10796
90035997,10797
90046091,10798
90063776,10799
90087254,10800
90103023,10801
90114466,10802
90160373,10803
90166484,10804
90188586,10805
90190851,10806
90217518,10807
90275566,10808
90286539,10809
90409047,10810
90485364,10811
90485501,10812
90518110,10813
90535155,10814
90545133,10815
90556968,10816
90633373,10817
90654005,10818
90713318,10819
90748312,10820
90755408,10821
90761544,10822
90775089,10823
90806990,10824
90859217,10825
90861615,10826
90865583,10827
90894062,10828
90946161,10829
90946636,10830
90956638,10831
90958185,10832
90978523,10833
90982844,10834
90988184,10835
91017281,10836
91017612,10837
91032729,10838
91035770,10839
91035977,10840
91110481,10841
91122163,10842
91123177,10843
91125024,10844
91144532,10845
91183410,10846
91232555,10847
91233071,10848
91356578,10849
91388860,10850
91395556,10851
91422371,10852
91427290,10853
91428500,10854
91428707,10855
91428832,10856
91446756,10857
91493488,10858
91528801,10859
91530386,10860
91554662,10861
91602826,10862
91653488,10863
91708383,10864
91713642,10865
91729248,10866
91734908,10867
91741745,10868
91751250,10869
91768882,10870
91775407,10871
91800053,10872
91808397,10873
91817792,10874
91839605,10875
91865392,10876
91899359,10877
91924967,10878
91934486,10879
91971503,10880
92013502,10881
92029048,10882
92061463,10883
92075232,10884
92113629,10885
92157633,10886
92158009,10887
92161128,10888
92186516,10889
92189292,10890
92212014,10891
92245314,10892
92284159,10893
92291182,10894
92425054,10895
92427244,10896
92440414,10897
92441303,10898
92486613,10899
92492429,10900
92495849,10901
92544886,10902
92558754,10903
92574880,10904
92580693,10905
92585909,10906
92603118,10907
92643660,10908
92644189,10909
92653916,10910
92657920,10911
92671731,10912
92686734,10913
92688117,10914
92697639,10915
92739595,10916
92771848,10917
92781765,10918
92811584,10919
92846845,10920
92872919,10921
92876625,10922
92943040,10923
92953029,10924
93007009,10925
93040337,10926
93045860,10927
93047212,10928
93054226,10929
93061534,10930
93069110,10931
93078067,10932
93092145,10933
93093380,10934
93107131,10935
93111391,10936
93111742,10937
93117605,10938
93130143,10939
93189203,10940
93223465,10941
93223589,10942
93251080,10943
93288759,10944
93293716,10945
93296668,10946
93310294,10947
93332435,10948
93335646,10949
93345226,10950
93359723,10951
93363329,10952
93373601,10953
93410612,10954
93439010,10955
93466901,10956
93469991,10957
93475858,10958
93480690,10959
93482769,10960
93533268,10961
93536852,10962
93551118,10963
93595225,10964
93623718,10965
93662587,10966
93673601,10967
93675585,10968
93691257,10969
93697552,10970
93727342,10971
93744440,10972
93754763,10973
93782711,10974
93785691,10975
93802024,10976
93834718,10977
93835628,10978
93865399,10979
93900816,10980
93908043,10981
93912662,10982
93920742,10983
93944208,10984
93957129,10985
93972328,10986
93976740,10987
93979333,10988
93979939,10989
93997039,10990
94011057,10991
94058277,10992
94076184,10993
94100352,10994
94119354,10995
94132928,10996
94165248,10997
94166184,10998
94185085,10999
94209518,11000
94212396,11001
94215401,11002
94226004,11003
94248202,11004
94250427,11005
94266423,11006
94375347,11007
94384054,11008
94414624,11009
94417170,11010
94433406,11011
94438221,11012
94459602,11013
94476810,11014
94479229,11015
94488773,11016
94491053,11017
94598997,11018
94656246,11019
94675411,11020
94677072,11021
94694004,11022
94709887,11023
94726658,11024
94728289,11025
94732370,11026
94782431,11027
94801655,11028
94818799,11029
94840180,11030
94844786,11031
94853291,11032
94857556,11033
94895312,11034
95051691,11035
95052402,11036
95053140,11037
95083293,11038
95097330,11039
95103597,11040
95105815,11041
95161324,11042
95165339,11043
95168098,11044
95172138,11045
95191831,11046
95246658,11047
95249550,11048
95253375,11049
95290050,11050
95293452,11051
95297756,11052
95327444,11053
95342764,11054
95346426,11055
95354681,11056
95369506,11057
95426557,11058
95504435,11059
95530817,11060
95535197,11061
95537281,11062
95539607,11063
95548128,11064
95556179,11065
95559664,11066
95572692,11067
95575123,11068
95583039,11069
95602718,11070
95635551,11071
95664521,11072
95682916,11073
95693630,11074
95702424,11075
95711726,11076
95727422,11077
95737635,11078
95754929,11079
95842767,11080
95859842,11081
95896119,11082
95955490,11083
95971989,11084
96007050,11085
96018008,11086
96045763,11087
96058851,11088
96061175,11089
96080712,11090
96118243,11091
96133674,11092
96155436,11093
96169042,11094
96178057,11095
96185616,11096
96186826,11097
96220469,11098
96235518,11099
96243350,11100
96256810,11101
96276462,11102
96282734,11103
96296916,11104
96323946,11105
96353879,11106
96399170,11107
96419957,11108
96428187,11109
96430244,11110
96434490,11111
96442308,11112
96444573,11113
96447622,11114
96457578,11115
96476726,11116
96500143,11117
96597680,11118
96612878,11119
96621674,11120
96623653,11121
96628569,11122
96663211,11123
96673103,11124
96685373,11125
96688612,11126
96693831,11127
96772855,11128
96787225,11129
96800761,11130
96826403,11131
96832024,11132
96907262,11133
96915355,11134
96926126,11135
96965871,11136
96966077,11137
96977991,11138
97000212,11139
97005194,11140
97123798,11141
97176537,11142
97202022,11143
97232993,11144
97236406,11145
97254059,11146
97273575,11147
97287886,11148
97296176,11149
97338803,11150
97344170,11151
97442597,11152
97463399,11153
97464597,11154
97467754,11155
97473293,11156
97474887,11157
97478497,11158
97489522,11159
97489577,11160
97499909,11161
97518482,11162
97519068,11163
97522047,11164
97535093,11165
97558908,11166
97566931,11167
97569726,11168
97622779,11169
97625510,11170
97627107,11171
97637569,11172
97649583,11173
97679902,11174
97684112,11175
97701651,11176
97710257,11177
97780931,11178
97781259,11179
97803474,11180
97820008,11181
97830944,11182
97854338,11183
97894069,11184
97950174,11185
97950902,11186
97953203,11187
97970494,11188
97989357,11189
97992278,11190
97992438,11191
98053442,11192
98101047,11193
98111088,11194
98116167,11195
98156850,11196
98172943,11197
98194092,11198
98221214,11199
98245918,11200
98310762,11201
98325223,11202
98390275,11203
98416337,11204
98447181,11205
98453393,11206
98507228,11207
98524793,11208
98534609,11209
98568634,11210
98592249,11211
98763982,11212
98764683,11213
98768387,11214
98772775,11215
98799691,11216
98805715,11217
98841396,11218
98899480,11219
98926033,11220
98930289,11221
98930511,11222
98942695,11223
98955996,11224
98975247,11225
98992586,11226
99004707,11227
99014196,11228
99034397,11229
99047840,11230
99095270,11231
99100442,11232
99110535,11233
99122519,11234
99147838,11235
99169239,11236
99170281,11237
99170887,11238
99186523,11239
99325099,11240
99361224,11241
99370135,11242
99405296,11243
99443237,11244
99484020,11245
99493250,11246
99559960,11247
99567653,11248
99573165,11249
99580679,11250
99607260,11251
99608225,11252
99612535,11253
99630569,11254
99646859,11255
99651936,11256
99710686,11257
99801694,11258
99819883,11259
99852361,11260
99889243,11261
99890148,11262
99954473,11263
99985419,11264
100003814,11265
100005598,11266
100008246,11267
100040004,11268
100062581,11269
100076550,11270
100084026,11271
100085032,11272
100122237,11273
100136358,11274
100150564,11275
100210781,11276
100225788,11277
100246984,11278
100247275,11279
100315338,11280
100325179,11281
100332944,11282
100337625,11283
100349651,11284
100367075,11285
100369233,11286
100373001,11287
100395504,11288
100416586,11289
100446853,11290
100479245,11291
100533495,11292
100538300,11293
100564707,11294
100606185,11295
100691844,11296
100708920,11297
100820889,11298
100831053,11299
100848303,11300
100859683,11301
100901118,11302
100909514,11303
100951653,11304
100965930,11305
100983627,11306
101005531,11307
101068845,11308
101111644,11309
101156604,11310
101243223,11311
101253010,11312
101272456,11313
101275523,11314
101293115,11315
101302127,11316
101304929,11317
101306626,11318
101364483,11319
101390425,11320
101400916,11321
101445204,11322
101449813,11323
101461325,11324
101467879,11325
101468911,11326
101488767,11327
101489570,11328
101530940,11329
101532348,11330
101541188,11331
101547507,11332
101561026,11333
101575399,11334
101590781,11335
101608701,11336
101613624,11337
101620181,11338
101631705,11339
101637908,11340
101640907,11341
101657195,11342
101729324,11343
101739671,11344
101807842,11345
101810576,11346
101837028,11347
101844599,11348
101859906,11349
101890568,11350
101906114,11351
101909759,11352
101932773,11353
101959854,11354
101960646,11355
101962498,11356
102010145,11357
102109514,11358
102121246,11359
102185740,11360
102189393,11361
102220407,11362
102227592,11363
102269857,11364
102271403,11365
102278432,11366
102291940,11367
102304238,11368
102351774,11369
102355515,11370
102356778,11371
102467858,11372
102477208,11373
102486138,11374
102495836,11375
102497059,11376
102505560,11377
102506034,11378
102519726,11379
102530564,11380
102531069,11381
102548206,11382
102581124,11383
102583149,11384
102590831,11385
102599742,11386
102618075,11387
102716123,11388
102716907,11389
102717635,11390
102722382,11391
102736335,11392
102761744,11393
102763065,11394
102782174,11395
102785324,11396
102791195,11397
102793443,11398
102798134,11399
102833252,11400
102837987,11401
102843948,11402
102848140,11403
102862379,11404
102991077,11405
102996912,11406
103029407,11407
103049418,11408
103060145,11409
103096993,11410
103132526,11411
103136149,11412
103141337,11413
103162772,11414
103167711,11415
103173728,11416
103180025,11417
103181047,11418
103217683,11419
103222382,11420
103227584,11421
103242970,11422
103245828,11423
103309339,11424
103317437,11425
103335732,11426
103367086,11427
103368235,11428
103375095,11429
103384530,11430
103386775,11431
103392633,11432
103424651,11433
103519437,11434
103572398,11435
103588513,11436
103603838,11437
103632813,11438
103665949,11439
103678590,11440
103703750,11441
103711233,11442
103720918,11443
103723466,11444
103724763,11445
103758936,11446
103760972,11447
103831542,11448
103839337,11449
103963563,11450
103972238,11451
103976021,11452
103996803,11453
103999662,11454
104002242,11455
104010758,11456
104013845,11457
104020976,11458
104023743,11459
104045435,11460
104053341,11461
104069830,11462
104071579,11463
104077046,11464
104093658,11465
104111703,11466
104135701,11467
104203606,11468
104217847,11469
104235892,11470
104240343,11471
104241482,11472
104262985,11473
104297073,11474
104312486,11475
104316710,11476
104319062,11477
104324667,11478
104330870,11479
104331135,11480
104342504,11481
104349755,11482
104362261,11483
104382977,11484
104398309,11485
104426262,11486
104451109,11487
104487298,11488
104502063,11489
104520301,11490
104525992,11491
104533711,11492
104551897,11493
104556243,11494
104580782,11495
104584321,11496
104591962,11497
104610784,11498
104611658,11499
104625731,11500
104626843,11501
104645460,11502
104657062,11503
104669921,11504
104680016,11505
104701039,11506
104712514,11507
104719487,11508
104846300,11509
104850722,11510
104879205,11511
104950637,11512
104952689,11513
104957425,11514
104990424,11515
105004195,11516
105011437,11517
105016656,11518
105017384,11519
105040525,11520
105042098,11521
105083260,11522
105129838,11523
105184102,11524
105198606,11525
105214234,11526
105225437,11527
105226269,11528
105273951,11529
105294062,11530
105303415,11531
105303715,11532
105327432,11533
105409147,11534
105463286,11535
105466806,11536
105485468,11537
105497418,11538
105509396,11539
105545201,11540
105549159,11541
105573700,11542
105593540,11543
105601601,11544
105604742,11545
105635855,11546
105678803,11547
105708948,11548
105790457,11549
105802207,11550
105817454,11551
105822754,11552
105847111,11553
105874258,11554
105878331,11555
105899157,11556
105905475,11557
105911241,11558
105917579,11559
105925293,11560
105926699,11561
105926806,11562
105930112,11563
105955076,11564
105971663,11565
105978195,11566
106026948,11567
106074367,11568
106097774,11569
106136713,11570
106141436,11571
106210033,11572
106211842,11573
106224528,11574
106239684,11575
106268644,11576
106272102,11577
106285121,11578
106326344,11579
106327459,11580
106345833,11581
106371668,11582
106395831,11583
106480610,11584
106481422,11585
106509221,11586
106511202,11587
106512217,11588
106512310,11589
106519445,11590
106520410,11591
106556648,11592
106569290,11593
106588190,11594
106605436,11595
106613569,11596
106653942,11597
106680733,11598
106704165,11599
106725571,11600
106737079,11601
106788885,11602
106814808,11603
106817058,11604
106819122,11605
106840108,11606
106901519,11607
106901769,11608
106918693,11609
106919662,11610
106951850,11611
106981899,11612
107024467,11613
107070337,11614
107074585,11615
107083138,11616
107090979,11617
107103400,11618
107114546,11619
107122589,11620
107122887,11621
107152377,11622
107160507,11623
107161142,11624
107182920,11625
107205082,11626
107209093,11627
107210124,11628
107249106,11629
107281922,11630
107285723,11631
107290782,11632
107293334,11633
107335949,11634
107356852,11635
107429408,11636
107494748,11637
107495340,11638
107497796,11639
107527574,11640
107530007,11641
107558871,11642
107562348,11643
107565813,11644
107573070,11645
107612608,11646
107636309,11647
107644023,11648
107686280,11649
107698036,11650
107746523,11651
107757289,11652
107796984,11653
107822712,11654
107825128,11655
107826295,11656
107843418,11657
107870385,11658
107946136,11659
107947707,11660
107950559,11661
107959276,11662
107979881,11663
107981209,11664
108020041,11665
108052332,11666
108057555,11667
108060693,11668
108069084,11669
108116219,11670
108146158,11671
108157782,11672
108164869,11673
108256522,11674
108278677,11675
108287793,11676
108292329,11677
108302265,11678
108302502,11679
108306804,11680
108360666,11681
108375650,11682
108417706,11683
108422084,11684
108447887,11685
108448775,11686
108450607,11687
108480690,11688
108504854,11689
108507183,11690
108525900,11691
108530884,11692
108556027,11693
108587000,11694
108666572,11695
108676479,11696
108688171,11697
108688342,11698
108706692,11699
108719642,11700
108733497,11701
108775767,11702
108894187,11703
108906250,11704
108912063,11705
108912964,11706
108927533,11707
108990571,11708
108994726,11709
109004465,11710
109030713,11711
109038232,11712
109042161,11713
109047968,11714
109093635,11715
109126658,11716
109169461,11717
109171621,11718
109192303,11719
109232918,11720
109293850,11721
109297816,11722
109304372,11723
109307372,11724
109320658,11725
109364642,11726
109369763,11727
109564022,11728
109622524,11729
109625875,11730
109658145,11731
109689452,11732
109713548,11733
109729353,11734
109731224,11735
109735940,11736
109738177,11737
109757881,11738
109777979,11739
109778483,11740
109852984,11741
109854452,11742
109888360,11743
109925022,11744
109929561,11745
109945090,11746
109958364,11747
109983059,11748
109990529,11749
110009361,11750
110011661,11751
110014754,11752
110049789,11753
110054651,11754
110192074,11755
110215407,11756
110220661,11757
110242327,11758
110267176,11759
110288569,11760
110305089,11761
110306028,11762
110326401,11763
110338301,11764
110396781,11765
110459289,11766
110509603,11767
110564264,11768
110575482,11769
110581612,11770
110630284,11771
110631778,11772
110709920,11773
110723095,11774
110724952,11775
110735727,11776
110782751,11777
110799048,11778
110807429,11779
110850383,11780
110885480,11781
110908662,11782
110912326,11783
110914726,11784
110921391,11785
110940232,11786
110944817,11787
110963056,11788
110974615,11789
111030855,11790
111040673,11791
111095409,11792
111095987,11793
111107350,11794
111125294,11795
111158691,11796
111166826,11797
111172639,11798
111184860,11799
111197718,11800
111200746,11801
111212991,11802
111221813,11803
111247911,11804
111248362,11805
111250523,11806
111261366,11807
111313623,11808
111344203,11809
111385710,11810
111387177,11811
111388892,11812
111396526,11813
111400999,11814
111412750,11815
111448140,11816
111449849,11817
111475654,11818
111482601,11819
111486408,11820
111499945,11821
111514588,11822
111556423,11823
111569182,11824
111570903,11825
111579499,11826
111579633,11827
111618249,11828
111658055,11829
111673002,11830
111687038,11831
111691836,11832
111732948,11833
111742191,11834
111743108,11835
111746087,11836
111768843,11837
111769378,11838
111788139,11839
111800440,11840
111804137,11841
111857177,11842
111868715,11843
111880950,11844
111906975,11845
111944301,11846
111967947,11847
111970808,11848
111989084,11849
112001742,11850
112012658,11851
112029581,11852
112031627,11853
112046182,11854
112054534,11855
112091750,11856
112095933,11857
112143051,11858
112149540,11859
112169930,11860
112174052,11861
112184737,11862
112199525,11863
112202324,11864
112210590,11865
112221952,11866
112232957,11867
112239283,11868
112258270,11869
112273726,11870
112277973,11871
112280016,11872
112326932,11873
112341453,11874
112351296,11875
112353372,11876
112401773,11877
112461593,11878
112487571,11879
112492155,11880
112541471,11881
112582208,11882
112620298,11883
112641606,11884
112651076,11885
112661511,11886
112718545,11887
112736661,11888
112746155,11889
112777979,11890
112794128,11891
112868891,11892
112921460,11893
112944623,11894
112952304,11895
112953401,11896
113011806,11897
113028815,11898
113052344,11899
113054531,11900
113092693,11901
113104831,11902
113106428,11903
113106537,11904
113112945,11905
113113323,11906
113128420,11907
113136604,11908
113185616,11909
113194453,11910
113200907,11911
113203570,11912
113213802,11913
113215226,11914
113218202,11915
113253871,11916
113291314,11917
113301671,11918
113344179,11919
113353203,11920
113366459,11921
113394347,11922
113410319,11923
113411401,11924
113415132,11925
113423378,11926
113439364,11927
113472226,11928
113488773,11929
113490594,11930
113491886,11931
113539486,11932
113607041,11933
113612768,11934
113637223,11935
113647797,11936
113658247,11937
113679847,11938
113684587,11939
113720013,11940
113727639,11941
113731464,11942
113744743,11943
113761664,11944
113779850,11945
113808852,11946
113880614,11947
113897359,11948
113907781,11949
113945981,11950
113955556,11951
113981069,11952
113987669,11953
114011522,11954
114014795,11955
114031812,11956
114076253,11957
114085514,11958
114127649,11959
114133182,11960
114196966,11961
114219523,11962
114232546,11963
114261877,11964
114265735,11965
114288840,11966
114316421,11967
114318643,11968
114342695,11969
114344891,11970
114351061,11971
114357501,11972
114388311,11973
114494345,11974
114528283,11975
114557557,11976
114572222,11977
114599599,11978
114677336,11979
114711265,11980
114736288,11981
114773910,11982
114777750,11983
114836524,11984
114845234,11985
114849893,11986
114872619,11987
114887750,11988
114896753,11989
114897118,11990
114901635,11991
114932810,11992
114938107,11993
114981700,11994
114982950,11995
115040501,11996
115070532,11997
115125517,11998
115144596,11999
115200642,12000
115200719,12001
115219229,12002
115260689,12003
115264552,12004
115275690,12005
115275988,12006
115291738,12007
115302143,12008
115327863,12009
115400791,12010
115429160,12011
115429281,12012
115488618,12013
115510666,12014
115513368,12015
115514485,12016
115542296,12017
115543224,12018
115543799,12019
115545836,12020
115563859,12021
115587493,12022
115589788,12023
115624161,12024
115630937,12025
115663436,12026
115702828,12027
115711103,12028
115716058,12029
115722328,12030
115744814,12031
115747192,12032
115760107,12033
115785635,12034
115820171,12035
115831870,12036
115846255,12037
115860349,12038
115882569,12039
115961253,12040
115983717,12041
115994820,12042
115996449,12043
115997755,12044
116032433,12045
116049346,12046
116118471,12047
116256192,12048
116273024,12049
116277802,12050
116296866,12051
116296937,12052
116312509,12053
116330846,12054
116357694,12055
116454918,12056
116473390,12057
116493791,12058
116497034,12059
116500468,12060
116504222,12061
116509330,12062
116534134,12063
116572628,12064
116589299,12065
116594869,12066
116609849,12067
116619016,12068
116622290,12069
116642061,12070
116645727,12071
116660647,12072
116722061,12073
116727304,12074
116738684,12075
116812157,12076
116816947,12077
116823818,12078
116834611,12079
116835497,12080
116839580,12081
116841782,12082
116860927,12083
116871871,12084
116875754,12085
116906169,12086
116921689,12087
116928591,12088
116949923,12089
116980760,12090
117000693,12091
117026672,12092
117033455,12093
117033575,12094
117050739,12095
117085421,12096
117112385,12097
117114775,12098
117157321,12099
117194548,12100
117197185,12101
117200881,12102
117204331,12103
117206556,12104
117211196,12105
117213468,12106
117224069,12107
117236682,12108
117246982,12109
117269106,12110
117281027,12111
117298919,12112
117303658,12113
117307154,12114
117319676,12115
117327100,12116
117363088,12117
117376032,12118
117465880,12119
117470186,12120
117497994,12121
117510407,12122
117535097,12123
117564531,12124
117601669,12125
117602982,12126
117621925,12127
117649981,12128
117676370,12129
117734032,12130
117742402,12131
117765295,12132
117799350,12133
117800745,12134
117806828,12135
117821436,12136
117826748,12137
117839245,12138
117858975,12139
117861064,12140
117865176,12141
117893917,12142
117899275,12143
117899515,12144
117899924,12145
117943883,12146
117960347,12147
117966729,12148
117967849,12149
117983479,12150
118034038,12151
118090969,12152
118107147,12153
118166301,12154
118190794,12155
118224080,12156
118230500,12157
118303486,12158
118316208,12159
118326219,12160
118403531,12161
118476038,12162
118491454,12163
118493571,12164
118499173,12165
118542726,12166
118542778,12167
118552712,12168
118582935,12169
118584217,12170
118594137,12171
118619214,12172
118679396,12173
118680476,12174
118718294,12175
118733851,12176
118761596,12177
118792450,12178
118794845,12179
118826173,12180
118832910,12181
118836614,12182
118837027,12183
118850495,12184
118927689,12185
118953812,12186
118955368,12187
118957984,12188
118974538,12189
118987843,12190
118988930,12191
119013134,12192
119046423,12193
119054820,12194
119058143,12195
119085211,12196
119133773,12197
119156037,12198
119160909,12199
119182046,12200
119188391,12201
119214586,12202
119250564,12203
119363144,12204
119395208,12205
119422720,12206
119430194,12207
119431106,12208
119439584,12209
119441850,12210
119453456,12211
119481835,12212
119498197,12213
119519642,12214
119525449,12215
119527914,12216
119534385,12217
119553477,12218
119570374,12219
119578104,12220
119608070,12221
119642250,12222
119659588,12223
119660612,12224
119702278,12225
119713624,12226
119758837,12227
119775366,12228
119784815,12229
119905863,12230
119910025,12231
119914620,12232
119931303,12233
119932936,12234
119938300,12235
119959078,12236
119966980,12237
119971724,12238
119972954,12239
119980244,12240
119983270,12241
119993898,12242
119997237,12243
120006558,12244
120025039,12245
120053143,12246
120093004,12247
120110803,12248
120132674,12249
120235356,12250
120237396,12251
120264466,12252
120303641,12253
120306239,12254
120326354,12255
120375508,12256
120399360,12257
120459837,12258
120465681,12259
120544074,12260
120558149,12261
120578214,12262
120601310,12263
120604805,12264
120654882,12265
120782951,12266
120802990,12267
120818659,12268
120838637,12269
120839423,12270
120862070,12271
120895154,12272
120899431,12273
120920505,12274
120953131,12275
120959813,12276
120980332,12277
121090662,12278
121123304,12279
121126435,12280
121158213,12281
121170001,12282
121171999,12283
121178498,12284
121180424,12285
121183263,12286
121207100,12287
121216105,12288
121255771,12289
121290564,12290
121309328,12291
121320968,12292
121335880,12293
121425024,12294
121441121,12295
121481081,12296
121489133,12297
121518305,12298
121525005,12299
121530429,12300
121555276,12301
121563980,12302
121572025,12303
121575701,12304
121576727,12305
121577098,12306
121588152,12307
121633454,12308
121637897,12309
121639325,12310
121649481,12311
121650999,12312
121656624,12313
121658884,12314
121726988,12315
121733778,12316
121789732,12317
121812371,12318
121865941,12319
121875959,12320
121913169,12321
121920558,12322
121932886,12323
121953744,12324
121969438,12325
122071641,12326
122104735,12327
122167036,12328
122173192,12329
122188293,12330
122193333,12331
122216052,12332
122217064,12333
122217599,12334
122237542,12335
122237903,12336
122240934,12337
122280853,12338
122294990,12339
122309663,12340
122328941,12341
122348359,12342
122374087,12343
122383996,12344
122389904,12345
122397629,12346
122400074,12347
122442574,12348
122448174,12349
122454578,12350
122462526,12351
122466181,12352
122473273,12353
122478255,12354
122492821,12355
122517942,12356
122527133,12357
122557681,12358
122579025,12359
122595423,12360
122629744,12361
122665484,12362
122722633,12363
122745846,12364
122800476,12365
122807514,12366
122819549,12367
122825865,12368
122827679,12369
122838840,12370
122861885,12371
122940070,12372
123017837,12373
123025798,12374
123047274,12375
123049375,12376
123072288,12377
123077086,12378
123079841,12379
123093889,12380
123107239,12381
123121482,12382
123124658,12383
123140944,12384
123156752,12385
123184980,12386
123227057,12387
123298266,12388
123346276,12389
123350736,12390
123359844,12391
123360685,12392
123376873,12393
123413321,12394
123427999,12395
123443086,12396
123465717,12397
123481439,12398
123497720,12399
123540990,12400
123628682,12401
123636019,12402
123669368,12403
123699851,12404
123702732,12405
123714367,12406
123721708,12407
123722600,12408
123728862,12409
123738262,12410
123752501,12411
123813673,12412
123816386,12413
123870889,12414
123887736,12415
123897642,12416
123897968,12417
123905611,12418
123924774,12419
123937751,12420
123973851,12421
123983746,12422
124068144,12423
124075592,12424
124080106,12425
124115301,12426
124152991,12427
124160115,12428
124162915,12429
124216813,12430
124227622,12431
124282886,12432
124290595,12433
124332555,12434
124347851,12435
124352909,12436
124371986,12437
124388379,12438
124405739,12439
124468712,12440
124537068,12441
124544524,12442
124548700,12443
124556404,12444
124557978,12445
124603316,12446
124651932,12447
124696620,12448
124727478,12449
124763632,12450
124769578,12451
124770803,12452
124794138,12453
124832157,12454
124834237,12455
124851931,12456
124852615,12457
124878802,12458
124885583,12459
124890237,12460
124896632,12461
124898913,12462
124919479,12463
124927255,12464
124931970,12465
124936128,12466
125028278,12467
125053908,12468
125057381,12469
125059245,12470
125086098,12471
125090246,12472
125122422,12473
125122538,12474
125125713,12475
125132334,12476
125138145,12477
125139541,12478
125160873,12479
125162780,12480
125166482,12481
125180028,12482
125186312,12483
125192962,12484
125212260,12485
125218969,12486
125228836,12487
125232619,12488
125242081,12489
125291232,12490
125299923,12491
125303698,12492
125304595,12493
125321615,12494
125322205,12495
125344265,12496
125351267,12497
125401643,12498
125413510,12499
125458972,12500
125475201,12501
125509993,12502
125542596,12503
125544053,12504
125565507,12505
125570941,12506
125630525,12507
125632328,12508
125652699,12509
125662638,12510
125677297,12511
125689799,12512
125694979,12513
125699316,12514
125707688,12515
125714167,12516
125716691,12517
125724234,12518
125744688,12519
125752101,12520
125771211,12521
125801522,12522
125813890,12523
125833800,12524
125840564,12525
125855960,12526
125874095,12527
125878452,12528
125892216,12529
125895381,12530
125949533,12531
126001292,12532
126012801,12533
126019912,12534
126092164,12535
126096796,12536
126142120,12537
126244586,12538
126247539,12539
126277954,12540
126302559,12541
126313384,12542
126338104,12543
126361301,12544
126372081,12545
126374651,12546
126385703,12547
126389684,12548
126443246,12549
126445399,12550
126446628,12551
126485750,12552
126578898,12553
126664703,12554
126665405,12555
126673157,12556
126674192,12557
126680535,12558
126687701,12559
126717954,12560
126790001,12561
126800237,12562
126835253,12563
126849745,12564
126860504,12565
126899188,12566
126903716,12567
126927898,12568
126957063,12569
126962043,12570
126966332,12571
126980258,12572
126994931,12573
127049815,12574
127065222,12575
127078209,12576
127087735,12577
127101057,12578
127104824,12579
127118419,12580
127123619,12581
127146206,12582
127172043,12583
127222249,12584
127232163,12585
127287351,12586
127289951,12587
127359791,12588
127397205,12589
127415641,12590
127416826,12591
127443064,12592
127493575,12593
127550732,12594
127566165,12595
127595240,12596
127604970,12597
127605133,12598
127668868,12599
127678075,12600
127693283,12601
127710159,12602
127717183,12603
127757463,12604
127836912,12605
127850582,12606
127886713,12607
127888553,12608
127935488,12609
128024529,12610
128026999,12611
128091407,12612
128104931,12613
128211844,12614
128212943,12615
128243827,12616
128262854,12617
128269081,12618
128321519,12619
128346572,12620
128393139,12621
128461899,12622
128475030,12623
128514991,12624
128539429,12625
128608886,12626
128620038,12627
128673880,12628
128678449,12629
128691604,12630
128728901,12631
128733615,12632
128735003,12633
128745354,12634
128753624,12635
128761703,12636
128763056,12637
128763579,12638
128791290,12639
128816850,12640
128875909,12641
128884283,12642
128904040,12643
128917051,12644
128924123,12645
128979642,12646
128990886,12647
129019238,12648
129020165,12649
129051309,12650
129127212,12651
129181323,12652
129235890,12653
129248147,12654
129251316,12655
129258722,12656
129262829,12657
129281888,12658
129311082,12659
129314386,12660
129314858,12661
129325469,12662
129344031,12663
129348671,12664
129365439,12665
129384536,12666
129399452,12667
129412564,12668
129419436,12669
129524471,12670
129551283,12671
129551696,12672
129574349,12673
129579981,12674
129583659,12675
129609291,12676
129622008,12677
129637929,12678
129650998,12679
129708253,12680
129742553,12681
129750327,12682
129785121,12683
129823883,12684
129836795,12685
129869465,12686
129891935,12687
129920033,12688
129924853,12689
129928724,12690
129949447,12691
129982039,12692
129987102,12693
130038810,12694
130042795,12695
130047120,12696
130047355,12697
130124993,12698
130164860,12699
130177055,12700
130178120,12701
130185115,12702
130254038,12703
130288926,12704
130307742,12705
130319078,12706
130343482,12707
130357875,12708
130386957,12709
130391166,12710
130393530,12711
130418036,12712
130423813,12713
130435497,12714
130463591,12715
130499153,12716
130557513,12717
130577802,12718
130588860,12719
130595201,12720
130595733,12721
130613543,12722
130627319,12723
130633021,12724
130636969,12725
130643901,12726
130676623,12727
130681154,12728
130692883,12729
130759330,12730
130856911,12731
130857253,12732
130868564,12733
130920871,12734
130931797,12735
130945204,12736
130977700,12737
131031511,12738
131039234,12739
131042222,12740
131042554,12741
131050067,12742
131072650,12743
131091394,12744
131104167,12745
131204438,12746
131227583,12747
131250818,12748
131251684,12749
131252577,12750
131257940,12751
131322596,12752
131324670,12753
131324734,12754
131328613,12755
131329520,12756
131331824,12757
131369715,12758
131403706,12759
131405914,12760
131415093,12761
131498347,12762
131520345,12763
131541746,12764
131582797,12765
131582916,12766
131607950,12767
131624554,12768
131673241,12769
131692708,12770
131715100,12771
131719024,12772
131752497,12773
131757036,12774
131791334,12775
131853527,12776
131888849,12777
131954606,12778
131964456,12779
131971803,12780
131982907,12781
132009616,12782
132011800,12783
132038306,12784
132046877,12785
132169562,12786
132190122,12787
132198476,12788
132209975,12789
132227518,12790
132243158,12791
132245201,12792
132299087,12793
132306981,12794
132338960,12795
132359699,12796
132363589,12797
132378897,12798
132403102,12799
132463310,12800
132494354,12801
132515278,12802
132528187,12803
132541849,12804
132629841,12805
132638543,12806
132667056,12807
132688318,12808
132689217,12809
132691256,12810
132691935,12811
132697979,12812
132718532,12813
132729191,12814
132748513,12815
132760371,12816
132767120,12817
132784477,12818
132809440,12819
132860240,12820
132865155,12821
132881607,12822
132882970,12823
132934425,12824
132952814,12825
132953839,12826
132965775,12827
133008561,12828
133018525,12829
133024127,12830
133052215,12831
133053496,12832
133077107,12833
133090598,12834
133110949,12835
133132341,12836
133138637,12837
133146833,12838
133180190,12839
133208869,12840
133211017,12841
133243776,12842
133247314,12843
133259087,12844
133315811,12845
133416058,12846
133425731,12847
133487623,12848
133491909,12849
133499929,12850
133507637,12851
133528854,12852
133587169,12853
133627910,12854
133776275,12855
133806106,12856
133807484,12857
133823871,12858
133844051,12859
133929829,12860
133953114,12861
133979331,12862
134001696,12863
134004640,12864
134019092,12865
134218787,12866
134229245,12867
134240162,12868
134268800,12869
134284658,12870
134298509,12871
134327510,12872
134328376,12873
134393875,12874
134430704,12875
134471618,12876
134488899,12877
134578171,12878
134722729,12879
134770868,12880
134809757,12881
134824921,12882
134846617,12883
134868249,12884
134917036,12885
134942608,12886
134945489,12887
134956422,12888
134959712,12889
134971995,12890
134976956,12891
134978456,12892
135038802,12893
135039886,12894
135088714,12895
135146219,12896
135171272,12897
135191649,12898
135230838,12899
135338158,12900
135405245,12901
135415379,12902
135449306,12903
135458159,12904
135500753,12905
135536283,12906
135578944,12907
135640383,12908
135646596,12909
135697030,12910
135746594,12911
135857034,12912
135864208,12913
135867242,12914
135902107,12915
135915194,12916
135917307,12917
135935506,12918
135942064,12919
135947171,12920
136047950,12921
136055158,12922
136091227,12923
136098302,12924
136128142,12925
136128888,12926
136144699,12927
136147874,12928
136161105,12929
136167511,12930
136230957,12931
136254368,12932
136259659,12933
136266226,12934
136270247,12935
136288132,12936
136303294,12937
136338937,12938
136353168,12939
136354381,12940
136388922,12941
136405161,12942
136445850,12943
136458948,12944
136475385,12945
136476512,12946
136494714,12947
136516156,12948
136614559,12949
136635546,12950
136650053,12951
136674782,12952
136703370,12953
136775764,12954
136792100,12955
136793976,12956
136817353,12957
136845804,12958
136881432,12959
136894466,12960
136921206,12961
136960509,12962
136970367,12963
136972965,12964
137008699,12965
137034302,12966
137099636,12967
137124849,12968
137191685,12969
137231743,12970
137244200,12971
137265630,12972
137329728,12973
137346000,12974
137349561,12975
137361813,12976
137407589,12977
137414410,12978
137430691,12979
137436583,12980
137447314,12981
137455850,12982
137480382,12983
137499348,12984
137512422,12985
137552604,12986
137561064,12987
137632386,12988
137684311,12989
137718722,12990
137751142,12991
137763513,12992
137777900,12993
137780123,12994
137832626,12995
137849410,12996
137854743,12997
137864188,12998
137873483,12999
137896488,13000
137917421,13001
137938639,13002
137955899,13003
138099193,13004
138105601,13005
138154031,13006
138168339,13007
138191572,13008
138191701,13009
138214798,13010
138215326,13011
138217527,13012
138228030,13013
138320520,13014
138321487,13015
138346266,13016
138388479,13017
138409823,13018
138453878,13019
138469308,13020
138476060,13021
138484860,13022
138491270,13023
138492664,13024
138495821,13025
138498490,13026
138559532,13027
138565771,13028
138616596,13029
138631890,13030
138644839,13031
138649187,13032
138673277,13033
138689529,13034
138707415,13035
138713188,13036
138798068,13037
138821694,13038
138833629,13039
138835872,13040
138842573,13041
138859351,13042
138862380,13043
138864691,13044
138867240,13045
138869127,13046
138901623,13047
138901754,13048
138912619,13049
138946787,13050
138967732,13051
138971167,13052
139140917,13053
139156833,13054
139189262,13055
139207344,13056
139292946,13057
139302076,13058
139316463,13059
139472519,13060
139477979,13061
139500494,13062
139553595,13063
139568724,13064
139585820,13065
139586042,13066
139596529,13067
139604449,13068
139613298,13069
139695871,13070
139728167,13071
139728950,13072
139768199,13073
139770034,13074
139801797,13075
139847909,13076
139849976,13077
139923047,13078
139935422,13079
139947211,13080
139954853,13081
139974304,13082
139975708,13083
140078418,13084
140103639,13085
140150743,13086
140191125,13087
140192993,13088
140195750,13089
140233495,13090
140264984,13091
140266454,13092
140284205,13093
140299719,13094
140314102,13095
140350542,13096
140454958,13097
140455306,13098
140459467,13099
140467741,13100
140485105,13101
140505673,13102
140574598,13103
140598153,13104
140612771,13105
140622942,13106
140624202,13107
140640762,13108
140641561,13109
140651880,13110
140665322,13111
140665935,13112
140739598,13113
140785157,13114
140852716,13115
140861073,13116
140889339,13117
140892845,13118
140897785,13119
140937967,13120
140959132,13121
141039179,13122
141154921,13123
141165542,13124
141200573,13125
141252020,13126
141286419,13127
141292363,13128
141295725,13129
141329527,13130
141331600,13131
141380774,13132
141385502,13133
141416435,13134
141446950,13135
141459901,13136
141461543,13137
141517277,13138
141524117,13139
141600987,13140
141610612,13141
141637949,13142
141663071,13143
141673080,13144
141679022,13145
141682204,13146
141721603,13147
141727537,13148
141763079,13149
141815123,13150
141831246,13151
141833986,13152
141945863,13153
141949376,13154
141968152,13155
142002886,13156
142009052,13157
142015635,13158
142052531,13159
142075953,13160
142079409,13161
142113417,13162
142120680,13163
142185400,13164
142236260,13165
142303522,13166
142311992,13167
142349194,13168
142414128,13169
142420540,13170
142426235,13171
142479541,13172
142503277,13173
142611450,13174
142666277,13175
142679205,13176
142715397,13177
142785875,13178
142791740,13179
142802936,13180
142803191,13181
142821333,13182
142834807,13183
142862073,13184
142883006,13185
142885184,13186
142890368,13187
142929095,13188
142945295,13189
142951078,13190
143008727,13191
143049258,13192
143071797,13193
143086288,13194
143115107,13195
143173585,13196
143182513,13197
143228043,13198
143228894,13199
143246253,13200
143265377,13201
143278962,13202
143288338,13203
143361930,13204
143409569,13205
143438881,13206
143470346,13207
143481186,13208
143489672,13209
143515558,13210
143521794,13211
143554382,13212
143555869,13213
143559801,13214
143567966,13215
143608798,13216
143642169,13217
143653573,13218
143661031,13219
143669316,13220
143707617,13221
143727241,13222
143739132,13223
143789061,13224
143804107,13225
143828372,13226
143853654,13227
143919733,13228
143935361,13229
143959925,13230
143968706,13231
143979415,13232
143985641,13233
143994202,13234
144027747,13235
144033709,13236
144115731,13237
144150729,13238
144230332,13239
144231081,13240
144236551,13241
144255467,13242
144272459,13243
144284113,13244
144402222,13245
144439275,13246
144509544,13247
144527487,13248
144548204,13249
144570961,13250
144639583,13251
144662026,13252
144663825,13253
144665278,13254
144678371,13255
144694182,13256
144761285,13257
144800564,13258
144817985,13259
144860965,13260
144939767,13261
144971495,13262
144992204,13263
145004689,13264
145062328,13265
145080336,13266
145080615,13267
145109186,13268
145166485,13269
145195467,13270
145281864,13271
145285683,13272
145298146,13273
145313224,13274
145328695,13275
145345906,13276
145359272,13277
145361565,13278
145374804,13279
145389207,13280
145393462,13281
145414385,13282
145431498,13283
145442865,13284
145473243,13285
145521820,13286
145529756,13287
145542418,13288
145548214,13289
145582516,13290
145592452,13291
145595563,13292
145647675,13293
145652563,13294
145661602,13295
145676658,13296
145699407,13297
145703465,13298
145708791,13299
145712049,13300
145718395,13301
145729495,13302
145743349,13303
145746556,13304
145752172,13305
145755212,13306
145758198,13307
145768787,13308
145778232,13309
145783233,13310
145789269,13311
145836750,13312
145854827,13313
145859346,13314
145862955,13315
145987317,13316
145992071,13317
146013557,13318
146067296,13319
146107827,13320
146116940,13321
146129320,13322
146137934,13323
146139991,13324
146160591,13325
146202708,13326
146203862,13327
146209385,13328
146239435,13329
146241861,13330
146264141,13331
146269944,13332
146280496,13333
146284806,13334
146285303,13335
146322371,13336
146347509,13337
146408874,13338
146422643,13339
146427907,13340
146439760,13341
146510317,13342
146530128,13343
146566275,13344
146583965,13345
146587305,13346
146608909,13347
146625651,13348
146626127,13349
146642975,13350
146655918,13351
146668867,13352
146673301,13353
146692961,13354
146712559,13355
146713440,13356
146900818,13357
146914831,13358
146973070,13359
146985792,13360
147007134,13361
147027838,13362
147028559,13363
147040419,13364
147092180,13365
147135706,13366
147202533,13367
147215991,13368
147238440,13369
147247726,13370
147292336,13371
147355294,13372
147390682,13373
147398785,13374
147406918,13375
147425591,13376
147426736,13377
147460409,13378
147477231,13379
147577683,13380
147607161,13381
147647083,13382
147689623,13383
147755710,13384
147758381,13385
147770976,13386
147776880,13387
147799780,13388
147869869,13389
147874521,13390
147899730,13391
147931182,13392
147937494,13393
147976952,13394
148003354,13395
148004218,13396
148046148,13397
148087977,13398
148159058,13399
148206053,13400
148234981,13401
148237540,13402
148291255,13403
148306358,13404
148344254,13405
148356704,13406
148394195,13407
148422960,13408
148472626,13409
148485805,13410
148494408,13411
148523986,13412
148524444,13413
148582164,13414
148588247,13415
148593548,13416
148776416,13417
148854795,13418
148864242,13419
148873469,13420
148908056,13421
148908323,13422
148912873,13423
148913740,13424
148983385,13425
149002639,13426
149015649,13427
149029503,13428
149060479,13429
149078301,13430
149089236,13431
149109752,13432
149134024,13433
149196537,13434
149209268,13435
149237948,13436
149283816,13437
149328864,13438
149398573,13439
149431991,13440
149543566,13441
149591436,13442
149608930,13443
149610230,13444
149621722,13445
149635489,13446
149651288,13447
149655065,13448
149656428,13449
149659722,13450
149751818,13451
149771670,13452
149832784,13453
149913554,13454
150046236,13455
150051104,13456
150077364,13457
150086339,13458
150105155,13459
150111340,13460
150131856,13461
150147607,13462
150161934,13463
150180645,13464
150224923,13465
150275293,13466
150281189,13467
150286640,13468
150330403,13469
150361331,13470
150361594,13471
150385990,13472
150391250,13473
150416079,13474
150420889,13475
150458404,13476
150462711,13477
150482521,13478
150497512,13479
150503785,13480
150507465,13481
150512060,13482
150558452,13483
150601108,13484
150622226,13485
150623807,13486
150627581,13487
150644308,13488
150657363,13489
150702944,13490
150744872,13491
150765344,13492
150903604,13493
150909111,13494
150926362,13495
151029385,13496
151108514,13497
151132577,13498
151137332,13499
151177639,13500
151185187,13501
151244890,13502
151274219,13503
151284118,13504
151295317,13505
151311843,13506
151318625,13507
151340019,13508
151410637,13509
151547047,13510
151581474,13511
151617282,13512
151622477,13513
151629270,13514
151631633,13515
151632715,13516
151637259,13517
151669627,13518
151758949,13519
151764042,13520
151807455,13521
151834574,13522
151837051,13523
151859708,13524
151874346,13525
151878195,13526
151891199,13527
151893042,13528
151938942,13529
151977140,13530
151978461,13531
151991979,13532
151998303,13533
151998528,13534
152030254,13535
152054762,13536
152062230,13537
152076340,13538
152097025,13539
152102546,13540
152133436,13541
152146120,13542
152146418,13543
152163665,13544
152197727,13545
152204833,13546
152208943,13547
152244577,13548
152323455,13549
152350498,13550
152380892,13551
152386948,13552
152395797,13553
152570227,13554
152574571,13555
152585071,13556
152640267,13557
152694430,13558
152754961,13559
152797092,13560
152824041,13561
152897514,13562
153022901,13563
153040464,13564
153058662,13565
153093551,13566
153132339,13567
153139495,13568
153157797,13569
153164169,13570
153212620,13571
153218852,13572
153225560,13573
153238930,13574
153251335,13575
153256936,13576
153266090,13577
153379098,13578
153456193,13579
153495064,13580
153498370,13581
153527880,13582
153543146,13583
153625765,13584
153629556,13585
153639737,13586
153646379,13587
153653592,13588
153655811,13589
153659847,13590
153709440,13591
153726798,13592
153745193,13593
153801463,13594
153805650,13595
153814036,13596
153841286,13597
153876973,13598
153886835,13599
153910588,13600
153969443,13601
153988608,13602
154009677,13603
154011295,13604
154030847,13605
154046984,13606
154110383,13607
154151090,13608
154161659,13609
154174845,13610
154252395,13611
154253584,13612
154354716,13613
154405372,13614
154474766,13615
154498853,13616
154545301,13617
154573594,13618
154575265,13619
154578019,13620
154584170,13621
154597984,13622
154664435,13623
154693477,13624
154754926,13625
154759765,13626
154806857,13627
154906672,13628
154918058,13629
154925103,13630
154993466,13631
154994801,13632
155007941,13633
155010282,13634
155023642,13635
155031691,13636
155038673,13637
155078285,13638
155085006,13639
155092587,13640
155098724,13641
155105082,13642
155105964,13643
155136684,13644
155226754,13645
155254960,13646
155305325,13647
155305855,13648
155312402,13649
155354125,13650
155354840,13651
155355801,13652
155377666,13653
155387927,13654
155427661,13655
155430362,13656
155433212,13657
155442314,13658
155455770,13659
155477349,13660
155492682,13661
155555466,13662
155591704,13663
155602551,13664
155605559,13665
155633283,13666
155647375,13667
155655423,13668
155658192,13669
155685266,13670
155697986,13671
155715943,13672
155736983,13673
155741416,13674
155744825,13675
155760878,13676
155814780,13677
155832132,13678
155844694,13679
155878168,13680
155910701,13681
155910768,13682
155915524,13683
155944427,13684
155944733,13685
155965574,13686
155985444,13687
155986770,13688
156039819,13689
156044803,13690
156081202,13691
156157870,13692
156166269,13693
156198682,13694
156209575,13695
156214046,13696
156248714,13697
156292540,13698
156300451,13699
156306739,13700
156362661,13701
156387682,13702
156399760,13703
156416006,13704
156438853,13705
156444856,13706
156464196,13707
156490581,13708
156501196,13709
156502651,13710
156507759,13711
156510962,13712
156516493,13713
156596350,13714
156623701,13715
156627375,13716
156636310,13717
156660120,13718
156664132,13719
156664941,13720
156695527,13721
156699423,13722
156702369,13723
156771426,13724
156846934,13725
156927867,13726
156948869,13727
156992580,13728
157007174,13729
157030888,13730
157037473,13731
157041327,13732
157054921,13733
157077683,13734
157079373,13735
157097077,13736
157099071,13737
157135624,13738
157221022,13739
157291975,13740
157375260,13741
157386642,13742
157412428,13743
157429267,13744
157463832,13745
157505677,13746
157551845,13747
157651440,13748
157695304,13749
157702197,13750
157703225,13751
157715805,13752
157727650,13753
157770281,13754
157784374,13755
157800635,13756
157837327,13757
157869405,13758
157899542,13759
158035262,13760
158064102,13761
158081036,13762
158095776,13763
158099127,13764
158116221,13765
158123632,13766
158128745,13767
158134506,13768
158139415,13769
158155062,13770
158228564,13771
158264094,13772
158419823,13773
158424007,13774
158427332,13775
158453150,13776
158468243,13777
158469932,13778
158471931,13779
158492951,13780
158504082,13781
158607650,13782
158610503,13783
158617942,13784
158659099,13785
158752868,13786
158760433,13787
158771578,13788
158803720,13789
158813312,13790
158815850,13791
158820382,13792
158827700,13793
158830659,13794
158831815,13795
158847213,13796
158881725,13797
158904852,13798
158950134,13799
158967738,13800
159094719,13801
159135355,13802
159190536,13803
159203781,13804
159210283,13805
159226870,13806
159238997,13807
159271942,13808
159275940,13809
159318034,13810
159333147,13811
159371174,13812
159373300,13813
159383301,13814
159387175,13815
159438150,13816
159447476,13817
159450875,13818
159484630,13819
159499110,13820
159503075,13821
159543898,13822
159563937,13823
159567132,13824
159630116,13825
159633434,13826
159637267,13827
159638594,13828
159683729,13829
159684202,13830
159705363,13831
159709655,13832
159723579,13833
159842305,13834
159875572,13835
159911529,13836
159935292,13837
159945009,13838
159946896,13839
159965801,13840
159993529,13841
160075845,13842
160189923,13843
160190953,13844
160197541,13845
160233425,13846
160233617,13847
160266632,13848
160279987,13849
160285376,13850
160300478,13851
160348847,13852
160386886,13853
160398040,13854
160402922,13855
160405041,13856
160498035,13857
160503816,13858
160507547,13859
160601589,13860
160625658,13861
160626356,13862
160639027,13863
160653702,13864
160663710,13865
160699752,13866
160705282,13867
160730914,13868
160749268,13869
160765446,13870
160794196,13871
160868265,13872
160908772,13873
160912113,13874
160930875,13875
160945387,13876
160970211,13877
160975748,13878
160990315,13879
161006632,13880
161036844,13881
161053860,13882
161063168,13883
161091823,13884
161092764,13885
161102254,13886
161109904,13887
161139713,13888
161185849,13889
161202043,13890
161272503,13891
161279293,13892
161302782,13893
161313880,13894
161329174,13895
161348163,13896
161360872,13897
161408032,13898
161415313,13899
161428628,13900
161431715,13901
161439565,13902
161476738,13903
161485260,13904
161487545,13905
161491151,13906
161522380,13907
161532004,13908
161539997,13909
161540547,13910
161542487,13911
161619887,13912
161634919,13913
161708381,13914
161734693,13915
161741550,13916
161743653,13917
161780410,13918
161792265,13919
161798133,13920
161808276,13921
161838296,13922
161838375,13923
161863913,13924
161863994,13925
161916042,13926
161965188,13927
162065213,13928
162066138,13929
162068086,13930
162068419,13931
162070929,13932
162076964,13933
162080114,13934
162114552,13935
162115897,13936
162138108,13937
162141264,13938
162143535,13939
162174101,13940
162184970,13941
162187576,13942
162218140,13943
162256871,13944
162270476,13945
162276142,13946
162281775,13947
162287291,13948
162437041,13949
162437804,13950
162460111,13951
162491255,13952
162493713,13953
162527853,13954
162575344,13955
162594975,13956
162641384,13957
162674848,13958
162728456,13959
162811139,13960
162841703,13961
162892575,13962
162895784,13963
162917748,13964
162926214,13965
162959947,13966
162992000,13967
163017135,13968
163024504,13969
163081833,13970
163086710,13971
163096468,13972
163122760,13973
163149548,13974
163189522,13975
163287341,13976
163314541,13977
163322770,13978
163342766,13979
163346764,13980
163416607,13981
163483537,13982
163543809,13983
163549895,13984
163561612,13985
163563071,13986
163589678,13987
163626108,13988
163634745,13989
163669135,13990
163669203,13991
163682999,13992
163688294,13993
163749775,13994
163755952,13995
163760904,13996
163765591,13997
163834874,13998
163859111,13999
163860647,14000
163892413,14001
163903108,14002
163908990,14003
163916109,14004
163965755,14005
163992822,14006
163998607,14007
163999674,14008
164008299,14009
164020159,14010
164088782,14011
164096852,14012
164108194,14013
164129404,14014
164131639,14015
164134944,14016
164141551,14017
164157660,14018
164247075,14019
164314179,14020
164324862,14021
164336721,14022
164342281,14023
164387354,14024
164400857,14025
164412808,14026
164459036,14027
164464150,14028
164468679,14029
164477267,14030
164483937,14031
164557121,14032
164583867,14033
164613441,14034
164654296,14035
164671931,14036
164731700,14037
164736975,14038
164747494,14039
164753964,14040
164769512,14041
164792504,14042
164914959,14043
164969574,14044
164975798,14045
165005980,14046
165054296,14047
165061037,14048
165067277,14049
165073959,14050
165088789,14051
165112841,14052
165120532,14053
165142937,14054
165169407,14055
165181233,14056
165211495,14057
165262097,14058
165269266,14059
165271822,14060
165287447,14061
165318690,14062
165335229,14063
165417886,14064
165420812,14065
165452390,14066
165454052,14067
165471811,14068
165477824,14069
165479342,14070
165496474,14071
165496837,14072
165533941,14073
165623047,14074
165647939,14075
165696435,14076
165727849,14077
165804259,14078
165821237,14079
165901616,14080
165916257,14081
165952465,14082
165961031,14083
165965091,14084
165977945,14085
165994972,14086
165998111,14087
166001040,14088
166001916,14089
166005460,14090
166022406,14091
166099787,14092
166105408,14093
166136849,14094
166151871,14095
166201488,14096
166211662,14097
166247661,14098
166268505,14099
166270542,14100
166274282,14101
166275213,14102
166315418,14103
166329578,14104
166333272,14105
166352899,14106
166362103,14107
166426753,14108
166427497,14109
166431893,14110
166477427,14111
166487306,14112
166505377,14113
166512728,14114
166528498,14115
166583225,14116
166630062,14117
166662499,14118
166667494,14119
166707069,14120
166739554,14121
166751914,14122
166768159,14123
166787714,14124
166802487,14125
166802501,14126
166826198,14127
166831386,14128
166846031,14129
166864676,14130
166886751,14131
166916086,14132
166952515,14133
166968405,14134
166990045,14135
166999015,14136
167013927,14137
167017822,14138
167021103,14139
167129561,14140
167260574,14141
167267477,14142
167270623,14143
167287748,14144
167305932,14145
167334277,14146
167446775,14147
167513120,14148
167516004,14149
167542208,14150
167553695,14151
167638371,14152
167677354,14153
167692347,14154
167701954,14155
167708017,14156
167716995,14157
167743896,14158
167780105,14159
167813439,14160
167856299,14161
167860942,14162
167899666,14163
167916375,14164
167923378,14165
167984836,14166
168023374,14167
168050653,14168
168065810,14169
168169822,14170
168184192,14171
168235468,14172
168239731,14173
168258034,14174
168327262,14175
168358057,14176
168388282,14177
168396530,14178
168408957,14179
168418797,14180
168436347,14181
168485883,14182
168531961,14183
168541923,14184
168542732,14185
168562349,14186
168565837,14187
168570868,14188
168577684,14189
168617040,14190
168628434,14191
168629447,14192
168642296,14193
168698088,14194
168700914,14195
168715282,14196
168720269,14197
168722417,14198
168741740,14199
168744961,14200
168792931,14201
168794492,14202
168813492,14203
168818394,14204
168834605,14205
168840680,14206
168843835,14207
168855282,14208
168885053,14209
168888162,14210
168908163,14211
168914744,14212
169085114,14213
169113417,14214
169150220,14215
169169726,14216
169209848,14217
169218489,14218
169242210,14219
169243239,14220
169248191,14221
169250190,14222
169254519,14223
169279593,14224
169297416,14225
169353715,14226
169370851,14227
169379899,14228
169391990,14229
169414311,14230
169508490,14231
169529829,14232
169592390,14233
169594889,14234
169606319,14235
169623993,14236
169626752,14237
169670184,14238
169676997,14239
169686387,14240
169700940,14241
169706895,14242
169711352,14243
169736296,14244
169757806,14245
169898946,14246
169950090,14247
169973989,14248
170039311,14249
170085737,14250
170087393,14251
170087628,14252
170094972,14253
170123486,14254
170167933,14255
170196419,14256
170224491,14257
170268437,14258
170309471,14259
170310148,14260
170336271,14261
170356278,14262
170378065,14263
170394384,14264
170427873,14265
170439669,14266
170449761,14267
170539874,14268
170547167,14269
170566356,14270
170625577,14271
170666695,14272
170728647,14273
170744525,14274
170747866,14275
170776652,14276
170782206,14277
170809377,14278
170813733,14279
170862923,14280
170913342,14281
170941669,14282
170983238,14283
170985887,14284
171144148,14285
171145213,14286
171171584,14287
171195785,14288
171229096,14289
171262406,14290
171325678,14291
171356027,14292
171371891,14293
171372807,14294
171403133,14295
171404772,14296
171526722,14297
171532733,14298
171568247,14299
171611273,14300
171656520,14301
171657474,14302
171673980,14303
171745835,14304
171745941,14305
171781302,14306
171794399,14307
171827368,14308
171908920,14309
171922892,14310
171938031,14311
171944690,14312
171961293,14313
171973084,14314
172013341,14315
172034645,14316
172072560,14317
172076945,14318
172106496,14319
172110381,14320
172150690,14321
172172665,14322
172178858,14323
172186498,14324
172190569,14325
172232963,14326
172233764,14327
172250741,14328
172279923,14329
172292855,14330
172298738,14331
172305541,14332
172399681,14333
172435270,14334
172437103,14335
172455898,14336
172460317,14337
172464279,14338
172485507,14339
172494027,14340
172529685,14341
172531387,14342
172579400,14343
172612269,14344
172626474,14345
172632169,14346
172639520,14347
172652924,14348
172657088,14349
172743125,14350
172746513,14351
172766042,14352
172771517,14353
172811469,14354
172818660,14355
172862471,14356
172863891,14357
172865656,14358
172877284,14359
172894461,14360
172912806,14361
172919451,14362
172931483,14363
172965791,14364
172986940,14365
173027908,14366
173119587,14367
173208787,14368
173260106,14369
173263295,14370
173276279,14371
173282434,14372
173284522,14373
173312935,14374
173387492,14375
173419089,14376
173431221,14377
173450906,14378
173455820,14379
173463330,14380
173491730,14381
173495378,14382
173591614,14383
173628073,14384
173645498,14385
173693929,14386
173781024,14387
173808458,14388
173831575,14389
173841366,14390
173880712,14391
173958321,14392
173983389,14393
173996323,14394
174025101,14395
174046229,14396
174055360,14397
174071236,14398
174078883,14399
174098184,14400
174098656,14401
174131645,14402
174137795,14403
174202438,14404
174224039,14405
174264655,14406
174314020,14407
174320377,14408
174365756,14409
174395087,14410
174421112,14411
174459905,14412
174477958,14413
174485286,14414
174517043,14415
174539199,14416
174689720,14417
174720707,14418
174759440,14419
174797395,14420
174828497,14421
174839509,14422
174840073,14423
174850527,14424
174857114,14425
174859814,14426
174875507,14427
174878911,14428
174883231,14429
174938330,14430
174955600,14431
175004356,14432
175004773,14433
175025658,14434
175035751,14435
175085457,14436
175131510,14437
175163263,14438
175222042,14439
175222900,14440
175228559,14441
175243720,14442
175243900,14443
175347696,14444
175386873,14445
175419535,14446
175467643,14447
175480442,14448
175491294,14449
175493110,14450
175494384,14451
175513652,14452
175521110,14453
175530941,14454
175578751,14455
175584371,14456
175586738,14457
175591388,14458
175599652,14459
175604092,14460
175607214,14461
175623984,14462
175654607,14463
175658332,14464
175696185,14465
175778161,14466
175800847,14467
175827858,14468
175850071,14469
175902324,14470
175951867,14471
175977604,14472
175983795,14473
176010275,14474
176025915,14475
176036131,14476
176087555,14477
176165009,14478
176200451,14479
176207969,14480
176253791,14481
176283590,14482
176284081,14483
176284715,14484
176289234,14485
176291366,14486
176306447,14487
176310317,14488
176454590,14489
176480127,14490
176489824,14491
176534793,14492
176562145,14493
176582754,14494
176593453,14495
176610516,14496
176614899,14497
176651965,14498
176657599,14499
176699731,14500
176702799,14501
176707100,14502
176742962,14503
176853382,14504
176876877,14505
176886573,14506
176923068,14507
176956930,14508
176997190,14509
176999549,14510
177002568,14511
177006354,14512
177018643,14513
177025364,14514
177026513,14515
177035565,14516
177070701,14517
177087665,14518
177182882,14519
177250913,14520
177299965,14521
177356578,14522
177357958,14523
177362143,14524
177362867,14525
177394608,14526
177423179,14527
177426448,14528
177432889,14529
177474041,14530
177475795,14531
177584156,14532
177637167,14533
177672623,14534
177694229,14535
177702195,14536
177759801,14537
177777341,14538
177786636,14539
177812958,14540
177820460,14541
177824006,14542
177926698,14543
177980183,14544
178019052,14545
178019536,14546
178069747,14547
178069913,14548
178072739,14549
178092530,14550
178131548,14551
178154813,14552
178159266,14553
178197803,14554
178230381,14555
178305743,14556
178308411,14557
178326290,14558
178326652,14559
178332153,14560
178347049,14561
178417988,14562
178444449,14563
178468105,14564
178484223,14565
178494609,14566
178523942,14567
178527524,14568
178530694,14569
178557358,14570
178568121,14571
178595022,14572
178704696,14573
178706211,14574
178707800,14575
178738611,14576
178806901,14577
178838294,14578
178839681,14579
178855199,14580
178888741,14581
178931660,14582
178940575,14583
178946231,14584
178957191,14585
178962626,14586
178966335,14587
178983425,14588
179013453,14589
179022357,14590
179099202,14591
179198955,14592
179199013,14593
179219780,14594
179314472,14595
179316394,14596
179385678,14597
179449261,14598
179459533,14599
179468154,14600
179483838,14601
179514730,14602
179566256,14603
179572861,14604
179598231,14605
179634643,14606
179636041,14607
179687660,14608
179695633,14609
179733503,14610
179745826,14611
179750692,14612
179798783,14613
179815482,14614
179931493,14615
179952145,14616
179955168,14617
179959092,14618
179974853,14619
180044689,14620
180111748,14621
180143644,14622
180158958,14623
180169477,14624
180189686,14625
180209895,14626
180212590,14627
180272616,14628
180279233,14629
180290438,14630
180317088,14631
180404954,14632
180494856,14633
180511597,14634
180517354,14635
180521779,14636
180524193,14637
180530359,14638
180548274,14639
180611769,14640
180613054,14641
180647278,14642
180679517,14643
180770812,14644
180782909,14645
180835650,14646
180876478,14647
180891245,14648
180921842,14649
180922583,14650
180940670,14651
180947055,14652
181037638,14653
181039844,14654
181057209,14655
181067164,14656
181109231,14657
181196674,14658
181214510,14659
181241885,14660
181280226,14661
181290731,14662
181298868,14663
181338094,14664
181344186,14665
181359073,14666
181371217,14667
181388172,14668
181399641,14669
181410694,14670
181429216,14671
181438705,14672
181450119,14673
181476797,14674
181523902,14675
181670476,14676
181709986,14677
181760756,14678
181800015,14679
181805248,14680
181849056,14681
181851534,14682
181859696,14683
181865840,14684
181873706,14685
181966731,14686
181984612,14687
181984719,14688
182022263,14689
182037443,14690
182092641,14691
182129030,14692
182180223,14693
182265955,14694
182297316,14695
182301577,14696
182347444,14697
182378105,14698
182447811,14699
182468745,14700
182505971,14701
182506310,14702
182513042,14703
182522304,14704
182537019,14705
182568538,14706
182592901,14707
182593031,14708
182681848,14709
182725464,14710
182736093,14711
182749690,14712
182786929,14713
182787885,14714
182803395,14715
182840025,14716
182884753,14717
182894056,14718
182979559,14719
183013775,14720
183035621,14721
183036128,14722
183057972,14723
183062253,14724
183068111,14725
183083797,14726
183120399,14727
183124848,14728
183151795,14729
183154058,14730
183245960,14731
183253503,14732
183272232,14733
183272752,14734
183334236,14735
183346337,14736
183403491,14737
183439725,14738
183488582,14739
183519362,14740
183525046,14741
183568607,14742
183625679,14743
183661315,14744
183662904,14745
183680763,14746
183715194,14747
183727680,14748
183729766,14749
183739654,14750
183753455,14751
183766451,14752
183778200,14753
183817358,14754
183832104,14755
183851862,14756
183901925,14757
183909180,14758
184009784,14759
184075914,14760
184117280,14761
184133960,14762
184145726,14763
184164453,14764
184169712,14765
184261222,14766
184267522,14767
184299933,14768
184321146,14769
184342508,14770
184376613,14771
184383206,14772
184401439,14773
184419625,14774
184460759,14775
184533212,14776
184558172,14777
184630557,14778
184703593,14779
184750227,14780
184794991,14781
184802456,14782
184809706,14783
184820971,14784
184827606,14785
184831894,14786
184838288,14787
184885754,14788
184903026,14789
184905627,14790
184906480,14791
184930401,14792
184944154,14793
184950588,14794
184976312,14795
184983269,14796
184990558,14797
184991391,14798
184997953,14799
185008300,14800
185065687,14801
185071839,14802
185126341,14803
185217107,14804
185252402,14805
185264423,14806
185289508,14807
185300816,14808
185368416,14809
185376810,14810
185380971,14811
185403428,14812
185409862,14813
185417957,14814
185423812,14815
185448870,14816
185468279,14817
185472553,14818
185503887,14819
185524525,14820
185527376,14821
185579226,14822
185582505,14823
185592178,14824
185680931,14825
185698144,14826
185747014,14827
185755178,14828
185782663,14829
185798831,14830
185814562,14831
185881399,14832
185912050,14833
186030188,14834
186048965,14835
186110270,14836
186121578,14837
186142024,14838
186244798,14839
186282830,14840
186287415,14841
186306688,14842
186324295,14843
186333296,14844
186336367,14845
186342425,14846
186364420,14847
186385136,14848
186407633,14849
186506052,14850
186577567,14851
186593993,14852
186607941,14853
186608396,14854
186669131,14855
186700511,14856
186710524,14857
186717615,14858
186771526,14859
186794612,14860
186826690,14861
186867756,14862
186948910,14863
187000593,14864
187005614,14865
187012572,14866
187013543,14867
187023186,14868
187037008,14869
187059363,14870
187098611,14871
187117554,14872
187122482,14873
187180505,14874
187248137,14875
187318679,14876
187339143,14877
187351126,14878
187396018,14879
187404277,14880
187424972,14881
187438736,14882
187485871,14883
187540123,14884
187553055,14885
187565615,14886
187571909,14887
187587333,14888
187600017,14889
187610733,14890
187633497,14891
187665030,14892
187691247,14893
187708230,14894
187738730,14895
187803127,14896
187861767,14897
187863042,14898
187901041,14899
187964046,14900
188025660,14901
188033360,14902
188055270,14903
188055481,14904
188099273,14905
188132706,14906
188164477,14907
188167890,14908
188175619,14909
188214925,14910
188215370,14911
188225830,14912
188275221,14913
188317155,14914
188324197,14915
188357202,14916
188363258,14917
188406252,14918
188419923,14919
188457007,14920
188473530,14921
188477173,14922
188532452,14923
188548533,14924
188554306,14925
188558513,14926
188594522,14927
188602721,14928
188617176,14929
188674385,14930
188681444,14931
188736297,14932
188743943,14933
188814265,14934
188903918,14935
188974459,14936
189136016,14937
189155599,14938
189186049,14939
189224103,14940
189228942,14941
189238523,14942
189251998,14943
189320709,14944
189366606,14945
189390701,14946
189392920,14947
189394605,14948
189409269,14949
189410830,14950
189416201,14951
189466556,14952
189534958,14953
189542934,14954
189565191,14955
189594081,14956
189619479,14957
189643953,14958
189645607,14959
189647323,14960
189662629,14961
189664939,14962
189670798,14963
189689466,14964
189737138,14965
189769228,14966
189782677,14967
189806241,14968
189828213,14969
189837507,14970
189846930,14971
189859791,14972
189862247,14973
189911081,14974
189935217,14975
189946761,14976
189986603,14977
190010892,14978
190030499,14979
190047812,14980
190049522,14981
190060414,14982
190107173,14983
190116805,14984
190141122,14985
190166457,14986
190171995,14987
190198898,14988
190303790,14989
190385892,14990
190386270,14991
190394297,14992
190397567,14993
190474010,14994
190479433,14995
190521502,14996
190589983,14997
190624477,14998
190634978,14999
190640054,15000
190648628,15001
190649207,15002
190665466,15003
190749021,15004
190751640,15005
190794403,15006
190833637,15007
190834848,15008
190841794,15009
190878120,15010
190882561,15011
190902226,15012
190906886,15013
190917032,15014
190932580,15015
190935308,15016
190988390,15017
190991783,15018
190994678,15019
191044973,15020
191050844,15021
191052555,15022
191145431,15023
191146381,15024
191156383,15025
191168789,15026
191181271,15027
191187653,15028
191230176,15029
191231615,15030
191324405,15031
191465652,15032
191470198,15033
191481687,15034
191525714,15035
191538028,15036
191560629,15037
191578187,15038
191586195,15039
191625659,15040
191642480,15041
191662607,15042
191674808,15043
191687013,15044
191718320,15045
191723646,15046
191726716,15047
191732846,15048
191733680,15049
191752561,15050
191788429,15051
191828335,15052
191843163,15053
191878130,15054
191882907,15055
191900858,15056
191915936,15057
191964162,15058
191985034,15059
191994422,15060
192021130,15061
192077908,15062
192078832,15063
192114576,15064
192115751,15065
192134304,15066
192154650,15067
192170281,15068
192180562,15069
192242727,15070
192251135,15071
192273660,15072
192281072,15073
192284402,15074
192284990,15075
192290479,15076
192308563,15077
192310870,15078
192324533,15079
192327852,15080
192338224,15081
192339330,15082
192383724,15083
192385616,15084
192392840,15085
192450756,15086
192452944,15087
192471714,15088
192475948,15089
192477353,15090
192477899,15091
192497109,15092
192517432,15093
192549862,15094
192562638,15095
192564834,15096
192577529,15097
192618107,15098
192620272,15099
192645563,15100
192659552,15101
192772220,15102
192788707,15103
192824559,15104
192833883,15105
192847677,15106
192860255,15107
192861406,15108
192867959,15109
192935576,15110
192959969,15111
192990889,15112
193020076,15113
193046238,15114
193047634,15115
193048446,15116
193061543,15117
193107288,15118
193114114,15119
193142537,15120
193146881,15121
193156404,15122
193158901,15123
193160510,15124
193171372,15125
193217620,15126
193345593,15127
193350690,15128
193353562,15129
193389879,15130
193455181,15131
193471040,15132
193481669,15133
193495294,15134
193534481,15135
193667532,15136
193727931,15137
193735230,15138
193741009,15139
193745675,15140
193770030,15141
193885779,15142
193927910,15143
193957006,15144
193974407,15145
193976920,15146
194008664,15147
194160226,15148
194166475,15149
194168904,15150
194257013,15151
194319474,15152
194392309,15153
194402686,15154
194416995,15155
194474998,15156
194489115,15157
194556077,15158
194602724,15159
194605392,15160
194615561,15161
194619305,15162
194675626,15163
194679037,15164
194697518,15165
194723611,15166
194783596,15167
194792466,15168
194800038,15169
194861298,15170
194861751,15171
194870705,15172
194934206,15173
194999034,15174
195018069,15175
195050540,15176
195060501,15177
195082648,15178
195092572,15179
195093453,15180
195093971,15181
195149147,15182
195195397,15183
195247895,15184
195277295,15185
195288276,15186
195309217,15187
195438621,15188
195463549,15189
195492448,15190
195501662,15191
195511567,15192
195529742,15193
195584040,15194
195592714,15195
195608649,15196
195698288,15197
195699945,15198
195766432,15199
195828459,15200
195856289,15201
195877405,15202
195884129,15203
195899568,15204
195913626,15205
195928439,15206
195928930,15207
195971292,15208
195989000,15209
196001502,15210
196004099,15211
196019242,15212
196065002,15213
196076919,15214
196095515,15215
196131520,15216
196138324,15217
196219174,15218
196220287,15219
196220366,15220
196237607,15221
196263260,15222
196309536,15223
196328720,15224
196355126,15225
196377526,15226
196386026,15227
196396684,15228
196413442,15229
196421395,15230
196424951,15231
196558787,15232
196588912,15233
196603626,15234
196607761,15235
196621716,15236
196681973,15237
196711520,15238
196724330,15239
196742085,15240
196748791,15241
196776192,15242
196784160,15243
196799962,15244
196802928,15245
196808117,15246
196808663,15247
196843409,15248
196844292,15249
196848112,15250
196871565,15251
196887503,15252
196901828,15253
196935951,15254
196955617,15255
196968882,15256
197074546,15257
197158238,15258
197184097,15259
197202744,15260
197208738,15261
197237293,15262
197237850,15263
197245674,15264
197247416,15265
197250976,15266
197268306,15267
197399871,15268
197400340,15269
197404857,15270
197434794,15271
197447489,15272
197465389,15273
197504894,15274
197510927,15275
197572882,15276
197614427,15277
197618272,15278
197686515,15279
197691139,15280
197707580,15281
197730319,15282
197823320,15283
197836665,15284
197838315,15285
197874262,15286
197884528,15287
197894713,15288
197941442,15289
197949343,15290
197951462,15291
197951938,15292
198000227,15293
198013389,15294
198030170,15295
198115412,15296
198130772,15297
198133520,15298
198135857,15299
198175790,15300
198214801,15301
198251155,15302
198275668,15303
198277041,15304
198293600,15305
198311557,15306
198318985,15307
198347274,15308
198353532,15309
198378468,15310
198393228,15311
198393807,15312
198430298,15313
198458941,15314
198522187,15315
198553539,15316
198554300,15317
198574639,15318
198629740,15319
198634013,15320
198659102,15321
198660058,15322
198686176,15323
198730266,15324
198752267,15325
198771331,15326
198773267,15327
198776337,15328
198878889,15329
198882651,15330
198892733,15331
198945680,15332
198958324,15333
199056422,15334
199065159,15335
199074666,15336
199075675,15337
199106795,15338
199171261,15339
199262539,15340
199298876,15341
199310931,15342
199329271,15343
199383157,15344
199387685,15345
199426090,15346
199431678,15347
199438730,15348
199462863,15349
199474789,15350
199479685,15351
199511022,15352
199566104,15353
199601800,15354
199644072,15355
199687007,15356
199768203,15357
199786308,15358
199875709,15359
199878285,15360
199878972,15361
199911547,15362
199921283,15363
199924232,15364
200039921,15365
200111864,15366
200157835,15367
200163987,15368
200221121,15369
200246789,15370
200249089,15371
200252684,15372
200256030,15373
200287080,15374
200291506,15375
200310403,15376
200323262,15377
200405440,15378
200408167,15379
200458717,15380
200470479,15381
200566906,15382
200570825,15383
200599429,15384
200641413,15385
200728114,15386
200757425,15387
200772597,15388
200780461,15389
200818199,15390
200883695,15391
200889942,15392
200916841,15393
200917575,15394
200918966,15395
200931850,15396
200950782,15397
200984653,15398
200987647,15399
201019969,15400
201055715,15401
201072329,15402
201089065,15403
201094304,15404
201115775,15405
201164872,15406
201185778,15407
201291142,15408
201295178,15409
201414281,15410
201424009,15411
201474545,15412
201523963,15413
201581280,15414
201605196,15415
201615084,15416
201624521,15417
201631665,15418
201654967,15419
201706841,15420
201757835,15421
201763268,15422
201807701,15423
201888905,15424
201892272,15425
201908553,15426
201917424,15427
201941831,15428
201948493,15429
201955340,15430
201961406,15431
202007411,15432
202015880,15433
202032733,15434
202035230,15435
202081522,15436
202102332,15437
202108171,15438
202231963,15439
202317378,15440
202348789,15441
202367059,15442
202391273,15443
202450737,15444
202464838,15445
202487646,15446
202526651,15447
202550900,15448
202641539,15449
202665828,15450
202729390,15451
202740010,15452
202749033,15453
202767138,15454
202783281,15455
202828284,15456
202871626,15457
202899095,15458
202924780,15459
202928032,15460
202953468,15461
202955982,15462
202991265,15463
203015069,15464
203049905,15465
203058745,15466
203101116,15467
203129830,15468
203282679,15469
203318842,15470
203351820,15471
203392330,15472
203406677,15473
203420670,15474
203480163,15475
203596023,15476
203610289,15477
203650771,15478
203686518,15479
203741053,15480
203753200,15481
203756288,15482
203764459,15483
203765012,15484
203766466,15485
203779185,15486
203820154,15487
203832581,15488
203858294,15489
203920646,15490
203924042,15491
203946124,15492
203957378,15493
203971002,15494
204041176,15495
204176679,15496
204195016,15497
204246297,15498
204286569,15499
204332636,15500
204339253,15501
204357254,15502
204366650,15503
204437035,15504
204473104,15505
204473453,15506
204506226,15507
204507042,15508
204512162,15509
204513279,15510
204527555,15511
204546104,15512
204584481,15513
204622967,15514
204655436,15515
204662121,15516
204695729,15517
204708144,15518
204713195,15519
204759328,15520
204876816,15521
204879937,15522
204947822,15523
204949773,15524
204971234,15525
204971411,15526
205005376,15527
205024182,15528
205037761,15529
205112845,15530
205114550,15531
205167764,15532
205212782,15533
205309206,15534
205313916,15535
205358513,15536
205371115,15537
205423730,15538
205463662,15539
205472863,15540
205552290,15541
205594654,15542
205749184,15543
205749679,15544
205776964,15545
205782980,15546
205825388,15547
205825760,15548
205856158,15549
205898723,15550
205971568,15551
206001072,15552
206007284,15553
206177288,15554
206222507,15555
206240343,15556
206240822,15557
206264653,15558
206296789,15559
206363288,15560
206378244,15561
206395751,15562
206497807,15563
206637018,15564
206761126,15565
206822202,15566
206850624,15567
206861756,15568
206866876,15569
206916171,15570
206923789,15571
206926808,15572
206947937,15573
206954366,15574
206962580,15575
206986373,15576
207023127,15577
207025940,15578
207048040,15579
207072407,15580
207096336,15581
207190379,15582
207194690,15583
207195764,15584
207219685,15585
207243013,15586
207249457,15587
207315640,15588
207420832,15589
207476676,15590
207536489,15591
207556085,15592
207629702,15593
207643022,15594
207723647,15595
207736439,15596
207747027,15597
207870237,15598
207960037,15599
207998356,15600
208062089,15601
208072082,15602
208083510,15603
208106589,15604
208132243,15605
208183501,15606
208268910,15607
208313311,15608
208348058,15609
208464973,15610
208503203,15611
208530458,15612
208539732,15613
208687054,15614
208708147,15615
208717703,15616
208761056,15617
208774900,15618
208802651,15619
208817573,15620
208832486,15621
208915850,15622
209006288,15623
209022611,15624
209104203,15625
209118806,15626
209119186,15627
209162449,15628
209214809,15629
209281868,15630
209327707,15631
209384739,15632
209424013,15633
209462363,15634
209485077,15635
209492408,15636
209509499,15637
209583038,15638
209649750,15639
209681820,15640
209693451,15641
209779014,15642
209805409,15643
209833543,15644
209836925,15645
209867017,15646
209975068,15647
210041243,15648
210042380,15649
210132376,15650
210181440,15651
210198155,15652
210225623,15653
210301753,15654
210320351,15655
210404805,15656
210407329,15657
210408678,15658
210445310,15659
210496949,15660
210501383,15661
210533386,15662
210549655,15663
210572035,15664
210650966,15665
210696685,15666
210713704,15667
210731338,15668
210755379,15669
210766152,15670
210842251,15671
210852616,15672
210876091,15673
210903693,15674
210903736,15675
210931600,15676
210933487,15677
210949307,15678
210954755,15679
210975355,15680
210978450,15681
210987957,15682
211022465,15683
211068552,15684
211078812,15685
211139459,15686
211168538,15687
211181482,15688
211197275,15689
211215801,15690
211240427,15691
211244672,15692
211250583,15693
211270184,15694
211314817,15695
211316788,15696
211337437,15697
211337962,15698
211345057,15699
211354013,15700
211357616,15701
211392062,15702
211421505,15703
211522604,15704
211565054,15705
211609545,15706
211650474,15707
211658593,15708
211664193,15709
211685069,15710
211757198,15711
211757224,15712
211787112,15713
211793802,15714
211833250,15715
211845114,15716
211851247,15717
211893561,15718
211923993,15719
211944197,15720
211976977,15721
211990186,15722
211991773,15723
212004524,15724
212005511,15725
212022478,15726
212023751,15727
212049293,15728
212090602,15729
212099695,15730
212101327,15731
212118891,15732
212144618,15733
212190472,15734
212226464,15735
212226707,15736
212273141,15737
212333257,15738
212355386,15739
212369811,15740
212375106,15741
212375556,15742
212376833,15743
212407188,15744
212447681,15745
212463932,15746
212467143,15747
212573765,15748
212611209,15749
212636771,15750
212659149,15751
212709818,15752
212717146,15753
212747657,15754
212767499,15755
212820561,15756
212869669,15757
212920746,15758
212992600,15759
212995238,15760
213038249,15761
213049574,15762
213053408,15763
213093786,15764
213112792,15765
213118052,15766
213164880,15767
213170240,15768
213265367,15769
213299391,15770
213305012,15771
213377803,15772
213382429,15773
213383260,15774
213426853,15775
213441672,15776
213459419,15777
213482836,15778
213487450,15779
213518581,15780
213523807,15781
213530957,15782
213619808,15783
213654644,15784
213689248,15785
213738287,15786
213738479,15787
213739179,15788
213758743,15789
213803022,15790
213815227,15791
213854107,15792
213946606,15793
214012525,15794
214075458,15795
214212538,15796
214276223,15797
214282086,15798
214287190,15799
214350355,15800
214462611,15801
214492262,15802
214528184,15803
214531763,15804
214545665,15805
214613061,15806
214629375,15807
214661016,15808
214666814,15809
214676382,15810
214772694,15811
214783740,15812
214809773,15813
214823989,15814
214826770,15815
214870593,15816
214928029,15817
214988427,15818
215026562,15819
215045056,15820
215058742,15821
215080779,15822
215106897,15823
215112498,15824
215114587,15825
215154964,15826
215176618,15827
215187427,15828
215324299,15829
215337932,15830
215340751,15831
215391643,15832
215404049,15833
215419121,15834
215420082,15835
215422921,15836
215446790,15837
215460413,15838
215469936,15839
215494875,15840
215501705,15841
215530028,15842
215584201,15843
215626965,15844
215650354,15845
215651500,15846
215681136,15847
215694182,15848
215698358,15849
215698464,15850
215740708,15851
215785356,15852
215819896,15853
215835289,15854
215838228,15855
215838451,15856
215844595,15857
215845542,15858
215877896,15859
215912525,15860
215972771,15861
215977337,15862
216004690,15863
216009521,15864
216123608,15865
216149245,15866
216172986,15867
216181900,15868
216194646,15869
216195586,15870
216202531,15871
216205864,15872
216222620,15873
216314224,15874
216353343,15875
216371472,15876
216391818,15877
216418476,15878
216490217,15879
216534004,15880
216540175,15881
216542945,15882
216580328,15883
216587627,15884
216588075,15885
216588227,15886
216596667,15887
216685162,15888
216690872,15889
216696903,15890
216786228,15891
216842005,15892
216843028,15893
216873394,15894
216910124,15895
216936448,15896
216940049,15897
216941569,15898
216962147,15899
216970647,15900
217011685,15901
217041753,15902
217044098,15903
217065361,15904
217071524,15905
217081467,15906
217099144,15907
217100313,15908
217106184,15909
217118762,15910
217132971,15911
217137252,15912
217159658,15913
217178177,15914
217228739,15915
217240185,15916
217319730,15917
217334909,15918
217415964,15919
217466020,15920
217475446,15921
217501588,15922
217553611,15923
217574712,15924
217575068,15925
217621198,15926
217636081,15927
217647725,15928
217658103,15929
217721596,15930
217735834,15931
217736893,15932
217761175,15933
217763570,15934
217765262,15935
217835091,15936
217841136,15937
217841225,15938
217844974,15939
217869888,15940
217875132,15941
217895850,15942
217963787,15943
217990551,15944
218016194,15945
218071484,15946
218082596,15947
218103035,15948
218103870,15949
218113799,15950
218141673,15951
218150364,15952
218170218,15953
218181901,15954
218198303,15955
218235012,15956
218263902,15957
218264094,15958
218268434,15959
218308653,15960
218325695,15961
218333534,15962
218349794,15963
218360927,15964
218376100,15965
218437884,15966
218460252,15967
218460854,15968
218468492,15969
218488996,15970
218543604,15971
218561237,15972
218644989,15973
218657077,15974
218693450,15975
218700898,15976
218703158,15977
218733638,15978
218769867,15979
218770703,15980
218789497,15981
218886900,15982
218950537,15983
218998888,15984
219046548,15985
219106305,15986
219129886,15987
219174716,15988
219219891,15989
219270696,15990
219275752,15991
219284591,15992
219290077,15993
219308335,15994
219324012,15995
219346361,15996
219363734,15997
219407768,15998
219433169,15999
219434634,16000
219458297,16001
219481588,16002
219494355,16003
219507091,16004
219513135,16005
219527748,16006
219528155,16007
219533695,16008
219550381,16009
219573302,16010
219612457,16011
219695094,16012
219725893,16013
219743512,16014
219801485,16015
219815857,16016
219855077,16017
219901979,16018
219938410,16019
220064417,16020
220138198,16021
220147721,16022
220174558,16023
220175178,16024
220181900,16025
220185960,16026
220200390,16027
220251523,16028
220268011,16029
220296482,16030
220316822,16031
220325634,16032
220333492,16033
220347418,16034
220421513,16035
220448118,16036
220455907,16037
220501973,16038
220521841,16039
220543970,16040
220545998,16041
220554859,16042
220561543,16043
220567341,16044
220571192,16045
220584725,16046
220595687,16047
220607874,16048
220622700,16049
220666490,16050
220684302,16051
220701283,16052
220711416,16053
220728454,16054
220738193,16055
220758999,16056
220761683,16057
220780151,16058
220787573,16059
220804856,16060
220839016,16061
220869345,16062
220887201,16063
220999033,16064
221048788,16065
221087913,16066
221094833,16067
221095990,16068
221131190,16069
221172589,16070
221173706,16071
221187948,16072
221244943,16073
221249442,16074
221261103,16075
221310328,16076
221343092,16077
221355278,16078
221373945,16079
221377926,16080
221379136,16081
221445245,16082
221446154,16083
221464120,16084
221477190,16085
221480978,16086
221549972,16087
221572094,16088
221601990,16089
221605542,16090
221615955,16091
221617309,16092
221629004,16093
221634221,16094
221642866,16095
221645556,16096
221662501,16097
221707278,16098
221728295,16099
221738977,16100
221787828,16101
221797981,16102
221849623,16103
221857030,16104
221858891,16105
221885825,16106
221904561,16107
221922162,16108
221936306,16109
222063257,16110
222069643,16111
222184684,16112
222195944,16113
222209701,16114
222249131,16115
222251803,16116
222255161,16117
222277032,16118
222296669,16119
222298405,16120
222299436,16121
222311219,16122
222330021,16123
222387441,16124
222519463,16125
222532228,16126
222543480,16127
222555063,16128
222565697,16129
222591212,16130
222604534,16131
222630806,16132
222635853,16133
222648594,16134
222652844,16135
222702513,16136
222739854,16137
222751498,16138
222790841,16139
222857041,16140
222861547,16141
222890922,16142
222896783,16143
222898254,16144
222905502,16145
222919523,16146
222919657,16147
222939157,16148
222971837,16149
222987791,16150
223053601,16151
223064245,16152
223103249,16153
223139146,16154
223145087,16155
223148638,16156
223169828,16157
223222950,16158
223230865,16159
223247584,16160
223261264,16161
223292822,16162
223308396,16163
223311925,16164
223347719,16165
223366417,16166
223382695,16167
223394685,16168
223404071,16169
223452041,16170
223460381,16171
223521875,16172
223537162,16173
223585757,16174
223664682,16175
223684911,16176
223701551,16177
223719518,16178
223722450,16179
223727072,16180
223795086,16181
223848421,16182
223885276,16183
223911503,16184
223932036,16185
223942424,16186
223959315,16187
223989188,16188
224017331,16189
224042726,16190
224045043,16191
224073436,16192
224118311,16193
224142783,16194
224157141,16195
224194361,16196
224251617,16197
224259678,16198
224281922,16199
224287567,16200
224314313,16201
224349882,16202
224363878,16203
224368528,16204
224389684,16205
224406294,16206
224445341,16207
224448199,16208
224459010,16209
224480202,16210
224490392,16211
224572401,16212
224623891,16213
224662017,16214
224700804,16215
224712100,16216
224716163,16217
224724262,16218
224743471,16219
224786514,16220
224790874,16221
224833414,16222
224846009,16223
225051864,16224
225071374,16225
225074758,16226
225113410,16227
225127770,16228
225137296,16229
225141634,16230
225204200,16231
225225591,16232
225234162,16233
225238649,16234
225247821,16235
225259663,16236
225288490,16237
225305428,16238
225389081,16239
225423130,16240
225509593,16241
225528385,16242
225647802,16243
225659955,16244
225733872,16245
225809911,16246
225838288,16247
225851785,16248
225898001,16249
225914779,16250
225919096,16251
225927333,16252
225937279,16253
225938201,16254
225941406,16255
225973025,16256
225974941,16257
225981680,16258
225984313,16259
226021206,16260
226022475,16261
226039921,16262
226110292,16263
226181458,16264
226190948,16265
226231926,16266
226249905,16267
226253646,16268
226292436,16269
226299861,16270
226301654,16271
226325216,16272
226328417,16273
226429939,16274
226475070,16275
226530650,16276
226578282,16277
226588487,16278
226599809,16279
226650243,16280
226666835,16281
226723035,16282
226758704,16283
226772224,16284
226778874,16285
226804984,16286
226813337,16287
226829072,16288
226830039,16289
226832386,16290
226835460,16291
226841523,16292
226861806,16293
226997507,16294
227034516,16295
227035616,16296
227045837,16297
227046077,16298
227051316,16299
227110281,16300
227207302,16301
227210401,16302
227259371,16303
227307359,16304
227373977,16305
227452515,16306
227469180,16307
227470672,16308
227474177,16309
227481257,16310
227492991,16311
227517044,16312
227594086,16313
227598323,16314
227626926,16315
227706590,16316
227714088,16317
227735117,16318
227747475,16319
227751371,16320
227763857,16321
227782710,16322
227786262,16323
227790813,16324
227827584,16325
227863215,16326
227915391,16327
227919540,16328
227959448,16329
228066656,16330
228070052,16331
228071871,16332
228073841,16333
228079998,16334
228120405,16335
228134082,16336
228178028,16337
228241158,16338
228263334,16339
228303095,16340
228529107,16341
228596812,16342
228622419,16343
228636108,16344
228658817,16345
228692084,16346
228760949,16347
228791219,16348
228795466,16349
228833947,16350
228837823,16351
228858969,16352
228897638,16353
228900535,16354
228924029,16355
228934489,16356
228944118,16357
228989699,16358
229010922,16359
229018858,16360
229043182,16361
229055095,16362
229089644,16363
229091508,16364
229109494,16365
229133070,16366
229152282,16367
229193461,16368
229219271,16369
229240650,16370
229246026,16371
229278838,16372
229279570,16373
229300739,16374
229351073,16375
229375146,16376
229413105,16377
229557927,16378
229575933,16379
229581444,16380
229588028,16381
229607765,16382
229612091,16383
229701797,16384
229732637,16385
229745643,16386
229755721,16387
229772108,16388
229782585,16389
229829024,16390
229869159,16391
229880203,16392
229943686,16393
229962623,16394
229968262,16395
229977733,16396
229994594,16397
230109085,16398
230139931,16399
230190181,16400
230215895,16401
230239231,16402
230258531,16403
230292140,16404
230319124,16405
230345431,16406
230348811,16407
230349218,16408
230368695,16409
230413447,16410
230425273,16411
230442970,16412
230462730,16413
230470681,16414
230474638,16415
230491270,16416
230511076,16417
230527949,16418
230547681,16419
230597340,16420
230606311,16421
230626935,16422
230787751,16423
230835464,16424
230854228,16425
230857405,16426
230859523,16427
230911697,16428
230971152,16429
231017507,16430
231106460,16431
231131287,16432
231136927,16433
231141004,16434
231147596,16435
231147632,16436
231149558,16437
231156134,16438
231202247,16439
231211233,16440
231233414,16441
231240046,16442
231418072,16443
231457138,16444
231481550,16445
231516441,16446
231519012,16447
231580158,16448
231586864,16449
231630139,16450
231645698,16451
231671462,16452
231685932,16453
231690243,16454
231701821,16455
231720660,16456
231741116,16457
231759882,16458
231788997,16459
231843348,16460
231843528,16461
231862478,16462
231868810,16463
231919224,16464
231923959,16465
231934950,16466
231966106,16467
231999806,16468
232023677,16469
232023726,16470
232032971,16471
232065105,16472
232065638,16473
232089089,16474
232100126,16475
232272651,16476
232283817,16477
232314072,16478
232337280,16479
232342165,16480
232343093,16481
232359185,16482
232383294,16483
232401756,16484
232423311,16485
232434406,16486
232438419,16487
232450395,16488
232498445,16489
232553434,16490
232554813,16491
232567890,16492
232616152,16493
232641815,16494
232678279,16495
232686680,16496
232696109,16497
232698161,16498
232729443,16499
232731795,16500
232738519,16501
232762256,16502
232797727,16503
232800759,16504
232818407,16505
232825443,16506
232851192,16507
232852197,16508
232867511,16509
232898716,16510
232906667,16511
232928567,16512
232961878,16513
232972471,16514
232992063,16515
233021323,16516
233022924,16517
233033031,16518
233036681,16519
233036755,16520
233048867,16521
233050948,16522
233052530,16523
233057970,16524
233125781,16525
233206043,16526
233225729,16527
233256599,16528
233265302,16529
233291124,16530
233332419,16531
233353201,16532
233364268,16533
233371718,16534
233406174,16535
233428813,16536
233450784,16537
233464339,16538
233484761,16539
233492112,16540
233512461,16541
233524417,16542
233526336,16543
233574116,16544
233577630,16545
233589731,16546
233630245,16547
233674239,16548
233699515,16549
233714307,16550
233749323,16551
233795908,16552
233796631,16553
233807561,16554
233853114,16555
233861094,16556
233865322,16557
233912642,16558
233943541,16559
233956495,16560
234078455,16561
234134301,16562
234149479,16563
234206636,16564
234249840,16565
234314688,16566
234333247,16567
234333956,16568
234369856,16569
234388164,16570
234390175,16571
234408814,16572
234420101,16573
234422267,16574
234445788,16575
234490054,16576
234493785,16577
234505253,16578
234566026,16579
234584396,16580
234594569,16581
234607890,16582
234614709,16583
234632070,16584
234664374,16585
234721611,16586
234776279,16587
234777963,16588
234789656,16589
234827422,16590
234889461,16591
234906388,16592
234922003,16593
234938123,16594
234952675,16595
234959059,16596
234982918,16597
235008491,16598
235010336,16599
235016269,16600
235049256,16601
235073391,16602
235080531,16603
235082515,16604
235093099,16605
235119199,16606
235180031,16607
235255071,16608
235263452,16609
235299164,16610
235335697,16611
235336394,16612
235341992,16613
235363375,16614
235368297,16615
235378058,16616
235475262,16617
235616715,16618
235645732,16619
235708122,16620
235727653,16621
235749248,16622
235781585,16623
235784026,16624
235798561,16625
235821962,16626
235887538,16627
235910137,16628
235913362,16629
235984637,16630
235993465,16631
236013676,16632
236024432,16633
236028801,16634
236033238,16635
236041640,16636
236051664,16637
236053664,16638
236068771,16639
236091020,16640
236096252,16641
236117938,16642
236130126,16643
236157220,16644
236157681,16645
236159783,16646
236182540,16647
236201944,16648
236205140,16649
236209053,16650
236234619,16651
236245685,16652
236251346,16653
236254464,16654
236291706,16655
236306490,16656
236384338,16657
236409572,16658
236435465,16659
236446264,16660
236466533,16661
236481275,16662
236506960,16663
236531222,16664
236531771,16665
236541060,16666
236604244,16667
236616812,16668
236622220,16669
236633350,16670
236638818,16671
236644373,16672
236654550,16673
236657933,16674
236670373,16675
236681060,16676
236686775,16677
236711630,16678
236720059,16679
236807135,16680
236842564,16681
236848916,16682
236885978,16683
236924921,16684
236969684,16685
237000688,16686
237005737,16687
237009252,16688
237010090,16689
237042229,16690
237060482,16691
237081476,16692
237095026,16693
237103462,16694
237132351,16695
237170334,16696
237176561,16697
237196527,16698
237321959,16699
237357499,16700
237388308,16701
237442866,16702
237459440,16703
237464759,16704
237519983,16705
237553206,16706
237572596,16707
237590127,16708
237605806,16709
237606548,16710
237609418,16711
237619353,16712
237627069,16713
237716736,16714
237803487,16715
237824213,16716
237826721,16717
237826797,16718
237844587,16719
237856729,16720
237867427,16721
237867548,16722
237872824,16723
237903360,16724
237908532,16725
237917478,16726
237922816,16727
237935600,16728
237969174,16729
237998444,16730
238008404,16731
238015192,16732
238016347,16733
238031393,16734
238053459,16735
238056622,16736
238072908,16737
238089588,16738
238093903,16739
238121797,16740
238140979,16741
238149021,16742
238185002,16743
238206704,16744
238240426,16745
238243129,16746
238243650,16747
238254399,16748
238261737,16749
238264312,16750
238310433,16751
238384492,16752
238390191,16753
238434243,16754
238446684,16755
238486480,16756
238533275,16757
238588553,16758
238617719,16759
238725230,16760
238744876,16761
238774699,16762
238812679,16763
238839246,16764
238840923,16765
238847679,16766
238873872,16767
238889919,16768
238962950,16769
238979395,16770
239011652,16771
239022058,16772
239024483,16773
239025975,16774
239026022,16775
239032386,16776
239042058,16777
239058345,16778
239070299,16779
239075153,16780
239120230,16781
239123755,16782
239145704,16783
239164917,16784
239177784,16785
239187507,16786
239206012,16787
239223445,16788
239235827,16789
239244397,16790
239278615,16791
239314598,16792
239354724,16793
239378797,16794
239390009,16795
239405582,16796
239431784,16797
239446051,16798
239447788,16799
239454337,16800
239510568,16801
239534258,16802
239584872,16803
239631590,16804
239650277,16805
239664892,16806
239669443,16807
239672340,16808
239704355,16809
239718570,16810
239730558,16811
239767815,16812
239798864,16813
239810130,16814
239812123,16815
239861114,16816
239919359,16817
239939002,16818
239944381,16819
239958055,16820
239968105,16821
239973813,16822
239986921,16823
240050993,16824
240071839,16825
240076272,16826
240078196,16827
240078297,16828
240128112,16829
240133940,16830
240140895,16831
240195134,16832
240218892,16833
240307168,16834
240398458,16835
240403394,16836
240428366,16837
240433192,16838
240461789,16839
240517810,16840
240522361,16841
240569648,16842
240573327,16843
240577959,16844
240619680,16845
240658286,16846
240684576,16847
240697075,16848
240706344,16849
240710359,16850
240714345,16851
240736735,16852
240779356,16853
240786249,16854
240786405,16855
240811692,16856
240844032,16857
240846142,16858
240870634,16859
240871793,16860
240890205,16861
240909573,16862
240912819,16863
240924718,16864
240974612,16865
240980548,16866
241010611,16867
241042196,16868
241094572,16869
241137360,16870
241243770,16871
241315546,16872
241321690,16873
241325000,16874
241384833,16875
241404207,16876
241413656,16877
241416314,16878
241445436,16879
241554041,16880
241556253,16881
241559936,16882
241567641,16883
241583780,16884
241596594,16885
241634539,16886
241640955,16887
241643059,16888
241645838,16889
241665167,16890
241670381,16891
241686766,16892
241707692,16893
241721501,16894
241732378,16895
241745677,16896
241760841,16897
241761444,16898
241776007,16899
241776425,16900
241814302,16901
241835623,16902
241842130,16903
241869859,16904
241887636,16905
241909273,16906
241911612,16907
241914343,16908
241991356,16909
241998119,16910
242034981,16911
242051914,16912
242092101,16913
242098153,16914
242133106,16915
242158119,16916
242160695,16917
242162556,16918
242163353,16919
242177417,16920
242179567,16921
242187070,16922
242202957,16923
242209377,16924
242213303,16925
242220171,16926
242271358,16927
242299173,16928
242313129,16929
242344936,16930
242359437,16931
242362588,16932
242386429,16933
242414823,16934
242424404,16935
242434448,16936
242438723,16937
242453146,16938
242553885,16939
242557507,16940
242560122,16941
242566940,16942
242603484,16943
242618658,16944
242670355,16945
242786620,16946
242810232,16947
242837035,16948
242849343,16949
242857633,16950
242956610,16951
242999257,16952
243002940,16953
243106576,16954
243110407,16955
243204426,16956
243239754,16957
243270104,16958
243280033,16959
243317260,16960
243360473,16961
243406396,16962
243445867,16963
243447325,16964
243457916,16965
243483845,16966
243485895,16967
243508972,16968
243523342,16969
243561593,16970
243604153,16971
243665968,16972
243727546,16973
243728695,16974
243767432,16975
243779163,16976
243787041,16977
243790466,16978
243820533,16979
243825867,16980
243838186,16981
243844542,16982
243853236,16983
243885695,16984
243889154,16985
243904257,16986
243912778,16987
243913354,16988
243926925,16989
243935801,16990
243944758,16991
243950136,16992
243966637,16993
244006546,16994
244014087,16995
244103481,16996
244104483,16997
244130179,16998
244148986,16999
244167280,17000
244200716,17001
244204448,17002
244278473,17003
244282220,17004
244284784,17005
244285364,17006
244296807,17007
244313779,17008
244316028,17009
244335323,17010
244360818,17011
244366948,17012
244372434,17013
244386853,17014
244387058,17015
244459746,17016
244481539,17017
244495276,17018
244506954,17019
244600462,17020
244612220,17021
244618091,17022
244644500,17023
244650352,17024
244691681,17025
244713857,17026
244761539,17027
244762376,17028
244786295,17029
244801695,17030
244806580,17031
244957467,17032
245027277,17033
245051131,17034
245054002,17035
245061296,17036
245071650,17037
245076551,17038
245085632,17039
245095184,17040
245095589,17041
245113259,17042
245115142,17043
245132693,17044
245143138,17045
245152061,17046
245183440,17047
245193794,17048
245195415,17049
245198007,17050
245206300,17051
245227914,17052
245279357,17053
245327879,17054
245370629,17055
245410644,17056
245420909,17057
245433514,17058
245440446,17059
245490072,17060
245493432,17061
245571248,17062
245577571,17063
245584506,17064
245605402,17065
245611376,17066
245623341,17067
245637898,17068
245662599,17069
245679006,17070
245683175,17071
245688940,17072
245692067,17073
245696966,17074
245715723,17075
245824772,17076
245826618,17077
245854696,17078
245858954,17079
245870559,17080
245903685,17081
245908084,17082
245914548,17083
245945573,17084
245960120,17085
245960759,17086
246031455,17087
246073821,17088
246082925,17089
246099017,17090
246130270,17091
246179810,17092
246237498,17093
246263154,17094
246328632,17095
246351909,17096
246353996,17097
246360602,17098
246380932,17099
246437514,17100
246442346,17101
246458133,17102
246459523,17103
246464031,17104
246478084,17105
246498459,17106
246510978,17107
246516753,17108
246561854,17109
246572123,17110
246574430,17111
246586554,17112
246614123,17113
246626431,17114
246626600,17115
246629993,17116
246632852,17117
246643481,17118
246672896,17119
246781104,17120
246786046,17121
246799109,17122
246821477,17123
246833006,17124
246836841,17125
246839759,17126
246864626,17127
246904991,17128
246930965,17129
246933664,17130
246936092,17131
246970040,17132
246978371,17133
246983237,17134
246987051,17135
247011084,17136
247063474,17137
247074287,17138
247077264,17139
247083832,17140
247085616,17141
247090731,17142
247096313,17143
247104369,17144
247106193,17145
247124972,17146
247130062,17147
247142244,17148
247149061,17149
247188859,17150
247203598,17151
247269447,17152
247280008,17153
247284540,17154
247331528,17155
247365671,17156
247365870,17157
247379602,17158
247389048,17159
247438302,17160
247448070,17161
247456877,17162
247462147,17163
247463414,17164
247469284,17165
247483243,17166
247486291,17167
247499461,17168
247503994,17169
247509401,17170
247536068,17171
247537502,17172
247573203,17173
247593285,17174
247594030,17175
247600647,17176
247616852,17177
247631603,17178
247688649,17179
247724651,17180
247733485,17181
247742109,17182
247749454,17183
247767778,17184
247779260,17185
247780538,17186
247789660,17187
247823276,17188
247825721,17189
247832627,17190
247839504,17191
247857400,17192
247865078,17193
247869627,17194
247870043,17195
247878466,17196
247890102,17197
247903672,17198
247918432,17199
247926573,17200
247932090,17201
247946711,17202
247990878,17203
247991761,17204
248001170,17205
248003377,17206
248021167,17207
248052290,17208
248058235,17209
248067666,17210
248078279,17211
248081452,17212
248093850,17213
248095178,17214
248154131,17215
248192138,17216
248241187,17217
248245274,17218
248301226,17219
248334784,17220
248355830,17221
248377262,17222
248383985,17223
248387897,17224
248404755,17225
248405654,17226
248419931,17227
248433251,17228
248446275,17229
248446764,17230
248447552,17231
248467487,17232
248471826,17233
248493206,17234
248499803,17235
248500584,17236
248554472,17237
248573944,17238
248614768,17239
248668138,17240
248689477,17241
248705558,17242
248730082,17243
248760067,17244
248794070,17245
248807469,17246
248815543,17247
248820485,17248
248828790,17249
248836888,17250
248839551,17251
248841973,17252
248846329,17253
248885435,17254
248886145,17255
248962529,17256
248977382,17257
248997594,17258
249046098,17259
249075294,17260
249076129,17261
249130717,17262
249145345,17263
249314511,17264
249339178,17265
249356850,17266
249376437,17267
249412877,17268
249416179,17269
249423370,17270
249427725,17271
249442064,17272
249456891,17273
249458442,17274
249470823,17275
249476380,17276
249501261,17277
249517982,17278
249520507,17279
249523622,17280
249562894,17281
249634320,17282
249737870,17283
249739782,17284
249758109,17285
249761195,17286
249811702,17287
249831868,17288
249844021,17289
249849206,17290
249862335,17291
249867587,17292
249895896,17293
249993359,17294
249996688,17295
250057361,17296
250132805,17297
250169138,17298
250178611,17299
250179296,17300
250254713,17301
250266762,17302
250302521,17303
250304361,17304
250331241,17305
250350825,17306
250356925,17307
250391179,17308
250393818,17309
250447400,17310
250453629,17311
250489882,17312
250559094,17313
250559935,17314
250596169,17315
250606094,17316
250609733,17317
250617372,17318
250648296,17319
250652357,17320
250691621,17321
250694584,17322
250751050,17323
250762488,17324
250772493,17325
250800317,17326
250820335,17327
250846420,17328
250852478,17329
250867830,17330
250884116,17331
250890730,17332
250892558,17333
250922286,17334
250922773,17335
250924566,17336
250926368,17337
250928313,17338
250940553,17339
250941178,17340
250945953,17341
250952877,17342
250980065,17343
250985183,17344
250994156,17345
251006358,17346
251033111,17347
251049960,17348
251227686,17349
251240567,17350
251275638,17351
251318959,17352
251368087,17353
251389219,17354
251405261,17355
251407688,17356
251495714,17357
251497683,17358
251503357,17359
251514168,17360
251580955,17361
251584824,17362
251589959,17363
251625760,17364
251635353,17365
251673226,17366
251725641,17367
251733488,17368
251769890,17369
251787256,17370
251860692,17371
251869642,17372
251890175,17373
251895228,17374
251906338,17375
251913645,17376
251944805,17377
251975625,17378
252018122,17379
252024725,17380
252031098,17381
252109448,17382
252130818,17383
252214938,17384
252228208,17385
252265794,17386
252281503,17387
252286074,17388
252351846,17389
252360345,17390
252379903,17391
252396772,17392
252399584,17393
252410156,17394
252413764,17395
252414606,17396
252441393,17397
252448322,17398
252563308,17399
252572821,17400
252578331,17401
252613589,17402
252629056,17403
252632103,17404
252665573,17405
252667299,17406
252691849,17407
252705970,17408
252714778,17409
252750506,17410
252758720,17411
252764352,17412
252784105,17413
252793957,17414
252849514,17415
252849630,17416
252862299,17417
252868465,17418
252899711,17419
252911204,17420
252935742,17421
252941860,17422
252956372,17423
252969400,17424
252996826,17425
253029288,17426
253094628,17427
253104706,17428
253110749,17429
253180598,17430
253200966,17431
253231935,17432
253235747,17433
253324083,17434
253343991,17435
253350396,17436
253378857,17437
253412422,17438
253425732,17439
253429965,17440
253475484,17441
253508578,17442
253528339,17443
253539245,17444
253542956,17445
253565404,17446
253579824,17447
253609091,17448
253615698,17449
253647516,17450
253653624,17451
253657453,17452
253681200,17453
253682453,17454
253682818,17455
253715482,17456
253716821,17457
253773734,17458
253794321,17459
253796653,17460
253813547,17461
253831605,17462
253843359,17463
253890312,17464
253910519,17465
253975355,17466
253982809,17467
254071691,17468
254111354,17469
254139668,17470
254153994,17471
254232727,17472
254274566,17473
254295200,17474
254314758,17475
254321337,17476
254340945,17477
254360291,17478
254410443,17479
254427395,17480
254427846,17481
254459773,17482
254463619,17483
254507476,17484
254536058,17485
254566067,17486
254568373,17487
254605832,17488
254621612,17489
254623751,17490
254624520,17491
254640977,17492
254641701,17493
254654418,17494
254722004,17495
254782044,17496
254801729,17497
254803029,17498
254810831,17499
254831099,17500
254855062,17501
254878608,17502
254928498,17503
254983400,17504
255045754,17505
255115569,17506
255140367,17507
255157662,17508
255161667,17509
255178006,17510
255188029,17511
255194862,17512
255204868,17513
255204989,17514
255224764,17515
255236525,17516
255258790,17517
255260251,17518
255299170,17519
255320357,17520
255323152,17521
255339880,17522
255353415,17523
255354721,17524
255359266,17525
255379838,17526
255396891,17527
255438599,17528
255485505,17529
255487684,17530
255503283,17531
255515762,17532
255518850,17533
255531287,17534
255562603,17535
255567266,17536
255596636,17537
255598712,17538
255619152,17539
255624128,17540
255624509,17541
255678392,17542
255696250,17543
255713483,17544
255715668,17545
255730745,17546
255753616,17547
255766685,17548
255809182,17549
255826721,17550
255830406,17551
255850501,17552
255870596,17553
256016779,17554
256030428,17555
256056927,17556
256090534,17557
256114765,17558
256116855,17559
256120649,17560
256149483,17561
256164218,17562
256180339,17563
256227283,17564
256228444,17565
256251578,17566
256272084,17567
256315222,17568
256335470,17569
256352644,17570
256358298,17571
256365699,17572
256377677,17573
256406564,17574
256442158,17575
256447590,17576
256478435,17577
256537201,17578
256540769,17579
256561425,17580
256564632,17581
256607182,17582
256630970,17583
256657493,17584
256747148,17585
256756487,17586
256770081,17587
256780309,17588
256796227,17589
256808924,17590
256848763,17591
256893948,17592
256920152,17593
256931024,17594
257028825,17595
257051588,17596
257086746,17597
257087417,17598
257089367,17599
257097574,17600
257104363,17601
257163755,17602
257167304,17603
257221975,17604
257234986,17605
257246987,17606
257259174,17607
257269240,17608
257286362,17609
257288289,17610
257296023,17611
257311636,17612
257338042,17613
257385815,17614
257413163,17615
257451685,17616
257485018,17617
257524541,17618
257532700,17619
257541443,17620
257542968,17621
257556099,17622
257572049,17623
257586817,17624
257642282,17625
257644524,17626
257659532,17627
257663572,17628
257671283,17629
257688632,17630
257712160,17631
257719552,17632
257725804,17633
257747854,17634
257771123,17635
257799014,17636
257902291,17637
257912242,17638
257939308,17639
257944088,17640
257948318,17641
258003603,17642
258003948,17643
258015760,17644
258022817,17645
258056480,17646
258068164,17647
258098942,17648
258102381,17649
258110800,17650
258116855,17651
258124090,17652
258133070,17653
258143430,17654
258153625,17655
258206601,17656
258207411,17657
258218412,17658
258222288,17659
258327208,17660
258345849,17661
258369565,17662
258390144,17663
258406532,17664
258415882,17665
258441987,17666
258444301,17667
258453560,17668
258460545,17669
258486708,17670
258487230,17671
258487523,17672
258495831,17673
258503626,17674
258512942,17675
258515525,17676
258522479,17677
258546925,17678
258556299,17679
258562863,17680
258571171,17681
258581867,17682
258601561,17683
258620653,17684
258621582,17685
258630990,17686
258715753,17687
258720422,17688
258721942,17689
258730076,17690
258768180,17691
258795526,17692
258871381,17693
258914140,17694
258921256,17695
258924643,17696
258942340,17697
258949002,17698
258951531,17699
259004150,17700
259016540,17701
259055530,17702
259069560,17703
259094582,17704
259101741,17705
259110425,17706
259116232,17707
259121785,17708
259158439,17709
259165405,17710
259216668,17711
259240479,17712
259283033,17713
259307956,17714
259327246,17715
259422932,17716
259431224,17717
259479299,17718
259484027,17719
259490160,17720
259490295,17721
259493865,17722
259501984,17723
259504944,17724
259521361,17725
259551083,17726
259556866,17727
259568477,17728
259604307,17729
259626002,17730
259631097,17731
259638703,17732
259668413,17733
259724375,17734
259734719,17735
259748646,17736
259762827,17737
259767294,17738
259771758,17739
259772698,17740
259796910,17741
259828665,17742
259831952,17743
259836373,17744
259837999,17745
259839167,17746
259846474,17747
259856497,17748
259905611,17749
259914866,17750
259919575,17751
259956008,17752
259975235,17753
260004845,17754
260011898,17755
260034564,17756
260056284,17757
260088866,17758
260250983,17759
260256256,17760
260261650,17761
260290494,17762
260294903,17763
260315410,17764
260337897,17765
260344345,17766
260371791,17767
260396191,17768
260405123,17769
260423311,17770
260423766,17771
260433141,17772
260445516,17773
260466698,17774
260472169,17775
260472649,17776
260476938,17777
260479074,17778
260482492,17779
260491287,17780
260500102,17781
260503264,17782
260532670,17783
260539130,17784
260547585,17785
260561149,17786
260617280,17787
260625138,17788
260669899,17789
260676675,17790
260724365,17791
260765152,17792
260797558,17793
260830319,17794
260848405,17795
260858243,17796
260893861,17797
260950582,17798
260971393,17799
260981660,17800
260986004,17801
260987312,17802
260988275,17803
260996730,17804
261000330,17805
261011750,17806
261015924,17807
261023298,17808
261028336,17809
261067607,17810
261067821,17811
261098344,17812
261109532,17813
261121712,17814
261239594,17815
261241269,17816
261241914,17817
261258404,17818
261271811,17819
261290132,17820
261298200,17821
261300530,17822
261301549,17823
261313792,17824
261354197,17825
261410698,17826
261422623,17827
261453316,17828
261481127,17829
261485439,17830
261558942,17831
261589142,17832
261606476,17833
261650975,17834
261669717,17835
261717433,17836
261749735,17837
261751772,17838
261778311,17839
261785513,17840
261820038,17841
261860576,17842
261874355,17843
261878609,17844
261883253,17845
261885912,17846
261890244,17847
261896094,17848
261898283,17849
261954157,17850
261968316,17851
261984622,17852
261996306,17853
261998773,17854
261999994,17855
262006623,17856
262006767,17857
262017422,17858
262038458,17859
262055891,17860
262106232,17861
262171016,17862
262222386,17863
262244948,17864
262260281,17865
262287141,17866
262289564,17867
262302919,17868
262338851,17869
262354239,17870
262356098,17871
262364442,17872
262403030,17873
262407071,17874
262413133,17875
262443528,17876
262446762,17877
262449393,17878
262476027,17879
262486400,17880
262497561,17881
262529562,17882
262529998,17883
262536473,17884
262564507,17885
262565865,17886
262574548,17887
262604582,17888
262632204,17889
262637172,17890
262637416,17891
262645364,17892
262673898,17893
262722623,17894
262727114,17895
262797056,17896
262802030,17897
262822001,17898
262842167,17899
262874335,17900
262874791,17901
262880856,17902
262887351,17903
262907133,17904
262933121,17905
262937983,17906
262950797,17907
262956788,17908
262970305,17909
262977869,17910
262993329,17911
263081053,17912
263127079,17913
263140849,17914
263189199,17915
263203020,17916
263215798,17917
263232325,17918
263236736,17919
263250930,17920
263260261,17921
263267053,17922
263277930,17923
263282373,17924
263285930,17925
263286412,17926
263310414,17927
263334494,17928
263351710,17929
263353542,17930
263357889,17931
263394041,17932
263437991,17933
263445982,17934
263456911,17935
263465449,17936
263466153,17937
263504882,17938
263515257,17939
263549577,17940
263567272,17941
263605161,17942
263647843,17943
263691341,17944
263696280,17945
263711547,17946
263719323,17947
263738417,17948
263742207,17949
263744019,17950
263748985,17951
263779628,17952
263783303,17953
263810192,17954
263845974,17955
263861118,17956
263898875,17957
263901093,17958
263913649,17959
263918520,17960
263940105,17961
263961264,17962
263981499,17963
263984652,17964
263997401,17965
264002185,17966
264021343,17967
264021763,17968
264055112,17969
264106525,17970
264121807,17971
264125211,17972
264154911,17973
264219232,17974
264228574,17975
264234073,17976
264240017,17977
264241703,17978
264265349,17979
264281786,17980
264303725,17981
264307945,17982
264378209,17983
264416172,17984
264429757,17985
264430130,17986
264433397,17987
264433738,17988
264459346,17989
264470355,17990
264471233,17991
264473217,17992
264477947,17993
264478693,17994
264505369,17995
264524772,17996
264530860,17997
264530903,17998
264538768,17999
264582867,18000
264602695,18001
264602990,18002
264615319,18003
264622904,18004
264674811,18005
264714213,18006
264743219,18007
264777440,18008
264790339,18009
264809415,18010
264818028,18011
264818472,18012
264833204,18013
264861120,18014
264882189,18015
264912292,18016
264934534,18017
264935205,18018
264968788,18019
264975755,18020
265015694,18021
265023700,18022
265038305,18023
265046851,18024
265055804,18025
265056090,18026
265141734,18027
265156087,18028
265209095,18029
265222131,18030
265235618,18031
265291533,18032
265355375,18033
265357673,18034
265370647,18035
265523983,18036
265528430,18037
265562974,18038
265577363,18039
265585098,18040
265595133,18041
265599500,18042
265616989,18043
265630025,18044
265640539,18045
265643851,18046
265648560,18047
265668274,18048
265669039,18049
265669119,18050
265679230,18051
265682863,18052
265731379,18053
265741475,18054
265762996,18055
265789133,18056
265790061,18057
265802408,18058
265810456,18059
265816027,18060
265859160,18061
265891500,18062
265936127,18063
266034084,18064
266042375,18065
266056967,18066
266066911,18067
266069798,18068
266084123,18069
266130366,18070
266134679,18071
266194815,18072
266257325,18073
266269231,18074
266285257,18075
266323731,18076
266326338,18077
266329564,18078
266411591,18079
266453538,18080
266490351,18081
266515505,18082
266692436,18083
266707347,18084
266745041,18085
266769897,18086
266785694,18087
266787145,18088
266834489,18089
266877392,18090
266894776,18091
266944076,18092
267004350,18093
267121768,18094
267127699,18095
267130225,18096
267215715,18097
267273345,18098
267314748,18099
267341402,18100
267402292,18101
267427590,18102
267443407,18103
267450101,18104
267472012,18105
267484328,18106
267493385,18107
267505636,18108
267576766,18109
267618648,18110
267649862,18111
267734684,18112
267876755,18113
267919171,18114
267959196,18115
267997873,18116
268001440,18117
268028222,18118
268103782,18119
268106481,18120
268119784,18121
268217115,18122
268265145,18123
268281388,18124
268316617,18125
268381299,18126
268392945,18127
268396056,18128
268416076,18129
268430514,18130
268447398,18131
268458687,18132
268459801,18133
268468151,18134
268472612,18135
268509462,18136
268528496,18137
268529448,18138
268582226,18139
268602677,18140
268610103,18141
268643072,18142
268648764,18143
268651352,18144
268658326,18145
268705284,18146
268708941,18147
268760442,18148
268795404,18149
268824309,18150
268834499,18151
268866184,18152
268897811,18153
268931953,18154
268944410,18155
268950254,18156
268958952,18157
268959807,18158
268982264,18159
268987258,18160
268992090,18161
269000185,18162
269002959,18163
269030135,18164
269039889,18165
269047828,18166
269053571,18167
269083771,18168
269093020,18169
269112578,18170
269112897,18171
269166475,18172
269180141,18173
269236212,18174
269251877,18175
269260941,18176
269324002,18177
269327724,18178
269331271,18179
269372444,18180
269415575,18181
269458560,18182
269477975,18183
269483469,18184
269488377,18185
269527019,18186
269548763,18187
269556312,18188
269567535,18189
269579558,18190
269587592,18191
269611109,18192
269636688,18193
269638428,18194
269682975,18195
269707248,18196
269798459,18197
269830089,18198
269841892,18199
269868105,18200
269913457,18201
269937035,18202
269952698,18203
269992592,18204
269999156,18205
270005847,18206
270033967,18207
270037521,18208
270054566,18209
270064609,18210
270065574,18211
270068926,18212
270110659,18213
270132503,18214
270134005,18215
270134766,18216
270157220,18217
270178676,18218
270185161,18219
270198651,18220
270291255,18221
270294818,18222
270318415,18223
270339848,18224
270342173,18225
270350378,18226
270388220,18227
270419323,18228
270449368,18229
270470351,18230
270493064,18231
270506707,18232
270527635,18233
270528803,18234
270535444,18235
270566112,18236
270580898,18237
270592193,18238
270597181,18239
270654731,18240
270669135,18241
270678917,18242
270679302,18243
270896638,18244
270921976,18245
271012721,18246
271033788,18247
271043095,18248
271116428,18249
271146912,18250
271202803,18251
271219403,18252
271361465,18253
271376732,18254
271445418,18255
271445539,18256
271449035,18257
271471917,18258
271527132,18259
271583195,18260
271594814,18261
271599911,18262
271623975,18263
271653296,18264
271688185,18265
271689049,18266
271707766,18267
271710717,18268
271731298,18269
271745440,18270
271748914,18271
271778278,18272
271828234,18273
271845117,18274
271851676,18275
271862580,18276
271877059,18277
271891522,18278
271985447,18279
272046568,18280
272058310,18281
272059064,18282
272074464,18283
272107373,18284
272110718,18285
272112035,18286
272114651,18287
272133230,18288
272135343,18289
272143344,18290
272197257,18291
272209086,18292
272215586,18293
272247146,18294
272290840,18295
272431268,18296
272470658,18297
272497924,18298
272498358,18299
272513948,18300
272515214,18301
272558204,18302
272559329,18303
272614288,18304
272623752,18305
272647002,18306
272647669,18307
272652866,18308
272686311,18309
272707617,18310
272725014,18311
272731670,18312
272748593,18313
272762553,18314
272803161,18315
272832064,18316
272893842,18317
272900217,18318
272916348,18319
272933031,18320
272962444,18321
273004536,18322
273007428,18323
273033104,18324
273044294,18325
273048084,18326
273066222,18327
273076432,18328
273098660,18329
273120131,18330
273121006,18331
273128203,18332
273134568,18333
273137032,18334
273145067,18335
273160040,18336
273190130,18337
273201959,18338
273208287,18339
273226864,18340
273272299,18341
273286736,18342
273320527,18343
273381689,18344
273456262,18345
273457099,18346
273493031,18347
273511632,18348
273538195,18349
273559768,18350
273583154,18351
273615598,18352
273683993,18353
273690857,18354
273728236,18355
273736627,18356
273835279,18357
273970953,18358
274003668,18359
274017531,18360
274037776,18361
274056868,18362
274082001,18363
274089351,18364
274090663,18365
274101032,18366
274104261,18367
274109576,18368
274109636,18369
274116692,18370
274132260,18371
274137533,18372
274181756,18373
274217373,18374
274235911,18375
274256927,18376
274293092,18377
274305077,18378
274313134,18379
274326052,18380
274356048,18381
274367522,18382
274369740,18383
274422511,18384
274499137,18385
274578952,18386
274593553,18387
274594136,18388
274643645,18389
274677405,18390
274714964,18391
274721866,18392
274728329,18393
274730101,18394
274745997,18395
274752125,18396
274784680,18397
274801586,18398
274815570,18399
274860597,18400
274898227,18401
274974275,18402
275070847,18403
275140479,18404
275182314,18405
275182746,18406
275190051,18407
275192959,18408
275203940,18409
275225477,18410
275236960,18411
275265029,18412
275274156,18413
275290209,18414
275309715,18415
275361193,18416
275370021,18417
275385770,18418
275391682,18419
275398360,18420
275450877,18421
275479815,18422
275506593,18423
275537685,18424
275560424,18425
275571850,18426
275576581,18427
275593193,18428
275593518,18429
275656335,18430
275667043,18431
275673712,18432
275702843,18433
275786654,18434
275793321,18435
275829938,18436
275831401,18437
275841919,18438
275858835,18439
275865778,18440
275895426,18441
275896693,18442
275942684,18443
275978340,18444
276042643,18445
276064146,18446
276098876,18447
276101670,18448
276133075,18449
276167994,18450
276177748,18451
276219460,18452
276232462,18453
276236551,18454
276256917,18455
276291140,18456
276314571,18457
276315844,18458
276322611,18459
276327472,18460
276333489,18461
276344121,18462
276371508,18463
276411368,18464
276486392,18465
276487098,18466
276593781,18467
276612675,18468
276736426,18469
276746114,18470
276761860,18471
276778145,18472
276798390,18473
276821234,18474
276852709,18475
276943235,18476
276944655,18477
276951697,18478
277049262,18479
277100433,18480
277125802,18481
277127538,18482
277155798,18483
277170191,18484
277202090,18485
277232613,18486
277244828,18487
277250820,18488
277252106,18489
277271875,18490
277284281,18491
277298383,18492
277317752,18493
277321993,18494
277427279,18495
277489977,18496
277561227,18497
277583684,18498
277599621,18499
277615289,18500
277621522,18501
277667753,18502
277670569,18503
277677696,18504
277693671,18505
277803075,18506
277805535,18507
277806281,18508
277810122,18509
277820757,18510
277839283,18511
277851432,18512
277953340,18513
277988466,18514
278031338,18515
278034056,18516
278067533,18517
278076899,18518
278115412,18519
278163334,18520
278163796,18521
278166174,18522
278173474,18523
278209386,18524
278216480,18525
278239075,18526
278259997,18527
278260486,18528
278273713,18529
278287343,18530
278298218,18531
278303858,18532
278312335,18533
278347742,18534
278355610,18535
278359239,18536
278371048,18537
278475170,18538
278484532,18539
278596403,18540
278606253,18541
278611815,18542
278618766,18543
278622949,18544
278642216,18545
278653664,18546
278689621,18547
278732719,18548
278738896,18549
278754801,18550
278788267,18551
278831995,18552
278877240,18553
278906213,18554
278911059,18555
278942345,18556
278952009,18557
278959290,18558
279046390,18559
279089944,18560
279161633,18561
279164084,18562
279167748,18563
279223008,18564
279305936,18565
279307376,18566
279319442,18567
279336292,18568
279358548,18569
279365347,18570
279372169,18571
279373238,18572
279390084,18573
279456474,18574
279487631,18575
279537326,18576
279552717,18577
279598938,18578
279626362,18579
279631074,18580
279682329,18581
279711788,18582
279748443,18583
279756555,18584
279845041,18585
279897589,18586
279926277,18587
279947219,18588
279979572,18589
280002450,18590
280004096,18591
280012239,18592
280082481,18593
280124040,18594
280150633,18595
280174142,18596
280207553,18597
280232379,18598
280235341,18599
280235505,18600
280242927,18601
280288703,18602
280290282,18603
280295391,18604
280296220,18605
280308260,18606
280325877,18607
280327542,18608
280342053,18609
280366068,18610
280380521,18611
280385318,18612
280414048,18613
280543667,18614
280565930,18615
280591508,18616
280608208,18617
280668353,18618
280669637,18619
280727266,18620
280801747,18621
280845307,18622
280848603,18623
280981852,18624
280983491,18625
280995147,18626
281044905,18627
281187680,18628
281217356,18629
281223410,18630
281271932,18631
281289457,18632
281348378,18633
281352321,18634
281408254,18635
281438037,18636
281478547,18637
281528958,18638
281550388,18639
281551999,18640
281553826,18641
281582041,18642
281633649,18643
281658183,18644
281683913,18645
281685471,18646
281713841,18647
281763585,18648
281765208,18649
281868875,18650
281909297,18651
281944135,18652
282039907,18653
282084650,18654
282129255,18655
282130537,18656
282185214,18657
282197143,18658
282205800,18659
282214329,18660
282220110,18661
282220986,18662
282222542,18663
282229087,18664
282237994,18665
282262613,18666
282280254,18667
282285361,18668
282311572,18669
282327115,18670
282345393,18671
282396597,18672
282402573,18673
282411225,18674
282470727,18675
282538556,18676
282538742,18677
282559382,18678
282584884,18679
282619022,18680
282646825,18681
282661231,18682
282692509,18683
282692943,18684
282694449,18685
282754891,18686
282774517,18687
282798838,18688
282843732,18689
282869930,18690
282870534,18691
282894960,18692
282900362,18693
282916183,18694
282934402,18695
282952052,18696
282977213,18697
282997669,18698
283036293,18699
283095702,18700
283131773,18701
283161337,18702
283178993,18703
283181938,18704
283209928,18705
283216107,18706
283252768,18707
283259361,18708
283322548,18709
283322739,18710
283325390,18711
283327937,18712
283332456,18713
283344665,18714
283367152,18715
283398831,18716
283409293,18717
283503568,18718
283521806,18719
283540365,18720
283541310,18721
283582930,18722
283597404,18723
283601779,18724
283665953,18725
283677281,18726
283751510,18727
283762958,18728
283778292,18729
283778315,18730
283840407,18731
283857061,18732
283874033,18733
283969398,18734
283990393,18735
284023943,18736
284033773,18737
284065462,18738
284139213,18739
284150833,18740
284165022,18741
284165844,18742
284174585,18743
284185853,18744
284198134,18745
284215399,18746
284299035,18747
284302555,18748
284320807,18749
284335995,18750
284354446,18751
284435952,18752
284466007,18753
284593915,18754
284597383,18755
284664841,18756
284665513,18757
284738545,18758
284757922,18759
284792949,18760
284807619,18761
284863257,18762
284867700,18763
284904035,18764
284932485,18765
284955639,18766
284956311,18767
284992056,18768
285010107,18769
285031178,18770
285111689,18771
285115706,18772
285115742,18773
285176380,18774
285203188,18775
285209933,18776
285223900,18777
285252939,18778
285262454,18779
285266820,18780
285268038,18781
285301510,18782
285306823,18783
285311534,18784
285321357,18785
285326164,18786
285419176,18787
285431621,18788
285456479,18789
285456693,18790
285518399,18791
285560338,18792
285642943,18793
285688893,18794
285693924,18795
285698168,18796
285699947,18797
285706984,18798
285714880,18799
285721037,18800
285761256,18801
285762679,18802
285774192,18803
285778237,18804
285850407,18805
285889372,18806
285892657,18807
285902442,18808
285940706,18809
285966062,18810
285979891,18811
286098464,18812
286112742,18813
286167111,18814
286204279,18815
286217515,18816
286270116,18817
286409041,18818
286426953,18819
286479483,18820
286494380,18821
286496698,18822
286504640,18823
286520967,18824
286572925,18825
286599152,18826
286647464,18827
286672011,18828
286672707,18829
286708292,18830
286814298,18831
286909655,18832
286934289,18833
286942658,18834
286971499,18835
286997050,18836
287008429,18837
287125448,18838
287137520,18839
287183523,18840
287227960,18841
287238488,18842
287253220,18843
287258893,18844
287275623,18845
287382547,18846
287384149,18847
287402395,18848
287407796,18849
287420311,18850
287423191,18851
287445749,18852
287449762,18853
287463881,18854
287475793,18855
287495410,18856
287505023,18857
287553097,18858
287603937,18859
287607044,18860
287623077,18861
287705816,18862
287725642,18863
287770977,18864
287792445,18865
287827127,18866
287839361,18867
287855150,18868
287875239,18869
287903865,18870
287918474,18871
287922568,18872
287955883,18873
287977028,18874
288003374,18875
288003905,18876
288022810,18877
288202209,18878
288225116,18879
288337039,18880
288357228,18881
288375328,18882
288426065,18883
288458452,18884
288464933,18885
288480354,18886
288489828,18887
288496146,18888
288509072,18889
288558790,18890
288570973,18891
288610505,18892
288735964,18893
288755234,18894
288768864,18895
288980761,18896
289010563,18897
289027090,18898
289030649,18899
289037952,18900
289041919,18901
289044386,18902
289058999,18903
289072515,18904
289075337,18905
289095172,18906
289114455,18907
289139372,18908
289144130,18909
289155388,18910
289239834,18911
289322631,18912
289402993,18913
289420193,18914
289442042,18915
289444868,18916
289470512,18917
289587754,18918
289596860,18919
289642462,18920
289651483,18921
289679809,18922
289687983,18923
289758664,18924
289836894,18925
289867354,18926
289914953,18927
289921532,18928
289987170,18929
289998339,18930
290026574,18931
290048635,18932
290049970,18933
290097668,18934
290104446,18935
290137961,18936
290142077,18937
290149473,18938
290151060,18939
290179384,18940
290185020,18941
290197802,18942
290225617,18943
290240942,18944
290279712,18945
290286750,18946
290302773,18947
290327004,18948
290348970,18949
290576908,18950
290590259,18951
290613833,18952
290635136,18953
290663732,18954
290686161,18955
290700705,18956
290717995,18957
290720646,18958
290729270,18959
290749657,18960
290765614,18961
290825410,18962
290833868,18963
290846422,18964
290864776,18965
290974198,18966
291041644,18967
291121786,18968
291126048,18969
291170481,18970
291199456,18971
291240985,18972
291300530,18973
291352207,18974
291355529,18975
291387437,18976
291451942,18977
291513787,18978
291515193,18979
291520268,18980
291526240,18981
291536737,18982
291595116,18983
291618552,18984
291651134,18985
291676686,18986
291692380,18987
291725435,18988
291738224,18989
291762449,18990
291789016,18991
291790821,18992
291817975,18993
291821908,18994
291849321,18995
291858587,18996
291911739,18997
291951825,18998
291955320,18999
291963800,19000
291971294,19001
292025806,19002
292034007,19003
292035269,19004
292049108,19005
292105738,19006
292124370,19007
292137928,19008
292147137,19009
292164972,19010
292236129,19011
292263105,19012
292287503,19013
292362121,19014
292369622,19015
292398011,19016
292399450,19017
292405607,19018
292429604,19019
292449583,19020
292490662,19021
292490863,19022
292539089,19023
292552082,19024
292554842,19025
292559322,19026
292572374,19027
292615810,19028
292621036,19029
292629799,19030
292678108,19031
292717138,19032
292720707,19033
292732274,19034
292748987,19035
292929499,19036
292968229,19037
292989907,19038
293028989,19039
293059094,19040
293060523,19041
293069680,19042
293115485,19043
293158668,19044
293171790,19045
293226880,19046
293227742,19047
293247109,19048
293267862,19049
293275271,19050
293292310,19051
293373251,19052
293414925,19053
293420884,19054
293437499,19055
293484547,19056
293558725,19057
293606138,19058
293657019,19059
293711508,19060
293737584,19061
293739906,19062
293753817,19063
293768205,19064
293795974,19065
293797383,19066
293798728,19067
293824826,19068
293835480,19069
293872348,19070
293874075,19071
293932669,19072
293937043,19073
293967375,19074
293985299,19075
294016148,19076
294029747,19077
294054606,19078
294118094,19079
294159241,19080
294184615,19081
294206199,19082
294213625,19083
294241698,19084
294316704,19085
294342805,19086
294425585,19087
294440593,19088
294512589,19089
294559888,19090
294592706,19091
294649454,19092
294722820,19093
294763153,19094
294815264,19095
294819884,19096
294840517,19097
294849140,19098
294918280,19099
294948372,19100
294997219,19101
295049519,19102
295050303,19103
295058041,19104
295083968,19105
295128147,19106
295182359,19107
295232924,19108
295282811,19109
295306387,19110
295309894,19111
295324900,19112
295352031,19113
295364099,19114
295373403,19115
295379018,19116
295395870,19117
295421398,19118
295434058,19119
295454426,19120
295455508,19121
295456035,19122
295463213,19123
295494021,19124
295528893,19125
295537148,19126
295586633,19127
295634567,19128
295655893,19129
295713474,19130
295741919,19131
295747220,19132
295798009,19133
295853377,19134
295883632,19135
295893254,19136
295907337,19137
295925235,19138
295927042,19139
295944969,19140
295945858,19141
295947492,19142
295958871,19143
295966275,19144
295992905,19145
296043409,19146
296070902,19147
296080440,19148
296149019,19149
296156738,19150
296197775,19151
296247479,19152
296289556,19153
296420250,19154
296431804,19155
296442457,19156
296456026,19157
296461403,19158
296481934,19159
296488613,19160
296510802,19161
296520482,19162
296526981,19163
296534388,19164
296542581,19165
296556004,19166
296566746,19167
296571098,19168
296572171,19169
296581620,19170
296585634,19171
296592095,19172
296598651,19173
296674343,19174
296687143,19175
296704143,19176
296831020,19177
296963187,19178
296970231,19179
296985881,19180
297018051,19181
297019861,19182
297078835,19183
297108919,19184
297118732,19185
297120338,19186
297121931,19187
297124473,19188
297125202,19189
297154450,19190
297162274,19191
297171247,19192
297177943,19193
297206307,19194
297235584,19195
297244811,19196
297314683,19197
297316288,19198
297369350,19199
297522335,19200
297534166,19201
297560045,19202
297561618,19203
297575409,19204
297602297,19205
297625395,19206
297666809,19207
297670560,19208
297706661,19209
297759805,19210
297769641,19211
297771685,19212
297800406,19213
297821885,19214
297856618,19215
297861571,19216
297872458,19217
297888212,19218
297940057,19219
298051689,19220
298086439,19221
298106467,19222
298128812,19223
298129388,19224
298134656,19225
298139855,19226
298235383,19227
298265191,19228
298293119,19229
298296407,19230
298311604,19231
298344441,19232
298355436,19233
298370657,19234
298389033,19235
298401282,19236
298407204,19237
298468350,19238
298488764,19239
298532531,19240
298543492,19241
298592330,19242
298605465,19243
298613909,19244
298623412,19245
298647383,19246
298653288,19247
298684315,19248
298707309,19249
298746687,19250
298755899,19251
298768798,19252
298806649,19253
298832120,19254
298856575,19255
298861470,19256
298863768,19257
298885782,19258
298890636,19259
298892265,19260
298907413,19261
298913220,19262
298915257,19263
298944084,19264
299025081,19265
299071087,19266
299188947,19267
299201978,19268
299211533,19269
299220494,19270
299231327,19271
299262442,19272
299306376,19273
299313410,19274
299328684,19275
299336697,19276
299354235,19277
299363783,19278
299364873,19279
299388018,19280
299407029,19281
299441066,19282
299456164,19283
299510729,19284
299525570,19285
299535432,19286
299538553,19287
299684425,19288
299712785,19289
299764235,19290
299850277,19291
299875937,19292
299883816,19293
299897603,19294
299929232,19295
299933943,19296
299959506,19297
299975744,19298
299976006,19299
299983531,19300
300017517,19301
300069227,19302
300128563,19303
300196361,19304
300223956,19305
300243561,19306
300250865,19307
300254302,19308
300352746,19309
300355696,19310
300395095,19311
300400359,19312
300410202,19313
300441989,19314
300456397,19315
300501675,19316
300533440,19317
300558109,19318
300567489,19319
300582416,19320
300620932,19321
300627071,19322
300627318,19323
300642262,19324
300649227,19325
300664575,19326
300667360,19327
300686726,19328
300743365,19329
300916291,19330
300916486,19331
300946000,19332
300980027,19333
300991498,19334
301019006,19335
301031476,19336
301051043,19337
301055281,19338
301057861,19339
301066080,19340
301106449,19341
301117929,19342
301127409,19343
301148961,19344
301151834,19345
301152415,19346
301152588,19347
301172775,19348
301416337,19349
301491557,19350
301491966,19351
301501401,19352
301510626,19353
301528453,19354
301576028,19355
301583686,19356
301621624,19357
301628699,19358
301678265,19359
301692966,19360
301719928,19361
301720197,19362
301727325,19363
301732830,19364
301746653,19365
301764623,19366
301785848,19367
301786169,19368
301808068,19369
301832110,19370
301887900,19371
301904228,19372
301975632,19373
302044030,19374
302072804,19375
302108136,19376
302126707,19377
302174491,19378
302245185,19379
302282885,19380
302346908,19381
302353072,19382
302468166,19383
302473874,19384
302520652,19385
302576226,19386
302593061,19387
302628183,19388
302628587,19389
302630372,19390
302637617,19391
302654778,19392
302697015,19393
302722774,19394
302782926,19395
302783968,19396
302791784,19397
302792162,19398
302796397,19399
302802642,19400
302831340,19401
302834821,19402
302897909,19403
302909935,19404
302925249,19405
302948564,19406
302952726,19407
302991001,19408
303044948,19409
303049154,19410
303245315,19411
303246692,19412
303284227,19413
303291810,19414
303328043,19415
303377578,19416
303396756,19417
303418470,19418
303453769,19419
303462926,19420
303503398,19421
303509880,19422
303525238,19423
303540609,19424
303554946,19425
303567334,19426
303596594,19427
303600732,19428
303680838,19429
303780191,19430
303784902,19431
303883623,19432
303891072,19433
303894415,19434
303912043,19435
303929683,19436
303975005,19437
303982135,19438
303986461,19439
304044439,19440
304061756,19441
304061915,19442
304064510,19443
304067696,19444
304084744,19445
304093602,19446
304118094,19447
304155894,19448
304161911,19449
304271253,19450
304314291,19451
304320455,19452
304361964,19453
304414191,19454
304524331,19455
304535293,19456
304546641,19457
304552170,19458
304615603,19459
304636767,19460
304656975,19461
304680185,19462
304695261,19463
304699384,19464
304710740,19465
304820025,19466
304890233,19467
304897338,19468
305015685,19469
305097702,19470
305140863,19471
305161568,19472
305163847,19473
305170938,19474
305226519,19475
305248807,19476
305256362,19477
305259802,19478
305260266,19479
305267892,19480
305278870,19481
305294287,19482
305353124,19483
305374740,19484
305377584,19485
305378536,19486
305389767,19487
305396473,19488
305405655,19489
305440110,19490
305463035,19491
305547528,19492
305555907,19493
305592297,19494
305614280,19495
305635532,19496
305721432,19497
305736905,19498
305738388,19499
305741988,19500
305779891,19501
305841036,19502
305877707,19503
305894011,19504
305906824,19505
305909204,19506
305923825,19507
305926082,19508
305945007,19509
305956860,19510
305963266,19511
305968774,19512
306010757,19513
306055499,19514
306086158,19515
306187852,19516
306277683,19517
306298215,19518
306309752,19519
306380132,19520
306425324,19521
306461754,19522
306500250,19523
306606134,19524
306658915,19525
306764603,19526
306775013,19527
306803969,19528
306820890,19529
306848694,19530
306862693,19531
306947160,19532
307046478,19533
307047569,19534
307073638,19535
307082186,19536
307085452,19537
307097977,19538
307162507,19539
307194736,19540
307231953,19541
307241367,19542
307257945,19543
307382355,19544
307443106,19545
307452066,19546
307476939,19547
307501105,19548
307504381,19549
307549219,19550
307557334,19551
307586957,19552
307589371,19553
307632165,19554
307729773,19555
307834175,19556
307835686,19557
307837968,19558
307869614,19559
307871413,19560
307887761,19561
307897027,19562
307897150,19563
307914491,19564
307926587,19565
308027512,19566
308039808,19567
308093314,19568
308115950,19569
308125388,19570
308128282,19571
308130306,19572
308142557,19573
308206506,19574
308212534,19575
308222785,19576
308239207,19577
308350555,19578
308376787,19579
308411040,19580
308452798,19581
308464109,19582
308504190,19583
308534014,19584
308604051,19585
308631035,19586
308649125,19587
308659116,19588
308674565,19589
308689041,19590
308698101,19591
308707369,19592
308735907,19593
308751728,19594
308752110,19595
308755335,19596
308759465,19597
308806046,19598
308842626,19599
308850792,19600
308861333,19601
308892843,19602
308935084,19603
308950864,19604
308960563,19605
309013722,19606
309084192,19607
309096225,19608
309117119,19609
309119396,19610
309124612,19611
309172469,19612
309174772,19613
309190582,19614
309213852,19615
309258767,19616
309272232,19617
309288663,19618
309291563,19619
309298818,19620
309302289,19621
309363742,19622
309365680,19623
309450016,19624
309462715,19625
309468987,19626
309522277,19627
309549093,19628
309550090,19629
309558781,19630
309563555,19631
309633440,19632
309634313,19633
309686668,19634
309705204,19635
309713623,19636
309828989,19637
309831357,19638
309866817,19639
309880676,19640
309883345,19641
309916899,19642
309924419,19643
309932400,19644
309967102,19645
309987867,19646
309996513,19647
309998504,19648
310107406,19649
310215185,19650
310297551,19651
310327131,19652
310386044,19653
310406187,19654
310450152,19655
310453664,19656
310486474,19657
310500036,19658
310520485,19659
310530476,19660
310561410,19661
310580364,19662
310580814,19663
310643025,19664
310646058,19665
310659213,19666
310664592,19667
310673548,19668
310673681,19669
310734450,19670
310803032,19671
310814433,19672
310823490,19673
310834224,19674
310855387,19675
310884882,19676
310889423,19677
310953974,19678
310975510,19679
311001818,19680
311028501,19681
311062734,19682
311063214,19683
311078418,19684
311087391,19685
311089947,19686
311124985,19687
311134813,19688
311140916,19689
311162275,19690
311215607,19691
311238068,19692
311265104,19693
311329542,19694
311454097,19695
311516431,19696
311575352,19697
311660957,19698
311679908,19699
311715072,19700
311725623,19701
311746360,19702
311753869,19703
311802418,19704
311806969,19705
311850420,19706
311910862,19707
311925651,19708
311970046,19709
311985113,19710
311987139,19711
312093132,19712
312125259,19713
312149882,19714
312169321,19715
312181724,19716
312189534,19717
312195609,19718
312216288,19719
312226421,19720
312235954,19721
312248392,19722
312253106,19723
312286721,19724
312288868,19725
312294028,19726
312315130,19727
312318161,19728
312328975,19729
312377845,19730
312380031,19731
312386375,19732
312393204,19733
312394656,19734
312425690,19735
312428361,19736
312460999,19737
312469915,19738
312488788,19739
312498793,19740
312517209,19741
312535340,19742
312536557,19743
312616238,19744
312693640,19745
312697726,19746
312705978,19747
312766187,19748
312788738,19749
312800783,19750
312813243,19751
312816046,19752
312817151,19753
312830331,19754
312848382,19755
312920415,19756
312926639,19757
312928239,19758
312980873,19759
312981972,19760
312992503,19761
313003687,19762
313037820,19763
313045356,19764
313047783,19765
313199289,19766
313245549,19767
313246509,19768
313269532,19769
313315283,19770
313381710,19771
313384116,19772
313385516,19773
313430985,19774
313457611,19775
313466972,19776
313483181,19777
313522982,19778
313523444,19779
313528590,19780
313530478,19781
313544910,19782
313565854,19783
313610763,19784
313662919,19785
313790261,19786
313794229,19787
313880777,19788
313886737,19789
314010085,19790
314039274,19791
314088204,19792
314110863,19793
314154529,19794
314226533,19795
314243234,19796
314249532,19797
314276629,19798
314278283,19799
314281034,19800
314295655,19801
314366607,19802
314383232,19803
314489484,19804
314542094,19805
314549689,19806
314561713,19807
314587978,19808
314626465,19809
314653409,19810
314653954,19811
314655658,19812
314660428,19813
314708877,19814
314727413,19815
314731574,19816
314848033,19817
314938066,19818
314970069,19819
314995372,19820
315013806,19821
315013927,19822
315034125,19823
315043608,19824
315057456,19825
315125005,19826
315158621,19827
315161628,19828
315211463,19829
315230262,19830
315274250,19831
315318985,19832
315322107,19833
315331161,19834
315356623,19835
315375291,19836
315388627,19837
315411392,19838
315417642,19839
315461934,19840
315469915,19841
315471220,19842
315478677,19843
315486248,19844
315495725,19845
315535724,19846
315554093,19847
315568252,19848
315588448,19849
315588853,19850
315632199,19851
315672823,19852
315715983,19853
315727967,19854
315794586,19855
315811257,19856
315878798,19857
315890635,19858
315929605,19859
315932718,19860
315934293,19861
315938105,19862
315999545,19863
316001695,19864
316006002,19865
316063051,19866
316086073,19867
316091091,19868
316102811,19869
316161690,19870
316198777,19871
316214456,19872
316217452,19873
316234848,19874
316243773,19875
316251733,19876
316266533,19877
316364374,19878
316376052,19879
316485110,19880
316515570,19881
316516983,19882
316561698,19883
316578266,19884
316628845,19885
316645809,19886
316650289,19887
316659892,19888
316698745,19889
316703756,19890
316783567,19891
316809023,19892
316844043,19893
316853873,19894
316859109,19895
316867211,19896
316875584,19897
316878955,19898
316930595,19899
316938660,19900
317041794,19901
317126349,19902
317159023,19903
317185924,19904
317240857,19905
317250284,19906
317284206,19907
317311169,19908
317313615,19909
317345441,19910
317349214,19911
317377922,19912
317379285,19913
317407860,19914
317437269,19915
317494212,19916
317535301,19917
317537080,19918
317539517,19919
317553973,19920
317590343,19921
317593434,19922
317594462,19923
317650496,19924
317685307,19925
317739087,19926
317745935,19927
317810669,19928
317820092,19929
317823887,19930
317870256,19931
317872664,19932
317889521,19933
317905392,19934
317953343,19935
317975293,19936
318018593,19937
318067233,19938
318088667,19939
318104413,19940
318137429,19941
318160137,19942
318181127,19943
318182225,19944
318184722,19945
318201429,19946
318306731,19947
318358387,19948
318393568,19949
318396135,19950
318516836,19951
318591269,19952
318623052,19953
318654609,19954
318673769,19955
318674873,19956
318721919,19957
318785653,19958
318801865,19959
318824396,19960
318860901,19961
318914055,19962
318985375,19963
319063112,19964
319087703,19965
319212868,19966
319246612,19967
319314644,19968
319320099,19969
319335100,19970
319413666,19971
319499139,19972
319539504,19973
319602785,19974
319719228,19975
319746353,19976
319750177,19977
319823311,19978
319939901,19979
319963230,19980
319971600,19981
319999224,19982
320051025,19983
320171714,19984
320202040,19985
320273518,19986
320309030,19987
320332392,19988
320336393,19989
320371760,19990
320373180,19991
320417046,19992
320421484,19993
320428016,19994
320444148,19995
320451949,19996
320563579,19997
320606661,19998
320629837,19999
320685195,20000
320692744,20001
320792365,20002
320821564,20003
320909953,20004
320927357,20005
320942022,20006
320953655,20007
320987947,20008
321004826,20009
321017239,20010
321024461,20011
321036742,20012
321057940,20013
321065238,20014
321098753,20015
321100992,20016
321120449,20017
321129064,20018
321147022,20019
321197971,20020
321221521,20021
321344466,20022
321386021,20023
321402811,20024
321428477,20025
321453764,20026
321469193,20027
321477858,20028
321487496,20029
321562075,20030
321576546,20031
321594585,20032
321631699,20033
321632766,20034
321713415,20035
321714366,20036
321718358,20037
321797898,20038
321809078,20039
321814909,20040
321822652,20041
321825666,20042
321830367,20043
321834187,20044
321884835,20045
321910185,20046
321915159,20047
321966406,20048
322005490,20049
322033212,20050
322055175,20051
322064312,20052
322065021,20053
322141467,20054
322172161,20055
322173817,20056
322213278,20057
322215564,20058
322221442,20059
322227312,20060
322248883,20061
322281109,20062
322287801,20063
322294159,20064
322310561,20065
322334055,20066
322343019,20067
322365497,20068
322382035,20069
322382057,20070
322382076,20071
322428686,20072
322433564,20073
322459655,20074
322581545,20075
322585854,20076
322748617,20077
322767624,20078
322770373,20079
322783968,20080
322800499,20081
322830988,20082
322831866,20083
322861932,20084
322868425,20085
322874617,20086
322886029,20087
322887463,20088
322919318,20089
322919338,20090
322970605,20091
322996583,20092
323016668,20093
323019977,20094
323029649,20095
323054152,20096
323081613,20097
323087284,20098
323169719,20099
323174064,20100
323219750,20101
323223149,20102
323248050,20103
323262953,20104
323297690,20105
323308707,20106
323348405,20107
323403361,20108
323444881,20109
323459088,20110
323466761,20111
323481433,20112
323494595,20113
323501516,20114
323566100,20115
323569282,20116
323583005,20117
323597894,20118
323600290,20119
323602481,20120
323613077,20121
323642898,20122
323750313,20123
323825179,20124
323859058,20125
323906670,20126
323926139,20127
323976778,20128
323981962,20129
324022501,20130
324041041,20131
324079926,20132
324132906,20133
324255876,20134
324313635,20135
324489515,20136
324498990,20137
324549642,20138
324556492,20139
324598745,20140
324646074,20141
324646399,20142
324658179,20143
324700083,20144
324758703,20145
324758914,20146
324773677,20147
324804140,20148
324869270,20149
324991510,20150
325055078,20151
325062971,20152
325067920,20153
325074587,20154
325082255,20155
325082352,20156
325096098,20157
325109269,20158
325153379,20159
325210048,20160
325221033,20161
325234656,20162
325258622,20163
325275379,20164
325300125,20165
325322643,20166
325326538,20167
325340909,20168
325362634,20169
325366199,20170
325375034,20171
325402221,20172
325434012,20173
325492834,20174
325522438,20175
325589670,20176
325605426,20177
325605699,20178
325649698,20179
325688284,20180
325743258,20181
325745714,20182
325754017,20183
325778113,20184
325780373,20185
325801102,20186
325821060,20187
325829930,20188
325837866,20189
325858493,20190
325862777,20191
325954705,20192
325967450,20193
325991220,20194
325994896,20195
326002618,20196
326021185,20197
326142499,20198
326144186,20199
326158946,20200
326165355,20201
326228723,20202
326282562,20203
326292008,20204
326331611,20205
326435463,20206
326454163,20207
326588935,20208
326709238,20209
326760883,20210
326787724,20211
326834999,20212
326843809,20213
326881221,20214
326892463,20215
326898572,20216
326922872,20217
326928883,20218
326957691,20219
326957730,20220
327020782,20221
327023267,20222
327035063,20223
327041202,20224
327049481,20225
327066932,20226
327070540,20227
327151773,20228
327163949,20229
327207717,20230
327276590,20231
327364221,20232
327376740,20233
327401946,20234
327421828,20235
327462143,20236
327486719,20237
327517506,20238
327574513,20239
327587904,20240
327591515,20241
327596664,20242
327622609,20243
327659422,20244
327715898,20245
327740312,20246
327747363,20247
327774294,20248
327779628,20249
327807937,20250
327808579,20251
327813979,20252
327824219,20253
327836817,20254
327837536,20255
327852701,20256
327904087,20257
327909215,20258
327932987,20259
327989347,20260
328006393,20261
328063384,20262
328072469,20263
328077304,20264
328153464,20265
328166870,20266
328178805,20267
328192735,20268
328204496,20269
328231707,20270
328278834,20271
328281501,20272
328318574,20273
328348616,20274
328388476,20275
328440716,20276
328474622,20277
328493058,20278
328516247,20279
328558687,20280
328582612,20281
328587113,20282
328587289,20283
328640181,20284
328680557,20285
328713434,20286
328741551,20287
328756230,20288
328767427,20289
328803770,20290
328811008,20291
328853975,20292
328868660,20293
328967731,20294
328970110,20295
328996107,20296
329057296,20297
329121956,20298
329137978,20299
329143270,20300
329159493,20301
329189863,20302
329231890,20303
329299147,20304
329337035,20305
329360692,20306
329380833,20307
329415374,20308
329424447,20309
329436810,20310
329487983,20311
329528053,20312
329528202,20313
329594614,20314
329603102,20315
329688737,20316
329697987,20317
329733399,20318
329733689,20319
329768621,20320
329772412,20321
329811848,20322
329811899,20323
329814602,20324
329866228,20325
329903908,20326
329913764,20327
329918977,20328
329930757,20329
329952941,20330
329954688,20331
329965677,20332
329974601,20333
329994866,20334
329995428,20335
329996188,20336
330031635,20337
330033770,20338
330072705,20339
330082856,20340
330123947,20341
330196261,20342
330209036,20343
330216287,20344
330297474,20345
330345252,20346
330367206,20347
330378192,20348
330379931,20349
330410181,20350
330421320,20351
330423403,20352
330474669,20353
330475176,20354
330479499,20355
330488319,20356
330514455,20357
330516195,20358
330533434,20359
330608730,20360
330612486,20361
330614964,20362
330619045,20363
330652241,20364
330652689,20365
330660302,20366
330683679,20367
330740143,20368
330747677,20369
330751600,20370
330759494,20371
330771231,20372
330791418,20373
330799343,20374
330802969,20375
330929071,20376
330929366,20377
331085600,20378
331091013,20379
331096788,20380
331118617,20381
331208130,20382
331219901,20383
331226971,20384
331247872,20385
331283232,20386
331317907,20387
331321229,20388
331377273,20389
331395207,20390
331415060,20391
331419870,20392
331445420,20393
331467423,20394
331498740,20395
331588728,20396
331765307,20397
331767607,20398
331774933,20399
331782160,20400
331835839,20401
331839020,20402
331876293,20403
331877263,20404
331881428,20405
331896275,20406
331930986,20407
331933093,20408
331962799,20409
331983140,20410
332063391,20411
332092056,20412
332103738,20413
332255084,20414
332273258,20415
332326488,20416
332386607,20417
332396536,20418
332405017,20419
332407386,20420
332467285,20421
332491130,20422
332615607,20423
332628815,20424
332644225,20425
332671489,20426
332673100,20427
332677337,20428
332855753,20429
332901077,20430
332906049,20431
332947025,20432
332956813,20433
332969934,20434
332977307,20435
333008130,20436
333014276,20437
333033865,20438
333097344,20439
333162283,20440
333166725,20441
333175470,20442
333187370,20443
333302034,20444
333339861,20445
333343647,20446
333362891,20447
333448575,20448
333478234,20449
333498828,20450
333516450,20451
333556710,20452
333586157,20453
333592773,20454
333598425,20455
333598618,20456
333603060,20457
333630703,20458
333724797,20459
333730820,20460
333761258,20461
333779653,20462
333905246,20463
334028220,20464
334054557,20465
334061163,20466
334075185,20467
334118992,20468
334130885,20469
334183206,20470
334209007,20471
334220117,20472
334282568,20473
334298521,20474
334302021,20475
334310125,20476
334315290,20477
334328131,20478
334358022,20479
334366083,20480
334370532,20481
334385072,20482
334390100,20483
334416116,20484
334440261,20485
334443420,20486
334473333,20487
334572983,20488
334603161,20489
334611796,20490
334632076,20491
334672145,20492
334724807,20493
334751665,20494
334779509,20495
334794443,20496
334805094,20497
334818117,20498
334827175,20499
334837320,20500
334862121,20501
334894965,20502
334910921,20503
334925277,20504
334933170,20505
334949677,20506
334967459,20507
334989151,20508
335003078,20509
335043068,20510
335125444,20511
335140177,20512
335189017,20513
335290307,20514
335301098,20515
335331087,20516
335469402,20517
335500784,20518
335523025,20519
335547885,20520
335552581,20521
335590302,20522
335593781,20523
335600058,20524
335613205,20525
335633380,20526
335663894,20527
335674783,20528
335723181,20529
335773599,20530
335789955,20531
336002124,20532
336017609,20533
336030640,20534
336047662,20535
336049934,20536
336126449,20537
336151524,20538
336208517,20539
336248970,20540
336263077,20541
336326943,20542
336333450,20543
336344015,20544
336354106,20545
336370847,20546
336373814,20547
336417544,20548
336453503,20549
336591073,20550
336614818,20551
336617759,20552
336620313,20553
336648026,20554
336705333,20555
336817498,20556
336826096,20557
336837164,20558
336875312,20559
336908912,20560
336911668,20561
337063382,20562
337079214,20563
337112001,20564
337151599,20565
337156838,20566
337195414,20567
337269856,20568
337277566,20569
337284822,20570
337284868,20571
337346717,20572
337407505,20573
337450924,20574
337473512,20575
337499276,20576
337579065,20577
337580652,20578
337605902,20579
337700329,20580
337744315,20581
337761893,20582
337775193,20583
337838178,20584
337881139,20585
337882103,20586
337925883,20587
337943362,20588
338046959,20589
338091700,20590
338098153,20591
338107445,20592
338147459,20593
338177416,20594
338203930,20595
338203980,20596
338335282,20597
338434313,20598
338486347,20599
338492201,20600
338497119,20601
338542926,20602
338560685,20603
338563496,20604
338573813,20605
338609055,20606
338624412,20607
338634384,20608
338661490,20609
338668205,20610
338729091,20611
338745175,20612
338794637,20613
338801898,20614
338870549,20615
338871700,20616
339001318,20617
339024811,20618
339028650,20619
339070429,20620
339150717,20621
339189139,20622
339246876,20623
339277613,20624
339312080,20625
339379216,20626
339399768,20627
339407677,20628
339429474,20629
339433442,20630
339454396,20631
339483641,20632
339531603,20633
339626649,20634
339685863,20635
339735884,20636
339760532,20637
339760685,20638
339808319,20639
339821963,20640
339831428,20641
339833601,20642
339847349,20643
339847991,20644
339856613,20645
339903277,20646
339916001,20647
339930373,20648
339996197,20649
339997886,20650
340006233,20651
340035746,20652
340112392,20653
340126932,20654
340145013,20655
340189094,20656
340192085,20657
340233416,20658
340400492,20659
340418813,20660
340424460,20661
340435076,20662
340500300,20663
340534889,20664
340540018,20665
340567327,20666
340583683,20667
340599020,20668
340620842,20669
340631796,20670
340633888,20671
340647357,20672
340653125,20673
340663927,20674
340704927,20675
340731128,20676
340732643,20677
340795922,20678
340880465,20679
340934794,20680
340997254,20681
341014415,20682
341027410,20683
341077380,20684
341089607,20685
341098850,20686
341129040,20687
341172121,20688
341206199,20689
341216486,20690
341262285,20691
341330045,20692
341351123,20693
341417046,20694
341491683,20695
341519708,20696
341531198,20697
341546135,20698
341555547,20699
341595533,20700
341598449,20701
341669684,20702
341682889,20703
341739470,20704
341760978,20705
341795241,20706
341807573,20707
341813644,20708
341832312,20709
341909855,20710
341927738,20711
341990306,20712
341991280,20713
341994984,20714
342068459,20715
342075374,20716
342096374,20717
342109221,20718
342116124,20719
342170721,20720
342197977,20721
342286986,20722
342330801,20723
342371254,20724
342379859,20725
342445112,20726
342448878,20727
342487884,20728
342538066,20729
342543432,20730
342715775,20731
342716046,20732
342737639,20733
342750375,20734
342810518,20735
342842050,20736
342843449,20737
342847484,20738
342850237,20739
342864274,20740
342866276,20741
342905307,20742
342927441,20743
342931335,20744
342975429,20745
343003707,20746
343012467,20747
343053993,20748
343107067,20749
343124987,20750
343138314,20751
343218548,20752
343240337,20753
343281243,20754
343297095,20755
343300869,20756
343316069,20757
343410883,20758
343421037,20759
343503831,20760
343571392,20761
343576269,20762
343629567,20763
343657212,20764
343663197,20765
343667635,20766
343676150,20767
343695303,20768
343731477,20769
343758372,20770
343838236,20771
343874764,20772
343946011,20773
343970581,20774
344025877,20775
344030291,20776
344072718,20777
344133845,20778
344140315,20779
344142213,20780
344143221,20781
344153347,20782
344170691,20783
344183143,20784
344272418,20785
344305391,20786
344322726,20787
344347569,20788
344353541,20789
344362966,20790
344371295,20791
344390779,20792
344403569,20793
344427103,20794
344433234,20795
344436884,20796
344567419,20797
344613493,20798
344630177,20799
344687656,20800
344784761,20801
344786265,20802
344811563,20803
344819364,20804
344854154,20805
344872048,20806
344878464,20807
344882852,20808
344915074,20809
344922789,20810
344938512,20811
344952560,20812
345012450,20813
345016420,20814
345019341,20815
345035453,20816
345055220,20817
345094033,20818
345103743,20819
345146685,20820
345148894,20821
345157214,20822
345199749,20823
345248950,20824
345296662,20825
345302515,20826
345451967,20827
345473520,20828
345492829,20829
345495563,20830
345503301,20831
345551240,20832
345556628,20833
345581239,20834
345597000,20835
345613749,20836
345620918,20837
345643533,20838
345646633,20839
345741212,20840
345779327,20841
345935061,20842
345977295,20843
346034498,20844
346037630,20845
346046591,20846
346050918,20847
346053600,20848
346056886,20849
346119883,20850
346159955,20851
346174406,20852
346223029,20853
346240542,20854
346241331,20855
346252532,20856
346257872,20857
346265521,20858
346296674,20859
346307721,20860
346404339,20861
346464500,20862
346494533,20863
346564507,20864
346586015,20865
346649058,20866
346656479,20867
346734453,20868
346761373,20869
346809444,20870
346816712,20871
346848562,20872
346864674,20873
346895457,20874
346946823,20875
346947239,20876
346953062,20877
346954009,20878
346979273,20879
346983331,20880
346993451,20881
346998829,20882
347102184,20883
347119581,20884
347234638,20885
347273754,20886
347291458,20887
347358838,20888
347439368,20889
347440633,20890
347451363,20891
347468570,20892
347472706,20893
347507710,20894
347511105,20895
347557029,20896
347575182,20897
347597562,20898
347613947,20899
347627434,20900
347632274,20901
347634622,20902
347653083,20903
347659913,20904
347662462,20905
347675289,20906
347705219,20907
347720829,20908
347784852,20909
347810094,20910
347838356,20911
347878113,20912
347883924,20913
347887070,20914
347910999,20915
347913941,20916
347925941,20917
347934865,20918
347976255,20919
347994378,20920
348031443,20921
348053524,20922
348065113,20923
348081311,20924
348081518,20925
348087835,20926
348112222,20927
348145308,20928
348174353,20929
348176911,20930
348198509,20931
348234642,20932
348250491,20933
348260706,20934
348264459,20935
348285449,20936
348444792,20937
348454232,20938
348554516,20939
348563389,20940
348585085,20941
348586019,20942
348615816,20943
348661583,20944
348674113,20945
348708316,20946
348771327,20947
348793842,20948
348798196,20949
348837071,20950
348854439,20951
348871628,20952
348877705,20953
348904187,20954
348912060,20955
349022665,20956
349027514,20957
349114009,20958
349137754,20959
349172893,20960
349191901,20961
349222101,20962
349287148,20963
349311304,20964
349349942,20965
349357830,20966
349417983,20967
349436909,20968
349445673,20969
349485852,20970
349562694,20971
349684996,20972
349705545,20973
349708100,20974
349737127,20975
349752126,20976
349789313,20977
349807131,20978
349808261,20979
349818083,20980
349849493,20981
349890148,20982
349977887,20983
349992728,20984
350001555,20985
350011031,20986
350018443,20987
350026841,20988
350050104,20989
350083972,20990
350184577,20991
350261087,20992
350269572,20993
350437162,20994
350451087,20995
350530577,20996
350533834,20997
350573682,20998
350602939,20999
350607758,21000
350643234,21001
350653005,21002
350842716,21003
350886710,21004
350984901,21005
351035273,21006
351042945,21007
351052454,21008
351069243,21009
351120282,21010
351143365,21011
351143962,21012
351145211,21013
351146481,21014
351148925,21015
351175682,21016
351203222,21017
351219612,21018
351226763,21019
351257454,21020
351267504,21021
351334854,21022
351401486,21023
351436914,21024
351440249,21025
351451988,21026
351636456,21027
351646267,21028
351682289,21029
351704053,21030
351709930,21031
351755041,21032
351760710,21033
351781571,21034
351783405,21035
351797806,21036
351806066,21037
351839443,21038
351841723,21039
351850801,21040
351860076,21041
351889123,21042
351922005,21043
351937807,21044
351970906,21045
351978503,21046
351981339,21047
351984175,21048
351992409,21049
352068186,21050
352082451,21051
352090345,21052
352112400,21053
352114937,21054
352132619,21055
352220090,21056
352224324,21057
352241771,21058
352253180,21059
352268473,21060
352318950,21061
352338247,21062
352344479,21063
352366984,21064
352367921,21065
352413205,21066
352470417,21067
352506031,21068
352508648,21069
352518620,21070
352532987,21071
352537278,21072
352537680,21073
352557843,21074
352576995,21075
352580700,21076
352590741,21077
352665664,21078
352707951,21079
352788282,21080
352811341,21081
352939772,21082
353054875,21083
353068595,21084
353086205,21085
353160963,21086
353278974,21087
353338641,21088
353351870,21089
353353761,21090
353365146,21091
353367054,21092
353371272,21093
353385818,21094
353394908,21095
353433777,21096
353442866,21097
353463543,21098
353512839,21099
353616759,21100
353632185,21101
353639489,21102
353670310,21103
353718353,21104
353730821,21105
353754655,21106
353808776,21107
353809276,21108
353812044,21109
353866329,21110
353919244,21111
353936075,21112
353937327,21113
353947967,21114
354024328,21115
354042210,21116
354091301,21117
354143471,21118
354157430,21119
354169582,21120
354244331,21121
354248645,21122
354286833,21123
354330741,21124
354342530,21125
354351479,21126
354379078,21127
354388258,21128
354403476,21129
354440308,21130
354499417,21131
354512623,21132
354550467,21133
354554659,21134
354560400,21135
354562721,21136
354590277,21137
354607358,21138
354631186,21139
354631659,21140
354648791,21141
354678676,21142
354694798,21143
354715811,21144
354726272,21145
354750312,21146
354815071,21147
354873026,21148
354905179,21149
354917016,21150
354931071,21151
354993695,21152
355028519,21153
355038897,21154
355043515,21155
355097344,21156
355105649,21157
355138290,21158
355151947,21159
355265351,21160
355284041,21161
355294317,21162
355310689,21163
355318666,21164
355319908,21165
355336923,21166
355362199,21167
355435964,21168
355485925,21169
355537232,21170
355553730,21171
355583807,21172
355599226,21173
355601652,21174
355753898,21175
355803861,21176
355814143,21177
355866887,21178
355918910,21179
355939225,21180
355949428,21181
355957547,21182
355966817,21183
355984482,21184
356010011,21185
356042036,21186
356074788,21187
356104964,21188
356107883,21189
356133748,21190
356136161,21191
356148846,21192
356162231,21193
356230017,21194
356232538,21195
356246854,21196
356285402,21197
356349317,21198
356360314,21199
356366447,21200
356400407,21201
356446544,21202
356449343,21203
356467723,21204
356500963,21205
356515463,21206
356526176,21207
356547379,21208
356557741,21209
356614120,21210
356761489,21211
356774898,21212
356798407,21213
356856783,21214
356911955,21215
357002686,21216
357019192,21217
357031867,21218
357054203,21219
357056860,21220
357105521,21221
357106582,21222
357109280,21223
357116195,21224
357119903,21225
357197167,21226
357220504,21227
357293749,21228
357296991,21229
357299621,21230
357301268,21231
357311641,21232
357316241,21233
357325035,21234
357376963,21235
357450975,21236
357473383,21237
357524871,21238
357541243,21239
357558195,21240
357574480,21241
357581949,21242
357589247,21243
357597195,21244
357627129,21245
357691869,21246
357713143,21247
357851975,21248
357874482,21249
357877628,21250
357889953,21251
357898394,21252
357898970,21253
357899984,21254
357911113,21255
357919952,21256
357920064,21257
358020429,21258
358080060,21259
358130040,21260
358136120,21261
358145106,21262
358167032,21263
358332333,21264
358357033,21265
358410527,21266
358443187,21267
358501834,21268
358504750,21269
358506497,21270
358557566,21271
358590009,21272
358594767,21273
358595131,21274
358618003,21275
358756624,21276
358806224,21277
358823600,21278
358896973,21279
358918710,21280
358918792,21281
359005507,21282
359015191,21283
359020843,21284
359035162,21285
359074674,21286
359102203,21287
359146910,21288
359178132,21289
359196437,21290
359211782,21291
359218577,21292
359323848,21293
359343904,21294
359380972,21295
359440518,21296
359462427,21297
359496651,21298
359514537,21299
359617816,21300
359621402,21301
359650055,21302
359676547,21303
359690061,21304
359709832,21305
359752506,21306
359770444,21307
359774571,21308
359790651,21309
359851149,21310
359881870,21311
359923590,21312
359928092,21313
359985239,21314
360022482,21315
360054481,21316
360059591,21317
360132736,21318
360170606,21319
360201349,21320
360221643,21321
360273761,21322
360393463,21323
360395545,21324
360464656,21325
360465425,21326
360627213,21327
360679213,21328
360721407,21329
360728195,21330
360738490,21331
360771315,21332
360802513,21333
360845977,21334
360853113,21335
360921976,21336
360923148,21337
360929304,21338
360959712,21339
360967238,21340
360986207,21341
361022019,21342
361045442,21343
361075471,21344
361128467,21345
361198132,21346
361247001,21347
361289945,21348
361325254,21349
361330930,21350
361386352,21351
361425371,21352
361437624,21353
361486728,21354
361498497,21355
361501426,21356
361538902,21357
361539175,21358
361592524,21359
361608494,21360
361613996,21361
361649033,21362
361663421,21363
361786864,21364
361871190,21365
361881477,21366
361981991,21367
362022436,21368
362100154,21369
362194716,21370
362226733,21371
362234651,21372
362328150,21373
362344659,21374
362431243,21375
362602281,21376
362612519,21377
362637226,21378
362638741,21379
362699558,21380
362726479,21381
362744949,21382
362780183,21383
362813558,21384
362857078,21385
362858045,21386
362876525,21387
362895183,21388
362897490,21389
362952781,21390
363020847,21391
363110437,21392
363124757,21393
363126777,21394
363157939,21395
363161920,21396
363188262,21397
363194778,21398
363199891,21399
363203751,21400
363221461,21401
363222560,21402
363240308,21403
363330887,21404
363357451,21405
363396512,21406
363417115,21407
363452796,21408
363509663,21409
363524925,21410
363536119,21411
363713851,21412
363761111,21413
363779011,21414
363840581,21415
363860308,21416
363895593,21417
363935285,21418
363979873,21419
364012277,21420
364014571,21421
364039137,21422
364039535,21423
364057834,21424
364151797,21425
364194053,21426
364198767,21427
364223275,21428
364314243,21429
364412442,21430
364423298,21431
364504025,21432
364509829,21433
364511508,21434
364564475,21435
364582112,21436
364597148,21437
364598136,21438
364627978,21439
364681335,21440
364720450,21441
364725303,21442
364785653,21443
364836905,21444
364864446,21445
364922133,21446
364982731,21447
364999656,21448
365047128,21449
365054985,21450
365103739,21451
365136998,21452
365184144,21453
365189869,21454
365252134,21455
365329927,21456
365353631,21457
365422958,21458
365549928,21459
365556215,21460
365587566,21461
365601503,21462
365614264,21463
365619710,21464
365710819,21465
365746379,21466
365752732,21467
365759446,21468
365829821,21469
365833937,21470
365866612,21471
365873296,21472
365936520,21473
365970023,21474
366017534,21475
366057835,21476
366095033,21477
366160654,21478
366172988,21479
366181888,21480
366182265,21481
366190447,21482
366215091,21483
366255687,21484
366333906,21485
366368642,21486
366374544,21487
366385541,21488
366403007,21489
366405160,21490
366435041,21491
366571093,21492
366610149,21493
366631585,21494
366641420,21495
366641943,21496
366693043,21497
366716605,21498
366717113,21499
366755475,21500
366772184,21501
366779656,21502
366803758,21503
366816015,21504
366819502,21505
366842470,21506
366853135,21507
366898121,21508
366929502,21509
367140709,21510
367151987,21511
367172472,21512
367211065,21513
367224071,21514
367225775,21515
367254206,21516
367324293,21517
367419419,21518
367439014,21519
367442643,21520
367452068,21521
367489515,21522
367493343,21523
367537408,21524
367561508,21525
367577957,21526
367607813,21527
367610615,21528
367750490,21529
367753805,21530
367791903,21531
367810627,21532
367858873,21533
367905405,21534
367938018,21535
367946237,21536
367987307,21537
368007690,21538
368033773,21539
368072974,21540
368098134,21541
368110528,21542
368152564,21543
368209746,21544
368235783,21545
368335643,21546
368360694,21547
368372879,21548
368478665,21549
368523309,21550
368525958,21551
368532118,21552
368544047,21553
368578737,21554
368584748,21555
368592251,21556
368634611,21557
368694539,21558
368720279,21559
368725565,21560
368760126,21561
368774680,21562
368844019,21563
368928713,21564
369029151,21565
369029696,21566
369032276,21567
369054480,21568
369146953,21569
369158562,21570
369188170,21571
369231553,21572
369267183,21573
369269351,21574
369286120,21575
369318439,21576
369379594,21577
369403243,21578
369440602,21579
369475529,21580
369523203,21581
369536001,21582
369546450,21583
369586333,21584
369602944,21585
369727413,21586
369727717,21587
369732197,21588
369775534,21589
369783276,21590
369800445,21591
369819300,21592
369844120,21593
369848802,21594
369868151,21595
369892007,21596
369910363,21597
370018889,21598
370117436,21599
370135213,21600
370136239,21601
370182558,21602
370222416,21603
370234194,21604
370243466,21605
370251311,21606
370259824,21607
370326869,21608
370328706,21609
370330386,21610
370331473,21611
370394210,21612
370398078,21613
370406988,21614
370407086,21615
370419800,21616
370441594,21617
370442422,21618
370455812,21619
370494863,21620
370511015,21621
370543889,21622
370564193,21623
370721654,21624
370808868,21625
370841911,21626
370912091,21627
370934995,21628
370990482,21629
371019259,21630
371039549,21631
371053698,21632
371054222,21633
371098987,21634
371115139,21635
371184537,21636
371213827,21637
371224756,21638
371261200,21639
371273158,21640
371295497,21641
371330043,21642
371347463,21643
371365947,21644
371393999,21645
371436400,21646
371464860,21647
371466354,21648
371504405,21649
371581365,21650
371586145,21651
371606005,21652
371611252,21653
371778809,21654
371864433,21655
371948236,21656
371980886,21657
372022122,21658
372024454,21659
372034263,21660
372039766,21661
372046324,21662
372054894,21663
372100297,21664
372142108,21665
372146426,21666
372189219,21667
372243987,21668
372246857,21669
372269116,21670
372281591,21671
372299481,21672
372338018,21673
372373452,21674
372398526,21675
372414654,21676
372431040,21677
372465113,21678
372487747,21679
372572032,21680
372573735,21681
372574346,21682
372579816,21683
372589308,21684
372648469,21685
372697636,21686
372763758,21687
372875229,21688
372924469,21689
372927468,21690
373041469,21691
373057436,21692
373065037,21693
373077255,21694
373078921,21695
373100052,21696
373100805,21697
373150494,21698
373157754,21699
373171037,21700
373254153,21701
373331421,21702
373347464,21703
373419652,21704
373475158,21705
373564009,21706
373601625,21707
373624354,21708
373629959,21709
373640001,21710
373652791,21711
373672391,21712
373691559,21713
373697915,21714
373703200,21715
373705145,21716
373727635,21717
373758798,21718
373817542,21719
373898638,21720
373937708,21721
373942627,21722
373955776,21723
373970722,21724
374021623,21725
374035508,21726
374052792,21727
374066925,21728
374119424,21729
374128199,21730
374170200,21731
374186020,21732
374238807,21733
374261392,21734
374277168,21735
374284216,21736
374312806,21737
374315712,21738
374315771,21739
374331041,21740
374357782,21741
374463980,21742
374490467,21743
374490512,21744
374528528,21745
374538632,21746
374547405,21747
374596226,21748
374667878,21749
374723081,21750
374739534,21751
374765784,21752
374767758,21753
374775473,21754
374790925,21755
374830855,21756
374831349,21757
374835128,21758
374835472,21759
374852286,21760
374860908,21761
374879438,21762
374901099,21763
374969116,21764
374996407,21765
375018645,21766
375074421,21767
375107954,21768
375194919,21769
375219683,21770
375241873,21771
375263476,21772
375292544,21773
375316672,21774
375329723,21775
375362719,21776
375381746,21777
375391308,21778
375405313,21779
375437751,21780
375452661,21781
375453331,21782
375464197,21783
375552678,21784
375592072,21785
375631908,21786
375652126,21787
375669510,21788
375676603,21789
375682295,21790
375764669,21791
375782293,21792
375795665,21793
375814969,21794
375836770,21795
375852740,21796
375856789,21797
375890101,21798
376004201,21799
376039761,21800
376109186,21801
376129884,21802
376154082,21803
376267971,21804
376288861,21805
376303126,21806
376311924,21807
376324443,21808
376349368,21809
376358906,21810
376373646,21811
376388082,21812
376431595,21813
376506115,21814
376510469,21815
376514554,21816
376531194,21817
376568762,21818
376676164,21819
376732698,21820
376744269,21821
376784392,21822
376795126,21823
376815325,21824
376875289,21825
376876772,21826
376879171,21827
376879364,21828
377013305,21829
377018034,21830
377043950,21831
377065188,21832
377124316,21833
377129602,21834
377151289,21835
377199734,21836
377202132,21837
377207363,21838
377244724,21839
377305672,21840
377330497,21841
377356575,21842
377374779,21843
377416934,21844
377451203,21845
377498773,21846
377540405,21847
377581365,21848
377594114,21849
377607433,21850
377609070,21851
377619841,21852
377627941,21853
377628601,21854
377636445,21855
377644304,21856
377647151,21857
377656853,21858
377668052,21859
377690679,21860
377692248,21861
377696943,21862
377725728,21863
377735275,21864
377736077,21865
377738485,21866
377752787,21867
377760382,21868
377766926,21869
377769154,21870
377780716,21871
377784686,21872
377808088,21873
377815859,21874
377819685,21875
377835306,21876
377836737,21877
377837520,21878
377909919,21879
377920681,21880
377959834,21881
378017231,21882
378096743,21883
378148063,21884
378158536,21885
378162884,21886
378202967,21887
378240592,21888
378240943,21889
378273329,21890
378283793,21891
378284630,21892
378288738,21893
378308694,21894
378344402,21895
378410344,21896
378429182,21897
378632184,21898
378758498,21899
378827786,21900
378847704,21901
378940898,21902
379002499,21903
379012811,21904
379068317,21905
379109862,21906
379119768,21907
379152250,21908
379225446,21909
379233209,21910
379251939,21911
379266521,21912
379270752,21913
379320030,21914
379353254,21915
379353543,21916
379420143,21917
379434001,21918
379453621,21919
379494397,21920
379508299,21921
379580643,21922
379590591,21923
379675736,21924
379692465,21925
379704442,21926
379710440,21927
379732614,21928
379791541,21929
379797454,21930
379840993,21931
379846213,21932
379869831,21933
379871110,21934
379902413,21935
379931601,21936
379960801,21937
379962842,21938
379977708,21939
380026664,21940
380059087,21941
380080506,21942
380099583,21943
380156346,21944
380285402,21945
380384124,21946
380415196,21947
380488215,21948
380524013,21949
380526746,21950
380533676,21951
380538909,21952
380540076,21953
380567911,21954
380609844,21955
380632461,21956
380648579,21957
380654512,21958
380664031,21959
380671671,21960
380674441,21961
380693277,21962
380873054,21963
380879957,21964
380962107,21965
380991709,21966
381131814,21967
381169795,21968
381174013,21969
381201326,21970
381223208,21971
381233821,21972
381263871,21973
381276559,21974
381308128,21975
381316543,21976
381331310,21977
381355445,21978
381365455,21979
381399271,21980
381487324,21981
381618515,21982
381621895,21983
381666934,21984
381702960,21985
381709734,21986
381725952,21987
381731159,21988
381799848,21989
381814208,21990
381820530,21991
381939026,21992
381939691,21993
381987786,21994
382069136,21995
382124861,21996
382136540,21997
382180211,21998
382209139,21999
382229056,22000
382299304,22001
382370203,22002
382382209,22003
382401063,22004
382504032,22005
382663789,22006
382736213,22007
382740085,22008
382768345,22009
382837357,22010
382841165,22011
382852141,22012
382887963,22013
382928104,22014
382947250,22015
382997644,22016
382997671,22017
383085116,22018
383145741,22019
383313838,22020
383342207,22021
383418826,22022
383530894,22023
383538217,22024
383770705,22025
383812375,22026
383820312,22027
383838511,22028
383850997,22029
383869077,22030
383906888,22031
383950333,22032
384005220,22033
384005544,22034
384061750,22035
384090604,22036
384090861,22037
384094961,22038
384211762,22039
384246236,22040
384249989,22041
384252555,22042
384283224,22043
384289012,22044
384362579,22045
384393903,22046
384434800,22047
384438102,22048
384441072,22049
384483993,22050
384523614,22051
384576105,22052
384610456,22053
384640302,22054
384649441,22055
384666019,22056
384736648,22057
384822746,22058
384848931,22059
384863300,22060
384865234,22061
384908560,22062
384933844,22063
385021054,22064
385029541,22065
385048489,22066
385066530,22067
385083807,22068
385153978,22069
385200170,22070
385233229,22071
385236633,22072
385249286,22073
385252273,22074
385292192,22075
385376034,22076
385386555,22077
385416476,22078
385452886,22079
385456621,22080
385519105,22081
385562826,22082
385576357,22083
385598463,22084
385620802,22085
385624297,22086
385628927,22087
385629023,22088
385638487,22089
385688415,22090
385700614,22091
385709995,22092
385723876,22093
385737398,22094
385749340,22095
385782292,22096
385963747,22097
386003191,22098
386033337,22099
386131868,22100
386205379,22101
386243129,22102
386265621,22103
386288420,22104
386307653,22105
386307756,22106
386313872,22107
386319335,22108
386330129,22109
386331159,22110
386352003,22111
386360301,22112
386394870,22113
386399538,22114
386429832,22115
386524579,22116
386541602,22117
386670679,22118
386695433,22119
386746916,22120
386751965,22121
386764875,22122
386815282,22123
386874585,22124
386944716,22125
387031580,22126
387151655,22127
387238979,22128
387244656,22129
387284072,22130
387307896,22131
387332357,22132
387355770,22133
387368241,22134
387398921,22135
387416764,22136
387486674,22137
387496753,22138
387529599,22139
387663063,22140
387681093,22141
387684053,22142
387722866,22143
387817182,22144
387836110,22145
387866313,22146
387948805,22147
387956439,22148
388021677,22149
388022978,22150
388032942,22151
388051400,22152
388072748,22153
388077359,22154
388081187,22155
388105873,22156
388114517,22157
388190869,22158
388361921,22159
388381588,22160
388383447,22161
388411749,22162
388432676,22163
388493964,22164
388511114,22165
388532629,22166
388535937,22167
388618459,22168
388619220,22169
388632482,22170
388635304,22171
388643613,22172
388655565,22173
388688391,22174
388705960,22175
388732023,22176
388768535,22177
388946247,22178
389013702,22179
389017429,22180
389031071,22181
389047979,22182
389138781,22183
389204741,22184
389209439,22185
389226906,22186
389239280,22187
389301319,22188
389338726,22189
389465714,22190
389491470,22191
389528617,22192
389548615,22193
389583000,22194
389598996,22195
389600155,22196
389607613,22197
389609128,22198
389631804,22199
389642586,22200
389671114,22201
389682883,22202
389777751,22203
389784629,22204
389841834,22205
389843252,22206
389847141,22207
389849407,22208
389853466,22209
389875948,22210
390020503,22211
390032518,22212
390045810,22213
390102322,22214
390126370,22215
390143369,22216
390147741,22217
390249911,22218
390257738,22219
390273569,22220
390283218,22221
390283269,22222
390309724,22223
390320552,22224
390380183,22225
390444383,22226
390444910,22227
390461149,22228
390472170,22229
390481706,22230
390520212,22231
390537354,22232
390576798,22233
390577696,22234
390638193,22235
390641663,22236
390696780,22237
390704526,22238
390768711,22239
390775224,22240
390776010,22241
390801303,22242
390883018,22243
390900077,22244
390919983,22245
390961074,22246
390973515,22247
390980356,22248
391009012,22249
391020898,22250
391084315,22251
391085549,22252
391115414,22253
391123862,22254
391139576,22255
391158536,22256
391356320,22257
391421618,22258
391424411,22259
391528213,22260
391572988,22261
391591212,22262
391598269,22263
391606436,22264
391627277,22265
391658754,22266
391691695,22267
391695295,22268
391706751,22269
391724089,22270
391729754,22271
391735201,22272
391738157,22273
391750349,22274
391839577,22275
391870553,22276
391889398,22277
391930322,22278
392170893,22279
392185677,22280
392223335,22281
392229826,22282
392259167,22283
392264797,22284
392271416,22285
392278597,22286
392313117,22287
392340385,22288
392350438,22289
392398746,22290
392428661,22291
392448996,22292
392459453,22293
392475888,22294
392499394,22295
392526982,22296
392537035,22297
392578138,22298
392672335,22299
392681212,22300
392728962,22301
392739061,22302
392848910,22303
392860200,22304
392911407,22305
392990354,22306
392996271,22307
393052307,22308
393083814,22309
393101479,22310
393130160,22311
393138733,22312
393156754,22313
393160629,22314
393190233,22315
393254695,22316
393257551,22317
393323502,22318
393460878,22319
393469195,22320
393493792,22321
393519556,22322
393542962,22323
393588826,22324
393644329,22325
393656584,22326
393662323,22327
393685158,22328
393685905,22329
393691623,22330
393705173,22331
393706495,22332
393731755,22333
393738660,22334
393754120,22335
393771226,22336
393797480,22337
393802688,22338
393842180,22339
393999943,22340
394046651,22341
394056308,22342
394072560,22343
394110366,22344
394179993,22345
394245906,22346
394260665,22347
394315013,22348
394338044,22349
394342473,22350
394347865,22351
394376469,22352
394387979,22353
394392730,22354
394409312,22355
394429507,22356
394451363,22357
394456656,22358
394479204,22359
394489174,22360
394519558,22361
394612386,22362
394712733,22363
394744306,22364
394783612,22365
394839443,22366
394840322,22367
394840496,22368
394849483,22369
394924210,22370
394934203,22371
394976090,22372
395065089,22373
395073368,22374
395101764,22375
395150212,22376
395261075,22377
395263350,22378
395284899,22379
395335393,22380
395424352,22381
395452389,22382
395462175,22383
395496574,22384
395507463,22385
395524721,22386
395530298,22387
395645110,22388
395654852,22389
395674143,22390
395700090,22391
395857274,22392
395961103,22393
395970571,22394
395984384,22395
396103808,22396
396129949,22397
396153704,22398
396156403,22399
396202498,22400
396280367,22401
396298244,22402
396315276,22403
396319740,22404
396357115,22405
396408702,22406
396422890,22407
396507413,22408
396565174,22409
396579581,22410
396641356,22411
396740395,22412
396743463,22413
396749044,22414
396804498,22415
396808586,22416
396822395,22417
396831702,22418
396834863,22419
396838283,22420
396883113,22421
396918709,22422
396937726,22423
396954359,22424
396985135,22425
396995725,22426
397005324,22427
397031059,22428
397034097,22429
397051626,22430
397087946,22431
397147549,22432
397195203,22433
397210193,22434
397230151,22435
397233996,22436
397256529,22437
397317765,22438
397374653,22439
397397647,22440
397448879,22441
397500827,22442
397528872,22443
397583624,22444
397614793,22445
397616745,22446
397617342,22447
397624559,22448
397661952,22449
397717167,22450
397726501,22451
397748897,22452
397758617,22453
397949068,22454
398076911,22455
398098834,22456
398099478,22457
398129705,22458
398214539,22459
398320430,22460
398354613,22461
398364993,22462
398404674,22463
398406235,22464
398424146,22465
398446274,22466
398462836,22467
398473925,22468
398484888,22469
398564464,22470
398829549,22471
398838506,22472
398842314,22473
398851984,22474
398933302,22475
398940827,22476
398960034,22477
398995369,22478
399135037,22479
399184212,22480
399192605,22481
399297533,22482
399334545,22483
399352443,22484
399555084,22485
399559298,22486
399623996,22487
399664117,22488
399665589,22489
399712913,22490
399722029,22491
399785087,22492
399786810,22493
399796571,22494
399819844,22495
399822407,22496
399846051,22497
399871457,22498
399872279,22499
399971746,22500
399997585,22501
400043933,22502
400067888,22503
400081949,22504
400098926,22505
400152273,22506
400167205,22507
400243184,22508
400256197,22509
400294294,22510
400298861,22511
400321216,22512
400352771,22513
400364870,22514
400373529,22515
400393684,22516
400462893,22517
400479563,22518
400493487,22519
400535167,22520
400583325,22521
400670062,22522
400677538,22523
400694427,22524
400724393,22525
400828996,22526
400831022,22527
400839033,22528
400916252,22529
400955606,22530
400996031,22531
401032022,22532
401037988,22533
401080404,22534
401090263,22535
401220891,22536
401252253,22537
401275875,22538
401286522,22539
401340107,22540
401389464,22541
401427478,22542
401548226,22543
401603654,22544
401630631,22545
401651367,22546
401657173,22547
401675584,22548
401693250,22549
401710943,22550
401820335,22551
401842670,22552
401896102,22553
401914072,22554
402154125,22555
402238312,22556
402255391,22557
402265922,22558
402283741,22559
402288751,22560
402327412,22561
402355096,22562
402371719,22563
402399544,22564
402470372,22565
402598915,22566
402676038,22567
402727732,22568
402744581,22569
402814430,22570
402832991,22571
402851081,22572
402883502,22573
402960381,22574
402999853,22575
403010782,22576
403036437,22577
403075430,22578
403088821,22579
403115265,22580
403122296,22581
403130824,22582
403141057,22583
403204756,22584
403265959,22585
403314130,22586
403345406,22587
403392568,22588
403432425,22589
403471262,22590
403504067,22591
403547251,22592
403590009,22593
403612704,22594
403647191,22595
403649481,22596
403714732,22597
403748836,22598
403777479,22599
403821695,22600
403839267,22601
403855355,22602
403866326,22603
403869776,22604
403874531,22605
403877711,22606
403883485,22607
403885029,22608
403899803,22609
403954499,22610
403992815,22611
404095330,22612
404114848,22613
404200443,22614
404248326,22615
404316178,22616
404323224,22617
404373739,22618
404377138,22619
404381894,22620
404393063,22621
404429460,22622
404455713,22623
404460410,22624
404524844,22625
404537806,22626
404581667,22627
404582385,22628
404705078,22629
404705179,22630
404769194,22631
404841179,22632
404946834,22633
405073555,22634
405103364,22635
405187043,22636
405187457,22637
405229960,22638
405247908,22639
405270914,22640
405383139,22641
405426534,22642
405473700,22643
405496002,22644
405510283,22645
405561109,22646
405604860,22647
405614354,22648
405668199,22649
405674828,22650
405702914,22651
405710258,22652
405733467,22653
405760330,22654
405837328,22655
405852880,22656
405874317,22657
405909513,22658
405966218,22659
406015757,22660
406041981,22661
406060728,22662
406245617,22663
406289145,22664
406295914,22665
406318939,22666
406394467,22667
406405515,22668
406443172,22669
406453671,22670
406458442,22671
406466350,22672
406468736,22673
406525423,22674
406561805,22675
406579529,22676
406610115,22677
406623771,22678
406646043,22679
406654833,22680
406665273,22681
406688886,22682
406742542,22683
406784853,22684
406829745,22685
406992903,22686
407011441,22687
407046265,22688
407051134,22689
407095709,22690
407157161,22691
407293901,22692
407332557,22693
407344357,22694
407356109,22695
407357774,22696
407393085,22697
407420603,22698
407425794,22699
407447458,22700
407475376,22701
407538880,22702
407566718,22703
407599240,22704
407694346,22705
407843716,22706
407885371,22707
407897964,22708
407955785,22709
407988487,22710
408003196,22711
408012537,22712
408013429,22713
408059455,22714
408100933,22715
408113181,22716
408141584,22717
408158442,22718
408162638,22719
408194759,22720
408219044,22721
408224915,22722
408260631,22723
408270966,22724
408447390,22725
408566997,22726
408629605,22727
408752356,22728
408819781,22729
408822783,22730
408855841,22731
408875717,22732
408878579,22733
408898754,22734
408901200,22735
408981998,22736
409109615,22737
409210532,22738
409216562,22739
409219776,22740
409312294,22741
409388225,22742
409500841,22743
409536718,22744
409600225,22745
409604495,22746
409610480,22747
409615677,22748
409617826,22749
409638595,22750
409642791,22751
409660384,22752
409703516,22753
409708243,22754
409722196,22755
409740284,22756
409756070,22757
409807751,22758
409828381,22759
409886625,22760
409889747,22761
410056274,22762
410076442,22763
410132283,22764
410135192,22765
410204660,22766
410222751,22767
410250414,22768
410254400,22769
410313167,22770
410334710,22771
410346044,22772
410399203,22773
410413018,22774
410416853,22775
410421354,22776
410436685,22777
410489408,22778
410553699,22779
410583826,22780
410643117,22781
410699811,22782
410806761,22783
410820546,22784
410853772,22785
410855828,22786
410910656,22787
410912170,22788
410941069,22789
410972730,22790
411012969,22791
411102017,22792
411170449,22793
411173092,22794
411259340,22795
411346195,22796
411586401,22797
411687749,22798
411690268,22799
411752020,22800
411755766,22801
411756641,22802
411766817,22803
411799851,22804
411824292,22805
411893707,22806
411902451,22807
411946468,22808
411968161,22809
411984805,22810
412006048,22811
412006449,22812
412008580,22813
412029559,22814
412098326,22815
412243324,22816
412429347,22817
412461506,22818
412575180,22819
412580045,22820
412590654,22821
412657146,22822
412735319,22823
412748349,22824
412761380,22825
412776430,22826
412803393,22827
412808700,22828
412848891,22829
412850734,22830
412895942,22831
412997247,22832
413097868,22833
413178104,22834
413270117,22835
413279067,22836
413306467,22837
413347462,22838
413366295,22839
413374401,22840
413385783,22841
413430640,22842
413430793,22843
413460421,22844
413495031,22845
413502727,22846
413533828,22847
413566742,22848
413590655,22849
413597188,22850
413602597,22851
413676783,22852
413703852,22853
413708453,22854
413783592,22855
413912975,22856
414043064,22857
414044932,22858
414049378,22859
414123074,22860
414151133,22861
414168918,22862
414188338,22863
414204202,22864
414206745,22865
414217972,22866
414230454,22867
414320591,22868
414356878,22869
414365423,22870
414383234,22871
414396340,22872
414479395,22873
414497209,22874
414616373,22875
414653470,22876
414708110,22877
414722741,22878
414742638,22879
414791877,22880
414862999,22881
414926812,22882
414942466,22883
414952693,22884
414962189,22885
415054702,22886
415075929,22887
415083127,22888
415096339,22889
415097562,22890
415107548,22891
415120333,22892
415177704,22893
415186153,22894
415196079,22895
415207499,22896
415215505,22897
415260449,22898
415304375,22899
415378018,22900
415379243,22901
415388526,22902
415482458,22903
415499498,22904
415532798,22905
415550654,22906
415560522,22907
415582246,22908
415606326,22909
415610646,22910
415634938,22911
415646327,22912
415664857,22913
415681188,22914
415705391,22915
415729672,22916
415762608,22917
415785026,22918
415826305,22919
415836706,22920
415900763,22921
415917968,22922
415972863,22923
416005359,22924
416009248,22925
416067257,22926
416210615,22927
416233613,22928
416273943,22929
416321589,22930
416361380,22931
416418985,22932
416491321,22933
416528983,22934
416540178,22935
416565687,22936
416591068,22937
416632791,22938
416638719,22939
416659435,22940
416690465,22941
416708446,22942
416723234,22943
416772537,22944
416902518,22945
417000021,22946
417172283,22947
417205857,22948
417295493,22949
417355298,22950
417355686,22951
417362726,22952
417454411,22953
417501491,22954
417514660,22955
417532217,22956
417548211,22957
417553124,22958
417571583,22959
417681885,22960
417732580,22961
417909348,22962
417965044,22963
417971449,22964
418104982,22965
418113197,22966
418167416,22967
418251055,22968
418252815,22969
418271411,22970
418282772,22971
418282871,22972
418328601,22973
418339840,22974
418394758,22975
418421014,22976
418447447,22977
418509252,22978
418626202,22979
418733247,22980
418745855,22981
418821988,22982
418867782,22983
418872109,22984
418924155,22985
418954894,22986
418961365,22987
419023913,22988
419026023,22989
419029257,22990
419029989,22991
419135860,22992
419139170,22993
419139650,22994
419142511,22995
419178291,22996
419195785,22997
419202838,22998
419203687,22999
419228673,23000
419234337,23001
419253617,23002
419253815,23003
419304022,23004
419327066,23005
419413032,23006
419451243,23007
419514999,23008
419662264,23009
419703165,23010
419731891,23011
419740301,23012
419789923,23013
419794002,23014
419815260,23015
419829580,23016
419935833,23017
419937299,23018
419951447,23019
419957412,23020
419961805,23021
419987777,23022
420055717,23023
420062601,23024
420067396,23025
420086613,23026
420176985,23027
420204120,23028
420275816,23029
420303214,23030
420351613,23031
420424892,23032
420498973,23033
420501578,23034
420518127,23035
420532842,23036
420546707,23037
420593755,23038
420631069,23039
420678292,23040
420714588,23041
420730517,23042
420831231,23043
421025022,23044
421199051,23045
421252560,23046
421312609,23047
421417889,23048
421425167,23049
421434825,23050
421454379,23051
421473291,23052
421482494,23053
421521516,23054
421541060,23055
421582964,23056
421628379,23057
421692262,23058
421697443,23059
421705628,23060
421811599,23061
421845502,23062
421938080,23063
421956601,23064
422002379,23065
422052221,23066
422143534,23067
422153063,23068
422181027,23069
422188140,23070
422239459,23071
422305556,23072
422394604,23073
422453223,23074
422479459,23075
422527009,23076
422531669,23077
422571210,23078
422602255,23079
422685447,23080
422744651,23081
422755981,23082
422823799,23083
422868987,23084
422908493,23085
422924224,23086
422942150,23087
423083149,23088
423110278,23089
423141737,23090
423165110,23091
423275465,23092
423321195,23093
423368954,23094
423430757,23095
423514732,23096
423585641,23097
423625300,23098
423717038,23099
423739355,23100
423745681,23101
423802579,23102
423821832,23103
423831170,23104
423834478,23105
423841277,23106
423845471,23107
423849568,23108
423868786,23109
423887518,23110
423910527,23111
423922228,23112
423931126,23113
423941830,23114
423980282,23115
423985664,23116
424026459,23117
424057610,23118
424083365,23119
424124066,23120
424268883,23121
424273037,23122
424331937,23123
424370015,23124
424435288,23125
424441568,23126
424445959,23127
424490654,23128
424606433,23129
424612297,23130
424700227,23131
424710580,23132
424762733,23133
424799825,23134
424808866,23135
424831065,23136
424832420,23137
424910578,23138
425081475,23139
425083330,23140
425255424,23141
425304292,23142
425363123,23143
425384168,23144
425418082,23145
425418920,23146
425459816,23147
425505438,23148
425533575,23149
425556214,23150
425569289,23151
425580734,23152
425589377,23153
425826223,23154
425869527,23155
425920189,23156
425976608,23157
426001323,23158
426030413,23159
426047827,23160
426083802,23161
426107519,23162
426108714,23163
426125491,23164
426157265,23165
426233808,23166
426257553,23167
426259753,23168
426268332,23169
426279559,23170
426334438,23171
426336262,23172
426363199,23173
426392123,23174
426561297,23175
426565939,23176
426630178,23177
426705135,23178
426757023,23179
426825447,23180
426831880,23181
426842641,23182
426845023,23183
426864742,23184
426903572,23185
426907771,23186
426957556,23187
426960340,23188
426988874,23189
426989992,23190
427030899,23191
427035609,23192
427049141,23193
427062600,23194
427272268,23195
427301182,23196
427402721,23197
427415094,23198
427452827,23199
427466764,23200
427472034,23201
427495215,23202
427501425,23203
427504037,23204
427512779,23205
427515851,23206
427526292,23207
427528077,23208
427542204,23209
427572119,23210
427668743,23211
427682076,23212
427713420,23213
427852501,23214
427857710,23215
428225985,23216
428227030,23217
428240184,23218
428326505,23219
428328096,23220
428415988,23221
428428104,23222
428434595,23223
428445173,23224
428492589,23225
428553804,23226
428577636,23227
428619678,23228
428641140,23229
428654606,23230
428674188,23231
428682558,23232
428715353,23233
428731302,23234
428762753,23235
428784877,23236
428793623,23237
428865805,23238
428936612,23239
428971031,23240
428979873,23241
428995806,23242
429158373,23243
429227620,23244
429297207,23245
429330793,23246
429353153,23247
429406652,23248
429523339,23249
429535608,23250
429536077,23251
429539867,23252
429550854,23253
429554298,23254
429601885,23255
429620941,23256
429632340,23257
429640795,23258
429655417,23259
429707643,23260
429712104,23261
429737232,23262
429801709,23263
430057402,23264
430272786,23265
430275738,23266
430282583,23267
430332173,23268
430349006,23269
430364646,23270
430393594,23271
430419773,23272
430459707,23273
430467216,23274
430467939,23275
430579114,23276
430603399,23277
430925630,23278
430952981,23279
430976041,23280
431023014,23281
431076757,23282
431083316,23283
431089002,23284
431089161,23285
431108762,23286
431141725,23287
431143412,23288
431152278,23289
431159348,23290
431163217,23291
431170601,23292
431171274,23293
431180998,23294
431182117,23295
431198790,23296
431227864,23297
431264470,23298
431281110,23299
431311476,23300
431476522,23301
431503802,23302
431504592,23303
431570985,23304
431652900,23305
431658017,23306
431677538,23307
431686303,23308
431692445,23309
431765020,23310
431776956,23311
431831146,23312
431849392,23313
431889587,23314
431901486,23315
431975014,23316
432064754,23317
432120785,23318
432169654,23319
432214156,23320
432246112,23321
432264363,23322
432296422,23323
432486797,23324
432566709,23325
432587582,23326
432600272,23327
432602712,23328
432623796,23329
432674236,23330
432714281,23331
432759514,23332
432774332,23333
432805850,23334
432823166,23335
432903500,23336
433071682,23337
433119144,23338
433138406,23339
433150658,23340
433174112,23341
433233965,23342
433357633,23343
433417278,23344
433417716,23345
433423811,23346
433450568,23347
433492915,23348
433494674,23349
433523412,23350
433566280,23351
433596226,23352
433596590,23353
433659489,23354
433664348,23355
433675700,23356
433685408,23357
433735300,23358
433736305,23359
433742336,23360
433812769,23361
433814464,23362
433851538,23363
433872574,23364
433877693,23365
433908374,23366
433926352,23367
433948886,23368
434025600,23369
434135561,23370
434193387,23371
434201002,23372
434228269,23373
434287093,23374
434328576,23375
434352483,23376
434360613,23377
434365674,23378
434371197,23379
434390559,23380
434448331,23381
434459446,23382
434508386,23383
434553933,23384
434554856,23385
434582376,23386
434600845,23387
434611450,23388
434611936,23389
434621312,23390
434682005,23391
434701689,23392
434728136,23393
434789485,23394
434839840,23395
434861621,23396
434967367,23397
435083950,23398
435108404,23399
435149656,23400
435196565,23401
435200938,23402
435209264,23403
435260935,23404
435347493,23405
435358487,23406
435370534,23407
435459729,23408
435506102,23409
435506422,23410
435528282,23411
435540015,23412
435559026,23413
435600063,23414
435707754,23415
435794867,23416
435805089,23417
435859679,23418
435905807,23419
436029388,23420
436040716,23421
436090973,23422
436117968,23423
436215417,23424
436218926,23425
436232107,23426
436239544,23427
436244083,23428
436279775,23429
436284144,23430
436331289,23431
436351349,23432
436360631,23433
436383302,23434
436562022,23435
436607161,23436
436656224,23437
436728675,23438
436778251,23439
436779748,23440
436796988,23441
436847009,23442
436865239,23443
436873679,23444
436975316,23445
436986320,23446
437020427,23447
437048841,23448
437076547,23449
437086729,23450
437109208,23451
437121028,23452
437140719,23453
437182147,23454
437206588,23455
437223510,23456
437227352,23457
437562870,23458
437579852,23459
437609026,23460
437638057,23461
437673995,23462
437710259,23463
437763243,23464
437863554,23465
437904871,23466
437929076,23467
437934138,23468
437946517,23469
437993237,23470
437996369,23471
438009484,23472
438016433,23473
438020230,23474
438043295,23475
438050333,23476
438224887,23477
438366986,23478
438436781,23479
438450595,23480
438492337,23481
438589393,23482
438605582,23483
438657917,23484
438663523,23485
438695024,23486
438739799,23487
438780139,23488
438799823,23489
438848563,23490
438862216,23491
438874559,23492
438956278,23493
439092195,23494
439186936,23495
439234152,23496
439436140,23497
439451234,23498
439481649,23499
439537537,23500
439565971,23501
439574145,23502
439608838,23503
439616260,23504
439647015,23505
439678953,23506
439692321,23507
439720206,23508
439804333,23509
439820633,23510
439863733,23511
439907306,23512
440035681,23513
440153325,23514
440213758,23515
440242421,23516
440285897,23517
440287004,23518
440372706,23519
440465759,23520
440469998,23521
440495222,23522
440509092,23523
440543315,23524
441063307,23525
441064283,23526
441077700,23527
441179363,23528
441181353,23529
441193606,23530
441196417,23531
441273636,23532
441276198,23533
441307652,23534
441405741,23535
441500689,23536
441509752,23537
441712180,23538
441994050,23539
441994716,23540
442017498,23541
442028803,23542
442036837,23543
442086500,23544
442248298,23545
442407662,23546
442465784,23547
442590408,23548
442662394,23549
442706825,23550
442787982,23551
442812845,23552
442892158,23553
442957665,23554
442960802,23555
442963139,23556
442996741,23557
443003713,23558
443078259,23559
443159289,23560
443218911,23561
443242181,23562
443269993,23563
443280367,23564
443288053,23565
443349273,23566
443363352,23567
443374695,23568
443684242,23569
443715277,23570
443803370,23571
443804372,23572
443828946,23573
443838701,23574
443858973,23575
443896512,23576
443924415,23577
443936412,23578
443946420,23579
443947361,23580
444020889,23581
444074972,23582
444088920,23583
444127485,23584
444128309,23585
444219353,23586
444228930,23587
444319455,23588
444320090,23589
444467128,23590
444606987,23591
444619403,23592
444709286,23593
444837663,23594
444864521,23595
444880096,23596
444885702,23597
444898302,23598
444933627,23599
445019185,23600
445048557,23601
445054306,23602
445068987,23603
445090859,23604
445091665,23605
445110140,23606
445204683,23607
445263926,23608
445279785,23609
445403600,23610
445485395,23611
445597521,23612
445791130,23613
445835106,23614
445839226,23615
445850148,23616
445948611,23617
446064305,23618
446241830,23619
446272084,23620
446331817,23621
446353915,23622
446354839,23623
446472003,23624
446487918,23625
446498535,23626
446506697,23627
446515593,23628
446524731,23629
446546808,23630
446560513,23631
446599728,23632
446724059,23633
446727989,23634
446778460,23635
446799926,23636
446838260,23637
446861747,23638
446910102,23639
447085006,23640
447096152,23641
447123291,23642
447219739,23643
447221926,23644
447290500,23645
447301249,23646
447372262,23647
447447602,23648
447519663,23649
447689484,23650
447757907,23651
447784283,23652
447957260,23653
447998693,23654
448043662,23655
448119062,23656
448198435,23657
448337194,23658
448395950,23659
448408286,23660
448442376,23661
448510528,23662
448516309,23663
448537890,23664
448568220,23665
448585258,23666
448590097,23667
448596709,23668
448642349,23669
448650917,23670
448692570,23671
448728084,23672
448785311,23673
448828305,23674
448999770,23675
449080751,23676
449161662,23677
449278781,23678
449298797,23679
449348815,23680
449354070,23681
449423677,23682
449425696,23683
449430615,23684
449447940,23685
449508572,23686
449550612,23687
449551348,23688
449594694,23689
449853758,23690
449899721,23691
449936336,23692
450006115,23693
450011104,23694
450022658,23695
450093076,23696
450201079,23697
450244239,23698
450266884,23699
450268421,23700
450313895,23701
450324323,23702
450363060,23703
450376679,23704
450430231,23705
450642326,23706
450654730,23707
450695789,23708
450790950,23709
450866659,23710
450879549,23711
450903967,23712
450914145,23713
450991824,23714
451003296,23715
451011064,23716
451017428,23717
451103923,23718
451158177,23719
451255940,23720
451304636,23721
451332972,23722
451373714,23723
451450303,23724
451452955,23725
451668336,23726
451748543,23727
451766437,23728
451956942,23729
451980711,23730
452047490,23731
452172857,23732
452200292,23733
452200624,23734
452216352,23735
452311103,23736
452433193,23737
452489522,23738
452530435,23739
452589792,23740
452623877,23741
452633255,23742
452640246,23743
452655392,23744
452877040,23745
452943547,23746
452951939,23747
453030173,23748
453047243,23749
453076479,23750
453099492,23751
453205202,23752
453205828,23753
453228717,23754
453229182,23755
453325152,23756
453330524,23757
453341232,23758
453484864,23759
453507482,23760
453537985,23761
453573663,23762
453595543,23763
453625262,23764
453628924,23765
453637325,23766
453682342,23767
453856839,23768
453871084,23769
453898650,23770
453929829,23771
453931362,23772
453934235,23773
454114632,23774
454115491,23775
454166201,23776
454231225,23777
454236505,23778
454252311,23779
454311887,23780
454378700,23781
454389074,23782
454427951,23783
454438834,23784
454455614,23785
454508318,23786
454510248,23787
454515349,23788
454517441,23789
454600294,23790
454783855,23791
454827354,23792
454980008,23793
454997996,23794
455022375,23795
455049002,23796
455054472,23797
455093636,23798
455151827,23799
455182876,23800
455260342,23801
455281371,23802
455293876,23803
455307156,23804
455397317,23805
455429002,23806
455431886,23807
455452299,23808
455466893,23809
455571514,23810
455636856,23811
455748963,23812
455764741,23813
455828151,23814
455874730,23815
455900881,23816
455902703,23817
456087619,23818
456097178,23819
456142774,23820
456161319,23821
456226261,23822
456236531,23823
456241433,23824
456265125,23825
456289163,23826
456300840,23827
456306667,23828
456317703,23829
456330615,23830
456334233,23831
456336383,23832
456382393,23833
456385445,23834
456559885,23835
456601293,23836
456657422,23837
456665228,23838
456741823,23839
456775778,23840
456802907,23841
456806183,23842
456832462,23843
456890055,23844
456918786,23845
456923987,23846
456977393,23847
456986584,23848
456994513,23849
457027063,23850
457040461,23851
457068321,23852
457127697,23853
457145585,23854
457182419,23855
457377794,23856
457413367,23857
457481692,23858
457557366,23859
457558572,23860
457588923,23861
457596869,23862
457694206,23863
457712573,23864
457728194,23865
457754229,23866
457784381,23867
457915116,23868
457949035,23869
457972817,23870
457984467,23871
457994639,23872
458002188,23873
458005929,23874
458085775,23875
458152245,23876
458204427,23877
458236681,23878
458328611,23879
458415717,23880
458421559,23881
458473370,23882
458478974,23883
458534004,23884
458579012,23885
458628108,23886
458657162,23887
458661132,23888
458662198,23889
458662302,23890
458666952,23891
458674076,23892
458681604,23893
458707558,23894
458711707,23895
458719075,23896
458748115,23897
458783654,23898
458796368,23899
458848526,23900
458870170,23901
458955050,23902
459033875,23903
459179254,23904
459202451,23905
459237406,23906
459256894,23907
459310999,23908
459416734,23909
459430812,23910
459450882,23911
459478565,23912
459535112,23913
459536762,23914
459734883,23915
459746994,23916
459797093,23917
459803923,23918
459872442,23919
459884144,23920
459908923,23921
459917750,23922
459965010,23923
460014765,23924
460118656,23925
460137141,23926
460198625,23927
460238908,23928
460245586,23929
460342171,23930
460348169,23931
460357747,23932
460358894,23933
460361754,23934
460416717,23935
460424712,23936
460513085,23937
460544749,23938
460577661,23939
460583197,23940
460584206,23941
460637665,23942
460639596,23943
460657243,23944
460670712,23945
460705232,23946
460749032,23947
460807336,23948
460868696,23949
461042571,23950
461183859,23951
461234709,23952
461238795,23953
461263284,23954
461344573,23955
461385547,23956
461525614,23957
461533861,23958
461553552,23959
461561823,23960
461618976,23961
461671789,23962
461680917,23963
461720824,23964
462028054,23965
462107378,23966
462132518,23967
462177308,23968
462208579,23969
462254422,23970
462256680,23971
462258204,23972
462304626,23973
462305473,23974
462338896,23975
462373286,23976
462412717,23977
462427721,23978
462471831,23979
462477311,23980
462520459,23981
462544271,23982
462552106,23983
462553444,23984
462586479,23985
462650584,23986
462665073,23987
462673299,23988
462707076,23989
462744656,23990
462810441,23991
462882466,23992
462891308,23993
462893360,23994
462901021,23995
462923401,23996
462924454,23997
462937832,23998
462952159,23999
463056472,24000
463162523,24001
463174675,24002
463203468,24003
463213263,24004
463216878,24005
463219907,24006
463227379,24007
463287560,24008
463321381,24009
463332152,24010
463352208,24011
463368802,24012
463384700,24013
463391485,24014
463437827,24015
463464290,24016
463483290,24017
463507636,24018
463555327,24019
463701316,24020
463732269,24021
463928526,24022
463977154,24023
464041772,24024
464050854,24025
464052109,24026
464061924,24027
464091536,24028
464111349,24029
464127111,24030
464128853,24031
464139678,24032
464141682,24033
464142339,24034
464156980,24035
464189079,24036
464198476,24037
464235324,24038
464254363,24039
464259204,24040
464308569,24041
464329417,24042
464387401,24043
464430219,24044
464554711,24045
464638841,24046
464659615,24047
464784344,24048
464791784,24049
464895181,24050
464895722,24051
464956212,24052
464960321,24053
464971433,24054
464976300,24055
464991414,24056
465037324,24057
465046002,24058
465083854,24059
465148464,24060
465158270,24061
465184830,24062
465227965,24063
465229719,24064
465231197,24065
465239629,24066
465240797,24067
465256418,24068
465380584,24069
465403720,24070
465526450,24071
465606210,24072
465624447,24073
465670452,24074
465724115,24075
465745822,24076
465763021,24077
465790247,24078
465795105,24079
465833589,24080
465917488,24081
465920715,24082
465934626,24083
465936656,24084
466010965,24085
466098316,24086
466099598,24087
466120689,24088
466130606,24089
466132468,24090
466143209,24091
466228100,24092
466234992,24093
466252186,24094
466269577,24095
466317625,24096
466348247,24097
466459653,24098
466544076,24099
466564883,24100
466579935,24101
466600468,24102
466699886,24103
466785373,24104
466854379,24105
466887318,24106
466910067,24107
467026090,24108
467026225,24109
467035743,24110
467041841,24111
467083422,24112
467117210,24113
467144470,24114
467222504,24115
467288095,24116
467296247,24117
467311392,24118
467394861,24119
467431191,24120
467458488,24121
467564488,24122
467576758,24123
467581563,24124
467605171,24125
467608981,24126
467760835,24127
467774585,24128
467792402,24129
467810972,24130
467836669,24131
467874730,24132
467887852,24133
467912418,24134
467914055,24135
467945759,24136
467955630,24137
468002667,24138
468008210,24139
468076547,24140
468140120,24141
468289379,24142
468316865,24143
468371463,24144
468525454,24145
468561236,24146
468567311,24147
468588961,24148
468626967,24149
468747328,24150
468769481,24151
468775243,24152
468841864,24153
468859057,24154
468869753,24155
468935148,24156
468940017,24157
469022809,24158
469048767,24159
469086244,24160
469207943,24161
469271212,24162
469371578,24163
469482906,24164
469485578,24165
469496227,24166
469551079,24167
469574767,24168
469630892,24169
469638342,24170
469651287,24171
469661019,24172
469696938,24173
469801511,24174
469812946,24175
469819969,24176
469825198,24177
469844391,24178
469845522,24179
469855330,24180
469887806,24181
469908826,24182
469984784,24183
470110839,24184
470159676,24185
470286235,24186
470299111,24187
470373325,24188
470469814,24189
470477882,24190
470541011,24191
470601243,24192
470676118,24193
470698243,24194
470718478,24195
470755651,24196
470780372,24197
470801827,24198
470807321,24199
470823464,24200
470832526,24201
470847932,24202
470936514,24203
470991581,24204
470993901,24205
471007062,24206
471038551,24207
471093944,24208
471140093,24209
471218594,24210
471219711,24211
471281574,24212
471302763,24213
471315853,24214
471324897,24215
471381716,24216
471438885,24217
471454363,24218
471478950,24219
471549941,24220
471560908,24221
471598527,24222
471609683,24223
471658721,24224
471664990,24225
471669994,24226
471767492,24227
471781538,24228
471864933,24229
471869310,24230
471886898,24231
471901279,24232
471931103,24233
471945538,24234
471955966,24235
472009754,24236
472021893,24237
472032882,24238
472083714,24239
472101830,24240
472104619,24241
472112809,24242
472126918,24243
472167748,24244
472186899,24245
472221936,24246
472258824,24247
472273222,24248
472273507,24249
472314695,24250
472317361,24251
472333004,24252
472358717,24253
472396868,24254
472404859,24255
472405146,24256
472410342,24257
472460061,24258
472490249,24259
472493258,24260
472509848,24261
472515859,24262
472537040,24263
472566026,24264
472570996,24265
472572774,24266
472589320,24267
472601994,24268
472605236,24269
472620271,24270
472621295,24271
472629659,24272
472645980,24273
472651888,24274
472669288,24275
472681093,24276
472757154,24277
472798299,24278
472812839,24279
472812902,24280
472856303,24281
472907368,24282
472929393,24283
473015654,24284
473063807,24285
473078661,24286
473089188,24287
473103815,24288
473145315,24289
473168025,24290
473170176,24291
473259249,24292
473279639,24293
473307740,24294
473369684,24295
473405235,24296
473435365,24297
473472787,24298
473633708,24299
473699017,24300
473702591,24301
473707798,24302
473711112,24303
473711381,24304
473757998,24305
473770192,24306
473778505,24307
473800992,24308
473822592,24309
473902743,24310
473982552,24311
474015959,24312
474019521,24313
474054440,24314
474086392,24315
474138720,24316
474162416,24317
474178244,24318
474191085,24319
474201642,24320
474215172,24321
474231747,24322
474242214,24323
474253999,24324
474256892,24325
474261983,24326
474274815,24327
474292669,24328
474314181,24329
474326710,24330
474371251,24331
474387365,24332
474394596,24333
474429336,24334
474445487,24335
474572466,24336
474594583,24337
474604973,24338
474610230,24339
474612178,24340
474620098,24341
474622985,24342
474632975,24343
474679557,24344
474738385,24345
474959399,24346
475030642,24347
475097891,24348
475163119,24349
475175511,24350
475274420,24351
475305767,24352
475315078,24353
475320898,24354
475380570,24355
475395419,24356
475398146,24357
475438180,24358
475441801,24359
475453930,24360
475569457,24361
475598338,24362
475614488,24363
475690797,24364
475747077,24365
475794211,24366
475851491,24367
475912792,24368
475992063,24369
476068989,24370
476126261,24371
476153944,24372
476172271,24373
476190715,24374
476197283,24375
476232816,24376
476238287,24377
476241719,24378
476278868,24379
476328584,24380
476330481,24381
476335339,24382
476341965,24383
476386472,24384
476400853,24385
476522226,24386
476537959,24387
476565539,24388
476603380,24389
476618808,24390
476709310,24391
476798492,24392
476811143,24393
476830011,24394
476891004,24395
477025077,24396
477119587,24397
477144441,24398
477250574,24399
477252121,24400
477276573,24401
477389688,24402
477550910,24403
477702366,24404
477718410,24405
477721092,24406
477738622,24407
477752984,24408
477775080,24409
477810986,24410
477852271,24411
478012265,24412
478082313,24413
478106866,24414
478129767,24415
478157435,24416
478189025,24417
478217803,24418
478249775,24419
478273399,24420
478281666,24421
478295219,24422
478383774,24423
478423147,24424
478477023,24425
478499464,24426
478519131,24427
478804560,24428
478890992,24429
478986508,24430
479005617,24431
479007785,24432
479055033,24433
479073261,24434
479075592,24435
479093428,24436
479130181,24437
479137278,24438
479175750,24439
479181526,24440
479234231,24441
479248773,24442
479263733,24443
479274937,24444
479302888,24445
479333634,24446
479403276,24447
479428496,24448
479432173,24449
479533877,24450
479608001,24451
479718850,24452
479844427,24453
479865302,24454
479880784,24455
479958497,24456
479962573,24457
479999621,24458
480019725,24459
480036136,24460
480066821,24461
480147479,24462
480260764,24463
480316076,24464
480316678,24465
480384086,24466
480443182,24467
480487406,24468
480502256,24469
480543668,24470
480586426,24471
480641475,24472
480778426,24473
480779937,24474
480863958,24475
480898205,24476
480924411,24477
480928357,24478
480958625,24479
480979390,24480
481008775,24481
481064548,24482
481117421,24483
481157563,24484
481206946,24485
481265916,24486
481295316,24487
481315458,24488
481550905,24489
481561617,24490
481582495,24491
481602345,24492
481625290,24493
481638082,24494
481665215,24495
481851614,24496
481880443,24497
481970181,24498
482092987,24499
482140116,24500
482227685,24501
482243641,24502
482264475,24503
482274576,24504
482314126,24505
482345012,24506
482388629,24507
482410789,24508
482416522,24509
482469142,24510
482469402,24511
482471798,24512
482528201,24513
482534131,24514
482720895,24515
482958572,24516
482960835,24517
483127577,24518
483206664,24519
483221066,24520
483266109,24521
483267032,24522
483281926,24523
483317943,24524
483341991,24525
483394844,24526
483395237,24527
483450448,24528
483482429,24529
483496390,24530
483514517,24531
483532946,24532
483620211,24533
483680843,24534
483686823,24535
483935715,24536
484072409,24537
484112068,24538
484119725,24539
484270244,24540
484317965,24541
484342498,24542
484353814,24543
484370085,24544
484392900,24545
484399952,24546
484401999,24547
484462709,24548
484476168,24549
484497386,24550
484506132,24551
484660909,24552
484702172,24553
484757103,24554
484868671,24555
484881084,24556
484891675,24557
484921417,24558
485000277,24559
485038283,24560
485166864,24561
485179361,24562
485186383,24563
485195363,24564
485227016,24565
485245794,24566
485293400,24567
485309377,24568
485324928,24569
485385033,24570
485423388,24571
485452691,24572
485497413,24573
485541424,24574
485608474,24575
485654284,24576
485675463,24577
485682694,24578
485703398,24579
485744071,24580
485746777,24581
485856231,24582
485892866,24583
485960927,24584
485964777,24585
486028650,24586
486048854,24587
486082501,24588
486085347,24589
486142640,24590
486177842,24591
486242255,24592
486274940,24593
486361268,24594
486424553,24595
486549335,24596
486558456,24597
486650403,24598
486654935,24599
486707920,24600
486761411,24601
486788820,24602
486799791,24603
486803766,24604
486816088,24605
486873234,24606
486888772,24607
486901898,24608
486920642,24609
487039635,24610
487042360,24611
487119609,24612
487140964,24613
487149843,24614
487162511,24615
487168474,24616
487171054,24617
487191523,24618
487200401,24619
487276769,24620
487351634,24621
487595501,24622
487630770,24623
487636923,24624
487642650,24625
487686275,24626
487769182,24627
487770873,24628
487789839,24629
487816817,24630
487909278,24631
487931480,24632
487948412,24633
487958368,24634
487962234,24635
488005565,24636
488060497,24637
488062499,24638
488065549,24639
488124828,24640
488233405,24641
488234766,24642
488262366,24643
488285765,24644
488285969,24645
488431274,24646
488464721,24647
488561271,24648
488578718,24649
488595698,24650
488603581,24651
488646335,24652
488829436,24653
488887567,24654
488981126,24655
489022370,24656
489068765,24657
489125657,24658
489157047,24659
489311556,24660
489477157,24661
489621426,24662
489656606,24663
489664520,24664
489679716,24665
489741586,24666
489748583,24667
489761361,24668
489784630,24669
489791207,24670
489844238,24671
489851102,24672
489903288,24673
489917221,24674
489949478,24675
489950748,24676
489961864,24677
490165873,24678
490166564,24679
490179072,24680
490198057,24681
490359640,24682
490376149,24683
490419761,24684
490451555,24685
490513467,24686
490558553,24687
490581218,24688
490636475,24689
490689678,24690
490690918,24691
490698110,24692
490761333,24693
490872147,24694
490885007,24695
490936163,24696
490936658,24697
490954924,24698
490964622,24699
490972185,24700
491084582,24701
491127476,24702
491280209,24703
491289884,24704
491388575,24705
491432017,24706
491475565,24707
491505832,24708
491506283,24709
491524535,24710
491677477,24711
491748291,24712
491764832,24713
491809971,24714
491820465,24715
491824279,24716
491960101,24717
491964661,24718
492181142,24719
492225571,24720
492289715,24721
492300217,24722
492330533,24723
492371884,24724
492399378,24725
492409033,24726
492474018,24727
492529570,24728
492534866,24729
492649547,24730
492654846,24731
492665799,24732
492702318,24733
492761781,24734
492769213,24735
492775893,24736
492802122,24737
492845237,24738
493018367,24739
493169081,24740
493207447,24741
493236098,24742
493371884,24743
493390391,24744
493410771,24745
493437030,24746
493524550,24747
493599661,24748
493616818,24749
493642020,24750
493652059,24751
493718461,24752
493724251,24753
493765358,24754
493842402,24755
493870135,24756
494021967,24757
494029723,24758
494070688,24759
494128669,24760
494190595,24761
494213047,24762
494307479,24763
494364900,24764
494380467,24765
494402796,24766
494501255,24767
494512103,24768
494541266,24769
494542584,24770
494550417,24771
494562710,24772
494569775,24773
494592271,24774
494645977,24775
494659664,24776
494898810,24777
495030064,24778
495115403,24779
495192900,24780
495200550,24781
495294779,24782
495313629,24783
495388226,24784
495473200,24785
495546507,24786
495602226,24787
495649892,24788
495676860,24789
495826544,24790
495849338,24791
496054455,24792
496123353,24793
496232268,24794
496233062,24795
496236228,24796
496316316,24797
496429994,24798
496474378,24799
496483325,24800
496533864,24801
496762984,24802
496913969,24803
496954384,24804
497021784,24805
497030135,24806
497098229,24807
497122699,24808
497221295,24809
497250928,24810
497259005,24811
497447536,24812
497463899,24813
497479950,24814
497485493,24815
497499354,24816
497505530,24817
497556979,24818
497610159,24819
497731840,24820
497756432,24821
498032653,24822
498061046,24823
498069549,24824
498197198,24825
498252261,24826
498256387,24827
498261464,24828
498300231,24829
498309351,24830
498324017,24831
498370572,24832
498486963,24833
498500498,24834
498802461,24835
498819528,24836
498842695,24837
498922994,24838
498982880,24839
499021993,24840
499089972,24841
499178824,24842
499199251,24843
499208312,24844
499233189,24845
499269541,24846
499283066,24847
499286175,24848
499390612,24849
499451764,24850
499571689,24851
499656413,24852
499696436,24853
499857716,24854
499894426,24855
499921716,24856
499955286,24857
500025425,24858
500065641,24859
500131988,24860
500154514,24861
500163143,24862
500205853,24863
500217624,24864
500254370,24865
500258526,24866
500300203,24867
500314835,24868
500329807,24869
500347191,24870
500368977,24871
500444558,24872
500494128,24873
500534728,24874
500567625,24875
500579331,24876
500592511,24877
500678833,24878
500764155,24879
500886203,24880
500970865,24881
501014370,24882
501061708,24883
501164397,24884
501222926,24885
501271146,24886
501302762,24887
501360323,24888
501380555,24889
501383289,24890
501397421,24891
501408422,24892
501431275,24893
501495428,24894
501495763,24895
501524441,24896
501635930,24897
501699115,24898
501725323,24899
501776785,24900
501817486,24901
501820039,24902
501877633,24903
501921451,24904
502002359,24905
502016386,24906
502022617,24907
502038975,24908
502071517,24909
502088521,24910
502177131,24911
502227569,24912
502231403,24913
502236983,24914
502319633,24915
502335393,24916
502342583,24917
502352528,24918
502425514,24919
502434651,24920
502445978,24921
502450328,24922
502456877,24923
502475865,24924
502492896,24925
502645686,24926
502743360,24927
502780289,24928
502787915,24929
502812216,24930
502823378,24931
502834612,24932
502898474,24933
502932318,24934
503112804,24935
503167891,24936
503172217,24937
503202205,24938
503250064,24939
503474809,24940
503580426,24941
503585549,24942
503589608,24943
503603307,24944
503613785,24945
503698899,24946
503749143,24947
503794853,24948
503823248,24949
503908035,24950
503925082,24951
503945249,24952
503984678,24953
504042723,24954
504127151,24955
504292719,24956
504379976,24957
504471188,24958
504477772,24959
504657230,24960
504760536,24961
504794717,24962
504819152,24963
504866726,24964
504897651,24965
504950994,24966
504995635,24967
505069575,24968
505073189,24969
505116245,24970
505150861,24971
505197449,24972
505214831,24973
505294099,24974
505302994,24975
505321458,24976
505322398,24977
505326546,24978
505411597,24979
505414563,24980
505434352,24981
505454899,24982
505549131,24983
505612937,24984
505638293,24985
505848389,24986
505932836,24987
506033683,24988
506144163,24989
506313478,24990
506320602,24991
506378975,24992
506447134,24993
506451728,24994
506454870,24995
506474401,24996
506498124,24997
506630525,24998
506706634,24999
506755739,25000
506757819,25001
506806711,25002
506853904,25003
506956991,25004
506958753,25005
507402662,25006
507814159,25007
507864785,25008
507874515,25009
507963717,25010
507976149,25011
507991096,25012
508006873,25013
508020749,25014
508110571,25015
508214922,25016
508245806,25017
508251817,25018
508252189,25019
508291722,25020
508335948,25021
508428841,25022
508486838,25023
508526310,25024
508570561,25025
508763841,25026
508838667,25027
508875850,25028
509016178,25029
509018908,25030
509102113,25031
509111325,25032
509151589,25033
509180134,25034
509333134,25035
509344810,25036
509485926,25037
509491159,25038
509501505,25039
509561504,25040
509698694,25041
510120656,25042
510245805,25043
510333371,25044
510618861,25045
510729672,25046
510961095,25047
511051520,25048
511167564,25049
511210135,25050
511235092,25051
511730466,25052
511856975,25053
512008900,25054
512045376,25055
512074521,25056
512110430,25057
512244100,25058
512327871,25059
512429495,25060
512430365,25061
512438877,25062
512482871,25063
512544220,25064
512556063,25065
512689487,25066
512718393,25067
512758145,25068
512762303,25069
512822645,25070
512824732,25071
512860075,25072
512964568,25073
513051520,25074
513080206,25075
513087375,25076
513178787,25077
513316414,25078
513336010,25079
513393260,25080
513401395,25081
513406646,25082
513409613,25083
513635060,25084
513715595,25085
513739938,25086
513750775,25087
513774875,25088
513775722,25089
513870882,25090
513873998,25091
513955836,25092
514125369,25093
514191122,25094
514213610,25095
514482028,25096
514536041,25097
514607095,25098
514638004,25099
514793921,25100
514820445,25101
514864995,25102
514868149,25103
514873213,25104
514907411,25105
514964885,25106
514964999,25107
515063795,25108
515136400,25109
515206505,25110
515493710,25111
515664415,25112
515672473,25113
515779438,25114
515782631,25115
515840554,25116
515949146,25117
515954764,25118
515955371,25119
515963914,25120
515969196,25121
515977745,25122
516021182,25123
516042618,25124
516048585,25125
516065423,25126
516092855,25127
516103610,25128
516133470,25129
516234856,25130
516237864,25131
516302381,25132
516501865,25133
516541767,25134
516570206,25135
516711830,25136
516734497,25137
516805564,25138
516815511,25139
516823345,25140
516917429,25141
516938410,25142
516948800,25143
517010854,25144
517043212,25145
517055217,25146
517076501,25147
517084598,25148
517086021,25149
517173288,25150
517181403,25151
517212934,25152
517226168,25153
517235597,25154
517255949,25155
517381934,25156
517485676,25157
517739093,25158
517811074,25159
517834224,25160
517835930,25161
517876210,25162
517883933,25163
517892482,25164
517912413,25165
517921051,25166
517946537,25167
517947130,25168
517961389,25169
518020575,25170
518108458,25171
518139305,25172
518145587,25173
518172292,25174
518198714,25175
518248535,25176
518329202,25177
518405274,25178
518507730,25179
518539966,25180
518596258,25181
518642806,25182
518646310,25183
518651331,25184
518759309,25185
518790589,25186
518807137,25187
518846648,25188
518954029,25189
519076313,25190
519080112,25191
519113010,25192
519115796,25193
519157129,25194
519458444,25195
519528919,25196
519562759,25197
519613161,25198
519615434,25199
519648487,25200
519740250,25201
519773428,25202
519809748,25203
519811886,25204
519870242,25205
519960679,25206
519974177,25207
520049353,25208
520122198,25209
520154692,25210
520373204,25211
520401044,25212
520483527,25213
520588713,25214
520607673,25215
520623826,25216
520704052,25217
520750006,25218
520779565,25219
520797076,25220
520820898,25221
520851138,25222
521069939,25223
521142615,25224
521255914,25225
521407670,25226
521413633,25227
521458643,25228
521474264,25229
521499023,25230
521500000,25231
521525295,25232
521761797,25233
521786200,25234
521817111,25235
521871577,25236
521894235,25237
521903585,25238
521956786,25239
521966673,25240
521995602,25241
522078771,25242
522120279,25243
522132942,25244
522269341,25245
522392908,25246
522516282,25247
522616532,25248
522691715,25249
522696447,25250
522749845,25251
522810877,25252
522826186,25253
522844540,25254
522887189,25255
523087744,25256
523431117,25257
523547538,25258
523759218,25259
523782755,25260
523796751,25261
523857129,25262
523871901,25263
523916118,25264
523931286,25265
523945535,25266
524041238,25267
524078820,25268
524327466,25269
524329211,25270
524336469,25271
524337527,25272
524349790,25273
524508152,25274
524524821,25275
524562107,25276
524623571,25277
524632527,25278
524725090,25279
524726157,25280
524727014,25281
524774633,25282
524816493,25283
524863586,25284
524901955,25285
524954604,25286
524990010,25287
525087368,25288
525233239,25289
525419131,25290
525421935,25291
525559791,25292
525630064,25293
525635292,25294
525641377,25295
525641456,25296
525641764,25297
525643462,25298
525653834,25299
525654398,25300
525686204,25301
525723796,25302
525754786,25303
525772096,25304
525784217,25305
525804909,25306
525815006,25307
525823750,25308
525830271,25309
525841276,25310
525850419,25311
525857359,25312
525874754,25313
525893350,25314
525893754,25315
525927245,25316
525954207,25317
525954482,25318
525955899,25319
525966425,25320
525979046,25321
526067482,25322
526119734,25323
526162113,25324
526179366,25325
526197032,25326
526346146,25327
526355587,25328
526437858,25329
526463447,25330
526500664,25331
526535825,25332
526601851,25333
526610167,25334
526632149,25335
526652030,25336
526654597,25337
526783358,25338
526789475,25339
526793617,25340
526881857,25341
526890589,25342
526952780,25343
526975727,25344
526976464,25345
527007725,25346
527008640,25347
527037927,25348
527076279,25349
527103508,25350
527153907,25351
527264765,25352
527276621,25353
527277460,25354
527308519,25355
527414877,25356
527421690,25357
527497582,25358
527553921,25359
527742770,25360
527934071,25361
527944350,25362
528069706,25363
528104203,25364
528129904,25365
528163923,25366
528296119,25367
528299503,25368
528441422,25369
528480384,25370
528568348,25371
528581970,25372
528670772,25373
528746268,25374
528775753,25375
528791330,25376
528823333,25377
528832805,25378
528865122,25379
528911765,25380
528991470,25381
529075204,25382
529102755,25383
529123058,25384
529264870,25385
529413655,25386
529540526,25387
529548616,25388
529548712,25389
529554922,25390
529555835,25391
529558090,25392
529569436,25393
529591144,25394
529628253,25395
529639879,25396
529694547,25397
529698376,25398
529711774,25399
529763939,25400
529774706,25401
529783816,25402
529792964,25403
529967481,25404
529979877,25405
530022198,25406
530822717,25407
530861422,25408
530867827,25409
531065398,25410
531197497,25411
531269689,25412
531288644,25413
531358356,25414
531375769,25415
531405805,25416
531430530,25417
531478369,25418
531479573,25419
531486752,25420
531501670,25421
531506617,25422
531510828,25423
531526536,25424
531547747,25425
531559216,25426
531565758,25427
531584958,25428
531587241,25429
531598198,25430
531622497,25431
531629036,25432
531650817,25433
531706752,25434
531734567,25435
531775205,25436
531803391,25437
531838375,25438
531848935,25439
531854855,25440
531893966,25441
531928115,25442
531933950,25443
531953874,25444
531972531,25445
532007000,25446
532018404,25447
532034830,25448
532198621,25449
532252341,25450
532285060,25451
532291506,25452
532299353,25453
532333893,25454
532376845,25455
532393287,25456
532435787,25457
532457531,25458
532459682,25459
532462063,25460
532473961,25461
532480691,25462
532496572,25463
532497105,25464
532502782,25465
532513408,25466
532542705,25467
532547274,25468
532574426,25469
532616064,25470
532704535,25471
532793173,25472
532865145,25473
532875615,25474
533014463,25475
533019443,25476
533128288,25477
533318130,25478
533358812,25479
533366813,25480
533444481,25481
533578801,25482
533603988,25483
533624547,25484
533638465,25485
533670216,25486
533755758,25487
533764397,25488
533784460,25489
533788222,25490
533896791,25491
533964188,25492
533973940,25493
533976735,25494
534042867,25495
534109208,25496
534350379,25497
534443386,25498
534566077,25499
534572665,25500
534586709,25501
534600193,25502
534607633,25503
534702573,25504
534745180,25505
534745687,25506
534831016,25507
534929951,25508
534966457,25509
534990701,25510
535013995,25511
535082360,25512
535111206,25513
535114284,25514
535137198,25515
535418289,25516
535554692,25517
535607356,25518
535620705,25519
535675339,25520
535728236,25521
535765244,25522
535794135,25523
535805782,25524
535817537,25525
535874485,25526
535877383,25527
535881008,25528
535940089,25529
535968827,25530
535973949,25531
535977623,25532
536036816,25533
536050489,25534
536061537,25535
536068379,25536
536081977,25537
536102733,25538
536142632,25539
536196910,25540
536355231,25541
536358090,25542
536485230,25543
536515099,25544
536612712,25545
536741262,25546
536830860,25547
536915288,25548
537375077,25549
537396091,25550
537407702,25551
537445137,25552
537449103,25553
537464605,25554
537512925,25555
537562937,25556
537568991,25557
537595174,25558
537602851,25559
537612240,25560
537781554,25561
537855432,25562
537864488,25563
537904539,25564
538006543,25565
538036220,25566
538055207,25567
538164641,25568
538185864,25569
538202888,25570
538270270,25571
538341747,25572
538403412,25573
538455539,25574
538457359,25575
538481859,25576
538509700,25577
538588118,25578
538617500,25579
538660395,25580
538666554,25581
538699837,25582
538734604,25583
538928741,25584
539086972,25585
539156210,25586
539160364,25587
539206290,25588
539228768,25589
539244898,25590
539281570,25591
539324725,25592
539338218,25593
539357972,25594
539369733,25595
539370551,25596
539391777,25597
539399848,25598
539490309,25599
539501956,25600
539506226,25601
539507891,25602
539573373,25603
539591420,25604
539629996,25605
539653181,25606
539684179,25607
539694503,25608
539699081,25609
539721796,25610
539748021,25611
539863097,25612
539976374,25613
540011996,25614
540106220,25615
540270942,25616
540295089,25617
540318927,25618
540354617,25619
540365015,25620
540405511,25621
540405757,25622
540431975,25623
540434360,25624
540446083,25625
540487752,25626
540519203,25627
540682530,25628
540742540,25629
540751981,25630
540758039,25631
540758086,25632
540759628,25633
540760301,25634
540838857,25635
540842052,25636
540845664,25637
540876738,25638
540903074,25639
540921764,25640
540954044,25641
540977837,25642
540978538,25643
541052393,25644
541060496,25645
541086423,25646
541112365,25647
541146980,25648
541204634,25649
541205504,25650
541205837,25651
541255369,25652
541257643,25653
541276270,25654
541279160,25655
541316823,25656
541328418,25657
541348691,25658
541428358,25659
541478995,25660
541508114,25661
541660708,25662
541777125,25663
541803625,25664
541833926,25665
541956698,25666
541959747,25667
542047708,25668
542249173,25669
542597451,25670
542662964,25671
542737548,25672
542817545,25673
542843723,25674
542890593,25675
542918338,25676
542930671,25677
542947234,25678
542962969,25679
543003302,25680
543115118,25681
543476265,25682
543495442,25683
543535171,25684
543555303,25685
543567716,25686
543612868,25687
543639618,25688
543709258,25689
543804360,25690
543864018,25691
543900990,25692
543910308,25693
543935155,25694
544106632,25695
544108976,25696
544120968,25697
544125873,25698
544193337,25699
544315703,25700
544378767,25701
544419519,25702
544428050,25703
544455308,25704
544568261,25705
544591880,25706
544621881,25707
544698741,25708
544749317,25709
544767854,25710
544789480,25711
544948785,25712
545048641,25713
545146690,25714
545363025,25715
545429758,25716
545454402,25717
545528259,25718
545533864,25719
545558834,25720
545592417,25721
545595820,25722
545603578,25723
545642497,25724
545783977,25725
545801629,25726
545812107,25727
546213436,25728
546228016,25729
546239230,25730
546258935,25731
546345994,25732
546394376,25733
546409372,25734
546425247,25735
546454934,25736
546456321,25737
546483558,25738
546488925,25739
546634791,25740
546886420,25741
546921825,25742
546992021,25743
547061755,25744
547097112,25745
547099087,25746
547114835,25747
547151747,25748
547252978,25749
547320272,25750
547332104,25751
547461296,25752
547588718,25753
547632699,25754
547863663,25755
547904132,25756
547919714,25757
547921720,25758
547936685,25759
547957130,25760
548020559,25761
548094028,25762
548117106,25763
548118897,25764
548121038,25765
548133519,25766
548207778,25767
548224597,25768
548229198,25769
548450190,25770
548551424,25771
548607911,25772
548613017,25773
548633178,25774
548670226,25775
548853526,25776
548961541,25777
549010901,25778
549083090,25779
549181612,25780
549189038,25781
549197794,25782
549244809,25783
549245155,25784
549350692,25785
549367327,25786
549423471,25787
549428411,25788
549435809,25789
549437274,25790
549513785,25791
549534773,25792
549600704,25793
549600981,25794
549647691,25795
549686424,25796
549688383,25797
549781169,25798
549787050,25799
549816417,25800
549817423,25801
549849310,25802
549862530,25803
549897040,25804
549919677,25805
550029547,25806
550050274,25807
550088457,25808
550132670,25809
550250082,25810
550376102,25811
550405075,25812
550412089,25813
550458044,25814
550532755,25815
550578053,25816
550578773,25817
550594547,25818
550612446,25819
550684641,25820
550733256,25821
550816410,25822
550968874,25823
550996210,25824
551036178,25825
551042400,25826
551104538,25827
551264176,25828
551302622,25829
551307928,25830
551397546,25831
551427404,25832
551506869,25833
551509847,25834
551629377,25835
551737362,25836
551821933,25837
551911519,25838
551930905,25839
551975321,25840
552032094,25841
552089644,25842
552117307,25843
552176637,25844
552245628,25845
552263724,25846
552312776,25847
552327444,25848
552345822,25849
552369033,25850
552382596,25851
552394818,25852
552395044,25853
552396532,25854
552402730,25855
552421902,25856
552527556,25857
552545051,25858
552732182,25859
552747287,25860
552802620,25861
552853052,25862
552988517,25863
553010243,25864
553031125,25865
553062982,25866
553100948,25867
553187912,25868
553190985,25869
553234473,25870
553276371,25871
553324848,25872
553478837,25873
553539566,25874
553642348,25875
553670175,25876
553676799,25877
553740112,25878
553780375,25879
553836803,25880
553867969,25881
553868541,25882
553882883,25883
553906530,25884
553937921,25885
553956648,25886
554012685,25887
554090187,25888
554159367,25889
554212828,25890
554280862,25891
554617385,25892
554726630,25893
554758868,25894
554765795,25895
554787596,25896
554835606,25897
554900764,25898
555028043,25899
555197794,25900
555199436,25901
555256262,25902
555416695,25903
555503622,25904
555518141,25905
555525022,25906
555569063,25907
555579293,25908
555629116,25909
555651105,25910
555698525,25911
555700817,25912
555805260,25913
555858404,25914
555859738,25915
555869004,25916
555977337,25917
555984181,25918
555984374,25919
556041079,25920
556053619,25921
556213491,25922
556239908,25923
556321713,25924
556348685,25925
556430834,25926
556663797,25927
556761875,25928
556791466,25929
557175261,25930
557212767,25931
557322775,25932
557329975,25933
557342650,25934
557357057,25935
557374614,25936
557640157,25937
557665372,25938
557771518,25939
557908357,25940
558052323,25941
558058097,25942
558124219,25943
558144122,25944
558149950,25945
558212749,25946
558215877,25947
558251172,25948
558275799,25949
558277756,25950
558294248,25951
558611439,25952
558686211,25953
558772900,25954
558903596,25955
558912077,25956
558919701,25957
558928102,25958
558963991,25959
558969189,25960
559028888,25961
559088851,25962
559166853,25963
559170295,25964
559179480,25965
559188954,25966
559358491,25967
559436667,25968
559553442,25969
559622182,25970
559623797,25971
559645321,25972
559650603,25973
559658119,25974
559679098,25975
559705005,25976
559720879,25977
559736376,25978
559798974,25979
559860276,25980
559864210,25981
559893377,25982
559947304,25983
559989119,25984
560001871,25985
560037983,25986
560097453,25987
560294989,25988
560326682,25989
560353679,25990
560362455,25991
560366873,25992
560427054,25993
560451376,25994
560462196,25995
560481984,25996
560507396,25997
560525275,25998
560583831,25999
560649262,26000
560653955,26001
560664973,26002
560697217,26003
560737722,26004
560765321,26005
560769852,26006
560774426,26007
560782335,26008
560801236,26009
560803984,26010
560809776,26011
560847861,26012
560954632,26013
561001099,26014
561020437,26015
561098353,26016
561137613,26017
561264121,26018
561310591,26019
561344309,26020
561400980,26021
561435104,26022
561472260,26023
561494482,26024
561530342,26025
561536174,26026
561542628,26027
561589946,26028
561600565,26029
561781298,26030
561902266,26031
562146755,26032
562207562,26033
562243823,26034
562282689,26035
562303201,26036
562331498,26037
562341296,26038
562342756,26039
562349265,26040
562372370,26041
562411937,26042
562444058,26043
562498029,26044
562503013,26045
562670469,26046
562714700,26047
562758533,26048
562800200,26049
562825760,26050
562866501,26051
562876988,26052
562927744,26053
562929305,26054
563061700,26055
563101204,26056
563123148,26057
563193143,26058
563216014,26059
563248978,26060
563308778,26061
563349096,26062
563391597,26063
563447188,26064
563565412,26065
563601553,26066
563609356,26067
563760715,26068
563785715,26069
563816968,26070
563840214,26071
563840329,26072
563851246,26073
563896772,26074
563944543,26075
563968410,26076
564023923,26077
564057317,26078
564122449,26079
564141120,26080
564147074,26081
564147856,26082
564197503,26083
564215886,26084
564239596,26085
564304327,26086
564502337,26087
564511791,26088
564553280,26089
564612626,26090
564667441,26091
564683839,26092
564789332,26093
564798277,26094
564824282,26095
564852155,26096
564924541,26097
564927741,26098
564986951,26099
565032824,26100
565055993,26101
565069884,26102
565082326,26103
565093786,26104
565101231,26105
565101674,26106
565112744,26107
565152839,26108
565176221,26109
565215014,26110
565425097,26111
565449382,26112
565453455,26113
565496417,26114
565516255,26115
565517930,26116
565539035,26117
565684006,26118
565726567,26119
565732390,26120
565775546,26121
565840424,26122
565863566,26123
565886416,26124
565891253,26125
565946449,26126
565956078,26127
565964973,26128
566072185,26129
566095251,26130
566125600,26131
566239459,26132
566247348,26133
566336166,26134
566487841,26135
566539833,26136
566643036,26137
566688127,26138
566720509,26139
566771560,26140
566848539,26141
566885037,26142
566917719,26143
566950537,26144
566973108,26145
567039350,26146
567209572,26147
567326156,26148
567338867,26149
567389852,26150
567416367,26151
567428951,26152
567620414,26153
567626521,26154
567649661,26155
567756424,26156
567770673,26157
567817247,26158
567819819,26159
567822632,26160
568157088,26161
568216214,26162
568394922,26163
568397916,26164
568422085,26165
568497073,26166
568507616,26167
568601988,26168
568623145,26169
568660517,26170
568667574,26171
568671396,26172
568713981,26173
568754266,26174
568773626,26175
568813937,26176
568950894,26177
569028430,26178
569118338,26179
569124043,26180
569163929,26181
569207704,26182
569221404,26183
569261412,26184
569274873,26185
569313952,26186
569332674,26187
569362590,26188
569410380,26189
569435826,26190
569467464,26191
569505870,26192
569530971,26193
569805756,26194
570115053,26195
570121611,26196
570127050,26197
570226745,26198
570396073,26199
570398475,26200
570447536,26201
570470577,26202
570532795,26203
570544336,26204
570574070,26205
570595228,26206
570630823,26207
570637233,26208
570752599,26209
570753125,26210
570859259,26211
570911869,26212
570969690,26213
570987051,26214
571005931,26215
571033952,26216
571040648,26217
571096030,26218
571104945,26219
571107566,26220
571239776,26221
571241678,26222
571246317,26223
571256223,26224
571292749,26225
571435316,26226
571496354,26227
571626162,26228
571693451,26229
571694412,26230
571725647,26231
571741248,26232
571796080,26233
571821457,26234
571823201,26235
571839701,26236
571874816,26237
571909472,26238
571966908,26239
572143255,26240
572143931,26241
572153395,26242
572210822,26243
572227132,26244
572317671,26245
572471988,26246
572655658,26247
572666480,26248
572878107,26249
572965711,26250
572981684,26251
573002111,26252
573016710,26253
573061135,26254
573106773,26255
573161534,26256
573239329,26257
573251569,26258
573277220,26259
573298983,26260
573312878,26261
573531813,26262
573649780,26263
573692319,26264
573697390,26265
574020783,26266
574141999,26267
574167589,26268
574170847,26269
574220290,26270
574279451,26271
574332498,26272
574412238,26273
574541533,26274
574561631,26275
574701065,26276
574792132,26277
574834682,26278
574862014,26279
574910944,26280
574915137,26281
574959395,26282
574981185,26283
575064729,26284
575064907,26285
575250545,26286
575268462,26287
575354882,26288
575485613,26289
575496919,26290
575548421,26291
575625319,26292
575632013,26293
575768667,26294
575773254,26295
575822102,26296
575851079,26297
575853659,26298
575857218,26299
575858975,26300
576106982,26301
576112195,26302
576144150,26303
576158500,26304
576242526,26305
576310098,26306
576311581,26307
576342812,26308
576560629,26309
576580745,26310
576587111,26311
576603162,26312
576679032,26313
576704376,26314
576756570,26315
576774795,26316
576786930,26317
576792686,26318
576795963,26319
576801455,26320
576804571,26321
576829705,26322
576869319,26323
576904095,26324
576904153,26325
576904521,26326
577233385,26327
577263319,26328
577291702,26329
577331537,26330
577337789,26331
577463717,26332
577506292,26333
577509954,26334
577526312,26335
577553459,26336
577557067,26337
577607118,26338
577728887,26339
577768293,26340
577786125,26341
577813609,26342
577834561,26343
578034364,26344
578269269,26345
578305828,26346
578432567,26347
578460899,26348
578479537,26349
578525346,26350
578567438,26351
578567824,26352
578945450,26353
578963077,26354
579092403,26355
579143344,26356
579221232,26357
579254423,26358
579308030,26359
579318160,26360
579457916,26361
579477995,26362
579519897,26363
579554103,26364
579880171,26365
579901797,26366
579906637,26367
579962917,26368
580026542,26369
580028925,26370
580037376,26371
580041801,26372
580085395,26373
580087447,26374
580106488,26375
580112447,26376
580235440,26377
580297940,26378
580408929,26379
580411528,26380
580445971,26381
580457981,26382
580477593,26383
580485582,26384
580497629,26385
580533283,26386
580538079,26387
580660926,26388
580697010,26389
580975146,26390
581026470,26391
581092355,26392
581209308,26393
581229094,26394
581230076,26395
581287952,26396
581333549,26397
581342543,26398
581372411,26399
581377959,26400
581394275,26401
581411896,26402
581432513,26403
581477214,26404
581491816,26405
581518524,26406
581613339,26407
581659694,26408
581689736,26409
581702752,26410
581811026,26411
581831550,26412
581880912,26413
581948329,26414
582009152,26415
582022057,26416
582128000,26417
582140844,26418
582160719,26419
582174538,26420
582202048,26421
582219349,26422
582255987,26423
582274766,26424
582313155,26425
582340780,26426
582438876,26427
582451659,26428
582523469,26429
582697898,26430
582759042,26431
582896030,26432
582927693,26433
583087066,26434
583094693,26435
583122991,26436
583123256,26437
583127113,26438
583130237,26439
583137547,26440
583208180,26441
583252309,26442
583263297,26443
583348785,26444
583352346,26445
583393798,26446
583427140,26447
583456963,26448
583663235,26449
583712656,26450
583792055,26451
583876893,26452
583891720,26453
583911995,26454
584007872,26455
584075747,26456
584153415,26457
584427327,26458
584445203,26459
584446504,26460
584625714,26461
584746310,26462
584750820,26463
584913961,26464
584927811,26465
584932677,26466
584945148,26467
584962910,26468
585004967,26469
585075627,26470
585109684,26471
585131800,26472
585237728,26473
585346626,26474
585350754,26475
585439004,26476
585725732,26477
585755171,26478
585886949,26479
586030553,26480
586053152,26481
586061297,26482
586113389,26483
586122556,26484
586161487,26485
586164526,26486
586181085,26487
586241007,26488
586287288,26489
586287326,26490
586302978,26491
586437481,26492
586567996,26493
586604293,26494
586618642,26495
586624738,26496
586697304,26497
586724399,26498
586768348,26499
586806211,26500
586910343,26501
586915315,26502
586939736,26503
586960747,26504
587001619,26505
587078723,26506
587138551,26507
587253172,26508
587537627,26509
587546334,26510
587674234,26511
587715179,26512
587716220,26513
587768114,26514
587782307,26515
587783109,26516
587800724,26517
587809589,26518
587838057,26519
587866520,26520
587911995,26521
587926686,26522
587951267,26523
587978301,26524
588009333,26525
588093997,26526
588097287,26527
588192356,26528
588239786,26529
588306025,26530
588324047,26531
588398207,26532
588436964,26533
588499156,26534
588515362,26535
588627245,26536
588627319,26537
588640557,26538
588660121,26539
588714374,26540
588717639,26541
588732151,26542
588775038,26543
588853221,26544
588910218,26545
589116892,26546
589119722,26547
589203160,26548
589286587,26549
589305704,26550
589305911,26551
589352994,26552
589417457,26553
589511830,26554
589525058,26555
589534569,26556
589596296,26557
589596682,26558
589637517,26559
589939365,26560
590120366,26561
590156804,26562
590173575,26563
590177097,26564
590332646,26565
590424090,26566
590447486,26567
590575864,26568
590579238,26569
590790404,26570
590814121,26571
590956648,26572
590975354,26573
591066939,26574
591092889,26575
591161523,26576
591175539,26577
591292234,26578
591305630,26579
591310560,26580
591383718,26581
591403936,26582
591438340,26583
591479916,26584
591524929,26585
591636804,26586
591762554,26587
591868225,26588
591878927,26589
591951432,26590
591981595,26591
592068315,26592
592105976,26593
592111705,26594
592176523,26595
592187365,26596
592201234,26597
592466122,26598
592488330,26599
592720735,26600
592734079,26601
592839365,26602
592982462,26603
593000775,26604
593040137,26605
593052607,26606
593054549,26607
593170194,26608
593265262,26609
593342422,26610
593440072,26611
593494162,26612
593543502,26613
593650979,26614
593786501,26615
593877807,26616
593929288,26617
593971141,26618
594022320,26619
594069871,26620
594072599,26621
594155150,26622
594176368,26623
594185810,26624
594221885,26625
594233612,26626
594244296,26627
594325700,26628
594332417,26629
594461421,26630
594683722,26631
594755473,26632
594776930,26633
594793018,26634
594869736,26635
594886554,26636
594890375,26637
594907949,26638
594926689,26639
594976909,26640
595035044,26641
595110005,26642
595200247,26643
595217360,26644
595237708,26645
595278162,26646
595547264,26647
595575147,26648
595684176,26649
595734891,26650
595769410,26651
595779264,26652
595803647,26653
595836885,26654
595883340,26655
595938635,26656
596151434,26657
596216642,26658
596447623,26659
596550310,26660
596681211,26661
596757845,26662
596779638,26663
596868340,26664
596936679,26665
596942058,26666
596965972,26667
597267379,26668
597480158,26669
597558995,26670
597577858,26671
597626721,26672
597669698,26673
597697511,26674
597728993,26675
597820438,26676
597883033,26677
597988937,26678
598154089,26679
598387165,26680
598387301,26681
598409194,26682
598425518,26683
598450810,26684
598452532,26685
598507498,26686
598600715,26687
598714692,26688
598767091,26689
598810759,26690
598914428,26691
598925796,26692
599035095,26693
599038340,26694
599054347,26695
599324652,26696
599414441,26697
599478682,26698
599565630,26699
599706029,26700
599731075,26701
599732723,26702
599754248,26703
599757991,26704
599763891,26705
599813808,26706
599814280,26707
599845847,26708
599876449,26709
599910444,26710
600001915,26711
600082127,26712
600226083,26713
600341139,26714
600361111,26715
600388491,26716
600416231,26717
600446906,26718
600469484,26719
600512838,26720
600531032,26721
600562316,26722
600660435,26723
600686488,26724
600701829,26725
600802581,26726
600865128,26727
600961272,26728
600974155,26729
601033522,26730
601076863,26731
601087282,26732
601133283,26733
601173448,26734
601189357,26735
601206889,26736
601216283,26737
601348725,26738
601364131,26739
601396321,26740
601419910,26741
601430387,26742
601549870,26743
601575704,26744
601612456,26745
601738614,26746
601878897,26747
601880815,26748
601890937,26749
601972526,26750
602089650,26751
602109683,26752
602111368,26753
602112659,26754
602274330,26755
602314070,26756
602323555,26757
602329307,26758
602334766,26759
602384991,26760
602438566,26761
602482914,26762
602746837,26763
602851165,26764
602902157,26765
602908469,26766
603000112,26767
603020600,26768
603034472,26769
603085201,26770
603117487,26771
603150699,26772
603168443,26773
603203668,26774
603228065,26775
603251188,26776
603327736,26777
603376827,26778
603756373,26779
603758566,26780
603792821,26781
603834484,26782
603846995,26783
603864595,26784
603890081,26785
603926517,26786
603948331,26787
604010080,26788
604010594,26789
604047473,26790
604076513,26791
604104611,26792
604125984,26793
604129418,26794
604154009,26795
604243082,26796
604404204,26797
604430370,26798
604460665,26799
604501850,26800
604609397,26801
604638430,26802
604661695,26803
604671638,26804
604746965,26805
604883440,26806
604941466,26807
604968163,26808
605081194,26809
605308892,26810
605309128,26811
605336520,26812
605428058,26813
605518225,26814
605566911,26815
605697707,26816
605722787,26817
605727932,26818
605757334,26819
605765129,26820
605811567,26821
605814950,26822
605827977,26823
605873428,26824
605909645,26825
605976052,26826
606026741,26827
606376989,26828
606377891,26829
606446720,26830
606528607,26831
606730290,26832
606817564,26833
606826961,26834
606837229,26835
606907410,26836
607168292,26837
607273203,26838
607355567,26839
607429733,26840
607558430,26841
607637922,26842
607780637,26843
607866258,26844
607871339,26845
607908342,26846
608031853,26847
608033428,26848
608044214,26849
608061331,26850
608229533,26851
608373666,26852
608385149,26853
608439791,26854
608456562,26855
608512987,26856
608526870,26857
608606511,26858
608647639,26859
608729554,26860
608802144,26861
608845770,26862
608973834,26863
609005451,26864
609133730,26865
609194623,26866
609350642,26867
609392809,26868
609514421,26869
609583253,26870
609625322,26871
609646131,26872
609663621,26873
609687291,26874
609800890,26875
609813993,26876
609897057,26877
609904392,26878
609963757,26879
609977261,26880
610171377,26881
610184393,26882
610250722,26883
610302740,26884
610321109,26885
610361577,26886
610364649,26887
610620000,26888
610666590,26889
610671463,26890
610751681,26891
610904764,26892
610943786,26893
611058482,26894
611095794,26895
611097005,26896
611108924,26897
611214518,26898
611331989,26899
611350965,26900
611460370,26901
611493910,26902
611564338,26903
611690464,26904
611775197,26905
611832301,26906
611835497,26907
611987690,26908
612115693,26909
612129565,26910
612139536,26911
612159362,26912
612168105,26913
612176998,26914
612181835,26915
612195878,26916
612197548,26917
612208873,26918
612212567,26919
612252775,26920
612252902,26921
612275703,26922
612345674,26923
612393215,26924
612505092,26925
612576449,26926
612660347,26927
612793406,26928
613051284,26929
613081818,26930
613089895,26931
613094591,26932
613615268,26933
613623369,26934
613627524,26935
613645325,26936
613699121,26937
613703206,26938
613709822,26939
613747307,26940
613838523,26941
613866704,26942
613988694,26943
614001799,26944
614010156,26945
614095300,26946
614121321,26947
614392560,26948
614440006,26949
614494863,26950
614498436,26951
614500070,26952
614566714,26953
614629718,26954
614688032,26955
614801913,26956
614808544,26957
614849592,26958
614901028,26959
614908991,26960
615004763,26961
615026809,26962
615153541,26963
615217292,26964
615342649,26965
615444672,26966
615446613,26967
615500906,26968
615576068,26969
615599662,26970
615624607,26971
615630862,26972
615643623,26973
615756162,26974
615844936,26975
615874533,26976
615937497,26977
616094008,26978
616152792,26979
616154696,26980
616395901,26981
616431247,26982
616450257,26983
616453952,26984
616487153,26985
616627736,26986
616677817,26987
616693605,26988
616797042,26989
616883030,26990
617022957,26991
617143161,26992
617246776,26993
617306804,26994
617391444,26995
617411009,26996
617564932,26997
617574277,26998
617619927,26999
617623561,27000
617643275,27001
617704944,27002
617723185,27003
617733378,27004
617825073,27005
617854798,27006
617991297,27007
617999869,27008
618058898,27009
618172850,27010
618230092,27011
618258504,27012
618275847,27013
618323281,27014
618376306,27015
618419310,27016
618428322,27017
618439295,27018
618497192,27019
618505602,27020
618521344,27021
618541222,27022
618819903,27023
618859633,27024
618862029,27025
618966172,27026
619056893,27027
619212683,27028
619221047,27029
619288825,27030
619332167,27031
619357720,27032
619503108,27033
619513806,27034
619570194,27035
619605859,27036
619665282,27037
619710207,27038
619738349,27039
619744272,27040
619767391,27041
619843206,27042
619902557,27043
620013769,27044
620075132,27045
620130221,27046
620136960,27047
620187233,27048
620217524,27049
620228575,27050
620246317,27051
620283948,27052
620294520,27053
620489159,27054
620513254,27055
620563027,27056
620587706,27057
620611977,27058
620698212,27059
620720557,27060
620737275,27061
620938769,27062
621145689,27063
621212631,27064
621218892,27065
621291336,27066
621391262,27067
621419621,27068
621524387,27069
621558435,27070
621599441,27071
621620724,27072
621734911,27073
621836837,27074
621873722,27075
622030157,27076
622100503,27077
622227808,27078
622245693,27079
622262310,27080
622365551,27081
622375270,27082
622462264,27083
622505815,27084
622519907,27085
622550346,27086
622860832,27087
622885791,27088
622941288,27089
622963530,27090
622969430,27091
623069902,27092
623123497,27093
623127510,27094
623162992,27095
623202002,27096
623203403,27097
623211195,27098
623302250,27099
623313100,27100
623409015,27101
623818332,27102
623877277,27103
623930453,27104
624004552,27105
624010398,27106
624081663,27107
624139495,27108
624161594,27109
624162674,27110
624168449,27111
624168488,27112
624194212,27113
624316671,27114
624397908,27115
624503451,27116
624557599,27117
624755869,27118
624827127,27119
624856316,27120
624909652,27121
624947383,27122
625138024,27123
625162365,27124
625233957,27125
625279135,27126
625345739,27127
625571662,27128
625668578,27129
625682411,27130
625751427,27131
625776538,27132
625818073,27133
625849778,27134
625857378,27135
625936746,27136
625978357,27137
626008452,27138
626045472,27139
626063811,27140
626117796,27141
626147407,27142
626272791,27143
626400091,27144
626412913,27145
626484494,27146
626658425,27147
626674509,27148
626682905,27149
626719714,27150
626823046,27151
626922075,27152
627006298,27153
627014279,27154
627059607,27155
627068413,27156
627115965,27157
627118786,27158
627423111,27159
627440949,27160
627462964,27161
627506160,27162
627517023,27163
627541849,27164
627612741,27165
627621642,27166
627669989,27167
627773242,27168
627830911,27169
627850271,27170
627861385,27171
627879483,27172
627912564,27173
628000650,27174
628028580,27175
628038157,27176
628077967,27177
628127890,27178
628216927,27179
628229843,27180
628527278,27181
628628960,27182
628629535,27183
628631389,27184
628638850,27185
628679609,27186
628696028,27187
628738016,27188
628768794,27189
628773508,27190
628806217,27191
628850985,27192
628885845,27193
628946366,27194
628974330,27195
629013405,27196
629065626,27197
629101642,27198
629309964,27199
629429595,27200
629663697,27201
629722128,27202
629725110,27203
629736306,27204
629738837,27205
629752601,27206
629789672,27207
629879443,27208
629884158,27209
630016165,27210
630019541,27211
630030090,27212
630144453,27213
630225969,27214
630265254,27215
630279508,27216
630311539,27217
630332432,27218
630368371,27219
630434463,27220
630493413,27221
630518888,27222
630538876,27223
630550934,27224
630600448,27225
630706192,27226
630708325,27227
630713359,27228
630717039,27229
630732363,27230
630738430,27231
630740328,27232
630813002,27233
630820548,27234
630869528,27235
630938834,27236
630940414,27237
630955059,27238
631061599,27239
631158500,27240
631224927,27241
631428693,27242
631437340,27243
631486246,27244
631506206,27245
631687101,27246
631733439,27247
631991278,27248
632125026,27249
632128647,27250
632209292,27251
632254162,27252
632294767,27253
632324569,27254
632436758,27255
632540961,27256
632571685,27257
632630880,27258
632660765,27259
632692664,27260
632705547,27261
632785985,27262
632934491,27263
632953993,27264
632959146,27265
633057512,27266
633117350,27267
633191403,27268
633200035,27269
633222954,27270
633228709,27271
633373387,27272
633424644,27273
633544021,27274
633580141,27275
633589124,27276
633599209,27277
633602468,27278
633607885,27279
633612340,27280
633614191,27281
633698662,27282
633839242,27283
633904501,27284
633948888,27285
633990985,27286
634000974,27287
634127261,27288
634160807,27289
634240907,27290
634298328,27291
634308522,27292
634322122,27293
634322695,27294
634339962,27295
634420661,27296
634686904,27297
634700204,27298
634703002,27299
634829224,27300
634915854,27301
634928390,27302
634958006,27303
634966944,27304
634993935,27305
635006897,27306
635013909,27307
635030509,27308
635062741,27309
635150558,27310
635195109,27311
635204214,27312
635300517,27313
635419330,27314
635565179,27315
635576995,27316
635608354,27317
635633721,27318
635648899,27319
635661462,27320
635716581,27321
635745335,27322
635750362,27323
635844354,27324
635852970,27325
635865273,27326
635950546,27327
635956087,27328
635958440,27329
636055441,27330
636058328,27331
636091528,27332
636192957,27333
636201781,27334
636233658,27335
636282390,27336
636295517,27337
636366430,27338
636391370,27339
636415876,27340
636491796,27341
636591224,27342
636602792,27343
636611445,27344
636612867,27345
636665082,27346
636689398,27347
636698609,27348
636732886,27349
636735851,27350
636856284,27351
636877779,27352
637014993,27353
637015681,27354
637030831,27355
637240183,27356
637284025,27357
637296893,27358
637316204,27359
637452042,27360
700002509,27361
700050488,27362
700145886,27363
700147283,27364
700286457,27365
700344470,27366
700429361,27367
700790740,27368
701094366,27369
701158106,27370
701316286,27371
701355318,27372
701406764,27373
701414763,27374
701430962,27375
701445559,27376
701611053,27377
701613859,27378
701617435,27379
701729624,27380
701784218,27381
701785454,27382
701827572,27383
701912642,27384
701929244,27385
702125877,27386
702128796,27387
702212952,27388
702291044,27389
702299198,27390
702345919,27391
702502728,27392
702543881,27393
702591266,27394
702700063,27395
702718979,27396
703020593,27397
703085564,27398
703136774,27399
703400666,27400
703561088,27401
703700384,27402
703877148,27403
703960171,27404
703994049,27405
704160739,27406
704215480,27407
704267856,27408
704306828,27409
704754727,27410
705019924,27411
705120171,27412
705197282,27413
705219158,27414
705318019,27415
705390463,27416
705454806,27417
705469391,27418
705473700,27419
705500738,27420
705539150,27421
705564782,27422
705650618,27423
705684934,27424
705899383,27425
706316420,27426
706346484,27427
706538900,27428
706577418,27429
706591680,27430
706595364,27431
706642012,27432
706664672,27433
706919497,27434
707531762,27435
707539548,27436
707637632,27437
707646326,27438
707768660,27439
707835582,27440
707874885,27441
707977364,27442
708035550,27443
708172959,27444
708176525,27445
708537581,27446
708584675,27447
708598225,27448
708886116,27449
709383577,27450
709513201,27451
709515504,27452
709560893,27453
709828169,27454
709837021,27455
709873775,27456
709939105,27457
709954868,27458
709973837,27459
710081353,27460
710085299,27461
710269431,27462
710369174,27463
710503140,27464
710725758,27465
710823593,27466
710840929,27467
710972201,27468
710978553,27469
710984115,27470
711040945,27471
711078884,27472
711083054,27473
711146798,27474
711167616,27475
711247123,27476
711302221,27477
711314070,27478
711329394,27479
711332993,27480
711345578,27481
711362530,27482
711499790,27483
711674898,27484
711700806,27485
711724490,27486
711734688,27487
711914731,27488
711998137,27489
712030506,27490
712173751,27491
712512991,27492
712899014,27493
713057275,27494
713059115,27495
713218818,27496
713256294,27497
713303634,27498
713308927,27499
713549582,27500
713766486,27501
713769332,27502
714195049,27503
714286988,27504
714468753,27505
714478704,27506
714479834,27507
714513542,27508
714593905,27509
714600883,27510
714658207,27511
714700573,27512
714729762,27513
714794713,27514
714921828,27515
714926235,27516
714947334,27517
714969089,27518
715044396,27519
715064623,27520
715188631,27521
715194083,27522
715336838,27523
715355972,27524
715548136,27525
715571516,27526
715602126,27527
715774238,27528
715968475,27529
716118089,27530
716277183,27531
716278814,27532
716373170,27533
716449136,27534
716709364,27535
716754127,27536
716760027,27537
716818902,27538
717156306,27539
717160687,27540
717167582,27541
717216324,27542
717218526,27543
717243036,27544
717301271,27545
717337177,27546
717348535,27547
717364182,27548
717646028,27549
717692852,27550
717709857,27551
717826254,27552
717927478,27553
718036617,27554
718154451,27555
718294442,27556
718319754,27557
718423836,27558
718529234,27559
718558208,27560
718566192,27561
718594302,27562
718626564,27563
718768609,27564
718859504,27565
718878073,27566
718951261,27567
718957124,27568
718962284,27569
719023092,27570
719288360,27571
719478714,27572
719720834,27573
719756991,27574
719868644,27575
719968179,27576
720100854,27577
720191714,27578
720316778,27579
720433909,27580
720681308,27581
720725023,27582
720846283,27583
720849914,27584
720874063,27585
721060976,27586
721092824,27587
721240656,27588
721298486,27589
721319378,27590
721377552,27591
721424317,27592
721445866,27593
721559348,27594
721803290,27595
722029592,27596
722139073,27597
722152752,27598
722315179,27599
722320969,27600
722341128,27601
722416010,27602
722495167,27603
722513881,27604
722594190,27605
722630419,27606
723017490,27607
723140072,27608
723175496,27609
723268933,27610
723330542,27611
723552020,27612
724210482,27613
724219435,27614
724259030,27615
724274382,27616
724579920,27617
724628834,27618
724664437,27619
724675262,27620
724681146,27621
724725967,27622
724778666,27623
724986271,27624
725098130,27625
725242058,27626
725374886,27627
725469518,27628
725587962,27629
725595571,27630
725810030,27631
725837046,27632
725861983,27633
726271782,27634
726441222,27635
726506916,27636
726635917,27637
726733386,27638
726753416,27639
726756098,27640
726773282,27641
726784412,27642
727187845,27643
727205461,27644
727284896,27645
727285854,27646
727400742,27647
727461444,27648
727472528,27649
727559448,27650
727816286,27651
728015623,27652
728180250,27653
728394116,27654
728433109,27655
728588534,27656
728639497,27657
729049392,27658
729262112,27659
729287995,27660
729461221,27661
729493615,27662
729712488,27663
729737570,27664
729852242,27665
729971132,27666
730002074,27667
730216224,27668
730563288,27669
730629716,27670
730665464,27671
730829214,27672
730899890,27673
730940785,27674
731093958,27675
731313816,27676
731414605,27677
731517853,27678
731612858,27679
731615665,27680
731668135,27681
731690714,27682
731706031,27683
731815814,27684
731827290,27685
731992194,27686
732172430,27687
732352453,27688
732746185,27689
732953612,27690
732980827,27691
733029535,27692
733159039,27693
733227116,27694
733238641,27695
733392253,27696
733401278,27697
733445714,27698
733538970,27699
733738782,27700
733879651,27701
733960316,27702
734021574,27703
734160380,27704
734289750,27705
734822150,27706
735213450,27707
735248340,27708
735256537,27709
735287912,27710
735621116,27711
735705336,27712
735711638,27713
735792331,27714
735852792,27715
736026823,27716
736069556,27717
736095344,27718
736174728,27719
736403342,27720
736710115,27721
736794944,27722
736840885,27723
736915488,27724
737211164,27725
737212237,27726
737245111,27727
737294036,27728
737351556,27729
737428458,27730
737445721,27731
737517290,27732
737578796,27733
737887496,27734
738051686,27735
738088808,27736
738213709,27737
738237307,27738
738279890,27739
738581064,27740
738696752,27741
739065738,27742
739111177,27743
739299132,27744
739326997,27745
739713600,27746
739727142,27747
739972242,27748
740085540,27749
740095561,27750
740396101,27751
740459431,27752
740581554,27753
740769140,27754
740877866,27755
740912545,27756
741151902,27757
741152402,27758
741264625,27759
741280364,27760
741819608,27761
741895826,27762
742121977,27763
742180610,27764
742760448,27765
742929168,27766
743275292,27767
743407993,27768
743467650,27769
743901649,27770
743908680,27771
744093090,27772
744179780,27773
744239370,27774
744266600,27775
744346880,27776
744363685,27777
744462696,27778
744516242,27779
744739326,27780
744903596,27781
745064858,27782
745417586,27783
745418844,27784
745625010,27785
746201370,27786
746595684,27787
747427663,27788
747552781,27789
747599983,27790
747639205,27791
747817771,27792
747822822,27793
747883651,27794
747926864,27795
747952500,27796
748009807,27797
748019120,27798
748026794,27799
748030279,27800
748056409,27801
748228932,27802
748302654,27803
748327729,27804
748418414,27805
748477502,27806
748538023,27807
748556016,27808
748745024,27809
749146850,27810
749562792,27811
749756030,27812
749798366,27813
749939078,27814
750073392,27815
750110616,27816
750215990,27817
750360169,27818
750397375,27819
750430579,27820
750602700,27821
750623802,27822
750626522,27823
750638966,27824
750652153,27825
750718063,27826
750798600,27827
751170072,27828
751214924,27829
751254931,27830
751281974,27831
751377548,27832
751533456,27833
751778144,27834
751789802,27835
751883928,27836
751907228,27837
751945350,27838
751996334,27839
752011789,27840
752139270,27841
752472211,27842
752552658,27843
752845417,27844
752895662,27845
753001742,27846
753162085,27847
753200431,27848
753213198,27849
753275934,27850
753369080,27851
753396295,27852
753465446,27853
753585492,27854
753604622,27855
753664585,27856
753817992,27857
754135908,27858
754200464,27859
754218464,27860
754295334,27861
754298778,27862
754347312,27863
754360658,27864
754370958,27865
754416690,27866
754505467,27867
754571738,27868
754647612,27869
754701355,27870
755038513,27871
755044748,27872
755184175,27873
755247414,27874
755266896,27875
755320566,27876
755390544,27877
755494812,27878
755498604,27879
755515638,27880
755576502,27881
755829115,27882
755844666,27883
755858677,27884
755864660,27885
755955463,27886
756063894,27887
756084012,27888
756100196,27889
756104184,27890
756240828,27891
756445699,27892
756524040,27893
756524952,27894
756620790,27895
756964296,27896
757047878,27897
757138182,27898
757173062,27899
757542434,27900
757603998,27901
757639609,27902
757909999,27903
757947343,27904
757997401,27905
758020214,27906
758076972,27907
758226805,27908
758232348,27909
758825179,27910
759125011,27911
759190508,27912
759349158,27913
759541952,27914
759581804,27915
759903343,27916
760337274,27917
760544600,27918
760597862,27919
761182141,27920
761465239,27921
761809752,27922
761985066,27923
762206448,27924
762380863,27925
762435337,27926
762775766,27927
762854683,27928
763207002,27929
763374020,27930
763534368,27931
763627830,27932
763759764,27933
763896246,27934
764103254,27935
764117870,27936
764408028,27937
764518416,27938
764606713,27939
764726677,27940
764841745,27941
764979343,27942
765099781,27943
765291499,27944
765652128,27945
765763200,27946
765814729,27947
766510340,27948
766672476,27949
766773692,27950
766775076,27951
766958760,27952
767036004,27953
767403506,27954
767466199,27955
767901762,27956
767968070,27957
768030296,27958
768033134,27959
768037195,27960
768111896,27961
768417164,27962
768514130,27963
768588614,27964
768732372,27965
768734186,27966
768899816,27967
769041458,27968
769208504,27969
769314494,27970
769563829,27971
769591224,27972
769702230,27973
769862798,27974
769971685,27975
769976095,27976
770289942,27977
770423912,27978
770577992,27979
770725784,27980
770750358,27981
770759270,27982
770823499,27983
770879618,27984
771204764,27985
771587202,27986
771759133,27987
771791833,27988
771861715,27989
772050240,27990
772168922,27991
772349203,27992
772676702,27993
772708831,27994
772737738,27995
773002782,27996
773071394,27997
773111161,27998
773226960,27999
773291641,28000
773794532,28001
773817692,28002
774099085,28003
774151944,28004
774153380,28005
774233618,28006
774378385,28007
774571159,28008
774719010,28009
774966642,28010
774992593,28011
775248746,28012
775303890,28013
775577678,28014
775646406,28015
775772958,28016
775923356,28017
775945039,28018
776165785,28019
776285184,28020
776334168,28021
776522766,28022
776663796,28023
776842650,28024
776912815,28025
776998171,28026
777026611,28027
777950082,28028
778023733,28029
778030033,28030
778154046,28031
778320152,28032
778506216,28033
778586922,28034
778745377,28035
778768050,28036
778990320,28037
779088110,28038
779093905,28039
779118265,28040
779305904,28041
779337810,28042
780020227,28043
780156612,28044
780269431,28045
780291397,28046
780297884,28047
780349164,28048
780427212,28049
780599191,28050
780623880,28051
780860256,28052
780992342,28053
781029062,28054
781108428,28055
781179992,28056
781279477,28057
781288694,28058
781519171,28059
781581566,28060
781853406,28061
781970125,28062
782211433,28063
782261448,28064
782270054,28065
782461412,28066
782637024,28067
782643547,28068
782688668,28069
782762251,28070
782856144,28071
783079207,28072
783178477,28073
783334501,28074
783428802,28075
783545520,28076
783595226,28077
783653898,28078
784438704,28079
784694388,28080
784827762,28081
784865526,28082
785018088,28083
785090725,28084
785114336,28085
785509346,28086
785519514,28087
785524554,28088
785535883,28089
785750900,28090
785908646,28091
785980106,28092
786031081,28093
786168984,28094
786327073,28095
786405282,28096
786494424,28097
787257313,28098
787484389,28099
787710852,28100
787774580,28101
787995546,28102
788018329,28103
788049661,28104
788202912,28105
788245477,28106
788416957,28107
788485022,28108
788754757,28109
788862888,28110
789014144,28111
789025662,28112
789107095,28113
789152840,28114
789341424,28115
789501139,28116
789565747,28117
789755286,28118
789845232,28119
790034004,28120
790212115,28121
790347452,28122
790389300,28123
790395794,28124
790398000,28125
790488312,28126
790529180,28127
790578828,28128
790620114,28129
790783038,28130
790947306,28131
790967023,28132
790969610,28133
791352343,28134
791369857,28135
791396106,28136
791458374,28137
791615755,28138
791667456,28139
791683627,28140
791772870,28141
791987130,28142
792005616,28143
792030332,28144
792468931,28145
792477061,28146
792561992,28147
792579313,28148
792665168,28149
792679386,28150
792686642,28151
792686947,28152
792769958,28153
792786013,28154
792809462,28155
792818366,28156
792856020,28157
792926154,28158
792957216,28159
792957302,28160
792985038,28161
793137019,28162
793226382,28163
793448282,28164
793665944,28165
793744861,28166
793754263,28167
793831550,28168
794161836,28169
794197148,28170
794304139,28171
794453995,28172
794467436,28173
794492185,28174
794779542,28175
794814458,28176
794824172,28177
795120656,28178
795223993,28179
795240445,28180
795242178,28181
795555518,28182
795639116,28183
795870090,28184
796009532,28185
796129668,28186
796292533,28187
796493114,28188
796604419,28189
796674710,28190
796766096,28191
796783051,28192
796907827,28193
796929367,28194
796941355,28195
796950486,28196
797026272,28197
797048545,28198
797267688,28199
797497100,28200
797606990,28201
798034514,28202
798151213,28203
798530833,28204
798692917,28205
798880842,28206
798884040,28207
798932341,28208
798947119,28209
798955915,28210
798957463,28211
799139934,28212
799140294,28213
799153915,28214
799257301,28215
799348165,28216
799407224,28217
799531411,28218
799600860,28219
799645428,28220
799653806,28221
800367661,28222
800510947,28223
800582840,28224
800637505,28225
800748296,28226
800845100,28227
801050580,28228
801142868,28229
801155676,28230
801285889,28231
801386856,28232
801517214,28233
801603578,28234
801641258,28235
801657973,28236
801676640,28237
801698222,28238
801932928,28239
802300944,28240
802495452,28241
802659122,28242
802812852,28243
802817546,28244
802857924,28245
803036480,28246
803365566,28247
803405082,28248
803405311,28249
803537880,28250
803540378,28251
803599688,28252
803659424,28253
803768022,28254
803778846,28255
803780191,28256
803798994,28257
803826720,28258
803958896,28259
803984504,28260
804056125,28261
804367045,28262
804594499,28263
804672966,28264
804841820,28265
804882536,28266
804917785,28267
804982640,28268
804990306,28269
804994645,28270
804999025,28271
805092764,28272
805241216,28273
805306772,28274
805348320,28275
805358514,28276
805615368,28277
805669518,28278
805676942,28279
805805971,28280
805857390,28281
805905864,28282
805906128,28283
805935860,28284
805973977,28285
806130732,28286
806598770,28287
806741814,28288
806816898,28289
806910794,28290
806930719,28291
807251274,28292
807313422,28293
807604742,28294
807622860,28295
807697532,28296
807745176,28297
807801852,28298
807832680,28299
807946974,28300
807947358,28301
808014258,28302
808021232,28303
808056906,28304
808087368,28305
808105915,28306
808121137,28307
808159668,28308
808160791,28309
808160912,28310
808165183,28311
808403995,28312
808550431,28313
808596350,28314
809071896,28315
809084047,28316
809142282,28317
809264905,28318
809395278,28319
809922577,28320
809945232,28321
809966174,28322
809973548,28323
810010376,28324
810053322,28325
810065125,28326
810126996,28327
810145062,28328
810171746,28329
810308636,28330
810449076,28331
810714324,28332
810740929,28333
810802664,28334
810928430,28335
811019724,28336
811156579,28337
811232569,28338
811514036,28339
811535436,28340
811710308,28341
811714086,28342
811748226,28343
811757814,28344
811821134,28345
811839450,28346
811841100,28347
811858381,28348
812079846,28349
812116676,28350
812215344,28351
812474688,28352
812542670,28353
812953368,28354
813002449,28355
813132084,28356
813235603,28357
813255204,28358
813307975,28359
813442106,28360
813467298,28361
813601842,28362
813682543,28363
813961831,28364
814054454,28365
814071234,28366
814252688,28367
814286166,28368
814331324,28369
814509978,28370
814576038,28371
814909356,28372
814980271,28373
815089381,28374
815111888,28375
815174527,28376
815654676,28377
815871284,28378
815992470,28379
816007820,28380
816021793,28381
816054770,28382
816280698,28383
816353328,28384
816433094,28385
816602323,28386
817997126,28387
818072437,28388
818128632,28389
818218662,28390
818266622,28391
818302412,28392
818372792,28393
818402736,28394
818411882,28395
818455932,28396
818518086,28397
818632328,28398
818674213,28399
818687724,28400
818705040,28401
818860556,28402
818968958,28403
818969215,28404
819381450,28405
819545180,28406
819690624,28407
819731072,28408
819732920,28409
819998784,28410
820187383,28411
820206469,28412
820304455,28413
820317835,28414
820390009,28415
820557078,28416
820596079,28417
820635751,28418
820779079,28419
820898784,28420
821172025,28421
821185646,28422
821304697,28423
821330863,28424
821365393,28425
821403404,28426
821660419,28427
821667290,28428
821700726,28429
821752764,28430
821810972,28431
821815562,28432
821842872,28433
821904798,28434
821923680,28435
821937560,28436
821981370,28437
822159271,28438
822177991,28439
822232722,28440
822294104,28441
822363751,28442
822374588,28443
822503749,28444
822533414,28445
822552073,28446
822576654,28447
822663973,28448
823123160,28449
823260266,28450
823393040,28451
823396141,28452
823411819,28453
823569486,28454
823593806,28455
823604576,28456
823882003,28457
823999692,28458
824101627,28459
824249443,28460
824325414,28461
824328062,28462
824371736,28463
824388799,28464
824450408,28465
824475554,28466
824597017,28467
824652127,28468
824915659,28469
825112244,28470
825238861,28471
825389378,28472
825450438,28473
825456943,28474
825501626,28475
825533281,28476
825616494,28477
825639044,28478
825815605,28479
826143847,28480
826656710,28481
826897596,28482
827085848,28483
827179910,28484
827210544,28485
827354772,28486
827424763,28487
827452826,28488
827458206,28489
827682691,28490
827685258,28491
827716975,28492
827733534,28493
827891118,28494
827945862,28495
828061123,28496
828068220,28497
828120944,28498
828142448,28499
828151412,28500
828195288,28501
828269029,28502
829080926,28503
829347607,28504
829684141,28505
829710272,28506
829735580,28507
829772538,28508
829881631,28509
829881710,28510
829937227,28511
830010780,28512
830035634,28513
830165186,28514
830622012,28515
830677920,28516
831028135,28517
831118177,28518
831384504,28519
831540882,28520
831568484,28521
831569756,28522
831571140,28523
831729216,28524
831747312,28525
831768450,28526
831864182,28527
832119061,28528
832194984,28529
832264788,28530
832267608,28531
832405118,28532
832482386,28533
832488312,28534
832710392,28535
832886564,28536
833401771,28537
833650770,28538
833651911,28539
833996407,28540
834358212,28541
834376664,28542
834672494,28543
834721574,28544
835034683,28545
835581920,28546
835635740,28547
835852447,28548
835881398,28549
836023958,28550
836089580,28551
836089962,28552
836263920,28553
836285976,28554
836305999,28555
836410892,28556
836442811,28557
836459690,28558
837063554,28559
837561853,28560
837931879,28561
838157258,28562
838199508,28563
838399572,28564
838431655,28565
838467824,28566
838526023,28567
838574552,28568
838579602,28569
838600122,28570
838629829,28571
838657405,28572
838764812,28573
838808288,28574
838891357,28575
838962740,28576
838976832,28577
839000234,28578
839020272,28579
839094956,28580
839292151,28581
839900593,28582
839910636,28583
839976991,28584
840040640,28585
840085243,28586
840089418,28587
840201576,28588
840219944,28589
840233712,28590
840309409,28591
840435552,28592
840585991,28593
840740250,28594
840793238,28595
840806628,28596
840823315,28597
841058988,28598
841081518,28599
841090794,28600
841341013,28601
841348237,28602
841450832,28603
841647078,28604
841745749,28605
841825064,28606
841884115,28607
841918326,28608
841940335,28609
842127468,28610
842251429,28611
842380784,28612
842461207,28613
842483718,28614
842484918,28615
842685444,28616
842785483,28617
842814446,28618
842979601,28619
842982350,28620
843337472,28621
843376526,28622
843592580,28623
843685266,28624
843743322,28625
843786576,28626
843794412,28627
843820334,28628
843900337,28629
843997519,28630
844115846,28631
844160664,28632
844450075,28633
844570009,28634
844602715,28635
844631388,28636
844646136,28637
844707242,28638
844810981,28639
844824048,28640
844850052,28641
845383141,28642
845430516,28643
845587668,28644
845649607,28645
845669107,28646
845690522,28647
845719214,28648
845997336,28649
846012835,28650
846029510,28651
846177468,28652
846204740,28653
846342115,28654
846467208,28655
846469328,28656
846504313,28657
846581161,28658
846734378,28659
846774044,28660
846871074,28661
846935101,28662
846945457,28663
847258784,28664
847319797,28665
847342165,28666
847753123,28667
848040139,28668
848092021,28669
848144754,28670
848195065,28671
848335885,28672
848377190,28673
848478188,28674
848518471,28675
848657047,28676
848821530,28677
848836722,28678
849126716,28679
849298806,28680
849426162,28681
849540415,28682
849678493,28683
849731322,28684
849743623,28685
849812971,28686
849926671,28687
850006352,28688
850018478,28689
850051080,28690
850095944,28691
850323991,28692
850633633,28693
851108329,28694
851255742,28695
851446794,28696
851464878,28697
851498569,28698
851512388,28699
851584488,28700
851695430,28701
851711263,28702
851799787,28703
851815758,28704
852002082,28705
852150805,28706
852306319,28707
852676610,28708
852707149,28709
853270471,28710
853307384,28711
853520712,28712
853575950,28713
853675591,28714
853711446,28715
853742990,28716
854308460,28717
854501376,28718
854784403,28719
854926250,28720
854973775,28721
855148266,28722
855301063,28723
855444446,28724
855556087,28725
855734425,28726
855753146,28727
855768566,28728
855803191,28729
855832310,28730
855844130,28731
856064568,28732
856264933,28733
856347266,28734
856421780,28735
856490520,28736
856703851,28737
856769995,28738
856894412,28739
856933050,28740
856954777,28741
857027251,28742
857096875,28743
857100528,28744
857123708,28745
857158867,28746
857183966,28747
857222888,28748
857247950,28749
857287854,28750
857422182,28751
857441222,28752
857902530,28753
857929994,28754
857998692,28755
858002282,28756
858103880,28757
858183696,28758
858278305,28759
858290600,28760
858386760,28761
858566216,28762
858654914,28763
858712682,28764
858716964,28765
858811681,28766
858826550,28767
859029968,28768
859315448,28769
859490624,28770
860077232,28771
860154853,28772
860200224,28773
860298074,28774
860311272,28775
860377074,28776
860473358,28777
860537298,28778
860542220,28779
860676937,28780
860765576,28781
860789563,28782
860792832,28783
860807707,28784
860808168,28785
860845021,28786
860856012,28787
860984647,28788
860988451,28789
861193664,28790
861299305,28791
861352778,28792
861408704,28793
861445200,28794
861625476,28795
861659911,28796
861681751,28797
861712795,28798
861868506,28799
861896869,28800
861965768,28801
862133474,28802
862163581,28803
862186898,28804
862225536,28805
862262467,28806
862335307,28807
862387184,28808
862502400,28809
862511048,28810
862626912,28811
862888680,28812
863039700,28813
863275092,28814
863349294,28815
863505721,28816
863569338,28817
863755201,28818
863844014,28819
863889445,28820
863908188,28821
863921628,28822
863949348,28823
864027450,28824
864042648,28825
864147860,28826
864150841,28827
864319676,28828
864424644,28829
864532554,28830
864716694,28831
864819445,28832
864881161,28833
864915625,28834
864927037,28835
865042082,28836
865064790,28837
865132056,28838
865200110,28839
865300364,28840
865303686,28841
865375951,28842
865485708,28843
865636782,28844
865682658,28845
865763376,28846
865840718,28847
865877420,28848
866063604,28849
866303856,28850
866636064,28851
866750220,28852
866788843,28853
866839813,28854
866937038,28855
866941982,28856
867163658,28857
867222619,28858
867257936,28859
867287382,28860
867316688,28861
867340944,28862
867343717,28863
867733021,28864
867861240,28865
868017104,28866
868295850,28867
868301143,28868
868379449,28869
868471236,28870
868497494,28871
868506452,28872
868580882,28873
868805886,28874
868856461,28875
868871472,28876
868913634,28877
869002608,28878
869049313,28879
869056016,28880
869110874,28881
869183214,28882
869638356,28883
869785399,28884
869851172,28885
870020203,28886
870161816,28887
870178590,28888
870179510,28889
870265885,28890
870389288,28891
870394272,28892
870490902,28893
870515786,28894
870579037,28895
870622062,28896
870721279,28897
870723726,28898
870773630,28899
870844160,28900
871201386,28901
871380631,28902
871845266,28903
871881092,28904
872221560,28905
872255996,28906
872262492,28907
872327408,28908
872376817,28909
872508648,28910
872516028,28911
872532882,28912
872543960,28913
872585952,28914
872666455,28915
872720970,28916
872786449,28917
872954089,28918
873062659,28919
873470365,28920
873593450,28921
873780536,28922
873783416,28923
873843786,28924
874013628,28925
874191954,28926
874226713,28927
874258021,28928
874463850,28929
874493862,28930
874499869,28931
874530757,28932
874602794,28933
874606098,28934
874612346,28935
874653758,28936
874724448,28937
874740812,28938
874743020,28939
874752151,28940
874763028,28941
874869986,28942
874929986,28943
874942982,28944
874982761,28945
875012492,28946
875097295,28947
875175385,28948
875312623,28949
875642220,28950
875662285,28951
875809039,28952
876031866,28953
876113958,28954
876261498,28955
876486679,28956
876563870,28957
876585518,28958
876642224,28959
876673021,28960
876695803,28961
876698706,28962
876704394,28963
876922530,28964
877093020,28965
877671313,28966
877693387,28967
877709701,28968
877846682,28969
877849556,28970
877951201,28971
878273437,28972
878399528,28973
878439888,28974
878621071,28975
878719854,28976
878803681,28977
878856404,28978
879010688,28979
879175639,28980
879272462,28981
879462066,28982
879489139,28983
879598382,28984
879731714,28985
880141153,28986
880261728,28987
880386674,28988
880438507,28989
880456062,28990
880678668,28991
880734110,28992
880840466,28993
880878080,28994
880929493,28995
881001991,28996
881048532,28997
881117832,28998
881143634,28999
881263908,29000
881304522,29001
881386514,29002
881582755,29003
881793271,29004
882053083,29005
882072794,29006
882425594,29007
882542365,29008
882748087,29009
882784867,29010
882929389,29011
882947018,29012
882998688,29013
883035882,29014
883151689,29015
883238654,29016
883316545,29017
883362157,29018
883421593,29019
883504898,29020
883520581,29021
883554422,29022
883838280,29023
884063155,29024
884304968,29025
884385044,29026
884648612,29027
884698502,29028
884724134,29029
884964133,29030
885039355,29031
885282283,29032
885297108,29033
885376405,29034
885428052,29035
885433602,29036
885480031,29037
885536852,29038
885563592,29039
885594949,29040
885633499,29041
885673171,29042
885684950,29043
885696506,29044
885716214,29045
885733974,29046
885738716,29047
885818088,29048
885893868,29049
885902718,29050
885944552,29051
885970926,29052
886005504,29053
886193449,29054
886421036,29055
886577874,29056
886593452,29057
886665680,29058
886816514,29059
886911072,29060
886984782,29061
887112722,29062
887302440,29063
887340668,29064
887381984,29065
887408780,29066
887493696,29067
887728466,29068
887794406,29069
887812075,29070
887883624,29071
887914064,29072
887946456,29073
887957676,29074
887963522,29075
888147504,29076
888502662,29077
888572174,29078
888672024,29079
888781836,29080
888895141,29081
889024146,29082
889212836,29083
889285226,29084
889453944,29085
889566793,29086
889726472,29087
889753225,29088
889781113,29089
889944842,29090
889980282,29091
889986612,29092
890067746,29093
890175553,29094
890192143,29095
890236020,29096
890302164,29097
890450888,29098
890458939,29099
890932466,29100
891069457,29101
891114542,29102
891150589,29103
891199856,29104
891274604,29105
891714356,29106
891962804,29107
892197414,29108
892355978,29109
892793550,29110
892894832,29111
893046055,29112
893063894,29113
893213150,29114
893449231,29115
893583625,29116
893756430,29117
893771864,29118
893856362,29119
893866556,29120
893894178,29121
893910542,29122
894092754,29123
894182786,29124
894379196,29125
894437281,29126
894451015,29127
894458917,29128
894476281,29129
894518408,29130
894558824,29131
894668179,29132
894946220,29133
895302740,29134
895437530,29135
895524704,29136
895669723,29137
895700276,29138
895831303,29139
895921148,29140
896009384,29141
896078485,29142
896175246,29143
896202187,29144
896400632,29145
896542344,29146
896577284,29147
896601648,29148
896780629,29149
896818194,29150
896927635,29151
896941926,29152
897635623,29153
897789679,29154
897952927,29155
898165160,29156
898245151,29157
898258831,29158
898260326,29159
898322827,29160
898332606,29161
898445311,29162
898524019,29163
898618220,29164
898680655,29165
898688886,29166
898710060,29167
898728732,29168
898774916,29169
898791127,29170
898826173,29171
898889359,29172
898927489,29173
898992114,29174
898995043,29175
899025511,29176
899059098,29177
899088097,29178
899091679,29179
899132934,29180
899317003,29181
899526444,29182
899596574,29183
899661858,29184
899796877,29185
899806609,29186
899862506,29187
899865349,29188
900187770,29189
900289700,29190
900387962,29191
900414258,29192
900461114,29193
900492324,29194
900538470,29195
900670338,29196
900732175,29197
900777782,29198
900817129,29199
900818436,29200
900863298,29201
900902233,29202
901039579,29203
901056266,29204
901354980,29205
901687368,29206
901700808,29207
901806960,29208
902196660,29209
902441725,29210
902528816,29211
902596597,29212
902857206,29213
902904265,29214
903017575,29215
903076261,29216
903089292,29217
903122724,29218
903143731,29219
903546572,29220
903585396,29221
903738458,29222
903988644,29223
904033152,29224
904132304,29225
904389026,29226
904679539,29227
904863313,29228
904943725,29229
905019768,29230
905090352,29231
905100980,29232
905198509,29233
905333935,29234
905374200,29235
905399486,29236
905424356,29237
905466356,29238
905803441,29239
905898240,29240
905955330,29241
906023286,29242
906398461,29243
906675799,29244
906725916,29245
906741254,29246
906916453,29247
907030550,29248
907039561,29249
907204976,29250
907258501,29251
907376150,29252
907774952,29253
907929618,29254
908064396,29255
908163312,29256
908299470,29257
908546028,29258
908675179,29259
908868955,29260
908909635,29261
909014827,29262
909115597,29263
909197814,29264
909218762,29265
909226608,29266
909434454,29267
909502074,29268
909564757,29269
909589118,29270
910161932,29271
910555291,29272
910731468,29273
910774957,29274
910811222,29275
910827055,29276
911133390,29277
911243395,29278
911391806,29279
911403918,29280
911441450,29281
911447790,29282
911449694,29283
912065095,29284
912081067,29285
912524804,29286
912583795,29287
912853116,29288
912920064,29289
913130725,29290
913145311,29291
913148672,29292
913224931,29293
913225194,29294
913225676,29295
913421804,29296
913517954,29297
913583258,29298
913588410,29299
913963364,29300
914172234,29301
914219348,29302
914515206,29303
914780798,29304
914932092,29305
915124153,29306
915137490,29307
915356900,29308
915417446,29309
915436742,29310
915477338,29311
915603715,29312
915660096,29313
915685075,29314
915850554,29315
915860389,29316
915872797,29317
916030039,29318
916255807,29319
916674830,29320
916713409,29321
916888770,29322
917320920,29323
917417316,29324
917497788,29325
917605388,29326
917639923,29327
917732023,29328
917745888,29329
917922457,29330
917988938,29331
918295123,29332
918862814,29333
919133953,29334
919168566,29335
919238408,29336
919261092,29337
919652918,29338
919708932,29339
919742078,29340
919781168,29341
919972921,29342
920143872,29343
920161381,29344
920173928,29345
920219473,29346
920277535,29347
921161317,29348
921343537,29349
921376165,29350
921567085,29351
921607476,29352
921641598,29353
921919675,29354
921942782,29355
922083786,29356
922238166,29357
922499366,29358
922775845,29359
922890204,29360
922974936,29361
923037565,29362
923252185,29363
923444960,29364
923631840,29365
923744617,29366
923863207,29367
923885029,29368
924286639,29369
924518520,29370
924559604,29371
924631603,29372
924905336,29373
925225818,29374
925406383,29375
925539403,29376
926043565,29377
926301210,29378
926383879,29379
926710740,29380
926894390,29381
926902484,29382
927071516,29383
928053308,29384
928091767,29385
928092260,29386
928183320,29387
928348494,29388
928447400,29389
928538126,29390
928559442,29391
928562208,29392
928602500,29393
928665294,29394
928839300,29395
928875248,29396
928883305,29397
928893576,29398
928980728,29399
928998313,29400
929047183,29401
929070722,29402
929250770,29403
929585106,29404
929597022,29405
929662333,29406
929670702,29407
929835944,29408
930178296,29409
930245052,29410
930288162,29411
930336973,29412
930367814,29413
930420008,29414
930491616,29415
930510482,29416
930553524,29417
930722851,29418
930776510,29419
930784507,29420
930880214,29421
930922219,29422
930962220,29423
930984661,29424
931027944,29425
931159784,29426
931250924,29427
931369374,29428
931387746,29429
932387550,29430
932413820,29431
932558718,29432
932642034,29433
932794369,29434
932838385,29435
932944808,29436
932961542,29437
933081097,29438
933254202,29439
933345733,29440
933426776,29441
933626858,29442
933729696,29443
933788114,29444
933865238,29445
934171550,29446
934537075,29447
934620134,29448
934644187,29449
934763628,29450
934785902,29451
934824404,29452
935018288,29453
935126658,29454
935146218,29455
935176344,29456
935212483,29457
935266471,29458
935325210,29459
935456701,29460
935561713,29461
935567858,29462
935642286,29463
935657138,29464
935852659,29465
936151177,29466
936225708,29467
936363702,29468
936377724,29469
937019478,29470
937423621,29471
937595996,29472
937629241,29473
937692350,29474
937761522,29475
937794260,29476
937897969,29477
937980787,29478
938085408,29479
938181134,29480
938489083,29481
938665004,29482
938674796,29483
938734008,29484
939024314,29485
939110922,29486
939537901,29487
939699204,29488
939762660,29489
940010208,29490
940157282,29491
940228015,29492
940312297,29493
940324717,29494
940368062,29495
940409352,29496
940483442,29497
940579435,29498
940612220,29499
941541092,29500
941645996,29501
941811858,29502
941943944,29503
942226236,29504
942481458,29505
942599598,29506
942773174,29507
942776228,29508
942822631,29509
942922922,29510
942974359,29511
943538226,29512
943707234,29513
943840837,29514
944089122,29515
944264634,29516
944317050,29517
944425148,29518
944453472,29519
944600304,29520
944629724,29521
944645761,29522
944754056,29523
944761292,29524
944820686,29525
944862457,29526
944884981,29527
944928162,29528
944970806,29529
944997565,29530
944998562,29531
945038419,29532
945094776,29533
945129277,29534
945579588,29535
945857035,29536
946014320,29537
946258093,29538
946285507,29539
946306705,29540
946439246,29541
946454455,29542
946600968,29543
946708213,29544
946712156,29545
946758018,29546
947312784,29547
947860807,29548
947913702,29549
948447974,29550
948636708,29551
948708523,29552
948947515,29553
949842266,29554
950250876,29555
950330322,29556
950341686,29557
950354640,29558
950371260,29559
950426113,29560
950435708,29561
950693851,29562
950738846,29563
950830002,29564
950976000,29565
950986862,29566
951030691,29567
951033024,29568
951865711,29569
951957156,29570
952132278,29571
952154641,29572
952156134,29573
952296307,29574
952414316,29575
952420249,29576
952522369,29577
952582423,29578
952623056,29579
952641019,29580
952766725,29581
952853833,29582
952891350,29583
952974044,29584
953105989,29585
953195186,29586
953199253,29587
953225486,29588
953494561,29589
953724470,29590
953756732,29591
953942467,29592
953950118,29593
953991390,29594
954124423,29595
954197461,29596
954391770,29597
954396150,29598
954407822,29599
954442326,29600
954603324,29601
954723132,29602
954801054,29603
955067324,29604
955296566,29605
955540952,29606
955736706,29607
955849700,29608
955906094,29609
956144640,29610
956201738,29611
956311722,29612
956324941,29613
956399624,29614
956412000,29615
956472636,29616
956476459,29617
956500429,29618
956503777,29619
956585876,29620
956815969,29621
957800172,29622
957832087,29623
957915054,29624
957915126,29625
957937159,29626
958324310,29627
958954370,29628
958962324,29629
959297263,29630
959304176,29631
959349781,29632
959465677,29633
959976434,29634
960364429,29635
960415981,29636
960897097,29637
960997760,29638
961117968,29639
961183704,29640
961196275,29641
961305445,29642
961490059,29643
961499306,29644
961551055,29645
961570746,29646
961641505,29647
961740320,29648
962591442,29649
962684082,29650
962694650,29651
962770207,29652
962929718,29653
962975419,29654
963063906,29655
963090560,29656
963145339,29657
963156776,29658
963203492,29659
963237806,29660
963298842,29661
963345181,29662
963393960,29663
963610398,29664
964233548,29665
965033180,29666
965199636,29667
965249545,29668
965298974,29669
965435300,29670
965526594,29671
965933742,29672
966214572,29673
966281384,29674
966297727,29675
966316886,29676
966638492,29677
966892832,29678
966980227,29679
967113620,29680
967275854,29681
967398901,29682
967611960,29683
967612946,29684
967639454,29685
967907432,29686
968136932,29687
968260598,29688
968701357,29689
968851322,29690
968853426,29691
969135283,29692
969206162,29693
970114428,29694
970200684,29695
970240309,29696
970620602,29697
970638541,29698
970646736,29699
970717333,29700
970721515,29701
970910023,29702
970976972,29703
971184626,29704
971314926,29705
971329916,29706
971354460,29707
972268302,29708
972420877,29709
972536750,29710
972573127,29711
972678104,29712
972741740,29713
972792960,29714
972916171,29715
972936630,29716
973123644,29717
973165392,29718
973503684,29719
973998762,29720
974030256,29721
974141202,29722
974496548,29723
974641723,29724
974820991,29725
974873779,29726
974932752,29727
975266304,29728
975328214,29729
975590268,29730
975657576,29731
975853472,29732
975875965,29733
975892170,29734
976095690,29735
976224446,29736
976294537,29737
976356878,29738
976596344,29739
976614260,29740
976893026,29741
976901094,29742
976918052,29743
977196816,29744
977508319,29745
977532342,29746
977660786,29747
977677104,29748
977702664,29749
977727912,29750
977867838,29751
978671796,29752
978771511,29753
978807608,29754
978815131,29755
978881826,29756
979005834,29757
979306459,29758
979316760,29759
979495020,29760
979522628,29761
979835396,29762
980903810,29763
980974518,29764
980991782,29765
981050484,29766
981120547,29767
981773677,29768
981809617,29769
981813216,29770
981858932,29771
981948571,29772
981962228,29773
983016968,29774
983070032,29775
983508625,29776
983533117,29777
983793061,29778
983798862,29779
983804832,29780
984163496,29781
984261643,29782
984735780,29783
984829711,29784
984909517,29785
985056318,29786
985082460,29787
985282664,29788
985622941,29789
985674762,29790
985865947,29791
985906658,29792
985960088,29793
986041237,29794
986177899,29795
986182992,29796
986624299,29797
987180163,29798
987216416,29799
987403369,29800
987467166,29801
987487946,29802
987602484,29803
987633210,29804
987663426,29805
987731827,29806
987778555,29807
987853194,29808
988077565,29809
988113577,29810
988120693,29811
988216526,29812
988226695,29813
988324790,29814
988395348,29815
988807548,29816
988961208,29817
989129311,29818
989671964,29819
989774624,29820
989824136,29821
989905712,29822
990077707,29823
990153204,29824
990160093,29825
990271538,29826
990448478,29827
990627116,29828
990956551,29829
991039718,29830
991242854,29831
991338416,29832
991610683,29833
991620979,29834
991714320,29835
991724917,29836
992130781,29837
992181362,29838
992193120,29839
992456004,29840
992474257,29841
992493594,29842
992496288,29843
992529355,29844
992703330,29845
992753041,29846
992853445,29847
993005376,29848
993197714,29849
993237104,29850
993275714,29851
993309463,29852
993479694,29853
993831704,29854
993919921,29855
994169114,29856
994172479,29857
994353354,29858
994386872,29859
994637239,29860
994918147,29861
995283854,29862
995337794,29863
995549803,29864
995740483,29865
995772872,29866
995928620,29867
996014052,29868
996154202,29869
996154574,29870
996248719,29871
996429127,29872
996456108,29873
996475266,29874
996935707,29875
996952435,29876
997221228,29877
997265917,29878
997296812,29879
997514912,29880
997599536,29881
997808053,29882
997810836,29883
998217114,29884
998475457,29885
998659356,29886
998749429,29887
998837054,29888
998979319,29889
999041245,29890
999453985,29891
999505526,29892
999506712,29893
999520105,29894
999565321,29895
999588744,29896
999906110,29897
999907196,29898
1000157142,29899
1000164918,29900
1000220582,29901
1000257210,29902
1000326727,29903
1000356188,29904
1000580305,29905
1000667646,29906
1000942098,29907
1001036455,29908
1001367564,29909
1001737352,29910
1001929386,29911
1001992369,29912
1002555114,29913
1002594986,29914
1002894085,29915
1002966181,29916
1003130904,29917
1003208960,29918
1003330856,29919
1003472804,29920
1003495159,29921
1003669872,29922
1003697563,29923
1004053002,29924
1004143693,29925
1004295330,29926
1004387720,29927
1004484211,29928
1004523859,29929
1004554363,29930
1004715116,29931
1004773472,29932
1004815170,29933
1004817067,29934
1004859236,29935
1004883410,29936
1004900282,29937
1004965908,29938
1004981809,29939
1005008256,29940
1005118766,29941
1005126732,29942
1005474206,29943
1005507576,29944
1005513302,29945
1005764143,29946
1006044266,29947
1006414333,29948
1006615872,29949
1006937372,29950
1006952581,29951
1007053832,29952
1007101814,29953
1007121066,29954
1007533944,29955
1007845926,29956
1007907384,29957
1008350594,29958
1008414175,29959
1008492163,29960
1008748038,29961
1009225514,29962
1009671457,29963
1009698583,29964
1010168695,29965
1010300628,29966
1010824586,29967
1011370322,29968
1011686834,29969
1011866532,29970
1012376300,29971
1012495398,29972
1012503242,29973
1012520624,29974
1012605522,29975
1013044969,29976
1013132864,29977
1013354095,29978
1013468760,29979
1013547847,29980
1013631061,29981
1013796373,29982
1013970396,29983
1014105524,29984
1014157956,29985
1014248527,29986
1014410142,29987
1014418280,29988
1014481404,29989
1014531926,29990
1014730596,29991
1015564322,29992
1015606076,29993
1015618196,29994
1015729890,29995
1015788055,29996
1016153754,29997
1016174184,29998
1016236338,29999
1016259498,30000
1016468076,30001
1016544696,30002
1016588101,30003
1016653442,30004
1016846959,30005
1017150805,30006
1017662618,30007
1017683802,30008
1018240152,30009
1018274174,30010
1018278619,30011
1018422037,30012
1018451839,30013
1018560540,30014
1018706923,30015
1018796281,30016
1018819218,30017
1018875824,30018
1018980438,30019
1019031384,30020
1019166589,30021
1019276924,30022
1019515410,30023
1019529781,30024
1020058453,30025
1020184764,30026
1020257318,30027
1020320952,30028
1020740042,30029
1020864042,30030
1021025779,30031
1021143493,30032
1021168321,30033
1021229786,30034
1021502318,30035
1022458196,30036
1022550523,30037
1022590015,30038
1022678804,30039
1022779850,30040
1022914543,30041
1023305808,30042
1023409892,30043
1023649345,30044
1023659581,30045
1023783762,30046
1023802580,30047
1023829232,30048
1023858600,30049
1024166370,30050
1024309812,30051
1024344643,30052
1024347018,30053
1024830871,30054
1024858411,30055
1025034091,30056
1025035982,30057
1025191008,30058
1025416075,30059
1025451360,30060
1025478548,30061
1025642330,30062
1025642856,30063
1025704284,30064
1025813862,30065
1025859013,30066
1025912046,30067
1026078007,30068
1026217459,30069
1026430753,30070
1026679093,30071
1026986804,30072
1027278973,30073
1027595330,30074
1027840020,30075
1028647111,30076
1028951935,30077
1029301681,30078
1029357372,30079
1029672686,30080
1029731599,30081
1029764929,30082
1029796776,30083
1029983642,30084
1030002331,30085
1030003465,30086
1030016136,30087
1030279280,30088
1030829425,30089
1031086644,30090
1031131729,30091
1031196289,30092
1031220115,30093
1031703968,30094
1031734616,30095
1031910582,30096
1032244813,30097
1032665540,30098
1033155493,30099
1033287282,30100
1033563091,30101
1033623632,30102
1033636171,30103
1033641080,30104
1033803546,30105
1033972021,30106
1034110562,30107
1034361733,30108
1034897815,30109
1035065172,30110
1035802574,30111
1035959701,30112
1035994969,30113
1036111818,30114
1036131230,30115
1036160779,30116
1036179241,30117
1036181450,30118
1036362769,30119
1036747494,30120
1036858632,30121
1037823200,30122
1038116857,30123
1038193556,30124
1038235795,30125
1038374904,30126
1038620035,30127
1038728899,30128
1038754818,30129
1038761035,30130
1038821832,30131
1038899606,30132
1038954511,30133
1039098714,30134
1039264699,30135
1039858782,30136
1040000472,30137
1040189226,30138
1040202692,30139
1040381851,30140
1040402623,30141
1040447646,30142
1040684384,30143
1040899058,30144
1041351337,30145
1041352038,30146
1041389521,30147
1041732343,30148
1041733536,30149
1042094342,30150
1042190910,30151
1042308169,30152
1042752596,30153
1042769017,30154
1043087220,30155
1043357336,30156
1043371734,30157
1043376614,30158
1043551706,30159
1043564442,30160
1043612215,30161
1043787594,30162
1043835012,30163
1043839590,30164
1043917694,30165
1043964368,30166
1044013380,30167
1044623124,30168
1045634766,30169
1045933766,30170
1046124318,30171
1046135256,30172
1046435258,30173
1046587447,30174
1046588576,30175
1046763757,30176
1047317755,30177
1047975170,30178
1048150544,30179
1048184294,30180
1048297374,30181
1048423470,30182
1048676918,30183
1049058014,30184
1049329776,30185
1049560369,30186
1049634204,30187
1049681827,30188
1049735851,30189
1049762580,30190
1050029270,30191
1050681528,30192
1050882356,30193
1051459086,30194
1051485312,30195
1051656901,30196
1051922042,30197
1051957986,30198
1052040667,30199
1052460212,30200
1052554452,30201
1052911951,30202
1053000366,30203
1053096115,30204
1053167256,30205
1053271752,30206
1053548948,30207
1053892176,30208
1053956072,30209
1054108099,30210
1054309058,30211
1054970498,30212
1054992506,30213
1055571858,30214
1055817618,30215
1055939472,30216
1056388153,30217
1056413365,30218
1056552596,30219
1056611233,30220
1056710088,30221
1056781848,30222
1057045722,30223
1057261784,30224
1057356487,30225
1057971672,30226
1058808528,30227
1058900713,30228
1058938586,30229
1059099559,30230
1059240937,30231
1059264691,30232
1059621601,30233
1059644598,30234
1060773500,30235
1061097912,30236
1061139612,30237
1061225234,30238
1061453130,30239
1061630048,30240
1061696234,30241
1061754128,30242
1062510240,30243
1062585126,30244
1062600966,30245
1062782264,30246
1062791150,30247
1062817646,30248
1062908329,30249
1063076700,30250
1063082702,30251
1063337108,30252
1063586514,30253
1063902367,30254
1063942566,30255
1063961131,30256
1064502660,30257
1064720174,30258
1064824394,30259
1064980178,30260
1065445292,30261
1065455761,30262
1065848342,30263
1065869268,30264
1066071350,30265
1066165238,30266
1066204172,30267
1066211305,30268
1066229618,30269
1066539908,30270
1066592533,30271
1066693320,30272
1066805876,30273
1067014519,30274
1067209832,30275
1067287825,30276
1067444526,30277
1067483594,30278
1067483766,30279
1067684294,30280
1068331230,30281
1068717691,30282
1068809875,30283
1069137992,30284
1069350162,30285
1069479678,30286
1069529749,30287
1069843994,30288
1069959716,30289
1070205481,30290
1070211180,30291
1070289462,30292
1071335408,30293
1071376531,30294
1071448806,30295
1071816775,30296
1071822834,30297
1072320019,30298
1072327080,30299
1072387866,30300
1072410860,30301
1072596854,30302
1072668181,30303
1072779949,30304
1073706282,30305
1074204212,30306
1074222151,30307
1074309715,30308
1074322128,30309
1074607166,30310
1074654169,30311
1075065103,30312
1075125594,30313
1075270452,30314
1075272558,30315
1075290390,30316
1075329384,30317
1075430821,30318
1075460258,30319
1075601472,30320
1075681776,30321
1075845350,30322
1075932535,30323
1076310283,30324
1076570982,30325
1076857674,30326
1077197310,30327
1077226994,30328
1077406988,30329
1077411926,30330
1077438404,30331
1077517573,30332
1077757998,30333
1077784694,30334
1078087836,30335
1078135514,30336
1078205125,30337
1078211426,30338
1078643245,30339
1080276308,30340
1080475808,30341
1080602371,30342
1080719690,30343
1080892105,30344
1080941352,30345
1080952178,30346
1081513452,30347
1081693262,30348
1081708562,30349
1081784365,30350
1082450118,30351
1082837389,30352
1083239214,30353
1083293557,30354
1083502856,30355
1083782498,30356
1083931693,30357
1084013263,30358
1084024586,30359
1084112678,30360
1084217197,30361
1084264573,30362
1084804352,30363
1085149063,30364
1085475476,30365
1086272618,30366
1086311502,30367
1086527186,30368
1086640518,30369
1086643477,30370
1086779562,30371
1086795740,30372
1086804950,30373
1087371074,30374
1087490430,30375
1087494060,30376
1087503266,30377
1087761774,30378
1087860505,30379
1088107033,30380
1088806153,30381
1089219422,30382
1090156999,30383
1090315591,30384
1090318284,30385
1090374206,30386
1090515984,30387
1090556088,30388
1090838772,30389
1090870387,30390
1090948867,30391
1090999268,30392
1091104740,30393
1091354204,30394
1091436991,30395
1091792078,30396
1092016542,30397
1092054368,30398
1092137971,30399
1092189457,30400
1092372758,30401
1092469333,30402
1092703016,30403
1092947383,30404
1093277930,30405
1093290402,30406
1093851158,30407
1094114329,30408
1094197688,30409
1094235626,30410
1095005778,30411
1095548593,30412
1095991100,30413
1096018525,30414
1096185936,30415
1096394166,30416
1096596001,30417
1096610376,30418
1096800422,30419
1096846674,30420
1097027300,30421
1097060131,30422
1097074460,30423
1097099569,30424
1097479369,30425
1097704494,30426
1097864376,30427
1098401288,30428
1098453488,30429
1098650130,30430
1098697202,30431
1098922777,30432
1099015518,30433
1099124418,30434
1099168975,30435
1099268803,30436
1099354710,30437
1099408663,30438
1099430960,30439
1099539254,30440
1099681615,30441
1099870434,30442
1100253632,30443
1100482634,30444
1100672312,30445
1101150086,30446
1101212720,30447
1101318499,30448
1101358790,30449
1101463740,30450
1101476665,30451
1101711800,30452
1101826598,30453
1101843144,30454
1101901555,30455
1102435104,30456
1102507878,30457
1102596217,30458
1102665366,30459
1102798981,30460
1103163980,30461
1103417551,30462
1103469228,30463
1103545254,30464
1103744480,30465
1103922284,30466
1103991265,30467
1104102986,30468
1104106477,30469
1104128448,30470
1104229782,30471
1104485263,30472
1104487159,30473
1104498614,30474
1104507710,30475
1104813811,30476
1104821204,30477
1105109342,30478
1105245114,30479
1105268576,30480
1105420999,30481
1105525076,30482
1105720130,30483
1105789112,30484
1105892616,30485
1105925390,30486
1106657874,30487
1106672064,30488
1106898122,30489
1107060930,30490
1107280430,30491
1107466603,30492
1107526080,30493
1107887564,30494
1108073234,30495
1108300322,30496
1108432586,30497
1108521032,30498
1108625665,30499
1109152742,30500
1109386315,30501
1109414496,30502
1109685884,30503
1109869152,30504
1109948761,30505
1110022212,30506
1110210332,30507
1110348529,30508
1110610488,30509
1110734330,30510
1111125584,30511
1111245572,30512
1111292917,30513
1111981442,30514
1112155254,30515
1112185436,30516
1112270755,30517
1112486646,30518
1112664216,30519
1112691919,30520
1112745872,30521
1112792598,30522
1112822244,30523
1112986038,30524
1113076406,30525
1113177727,30526
1113312986,30527
1113983916,30528
1114411362,30529
1114542486,30530
1114676563,30531
1114679700,30532
1115237750,30533
1115574980,30534
1115580631,30535
1115625631,30536
1115798550,30537
1116558697,30538
1117206877,30539
1117423418,30540
1117767373,30541
1118147150,30542
1118160204,30543
1118347591,30544
1118788734,30545
1119008556,30546
1119371750,30547
1119607400,30548
1119760256,30549
1119823189,30550
1120342686,30551
1120364671,30552
1120934792,30553
1121462672,30554
1121931865,30555
1122152078,30556
1122197396,30557
1122623600,30558
1122961266,30559
1122974516,30560
1123298202,30561
1123318256,30562
1123327922,30563
1123350403,30564
1123926276,30565
1124167148,30566
1125259723,30567
1125389677,30568
1125511860,30569
1125662972,30570
1125730909,30571
1125769070,30572
1125906518,30573
1125919046,30574
1125937411,30575
1126158889,30576
1126189962,30577
1126313186,30578
1126476572,30579
1126512673,30580
1126515734,30581
1126806397,30582
1126850347,30583
1127120035,30584
1127809028,30585
1128337086,30586
1128510168,30587
1128696500,30588
1128801025,30589
1128838970,30590
1129439004,30591
1129661486,30592
1129668384,30593
1129681555,30594
1129807808,30595
1129831802,30596
1130244464,30597
1130275662,30598
1130900893,30599
1131082922,30600
1131123974,30601
1131239118,30602
1132130064,30603
1132273598,30604
1132326644,30605
1132366646,30606
1132384026,30607
1132391474,30608
1133486365,30609
1133501083,30610
1133849990,30611
1133851076,30612
1134266136,30613
1134279810,30614
1134381199,30615
1134778176,30616
1135218048,30617
1135538484,30618
1135871581,30619
1135993442,30620
1136036089,30621
1136360048,30622
1136365028,30623
1136522773,30624
1136684586,30625
1137003396,30626
1137269324,30627
1137321362,30628
1137882374,30629
1137986071,30630
1138063376,30631
1138153808,30632
1138178221,30633
1138190185,30634
1138504291,30635
1138516844,30636
1138902686,30637
1139292793,30638
1140104521,30639
1140237624,30640
1140256868,30641
1140486889,30642
1140892771,30643
1141013155,30644
1141075789,30645
1141130401,30646
1141280744,30647
1141312794,30648
1141492476,30649
1142077052,30650
1143448730,30651
1143618223,30652
1143672055,30653
1143703748,30654
1143825782,30655
1143853926,30656
1144064870,30657
1144106352,30658
1144114729,30659
1144474542,30660
1144593456,30661
1144952430,30662
1145317729,30663
1145485878,30664
1145502025,30665
1145724890,30666
1145792010,30667
1145931205,30668
1146093337,30669
1146095960,30670
1146433140,30671
1146443696,30672
1146470090,30673
1146568784,30674
1146735673,30675
1146754950,30676
1146778172,30677
1146779562,30678
1146809210,30679
1146917808,30680
1147100083,30681
1147408314,30682
1147437914,30683
1147569859,30684
1147784450,30685
1147999849,30686
1148158412,30687
1148205248,30688
1148262037,30689
1148345372,30690
1148372244,30691
1148990407,30692
1149349536,30693
1149353412,30694
1149353702,30695
1149954738,30696
1150199900,30697
1150428254,30698
1150778605,30699
1150887752,30700
1151294509,30701
1151507142,30702
1151580595,30703
1151927912,30704
1152306944,30705
1152342199,30706
1152395600,30707
1152396852,30708
1152473580,30709
1152537608,30710
1152560275,30711
1152640796,30712
1152819163,30713
1153267914,30714
1154111378,30715
1154566280,30716
1154577847,30717
1155091850,30718
1155180271,30719
1155349627,30720
1155395190,30721
1155509034,30722
1155542953,30723
1155731180,30724
1156113362,30725
1156371384,30726
1156527625,30727
1157415012,30728
1157488746,30729
1157743440,30730
1158114846,30731
1158311508,30732
1158560725,30733
1158702786,30734
1158793980,30735
1158898068,30736
1159111442,30737
1159390200,30738
1159427167,30739
1159708765,30740
1160741648,30741
1160946450,30742
1161440250,30743
1161854180,30744
1161892621,30745
1161903018,30746
1161909350,30747
1162112953,30748
1162198044,30749
1162666939,30750
1163070384,30751
1163718781,30752
1164213025,30753
1164224114,30754
1164455828,30755
1164554108,30756
1164558229,30757
1164963978,30758
1165934089,30759
1166055372,30760
1166130295,30761
1166419759,30762
1166446741,30763
1166634602,30764
1166696112,30765
1166754726,30766
1166761314,30767
1166959640,30768
1167013236,30769
1167247262,30770
1167357134,30771
1167502861,30772
1167626312,30773
1167659197,30774
1167828475,30775
1167911899,30776
1168003370,30777
1168840772,30778
1169110058,30779
1169167640,30780
1169272328,30781
1169347825,30782
1169472404,30783
1169555990,30784
1169619438,30785
1169702192,30786
1170049086,30787
1170085884,30788
1170173582,30789
1170291836,30790
1170315990,30791
1170588625,30792
1170750078,30793
1170780073,30794
1170785185,30795
1171059090,30796
1171126440,30797
1171165118,30798
1172336971,30799
1172588544,30800
1172824022,30801
1172831154,30802
1173106255,30803
1173187458,30804
1173261715,30805
1173266624,30806
1173297186,30807
1173676573,30808
1173687408,30809
1173791168,30810
1173824917,30811
1173940586,30812
1174013167,30813
1175344584,30814
1175629656,30815
1176029954,30816
1176111655,30817
1176464341,30818
1176615978,30819
1177034606,30820
1177095026,30821
1177196383,30822
1177287104,30823
1177337491,30824
1177632823,30825
1177749511,30826
1177822908,30827
1177946539,30828
1180025371,30829
1180122894,30830
1180138560,30831
1180151588,30832
1180170914,30833
1180400887,30834
1180798231,30835
1180894730,30836
1180959578,30837
1181099010,30838
1181124217,30839
1181305388,30840
1181521622,30841
1181842302,30842
1182712856,30843
1182807762,30844
1182947209,30845
1182960816,30846
1183009507,30847
1183116912,30848
1183271604,30849
1183287198,30850
1183414735,30851
1183458667,30852
1183898623,30853
1183947482,30854
1183993172,30855
1184145816,30856
1184206560,30857
1184544560,30858
1184717562,30859
1185751957,30860
1185997248,30861
1186264603,30862
1186457310,30863
1186755254,30864
1186932432,30865
1187139175,30866
1187566584,30867
1187653542,30868
1187783053,30869
1188054740,30870
1188112058,30871
1188199008,30872
1188204096,30873
1188639319,30874
1189364432,30875
1190279863,30876
1190444628,30877
1190575692,30878
1190665808,30879
1190692975,30880
1190898636,30881
1191276464,30882
1191466808,30883
1191511122,30884
1191759848,30885
1191785269,30886
1191824160,30887
1191866785,30888
1192028204,30889
1192185912,30890
1193419771,30891
1193515824,30892
1194879655,30893
1195113114,30894
1195128679,30895
1195337396,30896
1195416696,30897
1195684554,30898
1195827348,30899
1195872366,30900
1196073606,30901
1196838541,30902
1197040147,30903
1198040479,30904
1199173050,30905
1199547158,30906
1200287814,30907
1201286894,30908
1201438302,30909
1201657058,30910
1201869050,30911
1202141268,30912
1202142132,30913
1202324233,30914
1202375425,30915
1202475007,30916
1202546744,30917
1202573257,30918
1203856092,30919
1205219923,30920
1205597174,30921
1205855666,30922
1205947873,30923
1205950728,30924
1206019429,30925
1206035390,30926
1206091106,30927
1206279740,30928
1206559015,30929
1206618644,30930
1206759049,30931
1206885618,30932
1206980798,30933
1208313326,30934
1208683914,30935
1209017300,30936
1209207764,30937
1209260184,30938
1209521629,30939
1209543422,30940
1209613802,30941
1209726476,30942
1209778926,30943
1209855428,30944
1209860034,30945
1209867661,30946
1209973686,30947
1210266938,30948
1210430617,30949
1211229349,30950
1212210354,30951
1212329816,30952
1213237104,30953
1213293126,30954
1213633117,30955
1214151823,30956
1214192959,30957
1214348562,30958
1214410454,30959
1214544156,30960
1214838343,30961
1214994781,30962
1215488834,30963
1215763321,30964
1216063614,30965
1216162105,30966
1216401157,30967
1216592365,30968
1216651544,30969
1216805785,30970
1217144322,30971
1217982678,30972
1218410592,30973
1218701029,30974
1218917286,30975
1219144500,30976
1219302366,30977
1219359792,30978
1219928870,30979
1220024238,30980
1220041100,30981
1220060515,30982
1220065236,30983
1220185729,30984
1220386050,30985
1220808835,30986
1220809902,30987
1220827400,30988
1220849328,30989
1221985825,30990
1222202646,30991
1222604156,30992
1222655605,30993
1222710030,30994
1222739934,30995
1222848121,30996
1222994899,30997
1223027365,30998
1223090863,30999
1223093156,31000
1223558916,31001
1223608789,31002
1223785658,31003
1223804845,31004
1223955961,31005
1225214648,31006
1225710823,31007
1225792795,31008
1225907048,31009
1226140092,31010
1226159444,31011
1226315239,31012
1226408898,31013
1226512668,31014
1226525630,31015
1226556204,31016
1226641662,31017
1226882071,31018
1226953628,31019
1227056377,31020
1227265260,31021
1227326366,31022
1227355279,31023
1227789403,31024
1227852967,31025
1228375771,31026
1228464613,31027
1228524308,31028
1228544646,31029
1228576046,31030
1228600591,31031
1228806157,31032
1228899091,31033
1229007625,31034
1229321503,31035
1229396791,31036
1229519227,31037
1229742127,31038
1230778824,31039
1231122511,31040
1231482127,31041
1231519466,31042
1232047946,31043
1232203603,31044
1232246671,31045
1232252316,31046
1232360406,31047
1232706212,31048
1232930305,31049
1232959886,31050
1232971412,31051
1234460562,31052
1234898832,31053
1235018342,31054
1235373914,31055
1235421986,31056
1235804946,31057
1235854104,31058
1236735768,31059
1236814843,31060
1236903174,31061
1237062811,31062
1237188824,31063
1237340288,31064
1237344978,31065
1237351394,31066
1237813063,31067
1237920517,31068
1238486083,31069
1239062041,31070
1239733916,31071
1239869563,31072
1240092625,31073
1240110439,31074
1240167396,31075
1240176822,31076
1240177465,31077
1240334198,31078
1240373779,31079
1240397232,31080
1240417848,31081
1240574540,31082
1241637750,31083
1241714936,31084
1241952727,31085
1242107598,31086
1242171468,31087
1242218742,31088
1242253442,31089
1242462181,31090
1242559988,31091
1242562597,31092
1242611227,31093
1242769566,31094
1242902984,31095
1242969978,31096
1244052474,31097
1244155830,31098
1244291976,31099
1244506142,31100
1244961942,31101
1245250256,31102
1245326455,31103
1245409051,31104
1246096020,31105
1246116332,31106
1246116410,31107
1246272158,31108
1246900826,31109
1247136906,31110
1247221267,31111
1247379746,31112
1247480551,31113
1247503507,31114
1247716405,31115
1247746110,31116
1247756389,31117
1247771922,31118
1247800014,31119
1247833728,31120
1247861058,31121
1247950627,31122
1248093528,31123
1248097969,31124
1248172814,31125
1248431851,31126
1248451741,31127
1248884738,31128
1249055610,31129
1249373376,31130
1249436738,31131
1249704960,31132
1250079266,31133
1250117214,31134
1250122226,31135
1250223434,31136
1250245416,31137
1250269297,31138
1250273168,31139
1250370126,31140
1250393527,31141
1250419446,31142
1250425472,31143
1250533248,31144
1250536345,31145
1250772834,31146
1252154210,31147
1252417778,31148
1252442352,31149
1252647624,31150
1252826672,31151
1252841424,31152
1252963694,31153
1252997479,31154
1253029722,31155
1253091170,31156
1253212004,31157
1253223967,31158
1253911046,31159
1254320534,31160
1254733686,31161
1254748676,31162
1255285639,31163
1255294398,31164
1255395978,31165
1255621518,31166
1255898203,31167
1255987747,31168
1256070236,31169
1256596382,31170
1256824939,31171
1257122328,31172
1257526351,31173
1257571532,31174
1257750577,31175
1258161890,31176
1258242542,31177
1258503396,31178
1258704642,31179
1258710516,31180
1258946970,31181
1259251062,31182
1259393028,31183
1259406020,31184
1259777808,31185
1259792815,31186
1259906438,31187
1260122196,31188
1260330002,31189
1260536904,31190
1260761833,31191
1261041163,31192
1261045009,31193
1261307846,31194
1261329704,31195
1262384984,31196
1262448811,31197
1262859967,31198
1262980543,31199
1263002017,31200
1263014184,31201
1263039180,31202
1263078506,31203
1263080796,31204
1263144126,31205
1263170610,31206
1263282948,31207
1263286459,31208
1263422929,31209
1263443612,31210
1264215103,31211
1264369250,31212
1264483320,31213
1264643768,31214
1264696538,31215
1264734342,31216
1265046750,31217
1265157156,31218
1265157624,31219
1265174228,31220
1265174522,31221
1265177454,31222
1265179171,31223
1265180275,31224
1265180598,31225
1265188801,31226
1265189857,31227
1265213376,31228
1265246162,31229
1265286882,31230
1265333089,31231
1265386076,31232
1265607500,31233
1265621173,31234
1265647256,31235
1265677226,31236
1265710784,31237
1265836746,31238
1265982823,31239
1266102782,31240
1266323203,31241
1266390162,31242
1266885961,31243
1267260163,31244
1267358774,31245
1267376024,31246
1267401278,31247
1267606902,31248
1267692732,31249
1267828783,31250
1267972110,31251
1268188956,31252
1268245674,31253
1268353729,31254
1268493583,31255
1268570407,31256
1268612959,31257
1268941237,31258
1269539412,31259
1270271011,31260
1270282776,31261
1270441436,31262
1270778390,31263
1270821780,31264
1270839408,31265
1271003173,31266
1271076001,31267
1271354934,31268
1271377189,31269
1271678324,31270
1272041820,31271
1272054649,31272
1272127718,31273
1272134694,31274
1273117202,31275
1273133683,31276
1273315104,31277
1273443697,31278
1273480106,31279
1273888741,31280
1273978958,31281
1275280032,31282
1275375818,31283
1275659118,31284
1275700020,31285
1275747360,31286
1276405050,31287
1276453176,31288
1276518571,31289
1276535970,31290
1276752132,31291
1277747886,31292
1278324037,31293
1278832316,31294
1279081574,31295
1279164704,31296
1279368584,31297
1279410769,31298
1279485974,31299
1279611001,31300
1279864916,31301
1280111971,31302
1280307396,31303
1280391829,31304
1280464184,31305
1280698093,31306
1280700488,31307
1280951372,31308
1280971640,31309
1281007274,31310
1281185923,31311
1281462092,31312
1281691740,31313
1281874014,31314
1281882980,31315
1281938924,31316
1282063153,31317
1282132892,31318
1282158128,31319
1282197158,31320
1283091044,31321
1283343019,31322
1283359382,31323
1283444665,31324
1283552755,31325
1283834881,31326
1283953424,31327
1284090078,31328
1284236539,31329
1284520375,31330
1284828757,31331
1284880992,31332
1284943735,31333
1285181178,31334
1285268612,31335
1285623192,31336
1285922191,31337
1286218440,31338
1286373727,31339
1286402402,31340
1286664894,31341
1286677808,31342
1286830670,31343
1286904355,31344
1287018594,31345
1287074820,31346
1287168115,31347
1287176671,31348
1287220346,31349
1287290694,31350
1287300193,31351
1287354133,31352
1287410178,31353
1287526376,31354
1287787429,31355
1287792877,31356
1287828049,31357
1288076383,31358
1288307976,31359
1288333944,31360
1289444820,31361
1289846305,31362
1290052332,31363
1290117662,31364
1290142435,31365
1290162984,31366
1290239300,31367
1290248102,31368
1290864270,31369
1291000952,31370
1291642196,31371
1291770157,31372
1291875800,31373
1292078516,31374
1292208949,31375
1292439571,31376
1292751308,31377
1292921312,31378
1292968105,31379
1293148868,31380
1293538381,31381
1293774062,31382
1293923341,31383
1294288518,31384
1294711250,31385
1295355968,31386
1295356692,31387
1295403289,31388
1295724986,31389
1296157951,31390
1296593246,31391
1297053758,31392
1297087104,31393
1297207694,31394
1297229138,31395
1297246490,31396
1297252190,31397
1297425492,31398
1297689799,31399
1298364756,31400
1298479236,31401
1298935814,31402
1299258126,31403
1299438889,31404
1299769218,31405
1300197446,31406
1300773824,31407
1300950229,31408
1301130374,31409
1301244769,31410
1301311892,31411
1301340014,31412
1301362039,31413
1301364216,31414
1301405713,31415
1301423652,31416
1301899668,31417
1302180006,31418
1302283879,31419
1302505034,31420
1302752682,31421
1304153700,31422
1304334404,31423
1304410718,31424
1304556728,31425
1305332574,31426
1305361531,31427
1305539666,31428
1305591290,31429
1305673812,31430
1305813000,31431
1305908575,31432
1306017072,31433
1306242882,31434
1307028896,31435
1307480432,31436
1307486371,31437
1308491773,31438
1308509430,31439
1308675822,31440
1308784856,31441
1308814038,31442
1309022360,31443
1309141698,31444
1309487712,31445
1309748028,31446
1310344602,31447
1310577680,31448
1310811456,31449
1310884650,31450
1310984786,31451
1311139567,31452
1311152898,31453
1311164726,31454
1311187087,31455
1311194118,31456
1311199069,31457
1311764406,31458
1312163581,31459
1312273627,31460
1312276070,31461
1313985974,31462
1314091082,31463
1314606037,31464
1315224110,31465
1315370654,31466
1315396962,31467
1315433275,31468
1315579616,31469
1315603291,31470
1315636692,31471
1315984580,31472
1316741534,31473
1316808212,31474
1316829918,31475
1317006050,31476
1317145435,31477
1317211842,31478
1317557750,31479
1317595381,31480
1317606254,31481
1317650570,31482
1317658249,31483
1317689665,31484
1317731258,31485
1317807504,31486
1318164469,31487
1318197110,31488
1318339148,31489
1318444970,31490
1318582820,31491
1318714063,31492
1318942218,31493
1319028186,31494
1319404471,31495
1319547132,31496
1319607007,31497
1319684480,31498
1319828340,31499
1320205746,31500
1320230766,31501
1321053890,31502
1321065314,31503
1321179920,31504
1321188030,31505
1321299464,31506
1321314992,31507
1321393400,31508
1321525826,31509
1321534543,31510
1321679022,31511
1321898108,31512
1322371436,31513
1322688308,31514
1322692267,31515
1322916290,31516
1323199716,31517
1323218581,31518
1323372415,31519
1323616627,31520
1324480466,31521
1324637616,31522
1324841401,31523
1324935030,31524
1325000900,31525
1325018372,31526
1325291497,31527
1325430980,31528
1325455100,31529
1325479273,31530
1325563988,31531
1326206282,31532
1326215095,31533
1326381913,31534
1326446600,31535
1326989490,31536
1327153980,31537
1327202922,31538
1327354904,31539
1327441550,31540
1327586546,31541
1327639712,31542
1328053590,31543
1328157824,31544
1328641338,31545
1328945508,31546
1329183702,31547
1329199266,31548
1329710882,31549
1330155708,31550
1330191356,31551
1330229310,31552
1330369214,31553
1330404805,31554
1330468129,31555
1330982118,31556
1331104922,31557
1331458627,31558
1331652110,31559
1331993628,31560
1332238664,31561
1332325069,31562
1332367184,31563
1332493316,31564
1332568579,31565
1332630014,31566
1332656455,31567
1332753127,31568
1332754400,31569
1332874752,31570
1333280480,31571
1334041441,31572
1334147376,31573
1334268860,31574
1334857364,31575
1335451160,31576
1335806742,31577
1335824725,31578
1335947582,31579
1336448329,31580
1336911835,31581
1337194592,31582
1337283390,31583
1337342953,31584
1337362578,31585
1337457380,31586
1337623314,31587
1337674782,31588
1337793162,31589
1337993072,31590
1338047336,31591
1338128232,31592
1338721123,31593
1338894847,31594
1339324939,31595
1339438326,31596
1340185608,31597
1340254231,31598
1340408646,31599
1340568276,31600
1340789232,31601
1341163988,31602
1341530864,31603
1341567133,31604
1342197836,31605
1342399172,31606
1342424286,31607
1342518102,31608
1342591849,31609
1342783706,31610
1342901592,31611
1343233820,31612
1343269988,31613
1343369154,31614
1343370283,31615
1343372540,31616
1343400990,31617
1343409090,31618
1343546233,31619
1343577948,31620
1343664768,31621
1344270056,31622
1344341454,31623
1344558828,31624
1345008036,31625
1345085166,31626
1345088989,31627
1345223876,31628
1345248422,31629
1345401492,31630
1345699100,31631
1345704325,31632
1345747201,31633
1345862960,31634
1346009221,31635
1346516666,31636
1346954671,31637
1347011700,31638
1347128641,31639
1347196416,31640
1347259627,31641
1347621086,31642
1347984576,31643
1348010305,31644
1348084428,31645
1348179596,31646
1348188330,31647
1348203648,31648
1348322599,31649
1348414752,31650
1348548607,31651
1348786020,31652
1348794278,31653
1348878420,31654
1348901305,31655
1348990304,31656
1349329158,31657
1349368878,31658
1349538888,31659
1349787355,31660
1349829794,31661
1349852526,31662
1349999419,31663
1350419426,31664
1350480734,31665
1350619597,31666
1350847634,31667
1350853232,31668
1350989725,31669
1351527271,31670
1351780998,31671
1352101736,31672
1352428428,31673
1352813514,31674
1352833310,31675
1353273036,31676
1353295634,31677
1353517716,31678
1353573649,31679
1353788168,31680
1354497492,31681
1355011280,31682
1355082998,31683
1355088692,31684
1355143171,31685
1355247529,31686
1355306382,31687
1355541336,31688
1355832877,31689
1355835024,31690
1355871572,31691
1355879684,31692
1356091932,31693
1356109537,31694
1356116395,31695
1356293676,31696
1356541074,31697
1356841609,31698
1357135723,31699
1357216692,31700
1357310786,31701
1357654736,31702
1357681921,31703
1357728403,31704
1357779576,31705
1358101616,31706
1358290958,31707
1359226843,31708
1359385122,31709
1359487050,31710
1359913518,31711
1359965784,31712
1360186644,31713
1360417855,31714
1360497368,31715
1360522050,31716
1360636009,31717
1360742143,31718
1360948380,31719
1361168810,31720
1361415758,31721
1362532249,31722
1362603362,31723
1363056710,31724
1363176446,31725
1363214102,31726
1363297184,31727
1363412472,31728
1363520268,31729
1363580378,31730
1364082463,31731
1364608040,31732
1364695669,31733
1364801629,31734
1365068736,31735
1365091302,31736
1365428762,31737
1365468140,31738
1365527046,31739
1365631760,31740
1365641724,31741
1365747642,31742
1365752984,31743
1365812287,31744
1366230428,31745
1366528333,31746
1366541438,31747
1366603346,31748
1366909278,31749
1367116628,31750
1367181458,31751
1367294924,31752
1367758014,31753
1367996996,31754
1368002737,31755
1368265500,31756
1368272252,31757
1368334873,31758
1368417716,31759
1368512072,31760
1368720054,31761
1368782430,31762
1368869677,31763
1369285800,31764
1369778664,31765
1369789748,31766
1369896548,31767
1369986619,31768
1370085595,31769
1370241782,31770
1370258384,31771
1370456790,31772
1370564293,31773
1370643781,31774
1370664036,31775
1370692255,31776
1370949954,31777
1370971824,31778
1370998362,31779
1371093853,31780
1371149850,31781
1371316352,31782
1371750338,31783
1372277312,31784
1372499384,31785
1372786812,31786
1373132070,31787
1373139446,31788
1373505554,31789
1373896064,31790
1373993623,31791
1374070164,31792
1374512221,31793
1374607968,31794
1374699475,31795
1374711066,31796
1375053553,31797
1375114278,31798
1375385856,31799
1375526088,31800
1375541101,31801
1375629385,31802
1375650961,31803
1375799282,31804
1375928239,31805
1376028764,31806
1376446766,31807
1376561450,31808
1376882550,31809
1377185004,31810
1377185382,31811
1377703824,31812
1377754003,31813
1378070544,31814
1378256402,31815
1378421647,31816
1378552322,31817
1378567909,31818
1378794572,31819
1379190565,31820
1379288282,31821
1379563256,31822
1379603119,31823
1379894916,31824
1380197070,31825
1380461034,31826
1380483060,31827
1380677004,31828
1381124526,31829
1381166982,31830
1381289574,31831
1381489394,31832
1381637684,31833
1382059206,31834
1382606798,31835
1382664264,31836
1382692608,31837
1382724650,31838
1382843582,31839
1382851724,31840
1382894354,31841
1383120528,31842
1383250549,31843
1383394596,31844
1384195608,31845
1384608056,31846
1384919869,31847
1385194297,31848
1385428838,31849
1385654594,31850
1385925751,31851
1386150134,31852
1386981774,31853
1387725252,31854
1387760720,31855
1387779554,31856
1387861752,31857
1387867153,31858
1387910191,31859
1387983534,31860
1388094090,31861
1388379150,31862
1388600804,31863
1388618876,31864
1388688583,31865
1389524612,31866
1389755400,31867
1390176666,31868
1390259893,31869
1390621278,31870
1390663650,31871
1390928862,31872
1390935534,31873
1391063150,31874
1392105402,31875
1392276846,31876
1392509544,31877
1392699967,31878
1393319030,31879
1393337863,31880
1393421844,31881
1393851055,31882
1393871011,31883
1394262409,31884
1394964258,31885
1395002228,31886
1395600319,31887
1395614978,31888
1395668034,31889
1395702464,31890
1397098310,31891
1397126514,31892
1397361708,31893
1397408886,31894
1397412948,31895
1397577325,31896
1397762330,31897
1397778300,31898
1398090512,31899
1398176094,31900
1398305959,31901
1398344725,31902
1398413887,31903
1398447475,31904
1398483864,31905
1398673123,31906
1398680502,31907
1398688256,31908
1398700290,31909
1399067023,31910
1399215578,31911
1399512157,31912
1399898924,31913
1399916430,31914
1400238956,31915
1400503214,31916
1400982432,31917
1401107036,31918
1401188137,31919
1401251023,31920
1401417662,31921
1401435410,31922
1401581624,31923
1401726968,31924
1403598307,31925
1403764388,31926
1403922198,31927
1404014400,31928
1404087277,31929
1404193058,31930
1404453788,31931
1404654890,31932
1404995444,31933
1405281342,31934
1405337395,31935
1405534850,31936
1405945068,31937
1406032105,31938
1406186312,31939
1406822593,31940
1406880896,31941
1406923458,31942
1406934018,31943
1407038953,31944
1407139574,31945
1407140216,31946
1407147020,31947
1407149995,31948
1407559375,31949
1407697694,31950
1407754195,31951
1408148054,31952
1408831813,31953
1408947008,31954
1409453064,31955
1409535590,31956
1409540174,31957
1409552341,31958
1409618797,31959
1410469776,31960
1410601014,31961
1410783780,31962
1411023614,31963
1411284846,31964
1411455757,31965
1411570177,31966
1411665528,31967
1412650915,31968
1413009739,31969
1413081236,31970
1413255300,31971
1413493819,31972
1413658016,31973
1413805662,31974
1413994688,31975
1414098324,31976
1414117614,31977
1414239102,31978
1414372314,31979
1414893493,31980
1415149603,31981
1415196102,31982
1415389008,31983
1415594922,31984
1415711832,31985
1415815417,31986
1415918947,31987
1415978034,31988
1416161688,31989
1416345871,31990
1416602466,31991
1416686606,31992
1416706609,31993
1416898591,31994
1416946448,31995
1417738351,31996
1418099874,31997
1418184510,31998
1418775942,31999
1418965710,32000
1419006355,32001
1419138859,32002
1419186452,32003
1419330978,32004
1419413276,32005
1419659844,32006
1420165183,32007
1420353091,32008
1421368268,32009
1421635472,32010
1421845196,32011
1421960875,32012
1421977171,32013
1421990197,32014
1422039536,32015
1422131114,32016
1422151686,32017
1422241538,32018
1422262957,32019
1422937063,32020
1423414646,32021
1423531074,32022
1423985563,32023
1424030814,32024
1424378395,32025
1424851471,32026
1425500808,32027
1425754566,32028
1425908226,32029
1425919405,32030
1425952531,32031
1425980648,32032
1425982208,32033
1426190898,32034
1426253114,32035
1426378388,32036
1426393146,32037
1426396800,32038
1426417538,32039
1426540038,32040
1426570058,32041
1426612292,32042
1426766564,32043
1426801674,32044
1427336462,32045
1427535488,32046
1427648336,32047
1428039289,32048
1428191107,32049
1428680828,32050
1428774636,32051
1428815594,32052
1428872766,32053
1429603896,32054
1430129348,32055
1430543952,32056
1430791057,32057
1431117876,32058
1431608161,32059
1431651026,32060
1431661122,32061
1431744560,32062
1431851658,32063
1431852786,32064
1431853254,32065
1431876074,32066
1431876308,32067
1431876704,32068
1431882206,32069
1431883945,32070
1431886784,32071
1431888589,32072
1431889213,32073
1431889375,32074
1431952093,32075
1431958867,32076
1432029667,32077
1432083794,32078
1433214326,32079
1433331097,32080
1433499446,32081
1433943116,32082
1434131484,32083
1434161089,32084
1434306696,32085
1434392514,32086
1434430898,32087
1434458600,32088
1436354616,32089
1436487176,32090
1436673007,32091
1436692442,32092
1436790152,32093
1436855731,32094
1437036876,32095
1437417487,32096
1437626394,32097
1437805976,32098
1438213272,32099
1438602337,32100
1439207592,32101
1439570552,32102
1439644939,32103
1439700691,32104
1439846923,32105
1439872832,32106
1439876228,32107
1440040909,32108
1440715662,32109
1440974822,32110
1441050379,32111
1441686632,32112
1442000210,32113
1442393101,32114
1442415500,32115
1442418860,32116
1442463504,32117
1442549574,32118
1442670260,32119
1442716897,32120
1442803945,32121
1443336864,32122
1443723240,32123
1444228290,32124
1444385880,32125
1444572439,32126
1444650121,32127
1444858237,32128
1444944054,32129
1444983134,32130
1445267244,32131
1445282029,32132
1445282756,32133
1445459683,32134
1445912984,32135
1446324852,32136
1446627703,32137
1446783193,32138
1446832586,32139
1446906877,32140
1447049286,32141
1447399273,32142
1447448388,32143
1447460256,32144
1447462556,32145
1447623181,32146
1447723220,32147
1447775640,32148
1448426850,32149
1448600947,32150
1448804220,32151
1448900563,32152
1449401354,32153
1449626442,32154
1449711066,32155
1449933242,32156
1450387410,32157
1450591184,32158
1450592318,32159
1451017410,32160
1451349955,32161
1451548838,32162
1451590603,32163
1451820792,32164
1451970931,32165
1452192300,32166
1452213079,32167
1452459138,32168
1452556849,32169
1452804384,32170
1452878858,32171
1453004958,32172
1453090242,32173
1453418317,32174
1454255658,32175
1454339281,32176
1454501886,32177
1454594869,32178
1454646728,32179
1454709032,32180
1454823402,32181
1455026798,32182
1455034015,32183
1455079130,32184
1455099404,32185
1455101366,32186
1455200263,32187
1455220837,32188
1455710156,32189
1455798409,32190
1457299238,32191
1457368286,32192
1457392165,32193
1457663419,32194
1457834712,32195
1458061422,32196
1458417840,32197
1458461172,32198
1458751880,32199
1458765055,32200
1459374090,32201
1459498274,32202
1459724954,32203
1459935446,32204
1460288238,32205
1460549084,32206
1460673890,32207
1460929602,32208
1461069295,32209
1461254564,32210
1461278486,32211
1461767066,32212
1461937674,32213
1462127370,32214
1462164211,32215
1462419804,32216
1462625593,32217
1463050422,32218
1463053363,32219
1463138384,32220
1463173946,32221
1463541673,32222
1463703362,32223
1463740322,32224
1464220244,32225
1464362317,32226
1464543636,32227
1464666841,32228
1464945781,32229
1465133910,32230
1465167894,32231
1465338450,32232
1465393026,32233
1465464103,32234
1465503212,32235
1465540752,32236
1465546519,32237
1465683036,32238
1465694088,32239
1465730324,32240
1465754316,32241
1465931815,32242
1465961396,32243
1465980445,32244
1466245688,32245
1466312012,32246
1466329350,32247
1466418728,32248
1466662802,32249
1466879394,32250
1467191298,32251
1467225841,32252
1467373500,32253
1467931662,32254
1467974594,32255
1468111922,32256
1468323792,32257
1468338108,32258
1468921459,32259
1468968181,32260
1469101130,32261
1469381010,32262
1469490066,32263
1469530285,32264
1469727775,32265
1469969870,32266
1470654006,32267
1470938720,32268
1471120597,32269
1471268754,32270
1471565156,32271
1471598556,32272
1471615951,32273
1472428356,32274
1472440842,32275
1472490782,32276
1472588323,32277
1472609834,32278
1472612132,32279
1472820732,32280
1473062702,32281
1473254690,32282
1473396901,32283
1474118539,32284
1475114502,32285
1475168784,32286
1475347512,32287
1475688288,32288
1475711863,32289
1475811120,32290
1475827646,32291
1475858893,32292
1475867882,32293
1476004501,32294
1476028855,32295
1476219548,32296
1476247884,32297
1476410648,32298
1476639320,32299
1476649928,32300
1477347229,32301
1477358714,32302
1477605516,32303
1477636376,32304
1477946448,32305
1478101897,32306
1478210570,32307
1478692440,32308
1479407546,32309
1479886140,32310
1479989276,32311
1480182745,32312
1480187298,32313
1480230386,32314
1480464548,32315
1480739048,32316
1480796154,32317
1480884481,32318
1480959392,32319
1480989919,32320
1481190409,32321
1481365562,32322
1481843929,32323
1482326292,32324
1482392989,32325
1482440491,32326
1482492223,32327
1482826123,32328
1483309837,32329
1483393519,32330
1483670964,32331
1483674876,32332
1483942572,32333
1484402070,32334
1484891816,32335
1485229993,32336
1485326900,32337
1485511880,32338
1485598100,32339
1485716220,32340
1485880807,32341
1486042717,32342
1486117045,32343
1486117886,32344
1486163617,32345
1486434193,32346
1486449020,32347
1486583988,32348
1486619282,32349
1486931010,32350
1486986133,32351
1487097990,32352
1487213556,32353
1487918514,32354
1488495162,32355
1488517507,32356
1488609140,32357
1488712015,32358
1488864481,32359
1488881088,32360
1489044421,32361
1489319977,32362
1489462759,32363
1489749337,32364
1489765735,32365
1489910095,32366
1490055416,32367
1490269172,32368
1490567144,32369
1490623338,32370
1490652164,32371
1490688626,32372
1491255703,32373
1491365192,32374
1491421160,32375
1491446941,32376
1491535328,32377
1491573685,32378
1491573812,32379
1491685098,32380
1491929624,32381
1492200842,32382
1492210698,32383
1492509144,32384
1492977835,32385
1493023758,32386
1493023801,32387
1493101674,32388
1493181356,32389
1493194758,32390
1493225743,32391
1493233116,32392
1493298134,32393
1493439548,32394
1493835308,32395
1493930233,32396
1493944728,32397
1494027864,32398
1494067382,32399
1494070861,32400
1494136968,32401
1494224671,32402
1494243667,32403
1494542316,32404
1494746670,32405
1494768577,32406
1495051345,32407
1495284030,32408
1495313953,32409
1495723362,32410
1495766869,32411
1495806018,32412
1495952508,32413
1496016157,32414
1496059818,32415
1496359592,32416
1496473824,32417
1496496031,32418
1496530303,32419
1496545255,32420
1496571493,32421
1496577426,32422
1496684972,32423
1496955090,32424
1497283896,32425
1497373700,32426
1497451266,32427
1497930726,32428
1498003142,32429
1498627350,32430
1498797607,32431
1498929140,32432
1499527196,32433
1499736960,32434
1499838020,32435
1500096860,32436
1500367164,32437
1500718340,32438
1502612995,32439
1503186002,32440
1503342588,32441
1503900078,32442
1506164857,32443
1506315896,32444
1506858686,32445
1507104103,32446
1508109590,32447
1508213172,32448
1508471370,32449
1508503308,32450
1508524975,32451
1509443935,32452
1509803635,32453
1510073408,32454
1510374337,32455
1510427534,32456
1510771129,32457
1510823238,32458
1510841462,32459
1510965468,32460
1511018348,32461
1511077844,32462
1511150162,32463
1511271482,32464
1511273426,32465
1511339514,32466
1511461351,32467
1511564563,32468
1511641856,32469
1511648245,32470
1511680027,32471
1511689981,32472
1511725933,32473
1511730642,32474
1511736271,32475
1511750340,32476
1511773166,32477
1511964535,32478
1512120685,32479
1512245473,32480
1512460285,32481
1512701348,32482
1513374272,32483
1513965258,32484
1514384990,32485
1514624258,32486
1514645953,32487
1514807664,32488
1514878441,32489
1514979817,32490
1515033720,32491
1515791612,32492
1516445281,32493
1516597370,32494
1517203855,32495
1517534952,32496
1517701856,32497
1517921108,32498
1517974249,32499
1518012133,32500
1518560832,32501
1518883244,32502
1519680884,32503
1519861902,32504
1520197118,32505
1520202720,32506
1520262811,32507
1520325354,32508
1520360359,32509
1520363550,32510
1520500483,32511
1520617003,32512
1521109314,32513
1521797016,32514
1522051508,32515
1522589383,32516
1522624759,32517
1522963116,32518
1523262565,32519
1523268452,32520
1523323656,32521
1523471124,32522
1523505684,32523
1523512801,32524
1523525310,32525
1524295831,32526
1524386082,32527
1525177418,32528
1525285584,32529
1525528848,32530
1525608704,32531
1525645952,32532
1525657256,32533
1525719553,32534
1525739095,32535
1525745318,32536
1525776175,32537
1525864795,32538
1525868310,32539
1525963008,32540
1526570328,32541
1526670404,32542
1528169696,32543
1528256030,32544
1528543140,32545
1528559454,32546
1528643114,32547
1528720506,32548
1528735298,32549
1528926553,32550
1528984350,32551
1529010938,32552
1529048724,32553
1529054166,32554
1529256217,32555
1529349362,32556
1529431632,32557
1529716106,32558
1529791980,32559
1529948365,32560
1530355446,32561
1530805111,32562
1530842683,32563
1530865422,32564
1531353804,32565
1531465705,32566
1531558520,32567
1531791140,32568
1531845054,32569
1531984776,32570
1532132887,32571
1532175576,32572
1532464494,32573
1532509842,32574
1532683722,32575
1532933893,32576
1533101065,32577
1533133058,32578
1533267187,32579
1533339648,32580
1533698166,32581
1534312224,32582
1534688612,32583
1534691120,32584
1534712844,32585
1534743721,32586
1534959342,32587
1535172385,32588
1535459149,32589
1535576000,32590
1535759184,32591
1536402080,32592
1536617431,32593
1536716030,32594
1536875664,32595
1537100678,32596
1537221716,32597
1537539282,32598
1537647444,32599
1537798038,32600
1537905420,32601
1538028673,32602
1538040372,32603
1538154462,32604
1538525707,32605
1538587970,32606
1538594418,32607
1538611022,32608
1538632826,32609
1538654420,32610
1538810532,32611
1538899525,32612
1539063318,32613
1539099733,32614
1539585151,32615
1539640477,32616
1539706010,32617
1539727614,32618
1539729271,32619
1539995406,32620
1540145617,32621
1541073348,32622
1541165762,32623
1541390570,32624
1541511138,32625
1541568752,32626
1541697482,32627
1541965728,32628
1542171902,32629
1542198810,32630
1542307050,32631
1542404245,32632
1542474132,32633
1542484146,32634
1543242296,32635
1543436755,32636
1543511718,32637
1543575194,32638
1543740494,32639
1543801099,32640
1543865803,32641
1543920283,32642
1543941642,32643
1544099173,32644
1544199416,32645
1544593722,32646
1544935010,32647
1545053600,32648
1546021448,32649
1546207327,32650
1546267874,32651
1546294543,32652
1546365578,32653
1546413709,32654
1546426322,32655
1546784462,32656
1546826258,32657
1546859702,32658
1546900026,32659
1546953386,32660
1547043138,32661
1547064120,32662
1547174508,32663
1547176844,32664
1547254692,32665
1547719904,32666
1548710263,32667
1548714900,32668
1548756944,32669
1548767714,32670
1549047440,32671
1549066418,32672
1549216658,32673
1549231957,32674
1549315574,32675
1549395144,32676
1549573237,32677
1549648166,32678
1549759548,32679
1549877912,32680
1550286086,32681
1550388888,32682
1550445109,32683
1550541486,32684
1550821693,32685
1550963796,32686
1551335472,32687
1551514550,32688
1551515450,32689
1551575706,32690
1551661933,32691
1551781644,32692
1551980622,32693
1552125739,32694
1552341818,32695
1553308429,32696
1553700698,32697
1553871637,32698
1554048631,32699
1554443466,32700
1554486830,32701
1554515748,32702
1554749989,32703
1554838501,32704
1555126070,32705
1555617812,32706
1556008207,32707
1556095958,32708
1556340564,32709
1556488760,32710
1556523414,32711
1556631295,32712
1556747208,32713
1556773981,32714
1556853488,32715
1557106896,32716
1557206354,32717
1557233442,32718
1557266742,32719
1557547460,32720
1557885860,32721
1558202438,32722
1558310240,32723
1558350697,32724
1558362607,32725
1558373732,32726
1558492566,32727
1558727515,32728
1559083963,32729
1559238721,32730
1559386724,32731
1559387898,32732
1559399786,32733
1559532356,32734
1559543028,32735
1559641386,32736
1560031808,32737
1560174734,32738
1560729511,32739
1561313372,32740
1561426878,32741
1561506114,32742
1561539391,32743
1561562432,32744
1561584698,32745
1561673737,32746
1561805341,32747
1562206266,32748
1562746416,32749
1563299498,32750
1563627811,32751
1563860779,32752
1563872816,32753
1563948967,32754
1564167697,32755
1564271804,32756
1564295316,32757
1564491050,32758
1564593115,32759
1564676498,32760
1564709803,32761
1564891856,32762
1564964006,32763
1565373444,32764
1566037904,32765
1566650000,32766
1566816938,32767
1566818148,32768
1566844140,32769
1566943351,32770
1566991254,32771
1567265376,32772
1567394432,32773
1567452578,32774
1567891831,32775
1568160860,32776
1568353904,32777
1568536284,32778
1568717095,32779
1568756035,32780
1568775032,32781
1569057560,32782
1569352436,32783
1569359154,32784
1569448915,32785
1569778880,32786
1570456826,32787
1570563552,32788
1570606256,32789
1570695726,32790
1571487998,32791
1571535756,32792
1571746291,32793
1571838024,32794
1572018115,32795
1572435415,32796
1572753211,32797
1573077146,32798
1573279146,32799
1573334629,32800
1573472503,32801
1573512366,32802
1573620223,32803
1573738567,32804
1573817082,32805
1573827930,32806
1573969848,32807
1574237179,32808
1574543365,32809
1574623716,32810
1575138829,32811
1575867799,32812
1576011662,32813
1576044985,32814
1576428733,32815
1576513538,32816
1576895095,32817
1577063858,32818
1577595114,32819
1577609642,32820
1577706050,32821
1578095880,32822
1578240678,32823
1578260917,32824
1578462980,32825
1578959700,32826
1579206055,32827
1579456562,32828
1579566128,32829
1580643684,32830
1580791058,32831
1581059396,32832
1581359478,32833
1581439866,32834
1581548168,32835
1581850604,32836
1581887292,32837
1581970429,32838
1584035035,32839
1584135138,32840
1584474668,32841
1584666654,32842
1585060538,32843
1586260526,32844
1586804930,32845
1586935190,32846
1586947531,32847
1587037698,32848
1587045570,32849
1587082884,32850
1587185166,32851
1587725528,32852
1587762638,32853
1588935385,32854
1589160426,32855
1589267491,32856
1589914476,32857
1590014718,32858
1590081708,32859
1590171506,32860
1591661234,32861
1592187283,32862
1592205722,32863
1592503250,32864
1592589859,32865
1592999780,32866
1593224094,32867
1593232394,32868
1593967615,32869
1593984960,32870
1594033243,32871
1594076636,32872
1594171249,32873
1594247882,32874
1594452824,32875
1594524260,32876
1594655413,32877
1594673808,32878
1594875145,32879
1594900220,32880
1594998524,32881
1595645839,32882
1595803782,32883
1595857542,32884
1596223609,32885
1596234775,32886
1596332030,32887
1596402439,32888
1596564414,32889
1596607356,32890
1596638413,32891
1596679669,32892
1597398924,32893
1597537597,32894
1597782116,32895
1598338950,32896
1598532284,32897
1598780790,32898
1598812760,32899
1598880560,32900
1599261691,32901
1599352140,32902
1599358753,32903
1599428166,32904
1599807474,32905
1599946382,32906
1600492400,32907
1600614042,32908
1600937988,32909
1601339688,32910
1601384394,32911
1601560159,32912
1601683238,32913
1601942108,32914
1602019501,32915
1602032318,32916
1602114732,32917
1602173694,32918
1602290192,32919
1602335173,32920
1602384594,32921
1602656936,32922
1602687710,32923
1602756109,32924
1602936056,32925
1603083319,32926
1603124670,32927
1603133718,32928
1603169766,32929
1603399662,32930
1603727292,32931
1603844276,32932
1603849776,32933
1603865664,32934
1603869296,32935
1603979245,32936
1604103612,32937
1604214895,32938
1604233602,32939
1604333419,32940
1604464490,32941
1604473688,32942
1604640828,32943
1604720113,32944
1604789677,32945
1605248876,32946
1605328008,32947
1605344245,32948
1606691292,32949
1607186748,32950
1607231184,32951
1607313842,32952
1607319140,32953
1607528220,32954
1607684204,32955
1607858238,32956
1607896266,32957
1607905356,32958
1607974453,32959
1608007387,32960
1608110616,32961
1608317503,32962
1608360613,32963
1608494760,32964
1608768348,32965
1608896815,32966
1609329246,32967
1609374734,32968
1609387699,32969
1609392385,32970
1609396765,32971
1609407853,32972
1609432267,32973
1609618597,32974
1609625420,32975
1610101572,32976
1610215518,32977
1610238266,32978
1610768041,32979
1610770580,32980
1611306366,32981
1611418970,32982
1611519468,32983
1611628309,32984
1611879048,32985
1611882961,32986
1612037448,32987
1612289990,32988
1612570153,32989
1612944206,32990
1612968180,32991
1613066486,32992
1613222576,32993
1613452412,32994
1613460655,32995
1613510059,32996
1613567048,32997
1613644922,32998
1613655354,32999
1613889204,33000
1613890658,33001
1613953032,33002
1613964126,33003
1614124866,33004
1614755798,33005
1615125373,33006
1615256118,33007
1615599416,33008
1615633242,33009
1615682924,33010
1615736210,33011
1616425044,33012
1616451649,33013
1616966774,33014
1616975658,33015
1617138949,33016
1617193092,33017
1617724884,33018
1617775315,33019
1618051734,33020
1618216136,33021
1618325365,33022
1618546020,33023
1618637264,33024
1618641848,33025
1618708566,33026
1618929918,33027
1619011975,33028
1619306059,33029
1619341166,33030
1619614417,33031
1620380628,33032
1620435294,33033
1620777936,33034
1620921446,33035
1621144291,33036
1621213970,33037
1621291194,33038
1621600484,33039
1621733996,33040
1621763514,33041
1621772646,33042
1621825154,33043
1621868402,33044
1622129604,33045
1622137711,33046
1622175822,33047
1623099541,33048
1623165288,33049
1623194148,33050
1623253255,33051
1623405589,33052
1623561223,33053
1623946224,33054
1623977834,33055
1624212661,33056
1624260907,33057
1624597171,33058
1624634354,33059
1624980732,33060
1625582294,33061
1625608422,33062
1625632850,33063
1626139902,33064
1626162276,33065
1626261134,33066
1626325842,33067
1626605256,33068
1626795866,33069
1626823730,33070
1627091725,33071
1627765812,33072
1628075760,33073
1628213844,33074
1628237358,33075
1628635566,33076
1628653783,33077
1628802624,33078
1629091340,33079
1629091754,33080
1629189163,33081
1629533174,33082
1629978560,33083
1630361768,33084
1630910881,33085
1630956546,33086
1631305382,33087
1631409794,33088
1631637013,33089
1631841212,33090
1631877504,33091
1631948149,33092
1632559039,33093
1633251324,33094
1633332007,33095
1633353085,33096
1633414405,33097
1633441086,33098
1633574912,33099
1633723933,33100
1633801158,33101
1634079582,33102
1634442091,33103
1634552636,33104
1634594690,33105
1634815820,33106
1635401977,33107
1635503748,33108
1635733381,33109
1635971508,33110
1636321404,33111
1636429416,33112
1636512368,33113
1636512828,33114
1637793259,33115
1638031676,33116
1638091380,33117
1638225223,33118
1638651217,33119
1638677252,33120
1638750762,33121
1638761396,33122
1638841566,33123
1638927296,33124
1639144405,33125
1639279320,33126
1639297464,33127
1639316617,33128
1639446954,33129
1639536877,33130
1639689224,33131
1639918896,33132
1640024762,33133
1640413292,33134
1640935394,33135
1640964823,33136
1641078877,33137
1641312048,33138
1641479792,33139
1642051326,33140
1642135962,33141
1642195664,33142
1642334412,33143
1643030258,33144
1643167080,33145
1643183252,33146
1643212230,33147
1643386142,33148
1643515861,33149
1643648300,33150
1643704652,33151
1643768905,33152
1644272036,33153
1644402660,33154
1644432668,33155
1645492662,33156
1645515588,33157
1645921302,33158
1645942370,33159
1646044446,33160
1646067944,33161
1646101957,33162
1646145848,33163
1646304714,33164
1646370524,33165
1646380698,33166
1646525540,33167
1646664793,33168
1647891674,33169
1648215312,33170
1648357200,33171
1648406708,33172
1648418695,33173
1648932510,33174
1649168856,33175
1649940427,33176
1649948228,33177
1650611095,33178
1650685638,33179
1650694657,33180
1650858084,33181
1650907015,33182
1651027262,33183
1651041516,33184
1651067880,33185
1651094876,33186
1651130592,33187
1651212612,33188
1651344216,33189
1651519201,33190
1651567980,33191
1651602878,33192
1651633135,33193
1651731534,33194
1651840262,33195
1651975243,33196
1652251694,33197
1653260394,33198
1653610244,33199
1653709356,33200
1653887586,33201
1654442893,33202
1655099076,33203
1655392543,33204
1655472961,33205
1655557910,33206
1656276776,33207
1656575946,33208
1656700530,33209
1656966026,33210
1657124004,33211
1657471400,33212
1658016313,33213
1658058056,33214
1658095405,33215
1658991950,33216
1659048481,33217
1659492583,33218
1660033951,33219
1660051092,33220
1660182444,33221
1660498927,33222
1660569511,33223
1660818247,33224
1660868618,33225
1661517744,33226
1661750160,33227
1662485388,33228
1662599034,33229
1662604596,33230
1662854191,33231
1663693400,33232
1663741880,33233
1663914396,33234
1664059166,33235
1664584765,33236
1664899933,33237
1665416527,33238
1665491648,33239
1665737941,33240
1665964939,33241
1666083234,33242
1666098450,33243
1666134386,33244
1666194115,33245
1666504591,33246
1666562821,33247
1666567008,33248
1666669044,33249
1667485844,33250
1667829188,33251
1667850955,33252
1667861336,33253
1668120578,33254
1668682968,33255
1668697268,33256
1668756914,33257
1668770089,33258
1668874052,33259
1669120400,33260
1669156675,33261
1669395464,33262
1669850778,33263
1669932314,33264
1669934971,33265
1670200692,33266
1670295002,33267
1670443802,33268
1670541643,33269
1670861796,33270
1670896333,33271
1670975887,33272
1671011449,33273
1671200624,33274
1671229153,33275
1671247118,33276
1672035422,33277
1672060764,33278
1672489886,33279
1672823414,33280
1673260717,33281
1673262482,33282
1673262986,33283
1673275602,33284
1673327796,33285
1673485380,33286
1673488038,33287
1673631277,33288
1673636750,33289
1673770003,33290
1674048552,33291
1674102462,33292
1674827412,33293
1675151924,33294
1675606220,33295
1675930123,33296
1676295690,33297
1676775385,33298
1676830856,33299
1677289579,33300
1677620828,33301
1677813882,33302
1677842870,33303
1678466930,33304
1678716074,33305
1678824564,33306
1678849274,33307
1678923234,33308
1679011536,33309
1679096976,33310
1679111275,33311
1679479543,33312
1679482772,33313
1679545722,33314
1679672113,33315
1679722392,33316
1679745398,33317
1679925331,33318
1679970553,33319
1680050581,33320
1681100881,33321
1681332764,33322
1681390633,33323
1681564178,33324
1681871130,33325
1681970634,33326
1682042948,33327
1682088836,33328
1682107945,33329
1682121170,33330
1682190110,33331
1682547080,33332
1682555047,33333
1683498536,33334
1683533647,33335
1683601826,33336
1683776856,33337
1683778837,33338
1683828486,33339
1683877110,33340
1684057640,33341
1684101194,33342
1684236890,33343
1684472292,33344
1684560672,33345
1684930806,33346
1685261928,33347
1685376636,33348
1685572698,33349
1685727828,33350
1685739547,33351
1685843341,33352
1685967536,33353
1686107090,33354
1686513836,33355
1686568830,33356
1686653708,33357
1686882972,33358
1686972074,33359
1687016244,33360
1687026697,33361
1687052959,33362
1687123081,33363
1687443698,33364
1687577660,33365
1688238750,33366
1688255929,33367
1688304751,33368
1688732918,33369
1688813024,33370
1688959237,33371
1688987468,33372
1689022836,33373
1689087260,33374
1689144032,33375
1689532795,33376
1689912313,33377
1689926024,33378
1689966212,33379
1689990319,33380
1690100544,33381
1690434842,33382
1690453212,33383
1690709198,33384
1690966824,33385
1691006022,33386
1691220398,33387
1691221608,33388
1691245580,33389
1691497362,33390
1691593860,33391
1691918390,33392
1692021860,33393
1692174140,33394
1692206366,33395
1692375488,33396
1692378985,33397
1692607146,33398
1692821461,33399
1693256604,33400
1693894483,33401
1694222593,33402
1694600448,33403
1694863603,33404
1695065515,33405
1695217200,33406
1695275976,33407
1695307688,33408
1695346470,33409
1695537576,33410
1695872876,33411
1697065674,33412
1697192898,33413
1697255203,33414
1697411250,33415
1697453546,33416
1697535228,33417
1697561382,33418
1697810197,33419
1697872880,33420
1697911572,33421
1698220243,33422
1698585079,33423
1699487874,33424
1699623224,33425
1699797746,33426
1700087322,33427
1700167184,33428
1700167742,33429
1700204558,33430
1700389716,33431
1700465106,33432
1700558094,33433
1700583302,33434
1700651622,33435
1701642692,33436
1701957865,33437
1702070838,33438
1702596908,33439
1702865540,33440
1703155350,33441
1703192329,33442
1703437470,33443
1703464596,33444
1703577174,33445
1703683898,33446
1704280640,33447
1704415274,33448
1705256196,33449
1705297002,33450
1705587420,33451
1705629152,33452
1705678568,33453
1705799738,33454
1705922130,33455
1706062086,33456
1706152290,33457
1706173879,33458
1706231244,33459
1706333215,33460
1707227370,33461
1707299113,33462
1707634986,33463
1708560762,33464
1708627340,33465
1708898564,33466
1710120552,33467
1710271664,33468
1710536316,33469
1710851520,33470
1710906368,33471
1711253130,33472
1711285123,33473
1711287308,33474
1711317546,33475
1711365822,33476
1711473260,33477
1711589760,33478
1711620576,33479
1711719476,33480
1712529392,33481
1712662747,33482
1712769853,33483
1712823295,33484
1713162902,33485
1713327404,33486
1713351211,33487
1713360589,33488
1713504770,33489
1713525289,33490
1713587065,33491
1713653154,33492
1713789420,33493
1713876973,33494
1713904518,33495
1714107696,33496
1714385581,33497
1714793274,33498
1714991485,33499
1715263796,33500
1716086210,33501
1716429511,33502
1716914928,33503
1717213028,33504
1717300700,33505
1717404162,33506
1717627945,33507
1717991430,33508
1718361126,33509
1718400536,33510
1718633707,33511
1719281804,33512
1719871766,33513
1719962815,33514
1720320955,33515
1720891502,33516
1721088428,33517
1721191650,33518
1721703242,33519
1721945328,33520
1722294528,33521
1722307472,33522
1722310436,33523
1722564374,33524
1722647352,33525
1722735145,33526
1722891991,33527
1722978956,33528
1723005396,33529
1723229653,33530
1723357993,33531
1723392776,33532
1723669015,33533
1723677468,33534
1724090454,33535
1724270773,33536
1724308550,33537
1725451688,33538
1725488468,33539
1725625309,33540
1725724380,33541
1725820231,33542
1725925297,33543
1726319492,33544
1726537550,33545
1726737258,33546
1726803186,33547
1726923343,33548
1727038705,33549
1727369563,33550
1727374842,33551
1727687646,33552
1728195408,33553
1728405805,33554
1728790495,33555
1728814255,33556
1729092451,33557
1729571096,33558
1729932162,33559
1730187144,33560
1730396490,33561
1730527117,33562
1730568900,33563
1730645408,33564
1730999852,33565
1731032910,33566
1732121486,33567
1732262246,33568
1732327159,33569
1732548967,33570
1732662936,33571
1733102622,33572
1733162454,33573
1733251549,33574
1733288198,33575
1733312922,33576
1733506141,33577
1733533974,33578
1733599753,33579
1733689704,33580
1733701214,33581
1733766476,33582
1734223914,33583
1734232272,33584
1734470426,33585
1734519186,33586
1735142954,33587
1735687284,33588
1736494826,33589
1736761608,33590
1736848615,33591
1736893536,33592
1738312129,33593
1738679586,33594
1738683362,33595
1739812178,33596
1741821968,33597
1743501199,33598
1747646089,33599
1750525682,33600
1758740293,33601
1769753605,33602
1777553119,33603
1780368829,33604
1785705853,33605
1786566690,33606
1798194530,33607
1804829239,33608
1830067706,33609
1830481404,33610
1830885236,33611
1832120952,33612
1832685542,33613
1833170071,33614
1834656811,33615
1835577672,33616
1835664169,33617
1840430268,33618
1844651430,33619
1844955764,33620
1845187099,33621
1846743204,33622
1847114280,33623
1848051704,33624
1848117662,33625
1848169386,33626
1849064881,33627
1849337911,33628
1849376245,33629
1849633585,33630
1849683510,33631
1849848000,33632
1849867500,33633
1849980242,33634
1849985972,33635
1850025186,33636
1850184235,33637
1850293754,33638
1850508044,33639
1851634098,33640
1851815635,33641
1851877248,33642
1852114382,33643
1852584944,33644
1852665702,33645
1852712251,33646
1852769402,33647
1852860498,33648
1853199265,33649
1853261750,33650
1853529032,33651
1853572274,33652
1853773226,33653
1853913469,33654
1854699344,33655
1854702542,33656
1855307683,33657
1855534116,33658
1856117250,33659
1856386562,33660
1856410303,33661
1856484138,33662
1856877390,33663
1856921082,33664
1857500185,33665
1857703057,33666
1857866156,33667
1857869838,33668
1857982483,33669
1858028990,33670
1858806542,33671
1858891326,33672
1858900760,33673
1859273077,33674
1859474114,33675
1859515387,33676
1859544852,33677
1859545656,33678
1860374084,33679
1860583842,33680
1860593407,33681
1861430766,33682
1861832437,33683
1861885849,33684
1862065351,33685
1862071244,33686
1862291904,33687
1862443562,33688
1862695668,33689
1862771521,33690
1863134390,33691
1863146666,33692
1863164677,33693
1863591786,33694
1863840511,33695
1864039724,33696
1864247102,33697
1864283324,33698
1864361654,33699
1864673251,33700
1864701685,33701
1865004464,33702
1865005212,33703
1865154450,33704
1865231096,33705
1865233148,33706
1865621094,33707
1865805924,33708
1866263196,33709
1866469158,33710
1866480170,33711
1867310839,33712
1867950234,33713
1868138472,33714
1868469498,33715
1868629633,33716
1868668759,33717
1868691872,33718
1868694805,33719
1868831299,33720
1868923776,33721
1868966239,33722
1869026826,33723
1869063984,33724
1869109765,33725
1869137738,33726
1869158268,33727
1869172716,33728
1869179348,33729
1869187057,33730
1869213344,33731
1869237528,33732
1869302448,33733
1869323222,33734
1869380292,33735
1869384722,33736
1869420823,33737
1869433723,33738
1869456367,33739
1869462384,33740
1869467240,33741
1869529904,33742
1869553544,33743
1869568160,33744
1869582230,33745
1869673453,33746
1869685285,33747
1869853549,33748
1870378148,33749
1870433126,33750
1871145924,33751
1871403978,33752
1871555485,33753
1871679841,33754
1871982360,33755
1872053730,33756
1872285296,33757
1872354602,33758
1872488730,33759
1872518306,33760
1872867204,33761
1873257212,33762
1873308901,33763
1873518391,33764
1873548374,33765
1873831459,33766
1873861741,33767
1873970172,33768
1874836183,33769
1875002544,33770
1875455880,33771
1876106359,33772
1876428654,33773
1876680134,33774
1876847292,33775
1876924561,33776
1876953596,33777
1877839086,33778
1878256248,33779
1879017019,33780
1879748407,33781
1879929954,33782
1880168863,33783
1880303504,33784
1880324160,33785
1880399689,33786
1880936238,33787
1881003494,33788
1881253033,33789
1881598274,33790
1882539608,33791
1882587048,33792
1882651957,33793
1882953277,33794
1883279358,33795
1884116550,33796
1884492709,33797
1884645062,33798
1884712686,33799
1885024224,33800
1885099627,33801
1885182596,33802
1885229610,33803
1886343998,33804
1886667756,33805
1887085592,33806
1887191390,33807
1887403130,33808
1887661368,33809
1887662756,33810
1887664597,33811
1887664651,33812
1887677395,33813
1887698779,33814
1887801836,33815
1887921582,33816
1887925094,33817
1887962324,33818
1888023816,33819
1888078818,33820
1888241689,33821
1888392836,33822
1888491548,33823
1889049655,33824
1889396724,33825
1889657707,33826
1890197192,33827
1890441620,33828
1890504204,33829
1890745567,33830
1890877944,33831
1890976934,33832
1891129063,33833
1891405866,33834
1891643588,33835
1891673520,33836
1891774303,33837
1892050057,33838
1892284352,33839
1892320464,33840
1893023221,33841
1893065208,33842
1893181903,33843
1893475680,33844
1893601939,33845
1893810026,33846
1893810420,33847
1894806192,33848
1894825736,33849
1895152058,33850
1895272381,33851
1895637186,33852
1895679738,33853
1895698734,33854
1895842387,33855
1895910895,33856
1895983010,33857
1896423356,33858
1897239480,33859
1897248872,33860
1897425002,33861
1898132316,33862
1898286150,33863
1898310726,33864
1898315298,33865
1898466734,33866
1898654144,33867
1898927563,33868
1899096090,33869
1899164370,33870
1899478028,33871
1900040636,33872
1900752865,33873
1900811576,33874
1900999111,33875
1901017538,33876
1901191638,33877
1901646103,33878
1901970168,33879
1902034867,33880
1902151532,33881
1902156480,33882
1902400610,33883
1902521562,33884
1902603456,33885
1902685273,33886
1902773005,33887
1902805580,33888
1903011139,33889
1903238167,33890
1903542828,33891
1904242795,33892
1904367547,33893
1904660005,33894
1904913144,33895
1905015793,33896
1905036492,33897
1905175746,33898
1905518304,33899
1905556350,33900
1905556465,33901
1906093856,33902
1906530649,33903
1906888765,33904
1906921994,33905
1907138881,33906
1907210066,33907
1907291623,33908
1907943324,33909
1908173622,33910
1908512005,33911
1908658609,33912
1908694843,33913
1908743521,33914
1908903396,33915
1909020168,33916
1909023805,33917
1909281625,33918
1909283486,33919
1909314529,33920
1909451209,33921
1909462112,33922
1909467900,33923
1909691821,33924
1909731361,33925
1909994221,33926
1910456539,33927
1910594984,33928
1911759066,33929
1911832471,33930
1911868574,33931
1911901986,33932
1912185276,33933
1912522274,33934
1912628701,33935
1912866678,33936
1913058444,33937
1913370296,33938
1914170983,33939
1914426272,33940
1914434568,33941
1914744018,33942
1914979285,33943
1915014703,33944
1915037292,33945
1915754798,33946
1916059242,33947
1916410033,33948
1917309878,33949
1917605214,33950
1917652957,33951
1917733734,33952
1917920580,33953
1918161866,33954
1918224734,33955
1918468500,33956
1918740636,33957
1918805598,33958
1918876944,33959
1918976005,33960
1918976288,33961
1919572561,33962
1920522854,33963
1920596341,33964
1920807991,33965
1921142294,33966
1921211689,33967
1921217798,33968
1921398986,33969
1921507278,33970
1921514064,33971
1921520767,33972
1921895252,33973
1921907946,33974
1921931954,33975
1921932272,33976
1921991732,33977
1922278520,33978
1922314573,33979
1923358332,33980
1923374480,33981
1923585654,33982
1923626600,33983
1923871626,33984
1923930834,33985
1924553412,33986
1924660692,33987
1924704842,33988
1924753242,33989
1924766294,33990
1924775376,33991
1924985228,33992
1925027844,33993
1925154181,33994
1925411952,33995
1925483556,33996
1925649391,33997
1926134820,33998
1926562094,33999
1926571112,34000
1926639110,34001
1927008186,34002
1927091514,34003
1927206391,34004
1927394352,34005
1927981752,34006
1928003306,34007
1928097176,34008
1928290020,34009
1928495630,34010
1928632980,34011
1928862781,34012
1929149275,34013
1929198750,34014
1929884636,34015
1930286442,34016
1930980487,34017
1931252839,34018
1931585845,34019
1931607714,34020
1931712398,34021
1932204139,34022
1932638376,34023
1932731941,34024
1932816230,34025
1933908715,34026
1933990206,34027
1934152970,34028
1934460830,34029
1934770050,34030
1934787661,34031
1935035425,34032
1935089888,34033
1935266496,34034
1935452844,34035
1935573618,34036
1935600896,34037
1935690853,34038
1935716222,34039
1936000434,34040
1936136196,34041
1937716140,34042
1937951317,34043
1938260035,34044
1938484182,34045
1938992054,34046
1939028665,34047
1939552088,34048
1939689536,34049
1939701608,34050
1941558870,34051
1941854186,34052
1941889681,34053
1942234530,34054
1942337269,34055
1942570267,34056
1942834075,34057
1943566988,34058
1943806136,34059
1944440994,34060
1944480992,34061
1944751867,34062
1944832135,34063
1945114207,34064
1945129729,34065
1945294892,34066
1945347877,34067
1945444183,34068
1945524931,34069
1945541407,34070
1945760131,34071
1946024460,34072
1946441628,34073
1947303967,34074
1947483524,34075
1947943598,34076
1948068764,34077
1948219189,34078
1948262191,34079
1948504003,34080
1948811262,34081
1949347722,34082
1950262243,34083
1950699848,34084
1950875372,34085
1950891102,34086
1951788738,34087
1951936646,34088
1952289584,34089
1952363918,34090
1952552262,34091
1952614448,34092
1952636125,34093
1952637158,34094
1952826548,34095
1952925830,34096
1952998376,34097
1953433807,34098
1954611157,34099
1954882746,34100
1955109913,34101
1955216832,34102
1955538578,34103
1955746746,34104
1955941310,34105
1956323857,34106
1956776809,34107
1957439592,34108
1957594152,34109
1957603777,34110
1957948550,34111
1958497130,34112
1958687156,34113
1958727554,34114
1958799936,34115
1958816220,34116
1958881080,34117
1958892590,34118
1959604969,34119
1959676213,34120
1959772356,34121
1959825786,34122
1959844634,34123
1960266680,34124
1960422474,34125
1960909944,34126
1961121162,34127
1961302734,34128
1961303148,34129
1961588540,34130
1961684689,34131
1961714515,34132
1961785202,34133
1961861941,34134
1961928241,34135
1962835044,34136
1962986070,34137
1963103299,34138
1963103305,34139
1963384345,34140
1963441988,34141
1963445611,34142
1963621022,34143
1963709106,34144
1963778810,34145
1963785025,34146
1963813716,34147
1964110980,34148
1964909868,34149
1965537740,34150
1965566376,34151
1965905755,34152
1965938300,34153
1966017924,34154
1966597219,34155
1966752661,34156
1966753087,34157
1967368520,34158
1967608022,34159
1967758842,34160
1967776646,34161
1967788530,34162
1967813779,34163
1967823380,34164
1967842039,34165
1967966832,34166
1968100524,34167
1968316987,34168
1968515016,34169
1968517861,34170
1968580922,34171
1968843060,34172
1969190220,34173
1969274100,34174
1969295354,34175
1969699820,34176
1969730018,34177
1969923769,34178
1970179134,34179
1970256026,34180
1970266680,34181
1970429648,34182
1970547444,34183
1971724370,34184
1972037641,34185
1972416156,34186
1972532473,34187
1973119813,34188
1973316967,34189
1973614140,34190
1974263839,34191
1976324455,34192
1976547360,34193
1976772002,34194
1977365496,34195
1977772164,34196
1977986551,34197
1978951482,34198
1979311974,34199
1979464926,34200
1979568403,34201
2147572012,34202
2147595756,34203
2147628433,34204
2147635317,34205
2147716231,34206
2147851824,34207
2147938057,34208
2148043326,34209
2148113546,34210
2148781257,34211
2148844390,34212
2149014523,34213
2149064786,34214
2149178965,34215
2149181204,34216
2149211726,34217
2149263306,34218
2149301334,34219
2149389206,34220
2149523550,34221
2149527784,34222
2149687411,34223
2149696759,34224
2149709832,34225
2149769052,34226
2149830330,34227
2150081382,34228
2150112043,34229
2150280847,34230
2150359365,34231
2150642299,34232
2151312392,34233
2151425555,34234
2151581764,34235
2151671287,34236
2151698899,34237
2151700369,34238
2151852812,34239
2151942851,34240
2152062270,34241
2152116582,34242
2152251834,34243
2152460449,34244
2152799365,34245
2153036188,34246
2153212281,34247
2153251544,34248
2153404664,34249
2153435825,34250
2153502551,34251
2153551040,34252
2153571775,34253
2153626892,34254
2153781255,34255
2153854855,34256
2153955220,34257
2154272664,34258
2154531546,34259
2154867670,34260
2154949086,34261
2154958268,34262
2155220057,34263
2155299248,34264
2155481708,34265
2155693598,34266
2155713276,34267
2155733157,34268
2155771134,34269
2155815666,34270
2155844918,34271
2155915072,34272
2156206461,34273
2156349808,34274
2156442372,34275
2156561740,34276
2157405257,34277
2157554042,34278
2157789956,34279
2157856515,34280
2157878718,34281
2157991671,34282
2158281460,34283
2158804862,34284
2159335132,34285
2159486958,34286
2159644136,34287
2159870818,34288
2159942016,34289
2159952907,34290
2160199430,34291
2160300707,34292
2160334291,34293
2160420440,34294
2160586343,34295
2160616167,34296
2160757613,34297
2161027910,34298
2161301592,34299
2161340409,34300
2161673947,34301
2161787000,34302
2161834326,34303
2161859750,34304
2162008156,34305
2162087278,34306
2162653184,34307
2162843286,34308
2162980022,34309
2162983369,34310
2163033662,34311
2163208544,34312
2163248447,34313
2163293100,34314
2163340802,34315
2163450864,34316
2163535341,34317
2163569056,34318
2163610248,34319
2163671726,34320
2163751280,34321
2163789780,34322
2163997206,34323
2164039904,34324
2164091070,34325
2164601923,34326
2164665791,34327
2164804688,34328
2164830257,34329
2164875343,34330
2164876369,34331
2165153857,34332
2165224974,34333
2165496207,34334
2165611236,34335
2165642942,34336
2165707725,34337
2165714005,34338
2165744684,34339
2166067041,34340
2166540193,34341
2166712563,34342
2166755307,34343
2166772772,34344
2167209608,34345
2167243322,34346
2167674121,34347
2167704482,34348
2167955629,34349
2168387392,34350
2168509877,34351
2168565823,34352
2168811944,34353
2168956690,34354
2169470797,34355
2169512643,34356
2169658766,34357
2169689844,34358
2169913687,34359
2170146315,34360
2170380509,34361
2170455122,34362
2170625299,34363
2170684981,34364
2170826502,34365
2170874588,34366
2170943246,34367
2170986966,34368
2171011147,34369
2171212172,34370
2171315682,34371
2171380663,34372
2171387558,34373
2171620866,34374
2171674540,34375
2172169509,34376
2172271219,34377
2172392826,34378
2172639643,34379
2172753872,34380
2172817736,34381
2172985988,34382
2172986559,34383
2173077625,34384
2173135652,34385
2173191337,34386
2173429801,34387
2173507532,34388
2173541108,34389
2173605838,34390
2173981217,34391
2174000226,34392
2174030340,34393
2174038587,34394
2174623730,34395
2174765248,34396
2174781979,34397
2174853163,34398
2174951994,34399
2175055010,34400
2175192882,34401
2175220709,34402
2175383336,34403
2175755335,34404
2175763916,34405
2175819474,34406
2175975526,34407
2176189026,34408
2176302483,34409
2176374068,34410
2176477370,34411
2176495019,34412
2176521816,34413
2176661282,34414
2176694140,34415
2176810176,34416
2176832773,34417
2176869844,34418
2176995205,34419
2176999236,34420
2177046900,34421
2177175701,34422
2177184771,34423
2177428656,34424
2177481901,34425
2177490125,34426
2177660940,34427
2178075818,34428
2178261583,34429
2178314942,34430
2178467189,34431
2178611209,34432
2178630920,34433
2178773982,34434
2178816259,34435
2179058990,34436
2179089168,34437
2179112075,34438
2179196810,34439
2179233702,34440
2179655522,34441
2179916998,34442
2180309078,34443
2180339091,34444
2180511227,34445
2180547666,34446
2180742890,34447
2180806190,34448
2180849438,34449
2180959435,34450
2181016110,34451
2181045924,34452
2181089227,34453
2181100537,34454
2181154015,34455
2181188602,34456
2181259351,34457
2181301188,34458
2181332625,34459
2181400856,34460
2181772141,34461
2182054841,34462
2182159565,34463
2182236547,34464
2182241587,34465
2182507506,34466
2182536701,34467
2182552087,34468
2182586747,34469
2182614035,34470
2182624271,34471
2182644831,34472
2182653660,34473
2182724641,34474
2182758172,34475
2183085330,34476
2183184162,34477
2183462359,34478
2183520866,34479
2183541680,34480
2183826335,34481
2183959042,34482
2184014518,34483
2184157794,34484
2184236029,34485
2184608584,34486
2184697062,34487
2184788698,34488
2184871242,34489
2185079156,34490
2185553479,34491
2185661418,34492
2185804400,34493
2185823090,34494
2185844388,34495
2186206505,34496
2186207399,34497
2186286104,34498
2186327653,34499
2187147559,34500
2187220087,34501
2187220125,34502
2187340666,34503
2187503976,34504
2187618214,34505
2187648284,34506
2187733214,34507
2188196646,34508
2188212647,34509
2188281238,34510
2188545410,34511
2188701097,34512
2188993573,34513
2189039042,34514
2189164824,34515
2189310048,34516
2189490411,34517
2189518497,34518
2189581818,34519
2189612107,34520
2189671907,34521
2189722458,34522
2189873338,34523
2189929502,34524
2190284711,34525
2190334998,34526
2190482153,34527
2190541011,34528
2190594374,34529
2190626380,34530
2190730343,34531
2190810758,34532
2190906912,34533
2190950965,34534
2191277311,34535
2191366951,34536
2191481728,34537
2191536703,34538
2191781708,34539
2191819352,34540
2191955978,34541
2191984092,34542
2192077297,34543
2192202210,34544
2192255358,34545
2192364949,34546
2192512034,34547
2192914921,34548
2192970153,34549
2193055694,34550
2193094410,34551
2193267170,34552
2193364472,34553
2193377550,34554
2193428925,34555
2193523099,34556
2193567955,34557
2193571685,34558
2193598579,34559
2193746220,34560
2193842946,34561
2194393136,34562
2194417481,34563
2194470846,34564
2194548046,34565
2194551471,34566
2194620376,34567
2194729068,34568
2194754696,34569
2194788505,34570
2194822428,34571
2194929191,34572
2194984461,34573
2195049319,34574
2195116544,34575
2195117058,34576
2195139271,34577
2195196500,34578
2195714795,34579
2195744592,34580
2196058678,34581
2196129200,34582
2196258063,34583
2196259189,34584
2196411006,34585
2196465935,34586
2196795258,34587
2196795540,34588
2197106143,34589
2197221432,34590
2197419467,34591
2197662547,34592
2197957260,34593
2198230222,34594
2198337368,34595
2198428548,34596
2198450833,34597
2198455616,34598
2198470996,34599
2198755236,34600
2198867156,34601
2198937484,34602
2199395557,34603
2199516431,34604
2199742176,34605
2200272026,34606
2200316797,34607
2200521729,34608
2200605463,34609
2200639305,34610
2200646881,34611
2200756316,34612
2200791396,34613
2200884719,34614
2201288194,34615
2201360178,34616
2201377976,34617
2201677387,34618
2201679114,34619
2201702179,34620
2201740686,34621
2201886407,34622
2201906092,34623
2202045415,34624
2202087336,34625
2202106614,34626
2202282662,34627
2202375985,34628
2202422934,34629
2202435103,34630
2202499723,34631
2202615703,34632
2202737989,34633
2202946701,34634
2203198647,34635
2203588833,34636
2203610409,34637
2203731512,34638
2203832143,34639
2203861972,34640
2204046544,34641
2204226488,34642
2204330976,34643
2204472008,34644
2204606340,34645
2204666258,34646
2204798617,34647
2205161185,34648
2205571290,34649
2205695888,34650
2205748585,34651
2205820652,34652
2206121295,34653
2206204956,34654
2206428378,34655
2206466353,34656
2206606894,34657
2206690108,34658
2206772727,34659
2206788811,34660
2207094739,34661
2207213288,34662
2207275768,34663
2207326597,34664
2207519903,34665
2207546156,34666
2207696784,34667
2207733494,34668
2207779562,34669
2207788292,34670
2207885690,34671
2208006931,34672
2208033414,34673
2208077253,34674
2208203365,34675
2208242546,34676
2208746299,34677
2208851301,34678
2209081703,34679
2209108130,34680
2209260756,34681
2209534382,34682
2209742392,34683
2209833191,34684
2209834420,34685
2210120306,34686
2210267522,34687
2210491847,34688
2210604247,34689
2210657814,34690
2210672052,34691
2210678941,34692
2210686826,34693
2210731328,34694
2210759971,34695
2210767663,34696
2210777101,34697
2210822792,34698
2210973403,34699
2210974847,34700
2210978270,34701
2210979013,34702
2210980574,34703
2211027127,34704
2211038634,34705
2211231903,34706
2211342025,34707
2211351810,34708
2211693576,34709
2211693776,34710
2211761900,34711
2211911080,34712
2212358428,34713
2212416572,34714
2212563086,34715
2212677454,34716
2212891281,34717
2212926706,34718
2213038500,34719
2213084837,34720
2213157290,34721
2213249760,34722
2213257946,34723
2213350454,34724
2213447547,34725
2213591116,34726
2213621054,34727
2214113600,34728
2214117841,34729
2214126716,34730
2214265807,34731
2214355558,34732
2214443366,34733
2214452360,34734
2214468432,34735
2214497300,34736
2214504020,34737
2214539367,34738
2214699379,34739
2214847005,34740
2214984728,34741
2215010696,34742
2215107978,34743
2216240963,34744
2216353375,34745
2216598879,34746
2216636346,34747
2216901333,34748
2217007286,34749
2217072500,34750
2217173300,34751
2217457444,34752
2217499061,34753
2217680502,34754
2217685508,34755
2217737279,34756
2218112018,34757
2218196502,34758
2218326164,34759
2218576910,34760
2218648829,34761
2218742450,34762
2218769041,34763
2218829299,34764
2218836026,34765
2219430227,34766
2219551129,34767
2219840114,34768
2220100134,34769
2220115629,34770
2220416131,34771
2220433850,34772
2220540722,34773
2220700208,34774
2220727850,34775
2220816438,34776
2220816894,34777
2220975776,34778
2220976086,34779
2221000855,34780
2221716272,34781
2221758091,34782
2221975782,34783
2222235055,34784
2222248950,34785
2222294396,34786
2222340270,34787
2222505735,34788
2222873396,34789
2223064093,34790
2223183978,34791
2223402006,34792
2223453362,34793
2223520290,34794
2223706189,34795
2224043096,34796
2224144398,34797
2224232696,34798
2224470701,34799
2224864070,34800
2224957171,34801
2225011040,34802
2225199096,34803
2225267087,34804
2225350298,34805
2225959311,34806
2226031921,34807
2226209612,34808
2226288805,34809
2226327295,34810
2226478777,34811
2226529807,34812
2226623170,34813
2226776407,34814
2226950659,34815
2227236478,34816
2227552357,34817
2227554387,34818
2227582807,34819
2227816527,34820
2228123932,34821
2228171385,34822
2228670644,34823
2228701165,34824
2228761844,34825
2228842088,34826
2228909041,34827
2228964492,34828
2229028338,34829
2229331280,34830
2229386635,34831
2229407488,34832
2229483438,34833
2229646347,34834
2229950870,34835
2230083151,34836
2230228135,34837
2230303651,34838
2230388154,34839
2230400682,34840
2230418710,34841
2230532661,34842
2230728734,34843
2230732530,34844
2230867051,34845
2230908315,34846
2231531863,34847
2231598176,34848
2231686799,34849
2231955139,34850
2232177665,34851
2232248517,34852
2232249787,34853
2232427488,34854
2232664458,34855
2232759132,34856
2233008482,34857
2233251071,34858
2233488978,34859
2233635295,34860
2233745289,34861
2233823258,34862
2233876207,34863
2233944943,34864
2234007418,34865
2234100806,34866
2234654552,34867
2234878452,34868
2235222374,34869
2236193151,34870
2236253395,34871
2236278355,34872
2236305480,34873
2236430461,34874
2236440289,34875
2236703862,34876
2236706977,34877
2236752559,34878
2236855462,34879
2236865520,34880
2236886322,34881
2236974702,34882
2237078600,34883
2237167544,34884
2237314197,34885
2237327754,34886
2237577551,34887
2237583636,34888
2237742000,34889
2237748738,34890
2237757230,34891
2237917846,34892
2238098810,34893
2238431106,34894
2238441784,34895
2238567014,34896
2238672066,34897
2238744498,34898
2238773896,34899
2239109723,34900
2239548626,34901
2239864518,34902
2239895226,34903
2239924549,34904
2239987596,34905
2240008298,34906
2240033851,34907
2240034134,34908
2240088985,34909
2240167489,34910
2240576498,34911
2240943324,34912
2241057752,34913
2241089929,34914
2241205392,34915
2241247387,34916
2241324176,34917
2241478037,34918
2241532549,34919
2241668755,34920
2241679394,34921
2241719952,34922
2241736868,34923
2241751605,34924
2241915118,34925
2242040507,34926
2242270745,34927
2242304191,34928
2242415272,34929
2242421732,34930
2242479332,34931
2242677582,34932
2243092549,34933
2243233595,34934
2243300881,34935
2243319038,34936
2243353709,34937
2243504739,34938
2243859566,34939
2244103856,34940
2244285696,34941
2244677388,34942
2244754026,34943
2244884018,34944
2244935869,34945
2245203122,34946
2245204147,34947
2245357513,34948
2245362859,34949
2245370656,34950
2245875254,34951
2245887787,34952
2246191333,34953
2246201708,34954
2246713958,34955
2246800117,34956
2246840409,34957
2246898978,34958
2247200452,34959
2247408236,34960
2247548503,34961
2247799814,34962
2247825528,34963
2247975704,34964
2248631022,34965
2248661143,34966
2248792728,34967
2248861878,34968
2248958827,34969
2248964251,34970
2249167496,34971
2249186018,34972
2249500333,34973
2249714648,34974
2249732667,34975
2249743875,34976
2249852268,34977
2249960166,34978
2250062842,34979
2250377624,34980
2250430673,34981
2250432500,34982
2250513013,34983
2250636248,34984
2250689443,34985
2250817146,34986
2250967320,34987
2251173986,34988
2251238920,34989
2252004584,34990
2252299098,34991
2252458512,34992
2252469067,34993
2252654251,34994
2252719814,34995
2252774762,34996
2253044895,34997
2253634964,34998
2253716036,34999
2253954343,35000
2254302955,35001
2254317674,35002
2254696144,35003
2254884070,35004
2254973199,35005
2255086447,35006
2255446829,35007
2255610974,35008
2255785158,35009
2255905927,35010
2256110525,35011
2256516282,35012
2256848000,35013
2256850213,35014
2256874532,35015
2257174370,35016
2257247228,35017
2257365318,35018
2257763838,35019
2257868913,35020
2257991826,35021
2258027514,35022
2258158524,35023
2258233470,35024
2258357868,35025
2258376215,35026
2258414406,35027
2258516408,35028
2258555257,35029
2258666541,35030
2258785824,35031
2258830911,35032
2258908729,35033
2259196557,35034
2259254179,35035
2259421699,35036
2259482287,35037
2259507037,35038
2259623185,35039
2259713982,35040
2259722610,35041
2259735529,35042
2259738608,35043
2259924986,35044
2260150651,35045
2260255682,35046
2260414460,35047
2261037247,35048
2261075405,35049
2261405917,35050
2261505977,35051
2261723742,35052
2261990982,35053
2262153210,35054
2262206413,35055
2262319451,35056
2262637717,35057
2262874359,35058
2263033101,35059
2263047512,35060
2263209168,35061
2263235551,35062
2263309443,35063
2263319437,35064
2263442072,35065
2263651970,35066
2263728555,35067
2263754155,35068
2263883537,35069
2264067096,35070
2264419579,35071
2264603723,35072
2264718528,35073
2264782261,35074
2264826464,35075
2264843849,35076
2264882996,35077
2264897173,35078
2265133784,35079
2265151616,35080
2265260370,35081
2265333522,35082
2265346933,35083
2265392563,35084
2266047501,35085
2266052626,35086
2266108082,35087
2266197685,35088
2266295418,35089
2266556515,35090
2266860848,35091
2267094157,35092
2267210868,35093
2267314316,35094
2267528078,35095
2267680813,35096
2267743099,35097
2267796530,35098
2267937017,35099
2268205458,35100
2268263652,35101
2268321580,35102
2268622525,35103
2268638266,35104
2268640134,35105
2268846734,35106
2268904439,35107
2269052112,35108
2269210637,35109
2269340988,35110
2269391174,35111
2269426399,35112
2269453515,35113
2269619268,35114
2269670144,35115
2269672243,35116
2269697658,35117
2269804802,35118
2269865226,35119
2269890218,35120
2269951304,35121
2269982365,35122
2270141198,35123
2270416014,35124
2270616696,35125
2270644615,35126
2270731687,35127
2271040057,35128
2271100374,35129
2271101256,35130
2271145370,35131
2271307669,35132
2271350625,35133
2271390815,35134
2271453218,35135
2271719911,35136
2271876176,35137
2272014522,35138
2272016009,35139
2272063722,35140
2272066354,35141
2272092822,35142
2272109758,35143
2272134289,35144
2272138994,35145
2272184596,35146
2272203114,35147
2272209843,35148
2272215830,35149
2272219082,35150
2272254662,35151
2272491300,35152
2272847424,35153
2272885441,35154
2273160300,35155
2273197344,35156
2273216286,35157
2273282888,35158
2273320843,35159
2273459724,35160
2273636460,35161
2273778997,35162
2273797556,35163
2273868780,35164
2274075228,35165
2274078254,35166
2274712681,35167
2274729234,35168
2275035980,35169
2275164037,35170
2275244845,35171
2275290066,35172
2275392128,35173
2275585976,35174
2275590123,35175
2275680163,35176
2275991857,35177
2276289589,35178
2276339018,35179
2276546874,35180
2276598476,35181
2276691817,35182
2276988140,35183
2277045782,35184
2277178590,35185
2277252794,35186
2277806852,35187
2277973056,35188
2278179972,35189
2278197342,35190
2278261981,35191
2278287566,35192
2278321596,35193
2278445089,35194
2278930441,35195
2279015028,35196
2279094399,35197
2279480828,35198
2279498706,35199
2279529542,35200
2279635218,35201
2279687306,35202
2279689231,35203
2279729497,35204
2279733733,35205
2279812975,35206
2279853368,35207
2279983255,35208
2280217165,35209
2280337860,35210
2280365342,35211
2280923840,35212
2281043942,35213
2281167878,35214
2281250144,35215
2281297118,35216
2281347398,35217
2281350912,35218
2281434710,35219
2281594473,35220
2281642344,35221
2281847095,35222
2281867141,35223
2281947295,35224
2282371100,35225
2282397654,35226
2282610627,35227
2282677216,35228
2282773141,35229
2282773536,35230
2282880248,35231
2283253198,35232
2284175185,35233
2284229442,35234
2284276566,35235
2284315018,35236
2284471063,35237
2284681286,35238
2284695849,35239
2284739445,35240
2284965018,35241
2285444756,35242
2285639558,35243
2285644302,35244
2285703888,35245
2285708756,35246
2285764364,35247
2285836957,35248
2285937674,35249
2286378581,35250
2286451110,35251
2286459182,35252
2286469445,35253
2286593564,35254
2286794948,35255
2286862575,35256
2287030892,35257
2287053907,35258
2287246952,35259
2287456878,35260
2287590997,35261
2287778892,35262
2287807431,35263
2287998329,35264
2288377538,35265
2288393402,35266
2288462990,35267
2288523851,35268
2288688367,35269
2288690060,35270
2288745758,35271
2288763914,35272
2288799413,35273
2288856122,35274
2288952867,35275
2288957462,35276
2289692211,35277
2289917660,35278
2289920960,35279
2289961711,35280
2290013599,35281
2290218049,35282
2290263476,35283
2290267526,35284
2290332260,35285
2290449186,35286
2290634628,35287
2290741703,35288
2290819518,35289
2290894069,35290
2291026128,35291
2291033166,35292
2291051462,35293
2291254872,35294
2291570869,35295
2291628254,35296
2291655969,35297
2291761753,35298
2291772528,35299
2291780555,35300
2291968573,35301
2292074120,35302
2292259850,35303
2292264579,35304
2292810883,35305
2292904025,35306
2292921309,35307
2293038391,35308
2293051507,35309
2293061179,35310
2293183652,35311
2293252820,35312
2293332168,35313
2293498328,35314
2293593289,35315
2293706827,35316
2293762238,35317
2293785160,35318
2293810932,35319
2293890408,35320
2294494778,35321
2294502523,35322
2294628952,35323
2294725468,35324
2294804946,35325
2294824502,35326
2294931450,35327
2294969654,35328
2295168505,35329
2295196603,35330
2295219542,35331
2295593776,35332
2295881880,35333
2295911619,35334
2296488261,35335
2296489088,35336
2296598455,35337
2296714397,35338
2296718005,35339
2296870332,35340
2296928930,35341
2296935450,35342
2297109175,35343
2297268493,35344
2297286916,35345
2297751401,35346
2298043189,35347
2298065719,35348
2298200545,35349
2298318975,35350
2298441678,35351
2298463846,35352
2298491760,35353
2298541593,35354
2298593424,35355
2298701022,35356
2298877380,35357
2299224446,35358
2299586347,35359
2300204892,35360
2300216046,35361
2300282864,35362
2300318587,35363
2300321234,35364
2300355468,35365
2300445898,35366
2300488620,35367
2300497376,35368
2300505560,35369
2300538768,35370
2300551194,35371
2300683083,35372
2300821520,35373
2300919871,35374
2301151644,35375
2301328722,35376
2301712239,35377
2301906701,35378
2302012753,35379
2302113336,35380
2302145018,35381
2302199492,35382
2302327181,35383
2302407630,35384
2302507548,35385
2302559615,35386
2302645522,35387
2302769958,35388
2303048414,35389
2303063611,35390
2303372976,35391
2303522197,35392
2303534352,35393
2303565799,35394
2303809581,35395
2303847446,35396
2303913996,35397
2304047108,35398
2304083132,35399
2304319056,35400
2304472807,35401
2304596795,35402
2304662443,35403
2305123080,35404
2305228178,35405
2305350474,35406
2305442371,35407
2305534800,35408
2305564042,35409
2305775324,35410
2305791325,35411
2305811305,35412
2305853304,35413
2305879171,35414
2306158353,35415
2306356770,35416
2306423349,35417
2306547892,35418
2306586260,35419
2306768839,35420
2306865399,35421
2306879042,35422
2307144349,35423
2307229464,35424
2307253314,35425
2307296066,35426
2307421946,35427
2307493639,35428
2307500895,35429
2307667986,35430
2307710413,35431
2307956478,35432
2307963396,35433
2307966377,35434
2307980130,35435
2308458954,35436
2308538340,35437
2308620674,35438
2308625056,35439
2308720454,35440
2308784520,35441
2308954104,35442
2308959078,35443
2308990478,35444
2309040386,35445
2309141593,35446
2309170130,35447
2309180863,35448
2309326778,35449
2309575496,35450
2310104910,35451
2310188030,35452
2310462195,35453
2310497738,35454
2310672533,35455
2310889942,35456
2311063720,35457
2311205725,35458
2311530001,35459
2311534602,35460
2311817771,35461
2312039134,35462
2312126071,35463
2312324222,35464
2312387600,35465
2312408251,35466
2312434416,35467
2312483360,35468
2312659651,35469
2312795142,35470
2312832092,35471
2312864198,35472
2313132087,35473
2313253446,35474
2313361531,35475
2313438835,35476
2313606248,35477
2313758816,35478
2313836011,35479
2313992976,35480
2314192086,35481
2314360662,35482
2314379118,35483
2314402258,35484
2314708812,35485
2314911454,35486
2314962830,35487
2315029755,35488
2315049805,35489
2315270020,35490
2315411725,35491
2315919844,35492
2316016705,35493
2316133112,35494
2316176636,35495
2316253808,35496
2316256471,35497
2316256766,35498
2316261613,35499
2316330373,35500
2316348795,35501
2316422102,35502
2316434299,35503
2316449503,35504
2316557688,35505
2316728980,35506
2316913664,35507
2316995758,35508
2317292048,35509
2317358378,35510
2317689248,35511
2317719056,35512
2317742881,35513
2317766706,35514
2317771694,35515
2317837734,35516
2318103289,35517
2318188160,35518
2318265283,35519
2318285622,35520
2319095424,35521
2319167748,35522
2319190439,35523
2319303596,35524
2319462686,35525
2319600528,35526
2319925364,35527
2320050732,35528
2320084860,35529
2320113306,35530
2320123992,35531
2320171604,35532
2320216189,35533
2320314889,35534
2320320820,35535
2320404222,35536
2320434167,35537
2320803824,35538
2320896624,35539
2321272902,35540
2321276530,35541
2321395454,35542
2321563844,35543
2321601726,35544
2321881676,35545
2321947044,35546
2322392421,35547
2322571025,35548
2322854090,35549
2323191524,35550
2323238577,35551
2323280144,35552
2323650661,35553
2323783152,35554
2324514444,35555
2324604958,35556
2324671274,35557
2325076985,35558
2325162294,35559
2325214996,35560
2325389164,35561
2325720099,35562
2325768332,35563
2325940555,35564
2326004178,35565
2326136263,35566
2326195717,35567
2326195790,35568
2326313910,35569
2326425490,35570
2326521090,35571
2327168777,35572
2327338293,35573
2327474819,35574
2327500422,35575
2327563188,35576
2327615780,35577
2327677776,35578
2328148980,35579
2328167700,35580
2328344623,35581
2328877371,35582
2328909811,35583
2329069178,35584
2329175092,35585
2329189534,35586
2329283396,35587
2329373178,35588
2329466244,35589
2329662108,35590
2329701019,35591
2329811022,35592
2330110409,35593
2330156720,35594
2330468346,35595
2330531478,35596
2330673502,35597
2330785615,35598
2330804044,35599
2330883872,35600
2330959802,35601
2330989048,35602
2330994761,35603
2330997878,35604
2331068058,35605
2331090002,35606
2331151852,35607
2331174384,35608
2331193790,35609
2331209359,35610
2331405372,35611
2331432673,35612
2332065509,35613
2332148450,35614
2332193390,35615
2332252999,35616
2332318471,35617
2332462670,35618
2332559719,35619
2332608247,35620
2332634053,35621
2332638064,35622
2332743271,35623
2332835140,35624
2332891530,35625
2333013650,35626
2333516371,35627
2333736177,35628
2333826209,35629
2334077419,35630
2334104174,35631
2334118737,35632
2334183502,35633
2334312147,35634
2334523024,35635
2334673819,35636
2334737239,35637
2334763894,35638
2334770138,35639
2334805221,35640
2335193028,35641
2335241768,35642
2335461368,35643
2335473751,35644
2335612039,35645
2335816280,35646
2335830187,35647
2335939902,35648
2336172112,35649
2336181918,35650
2336221165,35651
2336515905,35652
2336776986,35653
2336787329,35654
2336830657,35655
2336870779,35656
2337085674,35657
2337153800,35658
2337170324,35659
2337451080,35660
2338067666,35661
2338232460,35662
2338665151,35663
2338826726,35664
2338920056,35665
2339276754,35666
2339790408,35667
2339814156,35668
2340198379,35669
2340292794,35670
2340470118,35671
2340601591,35672
2340644160,35673
2340698592,35674
2340796446,35675
2340995828,35676
2341133755,35677
2341228142,35678
2341257349,35679
2341629662,35680
2341828104,35681
2342103085,35682
2342163477,35683
2342273124,35684
2342384826,35685
2342447460,35686
2342452005,35687
2342763156,35688
2342954575,35689
2342999576,35690
2343100002,35691
2343653417,35692
2343762386,35693
2343897794,35694
2343994833,35695
2344007365,35696
2344125356,35697
2344129974,35698
2344182929,35699
2344195758,35700
2344273910,35701
2344346701,35702
2344349102,35703
2344406496,35704
2344762902,35705
2344987903,35706
2345227411,35707
2345409164,35708
2345554074,35709
2345661321,35710
2345696184,35711
2345722098,35712
2345856793,35713
2345863717,35714
2345870289,35715
2346062194,35716
2346119290,35717
2346123952,35718
2346189283,35719
2346314202,35720
2346483576,35721
2346813288,35722
2346885331,35723
2347201443,35724
2347330281,35725
2347366607,35726
2347693039,35727
2347705387,35728
2347940487,35729
2348119694,35730
2348158339,35731
2348388947,35732
2348641957,35733
2348726785,35734
2349010292,35735
2349012840,35736
2349065176,35737
2349091662,35738
2349119701,35739
2349295460,35740
2349371460,35741
2349454520,35742
2349544946,35743
2349548360,35744
2349551336,35745
2349716177,35746
2349823937,35747
2349831284,35748
2350084825,35749
2350170211,35750
2350295899,35751
2350314968,35752
2350435974,35753
2350452223,35754
2350490029,35755
2350536606,35756
2350615075,35757
2350673546,35758
2350834406,35759
2350911564,35760
2350966291,35761
2351339382,35762
2351613186,35763
2351725011,35764
2351799679,35765
2352007196,35766
2352119720,35767
2352239719,35768
2352242889,35769
2352271567,35770
2352356424,35771
2352389731,35772
2352425430,35773
2352432416,35774
2352542869,35775
2352631799,35776
2352667944,35777
2352669726,35778
2352837044,35779
2352897536,35780
2353346225,35781
2353485140,35782
2353633890,35783
2353645529,35784
2353781485,35785
2353903285,35786
2353923352,35787
2353937130,35788
2354084481,35789
2354103552,35790
2354190624,35791
2354388944,35792
2354957737,35793
2355140180,35794
2355219955,35795
2355250290,35796
2355289398,35797
2355296799,35798
2355308738,35799
2355314433,35800
2355347586,35801
2355409728,35802
2355557154,35803
2355580550,35804
2355672979,35805
2355678031,35806
2355718460,35807
2355847981,35808
2355864732,35809
2356039387,35810
2356282830,35811
2356409830,35812
2356457656,35813
2356564662,35814
2356642926,35815
2356732509,35816
2356791444,35817
2356905748,35818
2357166500,35819
2357270677,35820
2357679751,35821
2357879834,35822
2358039120,35823
2358058109,35824
2358218700,35825
2358244080,35826
2358613812,35827
2358643818,35828
2358817571,35829
2358971316,35830
2359028480,35831
2359127267,35832
2359256510,35833
2359387844,35834
2359607515,35835
2359638284,35836
2360006665,35837
2360071993,35838
2360094613,35839
2360578273,35840
2360682889,35841
2360701945,35842
2360723436,35843
2361100233,35844
2361295453,35845
2361437195,35846
2361623269,35847
2361636319,35848
2361791293,35849
2361807746,35850
2361815011,35851
2361873400,35852
2361923064,35853
2361944108,35854
2361979661,35855
2362039758,35856
2362152704,35857
2362293132,35858
2362361616,35859
2362901599,35860
2363072078,35861
2363153406,35862
2363154488,35863
2363227027,35864
2363297034,35865
2363380761,35866
2363412157,35867
2363574036,35868
2363587903,35869
2363887313,35870
2363899184,35871
2364026722,35872
2364112074,35873
2364112560,35874
2364171813,35875
2364244058,35876
2364454356,35877
2364616098,35878
2364974711,35879
2365133946,35880
2365209480,35881
2365305244,35882
2365686348,35883
2365959960,35884
2365969721,35885
2366065907,35886
2366077879,35887
2366116230,35888
2366147970,35889
2366196514,35890
2366254259,35891
2366303900,35892
2366676786,35893
2366750023,35894
2366882941,35895
2367279633,35896
2367355298,35897
2367557191,35898
2367605641,35899
2367650918,35900
2367707074,35901
2367714895,35902
2367735894,35903
2367810144,35904
2367814350,35905
2367825526,35906
2367834092,35907
2367971444,35908
2368110613,35909
2368238107,35910
2368444928,35911
2368655029,35912
2368712095,35913
2369060502,35914
2369193094,35915
2369233345,35916
2369482951,35917
2369506560,35918
2369551148,35919
2369607061,35920
2369708981,35921
2369768377,35922
2369916919,35923
2369949012,35924
2369986358,35925
2370062860,35926
2370321530,35927
2370661717,35928
2370768564,35929
2370847872,35930
2370908751,35931
2370912788,35932
2370959600,35933
2371018027,35934
2371126004,35935
2371297874,35936
2371332324,35937
2371332362,35938
2371354754,35939
2371618334,35940
2371647614,35941
2371811728,35942
2371873518,35943
2371889699,35944
2371992620,35945
2372158417,35946
2372196812,35947
2372222406,35948
2372282547,35949
2372292854,35950
2372607422,35951
2372834940,35952
2372929393,35953
2373014143,35954
2373026731,35955
2373121802,35956
2373123864,35957
2373291685,35958
2373570728,35959
2373857028,35960
2374257182,35961
2374306267,35962
2374306886,35963
2374390404,35964
2374469136,35965
2374775708,35966
2374879598,35967
2375154235,35968
2375357826,35969
2375467740,35970
2375531316,35971
2375728898,35972
2375792442,35973
2375815314,35974
2375863494,35975
2375923195,35976
2375956382,35977
2375964679,35978
2375982860,35979
2376194748,35980
2376264116,35981
2376537889,35982
2376768615,35983
2376995192,35984
2377040222,35985
2377159461,35986
2377480159,35987
2377489938,35988
2377591597,35989
2377806841,35990
2377860996,35991
2377965359,35992
2377990530,35993
2378211719,35994
2378380391,35995
2378425447,35996
2378679877,35997
2378693048,35998
2378944628,35999
2379092528,36000
2379194707,36001
2379227766,36002
2379259568,36003
2379426130,36004
2379464886,36005
2379583298,36006
2379598626,36007
2379859314,36008
2380599256,36009
2380747454,36010
2381114150,36011
2381266680,36012
2381332803,36013
2381550300,36014
2381933220,36015
2382598677,36016
2382624974,36017
2382630839,36018
2383195186,36019
2383333961,36020
2383360362,36021
2383567866,36022
2383815014,36023
2383883767,36024
2383954135,36025
2384105730,36026
2384266081,36027
2384319454,36028
2384425684,36029
2385179868,36030
2385548491,36031
2385562674,36032
2385606890,36033
2385911990,36034
2385945248,36035
2385964938,36036
2385978653,36037
2386077817,36038
2386714449,36039
2387426773,36040
2387505620,36041
2387917271,36042
2388043548,36043
2388301757,36044
2388611958,36045
2388754543,36046
2388966755,36047
2389717004,36048
2389722778,36049
2389729458,36050
2389738746,36051
2389777327,36052
2389900722,36053
2389937568,36054
2390165938,36055
2390464832,36056
2390510167,36057
2390791592,36058
2391414056,36059
2391474055,36060
2391525006,36061
2391546824,36062
2391736411,36063
2391757356,36064
2391807572,36065
2391870344,36066
2392089110,36067
2392658102,36068
2392851672,36069
2393008315,36070
2393063119,36071
2393066191,36072
2393234545,36073
2393397541,36074
2393507977,36075
2393565871,36076
2393581879,36077
2393673055,36078
2393814149,36079
2394259044,36080
2394279566,36081
2394313432,36082
2394819866,36083
2394887610,36084
2395132082,36085
2395286647,36086
2395508335,36087
2396062370,36088
2396163398,36089
2396314147,36090
2396496891,36091
2396615286,36092
2396747173,36093
2396788040,36094
2396808800,36095
2396953434,36096
2397132581,36097
2397616034,36098
2397627912,36099
2397772592,36100
2397990006,36101
2398109270,36102
2398149804,36103
2398172048,36104
2398209860,36105
2398456789,36106
2398457429,36107
2398461734,36108
2398538995,36109
2398593854,36110
2398674590,36111
2398676780,36112
2398775125,36113
2399026579,36114
2399159960,36115
2399253680,36116
2400326418,36117
2400433262,36118
2400452589,36119
2400465446,36120
2400607903,36121
2400815575,36122
2400916177,36123
2400990799,36124
2400992244,36125
2401037196,36126
2401156465,36127
2401371607,36128
2401411388,36129
2401527630,36130
2401695588,36131
2401971236,36132
2402247301,36133
2402320759,36134
2402464436,36135
2402533015,36136
2402588155,36137
2402641746,36138
2402969049,36139
2402972599,36140
2403016908,36141
2403462079,36142
2404571492,36143
2404770325,36144
2404819244,36145
2405041646,36146
2405044629,36147
2405425879,36148
2405491821,36149
2405525646,36150
2405664311,36151
2405926053,36152
2406843602,36153
2407167224,36154
2407248410,36155
2407268827,36156
2407354595,36157
2407513760,36158
2408016120,36159
2408067523,36160
2408257543,36161
2408343780,36162
2408407856,36163
2408780257,36164
2408954298,36165
2409044982,36166
2409228848,36167
2409316182,36168
2409317533,36169
2409414476,36170
2409414559,36171
2409490969,36172
2409571994,36173
2409731749,36174
2409777229,36175
2409790567,36176
2409933770,36177
2410066178,36178
2410379587,36179
2410656328,36180
2410706621,36181
2410903740,36182
2411316883,36183
2411352414,36184
2411474370,36185
2411611591,36186
2411783630,36187
2412012996,36188
2412015985,36189
2412253712,36190
2412499479,36191
2412564816,36192
2412685414,36193
2412689935,36194
2412712267,36195
2412809226,36196
2412998365,36197
2413002979,36198
2413095818,36199
2413205982,36200
2413217286,36201
2413247540,36202
2413289767,36203
2413558897,36204
2413570074,36205
2413708382,36206
2413712576,36207
2413717728,36208
2413885729,36209
2413926939,36210
2414457033,36211
2414577348,36212
2414638051,36213
2414794356,36214
2414809730,36215
2414855658,36216
2414910416,36217
2414949619,36218
2415008065,36219
2415072836,36220
2415098864,36221
2415105174,36222
2415142326,36223
2415264335,36224
2415613962,36225
2415732715,36226
2415809562,36227
2415947431,36228
2415959481,36229
2415989461,36230
2416137887,36231
2416254386,36232
2416412929,36233
2416538372,36234
2416916618,36235
2417385907,36236
2417511828,36237
2417527975,36238
2417560957,36239
2417934517,36240
2417974822,36241
2418102099,36242
2418202284,36243
2418328824,36244
2418400889,36245
2418444106,36246
2418454958,36247
2418499363,36248
2418639158,36249
2418959125,36250
2419127365,36251
2419289270,36252
2419699279,36253
2419905714,36254
2419947062,36255
2420054383,36256
2420558343,36257
2420657924,36258
2420766859,36259
2420961193,36260
2421582488,36261
2421583226,36262
2421799225,36263
2422329920,36264
2422365458,36265
2422371782,36266
2422450006,36267
2422601310,36268
2422725272,36269
2422977342,36270
2423249816,36271
2423329012,36272
2423486102,36273
2423642896,36274
2423676104,36275
2423738520,36276
2423825996,36277
2423863291,36278
2424166805,36279
2424205688,36280
2424347162,36281
2424474025,36282
2424639619,36283
2424757492,36284
2425201949,36285
2425551458,36286
2425787322,36287
2425973208,36288
2426062801,36289
2426195300,36290
2426277074,36291
2426923394,36292
2427132546,36293
2427204436,36294
2427208379,36295
2427270127,36296
2427452816,36297
2427494580,36298
2427630200,36299
2427641018,36300
2427685800,36301
2427744425,36302
2427778873,36303
2427810328,36304
2427898473,36305
2428033430,36306
2428217983,36307
2428238845,36308
2428390265,36309
2428663897,36310
2428804800,36311
2429027815,36312
2429060390,36313
2429243610,36314
2429313248,36315
2429369279,36316
2429384909,36317
2429413145,36318
2429463188,36319
2429587585,36320
2429623495,36321
2429876353,36322
2429997664,36323
2430018307,36324
2430108250,36325
2430153004,36326
2430307909,36327
2430508532,36328
2430695666,36329
2430858841,36330
2430904037,36331
2430963199,36332
2431024918,36333
2431107457,36334
2431201940,36335
2431395750,36336
2431458577,36337
2431852349,36338
2432047613,36339
2432221788,36340
2432284064,36341
2432371249,36342
2432437890,36343
2432603312,36344
2432870707,36345
2433048841,36346
2433243494,36347
2433414416,36348
2433667077,36349
2433774796,36350
2434078693,36351
2434113194,36352
2434305450,36353
2434349067,36354
2434619635,36355
2434740870,36356
2435605771,36357
2436008466,36358
2436068516,36359
2437154372,36360
2437167714,36361
2437183007,36362
2437359612,36363
2437437204,36364
2437448389,36365
2437505030,36366
2437571275,36367
2437574094,36368
2437619040,36369
2437634414,36370
2437756686,36371
2437779081,36372
2438188513,36373
2438799565,36374
2438987390,36375
2438996330,36376
2439196225,36377
2439434052,36378
2439538555,36379
2439790663,36380
2439833857,36381
2440211684,36382
2440223274,36383
2440273068,36384
2440387495,36385
2440479330,36386
2440479362,36387
2440488661,36388
2440491822,36389
2440585071,36390
2440688212,36391
2440698949,36392
2440896011,36393
2440951868,36394
2440969560,36395
2441185613,36396
2441357682,36397
2441602484,36398
2441859206,36399
2441892823,36400
2441921503,36401
2441946752,36402
2442452411,36403
2442788592,36404
2443168699,36405
2443642118,36406
2443972061,36407
2444160349,36408
2444467513,36409
2444498054,36410
2444524998,36411
2444649878,36412
2444845436,36413
2444982048,36414
2445832932,36415
2446013412,36416
2446147260,36417
2446232190,36418
2446369843,36419
2446469132,36420
2446472336,36421
2446614943,36422
2447038212,36423
2447069083,36424
2447429515,36425
2447458032,36426
2447771113,36427
2447902645,36428
2448240427,36429
2448244341,36430
2448382639,36431
2448457637,36432
2449223597,36433
2449358227,36434
2449623851,36435
2449650492,36436
2449724053,36437
2449913803,36438
2450006762,36439
2450197100,36440
2450323591,36441
2450402869,36442
2450621077,36443
2450677734,36444
2450740651,36445
2450755772,36446
2450874772,36447
2450895738,36448
2451213882,36449
2451298481,36450
2451379435,36451
2452074301,36452
2452116308,36453
2452169190,36454
2452271819,36455
2452301248,36456
2452486260,36457
2452717861,36458
2453073078,36459
2453481482,36460
2453605819,36461
2453750406,36462
2453768402,36463
2453827780,36464
2453875235,36465
2453890220,36466
2455515788,36467
2455545752,36468
2455854336,36469
2455861069,36470
2455954058,36471
2456162821,36472
2456527698,36473
2456638598,36474
2456905074,36475
2456996726,36476
2457099590,36477
2457236516,36478
2457305683,36479
2457316969,36480
2457361136,36481
2457649092,36482
2458222538,36483
2458244786,36484
2458351900,36485
2458374253,36486
2458410882,36487
2458476536,36488
2458530103,36489
2458562172,36490
2458691402,36491
2458841508,36492
2458990890,36493
2459110008,36494
2459121330,36495
2459169938,36496
2459278543,36497
2459767315,36498
2459958124,36499
2460543042,36500
2460617754,36501
2460639444,36502
2460798987,36503
2461418164,36504
2461452080,36505
2461835233,36506
2461872043,36507
2461971282,36508
2462035774,36509
2462058236,36510
2462149083,36511
2462213766,36512
2462394750,36513
2462422874,36514
2462507401,36515
2462563422,36516
2462584339,36517
2462683670,36518
2462846492,36519
2463044323,36520
2463065714,36521
2463651415,36522
2463735408,36523
2463773827,36524
2463813102,36525
2463856100,36526
2463915024,36527
2464011506,36528
2464056426,36529
2464061581,36530
2464470806,36531
2464502209,36532
2464756524,36533
2464784378,36534
2464836414,36535
2464844724,36536
2464867113,36537
2464887805,36538
2464945057,36539
2464974872,36540
2465032116,36541
2465082894,36542
2465101159,36543
2465102024,36544
2465164307,36545
2465254319,36546
2465909118,36547
2466059702,36548
2466083264,36549
2466443441,36550
2466455108,36551
2466709771,36552
2466925058,36553
2467130306,36554
2467179446,36555
2467180154,36556
2467323241,36557
2467576009,36558
2467780465,36559
2467943218,36560
2468067276,36561
2468092700,36562
2468206993,36563
2468214192,36564
2468224916,36565
2468238072,36566
2468244643,36567
2468278239,36568
2468294286,36569
2468365519,36570
2468448045,36571
2468483035,36572
2468962286,36573
2469364831,36574
2469418125,36575
2470090472,36576
2470132844,36577
2470208895,36578
2470292442,36579
2470404030,36580
2470913780,36581
2471034768,36582
2471421697,36583
2471432696,36584
2471573202,36585
2471649080,36586
2471835085,36587
2471895735,36588
2472019135,36589
2472205216,36590
2472714978,36591
2472715591,36592
2473099560,36593
2473416096,36594
2473540368,36595
2473739587,36596
2474363138,36597
2474367691,36598
2474368495,36599
2474400055,36600
2474431182,36601
2474468982,36602
2474472830,36603
2474616572,36604
2474620261,36605
2474994181,36606
2475207897,36607
2475326700,36608
2475542554,36609
2475590982,36610
2475760463,36611
2475920372,36612
2476166022,36613
2476432273,36614
2476622113,36615
2476909034,36616
2477100308,36617
2477106530,36618
2477139074,36619
2477191080,36620
2477406132,36621
2477605934,36622
2478594524,36623
2478713394,36624
2478846664,36625
2478921888,36626
2479159384,36627
2479184154,36628
2479188684,36629
2479202503,36630
2479229563,36631
2479250331,36632
2479398421,36633
2479852292,36634
2479977919,36635
2480055302,36636
2480131752,36637
2480142696,36638
2480157829,36639
2480215242,36640
2480225610,36641
2480368868,36642
2480429471,36643
2480813736,36644
2480843184,36645
2480921788,36646
2481146024,36647
2481506910,36648
2481665275,36649
2481665324,36650
2481781923,36651
2482172629,36652
2482184095,36653
2482288585,36654
2482557229,36655
2482569460,36656
2482667661,36657
2482671918,36658
2482687064,36659
2482770380,36660
2482792847,36661
2482846392,36662
2483067211,36663
2483244835,36664
2483875848,36665
2484205611,36666
2484552170,36667
2484706290,36668
2484982652,36669
2485020134,36670
2485135854,36671
2485184105,36672
2485459560,36673
2485464444,36674
2485520480,36675
2485648106,36676
2485830732,36677
2485838540,36678
2486136314,36679
2486317314,36680
2486498446,36681
2486620791,36682
2487067852,36683
2487893052,36684
2488367000,36685
2488767889,36686
2488994929,36687
2489009707,36688
2489148283,36689
2490426398,36690
2490568460,36691
2490698888,36692
2491232172,36693
2491260528,36694
2491534724,36695
2491594026,36696
2491677565,36697
2491821019,36698
2491845824,36699
2491899518,36700
2491964094,36701
2492045389,36702
2492433756,36703
2492820565,36704
2492907091,36705
2492929303,36706
2493254086,36707
2493355765,36708
2493418185,36709
2493672667,36710
2493889850,36711
2494211736,36712
2494237140,36713
2494241258,36714
2494248348,36715
2494359786,36716
2494514730,36717
2494601448,36718
2494747518,36719
2494767102,36720
2494833214,36721
2495075088,36722
2495090857,36723
2495196338,36724
2495317828,36725
2495405697,36726
2495610757,36727
2495637344,36728
2495686176,36729
2495705814,36730
2496329197,36731
2496350862,36732
2496525359,36733
2496647126,36734
2497231028,36735
2497796461,36736
2498176631,36737
2498595820,36738
2498902771,36739
2499275720,36740
2499444866,36741
2499471749,36742
2499903002,36743
2499942696,36744
2500118114,36745
2500546038,36746
2500672404,36747
2501695254,36748
2502130371,36749
2503165899,36750
2504143856,36751
2504699949,36752
2504762431,36753
2504916006,36754
2505157314,36755
2505178407,36756
2505369474,36757
2505555031,36758
2505615402,36759
2505635996,36760
2505657462,36761
2507028350,36762
2507097454,36763
2507413342,36764
2507507430,36765
2507702473,36766
2508418222,36767
2508588490,36768
2508993882,36769
2509208545,36770
2509504696,36771
2509680178,36772
2510057678,36773
2510272353,36774
2510619288,36775
2511397013,36776
2511451430,36777
2512741470,36778
2512834998,36779
2513165156,36780
2513357536,36781
2514220112,36782
2514475647,36783
2514675683,36784
2514771818,36785
2515011956,36786
2515301656,36787
2515359474,36788
2515655004,36789
2515758572,36790
2515956001,36791
2516013102,36792
2516019668,36793
2516075665,36794
2516098472,36795
2516469787,36796
2516920201,36797
2517140557,36798
2517154169,36799
2517915602,36800
2517964948,36801
2518150002,36802
2518231002,36803
2518520101,36804
2518947094,36805
2519020149,36806
2519421157,36807
2519954116,36808
2520327521,36809
2520951685,36810
2521037164,36811
2521147680,36812
2521465756,36813
2521541502,36814
2521705903,36815
2521826238,36816
2523313824,36817
2523556454,36818
2523783230,36819
2524447930,36820
2524519077,36821
2524689834,36822
2524792174,36823
2525225821,36824
2525375252,36825
2525601571,36826
2525675331,36827
2525820541,36828
2525842422,36829
2525860494,36830
2525915053,36831
2525949569,36832
2526243361,36833
2526280615,36834
2526957297,36835
2527072230,36836
2527515936,36837
2527601204,36838
2527815351,36839
2527942543,36840
2528078443,36841
2528537785,36842
2528550487,36843
2528702076,36844
2528714604,36845
2528738821,36846
2528799576,36847
2528986218,36848
2529002348,36849
2529082019,36850
2529275071,36851
2530016581,36852
2530450641,36853
2530670244,36854
2531030936,36855
2531066286,36856
2531197737,36857
2531443716,36858
2531889245,36859
2531925656,36860
2531945155,36861
2532167866,36862
2532586189,36863
2532929046,36864
2533083391,36865
2533091000,36866
2533214386,36867
2533422487,36868
2533655730,36869
2533964035,36870
2534208973,36871
2534286545,36872
2534678993,36873
2534846484,36874
2534870847,36875
2534892506,36876
2535254532,36877
2535748428,36878
2535806148,36879
2535811812,36880
2535878793,36881
2535958714,36882
2536077845,36883
2536204610,36884
2536540613,36885
2536714351,36886
2537157078,36887
2537228059,36888
2537272297,36889
2537333757,36890
2538131676,36891
2538208740,36892
2538238081,36893
2538242282,36894
2538279824,36895
2539016140,36896
2539207590,36897
2539429323,36898
2539722048,36899
2539848682,36900
2539885810,36901
2540059620,36902
2540060486,36903
2540416722,36904
2540443788,36905
2540521810,36906
2540529620,36907
2540667343,36908
2540799426,36909
2541067702,36910
2541323006,36911
2541343644,36912
2541964141,36913
2542136280,36914
2542421852,36915
2542439420,36916
2542510932,36917
2542795147,36918
2542908750,36919
2543151599,36920
2543427014,36921
2544111799,36922
2544152582,36923
2544228222,36924
2544396146,36925
2544477470,36926
2544639469,36927
2544893868,36928
2544913086,36929
2544931616,36930
2544981153,36931
2545283606,36932
2545705098,36933
2545705484,36934
2545851438,36935
2546034844,36936
2546038383,36937
2546159253,36938
2546197338,36939
2546213948,36940
2546403697,36941
2546408312,36942
2546473322,36943
2546554567,36944
2546620907,36945
2546836867,36946
2546952403,36947
2546985188,36948
2547028165,36949
2547170155,36950
2547790158,36951
2547997213,36952
2548183052,36953
2548243027,36954
2548427874,36955
2548584187,36956
2548641433,36957
2548754096,36958
2548954273,36959
2548984406,36960
2549107730,36961
2549256596,36962
2549396981,36963
2549403469,36964
2549605682,36965
2550019344,36966
2550019699,36967
2550575082,36968
2550868435,36969
2550913608,36970
2550978001,36971
2551167528,36972
2551181688,36973
2551219921,36974
2551235456,36975
2551394742,36976
2551744862,36977
2552255094,36978
2552694715,36979
2552698171,36980
2553143996,36981
2553493142,36982
2553545652,36983
2553547278,36984
2554184684,36985
2554238590,36986
2555428616,36987
2555463721,36988
2555543388,36989
2555608226,36990
2555646577,36991
2555823682,36992
2556027062,36993
2556139110,36994
2556289523,36995
2556296572,36996
2556334140,36997
2556371445,36998
2556411794,36999
2556621055,37000
2556965180,37001
2556966230,37002
2557029756,37003
2557136060,37004
2557144765,37005
2557186062,37006
2557240447,37007
2557436791,37008
2557439485,37009
2557599836,37010
2557660208,37011
2557732412,37012
2557807382,37013
2558027593,37014
2558166399,37015
2558182005,37016
2558193998,37017
2558334847,37018
2558435512,37019
2558766204,37020
2559257193,37021
2559417079,37022
2559432516,37023
2559568342,37024
2559632991,37025
2559722468,37026
2559940002,37027
2559957139,37028
2560148358,37029
2560384135,37030
2560394388,37031
2560663585,37032
2561331058,37033
2561724956,37034
2561751806,37035
2561859279,37036
2561982311,37037
2562154980,37038
2562390674,37039
2562448932,37040
2562452628,37041
2562463616,37042
2562477167,37043
2562585720,37044
2562994388,37045
2563010217,37046
2563016869,37047
2563234751,37048
2563698889,37049
2563781393,37050
2563863912,37051
2563880708,37052
2563960213,37053
2564196206,37054
2564224441,37055
2564308646,37056
2564800321,37057
2565430951,37058
2565564936,37059
2565623680,37060
2565690086,37061
2565720486,37062
2565925202,37063
2566001916,37064
2566027584,37065
2566277110,37066
2567078316,37067
2567146231,37068
2567292679,37069
2567523902,37070
2567709127,37071
2567842008,37072
2567975084,37073
2567991710,37074
2568109900,37075
2568123943,37076
2568125980,37077
2568216004,37078
2568309978,37079
2569349341,37080
2569483686,37081
2569541888,37082
2569610618,37083
2569820634,37084
2569870276,37085
2569938723,37086
2569972440,37087
2570161213,37088
2570205935,37089
2570378313,37090
2570381768,37091
2570394455,37092
2570416382,37093
2570567132,37094
2570650778,37095
2571538033,37096
2571872695,37097
2572033740,37098
2572175630,37099
2572221161,37100
2572525200,37101
2572648312,37102
2572756806,37103
2573049287,37104
2573102692,37105
2573115816,37106
2573126629,37107
2573215164,37108
2573305393,37109
2573913526,37110
2573960384,37111
2573972319,37112
2574001358,37113
2574274699,37114
2574376467,37115
2574426653,37116
2574867264,37117
2574904722,37118
2574937625,37119
2575194728,37120
2575505284,37121
2575830003,37122
2576471473,37123
2576895770,37124
2577084776,37125
2577188629,37126
2577215438,37127
2577259936,37128
2578308889,37129
2578428787,37130
2578758908,37131
2578993058,37132
2579007270,37133
2579128694,37134
2579312316,37135
2579392453,37136
2579539339,37137
2579604007,37138
2579934596,37139
2580148910,37140
2580304999,37141
2580400143,37142
2580777979,37143
2580878034,37144
2580901710,37145
2581365372,37146
2581454826,37147
2582467734,37148
2582555786,37149
2582624582,37150
2582706072,37151
2582736318,37152
2583146070,37153
2583509267,37154
2583546000,37155
2583743857,37156
2584199773,37157
2584296595,37158
2584501496,37159
2584665942,37160
2584687789,37161
2584851314,37162
2584908954,37163
2584966908,37164
2585037580,37165
2585161697,37166
2585240558,37167
2585626162,37168
2586105727,37169
2586348541,37170
2586397716,37171
2586821739,37172
2588290514,37173
2588313974,37174
2588670272,37175
2589100604,37176
2589422268,37177
2589443876,37178
2590168794,37179
2590207436,37180
2590275548,37181
2590325786,37182
2590451349,37183
2590522138,37184
2590884252,37185
2590945563,37186
2591078838,37187
2591088098,37188
2591181487,37189
2591816414,37190
2592010609,37191
2592043837,37192
2592090410,37193
2592111318,37194
2592306463,37195
2592410190,37196
2592419502,37197
2592925064,37198
2592998383,37199
2593052258,37200
2593165068,37201
2593292251,37202
2593321152,37203
2593434379,37204
2593707738,37205
2594358519,37206
2594378750,37207
2594417345,37208
2595054568,37209
2595865716,37210
2595900149,37211
2596106851,37212
2596123165,37213
2596383959,37214
2596413645,37215
2596745899,37216
2597036515,37217
2597064295,37218
2597248730,37219
2597353718,37220
2597397955,37221
2597409120,37222
2597664768,37223
2597920868,37224
2598174548,37225
2598193560,37226
2598456397,37227
2598517130,37228
2598590713,37229
2598711235,37230
2598765648,37231
2598890203,37232
2599136157,37233
2599456290,37234
2599740468,37235
2599843089,37236
2599883864,37237
2599929649,37238
2600078317,37239
2600099802,37240
2600162552,37241
2600295295,37242
2600300989,37243
2600701256,37244
2600790505,37245
2601118704,37246
2601228332,37247
2601290065,37248
2601386342,37249
2601658314,37250
2601852176,37251
2601872766,37252
2601895982,37253
2602441790,37254
2602513272,37255
2602539162,37256
2602556390,37257
2602633209,37258
2603559414,37259
2604227371,37260
2604335342,37261
2604344245,37262
2604374739,37263
2604482182,37264
2604516905,37265
2604544687,37266
2604671245,37267
2605027228,37268
2605417912,37269
2605445976,37270
2605599703,37271
2605636815,37272
2605663190,37273
2605764724,37274
2606126772,37275
2606130408,37276
2606418437,37277
2606491464,37278
2606581183,37279
2606665694,37280
2606982101,37281
2607016764,37282
2607283949,37283
2607703608,37284
2608060637,37285
2608092342,37286
2608280258,37287
2608484690,37288
2608622678,37289
2608693857,37290
2608799046,37291
2608956567,37292
2609067445,37293
2609216041,37294
2609256480,37295
2609537507,37296
2609584861,37297
2610212586,37298
2610619748,37299
2611157111,37300
2611562336,37301
2611779810,37302
2611782600,37303
2611903088,37304
2611976041,37305
2612120245,37306
2612149370,37307
2612198689,37308
2612313356,37309
2612349480,37310
2612391901,37311
2612532926,37312
2612704856,37313
2613185844,37314
2613224950,37315
2613410354,37316
2613807888,37317
2613825849,37318
2614001430,37319
2614101470,37320
2614102603,37321
2614181437,37322
2614240147,37323
2614264554,37324
2614474046,37325
2614527371,37326
2614540008,37327
2614581114,37328
2615305706,37329
2615775313,37330
2615797262,37331
2615856414,37332
2616156918,37333
2616371950,37334
2616377252,37335
2617189015,37336
2617590541,37337
2618043851,37338
2618159698,37339
2618573184,37340
2619163263,37341
2619593276,37342
2619846960,37343
2620052996,37344
2620323673,37345
2620359358,37346
2620423505,37347
2620594636,37348
2620729800,37349
2620862069,37350
2621125701,37351
2621261169,37352
2622363777,37353
2622570353,37354
2623785425,37355
2624128702,37356
2624299231,37357
2625156388,37358
2625174307,37359
2625567964,37360
2625587387,37361
2625843257,37362
2626538811,37363
2627265753,37364
2628637503,37365
2628711701,37366
2631379931,37367
2632937790,37368
2633642830,37369
2633955775,37370
2634706477,37371
2635561184,37372
2635887218,37373
2636922471,37374
2638124864,37375
2638533797,37376
2639251435,37377
2639433414,37378
2640386778,37379
2640671903,37380
2641093591,37381
2641230356,37382
2641298595,37383
2641666044,37384
2642154059,37385
2645260633,37386
2645871656,37387
2645973384,37388
2646068653,37389
2646215340,37390
2646690067,37391
2647463298,37392
2648011604,37393
2648599868,37394
2648656422,37395
2648904529,37396
2649049878,37397
2649139831,37398
2649299791,37399
2650824742,37400
2651421376,37401
2651426588,37402
2651627012,37403
2651806602,37404
2651875575,37405
2651889720,37406
2652163591,37407
2652345853,37408
2652608544,37409
2653260771,37410
2653495750,37411
2653753382,37412
2654525601,37413
2654535949,37414
2654572941,37415
2654591467,37416
2654843173,37417
2654966100,37418
2654975484,37419
2655144307,37420
2655256878,37421
2655297800,37422
2655409782,37423
2655496292,37424
2655746419,37425
2656010408,37426
2656337753,37427
2656836832,37428
2657361482,37429
2658016814,37430
2658250836,37431
2658336758,37432
2658482761,37433
2658792034,37434
2659115942,37435
2660516227,37436
2660644193,37437
2660973481,37438
2661047480,37439
2661077215,37440
2661618557,37441
2661682980,37442
2661962784,37443
2663115926,37444
2663137088,37445
2664482822,37446
2664505285,37447
2664699337,37448
2664805741,37449
2664915709,37450
2664984804,37451
2665025376,37452
2665217864,37453
2665382287,37454
2665698781,37455
2666157572,37456
2666762136,37457
2666765900,37458
2667475434,37459
2668106640,37460
2668340029,37461
2669181342,37462
2669265942,37463
2669709960,37464
2669820037,37465
2670390968,37466
2670566024,37467
2671154298,37468
2672709636,37469
2673577188,37470
2674533054,37471
2675050550,37472
2675500404,37473
2675554446,37474
2675625463,37475
2675778284,37476
2675910846,37477
2676050774,37478
2676535215,37479
2677194861,37480
2677218314,37481
2677412045,37482
2677565276,37483
2677798658,37484
2677823012,37485
2677864955,37486
2677967694,37487
2677993351,37488
2678053784,37489
2678294318,37490
2678349290,37491
2678830506,37492
2679282340,37493
2679545348,37494
2680142028,37495
2680155636,37496
2680231916,37497
2680412366,37498
2680459453,37499
2680480364,37500
2680669691,37501
2680798856,37502
2681750223,37503
2681815833,37504
2681827292,37505
2682320050,37506
2683032895,37507
2683062290,37508
2683134020,37509
2683134085,37510
2683464228,37511
2683846358,37512
2684052744,37513
2684118603,37514
2684255139,37515
2685199019,37516
2685275712,37517
2685305707,37518
2686010270,37519
2686086289,37520
2686106365,37521
2686109520,37522
2686561322,37523
2686752728,37524
2686761836,37525
2686950219,37526
2687580328,37527
2687649046,37528
2687943354,37529
2688570391,37530
2688751585,37531
2688880416,37532
2689215394,37533
2690143005,37534
2690144502,37535
2690498868,37536
2690554231,37537
2690987964,37538
2691032407,37539
2691195291,37540
2691287109,37541
2691299250,37542
2691301089,37543
2691343879,37544
2691652430,37545
2691897851,37546
2692387940,37547
2693279949,37548
2693927472,37549
2694450841,37550
2695107679,37551
2695511351,37552
2695628859,37553
2695938197,37554
2696197999,37555
2696208111,37556
2696649535,37557
2696739600,37558
2696914768,37559
2697204776,37560
2697276080,37561
2697441543,37562
2697851921,37563
2698413066,37564
2698563410,37565
2698700462,37566
2698771320,37567
2698904603,37568
2698980487,37569
2699441160,37570
2699796223,37571
2700374538,37572
2701013090,37573
2701246152,37574
2701297158,37575
2701308129,37576
2701640767,37577
2701708122,37578
2701771811,37579
2701830432,37580
2701979252,37581
2702235565,37582
2703574544,37583
2704776444,37584
2704810752,37585
2704820038,37586
2704863679,37587
2704966334,37588
2705061906,37589
2705062165,37590
2705775403,37591
2706163422,37592
2707013208,37593
2707505689,37594
2707571696,37595
2707811478,37596
2707815410,37597
2707896331,37598
2707932984,37599
2708101094,37600
2708244306,37601
2708568649,37602
2709410371,37603
2710267782,37604
2710396776,37605
2710561330,37606
2710674282,37607
2711171023,37608
2711203654,37609
2711204024,37610
2711263461,37611
2711903813,37612
2712022938,37613
2712046219,37614
2712144110,37615
2712236800,37616
2712571328,37617
2712600290,37618
2712752248,37619
2712973672,37620
2712982698,37621
2713310649,37622
2713326029,37623
2713556066,37624
2713748909,37625
2714207155,37626
2714332964,37627
2714438320,37628
2714514184,37629
2714845676,37630
2714881369,37631
2714956455,37632
2714987397,37633
2715219896,37634
2715296426,37635
2715321589,37636
2715563954,37637
2715773665,37638
2715904891,37639
2715948486,37640
2716100047,37641
2716112014,37642
2716155796,37643
2716365543,37644
2716659094,37645
2716674671,37646
2716927679,37647
2717034139,37648
2717060278,37649
2717487895,37650
2717661798,37651
2717740441,37652
2717862730,37653
2717959595,37654
2717971861,37655
2718105099,37656
2718111834,37657
2718339606,37658
2718384202,37659
2718581956,37660
2718939886,37661
2719032460,37662
2719268039,37663
2719770929,37664
2719860875,37665
2719907089,37666
2720091352,37667
2720128089,37668
2720144785,37669
2720177104,37670
2720299523,37671
2720798625,37672
2720901920,37673
2720957327,37674
2720975617,37675
2720997368,37676
2721197463,37677
2721432283,37678
2721549419,37679
2721551922,37680
2721777926,37681
2721851817,37682
2721890870,37683
2722046083,37684
2722200453,37685
2722292622,37686
2722429967,37687
2722443885,37688
2722630372,37689
2722641512,37690
2723212468,37691
2723303783,37692
2723399552,37693
2723429928,37694
2723705754,37695
2723735572,37696
2723871883,37697
2723902734,37698
2723947777,37699
2724241554,37700
2724282976,37701
2724331476,37702
2724429276,37703
2724453669,37704
2724531984,37705
2724655107,37706
2724679705,37707
2724853391,37708
2725063516,37709
2725109187,37710
2725240553,37711
2725366949,37712
2725404450,37713
2725406910,37714
2725475243,37715
2725547123,37716
2725631534,37717
2725704808,37718
2725827240,37719
2725911162,37720
2725955214,37721
2726026615,37722
2726303580,37723
2726309470,37724
2726311681,37725
2726585221,37726
2726873391,37727
2726890414,37728
2726952194,37729
2727097909,37730
2727678915,37731
2728043922,37732
2728199303,37733
2728247314,37734
2728302796,37735
2728359627,37736
2728470623,37737
2728474597,37738
2728564708,37739
2728581335,37740
2728615769,37741
2728771707,37742
2729369118,37743
2729384501,37744
2729421754,37745
2729548071,37746
2730196665,37747
2730206482,37748
2730333576,37749
2730359051,37750
2730467235,37751
2730469993,37752
2730537578,37753
2730550162,37754
2730670842,37755
2730745842,37756
2730950994,37757
2730969312,37758
2731068386,37759
2731109210,37760
2731141818,37761
2731176973,37762
2731248225,37763
2731420693,37764
2731527974,37765
2731684061,37766
2731862001,37767
2731981458,37768
2732076406,37769
2732160344,37770
2732374545,37771
2732482981,37772
2732568144,37773
2732617873,37774
2732750235,37775
2732880002,37776
2732918505,37777
2732987812,37778
2733091027,37779
2733112614,37780
2733176222,37781
2733239635,37782
2733330810,37783
2733367495,37784
2733372973,37785
2733469417,37786
2733607528,37787
2733621377,37788
2733743690,37789
2734063233,37790
2734084915,37791
2734087205,37792
2734214965,37793
2734291692,37794
2734367325,37795
2734665318,37796
2735490843,37797
2735569132,37798
2735670062,37799
2735783902,37800
2735883865,37801
2736354195,37802
2736479442,37803
2737125488,37804
2737178169,37805
2737236203,37806
2737346289,37807
2737442363,37808
2737535108,37809
2737674672,37810
2737771577,37811
2737871658,37812
2738031302,37813
2738119976,37814
2738253232,37815
2738338083,37816
2738418728,37817
2738439406,37818
2738745902,37819
2739065122,37820
2739149852,37821
2739167710,37822
2739667932,37823
2739680245,37824
2739792487,37825
2739917160,37826
2739918459,37827
2740391501,37828
2740397504,37829
2740461243,37830
2740521853,37831
2740537836,37832
2740539229,37833
2740788703,37834
2740931392,37835
2740949465,37836
2740963884,37837
2741140570,37838
2741262995,37839
2741312378,37840
2741406304,37841
2741417919,37842
2741429254,37843
2741532118,37844
2741919455,37845
2742031323,37846
2742066725,37847
2742092431,37848
2742199090,37849
2742246700,37850
2742406300,37851
2742443807,37852
2742495106,37853
2742624766,37854
2742669599,37855
2742688540,37856
2742779667,37857
2742849375,37858
2742960011,37859
2742995891,37860
2743075251,37861
2743131611,37862
2743132545,37863
2743167747,37864
2743264162,37865
2743270227,37866
2743390128,37867
2743447935,37868
2743585979,37869
2743621676,37870
2743678871,37871
2743684155,37872
2743958565,37873
2744294846,37874
2744656211,37875
2744671565,37876
2744899108,37877
2745158945,37878
2745641918,37879
2745779931,37880
2745804818,37881
2745949908,37882
2746034971,37883
2746041570,37884
2746078538,37885
2746106983,37886
2746229537,37887
2746360121,37888
2746451497,37889
2746516812,37890
2746530747,37891
2746605080,37892
2746703956,37893
2746715058,37894
2746950338,37895
2746979823,37896
2747026055,37897
2747066734,37898
2747413785,37899
2747489104,37900
2747504632,37901
2747704116,37902
2747746256,37903
2748057052,37904
2748317276,37905
2748447515,37906
2748469175,37907
2748508559,37908
2748535821,37909
2748656645,37910
2748732942,37911
2748845459,37912
2749204043,37913
2749262800,37914
2749464882,37915
2749475619,37916
2749500902,37917
2749803700,37918
2749853956,37919
2750105810,37920
2750309806,37921
2750549839,37922
2750570973,37923
2750589923,37924
2750641441,37925
2750771773,37926
2750878271,37927
2751089602,37928
2751176376,37929
2751357172,37930
2751697954,37931
2751701600,37932
2751879652,37933
2751992651,37934
2752002711,37935
2752077109,37936
2752103873,37937
2752192451,37938
2752208297,37939
2752298752,37940
2752443026,37941
2752474616,37942
2752626903,37943
2752679136,37944
2753221164,37945
2753359816,37946
2753697027,37947
2753717628,37948
2753740204,37949
2753743832,37950
2753758769,37951
2754259598,37952
2754345013,37953
2754900291,37954
2754985621,37955
2755236255,37956
2755299413,37957
2755375304,37958
2755395245,37959
2755466589,37960
2755587187,37961
2755643359,37962
2755751021,37963
2756069819,37964
2756104449,37965
2756367041,37966
2756896089,37967
2756951092,37968
2757126767,37969
2757328825,37970
2757417090,37971
2757425865,37972
2757446719,37973
2757598502,37974
2757727221,37975
2757872825,37976
2757974264,37977
2758058493,37978
2758385479,37979
2758422311,37980
2758532800,37981
2758879967,37982
2759052791,37983
2759331400,37984
2759522404,37985
2760050529,37986
2760140572,37987
2760212245,37988
2760338521,37989
2760516757,37990
2760665943,37991
2760678904,37992
2760717367,37993
2760788726,37994
2761517497,37995
2761732027,37996
2761853959,37997
2762117199,37998
2762288549,37999
2762553543,38000
2762702188,38001
2762785196,38002
2762830900,38003
2762840524,38004
2762897193,38005
2762908909,38006
2762958453,38007
2763083529,38008
2763525809,38009
2763882690,38010
2763922588,38011
2764739508,38012
2765723010,38013
2765775843,38014
2765869756,38015
2765919144,38016
2766293232,38017
2766324113,38018
2766716657,38019
2766753747,38020
2766761716,38021
2767058804,38022
2767079333,38023
2767113561,38024
2767166387,38025
2767220326,38026
2767331228,38027
2767605275,38028
2768228523,38029
2768384782,38030
2768405887,38031
2768829411,38032
2768922304,38033
2768978708,38034
2769163678,38035
2769701894,38036
2769922481,38037
2770147402,38038
2770230507,38039
2770261993,38040
2770810871,38041
2771588954,38042
2771919804,38043
2772084788,38044
2772134042,38045
2772182743,38046
2772305506,38047
2772428497,38048
2772441949,38049
2772766030,38050
2773494490,38051
2773908939,38052
2774115294,38053
2774423688,38054
2774555865,38055
2775213160,38056
2775723830,38057
2775780962,38058
2775836165,38059
2775892105,38060
2776115617,38061
2776186031,38062
2776263966,38063
2776515108,38064
2776607389,38065
2776833583,38066
2776948382,38067
2777165918,38068
2777479735,38069
2777483470,38070
2777537827,38071
2777728572,38072
2777777304,38073
2778192705,38074
2778397052,38075
2778400209,38076
2778412390,38077
2778428470,38078
2778492673,38079
2778602196,38080
2778687872,38081
2779009591,38082
2779031955,38083
2779292686,38084
2779424029,38085
2779491677,38086
2779816804,38087
2779922975,38088
2780205874,38089
2780260122,38090
2780459946,38091
2780498964,38092
2780547275,38093
2780565141,38094
2780582999,38095
2780858276,38096
2781021258,38097
2781073257,38098
2781113869,38099
2781148514,38100
2781305787,38101
2781469766,38102
2781621206,38103
2781807314,38104
2782421051,38105
2782777338,38106
2782941807,38107
2782953538,38108
2782982077,38109
2783196533,38110
2783352019,38111
2783538092,38112
2783669667,38113
2783713477,38114
2783754400,38115
2783854454,38116
2784100399,38117
2784165669,38118
2784231505,38119
2784414765,38120
2784589948,38121
2784637576,38122
2784661153,38123
2784751117,38124
2784927415,38125
2784964120,38126
2784992492,38127
2785022222,38128
2785118618,38129
2785130772,38130
2785165086,38131
2785187253,38132
2785337135,38133
2785887928,38134
2785972520,38135
2786022081,38136
2786190433,38137
2786426979,38138
2786630568,38139
2786879220,38140
2786996610,38141
2787016763,38142
2787027678,38143
2787045658,38144
2787172015,38145
2787238648,38146
2787392156,38147
2787579618,38148
2787591715,38149
2787617188,38150
2787635659,38151
2787739465,38152
2787938268,38153
2787997157,38154
2788007029,38155
2788040820,38156
2788209677,38157
2788225609,38158
2788313211,38159
2788426628,38160
2788448292,38161
2788529818,38162
2788669478,38163
2788676965,38164
2788765687,38165
2789069217,38166
2789154449,38167
2789184858,38168
2789317025,38169
2789642657,38170
2789960114,38171
2790243809,38172
2790340352,38173
2790340607,38174
2790691900,38175
2790767998,38176
2790786727,38177
2790804086,38178
2790838814,38179
2790979908,38180
2791757448,38181
2791953405,38182
2792000773,38183
2792231265,38184
2792535054,38185
2792575578,38186
2792754936,38187
2792799317,38188
2792875730,38189
2792879202,38190
2792911365,38191
2793066487,38192
2793267908,38193
2793391472,38194
2793420747,38195
2794558417,38196
2794968566,38197
2795004067,38198
2795439972,38199
2795517045,38200
2795931064,38201
2796018651,38202
2796367449,38203
2796427897,38204
2796499702,38205
2796694542,38206
2796706711,38207
2796851485,38208
2797547388,38209
2797781981,38210
2798044926,38211
2798265806,38212
2798307833,38213
2798317598,38214
2798339306,38215
2798371796,38216
2798499038,38217
2798798158,38218
2798848065,38219
2799276557,38220
2799312360,38221
2799374923,38222
2799588421,38223
2799627458,38224
2799789297,38225
2800024062,38226
2800409779,38227
2800466323,38228
2800681614,38229
2800800757,38230
2800817568,38231
2800862281,38232
2800890451,38233
2801173832,38234
2801408276,38235
2801435258,38236
2801758107,38237
2801811705,38238
2802183443,38239
2802196264,38240
2802522952,38241
2802620730,38242
2802785388,38243
2803102147,38244
2803208151,38245
2803712340,38246
2803790312,38247
2804017770,38248
2804044016,38249
2804202594,38250
2804434682,38251
2804462566,38252
2804521525,38253
2804632890,38254
2804649943,38255
2804811358,38256
2804833183,38257
2805410179,38258
2805728862,38259
2805885871,38260
2806001857,38261
2806111849,38262
2806219853,38263
2806396387,38264
2806474471,38265
2806583643,38266
2806659268,38267
2806676274,38268
2807049690,38269
2807276661,38270
2807319031,38271
2807613817,38272
2808044466,38273
2808191424,38274
2808669215,38275
2808700942,38276
2808861197,38277
2809130314,38278
2809452089,38279
2809657193,38280
2809901188,38281
2810009016,38282
2810196571,38283
2810218451,38284
2810782309,38285
2811235268,38286
2811412122,38287
2811529146,38288
2811807426,38289
2811854974,38290
2811890324,38291
2812314881,38292
2812548159,38293
2812565687,38294
2812585014,38295
2812735812,38296
2812790002,38297
2812954573,38298
2813105522,38299
2813426292,38300
2813468784,38301
2813780928,38302
2813909150,38303
2814416554,38304
2814505324,38305
2814576713,38306
2814888799,38307
2814926714,38308
2815093989,38309
2815279566,38310
2815538008,38311
2815569956,38312
2815590017,38313
2815746907,38314
2815963669,38315
2816106675,38316
2816166613,38317
2816230429,38318
2816324424,38319
2816417135,38320
2816482591,38321
2816681983,38322
2817289355,38323
2817318420,38324
2817373423,38325
2817648806,38326
2817777146,38327
2817895431,38328
2817940777,38329
2818128866,38330
2818565778,38331
2819387863,38332
2819641641,38333
2819961370,38334
2820009808,38335
2820268739,38336
2820491088,38337
2820772376,38338
2821006167,38339
2821027747,38340
2821030540,38341
2821032953,38342
2821035832,38343
2821122082,38344
2821256338,38345
2821285640,38346
2821370567,38347
2821391615,38348
2821858859,38349
2822084426,38350
2822114404,38351
2822619188,38352
2822776393,38353
2822802185,38354
2822880056,38355
2822954246,38356
2823162631,38357
2823698761,38358
2823833425,38359
2823913560,38360
2824045665,38361
2824283904,38362
2824404033,38363
2824416407,38364
2824442646,38365
2824455505,38366
2824474480,38367
2824492261,38368
2824858454,38369
2825010687,38370
2825029195,38371
2825224526,38372
2825283453,38373
2825391931,38374
2825610685,38375
2825780782,38376
2825924324,38377
2826085719,38378
2826304268,38379
2826346050,38380
2826532422,38381
2826603612,38382
2826627280,38383
2826646369,38384
2826682680,38385
2827005524,38386
2827038421,38387
2827151514,38388
2827295144,38389
2827548050,38390
2827669390,38391
2827675589,38392
2827694780,38393
2827822289,38394
2827929939,38395
2828119556,38396
2828277842,38397
2828836168,38398
2828910021,38399
2828966156,38400
2829134533,38401
2829191077,38402
2829224905,38403
2829294694,38404
2829453055,38405
2829901085,38406
2829927103,38407
2830235537,38408
2830260163,38409
2830468242,38410
2830572403,38411
2830717715,38412
2830757589,38413
2830856726,38414
2830884189,38415
2831280339,38416
2831444330,38417
2831890735,38418
2832079027,38419
2832152143,38420
2832454349,38421
2832479888,38422
2832642293,38423
2832749194,38424
2832882131,38425
2833078354,38426
2833082389,38427
2833112643,38428
2833154944,38429
2833164631,38430
2833495290,38431
2833692483,38432
2833701362,38433
2833753934,38434
2833988651,38435
2833993809,38436
2834297017,38437
2834392173,38438
2834399042,38439
2834437959,38440
2834488287,38441
2834592535,38442
2834705240,38443
2834748828,38444
2834811808,38445
2835156525,38446
2835404948,38447
2835934808,38448
2836198434,38449
2836226668,38450
2836340116,38451
2836504837,38452
2836541939,38453
2836918204,38454
2837254062,38455
2837402354,38456
2837584285,38457
2837956857,38458
2837986540,38459
2838014111,38460
2838035771,38461
2838327652,38462
2838359254,38463
2838510848,38464
2838866247,38465
2838876945,38466
2838974090,38467
2839026554,38468
2839456584,38469
2839509266,38470
2839963627,38471
2840135452,38472
2840136808,38473
2840530224,38474
2840582687,38475
2840798923,38476
2840858000,38477
2840911792,38478
2840920530,38479
2841400239,38480
2841499209,38481
2841658927,38482
2841791664,38483
2841821249,38484
2841880077,38485
2842031259,38486
2842047227,38487
2842355293,38488
2842408918,38489
2842748689,38490
2843669333,38491
2843732769,38492
2844062117,38493
2844071177,38494
2844359448,38495
2844521283,38496
2844637657,38497
2845078119,38498
2845464628,38499
2845482666,38500
2845523797,38501
2845736983,38502
2845815126,38503
2845849081,38504
2845887860,38505
2845917181,38506
2846260910,38507
2846628794,38508
2846640651,38509
2846769033,38510
2846935066,38511
2847688980,38512
2847930488,38513
2848024679,38514
2848041523,38515
2848241870,38516
2848372747,38517
2848666053,38518
2848815176,38519
2848864980,38520
2848865676,38521
2848874667,38522
2849130065,38523
2849186490,38524
2849358102,38525
2849806131,38526
2849897735,38527
2850246445,38528
2850249772,38529
2850533597,38530
2850694677,38531
2850717933,38532
2850722943,38533
2850891773,38534
2851170553,38535
2851205695,38536
2851436160,38537
2852437059,38538
2853033811,38539
2853335615,38540
2853443310,38541
2853456315,38542
2853697144,38543
2853946327,38544
2854182079,38545
2854969384,38546
2855109985,38547
2855706130,38548
2855753456,38549
2855890513,38550
2856100927,38551
2856404785,38552
2857253438,38553
2857349128,38554
2857349351,38555
2857481346,38556
2857507324,38557
2857530284,38558
2858355084,38559
2858886167,38560
2859252129,38561
2859269159,38562
2859563458,38563
2859676331,38564
2860890085,38565
2861097099,38566
2861342065,38567
2861439818,38568
2861463970,38569
2861508056,38570
2861674326,38571
2861707113,38572
2861795873,38573
2861800955,38574
2861899293,38575
2862224447,38576
2862253760,38577
2862621898,38578
2863067405,38579
2863165111,38580
2863241603,38581
2863535713,38582
2863694324,38583
2863821045,38584
2864065692,38585
2864258385,38586
2864812909,38587
2865424921,38588
2865433054,38589
2865679515,38590
2865773634,38591
2865839081,38592
2865992597,38593
2866094937,38594
2866122372,38595
2866209178,38596
2866533985,38597
2866639611,38598
2867033901,38599
2867520779,38600
2867599304,38601
2867664005,38602
2867757727,38603
2867902230,38604
2868052798,38605
2868479584,38606
2868496659,38607
2869288109,38608
2869388202,38609
2869467873,38610
2869486148,38611
2869527457,38612
2869528087,38613
2869532963,38614
2869818560,38615
2870701768,38616
2871119369,38617
2871205461,38618
2871358341,38619
2871364136,38620
2871733616,38621
2871904387,38622
2871979310,38623
2872024321,38624
2872040504,38625
2872192978,38626
2872527193,38627
2873021520,38628
2873161901,38629
2873395271,38630
2873554818,38631
2873923472,38632
2874440632,38633
2874569787,38634
2874812680,38635
2875534515,38636
2875836275,38637
2875917137,38638
2875994890,38639
2876577615,38640
2876704776,38641
2877177964,38642
2877213389,38643
2877761737,38644
2877911671,38645
2878151370,38646
2878265742,38647
2878655400,38648
2878784179,38649
2878831764,38650
2880084329,38651
2880155045,38652
2880201987,38653
2880211960,38654
2880364274,38655
2880506564,38656
2880683905,38657
2880778944,38658
2881044200,38659
2881295272,38660
2881666179,38661
2881770975,38662
2881785430,38663
2882169829,38664
2882386301,38665
2882898247,38666
2882972224,38667
2883181692,38668
2883353289,38669
2884138516,38670
2884220210,38671
2884252560,38672
2884603973,38673
2884710657,38674
2885504586,38675
2885523061,38676
2885834010,38677
2886317225,38678
2886586060,38679
2887271350,38680
2887326008,38681
2887468682,38682
2887549428,38683
2887582861,38684
2887851225,38685
2887861044,38686
2888022702,38687
2888276490,38688
2888610365,38689
2888663854,38690
2889777316,38691
2890334146,38692
2890973672,38693
2890980888,38694
2891355391,38695
2891435910,38696
2891493311,38697
2891768663,38698
2891938624,38699
2892199044,38700
2892320800,38701
2892332825,38702
2892439622,38703
2892510199,38704
2892535205,38705
2892584980,38706
2892733577,38707
2892994093,38708
2892996566,38709
2893163526,38710
2893382459,38711
2893427302,38712
2893696895,38713
2893752497,38714
2893977003,38715
2894113738,38716
2894183496,38717
2894332227,38718
2894411020,38719
2894616327,38720
2894647051,38721
2894763174,38722
2894991326,38723
2895094386,38724
2895209637,38725
2895236795,38726
2895588602,38727
2895624665,38728
2895855876,38729
2896919240,38730
2897136909,38731
2897983105,38732
2898190371,38733
2898666911,38734
2898790909,38735
2899033594,38736
2899568855,38737
2899753775,38738
2899880188,38739
2899901390,38740
2900416973,38741
2900480370,38742
2900949512,38743
2901130286,38744
2901919787,38745
2901964056,38746
2902347709,38747
2902938645,38748
2903166449,38749
2903194852,38750
2903722233,38751
2903750502,38752
2903789200,38753
2903893350,38754
2903997122,38755
2904290612,38756
2904610481,38757
2905222126,38758
2905232597,38759
2905527472,38760
2905534566,38761
2905677880,38762
2905849894,38763
2906263767,38764
2906297560,38765
2906382661,38766
2906473932,38767
2906508725,38768
2906718340,38769
2906930111,38770
2907105420,38771
2907401280,38772
2907752399,38773
2907803071,38774
2908321737,38775
2908352231,38776
2908354734,38777
2908803902,38778
2909373557,38779
2909632792,38780
2909918785,38781
2910052627,38782
2910134122,38783
2910942228,38784
2911177146,38785
2911284561,38786
2911420021,38787
2912099121,38788
2913022520,38789
2913066481,38790
2913147944,38791
2913221922,38792
2914040566,38793
2914427715,38794
2914719419,38795
2914822804,38796
2916520938,38797
2916716709,38798
2917027304,38799
2917100479,38800
2917158306,38801
2917754166,38802
2917799598,38803
2917955866,38804
2918669300,38805
2918876204,38806
2918891166,38807
2919525786,38808
2919907586,38809
2920170636,38810
2920257085,38811
2920291331,38812
2920921440,38813
2920958077,38814
2921595140,38815
2921806562,38816
2921944752,38817
2922030453,38818
2922076499,38819
2922516845,38820
2922814893,38821
2923233890,38822
2923277678,38823
2923366741,38824
2923417481,38825
2923461936,38826
2923504538,38827
2923981761,38828
2924043825,38829
2924146145,38830
2924741150,38831
2924942212,38832
2926078728,38833
2926366047,38834
2927951094,38835
2929261335,38836
2930183785,38837
2930391649,38838
2930714051,38839
2930974997,38840
2931194587,38841
2931396828,38842
2931444591,38843
2931673021,38844
2931722923,38845
2931768005,38846
2931811739,38847
2931992251,38848
2932739430,38849
2933746246,38850
2934298189,38851
2934578015,38852
2935118680,38853
2935136146,38854
2935363883,38855
2935383274,38856
2935387595,38857
2935553688,38858
2936223325,38859
2936329068,38860
2936685267,38861
2937096874,38862
2937110043,38863
2937118775,38864
2937154833,38865
2937196396,38866
2937795501,38867
2938581528,38868
2939074451,38869
2939391029,38870
2940234330,38871
2941142256,38872
2941149128,38873
2941342012,38874
2941351219,38875
2941479202,38876
2941503296,38877
2941557867,38878
2941592182,38879
2941652236,38880
2941802980,38881
2942239794,38882
2942723847,38883
2943024549,38884
2943204281,38885
2943444907,38886
2943551813,38887
2943798075,38888
2944210300,38889
2944280244,38890
2944410942,38891
2944504000,38892
2945070126,38893
2945566533,38894
2945589845,38895
2945709761,38896
2945722762,38897
2945754202,38898
2945865278,38899
2946784707,38900
2946837395,38901
2948377131,38902
2949038209,38903
2949084429,38904
2949093383,38905
2949168635,38906
2949185543,38907
2949210629,38908
2949217504,38909
2949308193,38910
2949316834,38911
2949339839,38912
2949684844,38913
2949991530,38914
2950116413,38915
2950294532,38916
2950436500,38917
2950474293,38918
2950986997,38919
2951078711,38920
2951723702,38921
2951889245,38922
2952155973,38923
2952216802,38924
2952337961,38925
2952468264,38926
2952726741,38927
2952815385,38928
2952816737,38929
2952837655,38930
2952838685,38931
2953865988,38932
2953993918,38933
2954205612,38934
2954572430,38935
2954909638,38936
2955216848,38937
2955223171,38938
2955362257,38939
2955531520,38940
2955702753,38941
2956243331,38942
2956360037,38943
2956667563,38944
2956889361,38945
2957043117,38946
2957564108,38947
2957734127,38948
2958124108,38949
2959222397,38950
2959244543,38951
2959296844,38952
2959785818,38953
2959996658,38954
2960027544,38955
2960712413,38956
2961033741,38957
2961449871,38958
2961815209,38959
2961911796,38960
2962201336,38961
2962560587,38962
2962565566,38963
2962651031,38964
2963625607,38965
2964369323,38966
2965608929,38967
2966030333,38968
2966188357,38969
2966602877,38970
2966783441,38971
2967586594,38972
2967617351,38973
2967690803,38974
2968326713,38975
2968572813,38976
2968648197,38977
2970356892,38978
2970648744,38979
2970663532,38980
2970762485,38981
2971297605,38982
2971422114,38983
2971501451,38984
2971727878,38985
2971918541,38986
2971972095,38987
2972055622,38988
2972081230,38989
2972417742,38990
2972548241,38991
2972989293,38992
2972993838,38993
2973007109,38994
2973540154,38995
2973595013,38996
2973597543,38997
2973615129,38998
2973641717,38999
2973653728,39000
2973842578,39001
2974965861,39002
2975187827,39003
2976819507,39004
2976853845,39005
2976865088,39006
2976909274,39007
2977058589,39008
2977075319,39009
2977111295,39010
2977381687,39011
2977472202,39012
2977676223,39013
2978493491,39014
2978541773,39015
2978554271,39016
2979605302,39017
2980137861,39018
2980159511,39019
2980186012,39020
2980365963,39021
2980396558,39022
2980406030,39023
2980425671,39024
2980444527,39025
2980490974,39026
2980539141,39027
2980706233,39028
2980770980,39029
2980798206,39030
2980802372,39031
2980962117,39032
2981575079,39033
2981591117,39034
2981599523,39035
2981739731,39036
2981992877,39037
2982056278,39038
2982461789,39039
2982521951,39040
2983096539,39041
2983110483,39042
2983150743,39043
2983154093,39044
2983204900,39045
2983302897,39046
2983907045,39047
2984044852,39048
2984198975,39049
2984246926,39050
2984264243,39051
2984270410,39052
2984277658,39053
2984292508,39054
2985114214,39055
2985274673,39056
2985926867,39057
2986060721,39058
2986083891,39059
2986100339,39060
2986108833,39061
2986198215,39062
2986233663,39063
2986286518,39064
2986321444,39065
2986328490,39066
2986398414,39067
2986431885,39068
2986462239,39069
2986563122,39070
2986907416,39071
2986956150,39072
2987428257,39073
2987468110,39074
2987597817,39075
2987669033,39076
2987929881,39077
2988082695,39078
2988255185,39079
2988263369,39080
2990538723,39081
2990591141,39082
2990602539,39083
2990623895,39084
2990657089,39085
2990696038,39086
2991043915,39087
2992624003,39088
2992686426,39089
2992836883,39090
2992868235,39091
2992908671,39092
2992947209,39093
2992962077,39094
2992982113,39095
2993004887,39096
2993020924,39097
2993267119,39098
2993320685,39099
2993719803,39100
2993975016,39101
2994572585,39102
2994704237,39103
2994784367,39104
2994804892,39105
2994836524,39106
2996041481,39107
2996147971,39108
2996330665,39109
2996491347,39110
2996511476,39111
2996538880,39112
2997416048,39113
2997665350,39114
2998346583,39115
2998382272,39116
2998457373,39117
2998491856,39118
2998505135,39119
2998771238,39120
2999105930,39121
2999612262,39122
2999774756,39123
2999890723,39124
3000040401,39125
3000459580,39126
3000486574,39127
3000522034,39128
3000576040,39129
3000760336,39130
3001950808,39131
3001962113,39132
3001989843,39133
3002000970,39134
3002011641,39135
3003765995,39136
3003806367,39137
3003812475,39138
3003833927,39139
3003857740,39140
3003865756,39141
3004280307,39142
3004323940,39143
3004337434,39144
3004343470,39145
3004364679,39146
3004517593,39147
3004871260,39148
3004895535,39149
3005203799,39150
3005282505,39151
3005337784,39152
3005351177,39153
3006168515,39154
3006360329,39155
3006446368,39156
3006480166,39157
3006504610,39158
3006518902,39159
3006597155,39160
3006995828,39161
3007113120,39162
3007569560,39163
3007767023,39164
3010523590,39165
3010611827,39166
3010805337,39167
3011598397,39168
3012631793,39169
3012679973,39170
3012713255,39171
3012745127,39172
3014544819,39173
3015094672,39174
3015401323,39175
3017043311,39176
3017734767,39177
3017969120,39178
3018229883,39179
3018367717,39180
3018828006,39181
3018844283,39182
3019890759,39183
3020119369,39184
3020425427,39185
3020455940,39186
3020456803,39187
3021493116,39188
3021750713,39189
3021934397,39190
3022146459,39191
3023161839,39192
3024226222,39193
3024433784,39194
3025012193,39195
3025332991,39196
3026082016,39197
3026933991,39198
3027356657,39199
3027684247,39200
3028372806,39201
3028532963,39202
3028545413,39203
3028928886,39204
3029156847,39205
3029326756,39206
3029351542,39207
3029400723,39208
3029805757,39209
3030334343,39210
3030484952,39211
3030680849,39212
3030774994,39213
3031112011,39214
3031261768,39215
3032012332,39216
3032067359,39217
3032229944,39218
3033186133,39219
3034508801,39220
3034822192,39221
3034843744,39222
3034862898,39223
3035033042,39224
3035236380,39225
3035356216,39226
3037053946,39227
3042308744,39228
3042723086,39229
3043221068,39230
3043819293,39231
3043920216,39232
3044026540,39233
3044096732,39234
3044667912,39235
3045334754,39236
3045590410,39237
3045820273,39238
3046685862,39239
3046796956,39240
3046845514,39241
3047354970,39242
3047452899,39243
3048022453,39244
3048090815,39245
3050544624,39246
3051478771,39247
3051725225,39248
3051780802,39249
3052950627,39250
3053432597,39251
3053496317,39252
3053600123,39253
3054207061,39254
3054233134,39255
3054471976,39256
3054503361,39257
3054956866,39258
3055699439,39259
3056777146,39260
3056828068,39261
3057046910,39262
3060388144,39263
3060588907,39264
3060742820,39265
3060789833,39266
3060853761,39267
3061041133,39268
3061612162,39269
3061746128,39270
3062750309,39271
3064038613,39272
3064746441,39273
3064780721,39274
3065986461,39275
3066863551,39276
3067832017,39277
3068724469,39278
3068974437,39279
3070259286,39280
3071673409,39281
3072874078,39282
3074610518,39283
3075441535,39284
3075746718,39285
3075860581,39286
3077310295,39287
3077715918,39288
3078051943,39289
3078632089,39290
3078758582,39291
3079391493,39292
3079607596,39293
3079870834,39294
3081007000,39295
3082116184,39296
3082159592,39297
3082324113,39298
3084541378,39299
3084664343,39300
3085299695,39301
3086298863,39302
3086813351,39303
3087276875,39304
3087538810,39305
3089414768,39306
3089552770,39307
3090101015,39308
3090115042,39309
3091448426,39310
3091626462,39311
3091771394,39312
3092288047,39313
3092417813,39314
3092604193,39315
3093970392,39316
3094481966,39317
3094624387,39318
3094905937,39319
3095355973,39320
3096253352,39321
3096846320,39322
3096898915,39323
3097040810,39324
3097910934,39325
3098199367,39326
3098329877,39327
3098633816,39328
3101540558,39329
3102583561,39330
3103509258,39331
3103588579,39332
3103716602,39333
3107597132,39334
3107999587,39335
3108308903,39336
3109105611,39337
3111993791,39338
3112179857,39339
3112273807,39340
3114481080,39341
3114875392,39342
3116121615,39343
3117296403,39344
3119096980,39345
3120756125,39346
3120820724,39347
3122063100,39348
3122264374,39349
3122401224,39350
3122928175,39351
3124317363,39352
3124986791,39353
3125001453,39354
3126731027,39355
3129308321,39356
3129758405,39357
3130553793,39358
3130833722,39359
3131217736,39360
3131355885,39361
3131585530,39362
3131701931,39363
3131879399,39364
3133488306,39365
3134479636,39366
3136161212,39367
3137648726,39368
3138432499,39369
3138575692,39370
3139338468,39371
3139898299,39372
3140907105,39373
3141358656,39374
3141913771,39375
3142720620,39376
3142954274,39377
3146962011,39378
3147901760,39379
3148094441,39380
3148571775,39381
3149805223,39382
3150152843,39383
3152407786,39384
3153081208,39385
3153694671,39386
3153717096,39387
3154200820,39388
3155103992,39389
3156120964,39390
3157829350,39391
3160890358,39392
3161768583,39393
3161861207,39394
3161876034,39395
3163073695,39396
3163774281,39397
3165894086,39398
3165971078,39399
3166178833,39400
3167240643,39401
3168199933,39402
3169332602,39403
3170577155,39404
3170826647,39405
3174547212,39406
3176775109,39407
3177010543,39408
3177941678,39409
3178613522,39410
3178919497,39411
3181710618,39412
3182077614,39413
3182728773,39414
3182839376,39415
3183310627,39416
3184431926,39417
3184563697,39418
3184794739,39419
3186078841,39420
3188486272,39421
3188669545,39422
3188866297,39423
3188927682,39424
3190994130,39425
3191425248,39426
3191788603,39427
3192326570,39428
3192443829,39429
3192540098,39430
3192657053,39431
3192693458,39432
3192795723,39433
3192848121,39434
3193691988,39435
3193870345,39436
3193944696,39437
3194863430,39438
3195649014,39439
3195713245,39440
3195958794,39441
3195989761,39442
3196732506,39443
3196826180,39444
3197348858,39445
3201044591,39446
3201406413,39447
3202808548,39448
3203511255,39449
3207259637,39450
3207540046,39451
3207707014,39452
3208089124,39453
3212664265,39454
3214753385,39455
3215270537,39456
3217247327,39457
3219423716,39458
3219646784,39459
3219976202,39460
3220011939,39461
3221111130,39462
3221540744,39463
3222852688,39464
3222917065,39465
3222999019,39466
3223262462,39467
3224594664,39468
3224910764,39469
3225728517,39470
3225760870,39471
3227052380,39472
3227289826,39473
3227312060,39474
3227742764,39475
3227909753,39476
3228545918,39477
3229210131,39478
3229797318,39479
3230616542,39480
3230944180,39481
3231068674,39482
3231224246,39483
3231942275,39484
3232060243,39485
3232076712,39486
3232186924,39487
3232678552,39488
3233668712,39489
3234015038,39490
3234206654,39491
3234554156,39492
3234781559,39493
3235437439,39494
3235444772,39495
3236219971,39496
3236254604,39497
3236342137,39498
3236495214,39499
3237341261,39500
3237604659,39501
3238575966,39502
3238923147,39503
3239167077,39504
3239410373,39505
3239596571,39506
3239746222,39507
3240422804,39508
3240458397,39509
3242307951,39510
3242532974,39511
3242606876,39512
3243583146,39513
3243616719,39514
3243886973,39515
3244311636,39516
3244600017,39517
3244789970,39518
3246454561,39519
3248051221,39520
3248061330,39521
3248178282,39522
3248500102,39523
3248753868,39524
3248790390,39525
3248849369,39526
3249063444,39527
3249400519,39528
3249412783,39529
3249421381,39530
3249622171,39531
3250941487,39532
3251152762,39533
3251322036,39534
3251549157,39535
3251604476,39536
3252364591,39537
3252448547,39538
3252994239,39539
3253319000,39540
3253492520,39541
3253946096,39542
3254714552,39543
3255009866,39544
3255074119,39545
3255280189,39546
3255754952,39547
3255890581,39548
3256611449,39549
3256614228,39550
3256617340,39551
3256870734,39552
3257330750,39553
3257591580,39554
3258376123,39555
3259181138,39556
3260134182,39557
3260503620,39558
3266449992,39559
3266856037,39560
3266978148,39561
3267957930,39562
3269495126,39563
3271441309,39564
3272067464,39565
3272126587,39566
3273479480,39567
3276477930,39568
3278838547,39569
3279003277,39570
3279990968,39571
3280229443,39572
3280279154,39573
3283379839,39574
3283640142,39575
3284288924,39576
3284344698,39577
3284763025,39578
3285132888,39579
3285917179,39580
3286188732,39581
3286483752,39582
3288114332,39583
3288617619,39584
3289003559,39585
3289180086,39586
3289716652,39587
3289922773,39588
3291224282,39589
3291322476,39590
3291634115,39591
3291665732,39592
3291772795,39593
3292152276,39594
3293118434,39595
3293174309,39596
3293209278,39597
3293322849,39598
3295167369,39599
3295853040,39600
3296501100,39601
3296560165,39602
3296592902,39603
3297670769,39604
3297778964,39605
3298172888,39606
3298263193,39607
3299750128,39608
3299826400,39609
3301520959,39610
3301994898,39611
3302122819,39612
3302658674,39613
3302878321,39614
3302993621,39615
3303129145,39616
3303440338,39617
3303665136,39618
3304456046,39619
3304602747,39620
3304710061,39621
3305186684,39622
3305253308,39623
3306401893,39624
3306514502,39625
3307512417,39626
3307959957,39627
3308193378,39628
3308441490,39629
3308495389,39630
3308779714,39631
3308992078,39632
3309139560,39633
3309141114,39634
3309509312,39635
3310100744,39636
3310107588,39637
3310618469,39638
3311185081,39639
3311675519,39640
3311859836,39641
3313524443,39642
3313552014,39643
3313618153,39644
3313753720,39645
3314605609,39646
3314607438,39647
3315053348,39648
3315192012,39649
3315381980,39650
3315561942,39651
3315784426,39652
3316403342,39653
3316694766,39654
3316936303,39655
3317181056,39656
3317319301,39657
3317955934,39658
3319032004,39659
3319042093,39660
3319538209,39661
3321365363,39662
3321952723,39663
3322060562,39664
3322067522,39665
3322087815,39666
3322347823,39667
3322663836,39668
3322865875,39669
3323049511,39670
3325152053,39671
3325592962,39672
3327376767,39673
3328804415,39674
3329528201,39675
3330139138,39676
3330485469,39677
3330557069,39678
3331835352,39679
3334121020,39680
3335417361,39681
3338808273,39682
3339812019,39683
3340321001,39684
3341641162,39685
3342860374,39686
3343276078,39687
3344290455,39688
3344845157,39689
3346684090,39690
3346989059,39691
3347085659,39692
3347180410,39693
3347208550,39694
3347633549,39695
3347686272,39696
3349480540,39697
3349573533,39698
3350536270,39699
3351115882,39700
3351501958,39701
3351970995,39702
3352802865,39703
3352811752,39704
3353714719,39705
3353724259,39706
3355041838,39707
3357681544,39708
3358592669,39709
3361640020,39710
3361675312,39711
3362526784,39712
3364290132,39713
3364994806,39714
3365988797,39715
3367491543,39716
3367773761,39717
3368595916,39718
3368641421,39719
3368690836,39720
3371647593,39721
3374255652,39722
3377317894,39723
3377453309,39724
3379386827,39725
3380332570,39726
3380419365,39727
3380790791,39728
3383049855,39729
3383161810,39730
3383915847,39731
3384716398,39732
3385838248,39733
3385852757,39734
3387923524,39735
3388724188,39736
3389134989,39737
3390098350,39738
3390214067,39739
3390416469,39740
3390522418,39741
3391532422,39742
3394983373,39743
3394991770,39744
3395186658,39745
3395964711,39746
3397303894,39747
3399235462,39748
3400148279,39749
3400214957,39750
3400333191,39751
3400552306,39752
3401364406,39753
3401846147,39754
3402710146,39755
3404034811,39756
3406413441,39757
3407317754,39758
3407327567,39759
3407890707,39760
3407994333,39761
3408036279,39762
3408395417,39763
3409400920,39764
3410448446,39765
3410571645,39766
3410970723,39767
3411417807,39768
3411638651,39769
3413010460,39770
3415230028,39771
3415287255,39772
3415750853,39773
3416114643,39774
3416599169,39775
3417568966,39776
3419318626,39777
3420648226,39778
3421732691,39779
3422158725,39780
3422193072,39781
3422647253,39782
3422739981,39783
3424489361,39784
3424938947,39785
3425292893,39786
3427135517,39787
3427140831,39788
3427421892,39789
3427934519,39790
3429802659,39791
3432424996,39792
3433043523,39793
3434452587,39794
3435940588,39795
3437398040,39796
3437533737,39797
3437702307,39798
3438287817,39799
3438469581,39800
3438614458,39801
3438730678,39802
3439497340,39803
3449307013,39804
3449487923,39805
3449615063,39806
3468840082,39807
3471802934,39808
3476751073,39809
3477972014,39810
3480031816,39811
3481372221,39812
3482474057,39813
3484358369,39814
3494531304,39815
3501519201,39816
3513801555,39817
3522115816,39818
3526200804,39819
3532804813,39820
3536120422,39821
3536650335,39822
3536694915,39823
3537940462,39824
3548005397,39825
3550971450,39826
3562042880,39827
3568473857,39828
3575199014,39829
3575515153,39830
3578861428,39831
3581658501,39832
3585883754,39833
3590700748,39834
3611318788,39835
3617049434,39836
3621904955,39837
3623309181,39838
3646723880,39839
3647423237,39840
3648946277,39841
3675016697,39842
3677845938,39843
3679829597,39844
3686159416,39845
3697993936,39846
3699008895,39847
3711366682,39848
3717932181,39849
3718670063,39850
3719068997,39851
3738968239,39852
3740303121,39853
3742451713,39854
3752361681,39855
3753286634,39856
3756272053,39857
3770729673,39858
3786750317,39859
3796593921,39860
3816302473,39861
3817413628,39862
3818017162,39863
3819734470,39864
3819734722,39865
3820308851,39866
3826173195,39867
3837213803,39868
3838496359,39869
3840405434,39870
3852740878,39871
3870262514,39872
3874439667,39873
3876509782,39874
3879438195,39875
3881286858,39876
3885202512,39877
3886099279,39878
3887004793,39879
3890882615,39880
3896220314,39881
3897626072,39882
3904325023,39883
3920585969,39884
3921651843,39885
3924259581,39886
3927572774,39887
3943338794,39888
3945784187,39889
3951148839,39890
3951725801,39891
3957074361,39892
3963331812,39893
3969776002,39894
3970447293,39895
3990718648,39896
3992620992,39897
3998221213,39898
4012078510,39899
4013727279,39900
4017521301,39901
4025328976,39902
4036537452,39903
4036980502,39904
4043751910,39905
4049454617,39906
4056983819,39907
4058423962,39908
4064130192,39909
4068198615,39910
4071088492,39911
4077650494,39912
4082981201,39913
4102040849,39914
4107416661,39915
4136922865,39916
4138500318,39917
4144325176,39918
4145603123,39919
4146483742,39920
4160060112,39921
4167505107,39922
4175392936,39923
4182196139,39924
4184313789,39925
4191924684,39926
4195145182,39927
4197404474,39928
4202914407,39929
4204464729,39930
4219142068,39931
4230384973,39932
4238617272,39933
4262087414,39934
4270702054,39935
4283417893,39936
4294596374,39937
4304362344,39938
4310720847,39939
4311933197,39940
4334135654,39941
4340019492,39942
4341085517,39943
4356864075,39944
4361217502,39945
4403833696,39946
4432905920,39947
4433643614,39948
4442181373,39949
4453143914,39950
4703006612,39951
4900280893,39952
741945221643112448,39953
759442319493914624,39954
771339706135146496,39955
774289289278402560,39956
780538012413198337,39957
