user_idx,item_idx
24866,1020
23806,1020
23421,1020
25693,1020
17102,1020
32423,1020
25111,1020
18345,1020
19457,1020
15920,1020
23076,1020
28436,1020
27528,1020
32427,1020
29660,1020
32377,1020
25799,1020
21903,1020
26586,1020
31918,1020
13543,1020
9035,1020
30090,1020
23316,1020
19947,1020
29576,1020
3327,1020
7508,1020
19976,1020
7508,1020
19976,1020
5402,1020
32520,1020
16384,1020
26150,1020
15792,1020
12747,1020
22828,1020
17481,1020
28675,1020
28987,1020
27494,1020
16501,1020
25014,1020
18671,1020
26146,1020
17410,1020
22242,1020
32422,1020
23459,1020
24334,1020
32353,1020
22327,1020
22327,1020
28440,1020
17635,1020
7825,1020
24575,1020
9425,1020
23149,1020
23351,1020
21617,1020
22792,1020
31059,1020
31824,1020
22872,1020
30534,1020
20242,1020
32232,1020
20880,1020
31085,1020
22310,1020
20785,1020
7748,1020
30557,1020
28865,1020
25062,1020
21107,1020
5804,1020
26311,1020
30028,1020
30163,1020
28805,1020
20046,1020
28731,1020
14297,1020
19986,1020
21676,1020
19624,1020
24326,1020
26655,1020
26541,1020
23708,1020
31592,1020
15349,1020
20474,1020
26415,1020
27678,1020
31494,487
31926,487
23201,487
1584,487
10398,487
24981,487
27031,487
18961,487
28698,487
16832,487
26192,487
10045,487
22618,487
27031,487
13354,487
14542,487
4259,487
16550,487
13220,487
29747,487
12324,487
28439,487
21697,487
18176,487
4543,487
25069,487
30670,487
15764,487
30738,487
26259,487
14475,487
18122,487
30603,487
11691,487
6565,487
8717,487
16832,487
16141,487
2411,487
12374,487
32043,487
18961,487
14029,487
14187,487
18813,487
18392,487
13400,487
13578,487
4783,487
14035,487
15181,487
15547,487
16931,487
28693,487
23217,487
6572,487
3000,487
27557,487
24852,487
24058,487
15160,487
25455,487
17898,487
1566,487
15916,487
23721,487
378,487
4324,487
7206,487
17947,730
28343,730
21909,730
20774,730
30161,730
16347,730
14973,730
13790,730
15702,730
3322,730
27853,730
26038,730
20918,730
26243,730
11015,730
13867,730
26914,730
4619,730
14396,730
12950,730
26620,730
16209,730
26879,730
6630,730
4804,730
20758,730
15684,730
3539,730
14950,730
10515,730
25849,730
14335,730
20570,730
10240,730
18390,730
19852,730
6314,730
11255,730
5682,730
8076,730
10515,730
17191,730
31452,730
19462,730
19257,730
22293,730
29308,730
25886,730
12201,730
22805,730
19154,730
30123,730
30329,730
2160,730
10815,730
25814,730
4739,730
22391,730
8505,730
15699,730
11088,730
8622,730
16608,730
2180,730
11236,730
32379,730
25339,730
25373,730
20882,730
31919,730
15686,730
4059,730
26520,730
16234,730
22123,730
2368,730
15081,730
32250,730
9776,495
16422,495
9617,495
15243,495
15909,495
11334,495
2389,495
1648,495
379,495
11040,495
30702,495
1839,495
17541,495
30622,495
13143,495
15108,495
1294,495
27413,495
23274,495
7952,495
7450,495
22015,495
28162,495
16788,495
25184,495
29022,495
20117,495
20992,495
20117,495
20510,495
23714,495
26525,495
24856,495
25181,495
27390,495
2384,495
1501,495
1501,495
2384,495
1501,495
30577,495
18551,495
21176,495
12802,495
10230,495
3606,499
24435,499
3096,499
11096,499
18692,499
10087,499
15052,499
9129,499
18033,499
243,499
5635,499
29559,499
3300,499
4511,499
29399,499
24734,499
31712,499
19453,499
25171,499
8247,499
1217,499
3266,499
28180,499
19603,499
7238,499
11125,499
31957,499
9145,499
30624,499
19433,499
13625,499
29224,499
11964,499
622,499
27286,499
3006,499
26407,499
9145,499
12107,499
25057,499
28829,499
231,641
16260,641
22626,641
31870,641
26890,641
13415,641
9213,641
1931,641
1105,641
25186,641
12424,641
3625,641
26890,641
2941,641
21536,641
32160,641
6990,641
26404,641
29028,641
29371,641
19965,641
31062,641
9947,641
24683,641
4368,641
24100,641
27795,641
4227,641
23028,641
22904,641
24734,641
31259,641
30286,641
13394,641
5801,641
22686,641
17704,641
800,641
19472,641
31341,641
337,641
9119,641
31483,641
31874,641
16856,641
8012,641
31445,641
6274,641
20088,641
23728,641
2283,641
7126,641
30006,641
19397,641
9092,641
31900,641
9092,641
21536,641
6970,641
26774,641
31761,641
15301,641
10523,641
2204,641
5801,641
12970,641
28915,641
13928,641
25803,641
22584,641
27574,641
23801,641
23510,641
2144,641
4513,641
15729,641
24253,641
23200,641
27234,641
19680,641
1972,641
16051,641
18397,641
21735,641
27234,641
19317,641
11845,641
4694,641
16313,641
23249,641
12479,641
24042,641
24457,641
10720,641
2582,641
19114,641
5680,641
25315,641
3510,641
21553,641
27896,641
2725,641
21553,641
19068,641
30141,641
15932,641
31174,641
31628,641
24870,641
13243,641
20639,641
12095,641
10880,641
12318,641
12410,641
5362,641
22885,641
12018,641
24398,641
14621,641
6132,641
27652,641
12867,641
678,641
29831,641
103,641
11248,641
5745,641
30702,641
20547,641
24721,641
5579,641
6844,641
8217,641
7354,641
31738,641
18543,641
32192,641
31738,641
31204,641
22377,641
5014,641
15064,641
388,641
24323,641
12597,641
1792,641
21074,641
9696,641
2058,641
7027,641
28795,641
25831,641
15524,641
1398,641
23132,641
18625,641
10274,641
5506,641
30188,641
16130,641
1759,641
18625,641
21946,641
24403,641
9067,641
29933,641
31449,641
31449,641
3826,641
28427,641
31405,641
18359,641
3011,641
19378,641
145,641
27682,641
14707,641
3914,641
2056,641
32233,641
3726,641
3615,641
9905,641
22141,641
29583,641
23545,641
23545,641
22997,641
30931,641
25475,641
4966,641
19173,641
31003,641
29032,641
29323,641
30881,641
5571,641
26322,641
15489,641
26457,641
4945,641
18272,641
3737,641
25691,641
23172,641
15008,641
18101,641
2534,641
23997,641
30455,641
4513,641
23459,641
4470,641
5867,641
17671,641
14462,641
29625,641
27886,641
28562,641
29768,641
17199,641
3590,641
29122,641
29122,641
10474,641
24625,641
21140,641
6077,641
19147,641
24545,641
24136,641
31473,641
19147,641
9924,641
30908,641
30966,641
12856,641
14976,641
1596,641
14531,641
22361,641
2046,641
14005,641
162,641
7433,641
7433,641
23207,641
7410,641
28983,641
23450,641
18891,641
28879,641
3090,641
23321,641
5057,641
29341,641
12356,641
18201,641
17731,641
16356,641
24322,641
16848,641
590,641
16724,641
1791,641
30420,641
31524,641
23035,641
21308,641
21308,641
31874,641
7657,641
7976,641
27171,641
20244,641
25877,641
29292,641
18704,641
5546,641
23473,641
32174,641
625,641
14131,641
5709,641
14718,641
30018,641
8586,641
5748,641
27744,641
15830,641
24155,641
12627,641
16746,641
31975,641
23799,641
20850,641
16335,641
12200,641
17768,641
14048,641
1051,641
1473,641
26733,641
16692,641
23626,641
18001,641
30761,641
32389,783
10410,783
6580,783
9500,783
7990,783
15324,783
1672,783
6915,783
15333,783
1718,783
7806,783
1047,783
5759,783
9597,783
27266,783
31618,783
6184,783
13385,783
1160,783
28489,783
31052,783
14201,783
26914,783
31683,783
31603,783
27851,783
8540,783
27851,783
17990,783
23381,783
1363,783
12537,783
9004,783
7025,783
10606,783
13726,783
1362,783
2277,783
29587,783
2801,783
26942,783
7372,783
12916,783
28879,783
25964,783
9824,783
32327,783
8285,783
15452,783
18351,783
23461,783
9536,783
18948,783
8685,783
9980,783
15804,783
15143,783
1853,783
11490,783
29972,783
31770,783
4595,783
10810,783
1998,783
32389,783
24699,783
11834,783
32348,783
11522,783
13967,783
23163,783
23163,783
17741,783
18557,783
485,783
26490,783
15936,783
23393,783
15936,783
31670,783
6079,783
7292,783
15179,783
15281,783
15179,783
29452,783
29452,783
4607,783
31209,783
15644,783
27754,783
23945,783
26222,783
23732,783
6572,783
6787,783
15871,783
14425,783
6645,51
27872,51
21088,51
21086,51
8848,51
2634,51
15606,51
18708,51
8303,51
5362,51
21168,51
3282,51
19815,51
21693,51
4867,51
26288,51
2869,51
8303,51
4416,51
26288,51
1437,51
21710,51
14551,51
5620,51
5046,51
17250,51
4949,51
7309,51
1860,51
25911,51
25697,51
10958,51
17391,51
18520,51
4490,51
26723,51
6002,51
11206,51
16021,51
26786,51
6002,51
21895,51
21447,51
21722,51
11577,51
21635,51
8242,51
23815,51
8373,51
21616,51
4997,51
21096,51
24870,51
25806,51
27986,51
25842,51
24795,51
27008,51
8430,51
27008,51
1373,51
26829,51
24401,51
24401,51
27395,51
12109,51
12109,51
5062,51
12764,51
5062,51
12764,51
21160,51
5092,51
8465,51
18498,51
17283,51
18198,51
16683,51
28897,461
6046,461
22225,461
20989,461
8576,461
30053,461
8576,461
8576,461
29907,461
31006,461
13365,461
7530,461
23940,461
23138,461
21642,461
19173,461
32176,461
20431,461
25113,461
26200,461
18944,461
31473,461
15640,461
7541,461
6924,461
7285,461
8544,461
20970,461
29204,461
28930,461
6132,461
26334,461
18744,461
32033,461
21649,461
9190,461
25363,461
18609,461
22477,461
26257,461
19458,461
5715,461
12638,461
20019,461
23355,461
2856,461
4361,461
24428,461
13524,461
2152,461
15011,461
17257,461
1989,461
5069,461
25816,461
31525,461
16290,461
8094,461
20260,461
5166,461
30356,461
31879,461
24806,461
11930,461
8007,461
29155,461
16314,461
31725,461
30940,461
17166,461
24913,461
28477,461
31152,461
24367,461
7678,461
8153,461
5647,461
32155,461
5032,461
5032,461
5032,461
5032,461
17840,461
17840,461
32155,461
32155,461
30138,461
20610,461
10928,461
18879,163
6413,163
17469,163
28891,163
13228,163
5142,163
5581,163
19661,163
17429,163
28920,163
10844,163
29964,163
9281,163
5510,163
19763,163
17469,163
26859,163
5603,163
12420,163
26784,163
12590,163
16631,163
25911,163
1492,163
19590,163
8770,163
2639,163
24240,163
28920,163
24240,163
20702,163
25357,163
23216,163
17469,163
949,163
28235,163
19547,163
20822,163
20316,163
19936,163
949,163
22049,163
28235,163
19961,163
11747,163
19164,163
17014,163
5163,163
26531,163
24303,163
6083,163
15210,163
15473,163
6996,163
25564,163
14985,163
23818,163
29875,163
10534,163
26182,163
7711,163
29640,163
19818,163
7411,163
11193,163
3071,163
16526,163
16526,163
1338,307
29278,307
23401,307
31406,307
8066,307
6892,307
28918,307
7126,307
30309,307
30222,307
653,307
8556,307
20631,307
31720,307
28054,307
28000,307
2802,307
19910,307
23292,307
11500,307
6213,307
11609,307
31450,307
22790,307
24531,307
10470,307
5053,307
31313,307
30821,307
31767,307
6139,307
5013,307
17930,307
2290,307
9075,307
31187,307
30188,307
18693,307
4950,307
13600,307
6133,307
31867,307
23771,307
10698,307
8550,307
22913,307
28935,307
18895,307
30520,307
810,307
28640,307
27448,307
1315,307
16322,307
9616,307
27175,307
3152,307
16698,307
4097,307
13400,307
2719,307
11620,307
7625,307
10145,307
10251,307
11089,307
27448,307
4673,307
16255,307
15430,307
28764,307
26391,307
10439,307
8795,307
8845,307
7926,307
10281,307
23679,307
22598,307
28218,307
5178,307
1476,307
2442,307
15382,307
12524,307
3542,307
31352,307
31621,307
31621,307
31352,307
130,307
10590,307
13675,307
4132,307
16488,307
15237,307
651,307
5735,307
12572,307
10019,653
21484,653
32155,653
12081,653
20315,653
30278,653
30396,653
7665,653
16787,653
7102,653
1381,653
29092,653
470,653
6584,653
23718,653
5907,653
1893,653
13603,653
9354,653
6827,653
13316,653
11601,653
32284,653
8457,653
3366,653
12256,653
5644,653
28926,653
30702,653
7253,653
6507,653
31063,653
8914,653
28074,653
4583,653
32070,653
32061,653
9818,653
29487,653
121,653
5216,653
29506,653
9354,653
27294,653
9818,653
10184,653
187,653
28251,653
24029,653
22993,653
20127,653
22602,653
26111,653
14598,653
30258,653
30255,653
20199,653
22390,653
5863,653
26468,653
22183,653
21650,653
27769,653
571,653
16233,653
30974,653
9040,653
24252,653
9386,653
5391,653
5391,653
10933,653
19437,653
8692,653
18903,653
31850,653
29044,653
11856,653
32349,653
9813,653
23130,653
23130,653
24077,653
26886,653
10523,653
7706,653
2640,653
4700,653
30908,653
16348,653
6768,653
8497,653
1884,653
11763,653
31882,653
21434,653
19602,653
18164,653
14634,653
29728,653
9076,653
470,653
29728,653
31870,653
13427,653
8030,653
11498,653
5549,653
30093,653
23480,653
10468,653
10468,653
13330,653
13330,653
13330,653
27134,653
18085,653
1255,653
31860,653
13842,653
3396,653
31976,653
8385,653
15385,653
16724,653
3108,653
3108,653
19581,653
16126,653
15773,653
28262,653
26145,653
23191,653
21343,653
19567,653
27996,653
27996,653
24837,653
10801,653
14232,653
31320,653
10004,653
18941,653
31475,653
3994,653
1647,653
12661,653
26741,653
28829,653
14265,653
11358,653
11233,493
26781,493
14631,493
24379,493
11498,493
9318,493
5544,493
27914,493
2180,493
23126,493
15437,493
25576,493
21027,493
7203,493
7203,493
7060,493
17645,493
14581,493
28243,493
9885,493
6128,493
5577,493
2775,493
1570,493
32000,493
18356,493
27910,493
14581,493
31916,493
31235,493
29371,493
22043,493
1542,493
8887,493
13366,493
25803,493
5726,493
12869,493
23439,493
1170,493
11870,493
4118,493
9307,493
6245,493
2939,493
31897,493
25677,493
15331,493
13003,493
626,493
25614,493
13141,493
11831,493
16482,493
20382,493
19493,493
16071,493
11120,493
24552,493
24736,493
18421,493
16343,493
4129,493
5149,493
2939,493
31309,493
2587,493
15012,493
28070,493
29263,493
21161,493
22709,493
21161,493
17760,493
22359,493
19650,493
13660,493
13185,493
7379,493
9682,493
26173,493
24412,493
10229,493
21161,493
16202,493
14578,493
28684,493
21161,493
30470,493
29320,493
1302,493
24616,493
9857,493
22854,493
10678,493
7444,493
16289,493
31867,493
5291,493
5332,493
10053,493
29827,493
23629,493
3319,493
19355,493
18099,493
17396,493
15493,493
6771,493
30352,493
30189,493
30189,493
31042,493
2943,493
15493,493
3733,493
2943,493
18099,493
25317,493
18460,493
6264,493
24887,493
14909,493
17997,493
30195,493
30779,493
23697,493
13655,493
17997,493
16026,493
31306,493
2249,493
11281,493
28896,493
15708,493
26514,493
19211,493
29423,493
3602,493
3837,493
6320,493
21836,493
3837,493
6703,493
7060,493
29692,493
11580,493
4345,493
19824,493
11185,493
12996,493
1020,493
21091,493
11634,493
22096,493
30597,493
1302,493
9059,493
7379,493
7876,493
30280,493
2943,493
26886,493
17674,493
30280,493
23333,493
25158,493
18421,493
10725,493
8688,493
26196,493
24097,493
25474,493
10725,493
25474,493
25195,493
19716,493
13480,493
24521,493
30597,493
9679,493
28151,493
9679,493
21056,493
6110,493
8050,493
4521,493
32101,493
7605,493
17460,493
18339,493
2832,493
1888,493
13323,493
2663,493
1888,493
2663,493
24279,493
9,493
24860,493
2456,493
8948,493
1204,493
8696,493
29613,493
1204,493
19424,493
9,493
9,493
27972,493
3605,493
7893,493
9279,493
8719,493
3605,493
23850,493
11620,493
2456,493
10326,493
7045,493
11701,493
27002,493
4903,493
23850,493
8378,493
9647,493
32198,493
15134,493
9647,493
14807,493
14819,493
4521,493
14174,493
8518,493
24097,493
14819,493
13480,493
30367,493
10004,493
28912,493
20151,493
15134,493
28328,493
30367,493
28328,493
20151,493
18421,493
32198,493
20151,493
22125,493
23066,493
28912,493
23066,493
3800,493
15753,493
17695,493
2221,493
17695,493
2221,493
12831,493
4154,493
18850,493
13281,493
1300,493
24940,493
18442,493
30143,493
21473,493
16372,493
29639,493
2708,493
8518,493
12984,493
25095,493
23740,493
12337,493
15753,493
1473,493
6638,493
16400,493
10540,493
15085,493
9,493
12984,493
26275,493
3578,493
6320,493
30143,493
30281,493
27214,493
14695,493
21473,493
27214,493
1899,493
1463,493
30702,493
11074,493
14125,493
6866,493
19966,493
4866,493
14407,493
6769,493
18194,493
25314,493
18511,493
25255,493
2429,493
13998,493
1083,493
2429,493
31963,493
1192,493
10459,493
5516,493
29288,493
8726,493
31029,493
1083,493
8726,493
26504,493
19920,493
32087,493
14743,493
3070,493
30723,493
8726,493
3743,493
520,493
520,493
2060,493
18421,493
6100,493
21097,493
30224,493
6100,493
19110,493
17742,493
18186,493
23740,493
18186,493
18186,493
28986,493
25095,493
28021,493
19920,493
16371,493
22958,493
15855,493
10385,493
8696,493
20996,493
26998,493
24843,493
29206,493
29206,493
798,493
3498,493
1409,493
9179,493
21948,493
21948,493
27178,493
17718,493
17718,493
25340,493
19931,493
12112,493
19397,493
16322,493
9179,493
23029,493
4268,493
11648,493
22985,493
5309,493
1449,493
22687,493
19287,493
5408,493
25541,493
14932,493
31425,493
26187,493
31425,493
22251,493
5704,493
14703,493
2724,493
20260,493
14703,493
14703,493
3763,493
24057,493
4412,493
7902,493
24057,493
4412,493
25981,493
21421,493
554,493
18049,493
3051,493
16218,493
16270,493
31544,493
16887,493
15232,493
29314,493
24883,493
5544,493
29314,493
23691,493
8323,493
23691,493
24883,493
28511,493
8323,493
20383,493
11915,493
6054,493
22506,493
24199,493
29345,493
20012,493
20171,493
18138,493
14825,493
21518,493
4690,493
26335,493
1959,493
11076,493
13612,493
9806,493
8829,493
26242,493
26870,493
20971,493
16267,493
16267,493
7754,493
9469,493
16680,493
25781,493
16680,493
25781,493
20697,140
18528,140
18764,140
27906,140
24484,140
1349,140
7577,140
13147,140
27627,140
6467,140
18115,140
7149,140
26102,140
9480,140
19945,140
28111,140
12465,140
26265,140
5682,152
2293,152
17614,152
13761,152
7301,152
19409,152
19101,152
22825,152
3439,152
4850,152
1255,152
1540,152
1936,152
2999,152
12489,152
14122,152
22179,152
28816,152
2293,152
11129,152
1657,152
15836,152
19732,152
7263,152
20368,152
19889,152
3125,152
22986,152
1451,764
19902,764
30702,764
22748,764
9382,764
17397,764
10521,764
11323,764
24333,764
31445,764
23803,764
17937,764
828,764
19670,764
28169,764
17834,764
11752,764
1597,764
28078,764
30954,764
30134,764
14403,764
816,764
13764,764
21677,116
19775,116
22742,116
19285,116
22132,116
5973,116
19584,116
19384,116
20795,116
22702,116
24972,116
19013,116
13058,116
21277,116
1021,921
23835,921
16183,921
11898,921
783,921
11662,921
9534,921
8919,921
15485,921
13668,921
6017,921
25782,921
14292,921
4947,921
31979,921
31979,921
4921,921
5811,921
9601,921
24503,921
13937,921
31971,921
4303,921
29459,921
235,921
31990,921
16675,921
31990,921
16377,921
4921,921
23377,921
26961,921
31990,921
24611,921
16230,921
3718,921
18240,921
1679,921
9964,921
11714,921
6154,921
1083,921
12390,921
16584,921
11534,921
11534,921
20159,921
23435,921
28019,921
12339,921
30179,921
13964,921
29252,921
13050,921
26483,921
24100,921
11077,808
1579,808
7590,808
6839,808
30168,808
9605,808
31210,808
11710,808
22823,808
14724,808
5630,808
7250,808
607,808
22187,808
12285,808
12680,808
28541,808
28601,808
26712,808
32342,808
9768,808
15234,808
19217,808
10907,808
4618,808
9300,808
27601,808
18960,808
26754,808
25803,808
3270,808
12648,808
27981,808
24100,808
18197,48
25806,48
25282,48
21635,48
26874,48
15355,48
22220,48
2494,48
13919,48
22709,48
26440,48
1719,48
13940,48
25697,48
10762,48
6750,48
21183,48
5469,48
18520,48
10978,48
3138,48
2731,48
23897,48
28620,48
16571,48
11236,48
21621,48
8570,48
21359,48
1504,48
25188,48
19371,48
25312,48
15718,48
13370,48
5813,48
23563,48
17321,48
26718,48
7143,48
15606,48
6348,48
27578,48
19192,48
7103,48
12141,48
6274,48
5452,48
10958,48
22301,48
16014,48
18708,48
24747,48
7541,48
3140,48
16922,48
6155,48
9809,48
26432,48
23937,48
9844,48
5559,48
24674,48
3418,48
26725,48
21714,48
27954,48
22252,48
8330,145
2931,145
13971,145
466,145
7649,145
12977,145
180,145
2579,145
4010,145
21820,145
13583,145
2248,145
1485,145
12146,145
775,145
2923,145
14294,145
26268,145
22623,145
13191,145
4722,145
20943,145
22640,145
15913,145
9542,145
10285,145
18348,145
7128,145
20853,145
3982,145
3925,145
11381,145
12734,421
9946,421
647,421
10977,421
15884,421
17175,421
22641,421
7301,421
10588,421
24356,421
25811,421
17338,421
4055,421
1138,421
9742,421
4615,421
947,421
16111,421
8391,421
17964,421
29978,421
17612,421
19665,421
5837,421
22135,421
13758,421
22034,421
3347,421
24728,421
31821,421
2597,421
30423,421
30423,421
2317,421
13071,421
204,421
12104,421
16551,421
5514,421
24851,421
24078,421
29256,421
7223,421
7424,421
31607,421
11000,421
21480,421
30160,421
21171,421
13520,421
19840,421
28171,421
5675,421
27394,421
6455,421
19056,421
17730,421
22531,421
11394,1051
23730,1051
14047,1051
32552,1051
10702,1051
11485,1051
30401,1051
28966,1051
9478,1051
26843,1051
32172,1051
29378,1051
21729,1051
22560,1051
32203,1051
21729,1051
12182,1051
32203,1051
12182,1051
22560,1051
29196,1051
23370,1051
31693,1051
13796,1051
32547,1051
4015,1051
32548,1051
19006,1051
29317,1051
17564,1051
6307,1051
22217,1051
9329,1051
9467,1051
32469,1051
3700,1051
4423,1051
30916,1051
30916,1051
12192,1051
19712,1051
31704,1051
9692,1051
14144,1051
8898,1051
22660,1051
9220,1051
31277,1051
22106,1051
32105,1051
29388,1051
14057,1051
21116,1051
22543,1051
28367,1051
27319,464
18006,464
10538,464
17534,464
17388,464
21512,464
5449,464
27673,464
2557,464
6411,464
9247,464
32041,464
31632,464
31776,464
2990,464
993,464
6062,464
17238,464
22904,464
8501,464
1515,464
13853,464
7266,464
13165,464
25332,464
5971,464
32004,464
30072,464
9812,464
24860,464
7674,464
21951,464
30928,464
23791,464
28519,464
17756,464
13895,464
23604,464
20347,464
1540,464
21701,464
28517,464
15058,464
6721,464
4600,464
27499,464
27499,464
25504,464
24509,464
25442,464
10839,657
24526,657
5449,657
27027,657
1437,657
9165,657
2781,657
31546,657
21783,657
21539,657
23609,657
17623,657
31611,657
4122,657
6807,657
17036,657
3541,657
27277,657
26747,657
18903,657
11744,657
1719,657
10661,657
16180,657
26540,657
16627,657
8163,657
21566,657
15751,657
24387,657
14793,657
29279,657
16202,657
4694,657
24044,657
31479,657
9295,657
16464,657
271,657
23405,657
20834,657
2882,657
831,657
25869,657
31632,657
31344,657
22372,657
19063,657
21556,657
1784,657
16999,657
31255,657
13555,657
17916,657
18430,657
20201,657
19371,657
26698,657
2672,657
9101,657
1765,657
24769,657
16548,657
15485,657
30388,657
18933,657
18708,657
30131,657
15561,657
1221,657
16671,657
22947,657
30717,657
21656,657
29109,657
9844,657
24751,657
19999,657
18079,657
21260,657
6757,657
7130,657
23466,657
27991,657
1813,657
11610,657
2255,657
4791,657
2002,657
28184,657
23636,657
8980,657
21827,657
22082,657
8054,657
30179,657
16177,657
7218,657
7260,657
32332,657
16690,657
6183,657
4717,657
7392,657
7392,657
12141,657
27092,657
24814,657
15811,657
24104,657
3220,657
22470,657
5496,657
3746,382
4180,382
29667,382
28647,382
16714,382
21580,382
20595,382
11236,382
3755,382
23634,382
4722,382
1304,382
27655,382
26540,382
25219,382
30729,382
25219,382
27932,382
29770,382
31092,382
3050,382
5504,382
8454,382
30195,382
24918,382
31204,382
1861,382
19098,382
8440,382
13024,382
14901,382
21801,382
24434,382
19063,382
26301,382
28910,382
22017,382
5096,382
18046,382
22386,382
18463,382
6691,382
23644,382
2997,382
31681,382
7012,382
18043,382
31959,382
29469,382
1968,382
23892,382
26134,382
10762,382
4453,382
6506,382
4759,382
24891,382
21396,382
19168,382
4740,382
25470,382
24411,382
31005,382
23688,382
31430,382
786,382
21397,382
26524,382
6703,382
16874,382
5429,382
27665,382
21349,382
20809,382
3955,382
31971,382
3387,382
16688,382
23779,382
18151,250
13880,250
31672,250
14730,250
25944,250
30379,250
17717,250
15953,250
10016,250
15872,250
16993,250
30373,250
28992,250
17717,250
10295,250
24753,250
19586,250
25177,250
25900,250
1055,250
10980,250
16969,250
21077,250
1800,250
26269,250
14008,250
8704,250
94,250
19027,250
20056,250
18982,250
13505,250
15262,250
17690,250
7485,250
3494,250
9432,250
21537,250
9294,250
6407,250
3604,55
972,55
4949,55
10353,55
18524,55
13130,55
5472,55
2650,55
6711,55
1120,55
22299,55
1305,55
22082,55
2024,55
21388,55
21954,55
10417,55
16774,55
7994,55
15654,55
24523,55
22221,55
26723,55
23533,55
25914,55
15275,55
21096,55
8909,55
22460,55
8430,55
25977,55
26678,55
25307,55
2278,55
21834,55
24396,55
9820,55
15187,55
8259,55
1732,55
17787,55
24928,55
7014,55
21779,55
18899,55
20442,55
24769,55
18253,55
6299,55
4397,55
4249,55
18768,55
21160,55
7043,55
996,44
6073,44
18331,44
6411,44
16009,44
27517,44
12338,44
6769,44
23918,44
23918,44
24708,44
19912,44
20764,44
20697,44
7026,44
15119,44
13140,297
26594,297
26594,297
20495,297
31594,297
27919,297
31594,297
13140,297
13991,297
19129,297
7840,297
25835,297
7840,297
18533,297
19129,297
25835,297
18735,297
20139,297
31137,297
14121,297
18533,297
31137,297
14121,297
20125,297
1682,297
9313,297
23229,297
13461,297
9313,297
27952,297
13461,297
27952,297
14000,297
13725,297
22343,297
8001,297
28964,297
30446,297
24492,297
31550,297
27196,297
18628,297
940,297
940,297
18870,297
22343,297
19637,297
24369,297
24369,297
21643,297
22337,297
29766,297
13991,297
19471,297
22123,297
11109,297
20151,297
21485,297
30860,297
11109,297
18605,297
21485,297
8008,297
19637,297
18605,297
9978,297
25187,297
19029,297
12546,297
23664,297
19029,297
23664,297
31000,297
12546,297
31000,297
28759,297
14435,297
14359,678
29598,678
24568,678
14834,678
9290,678
30792,678
31567,678
30918,678
6749,678
32035,678
22003,678
30918,678
27958,678
11405,678
6749,678
6749,678
6899,678
25201,678
20216,678
25815,678
25299,678
27975,678
4694,678
31483,678
32035,678
16356,678
16356,678
21721,678
25013,678
29781,678
24839,678
22726,678
18558,678
9108,678
8126,678
4140,678
20529,678
23866,678
2703,678
4406,678
18503,678
14847,678
30212,678
29469,678
21286,678
4014,678
13839,678
13839,678
31548,678
21286,678
19726,678
4391,678
2385,678
18597,678
18419,678
13839,678
30286,678
23400,678
23474,678
28377,678
2350,678
31306,678
25315,678
30218,678
20157,678
20157,678
7730,678
21184,678
10634,678
13392,678
14676,678
5535,678
29945,678
12688,678
24817,678
26591,678
20041,678
12181,678
13601,678
6972,678
6546,678
28813,678
22931,678
32398,678
30122,678
13104,678
17160,678
11947,678
421,678
24063,678
28299,678
26511,678
28299,678
3893,678
13982,678
25381,678
13982,678
26511,678
23088,678
26837,678
29456,678
23484,678
30616,678
23947,678
80,615
31479,615
12452,615
24835,615
28190,615
29878,615
30863,615
8412,615
3053,615
15838,615
220,615
31314,615
9351,615
1428,615
14741,615
26831,615
29471,615
24323,615
9411,615
4678,615
16202,615
23466,615
10522,615
2727,615
774,615
2976,615
32066,615
10522,615
3427,615
3922,615
22113,615
5642,615
12453,615
13267,615
652,615
32041,615
15061,615
29743,615
25655,615
31734,615
31734,615
975,615
11071,615
1119,615
18207,615
22454,615
18609,615
24429,615
26539,615
16884,615
16884,615
1056,615
11404,615
1719,615
24370,615
13873,615
25139,615
27745,615
30386,615
21645,615
30260,615
24294,615
11644,615
6040,615
26422,615
13255,615
27076,615
19114,615
21180,615
13601,615
29237,615
31793,615
12511,615
12135,615
31555,615
3340,615
29462,426
24424,426
6013,426
18553,426
19130,426
27830,426
14953,426
4486,426
23024,426
26988,426
4957,426
736,426
28074,426
26107,426
28184,426
22248,426
340,426
18122,426
31844,426
30309,426
24172,426
31099,426
22997,426
6657,426
9560,426
31214,426
31894,426
27379,426
6339,426
23855,426
19809,426
24257,426
26201,426
4825,426
28829,426
24450,426
9308,426
284,426
20301,426
19488,426
30702,426
21268,426
26779,426
27208,426
27377,426
13178,426
4271,426
3342,426
8247,426
19878,426
27387,426
27791,426
27907,426
10130,426
13595,426
20813,426
30619,426
30720,426
10636,426
11754,426
22152,426
28433,426
13031,426
31724,426
3461,426
26274,426
21998,426
4941,426
18964,734
7197,734
23958,734
30835,734
5635,734
6613,734
29374,734
25132,734
19961,734
18506,734
17121,734
16822,734
12279,734
32367,734
13447,734
27445,734
30014,734
5281,734
19427,734
18703,734
19427,734
20657,734
18703,734
5814,734
3365,304
4469,304
6024,304
28410,304
13366,304
5262,304
12246,304
31776,304
852,304
13053,304
8051,304
1483,304
15779,304
6544,304
7767,304
27867,304
6341,304
17557,304
4535,304
31099,304
28220,304
31235,304
11837,304
16036,304
731,304
23595,304
5330,304
12512,304
61,304
6721,304
1298,304
25888,304
25553,304
26533,304
16940,304
3012,304
25703,304
6703,304
4982,304
12643,304
25274,304
31311,304
17834,304
31724,304
25614,304
15714,304
2260,304
22255,304
7673,304
15773,304
28613,304
29147,304
28184,304
23721,304
1704,304
1469,304
6959,304
28424,304
6513,304
7505,605
21296,605
22038,605
29633,605
31007,605
9458,605
3881,605
23859,605
14444,605
4405,605
25424,605
433,605
3622,605
17259,605
3693,605
31961,605
9143,605
19120,605
19979,605
31370,605
5970,605
4813,605
26100,605
31986,605
24011,605
2707,605
14444,605
16015,605
9270,605
20712,605
2566,605
1254,605
15738,605
660,605
3907,605
28733,605
18914,605
2679,605
22025,605
24556,605
13589,605
13873,605
11902,605
17532,605
26833,605
29289,605
24588,605
16258,605
4215,605
5563,605
4045,605
26446,605
27167,605
19273,605
24759,605
28891,605
5964,605
15798,605
21042,605
2784,605
3133,605
28401,605
3116,605
28331,605
31070,605
127,434
19115,434
27791,434
960,434
19809,434
31945,434
2144,434
10365,434
31262,434
29028,434
2828,434
721,434
31814,434
24059,434
20885,434
2700,434
25677,434
31891,434
11779,434
30658,434
29486,434
16939,434
31106,434
3949,434
10365,434
183,434
1964,434
30702,434
30619,434
9387,434
91,434
1693,434
29092,434
24336,434
29599,434
21998,434
30638,434
31724,434
213,434
29057,434
493,434
662,434
15397,726
26,726
41,726
8182,726
8494,726
20253,726
9469,726
1930,726
12650,726
23737,726
27856,726
28374,726
14510,726
7204,726
11609,726
31870,726
20520,726
10620,726
1702,726
1021,726
6012,726
24159,726
12154,726
23275,726
27372,726
1199,726
32004,726
898,726
3053,726
25057,726
20860,726
14535,726
13652,726
32109,726
4058,726
2089,726
20279,726
28341,726
28220,726
29179,726
31587,726
6296,726
31983,726
10673,726
19362,726
16655,726
917,726
1367,726
19374,726
20138,726
16963,726
6547,726
31183,726
6282,726
22108,726
27238,726
26196,726
13457,726
18342,726
32073,726
13333,726
30478,726
32292,726
31729,726
20153,726
16079,726
18361,726
26587,726
12495,726
20488,726
25698,726
26744,726
19228,726
25553,726
21283,726
30783,726
11779,726
28534,726
11005,726
29704,726
31099,726
19538,726
6703,726
24336,726
16244,726
32249,726
23793,726
22620,726
29659,726
24349,726
30311,726
6425,726
31818,726
24252,726
29194,726
26743,726
32212,726
22531,726
23474,726
25702,726
28891,726
22090,726
18094,726
24744,726
24062,726
27486,726
6831,726
14910,726
25005,726
25005,726
14001,726
29391,726
7067,726
7067,726
24064,726
11704,726
18531,726
30188,726
25666,726
30610,726
24922,726
16316,726
13104,726
31834,726
26984,726
31838,726
31827,726
22693,726
12319,726
9554,726
21517,726
19430,519
20833,519
27914,519
14926,519
7739,519
22529,519
7293,519
24386,519
9533,519
10678,519
25999,519
29638,519
7653,519
13344,519
27206,519
17175,519
21400,519
25313,519
30959,519
10918,519
15442,519
164,519
3037,519
28074,519
25383,519
1492,519
29594,519
27206,519
5278,519
5327,519
15007,519
26859,519
19936,519
19802,519
19904,519
31890,519
31632,519
12892,519
29686,519
14899,519
19877,519
8330,519
25378,519
21918,519
6891,519
10867,519
30047,519
6867,519
14031,519
8064,519
31934,519
3881,519
7029,519
30929,519
6273,519
3961,519
31259,519
25255,519
14899,519
6429,519
28829,519
6891,519
26355,519
31963,519
17510,519
1377,519
11892,519
20459,519
16818,519
19879,519
12455,519
14303,519
27751,519
28309,519
3785,519
21584,519
3420,519
1849,519
1849,519
3420,519
32163,519
32024,519
32163,519
30973,519
22365,519
1830,519
18412,519
8444,519
25233,519
19879,519
11966,519
16504,519
4745,519
23551,519
16504,519
21584,519
4757,519
4745,519
14454,519
27751,519
32279,519
28131,519
1422,601
197,601
11773,601
18560,601
26449,601
6352,601
5338,601
22025,601
26647,601
16911,601
29217,601
8269,601
14925,601
7210,601
5827,601
6604,601
24773,601
9685,601
5821,601
16080,601
986,601
17549,601
27346,601
14199,601
1919,601
8414,601
3534,601
23989,601
26548,601
25616,601
22456,601
9151,601
1509,601
24898,601
16685,601
15515,601
2235,601
3047,601
6166,601
25641,601
1929,601
13826,601
1205,601
10447,601
13493,601
20030,601
29129,601
31370,601
32344,601
4401,601
2728,601
21376,601
7022,601
32174,601
5116,601
16543,601
11015,800
4651,800
32371,800
4488,800
12701,800
29832,800
17586,800
27021,800
7673,800
27640,800
22981,800
9879,800
25839,800
25839,800
28935,800
28054,800
29414,800
25965,800
4048,800
27109,800
2353,800
22682,800
29104,800
28184,800
12116,800
22745,800
4219,800
31258,800
1944,800
3819,800
25005,800
30614,800
9817,800
31882,800
31819,800
15773,800
31112,800
30035,800
691,800
28480,800
26316,321
26996,321
31351,321
16952,321
21973,321
30500,321
31615,321
24302,321
10768,321
30992,321
31792,321
26228,321
26228,321
30500,321
30500,321
30500,321
28975,321
13010,321
30500,321
31745,321
30500,321
21815,321
21815,321
18823,321
30500,321
30500,321
24302,321
10768,321
26610,321
23709,321
30500,321
17714,721
7531,721
23657,721
4749,721
3349,721
22253,721
23693,721
6695,721
13521,721
31321,721
2225,721
12249,721
2664,721
18149,721
6326,721
8216,721
3056,721
32404,721
20290,721
13938,721
5947,721
9834,721
15090,721
16428,721
23982,721
20953,721
3012,721
2081,721
21446,721
32217,721
17230,721
32312,721
23832,721
21323,721
13496,721
5712,721
27643,721
15281,721
29332,721
32429,721
20709,721
11755,721
30445,721
11111,721
26710,721
28300,721
2204,721
16852,721
25787,721
16269,721
11111,721
16269,721
11471,721
12958,721
10076,721
31156,721
8250,721
7555,721
23926,721
12766,721
28834,721
17122,721
4461,721
18459,721
13408,721
8271,721
22028,721
14069,721
4095,721
9934,721
5554,721
3707,721
20208,721
12331,721
24443,721
7970,721
11680,721
15115,721
14475,721
16019,721
29858,721
25442,721
15320,721
21734,721
28706,721
26458,721
25584,721
31514,721
7959,721
4934,721
13905,6
13916,6
14298,6
3556,6
3059,6
2485,6
7983,6
19977,6
3075,6
2541,6
2380,6
2403,6
12227,6
12227,6
2403,6
10337,6
2541,6
2541,6
13770,6
13731,6
13731,6
13770,6
9615,6
3702,6
6243,6
14461,6
13733,6
21201,6
13462,6
4237,6
2846,6
11817,6
8834,6
11645,6
14602,6
16783,6
16510,6
18002,6
3575,6
22945,6
18364,6
4071,6
5628,6
13030,6
22114,6
22425,6
22898,6
5748,6
20987,6
11165,6
10369,6
15401,6
23656,6
13775,6
7138,6
13397,6
8458,6
13110,6
18656,6
19926,6
17044,6
19624,6
14784,6
7475,6
10587,6
16656,6
18819,6
14185,6
17203,6
15273,6
22178,6
7790,6
16866,6
17573,6
15907,6
4915,6
16376,6
12267,6
12373,6
4197,6
16480,6
18385,6
22013,6
10214,6
25143,6
14905,6
17294,6
6713,6
9934,6
7779,6
15869,6
18556,6
18556,6
3034,6
18391,6
17026,6
23335,6
18804,6
18986,6
19768,6
20559,6
25043,6
13988,6
8434,6
10798,6
21969,6
15157,6
24767,6
13065,6
24767,6
10564,6
19575,6
19575,6
21063,6
3189,6
3189,6
5111,6
22514,6
14839,6
17474,6
10171,718
16503,718
9612,718
6382,718
13943,718
10055,718
14417,718
30882,718
24734,718
14883,718
20119,718
23110,718
13815,718
29441,718
15113,718
14009,718
22108,718
10171,718
2604,718
23837,718
8025,718
19922,718
16485,718
10720,718
10478,718
29846,718
8614,718
27320,718
31803,718
11237,718
12605,718
2134,718
22835,718
1176,718
14371,718
29672,718
29672,718
30874,718
29644,718
3548,718
16887,718
8649,718
31297,718
10877,718
10035,718
11938,718
30434,718
10652,718
31207,718
26247,718
12226,718
27059,718
29277,718
21386,718
15574,718
29827,718
28933,718
29277,718
14905,718
4277,718
13817,718
30808,718
25795,718
11027,718
24903,718
10570,718
24943,718
29433,718
17959,718
13948,718
16097,718
6426,718
28407,718
13797,718
8535,718
17027,718
17796,718
15401,718
8535,718
21855,718
745,718
25853,718
9272,718
11021,718
18153,718
25297,718
21037,718
10338,718
14312,718
6426,718
10513,718
16325,718
15232,718
4923,718
23434,718
11149,718
19222,718
29767,718
10500,718
9385,718
25834,718
2878,718
17533,718
20476,718
12624,718
11494,718
16104,718
16270,718
22751,718
25136,718
21172,718
27764,718
9549,718
27105,718
28076,718
6338,718
8891,718
28076,718
14034,718
19977,718
6338,718
8891,718
6741,718
19651,718
6340,718
21519,718
17200,718
12929,718
14944,718
623,718
11186,718
20551,718
10835,718
20240,718
24783,718
10834,718
12443,718
23447,718
8122,718
28398,718
11331,718
25109,718
25109,718
16132,718
15969,718
4369,718
15870,718
8825,718
26640,718
19831,718
23959,718
11038,718
21303,718
28398,718
15319,718
8967,718
17622,718
26640,718
14956,718
6265,718
20972,718
31673,718
27202,718
27860,718
16150,718
21942,718
7340,718
2251,718
13888,718
19163,718
18482,718
19654,718
25686,718
12051,718
14476,718
31647,718
24758,718
21179,718
23820,718
13384,718
16199,718
9473,718
22514,718
13910,718
13735,718
17750,718
9593,718
6913,718
7244,718
19690,718
27656,718
24783,718
27656,718
25314,718
19739,718
19739,718
4197,718
15534,718
30533,718
15407,718
14602,718
19265,718
26054,718
17666,718
19491,718
16713,718
24532,718
19801,948
3315,948
29074,948
897,948
9227,948
11421,948
28023,430
19461,430
20804,430
8243,430
3836,430
30602,430
25044,430
11617,430
429,430
18488,430
23812,430
12845,430
29768,430
19788,430
10367,430
9212,430
24303,430
24639,430
31099,430
13393,430
32000,430
9923,430
20595,430
26238,430
6837,430
3927,430
14311,430
22097,430
14279,430
2700,430
12186,430
10188,430
26626,430
21405,430
29663,430
4293,430
13316,430
2372,430
30658,430
7295,430
7148,430
1814,430
13686,430
21998,430
28433,430
27769,430
23846,430
6172,430
19902,189
25132,189
120,189
7465,189
26356,189
10197,189
15062,189
31383,189
1908,189
29101,189
13861,189
23660,189
4845,189
14252,189
14626,189
10296,189
12183,189
14209,189
14973,189
28669,189
15026,189
26142,189
14328,189
9296,189
12159,189
24796,189
27847,189
2255,189
9525,189
23591,189
8820,189
11514,189
13282,189
22263,189
13246,189
31403,189
25357,189
9635,189
14389,189
8195,189
30634,189
29245,189
15895,189
17969,189
28658,189
162,189
28808,189
24469,189
24677,189
30270,189
22936,189
16580,189
18001,189
15181,189
15811,189
18324,189
13600,189
19919,189
15310,189
6133,189
31183,189
14172,189
29093,189
29823,189
16516,189
925,189
925,189
31571,356
15116,356
17587,356
11456,356
1530,356
30695,356
31518,356
18045,356
18669,356
9373,356
26860,356
905,356
715,356
6882,356
28094,356
22579,356
4032,356
5695,356
9268,356
20455,356
30565,356
6102,356
19463,356
12191,356
6102,356
5060,356
1539,356
4846,356
30695,356
28222,356
3645,356
28222,356
6339,356
30695,356
30695,356
3645,356
15421,356
6748,356
310,356
22826,356
224,497
1806,497
133,497
13570,497
25369,497
2344,497
318,497
243,497
19808,497
19808,497
17006,497
275,497
11984,497
25369,497
1167,497
11457,497
11984,497
1167,497
11984,497
11984,497
20690,497
11984,497
2270,497
5257,497
5432,497
1167,497
15758,497
15758,497
2270,497
5835,497
5835,497
13570,497
11457,497
22192,456
15867,456
29364,456
9311,456
5697,456
1591,456
8513,456
6652,456
26765,456
13567,456
9311,456
21093,456
22888,456
18930,456
20660,456
9905,456
11838,456
2080,456
17863,456
7629,456
19676,456
10304,456
22116,456
23570,456
19968,456
23463,456
17432,456
16657,456
22182,456
9194,456
16866,456
22192,456
24142,456
24579,456
2555,456
16364,456
20423,456
20423,456
20541,456
4700,456
27175,456
21273,456
30456,456
27201,456
24579,456
5969,456
12999,456
14355,456
8375,456
2630,456
17978,456
16512,456
27201,456
22822,456
21072,456
25903,456
20816,456
20816,456
24145,456
21498,456
25383,456
6118,456
16909,456
16807,456
19296,456
19296,456
30980,456
18474,456
13946,456
30502,456
18292,456
22928,456
10192,456
14912,456
30132,456
16684,456
5532,456
19676,456
10857,456
20185,456
28598,456
7902,456
23496,456
25217,456
22034,456
25675,456
6240,456
15867,456
20747,456
11677,456
28777,456
8532,456
20040,456
2947,456
22779,456
18158,456
2690,2
8084,2
11002,2
10706,2
2609,2
2530,2
3586,2
11387,2
3903,2
7586,2
10231,2
11241,2
1788,2
2457,2
15608,94
18738,94
16562,94
6074,94
28714,94
28872,94
15263,94
27555,94
26068,94
24377,94
26128,94
2490,94
10796,94
20235,94
18741,94
9965,94
11406,94
21403,94
26480,94
20532,94
23192,94
15348,94
28538,94
9882,94
9114,94
14142,94
10764,94
1880,271
4832,271
28183,271
6005,271
8796,271
5128,271
3444,271
6046,271
6076,271
14636,271
7816,271
14212,271
20074,271
18520,271
21648,271
1215,271
800,271
2210,271
24456,271
23782,271
4873,271
3241,271
3599,271
25070,271
8407,271
9872,271
18386,271
28103,271
14994,271
30237,271
18896,271
10927,271
13191,271
12511,271
29237,271
27262,271
22686,271
24701,271
1618,271
9639,271
31705,271
6078,271
6651,271
2703,271
4863,271
24510,271
27653,271
28195,271
30255,271
821,271
28195,271
4119,271
15607,271
7410,271
31424,271
29941,271
27705,271
30255,271
11236,271
14856,271
5618,271
11558,271
3778,271
1163,271
3867,271
2039,271
19406,271
15413,271
13213,271
25230,271
20757,271
23290,271
21509,271
7053,271
23838,271
31316,271
22700,271
19094,271
24786,271
8257,271
29281,271
6916,271
2534,271
25221,271
8173,271
31008,271
16066,271
26198,271
21565,271
25922,271
29884,271
18543,271
15989,271
21588,271
22269,271
11306,271
3878,271
21985,271
22858,271
27882,271
30303,271
1361,271
26811,271
14896,271
24411,271
26307,271
27549,271
29722,271
4909,271
4303,271
21751,271
15192,271
9874,271
21360,271
17610,271
31468,271
28682,271
4169,271
28829,271
7357,271
23591,271
26382,271
30019,271
30918,271
18349,271
24750,271
27225,271
3963,271
23273,271
24042,271
26382,271
24986,271
1498,271
7123,271
21900,271
12856,271
28249,271
974,271
28249,271
20097,271
15654,271
2992,271
9829,271
30562,271
2643,271
21539,271
21506,271
22477,271
15819,271
25397,271
11190,271
3393,271
18534,271
25349,271
1269,271
11913,271
13738,271
29056,271
24570,271
12135,271
25854,271
9570,271
13525,271
4368,271
28190,271
29748,271
14694,271
27655,271
20528,271
4424,271
5093,271
9343,271
17155,271
23355,271
25209,271
30110,271
30094,271
7606,271
888,271
5266,271
13369,271
10475,271
5909,271
1792,271
25689,271
29487,271
21657,271
16326,271
31459,271
19153,271
3895,271
29715,271
28241,271
1846,271
11342,271
22593,271
2715,271
31102,271
8094,271
28242,271
1600,271
30339,271
30535,271
26913,271
31028,271
3755,271
12379,271
21003,271
31028,271
6730,271
12355,271
28769,271
28769,271
17476,271
9887,271
1803,271
5292,271
21747,271
27744,271
24928,271
5377,271
29454,271
30188,271
24788,271
16624,271
21658,271
12638,271
8128,271
4228,271
31391,271
16930,271
19793,271
6691,271
15606,271
20320,271
26267,271
8030,271
21767,271
10737,271
26748,271
17953,271
26060,271
11741,271
24232,271
19174,271
20618,271
685,271
20787,271
21349,271
19914,271
28522,271
20529,271
18376,271
1286,271
19460,271
23101,1021
19833,1021
21981,1021
18177,1021
32220,1021
24629,1021
6849,1021
20435,1021
28915,1021
28915,1021
5742,1021
6075,1021
23877,1021
18177,1021
26877,1021
24626,1021
3588,1021
21658,1021
25578,1021
15856,1021
4582,1021
20765,1021
26634,1021
24645,1021
12203,1021
7064,1021
27231,1021
29941,1021
30013,1021
3281,1021
16856,1021
30227,1021
3286,1021
23790,1021
29906,1021
28192,1021
23400,1021
18111,1021
17897,1021
26207,1021
24008,1021
24044,1021
32397,1021
29756,1021
17372,1021
8159,1021
6849,1021
30149,1021
26030,1021
6636,1021
22904,1021
26560,1021
31482,1021
9447,1021
5518,1021
21272,1021
11281,1021
18398,1021
30642,1021
32536,1021
23263,1021
21349,1021
16818,1021
31851,1021
29109,1021
32515,1021
3224,1021
773,1021
1327,1021
28127,1021
21444,1021
19842,1021
21444,1021
22361,1021
29877,1021
5754,1021
16057,1021
4370,1021
32352,1021
5742,1021
20605,1021
7869,1021
27691,1021
27691,1021
26861,1021
13868,1021
29877,1021
11130,1021
24875,1021
31545,1021
12961,1021
24721,1021
28249,1021
28751,1021
28751,1021
31545,1021
28751,1021
32515,1021
10431,1021
24044,1021
22470,1021
15939,1021
16827,1021
25832,1021
26285,1021
26285,1021
25832,1021
11187,1021
24046,1021
1163,1021
28825,1021
29949,1021
28967,1021
32509,1021
23863,1021
23863,1021
5982,1021
15222,1021
11813,1021
29551,1021
27119,1021
32515,1021
29886,1021
9645,1021
7125,1021
13118,1021
13332,1021
21220,1021
30191,1021
7278,1021
32270,1021
2694,1021
32223,1021
8038,1021
22715,1021
29223,1021
8775,1021
32270,1021
21649,1021
32324,1021
30900,1021
30781,1021
7758,1021
9920,1021
32057,1021
30388,1021
20957,1021
26329,1021
25954,1021
17119,1021
25515,1021
3496,1021
24626,1021
9807,1021
29223,1021
32223,1021
25603,1021
28358,1021
32497,1021
27720,1021
18503,1021
32223,1021
11446,1021
8594,1021
32223,1021
24548,1021
32223,1021
22583,1021
31561,1021
9629,872
24219,872
21211,872
14802,872
9638,872
14361,872
845,872
4046,872
2952,872
3100,872
26216,872
16183,872
5103,872
10716,872
2967,872
12167,872
1472,872
586,872
4458,872
10899,872
27416,872
2522,872
13295,872
18037,872
17716,872
10308,872
20764,872
9439,872
17352,872
4629,872
17232,872
28637,872
16870,872
5317,872
14460,872
18297,872
13963,872
12652,872
27640,872
4684,872
8805,872
30808,872
933,872
13593,872
27513,872
30752,872
12962,872
19932,872
16915,872
8681,872
28882,872
10200,872
2787,872
20269,872
16851,872
7633,872
7694,872
2386,872
3790,872
12230,872
4622,872
3549,872
3308,872
1797,872
29270,872
12403,872
20059,872
4691,872
2093,872
12318,872
16634,872
16925,872
5188,872
4354,872
9656,872
12745,872
9470,872
29992,872
28491,872
17016,872
1905,872
13199,872
29310,872
1201,872
9413,872
5071,872
18106,872
6087,872
17386,872
7895,872
28898,872
9629,872
20500,872
21942,131
16182,131
26120,131
26120,131
15107,131
26441,131
25291,131
20890,131
25866,131
21749,131
22226,131
26746,131
27399,131
13409,131
8510,131
8766,961
509,961
5419,961
2427,961
19594,961
13133,961
1802,961
24654,961
23250,961
308,961
31585,961
6703,961
11153,961
18517,961
8804,961
29177,961
29893,961
29438,961
9698,961
26466,961
22512,961
16757,961
12383,961
13956,961
24098,961
11159,961
14392,961
29028,961
18222,961
19196,961
8435,961
24336,961
11442,961
5441,961
20555,961
21230,961
2582,961
29704,961
30065,961
31099,961
8648,961
15773,961
10240,961
1635,961
12495,961
3768,961
9384,961
3306,961
6099,961
32295,961
27397,961
32505,961
22965,31
18055,31
23582,31
17031,31
26067,31
25064,31
17012,31
9014,31
16459,31
5915,31
11317,31
21623,31
22962,31
25567,31
27270,31
16449,31
13372,31
570,31
8500,31
15986,31
8871,31
14875,31
908,31
19386,31
26483,31
25428,31
25202,31
7488,31
1903,31
28026,31
7411,31
7488,31
8745,31
20373,31
7488,31
8745,31
17055,31
23052,31
25454,31
7334,31
6944,31
17329,31
2748,31
9561,31
15476,31
13702,31
7300,31
15340,31
7061,31
10412,31
13934,445
14149,445
3056,445
23793,445
10681,445
5634,445
2727,445
10163,445
26903,445
7549,445
23459,445
29143,445
23427,445
15418,445
17923,445
16453,445
10624,445
17551,445
10933,445
14535,445
9363,445
31263,445
15803,445
26552,445
1126,445
1115,445
5002,445
6908,445
15455,445
6869,445
32000,445
11713,445
14399,445
29703,445
31813,445
17557,445
30307,445
24734,445
23824,445
30188,445
25643,445
8485,445
21828,445
28384,445
31053,445
8790,445
26379,445
25553,445
15898,445
28184,445
11055,445
6262,445
22541,445
27120,445
13305,445
29988,445
13035,445
21456,445
23303,445
20975,445
23281,445
2117,445
9560,445
25616,445
31450,445
954,445
20134,445
27728,445
23728,445
29462,445
31453,445
30914,445
25876,445
22457,445
21454,445
25803,445
22620,445
29743,445
21460,445
15363,445
22597,445
20951,445
11951,445
27045,445
31724,445
15773,445
18180,445
2130,445
9318,445
25973,445
14220,445
24530,445
19385,445
31571,373
13297,373
19043,373
3691,373
29702,373
14295,373
14400,373
25448,373
28006,373
15120,373
10976,373
15551,373
928,373
6143,373
20813,373
14845,373
7283,373
6115,373
10512,373
4231,373
648,373
28921,373
30735,373
2355,373
13243,373
30565,373
26000,373
10713,373
16804,373
16351,373
26000,373
648,373
25823,373
7273,373
7122,373
27650,373
9125,373
2204,373
22724,373
17900,373
7934,373
6133,373
23113,373
8773,373
17175,373
32101,373
13474,373
32101,373
17319,373
12841,373
23151,373
9125,373
16308,373
29634,331
11039,331
17175,331
7457,331
5382,331
16757,331
27630,331
24260,331
28509,331
7020,331
23213,331
13628,331
17388,331
15793,331
31032,331
21792,331
7956,331
14535,331
6878,331
4112,331
5560,331
18537,331
16636,331
32096,331
5129,331
7564,331
13280,331
27552,331
28918,331
27409,331
2990,331
29405,331
31684,331
28658,331
7406,331
31720,331
8018,331
17661,331
9940,331
4312,331
8068,331
17206,331
16797,331
8820,331
27391,331
22204,331
23270,331
14048,331
26871,331
4471,331
15162,331
21961,331
2561,331
13010,331
3905,331
31580,331
8446,331
30101,331
15801,331
31142,331
8099,331
27780,331
9875,331
4606,331
4398,331
31120,331
21184,331
5399,331
5399,331
29369,331
6888,331
13983,331
4844,331
3267,331
26017,408
11810,408
25826,408
14528,408
15209,408
11141,408
15615,408
2589,408
27154,408
23157,408
11141,408
9390,408
14097,408
6357,408
8440,408
21649,408
16521,408
2992,408
12259,408
25665,408
25342,408
22427,408
30545,408
15209,408
17967,408
25103,408
25103,408
30261,408
6357,408
26621,363
9319,363
12501,363
23595,363
14300,363
1562,363
31720,363
31235,363
19004,363
27218,363
12785,363
4571,363
9201,363
9358,363
2882,363
10785,363
28590,363
3079,363
30125,363
28590,363
29054,363
29357,363
27795,363
31772,363
18830,363
24098,363
8670,363
11505,363
12875,363
954,363
22390,363
3503,363
17388,363
31450,363
30188,363
17957,363
3337,363
25343,363
12742,363
6703,363
15773,363
2066,363
2966,363
15273,478
14489,478
14017,478
12001,478
243,478
2402,478
16405,478
30908,478
1738,478
16372,478
21610,478
2649,478
30420,478
4552,478
17696,478
32240,478
19623,478
19623,478
9104,478
16351,478
18950,478
26404,478
26428,900
3657,900
15041,900
28689,900
24303,900
21009,900
15693,900
25493,900
10142,900
29047,900
32445,900
23707,900
28300,900
11660,900
23361,900
28218,900
7348,900
25105,900
10131,900
22068,900
25068,900
18145,900
28922,900
21896,900
29395,900
9588,900
4696,900
27147,900
16651,133
27668,133
25866,133
18871,133
6353,133
17384,133
25291,133
14095,133
3355,133
19184,133
24313,133
24869,133
23175,133
14277,133
10915,133
17798,133
9193,133
7564,133
21365,133
15130,133
20779,133
18949,133
24217,133
6374,21
1065,21
14236,21
345,21
17579,21
5451,21
679,21
22671,21
19159,21
16821,21
5503,21
13085,21
9715,21
8443,21
14379,21
10039,21
15367,21
19744,21
21035,21
21035,21
287,21
4172,21
32060,670
29559,670
7345,670
14108,670
13949,670
14205,670
5671,670
6162,670
4762,670
12218,670
18560,670
474,670
18419,670
10727,670
16361,670
15242,670
8062,670
16725,670
21624,670
15853,670
19272,670
26816,670
3788,670
30865,670
12961,670
30900,670
30299,670
28497,670
5857,670
12904,670
32064,670
5848,670
17232,670
24795,670
19173,670
22886,670
22522,670
4334,670
4334,670
22288,670
21048,670
3345,670
29957,670
20894,670
31881,670
25336,670
30226,906
26844,906
31323,906
29840,906
14669,906
456,906
2372,906
30015,906
30376,906
16615,906
5389,906
27694,906
16475,906
8306,906
14890,906
7874,906
32333,906
4141,906
22098,906
5360,906
23079,906
8069,906
15377,906
21011,906
753,906
28072,906
28935,906
17762,906
8291,906
6059,906
572,906
30398,906
23729,906
28427,906
30939,906
14643,906
31726,906
31726,906
599,906
3841,906
21043,906
27754,906
25322,906
28279,906
22012,906
32201,906
25172,906
12565,906
23024,906
11115,906
23711,906
19068,906
31320,906
30086,690
23,690
546,690
5664,690
12215,690
13075,690
14099,690
8919,690
2773,690
10552,690
4484,690
3682,690
14099,690
30674,690
29164,690
30978,690
8039,690
13542,690
1798,690
30086,690
17505,690
24793,690
30674,690
2346,690
5565,690
19155,690
11826,690
25402,690
5969,690
20757,690
27599,273
125,273
6935,273
3971,273
13558,273
21647,273
5435,273
26132,273
21588,273
7377,273
18899,273
23112,273
29149,273
2415,273
1054,273
29748,273
31761,273
8124,273
1613,273
21137,273
20031,273
21137,273
31761,273
15239,273
1626,273
8440,273
19531,273
28104,273
7033,273
23940,273
27204,273
7033,273
22968,273
27040,273
2176,273
5618,273
19148,273
24962,273
22947,273
22575,273
3283,273
29118,273
25914,273
15606,273
26537,273
2643,273
15664,273
23834,273
26232,273
18215,273
21550,273
29921,273
12219,273
17662,273
21563,273
19202,273
24468,273
8480,273
6490,273
24374,273
3050,273
12861,273
20233,273
27329,273
18769,273
31780,273
6244,273
27911,273
25366,273
27750,273
15751,273
23360,273
26799,273
1984,273
6202,273
7579,273
24874,273
15671,273
28173,273
28173,273
19918,584
2000,584
29112,584
17845,584
3147,584
30485,584
10074,584
20487,584
24885,584
8082,584
13494,584
27271,584
8083,584
7240,584
5563,584
7846,584
9389,584
19428,584
10036,584
31133,584
19666,584
24729,584
12358,584
4376,584
23860,584
30714,584
30311,584
14972,584
23080,584
15185,584
25793,584
22018,584
3731,584
16798,584
29028,584
22042,584
5891,584
8399,584
23678,584
11593,584
24969,584
1721,584
11440,584
16234,584
11760,584
6015,584
12655,584
7347,584
25542,584
22753,584
31504,584
8496,584
7073,584
14504,584
20263,584
18078,584
16784,584
7723,584
27683,584
28082,584
31675,584
22432,584
19045,584
14536,584
27389,584
24336,584
6254,584
22665,7
17868,7
14355,7
15814,7
18656,7
14224,7
17014,7
16996,7
16718,7
21947,7
21852,7
7269,7
18589,7
8564,7
9279,7
25769,7
21947,7
18673,7
13403,7
5950,7
15966,7
5048,7
19926,7
6221,7
16994,7
15157,7
14055,7
13749,7
6043,7
24031,7
18733,7
18331,7
21181,7
20288,7
18367,7
19512,7
15737,7
17711,7
16954,7
17711,7
16954,7
9141,7
18633,7
18633,7
11121,7
19103,7
16137,7
16137,7
3125,7
23174,7
23110,7
11063,7
21483,7
8649,7
8966,7
1760,7
22692,7
22692,7
2527,7
15113,7
18682,7
12060,7
29226,646
7204,646
6462,646
8165,646
13630,646
31299,646
26956,646
26472,646
9476,646
23790,646
7943,646
11729,646
14738,646
13644,646
12109,646
32253,646
4694,646
18944,646
24051,646
6020,646
8326,646
9472,646
9378,646
19100,646
3212,646
25738,646
24897,646
30335,646
12301,646
31401,646
30432,646
7099,646
21809,646
28073,646
15592,646
31713,646
25047,646
7668,646
17619,646
14288,646
23871,646
28919,646
22485,646
29824,646
14682,646
5403,646
26433,646
30798,646
18681,646
27108,646
32151,646
27108,646
13369,646
13704,646
30573,646
16697,646
10201,646
5041,646
26730,646
31984,646
23013,646
23013,646
13956,646
27660,646
20035,646
18030,646
12542,646
14614,646
31288,646
10762,646
22686,646
28242,646
26591,646
18253,646
2975,646
4169,646
12181,646
13521,646
12739,646
6831,646
19114,646
19114,646
24080,646
31438,646
31364,646
31364,646
24080,646
19234,646
13744,646
27860,646
18534,646
16967,646
10978,646
30757,646
32111,646
28863,646
26467,646
1336,646
24570,646
24889,646
3989,646
4368,646
30769,646
26304,646
6286,646
12410,646
24695,646
20965,646
23466,646
13640,646
4339,646
5120,646
31736,646
20876,646
10594,646
28127,646
19098,646
1767,646
24510,646
6590,646
9109,646
28277,646
16839,646
12813,646
16125,646
20959,646
22750,646
18215,646
9166,646
6590,646
14733,646
17901,646
14733,646
21382,646
7218,646
30456,646
32262,646
26301,646
31405,646
28540,646
831,646
28540,646
25016,646
16571,646
19556,646
28807,646
20959,646
25698,646
27769,646
24747,646
31485,646
24603,646
1910,646
28952,646
4227,646
11361,646
29570,646
11975,646
24080,646
18723,646
27106,646
21900,646
28977,646
7678,646
32091,646
21656,646
23510,646
23510,646
30819,646
12688,646
30819,646
11448,646
4551,646
19035,646
7784,646
26069,646
17610,646
24689,646
19762,646
889,646
22110,646
31444,646
4801,646
11670,646
29494,646
20612,646
25366,646
8168,646
29273,646
21797,646
32108,646
12888,646
8901,646
24370,646
17617,646
9175,646
30761,646
7511,646
4621,646
3975,646
1197,646
30065,646
16979,646
31545,646
26195,646
19123,646
31473,646
24042,646
6506,646
8367,646
29077,646
32222,646
26938,646
15426,646
9963,646
7123,646
16473,646
13453,646
24214,646
29715,646
28577,646
15346,646
13453,646
5196,646
11856,646
27928,646
31983,646
20538,646
9752,646
19226,646
23857,646
9067,646
6546,646
12039,646
31067,646
22871,646
2152,646
10724,646
26233,646
7530,646
22904,646
16742,646
23511,646
7185,646
31102,646
18896,646
5377,646
24403,646
31006,646
17062,646
8837,646
23791,646
22575,646
27549,646
11014,646
8781,646
11813,646
7522,646
6460,646
10803,646
10614,646
16181,646
31336,646
18087,646
28913,646
19052,646
9760,646
31440,646
6165,646
31904,646
18456,646
22322,646
19646,646
29935,646
21342,646
18277,646
24380,646
27671,646
3983,646
18117,646
3755,646
30609,646
1848,646
20262,646
30487,646
30487,646
21476,491
7858,491
13438,491
5163,491
30183,491
22337,491
1547,491
16365,491
14823,491
28498,626
19537,626
15838,626
17710,626
13639,626
30960,626
15902,626
3428,626
1832,626
14618,626
2894,626
20312,626
16257,626
10286,626
17241,626
9529,626
9417,626
22999,626
9417,626
5891,626
1506,626
9113,626
23153,626
8414,626
5630,626
5723,626
4390,626
29269,626
24647,626
28498,626
24383,626
3813,626
9018,626
7954,626
30921,626
11873,626
25870,626
19687,626
23106,626
20065,626
9822,626
11042,626
7932,626
5095,626
17473,626
11544,626
23010,626
32359,626
5508,626
29948,626
3653,626
29055,626
9273,626
20470,626
29415,626
19042,626
12404,626
1254,626
4773,626
3824,626
29724,626
29974,626
11816,626
31987,626
5634,303
2126,303
22044,303
24734,303
10692,303
29487,303
1428,303
6140,303
237,303
2593,303
2048,303
701,303
18350,303
130,303
10983,303
626,303
18340,303
2067,303
31123,303
5299,303
17180,303
11312,303
11593,303
1611,303
21770,303
18892,303
11906,303
23147,303
24011,303
4144,303
9364,303
7567,303
3532,303
31932,303
4332,303
7207,303
5990,303
16882,303
23777,303
31502,303
5223,303
29967,303
17950,303
2876,303
10898,303
6573,303
18972,303
30881,303
841,303
731,303
1602,303
12952,303
2874,303
30115,303
3925,303
31776,303
23812,303
15878,303
27867,303
15909,303
1070,303
13366,303
24123,303
23253,303
2590,303
17557,303
28692,303
27450,303
11710,303
12145,303
18932,303
10886,303
4779,303
31099,303
7260,303
16036,303
2353,303
6135,303
13509,303
16903,303
29880,303
22569,303
28105,303
28410,303
20344,303
19322,303
19206,303
22589,303
7315,303
24520,303
17480,303
6343,303
18350,303
1787,303
954,303
25553,303
9414,303
30657,303
2117,303
25888,303
10103,303
24600,303
6703,303
18826,303
28720,303
31311,303
3885,303
31724,303
24893,303
24570,303
15773,303
30702,303
31042,303
904,303
7700,303
24570,303
28849,303
25504,303
11241,303
17350,407
31450,407
5049,407
2008,407
1304,407
32033,407
22284,407
18896,407
8006,407
30768,407
20228,407
26296,407
21721,407
9152,407
9152,407
3244,407
16571,407
3286,407
13558,407
25349,407
3286,407
11813,407
28978,407
28178,407
30496,407
21779,407
24126,407
27351,407
7047,407
31248,407
10595,407
9645,407
31364,407
22869,407
9472,407
30024,407
4809,407
32166,407
18915,407
24162,407
20262,407
21052,407
31713,407
31005,407
20949,407
22427,407
31005,407
25342,407
25342,407
5887,407
7905,407
25954,407
4971,407
12301,407
31787,407
30595,407
30335,407
28104,407
30784,407
19338,407
31312,407
10160,407
18947,407
18947,407
30784,407
30335,407
30784,407
9115,407
30261,407
4943,407
7992,407
19360,407
14793,407
11144,407
1695,407
1695,407
28879,407
7354,407
24913,407
10310,407
7285,407
7278,407
13243,407
7992,407
29589,407
12334,407
7354,407
7278,407
14793,407
14793,407
13365,407
12334,407
21721,407
14976,407
29525,407
15302,407
13276,407
28118,407
31830,407
29478,407
29478,407
31108,407
21130,407
10960,407
2989,1043
20625,1043
12252,1043
6946,1043
29134,1043
804,1043
12687,1043
15801,1043
27503,1043
7978,1043
31235,1043
27983,1043
13531,1043
1720,1043
3140,1043
32430,1043
975,1043
31775,1043
20856,1043
25418,1043
12826,1043
29545,1043
22937,1043
643,1043
22703,1043
7330,1043
21838,1043
7330,1043
8615,1043
24537,1043
5629,1043
11191,1043
3576,1043
3576,1043
16116,1043
4103,1043
29189,1043
14415,1043
29233,1043
19760,1043
804,1043
29779,1043
22937,1043
4355,1043
28658,1043
25189,1043
27822,1043
28725,1043
5110,1043
27862,1043
7729,1043
27563,1043
32430,1043
8537,1043
13117,608
5449,608
19565,608
21155,608
6364,608
1613,608
10697,608
22025,608
12651,608
23891,608
13865,608
13101,608
16446,608
7547,608
26905,608
7160,608
26035,608
6925,608
15606,608
13579,608
6173,608
29040,608
5747,608
3562,608
31039,608
31326,608
15954,608
16038,608
19981,608
26468,608
15629,608
5295,608
17872,608
17606,608
11426,608
25719,608
220,608
5384,608
16271,608
17592,608
32156,608
20998,608
7851,608
13549,608
11449,608
29967,608
30818,608
12162,608
10930,608
13753,608
20815,608
10609,608
4847,608
21050,608
14618,608
3383,608
30489,608
8783,608
22080,608
1241,608
932,608
10030,608
18632,608
21123,608
28430,608
2152,608
23876,608
13126,608
531,608
28202,608
19237,608
3301,608
4021,608
21707,608
3022,608
32246,608
5673,608
967,608
17710,608
16591,608
3346,608
29164,608
878,608
11004,608
32125,608
1329,608
8948,608
17461,608
13613,608
3680,608
32097,608
6886,608
21461,608
9814,608
25860,608
2466,608
5074,608
16215,608
13222,608
574,608
23712,608
5301,608
7783,608
7461,608
17407,608
13875,608
14462,608
12268,608
2784,608
18523,608
19422,608
19455,608
7075,608
31857,608
26831,608
20920,608
21399,608
31322,608
29005,608
30067,608
30749,608
27470,608
5039,608
27343,608
1692,608
1170,608
15024,608
3951,608
20659,608
13001,608
15645,608
12805,608
25305,608
21634,608
24998,608
31527,608
24779,608
27886,608
7725,608
12587,608
15937,608
27589,608
11873,608
2049,608
9963,608
23519,608
13317,608
26664,608
21897,608
20252,608
12588,608
11641,608
10894,608
16307,608
22978,608
29813,608
18609,608
17159,608
29130,608
9953,608
28857,608
31264,608
22680,608
25679,608
15359,608
3417,608
2166,608
14831,608
31320,608
936,608
349,608
9233,608
13343,608
16112,608
31413,608
20324,608
13087,608
5227,608
13436,608
15294,608
18487,608
24042,608
25113,608
29724,608
11842,608
12466,608
4227,608
18837,608
5673,608
32501,966
19859,966
28989,966
5403,966
29985,966
26392,966
4517,966
10003,966
26257,966
26189,966
11196,966
9919,966
118,966
28918,966
32239,966
32109,966
21283,966
30226,966
25198,966
23840,966
27400,966
27163,966
10608,966
31183,966
31422,966
4538,966
13416,966
16765,966
23168,966
12918,966
28764,966
31922,966
28829,966
5724,966
29701,966
30511,966
28899,966
10974,966
11347,966
16012,966
6844,966
17334,966
16976,966
27739,966
25573,966
30080,966
118,966
31187,966
21517,966
18305,365
25186,365
9548,365
31735,365
23876,365
31679,365
16037,365
20146,365
31521,365
13052,365
15703,365
17524,365
19407,365
27219,365
13141,365
25801,365
15890,365
9987,365
1492,365
8435,365
27250,365
11473,365
17123,365
17631,365
2367,365
28435,365
2155,365
29054,365
24303,365
27053,365
21020,365
5270,365
22867,365
31353,365
12049,365
25252,365
21325,365
31606,365
10435,365
7091,365
5809,365
13203,365
15804,365
8369,365
15048,365
23728,365
9861,365
15455,365
24634,365
31806,365
4855,365
9448,365
19285,365
29432,365
4884,365
27575,365
14232,365
16861,365
31963,365
21859,365
13209,365
3181,365
20935,365
20413,365
17780,365
12124,365
27322,365
30352,365
1938,365
21503,365
3967,365
28185,365
12718,365
15097,365
29543,365
29543,365
25321,365
14354,365
13433,365
15150,365
17590,365
10609,365
29712,365
18243,365
10192,365
21451,365
31470,365
11730,365
16360,365
12585,365
4321,365
8616,365
28850,365
21156,365
11221,365
15246,453
30494,453
26609,453
12535,453
29917,453
7649,453
2884,453
3614,453
15740,453
17100,453
10142,453
13614,453
9786,453
9012,453
28359,453
28956,453
12866,453
12520,453
749,453
24547,453
2757,453
9012,453
9012,453
21639,453
27498,453
21854,453
10358,453
22924,453
3861,453
6688,453
17292,453
25584,453
31198,453
8567,453
23298,453
12967,453
31436,453
20182,453
848,453
26383,453
7562,453
10982,453
3971,263
18305,263
5449,263
17124,263
16125,263
1060,263
19092,263
27781,263
14901,263
21904,263
9187,263
14347,263
9548,263
23673,263
14733,263
421,263
31220,263
19278,263
21448,263
31202,263
12570,263
518,263
23533,263
28658,263
30544,263
7447,263
18773,263
518,263
29588,263
17516,263
17062,263
25529,263
18179,263
8539,263
1184,263
25030,263
20595,263
13677,263
16689,263
5499,263
11504,263
6881,263
24506,263
27781,263
9108,263
12860,263
27781,263
10989,263
26657,263
17621,263
10565,263
12867,263
1826,263
10989,263
14378,263
15048,263
5003,263
5003,263
18046,263
24221,263
14378,263
1826,263
4089,263
12434,263
4227,263
29930,263
21369,263
24180,263
29119,263
19898,263
9102,263
3082,263
14646,263
29754,263
4144,263
16689,263
19192,263
21358,263
24846,263
30157,263
7587,263
31104,263
6277,263
16665,263
7593,263
24001,263
23148,263
13855,263
14646,263
13855,263
13301,263
18456,263
24766,263
28190,263
18788,263
24394,263
3388,263
25901,263
10288,263
4234,263
27027,263
22269,263
23981,263
13538,263
28642,263
22932,263
14619,263
23788,263
3049,263
28054,263
31028,263
27796,263
23356,263
26516,263
29801,263
26091,263
12298,263
3926,263
10052,263
8327,263
15599,263
28035,263
28035,263
9353,263
685,263
30618,263
25301,263
28798,263
21034,263
27741,263
5314,263
2683,263
21388,263
31384,263
28102,263
29400,263
13024,263
27523,263
31096,263
29987,263
28102,263
15664,263
27523,263
18898,263
18985,263
4924,263
28829,263
18769,263
25827,263
22485,263
29805,263
17342,263
17342,263
17891,263
22172,263
26922,263
29870,263
18842,263
14891,263
6805,263
24094,263
30175,263
19754,263
25820,263
30419,263
24008,263
17545,263
21220,263
22348,263
28412,263
17095,263
21622,263
2047,263
5982,263
30642,263
6793,263
30589,263
20489,263
20142,263
31506,263
22812,263
26831,263
20299,263
6016,263
9500,263
29148,263
23096,263
26883,263
29477,263
6725,263
6881,263
19316,263
23360,263
8401,263
9377,263
29056,263
31545,263
24042,263
25718,263
24505,263
2210,263
13617,263
31459,263
31571,371
3573,371
26999,371
14573,371
6811,371
4772,371
5236,371
7352,371
8947,371
1911,371
8742,371
31917,371
717,371
361,371
19339,371
11095,371
32000,371
14592,371
1883,371
30849,371
13076,371
31055,371
17559,371
12239,371
1883,371
10211,371
23647,371
491,371
7396,371
4473,371
19788,371
19810,371
5556,371
7721,371
10767,371
3358,371
3358,371
6259,371
5236,371
1453,371
21833,371
7339,371
1288,371
2092,371
20195,371
6391,371
12987,371
11076,371
2033,371
29048,371
7836,371
19629,371
7339,371
893,371
2043,371
7492,371
1659,371
11829,371
5236,371
16187,371
28362,371
3437,371
11053,371
25032,371
27642,371
14426,371
29054,371
22896,371
28923,371
29973,371
28692,371
9121,371
14113,371
16187,371
14426,371
28613,371
16073,371
3358,371
16073,371
1632,371
28692,371
11170,371
24020,371
29995,371
22696,371
4763,371
26658,371
21571,371
23333,371
29973,371
5236,371
3517,371
25009,371
27085,371
16185,371
21476,371
18698,371
517,371
22798,371
26295,371
18698,371
5892,371
13536,371
22564,371
23539,371
20495,371
22564,371
22599,371
19183,371
19315,371
12973,371
19594,371
29679,371
70,371
10780,371
8463,371
8463,371
22666,371
22679,371
22094,371
10933,371
16389,371
11636,371
8818,371
22448,371
21830,371
17779,371
24704,371
17779,371
5236,371
6538,371
10425,371
7277,371
18981,371
20477,371
885,371
29679,371
13612,371
56,371
6875,371
14825,371
5236,371
6048,371
19185,371
24033,371
13473,371
8513,371
15332,371
6936,371
25247,371
3751,371
357,371
357,371
70,371
1478,371
27984,371
25941,371
13892,371
22829,371
13892,371
8067,371
8067,371
8067,371
5236,371
3751,371
361,371
24064,371
1525,295
16807,295
23633,295
23633,295
26760,295
17775,295
17775,295
21040,295
11910,295
22604,295
25266,295
26252,295
19290,295
25747,295
11013,295
8025,295
19706,295
24647,531
197,531
2864,531
29688,531
2112,531
25174,531
13824,531
30236,531
26926,531
18507,531
30920,531
6022,531
701,531
18230,531
28554,531
19997,531
18560,531
12873,531
25556,531
13685,531
31876,531
24124,531
8835,531
23574,531
1189,531
14625,531
4109,531
8101,531
3087,531
23121,531
17920,531
6203,531
14233,531
20470,531
11253,531
12630,531
595,531
30807,531
13705,531
918,531
3799,531
7510,531
6189,531
25068,531
11300,531
10932,531
22990,531
755,531
10402,531
21275,531
4599,531
18980,531
26181,531
2949,531
6950,531
22571,531
5797,531
26450,531
22494,531
14199,531
5893,531
20659,531
5807,531
8878,531
1247,531
5614,531
4336,531
11462,531
14865,531
30464,531
27167,531
10813,531
13218,531
13639,531
6604,531
1953,531
12903,531
10779,531
11908,531
25352,531
27145,531
18822,531
15531,531
16370,531
6512,531
2111,531
2556,531
29603,531
15432,531
11189,531
5279,531
6883,531
8823,531
10057,531
15591,531
12937,531
4290,531
15059,531
17159,531
9927,531
18878,531
32147,531
3764,531
4161,531
4796,531
1266,531
17505,531
7391,531
18689,531
7373,531
4716,531
2070,531
11661,531
12714,531
27197,531
17064,531
3020,531
12644,531
14942,531
25346,531
29677,531
28703,531
22921,531
1555,531
7384,531
19908,531
15652,531
13340,531
7353,531
25619,531
24229,531
15578,531
11588,531
18147,531
17462,531
10741,531
7132,531
15843,531
10750,531
16619,531
23,531
1575,531
20614,531
2466,531
29308,531
10872,531
2518,531
13881,531
6113,531
11768,531
13766,531
20065,531
19225,531
7460,531
22027,531
17520,531
17439,531
9057,531
29357,531
22994,531
6458,531
21787,531
20252,531
26864,531
1205,531
15778,531
24291,531
9047,531
3594,531
23049,531
29961,531
25396,531
6058,531
21907,531
31862,531
15261,531
15964,531
20048,531
6823,531
12287,531
24262,531
2532,531
22180,531
791,531
6823,531
21929,531
20005,531
17471,531
12140,531
21498,531
18793,531
21944,531
19281,531
3635,531
23420,531
20516,531
25395,531
20729,531
16149,531
22908,531
15021,531
29042,531
10719,531
19077,531
26558,531
13560,531
25798,531
23757,531
30665,531
729,531
30514,531
26756,531
22256,531
31848,531
31439,790
601,790
102,790
2082,790
8229,790
32287,790
22614,790
426,790
27967,790
17492,790
3159,790
5,790
718,790
3237,790
23944,790
26396,790
13692,790
1976,790
13304,790
19510,790
4383,790
10921,790
4458,790
32262,790
1134,790
506,790
18595,790
14560,790
11685,790
32041,790
9537,790
19792,790
23073,790
1065,790
10298,790
17699,790
4308,790
1200,790
1402,790
30702,790
29476,790
27287,790
1402,790
10772,790
3992,790
601,790
24872,790
3159,790
31712,790
6610,790
718,790
13573,790
718,790
97,790
28491,790
28251,790
9246,790
189,790
23638,790
1715,790
6331,790
4168,790
311,790
1390,790
11658,790
17353,790
14122,790
7660,790
814,790
26390,790
25527,790
18049,790
6833,790
5208,790
15670,790
25173,790
10893,790
30246,790
601,790
9246,790
29275,790
5,790
2096,790
6610,790
3992,790
1856,790
7800,790
4127,790
9923,790
28441,790
15472,790
4837,790
9638,790
2256,790
8565,790
14881,790
579,790
29484,790
1152,790
3953,790
5890,790
1278,790
1863,790
19952,790
13260,790
13166,790
13649,790
5260,790
9789,790
604,790
31011,790
18772,790
1808,790
15328,790
4404,790
7667,790
24123,790
2554,790
4512,790
16969,790
5282,790
426,790
14662,790
12362,790
601,790
5395,790
601,790
4404,790
15857,790
9842,790
25794,790
30211,790
3190,790
298,790
15756,790
158,790
14003,790
1994,790
9770,790
2205,790
2370,790
16046,790
12831,790
5209,790
15368,790
27353,790
10161,790
1957,790
30846,790
18922,790
3250,790
7206,790
768,790
31793,790
29235,790
24947,790
26396,790
23813,790
6542,790
17226,790
13573,790
6061,790
11457,790
19829,790
601,790
24195,790
20996,790
6525,790
4708,790
24849,790
17226,790
23813,790
11499,790
9537,790
30934,790
10592,790
10336,790
1526,790
5146,790
3219,790
426,790
29643,790
1717,790
4223,790
6642,790
601,790
29643,790
601,790
1717,790
13623,790
954,790
16231,790
12213,790
12213,790
27060,790
26686,790
32219,790
32219,790
32219,790
10141,790
16511,790
16520,790
10421,790
1690,790
17423,790
9523,790
14351,790
6818,790
4182,790
6177,790
2282,790
3222,790
1391,790
2069,790
1583,790
6537,790
9247,790
2277,790
23732,790
31334,790
601,790
23798,790
7714,790
31717,790
27010,790
5,790
11000,790
18224,790
32274,790
15062,790
31532,749
26,749
41,749
14688,749
31880,749
24836,749
24641,749
24641,749
27163,749
7382,749
18503,749
2713,749
31147,749
31300,749
1216,749
14307,749
31300,749
31147,749
31532,749
31300,749
13124,749
20830,749
11195,749
5197,749
9149,749
21026,749
31880,749
1385,749
28184,749
28690,749
11299,749
2493,749
13124,749
28078,749
23649,749
30714,749
28741,749
31934,749
12666,749
2619,749
30759,749
23437,749
23437,749
20134,749
24165,749
25255,749
23695,749
17974,749
6402,749
9026,749
27475,749
10777,749
12946,749
25232,749
19688,749
23768,749
14910,749
5291,749
6810,887
29083,887
14235,887
14235,887
16855,887
30872,887
21324,887
5356,887
31074,887
31074,887
3048,887
7031,887
12950,887
18458,887
22516,887
28856,887
27778,887
25081,887
15529,887
15529,887
15529,887
18756,887
25509,887
18756,887
25509,887
25540,887
24495,887
15529,887
24495,887
21227,887
15529,887
21227,887
21227,887
19871,887
15529,887
21422,887
21422,887
26700,887
15905,156
21409,156
29638,156
9147,156
7635,156
26592,156
7448,156
24209,156
17081,156
10747,156
24074,156
17944,156
12628,156
13711,156
21329,156
19050,156
26480,156
12668,156
18287,156
8130,156
22820,156
22820,156
20883,156
12449,156
20883,156
12449,156
24074,156
1500,156
6803,156
14350,156
6194,156
15813,156
16275,156
16275,156
848,156
31386,156
29733,437
27983,437
8708,437
30853,437
1640,437
20166,437
8556,437
8556,437
5668,437
32211,437
23602,437
20931,437
15773,437
10523,437
653,437
4046,437
6104,437
7495,437
11035,437
14167,437
17788,437
24219,437
901,437
27830,437
4380,437
29369,437
8766,437
30806,437
17977,437
19537,437
24780,437
3171,437
24285,437
30812,437
29829,437
25381,437
27414,437
28829,437
30774,437
734,437
8178,437
11891,437
15938,437
13936,437
8969,437
14709,437
25005,437
30188,437
21005,437
11088,437
29079,437
30443,437
2519,437
12068,437
24688,437
31042,437
21405,437
31329,437
31724,437
19939,437
18438,437
12769,437
17574,437
22642,437
2190,437
14172,437
5221,437
18403,437
23150,437
6905,437
13328,437
4904,437
2837,573
13043,573
10151,573
2110,573
25951,573
3902,573
3575,573
4737,573
12558,573
14439,573
25235,573
12684,573
7954,573
720,573
27606,573
9542,573
1791,573
18073,573
7334,573
27386,573
9836,573
31312,573
4004,573
13565,573
14680,573
18928,573
20837,573
30042,573
19331,573
5084,901
29236,901
6010,901
12658,901
24217,901
22277,901
16490,901
7998,901
11359,901
3657,901
13827,901
1646,901
23361,901
12103,901
30692,901
29047,901
28218,901
17015,901
6551,901
25105,901
26428,901
30040,901
22068,901
26303,901
31868,901
31868,901
29395,901
29036,901
25370,901
23832,901
29048,901
17230,901
29030,901
16666,901
5594,901
5594,901
5594,901
5594,901
17516,806
16191,806
23326,806
28427,806
21371,806
18378,806
29073,806
12695,806
8936,806
25726,806
2945,806
9198,806
4107,806
13078,806
8020,806
24547,806
8298,806
24442,711
2666,711
2426,711
13960,711
15049,711
11125,711
26360,711
12326,711
15975,711
29791,711
11643,711
2699,711
27693,711
20219,711
28511,711
19688,711
13898,711
10553,711
28040,711
20378,711
4678,711
23448,711
14056,711
8277,711
8822,711
10307,1015
12733,1015
29350,1015
32528,1015
7663,1015
4003,1015
7150,1015
18940,1015
10891,1015
21891,1015
25120,1015
3559,1015
7561,1015
27736,1015
494,1015
30727,1015
21429,1015
25459,1015
26253,1015
6287,1015
26405,1015
494,1015
4269,1015
11977,1015
6283,1015
21683,1015
23328,1015
17904,1015
19696,1015
31960,1015
12531,1015
32506,1015
32376,1015
22005,1015
19021,8
12537,8
8900,8
20177,8
14842,8
11675,8
13602,8
13602,8
20806,8
10820,8
13020,8
23444,8
8582,8
23185,8
21296,575
8991,575
23512,575
1911,575
16367,575
21713,575
9111,575
9548,575
15602,575
14071,575
13104,575
24029,575
10424,575
8836,575
23248,575
19809,575
6111,575
19115,575
11404,575
14581,575
26442,575
23855,575
3206,575
9589,575
12240,575
21958,575
8131,575
12158,575
24336,575
24537,575
12399,575
26304,575
10990,575
32334,575
3160,575
31276,575
26988,575
7623,575
25580,575
6334,575
4199,575
32041,575
1357,575
6976,575
25346,575
8924,575
29618,575
32334,575
283,575
22248,575
23334,575
20985,575
31632,575
29583,575
6993,575
21805,575
7528,575
30406,575
13589,575
4869,575
17482,575
31894,575
19431,575
779,575
13955,575
22597,575
13334,575
11951,575
30879,575
25616,575
29478,575
29478,575
29478,575
29478,575
2461,575
6898,575
32334,575
9108,575
14504,575
197,534
6328,534
21248,534
10658,534
17606,534
25205,534
10151,534
2110,534
13054,534
15763,534
25137,534
19749,534
30807,534
3017,534
12938,534
22741,534
2621,534
701,534
7946,534
21389,534
8683,534
15925,534
14865,534
18752,534
1189,534
8101,534
19149,534
12283,534
8835,534
7089,534
31192,534
19848,534
1196,534
19330,534
16423,534
17056,534
23712,534
7526,534
3799,534
8001,534
5230,534
18800,534
27146,534
1919,534
14527,534
8823,534
20197,534
13639,534
18822,534
13494,534
10226,534
15365,534
1953,534
9959,534
19044,534
5448,534
26403,534
25174,534
25939,534
7510,534
13348,534
1441,534
31007,534
24608,534
1404,534
10302,534
22921,534
14338,534
26908,534
11088,534
10428,534
27145,534
188,534
14465,534
918,534
18575,534
1208,534
7449,534
5893,534
15612,534
7935,534
2000,534
4503,534
3864,534
20255,534
20030,534
11189,534
8673,534
1412,534
4796,534
12934,534
18520,534
8248,534
10497,534
24084,534
15591,534
21144,534
4290,534
3786,534
18188,534
3764,534
17592,534
17159,534
14665,534
28128,534
3229,534
7452,534
32170,534
19666,534
2115,534
7391,534
1266,534
15111,534
11908,534
18689,534
15288,534
1139,534
14970,534
13279,534
6111,534
16514,534
11661,534
23804,534
4725,534
5552,534
19819,534
2072,534
24515,534
21984,534
2688,534
27197,534
696,534
3680,534
28874,534
24226,534
11462,534
12682,534
20622,534
10999,534
8475,534
17549,534
16058,534
1021,534
22062,534
21699,534
24631,534
12191,534
15449,534
18267,534
515,534
14942,534
31719,534
28703,534
22651,534
14687,534
2112,534
2510,534
16439,534
4481,534
3072,534
31857,534
25073,534
7384,534
19908,534
24485,534
18192,534
26859,534
27236,534
10779,534
19400,534
21606,534
10402,534
17408,534
30575,534
18507,534
6205,534
16375,534
10741,534
7657,534
12266,534
13340,534
6379,534
22929,534
18697,534
4958,534
16619,534
553,534
20011,534
20614,534
25942,534
23049,534
15326,534
12976,534
17173,534
23984,534
2466,534
10057,534
29313,534
17871,534
15506,534
5725,534
20184,534
19845,534
20379,534
22176,534
24588,534
10872,534
25646,534
336,534
5862,534
26934,534
10589,534
30347,534
4329,534
31531,534
17261,534
6650,534
22550,534
25691,534
22027,534
7460,534
20232,534
4759,534
9400,534
2042,534
17906,534
26892,534
12496,534
16499,534
12521,534
30933,534
1955,534
20366,534
18140,534
22994,534
17458,534
26864,534
1955,534
15778,534
30891,534
19232,534
9047,534
3594,534
6361,534
18660,534
12204,534
25396,534
24656,534
9257,534
727,534
12257,534
10507,534
26280,534
31862,534
7791,534
30497,534
3712,534
20048,534
26585,534
17633,534
18116,534
18967,534
17989,534
1198,534
18461,534
15148,534
23956,534
13149,534
24262,534
12287,534
8134,534
1170,534
22180,534
2532,534
4110,534
21929,534
21356,534
20196,534
9434,534
26456,534
18125,534
22439,534
12891,534
23757,534
19281,534
7398,534
2820,534
13890,534
16149,534
22198,534
29042,534
26558,534
13560,534
25798,534
24226,534
24226,534
18281,534
24226,534
18281,534
1296,139
9482,139
28245,139
24127,139
1684,139
18062,139
10028,139
21138,139
17129,139
25560,139
6966,139
12228,139
1582,139
7340,139
13199,139
24930,139
6069,139
26225,139
22238,139
521,139
5796,139
14615,139
10651,139
10497,590
2185,590
7641,590
30818,590
20554,590
18632,590
319,590
16611,590
16197,590
1207,590
3016,590
8347,590
2559,590
11629,590
18018,590
9719,590
12502,590
3824,590
24733,590
80,590
1835,590
28857,590
4753,590
316,590
11502,590
8783,590
20922,590
132,590
29974,590
8253,590
6846,590
9180,590
14388,590
15690,590
900,590
29911,590
24864,590
20712,590
8690,590
10100,590
21601,590
14771,590
23466,590
5151,590
24597,590
5935,590
2037,590
29269,590
9143,590
12118,590
6023,590
9119,590
2818,590
2837,590
27587,590
15164,590
32038,590
18985,590
27738,590
14285,590
14768,590
18564,590
20271,590
22390,590
10157,590
5531,590
1802,590
18520,590
14151,590
12643,590
24490,590
29478,590
8779,590
8779,590
12502,590
8779,590
13411,590
20206,590
10485,514
19245,514
8289,514
6221,514
16751,514
10916,514
15847,514
18803,514
6513,514
17345,514
14454,514
17145,686
2633,686
102,686
1018,686
32167,686
11528,686
3746,686
7739,686
18975,686
17654,686
2427,686
16244,686
9639,686
16568,686
26931,686
9551,686
5360,686
11442,686
32268,686
19072,686
21612,686
23250,686
28074,686
9321,686
31099,686
30643,686
11019,686
23044,686
15370,686
30267,686
1825,686
32000,686
12117,686
27081,686
16655,686
2000,686
18790,686
19497,686
28095,686
24419,686
26379,686
20937,686
27089,686
29639,686
24305,686
17628,686
19493,686
31387,686
19352,686
11184,686
28090,686
9240,686
26368,686
26375,686
15773,686
2582,686
27190,686
13359,686
684,686
23262,686
13149,686
27484,1032
16401,1032
11982,1032
21228,1032
16952,1032
22696,1032
32173,1032
7782,1032
30753,1032
21178,1032
31724,1032
32546,1032
7179,1032
11554,1032
1162,184
23630,184
12173,184
2853,184
2580,184
12117,184
3426,184
31235,184
17632,184
7944,184
28974,184
14377,184
7471,184
334,184
25092,184
15900,184
7779,184
28074,184
26361,184
26534,184
1492,184
11154,184
14333,184
28003,184
30592,184
17291,184
27910,184
24709,184
3965,184
626,184
2242,184
9562,184
30233,184
3359,184
6697,184
16701,184
16432,184
24239,184
19432,184
5872,184
8956,184
1567,184
11072,184
5604,184
5368,184
7144,184
9653,184
5927,184
14510,184
15189,184
13979,184
5165,184
29872,184
1859,184
13176,184
14226,184
30223,184
9361,184
26979,46
13130,46
21621,46
9353,46
4391,46
1186,46
3638,46
23874,46
6826,46
25697,46
3995,46
2273,46
20267,46
3604,46
8143,46
11664,46
17103,46
10643,46
25913,46
20765,46
20267,46
22776,46
2869,46
19168,46
7343,46
2778,46
25729,46
5966,46
17992,46
7125,46
20585,46
28634,46
17250,46
26723,46
13410,46
14995,46
26134,46
16021,46
23903,46
6974,46
22697,46
11320,46
22105,46
27509,46
1860,46
27052,46
26947,46
12508,46
23073,46
4490,46
21213,46
4238,46
6732,46
2731,46
2272,46
865,46
13696,46
10025,46
13410,46
14675,46
4238,46
13696,46
9412,46
26338,46
27052,46
24571,46
24111,46
14495,46
18840,46
18596,46
12965,46
28273,46
16329,46
5869,46
24790,46
28334,46
9728,46
11014,46
22299,46
15011,46
2140,46
24572,46
295,46
4238,46
10529,46
5463,46
5453,46
6813,46
15233,46
21583,46
11017,46
7648,46
530,46
2280,46
11840,46
2911,46
6312,46
6612,46
26023,46
18521,46
8844,46
20305,46
27917,46
18262,46
12915,46
13007,46
13007,46
10287,46
18717,46
2222,46
5897,46
8557,46
5263,46
26678,46
8557,46
21160,46
5092,46
5812,46
13920,46
8163,46
24417,46
22625,46
24417,46
20087,46
5744,46
20087,46
16597,46
15839,46
20087,46
3564,46
16597,46
8450,46
9906,46
23961,46
923,913
11385,913
11604,913
4251,913
20257,913
2009,913
2563,913
6387,913
27867,913
5421,913
7506,913
9698,913
21544,913
32000,913
31099,913
26567,913
11159,913
26005,913
166,913
6507,913
8455,913
2515,913
27116,913
24509,913
24534,913
27015,913
4908,913
30266,913
29585,913
12495,913
31010,913
20159,913
5034,913
29411,913
28142,913
32490,913
23835,913
13149,913
27285,913
27857,913
31777,913
26946,913
25399,913
22686,913
18852,913
15008,913
24951,913
26036,913
32516,913
9758,913
15667,913
15714,913
22012,913
28184,913
32201,913
29489,913
20499,913
25403,913
15773,913
20189,913
31855,913
10929,550
1709,550
25844,550
934,550
25205,550
4013,550
12358,550
19819,550
10566,550
783,550
18560,550
12798,550
5612,550
9483,550
2776,550
11782,550
2192,550
3147,550
6710,550
5973,550
23833,550
1242,550
20258,550
14535,550
6824,550
3318,550
2366,550
4614,550
21264,550
20727,550
16426,550
27694,550
31467,550
9638,550
8320,550
7846,550
3514,550
8156,550
9258,550
4046,550
10815,550
5563,550
3274,550
18934,550
12764,550
19141,550
19674,550
12167,550
26037,550
10074,550
24729,550
27271,550
15338,550
20310,550
18270,550
5477,550
16436,550
26281,550
22631,550
11732,550
19757,550
23755,550
14881,550
2329,550
27688,550
27688,550
12136,550
25663,550
18393,550
24336,550
7038,550
15942,550
10168,550
6284,550
7010,550
24219,550
24859,550
28491,550
19968,550
22018,550
6015,550
24617,300
22874,300
18499,300
8528,300
26352,300
23395,300
18680,300
21079,300
13289,300
8410,300
17144,300
25675,300
17116,300
17060,300
29657,300
18680,300
29752,300
21726,300
17986,300
22874,300
26503,300
30653,300
9083,300
13698,300
8560,300
8560,300
29498,300
28251,265
16035,265
3672,265
30148,265
20454,265
3268,265
13327,265
27599,265
19333,265
8352,265
20199,265
4587,265
1463,265
10322,265
21027,265
18178,265
7488,265
22492,265
19493,265
21387,265
10545,265
19452,265
23876,265
25015,265
14815,265
24816,265
6596,265
31453,265
14556,265
2671,265
27527,265
2202,265
14938,265
27527,265
2465,265
19573,265
18033,265
3089,265
6603,265
5205,265
31595,265
14222,265
10265,265
2252,265
1379,265
31045,265
6723,265
3032,265
7493,265
18044,265
18638,265
24154,265
18394,265
5308,265
25685,265
8951,265
1216,265
9912,265
31411,265
3404,265
16720,265
26010,265
9205,265
26271,265
31176,265
14469,265
15324,265
16301,265
18268,265
16766,265
9571,265
17834,265
28678,265
15030,265
15386,265
15873,265
15030,265
1337,265
20929,265
11505,265
20229,265
2676,265
2369,265
16892,265
14284,265
17075,265
19453,265
30953,265
1246,265
14938,265
25782,265
15386,265
2085,265
25015,265
14855,265
4952,265
4200,265
31421,265
16083,265
8732,265
16017,265
4816,265
12742,265
24025,265
3505,265
6030,265
20802,265
4332,265
939,265
2485,265
12349,265
26109,265
27515,265
952,265
4974,265
952,265
11788,265
9205,265
465,265
25060,265
13442,265
30469,265
9219,265
22264,265
21875,265
6187,265
8071,265
15957,265
2751,265
4112,265
13442,265
10298,265
24977,265
9548,265
30506,265
24290,265
6300,265
2464,265
29427,265
18196,265
6973,265
16564,265
21341,265
14152,265
4201,265
26677,265
889,265
31791,265
6973,265
17389,265
17726,265
4856,265
14427,265
11785,265
941,265
27304,265
1282,265
15136,265
4505,265
13545,265
4359,265
13780,265
27794,265
11880,265
8592,265
23580,265
5186,265
19319,265
21434,265
533,265
30752,265
4607,265
31090,265
15521,265
6366,265
2777,265
30212,265
23701,265
13780,265
10034,265
15578,265
3835,265
29733,265
25997,265
4577,265
20537,265
12757,265
22396,265
6262,265
11875,265
3710,265
340,265
30646,265
27346,265
13052,265
17106,265
393,265
14002,265
26416,265
24276,265
11306,265
8369,265
23334,265
1872,265
23700,265
19516,265
24699,265
12478,265
11416,265
22345,265
3739,265
585,265
21531,265
29646,265
18004,265
13168,265
11676,265
4478,265
849,265
9564,265
3254,265
5394,265
1772,265
18599,265
14794,265
20323,265
19768,265
11678,265
4250,265
11802,265
1252,265
21808,265
27495,265
18849,265
22877,265
1009,265
15416,265
22083,265
18537,265
9202,265
1748,265
9749,265
30422,265
26192,265
7706,265
2819,265
20238,265
16184,265
31256,265
19516,265
25851,265
3624,265
25851,265
25567,265
25707,265
1209,265
22685,265
9914,265
19093,265
8398,265
24909,265
285,265
9339,265
9741,265
28900,265
3155,265
22143,265
1359,265
18485,265
22143,265
6432,265
484,265
26081,265
24975,265
10167,265
29814,265
12165,265
13899,265
30262,265
23781,265
12539,265
3100,265
2108,265
396,265
3524,265
28867,265
228,265
25015,265
19481,265
95,265
12539,265
402,265
6691,265
22565,265
5326,265
18347,265
710,265
8521,265
22111,265
11985,265
21578,265
12674,265
8047,265
14901,265
25335,265
12952,265
12599,265
31125,265
30321,265
9338,265
21374,265
14819,265
15688,265
6131,265
81,265
6067,265
4308,265
1117,265
11951,265
18294,265
17607,265
19543,265
22524,265
20199,265
20175,265
25010,265
1166,265
7772,265
14744,265
5211,265
18678,265
26053,265
23740,265
23697,265
2891,265
7195,265
11498,265
28637,265
16569,265
14307,265
5323,265
25094,265
5365,265
5915,265
2591,265
5160,265
29500,265
10273,265
30176,265
5323,265
5965,265
18437,265
9302,265
27050,265
27050,265
2548,265
30244,265
27544,265
3723,265
15357,265
8045,265
18901,265
8418,265
25154,265
18210,265
6975,265
29698,265
1586,265
30866,265
16126,265
11692,265
8571,265
6565,265
31569,265
807,265
11794,265
28917,265
891,265
9386,265
16483,265
22204,265
5379,265
10175,265
15374,265
31610,265
10646,265
31569,265
3790,265
18957,265
3259,265
30675,265
17394,265
21112,265
12702,265
19171,265
28947,265
29611,265
31287,265
15932,265
15332,265
12931,265
18839,265
2484,265
30913,265
7516,265
20418,265
21487,265
12675,265
20877,265
16528,265
30750,265
1224,265
10312,265
3620,265
24306,265
10855,265
8004,265
5689,265
13057,265
31158,265
13780,265
1461,265
6233,265
4440,265
24595,265
4086,265
11492,265
19534,265
9488,265
17797,265
898,265
30603,265
29460,265
21515,265
14218,265
22610,265
28871,265
13207,265
4880,265
28669,265
9833,265
24356,265
31786,265
26825,265
7944,265
11520,265
24847,265
233,265
448,265
11948,265
16610,265
4859,265
12612,265
23204,265
8308,265
8148,265
12380,265
22650,265
20759,265
10370,265
5528,265
23444,265
29982,265
8033,265
1974,265
11274,265
14407,265
11067,265
6087,265
8579,265
20752,265
29384,265
25049,265
5245,265
7312,265
6318,265
18877,265
13336,265
31062,265
15881,265
28332,265
2662,265
26645,265
24803,265
23938,265
703,265
18243,265
24637,265
28006,265
10059,265
27823,265
7971,265
25608,265
28517,265
12000,265
29219,265
8961,265
4981,265
21614,265
23100,265
23819,265
30341,265
30735,265
20444,265
30341,265
1960,265
25715,265
19228,280
27587,280
505,280
30288,280
15276,280
5456,280
6481,280
24134,280
15379,280
6270,280
25396,280
25612,280
25421,280
30267,280
25044,280
11176,280
23194,280
26041,280
21885,280
26578,280
21337,280
24312,280
3780,280
27346,280
14041,280
26281,280
19525,280
20527,280
17100,280
36,280
27438,280
8059,280
3480,280
9408,280
10493,280
3208,280
17252,280
17081,280
19668,280
14593,280
7401,280
26275,280
7181,280
2536,280
6316,280
21395,280
31472,280
2206,280
17918,280
5177,280
21586,280
13632,280
29087,280
17146,280
26275,280
10256,280
9172,280
22790,280
30054,280
24957,280
30569,280
11959,280
1574,280
9196,280
20983,280
20983,280
30581,280
8372,280
9172,280
8372,280
3831,280
11046,280
30581,280
2555,280
24303,280
31388,280
12599,280
20756,280
27625,280
8672,280
6554,280
6448,280
23450,280
27162,280
12245,280
20527,280
20527,280
20527,280
11755,280
3221,280
31669,280
4434,280
29930,280
13529,280
17223,280
23061,280
30890,280
29701,280
27866,280
23334,280
5837,280
5371,280
10358,280
2561,280
7990,280
29326,280
29369,280
1059,280
26275,280
13814,280
13814,280
26275,280
8814,280
22075,280
18049,280
7450,280
23298,280
46,280
27401,280
5076,280
18233,280
15773,280
28693,280
25956,280
20296,280
12535,280
4038,280
31240,280
31062,280
16003,280
19197,280
30188,280
7810,280
25232,280
23870,280
26649,280
8658,280
31226,280
739,280
21711,280
25722,280
31899,280
18500,280
13932,280
26257,280
29411,280
5986,280
21723,280
11236,280
25243,280
21539,280
31559,280
7225,280
31724,280
8619,280
30664,280
9944,280
31632,280
3807,280
23655,280
18477,280
21522,280
12434,280
3469,280
27806,280
10187,280
4112,280
18337,280
29790,280
23607,280
28633,280
26008,280
7951,280
26008,280
6868,280
1278,280
5359,280
910,280
12105,280
4319,280
31806,280
13905,280
19988,280
15423,280
31610,280
24108,280
27648,280
23932,280
5706,280
23932,280
24843,280
19862,280
11377,280
19862,280
23932,280
22341,280
31716,280
31845,280
17818,280
30212,280
31461,280
15333,280
25726,280
18554,280
17675,280
30927,280
24134,280
21575,280
28411,280
3620,280
30904,280
13100,280
13100,280
1520,280
13100,280
1520,280
7909,280
1520,280
1520,280
6174,280
31477,280
29045,280
26613,280
31388,280
28607,280
13590,398
4685,398
14249,398
7422,398
718,398
27148,398
23109,398
18782,398
16122,398
17597,398
18049,398
11466,398
23046,398
6268,398
16747,398
4685,398
1623,398
22719,398
2454,398
29676,398
21875,398
3179,398
32017,398
17987,398
7619,398
69,398
7254,398
10441,398
7157,398
7157,398
25739,398
14183,398
11074,398
26057,398
7677,398
16289,398
6372,398
28491,398
5510,398
6609,398
14511,398
11898,398
27173,398
9812,398
2253,398
8814,398
7302,398
27281,398
12030,398
20752,398
17079,398
15610,398
14162,398
4864,398
10559,398
2122,398
756,398
2122,398
8164,398
24651,398
30702,398
1238,398
9729,398
4077,398
6524,398
27708,398
32561,398
7660,398
29266,398
24648,398
1084,398
13104,398
620,398
29235,398
14583,398
26164,398
4223,398
10441,398
1304,398
1304,398
17857,398
29907,398
4223,398
6144,398
22201,398
21637,398
16302,398
10552,398
16252,398
7659,398
19038,398
26999,398
24768,398
20876,398
2321,398
17041,398
9076,398
5062,398
10858,398
29860,398
15294,398
1359,398
23653,398
829,398
10058,398
1902,398
1165,398
21539,398
11886,398
1803,398
1803,398
23742,398
1691,398
93,398
11239,398
31471,398
15704,398
3735,398
19799,398
4272,398
20323,398
15704,398
3735,398
24,398
1446,398
8161,398
9450,398
13623,398
587,398
799,398
23481,398
19258,398
21724,398
23660,398
23660,398
2567,398
9445,398
587,398
23660,398
24321,398
4793,398
9830,398
2030,398
20019,398
2520,398
521,398
5806,398
6739,398
1311,398
16398,398
24375,398
298,398
29432,398
11806,398
6465,398
620,398
93,398
3759,398
23073,398
9732,398
134,398
17623,398
15663,398
15215,398
22252,398
8852,398
10500,398
4604,398
18752,398
18708,398
24769,398
2192,398
7565,398
8716,398
13555,398
162,398
4358,398
22290,398
8610,398
12836,398
6813,398
16548,398
1295,398
15949,398
1789,398
2440,398
13808,398
8054,398
24928,398
9797,398
6761,398
245,398
673,398
15292,398
6709,398
20528,398
152,398
834,398
2830,398
13238,398
12430,398
254,398
24721,398
9646,398
11828,398
6612,398
4784,398
14106,398
30694,398
11840,398
19058,398
2306,395
11684,395
29420,395
29291,395
8028,395
14656,395
22832,395
12916,395
10495,395
29654,395
1390,395
3340,395
17709,395
4591,395
13439,395
27579,395
17470,395
14181,395
872,395
29769,395
297,395
14662,395
14218,395
18480,395
1229,395
18901,395
4007,395
21560,395
9731,395
3465,395
8179,395
13697,395
4054,395
5759,395
19177,395
27784,395
4944,395
25725,395
2908,395
4141,395
16506,395
16676,395
21746,395
23040,395
11457,395
37,395
18634,395
52,395
32017,395
7813,395
26953,395
24083,395
14222,395
9956,395
24284,395
16503,395
23819,395
19266,395
24284,395
25045,395
27775,395
25197,395
13406,395
13679,395
16541,395
24595,395
25794,395
28750,395
25015,395
20415,395
22057,395
9458,395
11099,395
10140,395
29818,395
2390,395
14376,395
31825,395
11325,395
8786,395
24054,395
22654,395
25364,395
10433,395
3742,395
3295,395
26692,395
7796,395
18178,395
15717,395
21526,395
4777,395
15416,395
10118,395
9014,395
12706,395
22761,395
23307,395
20877,395
25861,395
14326,395
13049,395
3263,395
21190,395
11781,395
23524,395
30771,395
8077,395
11707,395
30290,395
15058,395
27444,395
18276,395
18361,395
19528,395
5621,395
6752,26
15803,26
6445,26
784,26
18746,26
8587,26
3053,26
16598,26
10091,26
22962,26
18843,26
26036,26
10576,26
27724,26
6024,26
5623,26
7156,26
1027,26
2597,26
16478,26
21431,26
26353,26
1648,26
1428,26
7490,26
14384,26
14013,26
24926,26
18663,26
14205,26
16263,26
2613,26
8500,26
8698,26
13239,26
14744,26
15632,26
17119,26
17199,26
20588,26
16964,26
24475,26
16871,26
15773,26
4992,26
15101,26
27277,26
21745,26
21028,26
22651,26
8552,26
1550,26
27270,26
27289,26
3071,26
9600,26
13682,26
178,26
10297,26
19382,26
22349,26
5971,26
84,503
26071,503
9802,503
27262,503
7794,503
19595,503
18635,503
20960,503
30031,503
28976,503
2193,503
28260,503
1778,503
9373,503
27454,503
14758,503
28569,503
28976,503
28296,503
31176,503
28569,503
16743,503
23622,503
28914,503
17738,503
28569,503
19595,503
16743,503
18635,503
7575,503
9373,503
29970,503
28553,503
22051,503
19441,503
19872,503
12577,503
28553,503
26196,503
23725,503
3716,503
4610,503
4610,503
6522,503
6522,503
26018,503
28266,503
3050,503
4427,503
29987,503
31603,503
30350,503
30350,503
2193,503
29875,503
4613,503
4722,503
4087,503
4087,503
4127,503
16984,503
10516,503
24857,503
20897,503
25361,503
13745,503
13745,503
28065,503
29265,503
20897,503
16858,503
20617,503
14213,503
30751,503
21766,503
16850,503
20834,503
24032,503
18639,503
3522,503
21674,503
3522,503
25592,503
21674,503
30935,503
30791,503
29377,503
31160,503
16455,503
20201,503
23622,503
6750,503
22666,503
24032,503
30790,503
6703,503
29147,503
23345,503
1999,503
22382,503
19993,503
24460,503
2899,503
10942,503
23622,503
29468,503
9032,503
27962,503
10942,503
32114,503
27962,503
18162,503
4060,503
31283,503
10942,503
12585,503
26749,503
9330,503
26730,503
14186,503
31283,503
19820,503
27962,503
27962,503
31295,503
1688,503
10942,503
31283,503
1688,503
16984,503
7270,503
31507,503
19760,503
25204,503
19980,503
6816,503
17844,503
14071,503
14071,503
14071,503
4701,503
7530,503
27673,503
26580,503
23082,503
26580,503
24782,503
19290,503
14456,1042
4175,1042
13741,1042
25838,1042
15539,1042
21032,1042
13622,1042
30167,1042
23744,1042
4208,1042
15285,1042
15813,1042
9010,1042
7695,1042
5311,1042
19586,1042
29821,1042
8402,1042
28513,1042
16776,1042
15984,1042
1297,1042
20056,1042
30641,1042
21681,1042
2116,1042
2631,1042
2947,1042
26701,1042
1041,1042
5528,1042
7772,1042
6406,1042
22210,1042
20964,1042
18049,1042
11182,1042
14680,1042
6684,1042
7150,1042
20810,1042
22598,1042
25900,1042
3806,1042
4035,1042
16921,1042
11356,1042
11277,1042
17500,1042
15194,1042
17035,1042
16638,1042
25358,1042
14239,1042
25492,1042
6480,1042
27694,1042
21666,1042
16174,1042
29700,1042
4993,1042
6088,1042
1897,1042
1897,1042
20677,1042
16322,1042
11715,1042
32107,1042
7665,351
5920,351
6909,351
23724,351
10692,351
3446,351
12439,351
13850,351
1366,351
2582,351
20819,351
857,351
12046,351
18645,351
13133,351
3173,351
61,351
2994,351
26371,351
6227,351
11954,351
6855,351
2655,351
12742,351
4780,351
4529,351
10812,351
19855,351
23627,351
9201,351
10334,351
5436,351
23250,351
14889,351
19228,351
10978,351
31099,351
22322,351
9253,351
31235,351
8845,351
29703,351
8744,351
1798,351
1815,351
10201,351
15123,351
21774,351
7012,351
15773,351
26466,351
29351,351
24637,351
25205,351
5999,351
27795,351
5100,351
19352,351
27434,351
15902,351
19493,351
22288,351
7271,351
3253,351
27006,351
10524,351
19370,351
12495,351
29312,351
26373,351
27083,351
14186,351
7325,351
29054,351
17645,351
26376,351
26372,351
3930,351
19497,351
11115,351
25405,351
17041,351
6643,351
10669,351
31657,351
11455,351
26501,351
24685,351
24336,351
31339,351
27212,351
25285,351
11381,351
31461,351
20382,35
2444,35
7490,35
4202,35
4183,35
14535,35
15902,35
20394,35
26810,35
8350,35
5832,35
23088,35
14384,35
23812,35
26971,35
25730,35
22962,35
4039,35
13239,35
8698,35
26970,35
16939,35
8279,35
9907,35
9907,35
19171,35
26036,35
25553,35
22301,35
4202,35
22431,35
7108,35
26533,35
18283,35
20812,35
22092,35
19382,35
15913,35
20982,35
20982,35
950,35
42,599
23197,599
28423,599
20255,599
116,599
16197,599
18560,599
931,599
13133,599
19708,599
5695,599
13970,599
869,599
8347,599
19112,599
7505,599
9431,599
26419,599
8835,599
1399,599
17092,599
5159,599
7178,599
2000,599
24430,599
9440,599
376,599
1835,599
102,599
9417,599
30215,599
11482,599
30215,599
2312,599
900,599
29140,599
12453,599
4285,599
30813,599
32004,599
23103,599
9494,599
5981,599
7242,599
23943,599
19187,599
802,599
16165,599
3147,599
671,599
24983,599
2894,599
28430,599
700,599
14153,599
15829,599
29911,599
8896,599
11599,599
18714,599
21713,599
9704,599
4817,599
18938,599
11502,599
5256,599
31430,599
69,599
660,599
5419,599
898,599
1550,599
5508,599
19396,599
11841,599
28108,599
28260,599
25876,599
5732,599
29843,599
12815,599
217,599
13251,599
10516,599
10300,436
3248,436
31967,436
10524,436
27642,436
10861,436
26257,436
23167,436
17248,436
31534,436
18969,436
29539,436
23894,436
26370,436
32058,436
12404,436
31162,436
2073,436
10851,436
28089,436
22429,436
7683,436
29765,436
25214,436
27089,436
7683,436
29074,436
21869,436
28873,436
14313,436
3826,436
10928,436
32269,436
21854,436
28227,436
25790,436
30188,436
31927,436
21441,436
26813,436
7835,436
5565,436
6703,436
31607,436
20933,436
10107,436
22661,436
17574,436
25890,436
31843,436
15988,436
32156,622
114,622
8230,622
6708,622
4382,622
26237,622
21155,622
2101,622
22149,622
23425,622
22626,622
9814,622
6753,622
9953,622
8802,622
19396,622
574,622
26470,622
32125,622
17032,622
24939,622
14768,622
24323,622
5729,622
29952,622
7119,622
7594,622
22557,622
28586,622
29471,622
26446,622
8824,622
23614,622
11042,622
3668,622
17399,622
27343,622
2864,622
29726,622
15829,622
9494,622
1766,622
15772,622
1726,622
25098,622
13579,622
3361,622
27216,622
26250,622
12006,622
3870,622
2417,622
17156,622
8001,622
25006,622
22529,622
26449,622
7505,622
19604,622
18770,622
10427,622
23531,622
2734,622
5862,622
5961,622
26894,622
4017,622
141,622
25211,622
25018,622
26905,622
26623,622
24906,622
18739,622
9171,622
29422,622
20665,622
10705,622
19757,622
24890,622
8160,622
15403,622
22664,622
7724,622
22999,622
13133,622
4390,622
30366,622
781,622
1621,622
28791,622
7791,622
19981,622
24192,622
13890,622
8659,622
6514,622
23247,622
30067,622
20276,622
20597,622
25848,622
30344,622
18878,622
27794,622
1685,622
2801,622
32344,622
10949,622
3273,622
27502,622
10054,622
21872,622
10341,622
16898,622
6040,622
10771,622
13456,622
2379,622
20276,622
29974,622
1685,622
1162,622
28019,622
20232,622
9270,622
3013,622
30877,622
14065,622
14984,622
20998,622
31583,622
4439,622
10409,622
29829,622
21886,622
23424,622
2215,622
11544,622
30749,622
7566,622
13227,622
21038,622
18655,622
18655,622
44,622
7266,622
27560,622
2658,622
31320,622
15104,622
25375,622
12663,622
11508,622
22145,622
19988,622
13998,622
5295,622
32359,622
16307,622
6809,622
3990,622
4694,622
8333,622
716,622
8021,622
30698,622
30473,622
14846,622
20502,622
14139,622
1218,622
14617,622
28493,622
14536,622
20075,622
9938,622
10486,622
26711,622
29515,622
26577,622
25574,622
26100,622
7851,622
18348,622
12459,622
13472,622
10751,622
31377,622
12208,622
186,622
12873,622
10492,622
21047,622
10043,622
5622,622
16451,622
14113,622
132,622
17665,622
31901,622
8007,622
31901,622
27386,622
14369,622
11336,622
16756,622
28251,622
32281,622
8767,622
10332,622
17901,622
9440,622
30403,622
6341,622
17860,622
23435,622
4391,622
20854,622
2494,622
8388,622
18777,622
5977,622
17860,622
20854,622
26048,622
20457,622
13897,622
22450,622
12510,622
32154,622
23661,622
22938,622
9399,622
6622,622
30702,622
27018,622
29269,622
13436,622
8772,622
27735,622
14704,622
539,622
12555,622
914,622
8138,622
8387,622
21510,622
12057,622
3978,622
21314,622
19972,622
19972,622
17913,622
15781,622
12837,622
17860,622
17554,622
8793,622
18030,622
4180,622
12919,622
27167,622
20854,622
28910,622
20238,622
19972,622
2006,622
19582,622
12919,622
26091,622
28893,622
18464,622
6424,622
44,622
28852,622
22849,622
25590,622
10998,622
15629,622
1853,622
27670,622
14479,622
11134,622
10563,622
11134,622
14689,622
27773,622
14976,622
2292,622
2518,622
27993,622
27993,622
4031,622
18438,622
26806,622
13045,622
15356,622
15356,622
22069,622
26073,622
25568,622
18038,622
18038,622
11644,622
11206,622
30828,622
26073,622
30729,622
23838,622
29646,622
20225,622
18147,622
365,622
365,622
3827,622
7063,622
7063,622
16130,622
1752,622
13135,622
13135,622
14369,622
9417,622
5690,622
31987,622
22866,438
3615,438
19825,438
15314,438
4840,438
420,438
10601,438
18955,438
32080,438
24062,438
1514,735
16712,735
29069,735
26787,735
18226,735
20886,735
9154,735
25974,735
31063,735
29903,735
14291,735
27173,735
23700,735
12285,735
28080,735
13163,735
29644,735
4115,735
25941,735
25255,735
29347,735
28096,735
26282,735
15836,735
28176,735
30479,735
684,735
24364,735
20080,735
31310,735
16530,735
18661,782
31757,782
17543,782
14054,782
26616,782
5816,782
19167,782
16811,782
18909,782
31618,782
31709,782
10320,782
31896,782
1071,782
31703,782
8859,782
13603,782
31659,782
1192,782
13475,782
10606,782
109,782
10666,782
13947,782
32318,782
19079,782
328,782
14351,782
17228,782
6468,782
18289,782
12712,782
10153,782
25480,782
15475,782
25953,782
9705,782
23997,782
6511,782
31783,782
6271,782
17222,782
1890,782
6818,782
31968,782
1375,782
9245,782
25010,782
31349,782
10540,782
233,782
5662,782
7065,782
9655,782
7886,782
5111,782
916,782
27590,782
24039,782
24039,782
27590,782
22253,782
13611,782
31709,782
20404,782
22029,782
489,782
15834,782
18733,782
19437,782
15775,782
2561,782
17196,782
20288,782
30908,782
23451,782
20406,782
32460,782
21735,782
31426,782
2777,782
17636,782
1350,782
14712,782
3490,782
26888,782
21936,782
12397,782
173,782
614,782
28882,782
7209,782
26313,782
7959,782
717,782
26565,782
23218,782
6473,782
31415,782
4644,782
9001,782
22063,782
32374,782
8689,782
4274,782
10456,782
20083,782
28194,782
22311,782
26885,782
7879,782
20870,782
9708,782
9655,782
21198,782
20481,782
20537,782
8098,782
25012,782
10895,782
2826,782
32425,782
13304,782
6713,782
23679,782
29607,782
22063,782
24483,782
25121,782
22646,782
11355,782
3835,782
26259,782
17866,782
3105,782
4820,782
9655,782
13028,782
28346,782
7524,782
15093,782
8642,782
1257,782
29322,782
17368,782
5851,782
7863,782
3329,782
25435,782
9870,782
16886,782
21175,782
30249,782
26209,782
253,782
15258,782
28980,782
31958,782
27799,782
21835,782
29061,782
24388,782
19286,782
11522,782
4690,782
6061,782
12196,782
7806,782
10312,782
31258,782
8152,782
14512,782
27929,782
13928,782
5097,782
10810,782
9231,782
28674,782
30927,782
17290,782
30927,782
18938,782
15281,782
24859,782
20286,782
7163,782
27590,782
16735,782
25688,782
11497,782
19069,782
20151,782
13606,782
14938,782
26851,782
25797,782
19429,782
16026,782
4219,782
12500,782
8059,782
10780,782
23759,782
17244,782
22296,782
5693,782
26469,782
17290,782
11718,782
18754,782
21182,782
13671,782
9023,782
25838,782
26469,782
29758,782
22420,782
32051,782
30588,782
13932,782
28723,782
27534,782
32210,782
3782,782
15267,782
393,782
11015,782
26508,782
26593,782
8656,782
4346,782
24975,782
15957,782
28900,782
14971,782
7406,782
7713,782
23487,782
9345,782
4384,782
11781,782
20411,782
5798,782
17066,782
1980,782
14119,782
25,782
22742,782
18451,782
32058,782
24,782
2428,782
31534,782
22982,782
28543,782
15160,782
18678,782
7970,782
5799,782
2428,782
6877,782
6198,782
23910,782
6734,782
20439,782
17247,782
21804,782
23057,782
14427,782
29437,782
24746,782
7717,782
11565,782
26159,782
17354,782
20147,782
4177,782
31588,782
31817,782
15151,782
11366,782
12129,782
13253,782
24872,782
31609,782
5206,782
17741,782
20980,782
8890,782
24026,782
25725,782
19779,782
14462,782
12691,782
26490,782
27754,782
1162,782
31789,782
23100,782
9485,782
27367,782
12064,782
7233,782
1388,782
29675,782
7140,782
8540,782
15163,782
26987,782
8738,782
15382,782
28699,782
8957,782
14522,782
31465,782
17563,782
31465,782
11033,782
1264,782
28135,782
5773,782
4317,782
14563,782
1540,782
8617,782
1597,782
21275,782
16121,782
2833,782
5773,782
19829,782
31411,782
28361,782
24935,782
5051,782
5622,782
1137,782
11180,782
2898,782
11808,782
17065,782
14587,782
11315,782
322,782
10439,782
28025,782
20929,782
15990,782
10994,782
29690,782
19309,782
26686,782
28750,782
23938,782
6572,782
6031,782
6764,782
9314,782
10834,782
21275,782
22661,782
6038,782
27114,782
9289,782
20768,782
24681,782
30631,782
1702,782
30612,782
29145,782
10204,782
25191,782
25575,782
17153,782
6496,782
14811,782
14425,782
9784,782
22981,782
16854,782
30211,782
17880,782
26552,782
19742,782
6525,782
1103,782
17935,782
18722,782
21739,782
10884,782
12565,782
7778,782
20905,782
12792,782
8369,782
21723,782
29228,782
23047,782
30276,782
19640,896
12671,896
19388,896
28777,896
4739,896
5808,896
8260,896
25803,896
1113,896
29252,896
16164,896
22631,896
2617,896
16502,896
24190,896
18042,896
4472,896
26780,896
17974,896
6562,896
15786,896
4472,896
17887,886
32564,886
22973,886
15590,886
24005,886
22127,886
29575,886
11279,886
17289,886
25586,886
29370,465
46,465
26621,465
27961,465
30902,465
31464,465
26687,465
5348,465
23768,465
19461,465
28633,465
10689,465
32279,465
32009,465
14335,465
4263,465
10014,465
32078,465
31236,465
31236,465
32239,465
20067,465
21314,465
27820,465
10710,465
17574,465
5919,465
30387,465
29860,465
12854,465
30234,465
21460,465
32136,465
11530,465
26284,465
6133,465
12820,465
12623,465
19215,465
5671,465
16433,465
20944,465
20944,465
14387,465
21463,465
12083,465
5026,465
23070,465
30694,465
15544,74
26880,74
24498,74
26648,74
24200,74
7375,74
24954,74
10939,74
23478,74
961,74
11438,74
24227,74
25928,74
24690,74
14281,74
4253,74
26448,74
10437,74
21934,74
15231,74
17384,74
2224,74
26325,74
29170,74
20647,74
24653,74
5537,74
22804,74
23544,74
22574,74
28715,74
3474,74
14144,74
19945,74
2212,74
3598,74
10407,74
27733,74
26138,74
13804,74
11433,74
29004,74
29207,74
17078,74
27870,74
18315,74
29120,74
23787,74
23225,74
18705,74
12465,74
4100,74
14386,74
15822,74
21059,802
26907,802
26907,802
28032,802
24917,802
24917,802
25432,802
28922,802
19290,802
14052,182
8709,182
14774,182
9676,182
4619,182
8922,182
18423,182
29420,182
29642,182
30272,182
16170,182
27888,182
20247,182
8771,182
28552,182
18312,182
24822,182
18295,182
15944,182
28974,182
16170,182
11447,182
24239,182
29269,182
26417,182
15575,182
30645,182
15364,182
30896,182
27624,182
60,182
18312,182
60,182
22306,160
22306,160
22306,160
22306,160
22306,160
23572,160
6330,160
27994,160
22306,160
22306,160
22306,160
25557,160
25991,160
11635,160
17736,160
17736,160
22306,160
22306,160
27275,160
28520,160
29762,160
19784,160
21777,160
4417,160
27864,160
15100,160
12066,160
22306,160
22306,160
27782,160
22306,160
21902,160
13014,160
18108,160
22306,160
13014,160
27782,160
25902,160
22306,160
22306,160
25902,160
17824,160
25263,160
22512,160
28301,160
24432,160
25471,160
13293,160
22226,160
25881,160
27345,160
22706,160
23915,160
22306,160
8958,160
25406,160
23880,160
24228,160
26121,160
9350,160
23295,160
23680,160
28182,160
26172,160
25957,160
26782,160
19290,160
25748,160
15056,160
27492,160
22306,160
953,57
15761,57
16772,57
23127,57
7590,57
4397,57
1607,57
1492,57
13568,57
16210,57
7575,57
16246,57
852,57
1162,57
7506,57
3582,57
593,57
21992,57
27073,57
27545,57
17781,57
3953,57
3953,57
2400,57
26401,57
28074,57
12233,57
7747,57
6077,57
13922,57
20514,57
24929,57
23238,57
456,57
16496,57
10943,57
26652,57
8788,57
3147,57
23323,57
19333,57
6299,57
19806,57
16246,57
477,57
11559,57
5944,57
9810,57
4855,57
2938,57
24531,57
4187,57
15631,57
20326,57
7810,57
9839,57
12329,57
5944,57
21458,57
20697,57
6907,57
16631,57
13459,57
14487,57
1517,57
24038,57
13408,57
18771,57
18771,57
14143,57
5944,57
17697,57
20903,57
26626,57
5879,57
1574,57
27823,57
6133,57
6314,57
5933,57
23424,57
21364,57
11792,556
16426,556
3881,556
14535,556
31453,556
29319,556
7216,556
22038,556
19372,556
7484,556
6791,556
7979,556
14775,556
30067,556
3346,556
27369,556
23120,556
5151,556
15133,556
4737,556
10938,556
1220,556
16015,556
17453,556
27963,556
4697,556
14072,556
2288,556
17638,556
12593,556
1203,556
1371,556
13626,556
19203,556
29254,556
16723,556
24196,556
24336,556
6451,556
14809,556
9180,556
25570,556
4375,556
12925,556
31276,556
28326,556
20434,556
7583,556
11713,556
19186,556
31320,556
12636,556
18603,812
16831,812
31450,812
3156,812
30851,812
25366,812
21057,812
5549,812
3262,812
22125,812
12081,812
21836,812
30054,812
10937,812
3662,812
15088,812
19701,812
4528,812
25185,812
6479,812
2913,812
23267,812
8334,812
3662,812
10959,545
3764,545
3383,545
25805,545
13154,545
31556,545
19908,545
8269,545
1021,545
17100,545
4936,545
197,545
11253,545
14870,545
24759,545
7119,545
9953,545
13883,545
14148,545
28386,545
9609,545
5639,545
126,545
1408,545
4399,545
21381,545
1835,545
2784,545
30333,545
2448,545
3428,545
1506,545
29751,545
4421,545
7954,545
5331,545
13955,545
31319,545
11644,545
26573,545
20312,545
3428,545
16190,545
14541,545
11598,545
29290,545
25870,545
531,545
2079,545
30604,545
15410,545
29290,545
31250,545
6903,545
10627,545
31276,545
5810,545
29520,545
32247,545
30302,545
8944,545
9417,545
27825,545
7082,545
3506,545
20544,545
26756,545
2005,642
5686,642
21134,642
301,642
19888,642
22744,642
169,642
13771,642
24634,642
11112,642
8013,642
11859,642
11898,642
31805,642
939,642
25135,642
20757,642
27502,642
12570,642
21646,642
3147,642
4106,642
5375,642
1893,642
26831,642
27441,642
22683,642
32174,642
9781,642
24761,642
14118,642
27077,642
8154,642
22657,642
24583,642
5686,642
31975,642
31975,642
31548,642
3010,642
22612,642
23077,642
18302,642
9167,642
26536,642
24314,642
14673,642
27928,642
14673,642
31975,642
13970,642
20189,642
5920,642
3975,642
23313,642
19092,642
21986,642
7282,642
30572,642
1413,642
25926,642
3,302
31521,302
1884,302
2430,302
1045,302
18362,302
30702,302
8218,302
5707,302
21129,302
23268,302
17557,302
10067,302
6544,302
8074,302
5449,302
2285,302
12281,302
15801,302
14058,302
24455,302
1448,302
17571,302
1448,302
22928,302
20622,302
12851,302
100,302
3573,302
22207,302
3130,302
6703,302
8262,302
30303,302
12885,302
4670,302
23455,302
7710,302
7710,302
22620,302
31980,302
30619,302
11015,302
463,302
21458,676
10298,676
10018,676
2849,676
976,676
8391,676
2829,676
3107,676
18166,676
17358,676
16163,676
9635,676
3107,676
28058,676
19551,676
19551,676
160,676
2782,676
1018,676
16606,676
492,676
29165,676
29390,676
13771,676
4921,676
29165,676
17816,676
23547,676
3141,676
1735,676
594,676
3507,676
26161,676
17256,676
8545,676
1860,676
7230,676
7601,676
4372,676
29962,676
20227,676
11501,676
27853,676
81,676
17396,676
22046,676
29996,676
26923,676
18005,676
21312,676
17427,676
22137,676
14232,676
28666,676
21859,676
29263,676
27838,676
20260,676
20166,676
26916,676
9168,676
10806,676
16843,676
3566,676
1966,676
566,676
16846,676
12734,676
15492,676
18742,676
7004,676
2521,537
25565,537
19979,537
16439,537
1021,537
1725,537
16785,537
4161,537
18267,537
18838,537
19330,537
553,537
1575,537
6841,537
8119,537
3142,537
28391,537
20184,537
10728,537
30632,537
6113,537
30651,537
15777,537
10779,537
18098,537
8095,537
31153,537
15390,537
1919,537
25510,537
13824,537
4465,537
17894,537
28382,537
28370,537
18136,537
21356,537
29130,537
19053,537
30940,537
22473,1004
12090,1004
14159,1004
19024,1004
13846,1004
16183,1004
28998,1004
17180,1004
719,1004
23118,1004
13492,1004
25762,1004
12329,1004
6726,1004
7377,1004
8240,1004
3089,1004
32174,1004
13998,1004
18694,1004
30015,1004
15424,1004
13316,1004
2437,1004
9926,1004
11036,1004
4818,1004
7479,1004
7806,1004
21083,1004
21439,1004
5099,1004
8782,1004
28663,1004
31495,1004
3218,1004
31235,1004
1025,1004
12195,1004
24395,1004
7269,1004
2437,1004
5348,1004
11390,1004
334,1004
21790,1004
29616,1004
4679,1004
25403,1004
9698,1004
31099,1004
17855,1004
19037,1004
28131,1004
21162,1004
11159,1004
6225,1004
9981,1004
1802,1004
4510,1004
21083,1004
27867,1004
27930,1004
12495,1004
15773,1004
20531,1004
23060,1004
7783,1004
16555,1004
30364,1004
15217,1004
4271,1004
682,1004
27734,1004
10730,1004
5493,1004
8670,1004
15125,1004
11227,1004
29489,1004
29434,1004
12490,1004
14193,1004
29598,1004
23239,1004
18056,1004
3791,1004
19228,1004
7239,1004
27563,1004
31892,1004
12469,1004
15578,1004
20271,1004
28523,165
26672,165
19698,165
18473,165
22955,165
28055,165
29372,165
11321,165
22591,165
29615,165
26541,165
21403,165
8282,383
10830,383
12099,383
5246,383
4207,383
7196,383
11778,383
28837,383
19515,383
12091,383
21531,383
16915,383
2874,383
31603,383
2336,383
10121,383
26313,383
17692,383
481,383
19910,383
5250,383
4265,383
23646,383
16511,383
17723,383
7211,383
1499,383
12983,383
11931,383
17336,383
24634,383
15044,383
20229,383
3127,383
3679,383
15434,383
25249,383
10275,383
19661,383
3987,383
5254,383
10559,383
18983,383
24201,383
13160,383
5316,383
19228,383
30242,383
12696,383
5850,383
6443,383
25258,383
21458,383
19768,383
25086,383
28379,383
14853,383
5989,383
5038,383
8759,383
6789,383
19218,383
12063,383
2951,383
25783,383
14654,383
6603,383
11949,383
7048,383
19952,383
13157,383
14280,383
19481,383
6639,383
22205,383
9901,383
19515,383
3857,383
19722,383
10592,383
27788,383
24306,383
2673,383
30710,383
19195,383
11224,383
2741,383
9305,383
14249,383
26341,383
20946,383
8212,383
1721,383
10432,383
19429,383
21979,383
1686,383
30742,383
22057,383
1432,383
32227,383
16985,383
20802,383
27148,383
14036,383
23176,383
23248,383
8917,383
24816,383
28787,383
29291,383
1990,383
7110,383
30625,383
25476,383
1212,383
23494,383
17271,383
7696,383
24448,383
2379,383
22203,383
27816,383
19819,383
20404,383
30675,383
18816,383
8172,383
24789,383
4972,383
31233,383
18083,383
9280,383
1402,383
29234,383
1385,383
30263,383
29234,383
6660,383
5272,383
10509,383
18337,383
9030,383
7209,383
28671,383
30252,383
2455,383
23487,383
19867,383
31471,383
29288,383
9561,383
12429,383
10760,383
29564,383
28643,383
6609,383
18795,383
2431,383
5993,383
16247,383
3004,383
1923,383
9671,383
13744,383
32120,383
2860,383
10583,383
18487,383
9757,383
31260,383
25613,383
26645,383
29619,383
11263,383
24636,383
7934,383
24849,383
10022,383
11524,383
1275,383
30951,383
1161,383
1033,383
527,383
18360,383
31367,383
15546,383
11147,383
25277,383
20523,383
24693,383
828,383
5588,383
5167,383
17429,383
8207,383
26145,383
3371,383
15880,383
9414,383
7961,383
29399,383
29000,383
8108,383
12736,383
11649,383
22452,383
9504,383
18388,383
11774,383
25334,383
27467,383
7142,383
517,383
31111,383
9323,383
1609,383
8607,383
26509,383
19045,383
29869,383
18848,383
21989,383
6199,383
10104,383
23887,383
26272,383
14469,383
14469,383
4978,383
2613,383
358,383
30456,383
12792,383
25962,383
13740,383
19665,383
1461,383
27762,383
20900,383
30814,383
32017,383
26918,383
16557,383
16557,383
22808,383
27625,383
28025,383
5698,383
26164,383
9603,383
1503,383
25917,383
10341,383
25917,383
28212,383
6662,383
17797,383
1588,383
30907,383
4963,383
26390,383
4963,383
16578,383
6324,383
24910,383
233,383
25450,383
12048,383
14622,383
7667,383
5052,383
21464,383
16622,383
14794,383
25953,383
6833,383
30838,383
7771,383
11487,383
9888,383
3953,383
29963,383
12320,383
23201,383
12248,383
21374,383
16231,383
9460,383
18290,383
14376,383
4261,383
14772,383
17148,383
13154,383
11000,383
22936,383
7570,383
18674,383
1643,383
9426,383
22201,383
21637,383
24129,383
12430,383
22311,383
30775,383
1674,383
31756,383
9067,383
10205,383
23689,383
26366,383
10795,383
18909,383
1836,383
8810,383
17215,383
2841,383
16201,383
141,383
11676,383
14634,383
20367,383
26490,383
24725,383
19065,383
10003,383
9519,383
21582,383
650,383
16866,383
22847,383
20,383
9510,383
28844,383
3851,383
24407,383
16042,383
24388,383
21307,383
445,383
29240,383
21197,383
29424,383
31062,383
30021,383
13068,383
25215,383
5802,383
17263,383
8499,383
14301,383
17928,383
19041,383
11684,383
29382,383
14478,383
22515,383
6572,383
25786,383
21305,383
8439,383
2477,383
16854,383
31535,383
32145,383
27042,383
23893,383
1091,383
6509,383
31909,383
16230,383
30224,383
306,383
15987,383
18280,383
12226,383
448,383
4108,383
6031,383
30821,383
20911,383
4693,383
12440,383
3830,383
31432,383
23109,383
284,383
1019,383
18351,383
1246,383
30702,383
2810,383
7818,383
1709,383
24691,383
6975,383
8929,383
19177,383
491,383
17772,383
14380,383
25012,383
4616,383
21175,383
31822,383
19738,383
15685,383
20523,383
5631,383
17436,383
10955,383
31291,383
12344,383
29016,383
1185,383
25748,383
1177,383
1936,383
8141,383
8694,383
5763,383
1350,383
3367,383
31033,383
24975,383
2011,383
27955,383
20331,383
14416,383
4518,383
347,383
8852,383
24091,383
13058,383
196,383
7629,383
3440,383
1926,383
29113,383
27382,383
27382,383
4560,383
18591,383
13346,383
24130,383
2549,383
18752,383
16849,383
20415,383
23938,383
30282,383
1601,383
32230,383
7046,383
20941,383
2872,383
1002,383
4433,383
24282,383
6742,383
8415,383
20589,383
2988,383
29853,383
21988,383
19417,383
1414,383
13833,383
13575,383
5842,383
21249,383
19176,383
10102,383
6040,383
24173,383
25715,383
14802,383
7280,383
7224,383
1486,383
7595,383
21121,383
18584,383
18565,383
19426,383
23745,383
10540,383
17226,383
5390,383
15474,383
11023,383
8429,383
3166,383
12849,383
17764,383
21799,383
28006,383
3938,383
2995,383
2942,383
182,383
5365,383
28637,383
2162,383
9532,383
28198,383
23798,383
11315,383
30808,383
17918,383
14425,383
14342,383
1998,383
16361,383
18178,383
12043,383
2367,383
3021,383
14351,383
2754,383
8884,383
2636,383
24946,383
20980,383
23732,383
15303,383
22395,383
9918,383
20644,383
15680,383
17117,383
19179,383
2768,383
17153,383
10077,383
16650,383
6907,383
31519,383
1891,383
7628,383
150,383
23731,383
4883,383
24225,383
8254,383
29051,383
13860,206
25132,206
12119,206
27844,206
19824,206
8023,206
29957,206
21084,206
29862,206
22097,206
27844,206
8023,206
29862,206
14134,206
1908,206
8180,206
9966,206
12389,206
10140,206
7073,206
238,206
19306,206
8023,206
9156,206
25551,206
21224,206
9449,206
8056,206
29682,206
16106,206
29508,206
25803,206
12587,206
558,206
9893,206
8999,206
15918,206
11694,206
24090,206
21084,206
8023,206
14632,206
9421,206
23603,206
23649,206
8180,206
19047,206
24090,206
8180,206
28717,206
27844,206
27844,206
8023,206
30548,206
12994,206
26969,206
29800,206
8180,206
31601,206
31401,206
25850,206
9156,206
20948,206
20948,206
14278,206
26177,206
19718,206
16382,206
9458,206
32238,708
25001,708
7352,708
15539,708
15660,708
8226,708
7586,708
19913,708
5517,708
3984,708
15190,708
2108,708
12782,708
399,708
13800,708
2609,708
16566,708
17035,708
20256,708
16566,708
7419,708
20256,708
20256,708
29767,708
28365,708
28721,708
1476,708
19873,708
32387,898
29169,898
23805,898
22591,898
29036,898
7886,898
29030,898
26733,898
27524,347
15175,347
17766,347
15175,347
30383,347
16626,347
2240,347
11671,347
18907,347
3632,347
2269,347
14245,347
12019,347
15394,347
4059,347
4200,347
4052,347
6589,347
15468,347
11946,347
15468,347
4701,347
11925,347
22877,347
23276,347
11946,347
10454,347
26489,347
7395,347
17828,347
9457,347
22948,347
12430,347
3678,347
22993,347
22948,347
29719,347
3678,347
13112,347
1277,347
23124,347
13112,347
29329,347
23124,347
25869,347
29329,347
10760,347
8331,347
13829,347
5823,347
29048,347
3574,347
18616,347
9010,347
11973,347
11145,347
16296,347
12870,347
18284,347
16638,347
8232,347
10880,347
30671,347
10880,347
30671,347
18284,347
12148,347
4444,347
4640,347
11022,347
22424,347
7623,56
22247,56
26427,56
8129,56
24949,56
28428,56
28428,56
13229,56
26497,56
17021,56
751,56
21007,56
21203,56
8828,56
7798,56
8470,56
16738,56
19646,56
18536,56
10927,56
4453,56
23924,56
26427,56
24447,56
21203,56
25907,56
3305,781
25608,781
30693,781
29432,781
15094,781
31788,781
6701,594
3779,594
11005,594
29594,594
26275,594
14560,594
20315,594
6379,594
5800,594
30721,594
22566,594
14060,594
19987,594
842,594
1528,594
32054,594
10800,594
24454,594
14204,594
24278,594
17681,594
28419,594
4039,594
13182,594
24764,594
22025,594
4935,594
12597,594
2944,594
4402,594
21620,594
229,594
4733,594
11954,594
23213,594
4564,594
16919,594
30749,594
17227,594
4114,594
1531,594
28561,594
9315,594
27170,594
12986,594
3097,594
17100,594
23337,594
8068,594
5681,594
13992,594
21626,594
28954,594
28298,594
2094,594
21713,594
1021,594
27457,594
23318,594
8259,594
29968,594
726,594
16667,594
25238,594
6831,594
17654,594
13088,594
8691,594
31872,594
5469,594
18552,594
5220,594
15676,594
16784,594
17005,594
5136,594
3528,594
30058,594
21596,594
6313,594
13334,594
11639,594
13217,594
32141,594
20170,594
1410,594
16644,594
4036,594
20869,594
17362,594
1517,594
25877,594
19267,594
15015,594
31090,594
32242,594
17229,594
26024,594
1186,594
18850,594
26859,594
12821,594
5340,594
8642,594
1762,594
31632,594
32162,594
24702,594
22741,594
17523,594
29681,594
26425,594
12880,594
28322,594
18968,594
13269,594
4987,594
264,594
1051,594
4881,594
26716,594
21682,594
5012,594
6831,594
26196,594
29568,594
8240,594
12102,594
15155,594
16107,594
22131,594
30813,594
23423,594
9753,594
27389,594
1414,594
376,594
8530,594
27653,594
28917,594
12140,594
11732,594
20041,594
3528,594
26804,594
6059,594
3950,594
1607,594
11140,594
2962,594
21138,594
18480,594
29315,594
30096,594
2459,594
14151,594
30543,594
15410,594
18038,594
28881,594
31276,594
8912,594
21144,594
31777,594
21024,594
30456,594
27921,594
25587,594
15861,594
8863,594
2235,594
31861,594
29042,594
23652,594
1494,594
28936,594
12677,594
12232,594
15643,594
6534,594
12661,594
903,594
22632,594
16802,594
18058,594
6689,594
4049,594
23931,594
24336,594
12367,594
31363,594
19915,594
1979,594
4979,594
23943,594
5506,594
14671,594
3130,594
25243,594
25107,594
30043,594
16727,594
16735,594
1343,594
12302,594
25093,594
28096,594
24490,594
30471,594
2582,594
21021,594
12377,594
12020,594
11964,594
12938,594
12427,594
26018,594
31366,594
15848,594
32186,594
30769,594
10374,594
18589,594
32124,594
12428,594
31963,594
11911,594
28108,594
6629,594
22778,594
19040,594
22456,594
15652,594
27211,594
5798,594
69,594
7933,594
622,594
1046,594
18924,594
30702,594
16380,594
27180,594
2913,594
27188,594
12326,594
8990,594
22951,594
8642,594
7826,594
7420,594
18457,594
30352,594
2297,594
19522,594
24436,594
1569,594
32323,594
32097,594
24301,594
25601,594
19814,594
16900,594
11544,594
7256,594
5447,594
25356,594
2079,594
23994,594
23240,594
25972,594
25754,594
19325,594
10124,594
31116,594
6664,594
29411,594
32020,594
27308,594
15889,594
7004,594
6977,594
5880,594
26535,594
25722,594
14746,594
23303,594
15541,594
19563,594
26363,594
13270,594
31720,594
26949,594
14262,594
4689,594
28054,594
30188,594
12704,594
18035,594
19609,594
15745,594
8877,594
26778,594
11288,594
18416,594
6132,594
24307,594
25316,594
29559,594
8775,594
26538,594
26886,594
15393,594
26674,594
13058,594
30667,594
19489,594
13174,594
12447,594
16618,594
23404,594
32042,594
19839,594
25139,594
3128,594
10048,594
10422,594
17919,594
1076,594
25668,594
4945,594
21840,594
3737,594
29952,594
2332,594
1542,594
18272,594
8125,594
5026,594
9799,594
814,594
20755,594
27245,594
25668,594
14279,594
26248,594
12636,594
19797,594
23800,904
25083,904
2658,904
31321,904
9566,904
19030,904
5084,904
22907,904
2509,904
2836,904
19169,904
31259,904
19465,904
7096,904
11314,904
26681,904
13798,904
24195,904
28348,904
24829,904
5366,904
10896,904
14953,904
7699,904
11688,904
13730,904
7770,904
31777,904
11399,904
31700,904
4466,904
24030,904
26428,904
17230,904
11688,904
12016,904
22778,904
19684,125
25108,125
16307,125
26424,125
10744,125
12717,125
25038,125
22217,125
15414,125
24245,125
16651,125
19161,125
22730,125
22266,125
27096,125
21433,125
28709,125
22216,125
20753,125
6834,125
11659,125
24296,125
16679,125
20896,125
17832,125
17240,125
29082,125
19103,125
17262,125
25203,125
23297,125
22822,125
20766,125
26398,125
26398,125
24343,125
27802,125
9141,125
24500,125
27244,125
27649,125
26572,125
26572,125
29321,125
16783,125
11379,125
16412,125
2841,248
9793,248
14504,248
25371,248
21169,248
14523,248
8461,248
25286,248
17435,248
30353,248
10267,248
10309,248
24888,248
24444,248
30137,248
15936,248
24648,248
11344,248
18576,248
18210,248
24587,248
18106,248
491,248
1519,248
24620,248
22989,248
19326,248
7163,248
4533,248
18889,248
308,248
17731,248
198,248
26487,248
25605,248
25600,248
16888,248
19543,248
30188,248
6554,248
19778,248
5371,248
18926,248
2445,248
8439,248
31340,248
17238,248
20877,248
2013,248
31372,248
11015,248
17774,248
4377,248
13909,248
20348,248
4817,248
27636,248
1249,248
16764,248
30866,248
26740,248
29826,248
27140,248
9824,248
1162,248
26103,248
11127,248
10064,248
16422,248
4338,248
23955,248
1396,248
13474,248
4365,248
28288,248
11228,248
18121,248
29826,248
31381,248
5479,248
1731,248
11998,248
29697,248
8028,780
18729,780
10588,780
23334,780
3001,780
7706,780
2087,780
27444,780
21492,780
20415,780
27992,780
19639,780
872,780
14152,780
22312,780
6083,780
27775,780
17692,780
16084,780
12980,780
670,780
17178,780
1229,780
17193,780
7112,780
28679,780
18128,780
20214,780
838,780
29716,780
22570,780
31109,780
20214,780
5401,780
14301,780
7042,780
4504,780
29950,780
5519,780
25861,780
3395,780
9539,780
31898,780
10340,780
12683,780
5925,780
18638,780
11425,780
16894,780
5662,780
12430,780
15834,780
12210,780
19821,780
15480,780
10331,780
28499,780
13439,780
4934,780
11150,780
24054,780
10433,780
8735,780
21927,780
22672,780
21749,780
21726,780
17704,313
27941,313
26521,313
24705,313
22079,313
17704,313
22367,313
3015,313
5768,313
15269,313
23813,313
13507,313
5157,313
24786,313
18386,313
23533,313
20490,313
28278,313
29510,313
17916,313
24705,313
22079,313
26921,313
21520,313
4042,313
3761,313
26257,313
29456,313
31253,313
24162,313
29402,313
22070,313
22288,313
27239,313
10191,313
11722,313
23985,313
25708,313
5937,313
17704,313
14080,313
22967,313
22584,313
21349,313
29715,313
21580,313
19317,313
23167,313
3279,313
7285,313
21048,313
3955,313
21574,313
6751,313
17740,313
6751,313
17704,313
21826,313
25070,313
29118,313
3862,313
4049,313
10310,313
1352,313
12018,313
20538,313
26811,313
27420,313
18744,313
24891,313
2039,313
5207,313
31996,313
31787,313
20669,313
25840,313
13882,313
5897,313
17704,313
6762,313
27901,313
4812,313
4612,313
28124,313
6826,313
27776,313
27776,313
1801,313
27776,313
17441,313
23125,313
27901,313
27776,313
2579,313
8819,313
19519,313
28529,253
13575,253
11884,253
11445,253
1781,253
19504,253
20003,253
4598,253
20926,253
16254,253
11073,253
8540,253
18004,253
10862,253
18004,253
6901,253
25234,253
7555,253
20637,253
14659,253
4329,253
22344,253
24735,253
15625,253
10500,253
9643,253
79,253
15752,253
18982,253
15580,253
1525,253
14808,253
18361,253
401,253
2547,253
3272,253
27304,253
12569,253
17356,253
15091,253
18584,253
11862,253
26259,253
16523,253
15595,253
11487,253
23795,253
18351,253
10168,253
11094,253
1584,253
3408,253
756,253
9424,253
756,253
14351,253
9210,253
20877,253
11315,253
3772,253
2662,253
14425,253
23732,253
13909,253
27752,253
13909,253
20980,253
9283,253
10560,253
15605,253
6833,253
1045,253
2660,253
1326,253
14090,253
26900,253
1936,253
10527,253
6178,253
3545,253
1977,253
25817,253
16961,253
18289,253
6061,253
23639,253
10439,253
11432,253
18060,253
17954,253
18433,253
15555,253
1278,253
2444,253
9254,253
13905,253
11499,253
25786,253
22088,253
12176,253
28441,253
22370,253
27890,253
4523,687
11564,687
1618,687
3295,687
3919,687
32350,687
25876,687
8914,687
24366,687
13399,687
28355,687
22218,687
20588,687
16244,687
17501,687
6862,687
31210,687
23155,687
5228,687
10907,687
14418,687
12009,687
29141,687
28891,687
4947,687
17628,687
14535,687
30363,687
5224,687
21479,687
32012,687
9303,687
18463,687
8199,687
21405,687
12462,687
731,687
1880,687
23055,687
21255,687
15930,687
25760,687
30295,687
10259,275
21294,275
30607,275
13052,275
18522,275
27599,275
24750,275
17773,275
24374,275
16762,275
31702,275
14159,275
592,275
22340,275
2202,275
29602,275
25186,275
5498,275
4309,275
16884,275
28357,275
9844,275
24721,275
13213,275
12511,275
6757,275
28658,275
20068,275
5248,275
28324,275
5473,275
26828,275
5115,275
26879,275
5069,275
27099,275
20120,275
8440,275
5248,275
8257,275
27796,275
24592,275
27099,275
23193,275
19313,275
30527,275
27631,275
23193,275
10482,275
2703,275
5248,275
14793,275
4652,275
22276,275
27631,275
10482,275
24160,275
11259,275
20486,275
22276,275
20055,275
20486,275
9774,275
18456,275
18456,275
18642,275
18642,275
18642,275
30527,275
4309,275
24705,275
6732,275
23193,275
29602,275
29602,275
22288,275
8750,275
25030,275
24955,275
30579,275
26560,275
26499,275
26064,275
25590,275
6017,275
27460,275
26653,275
21638,275
5691,275
3224,275
7945,275
13639,960
4120,960
764,960
18987,960
18320,960
16478,960
9747,960
4117,960
6509,960
11783,960
16517,960
10426,960
10306,960
767,960
26220,960
3053,960
5825,960
6625,960
8329,960
5896,960
5306,974
8764,974
21346,974
32501,974
16560,974
21914,974
1970,974
2760,974
29387,974
23840,974
29861,974
30239,974
12352,974
31323,974
30835,974
24819,974
20090,974
8073,974
1648,974
12701,974
3268,974
11638,974
32016,974
14466,974
9020,974
28088,974
14374,974
26163,974
32026,974
27155,974
20333,974
10189,974
22320,974
7669,974
26337,974
23676,974
1132,974
12078,974
7344,974
25,974
6919,974
32292,974
21493,974
11950,974
5955,974
29879,974
13333,974
2665,974
16897,974
31517,974
7976,974
22076,974
6456,974
7787,974
18792,974
5099,974
5914,974
3959,974
31855,974
7677,677
26908,677
6913,677
1124,677
24095,677
22985,677
3450,677
2533,677
4653,677
30188,677
519,677
11862,677
28526,677
1644,677
28591,677
14631,677
3135,677
10067,677
20878,677
7206,677
10290,677
145,677
10282,677
10282,677
2603,677
2181,677
31241,677
31241,677
30744,677
13992,677
12667,677
10290,677
12667,677
8559,677
21977,954
27111,954
5343,954
8847,954
13307,954
9165,954
8495,954
17664,954
31016,954
9182,954
7830,954
27307,954
31999,954
24720,954
31263,954
17371,954
12575,954
22499,954
11958,954
28852,954
22141,954
12110,954
30702,954
30958,954
27575,954
23253,954
13159,954
29189,954
29306,954
17239,954
17453,954
9726,954
9867,954
11092,954
7152,954
105,954
590,954
30585,643
30526,643
25300,643
30584,643
30626,643
28211,643
30528,643
28126,643
30701,643
30700,643
28487,643
30705,643
28117,643
8019,1044
29919,1044
2951,1044
4993,1044
20838,1044
18282,1044
17926,1044
9580,1044
5786,1044
501,1044
12608,1044
6483,1044
4256,1044
16561,1044
26420,1044
14248,1044
6488,1044
31426,1044
21245,1044
12295,1044
11665,1044
13210,1044
12545,1044
29574,1044
7576,1044
18970,1044
31777,1044
26161,1044
26050,1044
28622,1044
26050,1044
6998,1044
17548,1044
20001,1044
29066,1044
1069,1044
11896,1044
17529,1044
30190,1044
25150,1044
26896,1044
952,1044
16775,1044
21970,1044
20907,1044
11152,1044
12879,1044
5107,1044
21375,1044
1730,1044
20667,1044
22276,314
23882,314
17704,314
16205,314
4218,314
11628,314
25708,314
23273,314
21520,314
4042,314
1776,314
15856,314
4416,314
26546,314
31253,314
17704,314
26546,314
17704,314
29402,314
24206,314
20155,314
1759,314
26257,314
3952,314
17704,314
11722,314
21269,314
9166,314
4299,314
6588,314
28508,314
5897,314
26715,314
14832,314
7992,314
5049,314
11766,314
31360,314
1327,314
9290,314
15466,314
12240,314
12681,314
24051,314
23379,314
20548,314
21477,314
10482,314
2799,314
4694,314
22686,314
21826,314
7888,314
21271,314
25854,314
24570,314
5069,314
7541,314
29425,314
20561,314
20257,314
29520,314
25676,314
29461,314
9750,314
10638,314
3493,314
24971,314
23107,314
3459,314
18302,314
3076,314
29770,314
30255,314
30977,314
6156,314
29960,314
11525,314
23355,314
17704,314
11190,314
17704,314
4912,314
28845,314
14521,314
22478,314
21627,314
22827,314
28027,314
26963,314
16782,314
16782,314
20538,314
29334,314
24818,314
2576,314
10098,314
13882,314
31390,314
5788,314
24751,314
11247,314
25401,314
21900,314
4227,314
18590,314
6672,314
1965,314
6574,314
24884,314
21048,314
31870,314
21509,314
30659,314
2512,314
18956,314
23501,314
18956,314
8338,314
23882,314
29204,314
18855,314
17046,287
12858,287
20098,287
6,287
19501,287
7202,287
8970,287
26223,287
1369,287
18061,287
15046,287
3715,287
8222,287
16350,287
28955,287
22966,287
17896,287
20869,287
26170,287
17485,287
17382,287
15739,287
4803,287
22385,287
30204,287
19726,287
16754,287
21510,287
12304,287
3529,287
23579,287
4080,287
10193,287
22894,287
26689,287
6718,287
28070,287
25008,287
22035,287
11358,287
22894,287
20202,287
19931,287
22260,287
25460,287
21358,287
4126,287
2844,287
28655,287
15719,287
4093,287
9045,287
3063,287
18872,287
14154,287
31808,287
19721,287
24485,287
28581,287
12536,287
15646,287
13299,287
6392,287
21363,287
23030,287
20193,287
30571,287
12953,287
10962,287
31020,287
20108,287
28802,287
28547,287
25226,287
26981,287
13657,287
26261,287
20001,287
9999,287
30921,287
15844,287
8861,287
11465,287
9173,287
17848,287
6954,287
20453,287
14734,287
8262,287
14200,287
17400,287
10196,287
25066,287
23214,287
17922,287
26143,287
22713,287
22437,287
22334,287
21327,287
7910,287
18173,287
22126,287
13845,287
15375,287
7332,287
20237,287
9677,287
16955,287
25508,287
20602,287
8162,287
16062,287
3954,287
30599,287
9598,287
20322,287
28213,287
22179,287
27458,287
1389,287
26897,287
30273,287
17280,287
25508,287
9239,287
18007,287
11887,287
26930,287
11919,287
16700,287
24880,287
5924,287
20906,287
21843,287
27661,287
20899,287
19072,287
21205,287
17192,287
12268,287
223,287
18163,287
21200,287
16682,287
9173,287
20104,287
13465,287
12481,287
9173,287
10067,287
2697,287
24556,287
21920,287
23951,287
23160,287
30088,287
18067,287
13122,287
3686,287
7007,287
15511,287
28086,287
10203,287
16614,287
14363,287
24234,287
3848,287
17685,287
16378,287
12527,287
3405,287
20401,287
29993,287
26659,287
16162,287
17364,287
19805,287
16248,287
14946,287
13277,287
14732,287
15184,287
5992,287
6060,287
1823,287
3729,287
12544,287
12207,287
12229,287
16757,287
27863,287
6729,287
11956,287
17085,287
28443,287
17727,287
4581,287
26772,287
22033,287
4078,287
5109,287
4247,287
2809,287
15831,287
9079,287
4106,287
6367,287
26175,287
19989,287
31454,287
1943,287
6755,287
23574,287
16677,287
23672,287
22356,287
20590,287
20590,287
14983,287
22215,287
18688,287
6430,287
4487,287
24937,287
3129,287
13537,287
17168,287
8824,287
5016,287
14760,287
8339,287
29784,287
24323,287
31834,287
31145,287
15369,287
4984,287
26450,287
22393,287
20656,287
17056,287
12307,287
17886,287
17886,287
17886,287
16350,287
16350,287
18990,287
17948,287
28761,287
16350,287
26635,287
9837,287
27926,287
27447,287
15516,287
27997,287
17958,287
4770,287
23335,287
15942,287
15122,287
18469,287
18990,287
26842,287
19589,287
25338,287
8564,287
65,287
18845,27
24835,27
25254,27
6890,27
20307,27
20950,27
21414,27
6919,27
25502,27
22729,27
15997,27
15340,27
10846,27
15482,27
11675,27
13192,27
15487,27
23312,27
8424,27
26962,27
12216,27
9544,27
7920,27
11855,27
14133,27
3583,27
10211,27
20382,27
10228,27
15074,27
20650,27
16883,27
8956,27
6641,27
730,27
23167,27
15708,27
22965,27
25116,27
5938,27
14777,27
25212,27
22828,27
7512,27
5682,27
15101,27
21730,27
17004,27
9536,27
18599,27
27023,27
542,27
24315,27
12944,27
22695,27
7263,27
11520,27
14969,27
2833,27
27101,27
7993,27
5689,27
23498,27
9701,27
373,27
1633,27
7156,27
25384,27
27219,27
10278,27
22325,27
14070,27
18627,27
178,27
21487,27
26130,27
24070,27
3002,27
2402,27
24193,27
17550,27
1144,27
14547,27
7835,27
11816,27
16979,27
3478,27
13409,27
15910,27
12995,27
18066,27
23201,27
24519,27
2067,27
10280,27
1125,27
12610,123
25896,123
8882,123
25231,123
27668,123
21514,123
13724,123
17105,123
16651,123
13974,123
18237,123
13381,123
13395,123
20707,123
13915,123
28177,123
10631,123
23440,123
16795,123
4656,123
24133,123
25071,123
14979,123
8548,123
7939,123
10479,123
21008,123
8841,123
10759,123
11969,123
12717,123
8261,123
20103,123
17140,123
18979,123
6073,123
27985,123
24324,123
27044,123
20017,123
25862,123
22561,123
28139,123
16312,123
27181,123
14463,123
16500,123
24267,123
22010,123
3467,123
10129,123
10644,123
10143,123
25875,123
23898,123
13806,123
13806,123
22170,123
15784,123
23091,123
8666,123
28943,123
12853,123
27376,123
16741,123
28253,123
27971,123
25584,123
20770,123
26265,123
29321,123
28268,123
7401,231
8540,231
2592,231
10994,231
13075,231
329,231
18219,231
14422,231
29810,231
10064,231
5793,231
19909,231
12450,231
23884,231
8732,231
11207,231
9424,231
7188,231
1337,231
11739,231
16153,231
29013,231
364,231
23158,231
22388,231
17028,231
3964,231
17186,231
340,231
23731,231
24731,231
11894,231
15805,231
26104,231
14351,231
14915,231
11315,231
14938,231
13606,231
20980,231
8376,361
15967,361
17964,361
18445,361
18541,361
28151,361
10014,361
12973,361
22131,361
8092,361
16680,361
24336,361
3095,361
14756,361
22151,361
4321,361
24011,361
30855,361
30119,361
28128,361
13476,361
24323,361
3176,361
1324,361
15896,252
8484,252
6832,252
324,252
2723,252
31634,252
18137,252
16926,252
11242,252
9923,252
24449,252
2592,252
4781,252
1629,252
16893,252
13431,252
2891,252
17186,252
23962,252
2583,252
1781,252
23968,252
25286,252
15528,252
25286,252
435,252
17284,252
1397,252
7065,252
13526,252
23384,252
16893,252
26583,252
14622,252
25304,252
11753,252
20480,252
23020,252
18210,252
7010,252
4377,252
287,252
8317,252
27972,252
12920,252
19584,252
12322,252
3476,252
18479,252
14754,252
7192,252
12432,252
21711,252
29810,252
19837,252
6605,252
30155,252
12663,252
6407,252
2119,949
25665,949
13576,949
13257,949
24275,949
11521,949
18443,949
28494,949
6578,949
28822,949
26826,949
24557,949
1188,949
20219,949
28659,949
4435,949
29818,949
1135,949
18532,949
18532,949
24275,949
24275,949
17278,949
18532,949
25594,949
27956,949
13742,949
8456,949
6685,949
26017,949
16740,949
12671,949
13403,949
19494,949
19290,949
9234,949
1832,609
69,609
13318,609
32125,609
26078,609
2459,609
10173,609
15994,609
31145,609
22914,609
24278,609
5732,609
19881,609
25957,609
1538,609
2644,609
26246,609
7644,609
31143,609
15772,609
30026,609
21500,609
6498,609
25139,609
12647,609
4227,609
16804,609
5696,609
21585,609
23892,609
24884,609
25315,609
28377,609
3054,609
26141,609
18183,609
1538,609
25118,609
5657,551
14870,551
21120,551
21997,551
2416,551
18476,551
724,551
2810,551
13104,551
31632,551
26781,551
29201,551
23419,551
8673,551
19208,551
30396,551
18389,551
21713,551
1146,551
2672,551
13342,551
19215,551
23654,551
28074,551
21405,551
25516,551
21191,551
27830,551
4966,551
25159,551
25967,551
17925,551
17970,551
29233,551
14632,551
23239,551
19576,551
3960,551
31894,551
201,551
15523,551
12186,551
24336,551
30206,551
22390,551
12687,551
9108,551
30879,551
25616,551
934,542
1911,542
23145,542
17170,542
6472,542
28867,542
6095,542
8940,542
5952,542
445,542
26972,542
23250,542
31208,542
14231,542
22773,542
14564,542
20510,542
1370,542
4161,542
107,542
29704,542
2219,542
32228,542
24658,542
6434,542
5441,542
6391,542
5364,542
15808,542
22007,542
10302,542
25618,542
30026,542
26006,542
12972,542
5163,542
17019,542
8097,542
31099,542
28720,542
6209,542
31737,542
12495,542
2582,542
22385,542
10333,542
7541,542
6099,542
4697,542
31614,542
25661,542
8102,542
138,542
24419,542
11045,542
6225,542
12976,542
122,542
24289,542
26466,542
1243,542
18919,542
9000,542
27830,542
1635,542
24336,542
24179,542
30865,542
4333,542
77,542
25505,542
30018,542
31285,542
24420,542
10516,542
5440,542
8271,542
4654,542
31736,542
28060,542
7105,542
5746,542
10291,542
3182,542
30188,542
28829,542
27190,542
4266,542
2099,542
7541,457
31576,457
1470,457
25770,457
2845,457
1304,457
32291,457
21048,457
11086,457
13799,457
3146,457
24081,457
28658,457
22633,457
19474,457
31428,457
28024,457
31733,457
6751,457
23088,457
29770,457
10393,457
8412,457
19766,457
15756,457
31853,457
15640,457
1721,457
10978,457
23551,457
18470,457
30146,457
22545,457
26506,457
10842,457
5984,457
27553,457
30053,457
9102,457
20923,457
18215,457
1407,457
7541,457
23841,457
29907,457
28915,457
14989,457
22003,457
24568,457
7869,457
11082,457
3202,457
23866,457
20097,457
5243,457
3979,457
6385,457
16750,457
5266,457
28911,457
26304,457
5645,457
10027,457
27917,457
28825,457
21656,457
29204,457
21335,457
22988,457
31108,457
7125,457
17784,457
25477,457
26650,457
14491,457
7541,457
5069,457
5565,457
26257,457
30768,457
18349,457
20260,457
4484,457
18036,457
7285,457
12356,457
9108,457
1674,457
11813,457
18920,457
7265,457
14721,457
24806,457
8442,457
16864,457
8442,457
29413,457
21900,457
17135,457
15302,457
25224,457
31185,457
28477,457
4443,457
6286,457
30110,457
5620,457
11320,457
30562,457
4694,457
20999,893
31181,893
5372,893
22802,893
7406,893
175,893
7366,893
30218,893
28916,893
28916,893
28916,893
12998,893
148,893
9939,893
9939,893
11402,893
24195,893
1594,893
30215,893
1594,893
18368,893
22802,893
23605,893
17295,893
24150,893
19799,893
6422,893
24150,893
2056,893
27532,893
17522,893
4592,893
20761,893
24808,893
23100,893
14158,893
22838,893
22838,893
17976,893
16529,893
10656,893
30040,893
32473,893
32473,893
24800,893
8733,893
31838,893
26206,893
32243,893
18674,893
2099,893
11567,893
3122,893
24086,893
12201,244
5627,244
29981,244
6441,244
12478,244
30998,244
16793,244
25467,244
3499,244
16200,244
4873,244
2244,244
9771,244
3524,244
19659,244
6065,244
3349,244
17484,244
8637,244
19238,244
3389,244
22993,244
7162,244
16206,244
28992,244
18047,244
28746,244
5873,244
25241,244
19651,244
25819,244
2113,244
24609,244
7010,244
22767,244
27623,244
24528,244
22831,244
29838,244
26704,244
2200,244
17834,244
22817,244
4262,244
21723,244
5569,244
11274,244
2873,244
4562,244
28134,244
4019,244
14540,244
15412,244
29029,244
31372,244
1088,244
27140,244
17406,244
11602,244
26192,244
8057,244
18615,244
29136,244
1350,244
2662,244
8540,244
393,244
2662,244
5600,244
14630,244
27770,244
13336,244
5386,244
9339,244
8352,244
18982,244
4650,244
2945,244
15501,244
3557,244
3845,244
18816,244
8375,244
5536,244
25666,244
26704,244
23329,244
8308,244
15880,244
6231,244
22656,244
14604,244
22656,244
3378,244
15902,244
12222,244
24509,244
29631,244
30355,244
20555,244
5406,244
12290,244
25631,325
14431,325
22182,325
10150,325
24007,325
13981,325
3537,325
9676,325
20857,325
20972,325
20967,325
5020,325
19138,325
22030,325
22013,325
21916,325
16412,325
22103,325
13698,325
26426,325
17986,325
13338,325
20880,325
18690,325
19582,325
18690,325
31266,325
26503,325
22888,325
31376,325
13158,325
20295,325
1053,325
27260,325
6604,603
5827,603
14433,603
11151,603
24994,603
27346,603
12844,603
7402,603
8766,603
25923,603
31326,603
15954,603
32225,603
16038,603
7680,603
16370,603
16080,603
1469,603
25073,603
15890,603
22352,603
21527,603
31551,603
31829,603
31551,603
28627,603
1710,603
5747,603
23240,603
20522,603
3326,603
32019,603
2448,603
5388,603
24512,603
16774,603
15889,603
28850,603
5724,603
29164,603
17922,603
1678,603
14746,603
27977,603
25705,603
4654,603
22190,603
1751,603
3748,603
23106,603
22911,603
29423,603
5494,603
23875,603
4931,603
16011,603
13246,603
5089,603
729,603
25510,603
15377,603
15383,603
32266,603
761,603
20772,603
30880,603
29929,603
18807,603
18981,603
16543,603
7160,603
31689,603
21225,603
13005,603
16591,603
31276,603
2701,603
13067,603
17407,603
23233,603
15295,603
15926,603
26841,603
15942,603
27641,603
25679,603
8339,603
12388,603
20899,603
216,603
26756,603
29515,603
6889,603
13219,603
32081,1039
19242,1039
11107,1039
5831,1039
31306,1039
17402,1039
15903,1039
19571,1039
21464,1039
2831,1039
25053,1039
23969,1039
7336,1039
25012,1039
14139,1039
4623,1039
16532,1039
25015,1039
5564,1039
13689,1039
28662,1039
14285,1039
10965,1039
10965,1039
1486,1039
6706,1039
32081,1039
29844,1039
17760,1039
14847,1039
31465,1039
31465,1039
15151,1039
7959,1039
10381,1039
10381,1039
24554,1039
1298,1039
1224,1039
256,1039
19571,1039
24766,1039
22936,1039
3774,1039
3487,1039
3487,1039
10000,1039
2987,1039
19242,1039
24034,1039
15746,1039
27367,1039
19710,1039
12727,1039
32081,1039
20180,1039
3216,1039
3823,1039
19242,1039
7696,1039
10735,1039
17595,1039
17818,1039
22834,1039
19642,1039
2546,1039
10655,1039
25372,1039
17094,1039
7878,1039
21799,1039
2805,1039
3323,1039
3323,1039
24006,1039
24006,1039
24449,1039
1325,1039
21799,1039
24449,1039
28592,1039
28592,1039
30854,1039
28361,1039
30071,1039
32081,1039
8415,1039
15968,1039
4838,1039
5390,1039
19242,1039
19242,1039
19242,1039
2912,1039
28485,1039
28485,1039
19242,1039
19242,1039
26117,1039
19242,1039
26117,1039
3823,1039
26117,1039
2912,1039
19242,1039
249,858
2136,858
41,858
2034,858
15394,858
31517,858
5726,858
2089,858
18223,858
3527,858
31053,858
30582,858
11155,858
31422,858
9249,858
3935,858
4929,858
31221,858
6095,858
8152,858
11258,858
30582,858
9825,858
15438,858
19883,858
13457,858
13021,858
2475,858
14758,858
24087,858
12913,858
29895,858
2700,858
11802,858
10750,858
31396,858
32109,858
30606,858
29179,858
26773,858
25780,858
23338,858
2488,858
10774,858
20520,858
32373,858
27453,858
25752,858
30922,858
2752,858
9177,858
25727,858
17450,858
25207,858
25965,858
14040,858
26535,858
10859,858
8852,858
22936,858
14567,858
18866,858
31846,858
24062,858
25005,858
22778,858
14644,858
2372,162
13265,162
13152,162
26310,162
6681,162
5010,162
10572,162
9840,162
14540,162
4562,162
10707,162
12406,162
27321,162
18119,162
11380,162
18561,162
5430,162
16921,162
15447,162
6043,162
2553,162
19611,162
5245,162
9229,162
3435,162
25924,162
29499,162
16950,162
23185,162
15636,162
7419,162
10053,162
3630,162
17214,162
11423,162
14383,162
20487,162
15766,162
13073,162
16069,162
11395,162
13113,162
17076,162
21731,162
4673,162
17071,162
16191,162
8595,162
3531,162
16488,162
7989,162
27233,162
14141,162
17413,162
18725,162
4419,162
17486,162
13167,162
15881,162
13669,162
6526,162
7989,162
12797,162
12528,162
3848,292
29944,292
6906,292
27926,292
22393,292
467,292
27406,292
24234,292
3798,292
2881,292
15241,292
26260,292
18990,292
27458,292
15427,292
4078,292
3583,292
6380,292
3525,292
22041,292
27556,292
11889,292
6365,292
29866,292
19140,292
22257,292
28655,292
15864,292
8162,292
5976,292
31451,292
27152,292
17180,292
27447,292
28955,292
17019,292
24323,292
29721,292
20458,292
4080,292
22257,292
26279,292
19473,292
30895,292
4126,292
25460,292
13119,292
17865,292
11864,292
13299,292
11864,292
25563,292
23939,292
9116,292
17648,292
4588,292
9422,292
17070,292
12953,292
9239,292
2935,292
17367,292
17367,292
1860,169
23364,169
21662,169
24186,169
9745,169
17421,169
22478,169
20429,169
4431,169
5864,169
30255,169
8173,169
1286,169
28680,169
24582,169
4784,169
20238,169
24232,169
23668,169
16958,169
30301,169
1336,169
30512,169
4898,169
21698,169
5166,169
7816,169
9785,169
4916,169
9513,169
8006,169
1280,169
16571,169
16742,169
30461,169
24371,169
17412,169
6317,169
6317,169
22939,169
18896,169
19490,169
13045,169
17412,169
27947,169
9119,169
11342,169
17916,169
2763,169
23828,169
231,169
5296,169
4568,169
23990,169
16602,220
6569,220
15006,220
31667,220
16264,220
13303,220
17767,220
24526,220
18651,220
8886,220
11032,220
18769,220
21080,220
19032,220
7822,220
2594,220
27767,220
8094,220
29739,220
9101,220
4914,220
7799,220
22288,220
21110,220
8413,220
16202,220
28183,220
6175,220
25453,220
30602,220
4914,220
25453,220
9447,220
24517,220
23934,220
31460,220
8479,220
2856,220
2202,220
27325,220
5243,220
10482,220
25858,220
26764,220
17047,220
14392,220
24551,220
30303,220
26695,220
1591,447
30985,447
10819,447
28147,447
10659,447
27664,447
4548,447
22733,447
31254,447
20028,447
22233,447
21573,447
5554,447
25437,447
5005,447
21816,447
15576,447
6042,447
21741,447
22646,447
10035,447
25586,447
30693,447
27318,447
10231,447
23658,447
24942,447
13471,447
31389,447
22030,447
18460,447
28646,447
9407,447
30156,447
30910,447
24473,447
16175,447
10182,447
28960,447
30954,447
23085,447
13885,447
22629,447
5457,447
4570,447
18593,447
320,447
26702,447
8410,447
11332,447
24224,447
9362,447
18375,447
16034,447
22987,447
16792,447
25255,447
20800,447
18287,447
17800,447
4217,447
28261,447
23126,447
23418,447
14627,447
7448,447
22548,447
31448,447
21593,447
31265,447
24799,447
24956,447
24956,447
18882,447
20788,447
17656,447
30517,447
13289,447
28536,447
20832,447
22604,447
17689,447
25019,447
29255,447
18745,447
30543,447
21350,447
30502,447
15256,447
20934,447
22421,447
24781,447
25811,447
30615,447
10836,447
12854,447
23395,447
32217,447
14784,672
26096,672
22320,672
817,672
15145,672
30629,672
23251,672
26096,672
19854,672
1012,672
4558,672
31492,672
10420,672
24177,672
2432,672
18167,672
2227,672
7208,672
280,672
4112,672
24153,672
14776,672
6065,672
7352,672
1089,672
5712,672
13800,672
2802,672
3570,672
30753,672
14599,672
11135,672
19527,672
5541,672
30970,672
5541,672
16213,672
32110,672
8566,672
8566,672
10698,672
31508,672
16268,672
11754,672
32335,672
2978,672
11324,672
16048,672
6421,672
824,672
22992,672
15642,672
2680,672
25919,672
13924,672
13198,672
25584,672
26985,672
1810,672
23697,672
5110,672
7322,672
23951,672
8090,672
2680,672
24577,672
22136,672
17999,672
22136,672
31156,672
21474,672
23098,672
21278,672
15747,672
2569,672
23560,672
30337,672
16033,672
12044,672
18902,672
5084,672
26149,672
2978,672
29766,672
26587,672
24896,672
25996,672
17414,672
4337,672
14143,672
13156,672
17510,672
18685,672
7636,672
16798,672
12093,672
15183,672
8731,672
14923,672
12709,672
27716,672
28480,672
6777,672
28495,672
24096,672
13781,672
3256,672
10251,672
30973,672
8115,672
23986,672
17929,672
6800,672
23209,672
30188,672
1435,672
31755,672
20593,672
14983,672
16531,656
20315,656
16313,656
11092,656
25697,656
18434,656
815,656
14441,656
27963,656
2641,656
25479,656
1906,656
4706,656
15894,656
31359,656
16531,656
12800,656
3310,656
27294,656
2179,656
5276,656
25967,656
6080,656
30702,656
3482,656
19921,656
32041,656
15123,656
22993,656
10678,656
16223,656
14652,656
9375,656
22171,656
27488,656
14769,656
27746,656
21793,656
17002,656
13104,656
2628,656
26612,656
17157,656
23401,656
6053,656
23134,656
25325,656
26514,656
15930,656
24574,656
29492,656
6513,656
3872,656
16546,656
18817,656
14427,656
1386,656
5104,656
11236,656
1386,656
6765,656
17315,656
23484,656
27549,656
12273,656
29044,656
21484,656
26713,656
22726,656
1907,656
19144,656
1636,656
28850,656
32070,656
22157,656
8815,656
32061,656
26687,656
15773,656
24811,656
9319,656
14861,656
370,656
2780,656
26684,656
26684,656
24772,656
9904,656
30298,656
29829,656
27414,656
25569,656
31353,656
24772,656
5211,656
18796,656
26489,656
31603,656
1845,656
5608,656
5479,656
3021,656
954,656
821,656
1860,656
5036,656
6638,656
24935,656
10594,656
5291,656
27672,656
24111,656
24111,656
11401,656
1952,656
9851,656
22390,656
8439,656
27076,656
20191,656
12462,656
3910,656
29886,656
5440,656
7286,656
11544,656
20856,656
14450,656
10006,656
20503,656
30561,656
27731,656
16570,656
24341,656
21827,656
26967,656
17039,656
16281,656
12292,656
6429,656
23723,656
3146,656
6923,656
11471,656
24510,656
31160,656
9046,656
6133,656
4438,656
16771,656
448,656
15874,656
19122,656
3878,656
26821,656
26886,656
6119,656
29420,656
27754,656
1395,656
31968,656
31968,656
1395,656
18508,656
17157,656
12563,656
32323,656
8707,656
5818,656
9753,656
1719,656
8437,656
66,656
811,656
254,656
1560,656
3970,656
6476,656
965,656
16025,656
18334,656
19508,656
20328,656
232,656
5582,656
4630,656
6290,656
461,656
5582,656
9266,656
6351,656
11836,656
8145,656
11676,656
22734,656
17974,656
6723,656
30567,656
31948,656
19665,656
4608,656
17195,656
17913,656
24412,656
26112,656
31867,656
31209,656
13259,656
2676,656
5782,656
25660,656
7602,656
18056,656
26500,656
2152,656
22321,656
31724,656
843,656
8309,656
21927,656
374,656
31548,656
48,656
28944,656
3643,656
26257,656
3231,656
5350,656
500,656
5045,656
9518,656
31172,656
4762,656
12052,656
12052,656
21188,656
5319,656
29653,656
6204,656
29022,656
29022,656
29022,656
19311,656
28099,656
6749,1030
26877,1030
24855,1030
5482,1030
14738,1030
28879,1030
27504,1030
24626,1030
9645,1030
6831,1030
15806,1030
8173,1030
24544,1030
1352,1030
29800,1030
19886,1030
22592,1030
1934,1030
21954,1030
5027,1030
8495,1030
10276,1030
31851,1030
20991,1030
28121,1030
26617,1030
25990,1030
2152,1030
32307,1030
32260,1030
25922,1030
31212,1030
31501,1030
4228,1030
5754,1030
9785,1030
32541,1030
4898,1030
24169,1030
9431,1030
14415,1030
8257,1030
30023,1030
20820,1030
14569,1030
29396,1030
7758,1030
13332,1030
28915,1030
17790,1030
7905,1030
23981,1030
11821,1030
7905,1030
12072,1030
14229,1030
3459,1030
11821,1030
31481,1030
6807,1030
24811,1030
28799,1030
19458,1030
26801,1030
18432,1030
4318,1030
17916,1030
26969,1030
16186,1030
24645,1030
22156,1030
23682,1030
27464,1030
25733,1030
8648,1030
32447,1030
25312,1030
32447,1030
17487,1030
8557,1030
27106,1030
30768,1030
25041,1030
6635,1030
27205,1030
31185,1030
27092,1030
10808,1030
17806,1030
7832,1030
9028,1030
19822,1030
13757,1030
4368,1030
24214,1030
25376,1030
6646,1030
28919,1030
9844,1030
20228,1030
28755,1030
25588,1030
18241,1030
24591,1030
22467,1030
3975,1030
15186,1030
19842,1030
23125,1030
6248,1030
28915,1030
24626,1030
22995,1030
9009,792
13344,792
12794,792
1618,792
4049,792
28908,792
28720,792
28908,792
18907,792
31942,792
2733,792
6684,792
20757,792
24771,792
26266,792
1788,792
11236,792
17569,792
14398,792
1441,792
14955,792
29015,792
7369,792
3790,792
1471,792
19468,792
3373,792
3157,792
24042,792
26497,792
22825,792
19444,792
8531,792
17792,792
8531,792
1803,792
31817,792
31343,792
27610,792
1504,792
1191,792
12878,792
21780,792
2703,792
28829,792
18891,792
12181,792
15281,792
11771,792
15639,792
26532,792
6646,792
4690,792
8387,792
10621,792
28533,792
26047,792
12542,792
2596,792
22858,792
28965,792
2640,792
22610,792
5945,792
30768,792
25086,792
13416,792
8965,792
684,792
16842,792
2668,792
15150,792
7191,792
22993,792
27629,792
22832,792
19590,792
9844,792
3271,792
32432,792
31847,792
17899,792
15930,792
32178,792
28584,792
7135,394
20929,394
28251,394
16385,394
921,394
23607,394
12206,394
32145,394
10527,394
6682,394
26088,394
13342,394
11266,394
26108,394
1682,394
12836,394
9133,394
16506,394
12836,394
24768,394
26157,394
28688,394
9924,394
24975,394
2162,394
12222,394
10795,394
31822,394
22111,394
30603,394
4317,394
15597,394
24026,394
26366,394
5514,394
4838,394
917,394
14994,394
16780,394
11035,394
31018,394
22032,796
15029,796
22032,796
12353,796
28794,796
8298,796
8298,796
8088,796
11406,796
13065,796
30551,796
18126,796
28731,796
28014,796
12926,294
10664,294
17206,294
25052,294
7052,294
9249,294
29824,294
22633,294
31185,294
2262,294
4942,294
14919,294
7942,294
14112,294
897,1026
10950,1026
7981,1026
24955,1026
18650,1026
15229,1026
18373,1026
817,1026
7064,1026
12882,1026
28704,1026
1092,1026
10950,1026
16891,1026
3748,1026
16668,1026
12882,1026
19798,1026
12610,1026
31671,1026
954,1026
13104,1026
11369,1026
26041,1026
10922,1026
30703,1026
17939,1026
186,1026
17864,1026
15878,1026
19290,1026
6031,1026
19533,1026
15198,1026
2608,1026
15704,1026
23564,1026
15830,1026
5581,1026
20439,1026
19703,1026
10829,1026
8741,1026
22340,1026
13858,1026
16330,1026
30622,1026
3104,1026
2081,1026
31701,1026
13032,1026
5096,1026
24190,1026
29111,1026
2926,1026
30323,1026
29595,1026
17939,1026
17939,1026
29888,1026
10254,1026
11678,1026
21377,1026
32513,1026
19762,1026
1786,1026
3187,1026
1945,1026
23551,1026
21495,1026
3221,1026
9850,1026
3002,1026
7340,1026
30560,1026
3753,1026
28241,1026
10749,1026
20132,1026
7133,1026
17357,1026
4269,1026
17760,1026
3114,1026
23140,1026
1800,1026
30549,1026
9379,1026
12071,1026
17939,1026
667,1026
9957,1026
21373,1026
5898,1026
26641,1026
27766,1026
1001,1026
23795,1026
22408,1026
16469,1026
16363,1026
9703,1026
16841,1026
24925,1026
25799,1026
17601,1026
28794,1026
25096,1026
19785,1026
19785,1026
23239,1026
30583,1026
1231,1026
31359,1026
19533,1026
1091,1026
19119,1026
9703,1026
28427,1026
17651,1026
29400,1026
12202,1026
12202,1026
25506,1026
6935,1026
16348,1026
2445,1026
30984,1026
10482,1026
19243,1026
19166,1026
5360,1026
30953,1026
7176,1026
20903,1026
15945,1026
23457,1026
11754,1026
29387,1026
18900,1026
18691,1026
7997,1026
16883,1026
30724,1026
12122,1026
12122,1026
2138,1026
10950,1026
998,1026
10224,1026
28985,1026
5204,1026
27889,1026
11362,1026
10950,1026
28984,1026
12016,1026
22082,1026
7689,1026
12271,1026
7110,1026
2055,1026
8284,1026
14000,1026
10950,1026
3904,1026
11424,1026
11424,1026
19478,1026
19478,1026
30242,1026
9260,1026
21320,1026
26086,1026
20739,1026
787,1026
30795,1026
18637,1026
528,1026
27183,1026
3558,1026
23208,1026
10950,1026
18637,1026
158,1026
7045,1026
5264,1026
14748,1026
11653,1026
32448,1026
31334,1026
15735,1026
31959,1026
10831,1026
6056,1026
613,1026
18072,1026
17939,1026
3550,1026
21992,1026
32275,1026
13346,1026
17988,1026
19753,1026
10950,1026
32275,1026
17925,1026
26166,1026
7756,1026
20086,1026
31037,1026
24599,1026
8706,1026
32534,1026
1226,1026
12005,1026
30298,1026
5685,1026
2250,1026
14758,1026
16177,1026
10950,1026
31266,1026
27749,1026
28810,1026
10950,1026
19834,1026
6900,1026
30071,1026
3998,1026
10950,1026
10950,1026
32102,1026
32474,1026
2810,1026
24536,1026
16280,1026
16280,1026
16280,1026
16280,1026
5446,1026
21757,1026
17939,1026
30751,1026
2338,1026
2338,1026
25481,1026
3306,1026
16974,1026
32100,1026
32100,1026
28130,1026
21249,1026
23662,1026
19699,1026
32543,1026
10991,1026
812,1026
260,1026
10950,1026
16288,1026
21388,1026
29327,1026
5007,1026
1194,1026
31095,1026
31095,1026
3716,1026
1700,1026
17905,1026
5204,1026
29717,1026
29717,1026
17366,1026
31233,1026
28341,1026
2862,413
27945,413
24248,413
30899,413
9243,413
9919,413
22481,413
15537,413
12316,413
30883,413
27057,413
18857,413
28201,413
25849,413
10571,413
13279,413
10833,413
25270,413
31228,413
2134,413
2862,413
11980,413
21883,413
12137,413
31636,413
22677,413
21883,413
21883,413
12137,413
5556,413
31072,413
11236,413
13517,413
9063,413
22630,413
7992,413
13659,413
13634,413
740,413
21759,413
729,413
27208,413
21952,413
3551,413
12391,413
26394,413
11829,413
25775,413
22094,413
12178,413
29828,413
8605,413
17448,413
31076,413
30055,413
30989,779
11799,779
14993,779
27238,779
2619,779
30136,779
21605,779
21191,779
31819,779
12560,779
8769,779
4348,779
29482,779
8286,779
6027,779
30442,779
7865,779
7094,779
9752,779
15757,779
3959,779
8999,779
9527,779
11090,779
9722,779
2762,779
26699,779
12658,779
26262,779
11530,779
7916,779
27700,779
27700,779
25116,779
6298,779
4094,779
10012,779
10012,779
4723,779
18017,779
25336,779
4094,779
15020,779
10614,779
18597,779
22725,779
32007,779
32007,779
17658,779
11014,779
4339,779
10221,779
20917,779
1407,779
15131,779
28601,779
30818,529
2707,529
4906,529
8119,529
3029,529
27725,529
18420,529
11372,529
11908,529
7935,529
2920,529
3693,529
19149,529
18838,529
1699,529
14177,529
31991,529
2980,529
19996,529
28386,529
1021,529
3133,529
6671,529
13951,529
6496,529
8409,529
31153,529
3229,529
19203,529
6898,529
7750,529
20094,529
4161,529
23,529
28711,529
24710,529
27384,529
29014,529
14568,529
16540,529
30521,529
3669,529
22261,529
14983,529
13744,529
19021,655
28708,655
30543,655
5670,655
23395,655
20287,655
31669,655
18292,655
23979,655
25440,655
21463,655
23085,655
8214,655
29647,655
16203,655
21733,655
6984,655
23935,655
17589,655
20028,655
28869,655
22381,655
27342,655
24024,655
19009,655
30060,655
17966,655
24351,655
20800,655
31213,655
23562,655
11218,655
24743,655
21593,655
23007,655
15626,655
30404,655
26213,655
32217,655
22233,655
27604,655
22239,655
22548,655
23418,655
15256,655
8300,655
1279,323
9925,323
30795,323
879,323
28686,323
14790,323
26770,323
29282,323
11256,323
879,323
10344,323
10344,323
10344,323
6804,323
23088,1053
30186,1053
8184,1053
29781,1053
11388,1053
22910,1053
4802,1053
18640,1053
32166,1053
592,1053
9645,1053
27872,1053
7123,1053
26613,1053
1600,1053
19317,1053
27420,1053
24541,1053
28508,1053
23885,1053
1821,1053
17047,1053
8143,1053
17605,1053
25926,1053
25126,1053
19630,1053
26152,1053
19630,1053
16683,1053
25705,1053
32390,1053
7968,1053
27932,1053
23682,1053
32397,1053
16464,1053
17953,1053
29260,1053
21658,1053
26973,1053
25858,1053
16803,1053
5473,1053
31474,1053
30983,1053
30983,1053
10469,1053
7875,1053
28024,1053
23181,1053
27584,1053
31888,1053
32432,1053
31888,1053
32534,1053
32509,1053
10762,1053
28202,1053
26323,1053
4802,1053
23415,1053
1123,1053
8094,1053
27433,1053
26556,1053
13933,36
3690,36
480,36
26153,36
27654,36
27654,36
18234,36
7011,569
12112,569
29440,569
10729,569
652,569
5218,569
28955,569
10512,569
24339,569
19045,569
12655,569
10252,569
2406,569
2179,569
17054,569
19272,569
12965,569
18617,569
19060,569
7925,569
2727,569
19934,569
18934,569
24472,569
26579,569
12442,569
2300,569
3363,569
30743,569
21296,569
6284,569
14519,569
5289,569
14648,569
7038,569
20321,569
24336,569
20997,569
14106,569
23688,569
24048,569
5860,569
10060,569
32116,569
6025,569
2258,569
18410,569
14097,569
14642,569
4761,569
847,569
9258,569
18984,569
10415,569
26275,569
2587,569
26281,569
24740,569
24729,569
21713,569
31123,569
27086,569
24009,569
5811,569
8244,569
14898,569
138,569
11760,569
20606,569
20263,569
8523,569
17716,569
7087,569
8395,569
18214,569
14972,569
20485,569
14588,569
1853,569
4413,569
17934,569
4585,569
29890,569
14930,569
9697,569
14699,569
14803,569
19180,569
8245,569
19019,569
14396,569
16077,569
8127,569
5881,569
32052,569
21982,569
6015,569
26989,569
15081,569
28070,569
8791,569
24644,569
31442,569
31067,569
16579,569
23303,569
25339,569
31784,569
12390,569
12467,569
5432,501
2751,501
19863,501
7897,501
31434,501
3502,501
318,501
12930,501
19454,501
23575,501
27230,501
11266,501
24945,501
10140,501
19713,501
29384,501
11510,501
11964,501
8066,501
26980,501
32102,427
28155,427
23810,427
20346,427
2705,427
2386,427
28094,427
25602,427
28232,427
19339,427
30849,427
21993,427
10314,427
1539,427
28813,427
30978,427
19463,427
30556,427
19788,427
19825,427
21571,427
5002,427
11456,427
1804,427
30260,427
28574,427
29385,427
2059,427
28921,427
5565,427
20455,427
20845,427
7643,427
30760,427
3668,565
6640,565
32344,565
29979,565
4897,565
32188,565
878,565
13182,565
531,565
4382,565
2866,565
8981,565
1200,565
30347,565
21431,565
27243,565
781,565
22897,565
26446,565
26894,565
30568,565
12620,565
31989,565
4806,565
28961,565
3975,565
3022,565
19564,565
19268,565
16717,565
10930,565
2861,565
30462,565
13340,565
5857,565
9417,565
27369,565
11244,565
13104,565
2041,565
20947,565
11634,565
10888,565
17838,565
435,565
5024,565
26239,565
32143,341
30039,341
31518,341
23896,341
15590,341
15799,341
5131,341
23619,341
1347,341
6654,341
13800,341
26364,341
6888,341
19270,341
32135,341
261,341
735,341
30020,341
8647,341
6654,341
20416,341
21432,341
20416,341
2349,341
24078,341
5301,341
9307,341
22022,209
22747,209
21344,209
12761,209
16089,209
16164,209
3453,209
3217,209
29502,209
28043,209
7636,209
31170,209
19353,209
681,209
25846,209
23186,209
13196,209
23978,209
25236,209
25091,209
18962,209
21216,209
18520,209
9235,209
18097,209
5336,209
24958,209
15736,209
24247,209
26050,209
25731,209
2849,209
24863,209
8283,209
22206,209
16642,209
25150,209
17842,209
17383,209
23703,209
19602,209
26518,209
13271,209
20824,209
24004,209
17201,209
23332,209
13876,209
27702,209
19290,209
25768,209
23964,209
28056,209
18766,209
6861,209
27909,209
31441,209
8623,209
23442,209
29358,209
10451,209
12029,209
16820,209
20295,209
13789,209
31494,488
23201,488
15884,488
22787,488
24728,488
11978,488
3934,488
3114,488
31750,488
15198,488
3991,488
3221,488
2254,488
19992,488
21114,488
4239,488
151,488
8107,488
17429,488
13097,488
26601,488
1057,488
31446,488
6476,488
23128,488
7254,488
12804,488
4889,488
20843,488
1029,488
27930,488
19619,488
20354,488
6497,488
12941,488
19200,488
3857,488
22510,488
11777,488
2971,488
14542,488
647,488
10947,488
7223,488
18634,488
6552,488
7116,488
15808,488
31978,488
1850,488
7010,488
9319,488
9790,488
16396,488
15854,488
12254,488
8285,488
14571,488
2411,488
15063,488
1686,488
12291,488
13264,488
15487,488
2396,488
4259,488
20568,488
3175,488
13599,488
10001,488
23612,488
29747,488
26136,488
12230,488
6975,488
17072,488
8419,488
15226,488
3561,488
4842,488
495,488
13592,488
1705,488
14672,488
687,488
13592,488
788,488
14537,488
16550,488
5450,488
17508,488
4928,488
23018,488
14364,488
19970,488
12437,488
19838,488
25463,488
26088,488
16045,488
14695,488
30702,488
18176,488
21976,488
827,488
19792,488
13628,488
4259,488
12261,488
12436,488
1042,488
24637,488
29992,488
27075,488
8439,488
4608,488
30670,488
2776,488
8342,488
9751,488
7705,488
27075,488
25069,488
1706,488
3080,488
11191,488
7450,488
11109,488
30696,488
1009,488
12047,488
25245,488
5360,488
31062,488
30242,488
17202,488
19214,488
30620,488
15657,488
15369,488
30059,488
10466,488
17964,488
23650,488
4721,488
30794,488
14861,488
27944,488
28643,488
14630,488
12811,488
23967,488
6264,488
10414,488
10500,488
8642,488
19171,488
4456,488
10998,488
30696,488
17634,488
16033,488
22124,488
1255,488
3007,488
15988,488
24693,488
20382,488
9011,488
11242,488
20499,488
16889,488
19197,488
3987,488
4793,488
828,488
26309,488
13808,488
25808,488
16996,488
26040,488
25415,488
4638,488
1467,488
16704,488
29424,488
2263,488
29631,488
17791,488
3288,488
11878,488
14035,488
9237,488
11542,488
7958,488
11550,488
12331,488
29619,488
32108,488
29389,488
16252,488
12374,488
2123,488
23438,488
20151,488
30684,488
17945,488
12197,488
12962,488
7419,488
11574,488
19725,488
26259,488
14267,488
31647,488
15547,488
15787,488
13224,488
21525,488
29552,488
27576,488
11164,488
24851,488
4024,488
28882,488
19932,488
7539,488
3809,488
31480,488
14280,488
1862,488
31903,488
10540,488
7489,488
6291,488
5926,488
6153,488
10212,488
20381,488
12935,488
1131,488
5626,488
21731,488
15454,488
24209,488
12777,488
8031,488
5536,488
5595,488
19840,488
16359,488
29496,488
26643,488
23748,488
12100,488
14269,488
25925,488
27579,488
29322,488
27114,488
3624,488
5426,488
15894,488
19261,488
21747,488
22249,488
17639,488
29140,488
25435,488
10921,488
31902,488
12064,488
7683,488
11963,488
10534,488
480,488
15912,488
28100,488
1786,488
5524,488
10619,488
17327,488
18488,488
30945,488
13227,488
28970,488
11650,488
19290,488
29500,488
25258,488
5978,488
4998,488
7703,488
10376,488
4976,488
28693,488
17834,488
31909,488
19889,488
11013,488
11013,488
21307,488
18399,488
31372,488
12500,488
8662,488
2553,488
15858,488
9916,488
9518,488
25448,488
3876,488
28803,488
23631,488
5612,488
3000,488
13162,488
2802,488
24681,488
11292,488
27534,488
10200,488
3477,488
25966,488
17378,488
26846,488
19718,488
32027,488
24791,488
6272,488
16808,488
17452,488
9913,488
7618,488
24519,488
23311,488
15658,488
7562,488
5617,488
19266,488
15802,488
5125,488
14108,488
6310,488
5430,488
5550,488
31526,488
2088,488
15724,488
30869,488
25144,488
15357,488
18961,488
14552,488
19768,488
13697,488
22264,488
19108,488
13655,488
13998,488
14076,488
3792,488
29145,488
16943,488
4951,488
20652,488
17730,488
3704,488
29658,488
13084,488
4166,488
7336,488
921,488
904,488
5442,488
17232,488
1022,488
15764,488
23143,488
30927,488
5505,488
22863,488
17756,488
19292,488
7644,488
1022,488
6018,488
3608,488
25012,488
18437,488
20331,488
20286,488
3166,488
25794,488
26526,488
8677,488
12599,488
30808,488
2342,488
21175,488
17726,488
16206,488
3451,488
20589,488
30580,488
25280,488
15673,488
4314,488
11565,488
2622,488
26936,488
15830,488
29452,488
17544,488
2622,488
21760,488
4704,488
11216,488
13624,488
14297,488
10804,488
16447,488
22814,488
16035,488
15051,488
29790,488
5283,488
26728,488
11734,488
29076,488
27780,200
7802,200
2590,200
13577,200
8694,200
20885,200
18266,200
168,200
14607,200
22951,200
3180,200
8880,200
22829,200
13302,200
993,200
18000,200
1675,200
29634,200
2885,200
27834,200
20833,200
31215,200
964,200
23812,200
7709,200
26988,200
30490,200
14535,200
26806,200
19576,200
8629,200
17297,200
13810,200
24459,200
6345,200
26667,200
22081,200
28314,200
7691,200
17494,200
18438,200
10371,200
16694,200
13362,200
26201,200
27346,200
19809,200
9261,200
20736,200
11775,200
24059,200
14037,200
1011,200
29253,200
31099,200
23155,200
10350,200
15478,200
12971,200
1840,200
13757,200
25689,200
7236,200
8394,200
27904,200
13024,200
6929,200
29847,200
14136,200
23869,200
9228,200
27238,200
6439,200
30118,200
247,200
10197,200
11503,200
2691,200
25138,200
27223,200
208,200
7361,200
6651,200
9150,200
12788,200
20121,200
6321,200
10647,200
19720,200
2524,200
12281,200
10327,200
26591,200
30360,200
30360,200
2876,200
14351,200
30498,200
24441,200
488,200
30442,200
16575,200
18258,200
16331,200
11218,200
7611,200
8091,200
10610,200
98,200
17348,200
2736,200
8590,200
96,200
10912,200
17656,200
11142,200
14587,200
24033,200
23846,200
24717,200
22689,200
14110,200
15358,200
2993,200
22157,200
4723,200
22183,200
23732,200
24942,200
23658,200
9510,200
23105,200
22993,200
8547,200
28418,200
22597,200
20792,200
19899,200
5718,200
16102,200
5832,200
6370,200
48,200
21974,200
7931,200
9649,200
890,200
19185,200
28397,200
20671,200
8415,200
30803,200
27066,200
31347,200
18577,200
15677,200
26554,200
803,200
7328,200
19314,200
5872,200
14257,200
23056,200
18472,892
27878,892
15783,892
19735,892
24487,892
27878,892
30108,892
17016,892
22241,892
32387,892
8826,892
30808,892
26733,892
6611,892
28836,892
17304,892
31626,892
26043,892
26043,892
31626,892
26043,892
27878,892
28985,392
24256,392
18268,392
3953,392
16247,392
28350,392
14301,392
13758,392
22203,392
7142,392
377,392
6407,392
5597,392
28282,392
24256,392
7098,392
9952,392
10277,392
30402,392
28635,392
3173,392
2016,392
2667,392
28985,392
2667,392
30224,392
28985,392
25134,392
11854,392
13388,392
2667,392
2867,392
23123,392
15845,392
26508,392
5684,392
10785,392
3398,392
17898,392
24716,392
17881,392
25012,392
29500,392
6572,392
1691,392
27577,392
28985,392
10219,392
27326,392
17880,392
2555,392
20505,392
21175,392
16593,392
10058,392
27577,392
5146,392
1165,392
14298,392
10909,392
10909,392
28517,392
6712,392
6712,392
23609,392
11885,392
21088,392
14241,392
8016,392
13205,392
28949,392
14241,392
14241,392
22573,392
30159,392
8016,392
21963,468
1287,468
28867,468
13104,468
15838,468
30803,468
11515,468
2001,468
21773,468
6131,468
17316,468
27910,468
32212,468
32304,468
6702,468
6521,468
4333,468
20803,468
32303,468
24009,468
29314,468
27346,468
874,468
16860,468
23629,468
6850,468
28296,468
23264,468
16540,468
13865,468
29314,468
29314,468
29314,468
6703,468
15024,468
15645,468
20499,468
5921,102
16766,102
14549,102
20697,102
7034,102
22907,102
10831,102
5684,102
21114,102
5057,102
26794,102
11899,102
26441,102
22028,102
7679,102
12776,102
8704,102
13974,102
3659,102
22210,102
11035,102
23320,102
4389,102
5029,102
17629,102
28197,102
28197,102
26648,102
12792,266
5850,266
31618,266
17336,266
28489,266
31426,266
3145,266
8662,266
17341,266
22903,266
18178,266
18196,266
8604,266
22797,266
13261,266
8407,266
10837,266
2377,266
31685,266
12920,266
14178,266
12659,266
28895,266
15242,266
12923,266
1882,266
25629,266
6268,266
16584,266
28669,266
4201,266
31230,266
3127,266
12265,266
31216,266
4276,266
6015,266
1226,266
6524,266
9916,266
20530,266
20530,266
19722,266
881,266
25462,266
3353,266
24620,266
31779,266
14659,266
6887,266
20399,266
1785,266
27966,266
14896,266
31659,266
11804,266
16070,266
11237,266
23625,266
13879,266
24872,266
27622,266
28544,266
30330,266
10261,266
8571,266
3478,266
4314,266
24859,266
3606,266
13965,266
18202,266
22078,266
184,266
6038,266
22078,266
23792,266
30603,266
10241,266
9327,266
11594,266
23552,266
32003,946
31776,946
24366,946
17940,946
32504,946
5110,946
28029,946
17532,946
26668,946
24353,946
15509,946
27505,946
15234,946
9666,946
25682,946
29506,946
20499,946
7952,946
28701,946
21853,946
1094,946
12049,946
27413,946
17436,946
32086,946
9557,946
28184,946
25131,946
12724,946
19925,946
17162,463
28007,463
19514,463
15451,463
7491,463
14857,463
19711,463
6756,463
13756,463
10209,463
30377,463
13030,463
12027,463
12027,463
5274,463
19043,463
23314,463
23744,463
27161,463
11724,463
18712,463
16063,463
7597,463
18203,463
6043,463
22523,463
5076,463
21113,463
14049,463
14934,463
30338,463
2802,463
29176,463
17324,619
22465,619
24144,619
29558,619
17331,619
15902,619
26275,619
13949,619
5563,619
23304,619
2246,619
29491,619
1083,619
19140,619
29447,619
4619,619
10929,619
27793,619
1065,619
14707,619
14621,619
8083,619
17648,619
29985,619
20144,619
14097,619
19256,619
25491,619
27694,619
10060,619
27217,619
5049,619
23013,619
6315,619
30677,619
22241,619
31919,619
16234,619
2452,619
2121,619
15587,619
911,619
783,619
31248,619
5128,619
11551,619
8950,619
7615,809
27981,809
30642,809
31851,809
27533,809
23273,809
10453,809
32047,809
26891,809
21548,809
31851,809
31650,809
17053,809
29785,809
31851,809
32384,809
8734,809
21682,809
17740,809
17053,809
26891,809
32452,809
14191,809
28073,809
593,809
8052,809
8544,809
32415,809
32121,809
29916,809
22649,809
20228,809
31005,809
11766,809
29754,809
5027,809
32199,809
4539,809
29582,809
29806,809
29806,809
29806,809
21217,809
8570,809
24510,809
27283,809
29397,809
29754,809
22553,809
29397,809
32314,809
9935,809
8094,809
15393,809
31485,809
29888,809
10052,809
10052,809
17103,809
5909,809
13243,809
9109,809
9109,809
32166,809
32047,809
9109,809
20318,809
6935,809
26874,809
6356,809
30923,809
3523,809
3457,809
6248,809
8005,809
28789,809
15510,809
9109,809
12005,809
9109,809
32280,809
22164,809
13995,809
22649,809
1123,809
13995,809
20757,809
22164,809
10027,809
15510,809
30900,809
23530,809
31086,809
24044,809
8038,809
31303,809
9961,809
17487,809
29589,809
3243,809
20238,809
15671,809
24050,809
4379,809
18917,809
4482,809
6899,809
11123,809
2579,809
32174,809
29046,809
23405,809
2703,809
12961,809
23379,809
5069,809
19914,809
3419,809
4240,809
15874,809
20574,809
20130,809
29570,809
9109,809
9109,809
32438,809
32438,809
2385,809
15874,809
4240,809
11458,809
32433,809
32433,809
9066,809
24001,809
28700,809
31468,809
29832,809
12448,809
7177,809
29877,809
10276,809
11674,809
17422,809
20970,809
4391,809
9144,809
27482,809
7945,809
25845,809
25854,809
15999,809
28670,809
4898,809
28670,809
27268,809
18744,809
12203,809
29921,809
7745,809
32322,809
7734,809
11144,809
16932,809
26777,809
5696,809
26519,809
22402,809
5982,809
30633,809
31102,809
16186,809
31473,809
30858,809
22603,809
10482,809
8159,809
13569,809
29921,809
1394,809
14633,809
28829,809
22722,809
27713,809
28156,809
30459,809
25094,809
25411,809
28293,809
30351,809
28602,809
16913,809
28602,809
22485,809
27720,809
26200,809
24827,809
21579,809
5435,809
16913,809
24654,809
28023,809
20072,809
24913,809
21552,809
19502,809
3050,809
32307,809
19569,809
25933,809
25366,809
6105,809
22104,809
3788,809
18783,809
21649,809
15973,809
30694,809
9109,809
8094,809
11858,809
30301,809
18409,809
20173,809
3286,809
21539,809
14164,809
23753,809
11533,809
24169,809
31576,809
2026,809
2408,809
32160,809
19600,809
19600,809
30854,809
11401,809
31450,809
15222,809
17897,809
20304,809
27612,809
25367,809
1612,809
4792,809
1596,809
25535,809
23112,809
29907,809
6590,809
31450,809
21578,809
7308,809
22980,809
27872,809
14961,809
1758,809
20917,809
20493,809
11740,809
14989,809
29907,809
31747,809
24570,809
32190,809
29859,809
24430,809
23112,809
20123,809
32352,809
29722,809
3827,809
25873,809
3293,809
18036,809
32352,809
24160,809
12915,809
24434,809
3615,809
2907,809
19337,809
29118,809
12542,809
29907,809
31747,809
31576,809
12542,809
20006,809
14613,809
32302,809
4985,809
3778,809
15138,809
31274,809
31274,809
24548,809
27198,809
28262,809
25070,809
18516,809
8010,809
8010,809
21397,809
18516,809
31964,809
16742,809
17037,809
19023,809
29680,809
27212,809
27212,809
24232,809
7866,809
24411,809
23953,809
27975,809
7997,809
2800,809
31481,809
8781,809
17784,809
29310,809
31831,809
29914,809
29914,809
7438,809
17313,809
13644,809
22212,809
21048,809
26093,809
26093,809
7997,809
32252,809
30451,809
30451,809
32255,809
31545,809
32363,809
31545,809
32363,809
1352,809
28202,809
4344,809
31223,809
16719,809
26256,809
9190,809
29324,809
5098,905
27319,905
31777,905
1115,905
20088,905
32384,905
26844,905
6478,905
2372,905
13164,905
213,905
22197,905
23004,905
7010,905
1521,905
14575,905
21129,905
3128,905
22109,905
27942,905
21848,905
29840,905
11136,905
32445,905
15075,905
27076,905
5298,905
25576,905
487,905
27831,905
12462,905
24766,905
411,905
15878,905
28072,905
7374,905
19760,905
7874,905
28935,905
162,905
11236,905
28773,905
32333,905
1320,905
22098,905
3432,905
15606,905
21011,905
15945,905
28427,905
30398,905
4095,905
21154,905
28674,905
2389,905
8455,905
31447,905
16353,905
21150,905
27077,905
32201,905
28063,905
2316,477
2645,477
2169,477
30689,477
8023,477
12220,477
716,477
14260,477
15941,477
14566,477
3937,477
27940,477
14153,477
18311,477
25197,477
25197,477
16723,477
18298,477
24444,477
16168,477
16168,477
24734,477
8668,477
21283,477
16624,477
24305,477
29371,477
19647,477
12837,477
29969,477
12617,477
25579,477
536,477
28527,477
7688,477
14007,477
2322,477
6084,477
4594,477
8846,477
5281,477
3862,477
10562,477
30019,477
5238,477
25723,477
17378,477
24517,477
9981,477
27204,477
27351,477
11906,477
12219,477
20787,477
17421,477
30702,477
7758,477
11320,477
6249,477
6738,477
8741,477
18158,477
4555,799
20290,799
19087,799
11160,799
31350,799
18644,799
26626,799
14294,799
26826,799
23941,799
25716,799
46,799
32415,799
11474,799
31826,799
31826,799
32249,799
27141,799
28296,799
31050,799
6643,799
19407,799
14878,799
17163,799
15707,799
32000,799
29969,799
26008,799
3281,799
20520,799
22266,799
25604,799
8946,799
30371,799
28984,799
19940,799
30320,799
19267,799
9892,799
24195,799
22867,799
18462,799
32114,799
31820,799
26743,799
15162,799
12398,799
4689,799
13956,799
31775,799
32193,799
24520,799
7128,799
29052,799
18552,799
31938,799
12470,799
14334,799
21255,799
1249,799
22993,799
31555,799
9942,799
17089,799
7839,799
3588,799
15773,799
30228,799
7554,799
28128,799
30380,799
29648,799
8214,799
30931,799
18953,5
11762,5
9707,5
13725,357
279,357
8854,357
27322,357
4928,357
21172,357
834,357
4882,357
1884,357
14092,357
19693,357
29302,357
31417,357
13921,357
14530,357
7636,357
4782,357
24990,357
10054,357
7030,357
7030,357
19487,357
7239,357
745,357
3525,357
2611,357
30808,357
2611,357
16405,357
1628,357
12685,357
11323,357
18782,357
21091,357
21784,357
18343,357
9176,357
14208,357
24778,357
9176,357
30847,357
14348,357
29496,357
7889,357
10435,357
30709,357
27810,357
20413,357
30679,357
28191,357
18062,357
15023,357
6670,357
30173,357
30173,357
24601,357
25638,357
16925,357
1850,357
26494,357
26494,357
4254,357
4254,357
2923,357
6957,357
29335,357
732,357
23914,357
18893,357
12559,357
16047,357
21095,357
29552,357
10148,357
10838,357
28818,357
30883,357
7950,357
9132,357
28336,357
28336,357
4254,357
20064,357
13438,357
12346,357
31252,357
4233,357
9618,357
28737,357
31940,357
28894,357
28894,357
17903,357
24208,357
18992,357
16859,357
14887,357
30715,357
8008,357
2351,357
17567,357
18992,357
16126,357
22532,357
562,357
9565,357
22532,357
17950,357
29922,357
21455,357
24372,357
18658,357
3920,357
24939,357
19051,357
20052,357
25423,357
29406,357
20586,357
15286,357
20064,357
15286,357
10335,357
15470,357
9811,357
11051,357
21186,357
28830,357
31128,357
15188,357
31128,357
21390,357
28790,357
29835,357
527,357
13471,357
18152,357
23735,357
2972,357
7228,357
26479,357
27292,357
26479,357
27138,357
19728,357
16294,357
17839,357
16294,357
17839,357
9936,357
11519,357
16233,357
3263,357
24282,357
4212,357
16535,357
4212,357
4212,357
6658,357
10826,357
4774,357
27862,357
20251,357
13184,357
16345,357
9017,357
16389,357
29345,357
22641,357
10102,357
7277,357
29912,357
26335,357
28122,357
28066,357
28066,357
26284,357
16068,357
14530,357
4328,357
16068,357
15748,357
28011,357
27576,357
4774,357
28123,357
23516,357
29283,357
23516,357
23404,357
25206,357
20040,357
14141,357
24539,357
29067,357
19470,357
19849,357
19849,357
22663,357
22663,357
6112,357
24542,357
6112,357
24542,357
7466,357
29439,357
22578,84
3671,84
25117,84
14764,84
17449,84
22648,84
23175,84
2852,84
21490,84
23372,84
19369,84
27565,84
22196,84
22533,84
14089,84
24249,84
24249,84
11882,84
29183,84
24869,84
14918,84
22132,84
18562,84
1225,84
28708,84
11940,84
8721,84
20223,84
13216,84
20866,84
23683,84
26340,84
28823,84
20393,84
23105,84
21973,84
26315,84
27535,84
9610,84
8548,84
7620,84
9882,84
10952,84
26624,84
25545,84
28772,84
28772,84
28032,84
25253,84
3172,316
8561,316
15579,316
7972,316
22611,316
11597,316
3806,316
13856,316
27613,316
4357,316
2705,316
10531,316
4357,316
23930,316
14807,316
9477,316
14953,316
13800,316
3984,316
8908,316
13206,316
338,316
16249,316
27279,316
15686,316
31748,316
3749,316
2624,316
23954,316
32029,316
1959,316
26579,316
4681,316
4681,316
13198,316
29115,316
12067,316
3749,316
24408,316
14275,316
14275,316
2426,443
2267,443
17556,443
29736,443
27956,443
24734,443
2791,443
18209,443
11383,443
14585,443
3414,443
11383,443
15431,443
28087,443
23766,443
23116,443
9908,443
29702,443
2843,443
12917,443
10368,443
16349,443
15049,443
8746,88
3350,88
11291,88
22577,88
20697,88
23383,88
13466,88
3880,88
5809,88
24954,88
16500,88
11444,88
9174,88
14086,88
1579,88
14574,88
22050,88
28111,88
23881,88
19151,88
12012,88
20810,88
24967,88
27733,88
26582,88
20521,88
19396,88
14083,88
18667,88
25055,88
25664,88
17105,88
26443,88
18316,114
20092,114
15962,114
20092,114
13008,114
28333,114
14144,114
15414,114
26853,114
734,207
3334,207
13390,207
7877,207
3871,207
16981,207
23183,207
30990,207
31140,207
22732,207
11258,207
9041,207
19771,207
13501,207
14295,207
29133,207
31416,207
21575,207
5383,207
22833,207
23840,207
21988,207
13821,207
1337,207
26099,207
5083,207
2185,207
13286,207
22455,207
15259,207
23546,207
31022,207
12357,207
29518,207
7620,207
27489,207
27074,207
10343,207
8525,207
12121,207
3610,207
11079,207
31562,207
27388,207
30199,207
28244,207
23876,207
23679,207
17493,207
2938,207
5088,207
17450,207
18266,207
5858,207
6096,207
6627,207
16755,207
31054,207
26065,207
10198,207
709,207
17724,207
19701,207
6263,207
6971,207
16224,207
11340,207
13239,207
5832,207
558,207
22800,207
28219,207
14404,207
12129,207
16552,207
27407,207
10295,207
31282,207
4746,207
27491,207
16217,207
6460,207
11007,207
18831,207
14109,207
18000,207
14871,207
21036,207
17551,207
31281,207
6923,207
2790,207
20887,207
22651,207
14284,207
23254,207
29787,207
23865,207
2700,207
23254,207
5088,207
30988,207
21865,207
28174,207
5699,207
6543,207
13021,207
29233,207
22341,207
1940,207
22771,207
24993,207
3561,207
9967,207
2223,207
14033,207
227,207
3083,207
9329,207
28950,207
25740,207
16734,207
6007,207
4974,207
18537,207
25552,207
25104,207
28594,207
9128,207
8015,207
8943,207
5972,207
22778,207
22021,207
7101,207
6276,207
28950,207
11872,207
9363,207
13795,207
5980,207
24109,207
3253,207
25817,207
10610,207
31275,207
17688,207
15444,207
14886,207
14886,207
10954,207
731,207
28113,207
12758,207
28113,207
3280,207
25552,207
8915,207
9796,207
9796,207
17759,207
9966,207
6489,207
4529,207
16433,207
1933,207
17538,207
27121,207
19619,207
10086,207
31307,207
14590,207
10186,207
12009,207
29565,207
25599,207
22021,207
24409,207
11313,207
11313,207
11313,207
11313,207
29595,207
11313,207
11313,207
27112,207
19610,207
21463,207
10870,207
14830,207
26935,207
30031,207
12357,207
29019,207
10247,207
9475,207
18709,207
627,207
29664,207
16851,207
4072,207
3698,207
6496,207
1566,207
1083,207
1300,207
2263,207
25707,207
15245,207
11023,207
11340,207
16691,207
6027,207
627,207
24184,207
13683,207
26444,207
19679,207
21309,207
19679,207
3011,207
26135,207
19262,207
25852,207
21537,207
28977,207
30157,207
24403,207
3293,207
27063,207
30157,207
27063,207
30233,207
11090,207
13134,207
2073,207
5306,988
8690,988
30049,988
15514,988
11442,988
20337,988
565,988
27372,988
7836,988
30835,988
5865,988
3945,988
19813,988
31985,988
32501,988
709,988
2961,988
6971,988
29627,988
24087,988
31053,988
17996,988
13096,988
32462,988
30226,988
30320,988
14339,988
5795,988
2521,988
7129,988
20410,988
10270,988
21194,988
8700,988
237,988
16892,988
10067,988
9321,988
24141,988
6107,988
4845,988
4113,988
7390,988
26564,988
7827,988
14965,988
6502,988
10463,988
18058,988
10886,988
30307,988
28989,988
30374,988
5156,988
9225,988
2154,988
5167,988
21607,988
6538,988
3616,988
19943,988
5400,988
7479,988
14374,988
15347,988
16721,988
32526,988
6547,988
32004,988
18453,988
13734,988
32041,988
10045,988
9238,988
8806,988
10686,988
16043,988
18748,988
1711,988
21345,988
6297,988
14167,988
11601,988
30702,988
21479,988
30397,988
9766,988
14631,988
11994,988
6592,988
19885,988
17682,988
4679,988
10883,988
25050,988
1367,988
4020,988
22813,988
5495,988
21057,988
30903,988
11425,988
21853,988
6049,988
10031,988
9264,988
1025,988
14255,988
8279,988
20013,988
23751,988
13021,988
23676,988
23276,988
3143,988
9011,988
26540,988
20338,988
3817,988
2995,988
6703,988
18245,988
11077,988
9082,440
225,440
11581,440
10408,440
23078,440
4971,440
15420,440
29025,440
20755,440
27916,440
15823,440
585,440
10106,440
11987,440
31371,440
23676,440
12649,440
24433,440
4948,440
22249,440
19096,440
26609,440
1982,440
8210,440
15112,440
29956,440
30404,440
10587,440
13018,440
22480,440
21133,440
17044,440
12071,440
3989,440
23957,440
30153,440
32074,440
16078,440
30547,440
21854,440
7573,440
11728,440
605,440
14221,440
31018,440
128,175
8138,175
15873,175
18862,175
6255,175
26148,175
4396,175
7154,175
24677,175
22653,175
2852,175
10635,175
23029,175
24323,175
26667,175
29695,175
25890,175
2681,175
24321,175
20558,175
19176,175
12989,175
28189,175
27165,175
6493,175
4532,175
22886,175
3912,175
22638,175
23904,175
25834,175
13612,175
477,175
13973,175
6401,175
11636,175
13371,175
16341,175
18355,175
25952,175
10128,175
24803,175
8887,175
31062,175
7228,175
14587,175
23608,175
18261,175
2840,175
2615,175
28867,175
25824,175
17496,175
8721,175
25882,175
22840,175
8870,175
3959,175
9816,175
30788,175
7610,175
13083,175
10181,175
18612,175
10460,175
29168,175
12150,175
14462,175
17702,175
18407,175
29231,175
16295,175
20226,175
11736,175
13803,175
3879,175
18271,175
17753,175
19019,175
26581,175
28848,175
9493,175
3664,175
14139,175
24709,175
1085,798
7746,798
24086,798
30949,798
19506,798
13520,798
18961,798
67,798
24,798
6630,798
19620,798
901,798
14301,798
1085,798
7372,798
19620,798
14301,798
8821,798
15952,798
10065,798
16523,798
3739,798
23384,798
1261,798
1159,798
15471,798
3742,798
19034,798
24101,798
3305,798
9005,798
25024,798
13705,798
134,798
24,798
134,798
1085,798
29869,798
67,798
7768,798
1085,798
15297,798
4833,798
18661,798
3489,798
8321,798
32036,798
23900,798
4,798
19403,798
2819,798
2531,798
24054,798
10433,798
11268,798
2011,798
16338,798
10401,798
7409,798
27961,798
26391,798
26391,798
1969,798
20135,798
18178,798
32130,798
19889,798
23784,798
27775,798
9770,798
5689,798
19528,798
18817,798
31031,798
15802,798
7353,798
5380,798
1827,798
21867,798
1085,798
14269,798
21190,798
2298,798
16323,798
6511,798
4944,798
30934,798
2954,798
13439,798
522,34
24263,34
2249,34
4272,34
10235,34
19722,34
16228,34
7311,34
864,34
15057,34
49,34
2855,34
23606,34
16230,34
8852,34
880,34
25079,34
1371,34
15366,34
6897,34
3265,34
3872,34
3265,34
16744,34
16586,34
16041,34
17455,34
21028,34
25678,34
9540,34
21746,34
1273,34
16903,34
9072,34
2350,34
7051,34
23947,34
16593,34
10648,34
1172,34
12031,34
12031,34
254,34
11863,34
5213,34
19294,34
19294,34
19294,34
17893,34
14446,34
17235,34
14446,34
17235,34
6626,34
6626,34
7983,34
29398,258
2277,258
1863,258
6789,258
15143,258
3264,258
6926,258
1925,258
2500,258
27191,258
1492,258
28529,258
13463,258
2759,258
19404,258
1298,258
8974,258
12843,258
17267,258
2988,258
1476,258
21175,258
17406,258
27944,258
10881,258
19243,258
4727,258
14866,258
10943,258
10881,258
19179,258
1493,258
14642,258
1574,258
680,258
12429,258
23411,258
3663,258
29527,258
20294,258
5906,258
16686,258
28694,258
2671,258
393,258
6161,258
11266,258
22067,258
7493,258
1160,258
4274,258
31658,258
24181,258
6018,258
18169,258
19416,258
838,258
5479,258
20454,258
6605,258
42,258
1733,258
10665,258
24475,258
19607,258
10549,258
22889,258
9540,258
8975,258
23059,258
16238,258
31381,258
13620,185
11101,185
8979,185
15711,185
13553,185
16022,185
29453,185
13527,185
13810,185
14377,185
14405,185
7624,185
8022,185
12507,185
13432,185
7929,185
13285,185
24642,185
14149,185
17618,185
15800,185
9602,185
13448,185
11582,185
21720,185
18428,1052
7823,1052
8632,1052
2578,1052
7131,1052
15296,1052
12024,1052
9094,1052
4857,1052
7097,1052
7097,1052
17185,1052
21831,1052
29710,1052
19804,1052
13777,1052
24195,1052
17230,1052
22770,1052
4483,1052
19682,1052
8236,1052
8236,1052
19682,1052
18428,1052
32547,1052
20601,1052
9754,1052
5366,1052
24566,555
18420,555
5227,555
11454,555
30182,555
531,555
6852,555
9747,555
18752,555
14231,555
8269,555
7641,555
1551,555
25855,555
10492,555
22716,555
62,555
14066,555
4813,555
24915,555
14888,555
23319,555
18330,555
7547,555
7987,555
7857,555
551,555
9151,555
3715,555
30067,555
19149,555
30921,555
141,555
2980,555
8453,555
24014,555
3864,555
31319,555
9039,555
660,555
15646,555
27015,555
24538,555
13423,555
12191,555
27369,555
28402,555
26063,555
15647,555
25556,555
9111,555
6451,555
21465,555
17920,555
1239,555
9493,555
17894,555
2784,555
7452,555
13589,555
26395,555
20255,555
13718,555
4292,555
23247,555
27243,555
14261,555
1170,555
26056,555
8496,555
4872,555
6436,555
25570,555
13589,555
15829,555
4481,555
18990,555
26056,555
46,249
7080,249
18467,249
31653,249
27489,249
895,249
2635,249
30168,249
5427,249
19909,249
19728,249
14509,249
23363,249
11488,249
18044,249
19056,249
29605,249
15667,249
8752,249
31421,249
14127,249
18467,249
825,249
23865,249
29964,249
18233,249
19037,249
30123,249
20860,249
16044,249
14629,249
9364,249
24027,249
28858,249
15379,249
10898,249
5450,249
15931,249
24027,249
3131,249
18684,249
29392,249
18684,249
21410,249
14382,249
6840,249
26917,249
18684,249
2792,249
23584,249
20169,249
29431,249
20758,249
27130,249
22540,249
23933,249
4311,249
6868,249
5020,249
10449,249
28519,249
23173,249
28644,249
18396,249
23363,249
23363,249
23061,249
13195,249
18684,249
24027,249
30073,249
16064,249
29019,249
26151,249
23363,249
23363,249
17528,249
6793,249
28644,249
26626,249
13994,249
10549,249
28644,249
24027,249
13994,249
15123,249
13994,249
18546,249
8584,249
12478,249
26416,249
7123,249
23994,249
27806,249
22341,249
9314,249
23363,249
30844,249
23363,249
31595,249
19844,249
30844,249
20564,249
20564,249
23363,249
14105,249
30844,249
31586,249
4590,249
15674,249
19909,249
15674,249
15674,249
18467,249
23584,249
21175,249
15674,249
15524,249
14146,249
13550,249
15674,249
16797,249
15543,249
26166,249
10518,249
13780,249
19502,249
28813,249
27317,249
6955,249
26214,249
24765,249
26198,249
24378,249
22288,249
4142,249
29118,249
6772,249
30612,249
8524,249
24278,613
1573,613
2894,613
10609,613
24647,613
3939,613
26920,613
2109,613
22268,613
15733,613
116,613
1506,613
2937,613
595,613
18770,613
2435,613
9963,613
10973,613
8235,613
1521,613
28563,613
13490,613
8981,613
22978,613
17706,613
20363,613
26864,613
10789,613
8494,613
26063,613
24565,613
27567,613
30905,613
15908,613
13865,613
7480,613
11563,613
26470,613
10959,613
16980,613
13456,613
9826,613
14153,613
31039,613
433,613
8490,613
9033,613
22897,613
15024,613
31612,613
32156,613
19330,613
5792,613
10489,613
668,613
19125,613
9159,613
28128,613
15838,613
999,613
15645,613
32276,613
24658,613
229,613
1531,613
3854,613
21768,613
3428,613
19748,613
3864,613
13779,613
32266,613
2107,613
15304,613
6925,613
26839,613
14618,613
22080,613
24998,613
5508,613
14290,613
5508,613
15843,613
19997,613
12904,613
12904,613
17174,613
30182,613
15068,613
29794,613
32115,613
6563,613
30893,613
23058,613
10878,613
25847,613
27560,613
40,613
15672,613
15665,613
27300,613
4399,613
23340,613
7334,613
29269,613
6708,613
30089,613
10010,613
944,613
29475,613
31908,613
26305,613
20198,613
32344,613
5089,613
11827,613
27331,613
410,613
250,613
25354,613
19067,613
6903,613
8772,613
3715,613
14296,613
858,613
13049,613
7184,613
3469,613
4004,613
17259,613
1428,613
23606,613
30921,613
19440,613
7594,613
27958,613
32170,613
7913,613
24453,613
15263,613
13897,613
8783,613
9569,613
24890,613
28627,613
15806,613
11787,613
9494,613
5425,613
31974,613
9422,613
25568,613
27344,613
9685,613
26337,613
15829,613
5074,613
20614,613
18073,613
8700,613
31565,613
28957,613
1750,613
21298,613
19077,613
27934,613
23757,613
24685,613
819,613
11015,613
13104,613
28671,613
7700,613
30877,613
28561,613
21285,613
10213,613
6424,613
32010,613
32010,613
31091,613
14332,613
18679,613
19908,613
370,570
6852,570
3362,570
19658,570
14066,570
31912,570
4479,570
3073,570
14870,570
30995,570
19330,570
24692,570
19303,570
14433,570
6923,570
13871,570
13802,570
18238,570
539,570
14773,570
103,570
25855,570
13490,570
19372,570
4029,570
12620,570
13589,570
10555,570
18535,570
21596,570
9959,570
9211,570
11232,570
21539,570
28402,570
12264,570
19168,570
18466,570
31540,570
9002,570
2587,570
28874,570
4382,570
23392,570
27369,570
10987,570
8840,570
30733,570
15696,570
18084,570
10133,570
16785,570
8032,570
16085,570
22741,570
5122,570
24631,570
27180,570
3415,570
28093,570
25354,570
1608,570
916,570
4822,570
1824,570
25719,570
1356,570
20929,570
8835,570
13189,570
29603,570
1551,570
32283,570
21166,570
19979,570
31276,570
12011,570
3670,570
31070,570
30607,570
16900,570
7935,570
23346,570
14704,570
7691,570
8791,570
7857,570
10,570
12283,570
18090,570
4455,570
26442,570
11271,570
23931,570
12341,570
17896,570
8843,570
10750,570
13176,570
27255,570
18214,570
1405,570
15448,570
11644,570
15502,570
17313,570
24844,570
17923,570
12684,570
16881,570
18874,570
22062,570
11179,570
28430,570
23520,570
5095,570
8014,570
2435,570
8593,570
22091,570
9931,570
15817,570
11502,570
16662,570
3798,570
18062,570
30464,570
28213,570
18330,570
4449,570
24718,570
25641,570
696,570
1207,570
7335,570
11833,570
663,570
10930,570
30067,570
14501,570
17889,570
12647,570
29356,570
12985,570
6361,570
22807,570
21374,570
2171,570
24164,570
21175,570
3449,570
14360,570
16895,570
6334,570
25195,570
14004,570
24939,570
20842,570
23284,570
30622,570
4292,570
13744,570
8131,570
14712,570
31264,570
3087,570
638,570
2287,570
2528,570
10789,570
9417,570
6162,570
29711,570
30392,570
31597,570
27637,570
2041,570
27714,570
23369,570
3640,570
13844,570
26989,570
27086,570
9542,570
8496,570
28099,570
20837,570
23170,570
14972,570
17665,570
5877,570
26100,570
29478,570
10589,570
25222,570
19121,570
15153,570
1218,570
9164,570
27029,570
11590,570
31528,570
18206,570
16537,570
3736,570
12808,570
26094,570
12006,570
20342,570
316,570
27440,570
23891,570
15205,570
30347,570
21339,570
26711,570
6023,570
6549,570
18954,570
22605,570
27298,570
23765,570
32323,570
15235,570
31784,570
14957,570
8158,570
29127,570
14555,570
9233,570
3701,570
2568,570
11922,570
20771,570
19552,570
13080,97
19789,97
20698,97
26807,97
24967,97
26300,97
27733,97
25498,97
22669,97
21425,97
11118,97
11433,97
23683,97
26154,97
23594,97
21149,97
16832,368
3800,368
2690,368
6913,368
31426,368
6978,368
10911,368
16054,368
12308,368
5378,368
16401,368
21754,368
15933,368
6550,368
14212,368
561,368
2147,368
10059,368
9577,368
7625,368
28737,368
20241,368
745,368
32175,368
25919,368
20313,368
3932,368
14002,368
18652,368
7179,368
10788,368
16240,368
30408,368
12381,368
8624,368
13960,368
6374,368
5333,368
961,368
21385,368
29535,368
767,368
2924,368
2924,368
13366,368
7186,368
27759,368
27625,368
7804,368
28993,368
16222,368
27667,368
17730,368
6406,368
6156,332
32096,332
934,332
19626,332
16317,332
11404,332
5571,332
22941,332
5382,332
23591,332
27277,332
25457,332
15934,332
20199,332
29849,332
23257,332
15282,332
2574,332
21684,332
17767,332
23396,332
12221,332
3049,332
23028,332
19993,332
16014,332
10921,332
10093,332
5352,332
26544,332
2542,332
29360,332
20283,332
19091,332
29119,332
945,332
1475,332
24606,332
12479,332
26400,332
16885,332
27983,332
11732,332
12548,332
21372,332
23841,332
29876,332
31429,332
28621,332
20604,332
6439,332
13294,332
7358,332
6446,332
9940,332
31611,332
17368,332
8954,332
5086,332
28074,332
20898,332
24401,332
19063,332
12151,332
10046,332
31632,332
23033,332
8954,332
12548,332
9162,332
14724,332
31214,332
29867,332
8099,332
26642,332
17497,332
29668,332
27135,332
14284,332
23610,332
22720,332
29897,332
25595,332
23534,332
31057,332
16368,332
17765,332
29907,332
23960,332
27503,332
6354,332
26238,332
19458,332
21651,332
30101,332
14535,332
22932,332
21393,332
29849,332
16406,332
16410,332
10886,332
14005,332
7439,332
30470,332
17765,332
24712,332
26922,332
5419,332
6274,332
292,332
26540,332
31781,332
29421,332
12457,332
27607,332
29667,332
12693,332
31781,332
12214,332
32049,332
29248,332
31364,332
13288,332
23455,332
28945,332
30776,332
1720,332
23277,332
28720,332
32087,332
26196,332
8224,332
30542,332
26995,332
27589,332
21589,332
972,332
23267,332
27958,332
21085,332
21589,332
27212,332
19760,332
29325,332
7145,332
29369,332
26385,332
19148,332
5050,332
18359,332
29265,332
22051,332
1394,332
12059,332
23101,332
22977,332
21330,332
30837,332
7844,332
9874,332
31858,332
24497,332
25697,54
10443,54
11183,54
14939,54
5046,54
2731,54
12945,54
17321,54
16690,54
8684,54
2780,54
23669,54
8491,54
13640,54
1437,54
9686,54
27659,54
28647,54
26524,54
12244,54
15654,54
4665,54
7671,54
18520,54
27658,54
8962,54
14733,54
22371,54
23210,54
8371,54
18596,54
23677,54
12244,54
12965,54
18596,54
9728,54
21895,54
10288,54
6571,54
22776,54
5292,54
4997,54
8129,54
27317,54
26725,54
23897,54
27584,54
4812,54
17742,54
22495,54
12018,54
12294,54
4584,54
18504,54
28202,54
21795,54
12839,482
15133,482
6027,482
26065,482
18137,482
9032,482
15397,482
5816,482
28228,482
22678,482
6140,482
1357,482
8658,482
22566,482
10668,482
7465,482
457,482
11282,482
6895,482
8332,482
32000,482
7862,482
8486,482
16816,482
31776,482
25730,482
2936,482
20471,482
1644,482
29011,482
15395,482
20488,482
7499,482
15730,482
4058,482
13688,482
27856,482
18497,482
3863,482
41,482
12154,482
20003,482
23275,482
6215,482
31587,482
7684,482
25355,482
6788,482
6041,482
9365,482
26110,482
687,482
30702,482
32279,482
32004,482
18496,482
10341,482
14747,482
18866,482
4969,482
30309,482
18310,482
10992,482
3389,482
24734,482
14161,482
12325,482
19830,482
9351,482
31799,482
29179,482
31025,482
28926,482
26351,482
30363,482
32109,482
13110,482
3816,482
3556,482
18091,482
20520,482
29230,482
16041,482
12407,482
13457,482
23338,482
23695,482
23640,482
10934,482
6029,482
18706,482
10219,482
12639,482
8154,482
26575,482
14115,482
18340,482
23824,482
16716,482
14691,482
18939,482
21174,482
10487,482
6355,482
13615,482
19402,482
10750,482
6703,482
27948,482
17518,482
25202,482
24061,482
507,482
14266,482
5414,482
1836,482
5899,482
31941,482
5899,482
31941,482
29707,482
23327,482
28189,482
3875,482
19414,482
11599,482
2599,482
32212,482
6044,482
15892,482
18071,482
24362,482
30613,482
10073,482
8100,482
26238,482
29391,482
31772,482
23602,482
23954,482
12084,482
10570,482
3105,482
31042,482
21944,482
1371,482
24744,482
24336,482
30017,482
30856,482
9297,482
6104,482
29786,482
10096,482
14708,482
9794,482
11110,482
8552,482
19480,482
32041,482
32055,482
32196,482
22778,482
25005,482
23340,482
2303,482
27195,482
15158,482
20804,482
23793,482
18342,482
17277,482
3053,482
5728,482
31848,482
6579,482
10782,482
14344,482
31724,482
19982,482
3455,482
23701,482
22333,482
31183,482
8653,482
29194,482
9549,482
19689,482
22889,482
27093,482
14910,482
1333,482
4510,482
4149,482
28229,482
18572,482
26004,482
12914,482
26452,482
2768,482
9941,482
19662,482
21053,482
25232,482
6768,482
28919,482
25823,482
10476,482
13514,482
26215,482
8147,482
9266,482
6833,482
11487,482
21249,482
11667,482
15801,482
193,482
24988,482
7833,482
19102,482
10144,482
18427,482
22936,482
26931,482
13960,482
14944,482
9799,482
11644,482
8300,482
17055,482
28659,482
21340,482
15147,482
11015,482
17676,482
14663,482
11667,482
26107,482
29348,482
1328,482
16316,482
10870,482
25728,482
28387,482
12319,482
7833,482
13172,482
32244,482
9554,482
23381,482
3912,191
2999,191
3812,191
25952,191
12982,191
2343,191
11384,191
28658,191
5171,191
27525,191
25662,191
12564,191
23558,191
8659,191
15687,191
24627,191
14996,191
12068,191
16786,191
26221,191
74,191
5694,191
5345,191
4460,191
26554,191
24224,191
31407,191
6754,448
8713,448
13588,448
30640,448
14399,448
30720,448
8556,448
7471,448
8206,448
977,448
2147,448
28005,448
6129,448
32112,448
17574,448
31894,448
31637,448
10071,448
26988,448
9768,448
11252,448
28074,448
17803,448
29253,448
4825,448
17896,448
31099,448
27377,448
7846,448
960,448
12125,448
4165,448
17587,448
24386,448
28184,448
27820,448
22993,448
1320,448
22152,448
2810,448
11476,448
24841,448
6808,448
24455,448
27904,448
23804,448
4415,448
18395,448
31724,448
17977,448
32078,448
9799,448
17732,448
21282,448
17595,448
3157,448
18425,448
13443,448
26491,448
2909,448
24409,448
9554,448
31336,506
4541,506
1259,506
14128,506
20937,506
9781,506
22645,506
26739,506
28230,506
9443,506
13307,506
26069,506
10354,506
147,506
31974,506
6979,506
19561,506
2605,506
32085,506
2443,506
29559,506
21283,506
29549,506
24177,506
25042,506
3860,506
17345,506
8404,506
6703,506
11043,506
19759,506
12890,506
16056,506
27230,506
31665,506
26980,506
16516,506
27066,506
10138,506
28829,506
28230,506
9443,506
23640,1011
16842,1011
30835,1011
12878,1011
19786,1011
31099,1011
2570,1011
15667,1011
23194,1011
237,1011
2305,1011
5389,1011
27867,1011
17703,1011
3106,1011
1645,1011
23039,1011
5017,1011
16193,1011
25484,1011
16721,1011
3257,1011
32032,1011
939,1011
2411,1011
22033,1011
15006,1011
11952,1011
8170,1011
22651,1011
31982,1011
25325,1011
16868,1011
25553,1011
30947,1011
1487,1011
30460,1011
32059,1011
9698,1011
4251,1011
18548,1011
110,1011
10800,1011
31950,1011
8081,1011
9542,1011
9515,1011
11159,1011
17855,1011
8563,1011
30881,1011
22745,1011
24100,1011
28853,1011
3571,1011
20697,1011
21312,1011
21770,1011
12469,1011
8170,1011
7304,1011
23419,1011
31263,1011
1604,1011
31869,1011
18957,1011
2497,1011
18748,1011
22493,1011
22778,1011
6387,1011
23159,1011
5941,1011
21979,1011
2225,1011
2372,1011
29795,1011
6835,1011
15773,1011
310,1011
6703,1011
27563,1011
21101,95
23881,95
18738,95
22358,95
13080,95
4986,95
25881,95
24657,95
24254,95
25498,95
13542,95
28111,95
17667,95
16082,95
16048,346
26258,346
16319,346
22658,346
12351,346
4585,346
17168,346
17432,346
5179,346
26226,346
17194,346
29440,346
18390,346
7925,346
20913,346
13790,346
31836,346
22281,346
12954,346
27240,346
2000,346
23287,346
26620,346
6591,346
5996,346
22914,346
1777,346
5112,346
2075,346
18834,346
2675,346
14526,346
859,346
16538,346
5253,346
17963,346
17408,346
15183,346
15325,346
859,346
22281,346
22281,346
27808,346
2729,346
12417,346
18834,346
19146,346
1777,346
17826,346
20670,346
22281,346
20858,346
20997,346
28052,346
7076,346
27153,346
27774,346
24920,346
30772,346
24052,346
20858,346
27853,346
30772,346
29483,346
6397,346
19154,346
5881,346
8569,346
8569,346
13052,346
11895,346
25710,346
29582,346
11791,346
16565,346
17054,346
6239,346
22368,346
19768,346
20934,346
15338,346
4739,346
15338,346
737,346
26628,346
20336,346
20734,346
12954,346
28097,346
10815,346
13930,346
16468,346
16376,346
28072,346
19852,346
22677,346
27889,346
343,346
24336,346
13052,346
20077,346
4221,346
4231,346
20774,346
15844,346
13930,346
22916,346
27889,346
22916,346
17194,346
7604,346
25446,346
13052,346
4413,346
13052,346
7100,346
2368,346
18214,346
31948,346
17957,346
16448,346
24885,346
20336,346
9555,346
7887,346
11256,346
17965,346
21909,346
17888,346
30161,346
17947,346
25339,346
5973,346
12559,346
15081,346
23670,346
12954,346
7665,196
31369,196
633,196
24627,196
14604,196
27727,196
4458,196
25166,196
16805,196
24865,196
16425,196
20297,196
29369,196
3315,196
394,196
11930,196
16618,475
9760,475
24734,475
16645,475
31184,475
8682,475
22235,475
30428,475
1025,475
2999,475
10634,475
17531,475
14136,475
4814,475
7012,475
29347,475
20844,475
13365,475
6664,475
12320,475
18763,475
11947,475
14973,475
21597,475
24687,475
14954,475
14661,475
25299,475
32000,475
13986,475
30729,475
11010,475
17313,475
18718,475
25375,475
13365,475
24413,475
31146,475
17313,475
31982,475
31712,475
32183,475
19144,475
17160,475
15759,475
9768,475
13489,475
25244,475
27449,475
31851,475
5457,475
11662,475
6864,475
26950,475
24305,475
30867,475
18506,475
31336,475
12364,475
25034,475
31957,475
11140,405
22251,405
3514,405
20776,405
31100,405
9936,405
14497,405
31978,405
12420,405
20864,405
8013,405
25248,405
20981,405
19942,405
19287,405
11655,405
20756,405
2794,405
24266,405
11274,405
2584,405
25869,405
27659,405
9387,405
8968,405
21935,405
9687,405
13205,405
19539,405
21935,405
21935,405
954,405
2507,405
29563,405
12495,405
11728,713
11169,713
22316,713
22316,713
11169,713
8461,713
28240,713
22335,713
16508,713
11400,713
17953,680
3429,680
21595,680
26257,680
19305,680
8058,680
12410,680
8052,680
23948,680
31754,680
27549,680
16803,680
1304,680
28483,680
8927,680
20957,680
6784,680
6784,680
15346,680
3419,680
31442,680
30149,680
31646,680
27092,680
6772,680
10970,680
5849,680
13964,680
18172,680
8781,680
10743,680
26391,680
26391,680
25873,680
29606,680
15306,680
20228,680
30164,680
4465,680
1627,680
3797,680
18878,680
29945,680
6646,680
3615,680
29715,680
8321,680
30968,680
24042,680
28584,680
13555,680
11029,680
11389,680
13780,680
23722,680
2799,680
28978,680
27582,680
28242,680
28863,680
30035,680
9109,680
30616,680
22445,680
23013,378
23659,378
25373,378
12424,378
20304,378
2601,378
23788,378
22105,378
15270,378
21408,378
29351,378
25112,378
17971,378
16601,378
8266,378
22926,378
27673,378
14453,378
2727,378
14284,378
31050,378
1122,378
10729,378
21043,378
4368,378
28161,378
11236,378
8478,378
29630,378
29510,378
5744,378
11556,378
18520,378
25112,378
3511,378
23924,378
22736,378
10758,378
26533,378
25188,378
7692,378
6715,378
28360,378
12256,378
14050,378
27468,378
25961,378
25373,378
7992,378
23466,378
28360,378
24050,378
4534,378
24050,378
30537,378
24597,378
23690,378
21551,378
27549,378
1719,378
11401,378
3840,378
3479,378
1907,378
17489,378
8129,378
31255,378
27776,378
21721,378
27277,378
24979,378
27776,378
30587,378
22789,378
11558,378
24548,378
22700,378
24548,378
24548,378
24548,378
6619,378
27776,378
11732,378
31122,378
24079,378
15326,378
15326,378
4914,378
1248,378
13568,378
31574,378
13809,378
8401,378
30024,378
4339,378
8413,378
30027,378
31479,378
11813,378
23379,378
31479,378
22386,378
11333,378
25188,378
19224,378
25368,378
20528,378
13555,378
4034,378
24886,378
1248,378
23360,378
30677,378
23152,378
29237,378
18419,378
24434,378
12837,378
24635,378
4180,378
24654,378
22507,378
973,378
1784,378
30598,378
1144,505
8219,505
27570,505
1628,505
3416,505
31603,505
25678,505
18600,505
31453,505
19334,505
16252,505
2443,505
12980,505
20995,505
16848,505
1677,505
8476,505
8476,505
3587,505
26576,505
6400,505
31221,505
15299,505
25392,505
19655,505
25392,505
13750,505
11874,505
14736,505
14736,505
10853,505
31743,505
28387,505
21492,505
19574,505
14209,188
29453,188
459,188
30986,188
21818,188
27743,188
5184,188
8110,188
27908,188
30906,188
16722,188
8022,188
9499,188
19283,188
2733,188
20524,188
11308,188
168,188
11511,188
31195,188
30664,188
11481,188
14389,188
12507,188
20736,188
16156,188
22283,188
26928,188
24376,188
19883,188
26512,772
18089,772
13109,772
30550,772
32124,772
30942,772
19132,772
32398,772
9590,772
23626,772
30799,772
32153,772
10490,772
19052,772
24159,772
11709,772
15696,772
10825,772
23811,772
30831,772
32285,772
21491,772
31052,772
330,772
17210,772
3231,772
3959,772
26694,772
26694,772
8215,772
10637,772
29910,724
6042,724
12133,724
27342,724
17770,724
17800,724
21733,724
10700,724
32566,724
26213,724
27318,724
24743,724
29255,724
21727,724
23562,724
10222,17
6066,17
6853,17
1214,17
9379,17
3843,17
17393,17
11584,17
20110,17
26051,17
6284,17
12988,17
16001,17
12802,17
15791,17
25506,17
25506,17
21081,17
16738,17
3203,17
23115,17
9850,17
15340,17
19059,17
1630,17
30852,462
4312,462
1079,462
20548,462
6266,462
7125,462
8388,462
18525,462
8701,462
13908,462
13908,462
21500,462
30243,462
18076,462
26050,462
29183,462
27274,462
14323,462
4300,462
7602,462
3700,462
17790,462
3012,462
23714,462
13776,462
21721,462
6749,462
31428,462
13695,462
12893,462
20129,462
11813,462
24582,462
7832,462
20129,462
30677,462
26168,462
22288,462
12615,462
4866,462
4694,462
11813,462
26589,462
12893,462
959,462
22126,462
18369,462
22135,462
6275,462
5853,462
6275,462
18387,462
6011,462
20526,462
20526,462
19858,462
4989,420
13326,420
5755,420
5755,420
27492,420
20338,420
6805,420
20145,420
10392,420
10392,420
17998,420
17998,420
6195,454
5040,454
8144,454
3871,454
19674,454
9595,454
30046,454
25966,454
12855,454
15117,454
3708,454
31218,454
15963,454
9913,454
22756,454
11942,454
23744,454
28761,454
13642,454
12467,454
18567,454
12082,454
18890,454
9658,454
10094,454
26852,454
1170,454
11923,454
17634,454
17641,454
8034,454
25631,454
21324,454
26328,454
14482,454
15354,454
15701,454
9748,454
15196,454
21603,454
8499,454
15541,454
17859,454
17008,454
19711,454
11118,454
9748,454
12791,454
15596,454
30338,454
8905,454
28054,910
28344,910
16469,910
29729,910
15115,910
24328,910
23142,910
30266,910
20429,910
6056,910
20434,910
3894,910
22847,910
10940,910
12452,910
3796,910
4016,910
3384,910
4330,910
14684,910
30226,910
26189,910
13141,910
4095,910
21299,910
17086,910
3104,910
14082,910
2473,910
32445,910
11055,910
20153,910
7096,910
2583,910
17143,910
28829,910
28911,910
30352,910
6273,910
14298,910
18955,910
13487,910
5903,910
337,910
15951,910
32368,910
30808,910
4459,910
25387,910
4459,910
7415,910
7758,910
32000,910
6126,910
31160,910
22785,910
3350,910
3390,910
30257,910
24890,910
17664,910
8240,910
22458,910
20101,910
31963,910
6346,910
25313,910
3841,910
24066,910
1998,910
31701,910
25366,910
7374,910
16849,910
30509,910
30885,910
14351,910
26001,910
25157,910
24194,910
6133,910
4313,910
19432,910
5987,910
31375,910
4287,910
30151,910
11498,910
25000,910
18172,910
8455,910
31447,910
31777,910
6350,910
23732,910
6829,910
25244,910
11857,910
4135,910
4017,910
30543,910
15488,910
32470,910
16220,910
32516,910
3830,910
31527,910
18973,910
1072,910
15704,910
1338,910
31320,910
31380,910
11881,137
15290,137
10089,137
27461,137
24172,137
750,137
3474,137
13323,137
11876,137
17835,137
3736,137
6679,137
7028,137
8826,137
16649,137
28268,137
1920,137
18506,137
4100,137
12725,137
11690,296
16833,296
25751,296
19605,296
20893,296
17763,296
29511,296
14722,296
14312,296
13108,296
13108,296
19193,296
21404,296
9099,296
29464,296
9099,296
13980,296
29464,296
13980,296
15402,296
13608,296
25155,296
25155,296
28209,296
7537,274
22089,274
14789,274
13004,274
30915,274
16897,274
13968,274
25051,274
23064,274
23456,274
17733,274
5644,274
6114,274
10136,274
9673,274
9252,274
30964,274
30964,274
8539,274
10825,274
8775,274
30886,274
27593,274
22509,274
23212,274
26735,274
29927,274
26735,274
14626,274
16450,274
29927,274
16450,274
25316,274
7783,274
27953,274
26412,274
31102,274
25316,274
30886,274
26412,274
31459,274
31437,274
20374,274
17321,274
28432,274
25868,274
31525,274
19857,274
736,274
5568,274
29709,274
9592,274
28277,274
24868,274
21411,274
19202,274
21411,274
26412,274
28540,274
28687,274
17768,274
6262,274
30822,274
24600,274
24000,274
25060,274
11446,274
26234,274
22089,274
28347,274
19745,274
28347,274
26234,274
17430,274
10411,274
31223,274
24603,274
4784,274
4784,274
18365,274
1338,274
19870,274
21391,274
28339,274
26234,274
22089,274
12484,274
28339,274
28339,274
29569,274
12484,274
10520,274
12657,274
28913,274
28509,86
12721,86
20455,86
16911,86
16041,86
11780,86
9854,86
6967,86
13361,86
3550,86
11316,86
15200,86
26090,86
19617,86
11993,86
19563,86
11046,86
4995,86
20795,86
4189,86
15694,86
21993,86
29153,86
23279,86
28579,86
5589,86
20188,86
4986,86
14063,86
20521,86
22816,86
7755,86
22846,86
21725,86
18667,86
20210,86
2007,86
16741,86
5648,86
22861,158
13884,158
22150,158
14764,158
29620,158
27663,158
10573,158
21902,158
17824,158
27293,158
23126,811
31265,811
31188,811
6303,811
31265,811
763,811
20887,811
32453,811
24098,811
21347,811
25803,811
25350,811
31606,811
8770,811
26014,811
31171,811
29484,811
24195,811
2718,811
17969,811
22273,811
19005,811
1833,811
2003,811
9700,811
32194,811
30178,811
27721,811
1931,811
6294,811
25164,811
2302,811
30103,811
1093,811
21669,811
14376,811
24567,811
4621,811
28813,811
19175,811
19493,811
24554,811
6564,811
24648,811
1093,811
22273,811
27721,811
5330,811
22249,811
16570,811
24694,811
11351,811
1083,811
18404,811
7908,811
32453,811
27720,811
13990,811
21283,811
28829,811
4912,811
20145,811
11233,811
2578,811
32338,811
13652,811
14360,811
32402,811
32402,811
16764,811
5189,811
1001,811
29166,811
11351,811
18550,811
5479,811
525,811
12833,811
3483,811
17294,811
31690,811
13707,811
23651,811
12987,811
31068,811
11351,811
20294,811
22273,811
1084,490
10860,490
11575,490
6303,490
8170,490
1744,490
18568,490
10801,490
11298,490
1044,490
4614,490
1484,490
6118,490
7288,490
24951,490
1546,490
29335,490
13605,490
7860,490
6441,490
2158,490
1513,490
29161,490
5080,490
3876,490
4661,490
11098,490
29161,490
2504,490
18417,490
18297,490
5223,490
2504,490
27005,490
5223,490
10123,490
866,490
12090,490
20422,490
22434,490
10880,490
4143,490
8976,490
16164,490
16221,490
10552,490
5172,490
9998,490
11823,490
29161,490
3571,490
5317,490
16255,490
25968,490
18439,490
13508,490
29161,490
12851,490
805,490
27005,490
6429,490
12685,490
3378,490
9998,490
13252,490
14400,490
6740,490
24680,490
2554,490
15584,490
12032,490
2263,490
9557,490
8638,490
23679,490
4272,490
31537,490
642,490
9495,490
4342,490
24293,490
10574,490
8309,490
18426,490
3982,490
8365,490
13252,490
10911,490
146,490
8365,490
27217,490
853,490
119,490
14959,490
11716,490
6530,490
22117,490
18426,490
12033,490
10574,490
1418,490
11269,490
1467,490
1467,490
20080,490
12058,490
16737,490
14683,490
4098,490
21220,490
8365,490
3890,490
14683,490
18426,490
21220,490
6438,490
22996,490
14003,490
21472,490
8558,490
18439,490
5900,490
1471,490
2498,490
1185,490
28251,490
15625,490
30241,490
8640,490
151,490
4166,490
11445,490
6170,490
21801,490
853,490
25017,490
12480,490
805,490
18628,490
18614,490
2013,490
12480,490
31469,490
12480,490
27202,490
10969,490
14713,490
14978,490
3288,490
1617,490
23716,490
18074,490
19290,490
13028,490
5818,490
12979,490
9023,490
13252,490
5465,490
26686,490
16113,490
2853,490
5465,490
6154,490
1745,490
2367,490
31144,490
7561,490
719,490
23495,490
14074,490
20114,490
30702,490
26424,490
6398,490
6649,490
11901,490
16113,490
1040,490
3887,490
6305,490
27862,490
2133,490
221,490
5322,490
23727,490
8294,490
4583,490
9887,490
914,490
4685,490
23738,490
8307,490
5438,490
9637,490
31469,490
16113,490
19877,490
26354,490
3713,490
12705,490
5438,490
12660,490
21511,490
18923,490
10603,490
1681,490
21511,490
22636,490
18484,490
0,490
21417,490
8860,490
0,490
17435,490
13883,490
26985,490
14351,490
27039,490
1047,490
24693,490
16524,490
6008,490
6836,490
27039,490
20381,490
7517,490
31840,490
20313,490
1704,490
30908,490
6949,490
10115,490
59,490
26185,490
59,490
391,490
10514,490
15361,490
28643,490
19361,490
26391,490
4611,490
10640,490
11991,490
1566,490
6742,490
3988,490
24093,490
360,490
153,490
18242,490
15057,490
11828,490
13842,490
248,490
18426,490
21047,490
23130,490
16492,490
17693,490
1358,490
12993,490
10514,490
1358,490
255,490
12993,490
462,490
2388,490
2233,490
26561,490
10016,490
9322,490
255,490
10941,490
8288,490
19866,490
19866,490
10941,490
26561,490
25494,490
24053,490
24053,490
5045,490
28718,490
9644,490
24053,490
8815,490
10701,490
1647,490
31252,490
15443,490
9606,490
6620,490
9606,490
25261,490
6987,490
6620,490
48,490
1089,490
904,490
11807,490
24732,490
12927,490
24732,490
8747,490
5930,490
29661,490
5930,490
29359,490
8459,490
24242,490
12233,490
24242,490
29661,490
27003,490
29661,490
29661,490
27003,490
15208,490
27003,490
2276,490
31333,490
2330,490
13754,490
23396,490
28956,490
28222,490
15208,490
17911,490
22602,490
20335,490
30342,490
20335,490
12110,490
28718,490
2409,490
9824,490
32032,490
11758,490
3054,490
10652,490
31929,490
20018,490
9381,490
25171,490
22285,490
14158,490
14585,490
104,490
15849,490
16824,490
6362,490
23331,490
9090,490
28555,490
24704,490
5213,490
500,490
104,490
31359,490
26532,490
24732,490
15849,490
1088,490
7948,490
26357,490
12505,490
12505,490
13788,490
18815,694
17755,694
20139,694
27048,694
24724,694
30785,694
26765,694
27093,694
21868,694
3379,694
14940,694
30747,694
6497,694
25347,694
31800,694
23315,694
31854,694
17077,694
14911,694
15487,694
27137,694
19767,694
16741,694
26912,694
21868,694
32067,694
32128,694
24724,694
29591,694
1234,694
27048,694
19010,694
32336,694
20963,694
20241,694
31804,694
16222,694
29121,694
30570,694
15549,694
15716,694
32254,694
25533,694
21385,694
32254,694
18104,694
15628,694
22423,694
31021,694
31060,694
1179,694
18547,694
13610,694
19381,694
2257,694
32066,694
30323,694
30911,694
31279,694
4088,694
30911,694
5730,694
12391,694
28516,694
19026,694
2257,694
27138,694
27138,694
23735,694
8296,694
12346,694
24180,694
30758,694
30859,694
29835,694
30859,694
3430,694
24020,694
7971,694
20476,694
28737,694
27209,694
26098,694
25092,694
32305,694
31302,694
27497,694
16535,694
8290,694
31804,694
24858,694
6026,694
24858,694
1451,664
19709,664
32011,664
28158,664
21292,664
5752,664
21928,664
6469,664
11409,664
31593,664
22108,664
32360,664
31839,664
2106,664
22240,664
14778,664
15583,664
5836,664
15583,664
30577,664
28906,664
26070,664
11150,664
29509,664
25424,664
21267,664
13185,664
14473,664
23435,664
28316,664
30965,664
30030,664
32272,664
20061,664
30066,664
32440,664
17841,28
25254,28
2350,28
2988,28
20307,28
339,28
18578,28
352,28
27023,28
22238,28
22780,28
8500,28
5980,28
11459,28
27289,28
20599,28
5790,28
26003,28
1839,28
18525,28
22466,28
21869,28
6815,28
17012,28
1906,28
27632,28
22193,28
18525,28
15051,28
19498,28
13454,28
880,28
13239,28
17708,28
2276,28
5588,28
8871,28
15465,28
2795,28
13372,28
11616,28
7305,28
19386,28
27270,28
27456,28
20373,28
3750,28
24622,28
13961,28
13439,28
14987,28
8462,28
950,28
26870,924
10352,924
21816,924
19179,924
27053,924
19011,924
6224,924
9517,924
405,924
23808,924
1333,924
15711,924
16402,924
10352,924
3172,924
6224,924
29368,924
32083,924
15948,924
3618,924
32338,924
17864,924
30808,924
28840,924
14379,924
3273,924
14292,924
28545,924
12272,924
11562,924
30753,924
20660,924
28571,924
23283,924
11780,924
11780,924
27573,924
13481,924
25775,924
12055,924
12975,924
16862,924
12254,924
27035,924
31949,924
31715,924
927,924
13300,924
12567,924
4091,924
14292,924
26529,924
4091,924
12020,924
20498,924
24770,924
12618,924
30702,924
32004,924
25518,924
7618,924
25162,924
12134,924
25162,924
27768,924
31916,924
2706,924
21788,924
27374,924
28840,924
11407,924
9227,924
21454,924
20127,924
28626,924
30739,924
17334,924
12540,924
3756,924
29020,924
29020,924
31748,924
11116,924
31944,924
639,924
7382,924
4670,924
12999,349
25844,349
25697,349
16417,349
28297,349
6011,349
13052,349
14513,349
10729,349
20146,349
4013,349
15252,349
30508,349
17124,349
7611,349
18755,349
7237,349
11153,349
5012,349
24961,349
18008,349
20913,349
21163,349
21322,349
3897,349
6015,349
27022,349
30743,349
19918,349
18410,349
17957,349
11760,349
26774,349
24264,349
5682,349
12764,349
10815,349
23174,349
3318,349
27215,349
29558,349
17023,349
17023,349
20402,349
9876,349
11100,349
6284,349
11732,349
31374,349
16234,349
3649,349
24573,349
24336,349
28097,349
3010,349
20077,349
22368,349
27441,349
19631,349
14756,349
13728,349
13158,349
559,349
6025,349
19141,349
21322,349
8505,349
19256,625
1610,625
26442,625
29129,625
23337,625
14840,625
25224,625
21918,625
16402,625
26938,625
9646,625
27099,625
13779,625
27567,625
26060,625
28149,625
26060,625
1941,625
32041,625
32015,625
21653,625
6569,625
7497,625
24989,625
6071,625
12817,625
8736,625
20894,625
7986,625
10612,625
21651,625
27440,625
25850,625
15213,625
14707,625
11123,625
7230,625
31118,625
22367,625
31473,625
9199,625
21577,625
18508,625
16473,625
720,625
27574,625
2800,625
2619,625
29598,625
18952,625
28829,625
15812,625
18867,625
28600,625
25922,625
25899,625
21901,625
4502,625
24439,625
25960,625
2751,238
19452,238
2955,238
12706,238
27742,238
12339,238
2075,238
14658,238
8584,238
15143,238
23220,238
6009,238
19909,238
1900,238
5525,238
24634,238
8666,238
9638,238
1081,238
19856,238
17186,238
12450,238
329,238
18513,238
25024,238
340,238
16894,238
23015,238
18948,238
6108,238
22323,238
1808,238
10752,238
21199,238
3845,238
15797,238
13389,238
2164,238
9061,238
29444,238
19012,238
1444,238
26676,238
2850,238
5788,238
13987,238
19251,238
9671,238
2834,238
2991,238
13887,238
14491,238
27562,238
24820,238
20986,238
1191,238
20599,238
22020,238
16851,238
27514,238
13354,238
25277,238
23938,238
22057,238
17084,238
13475,238
17821,238
30548,238
19817,238
17301,238
2229,238
28885,238
29540,238
561,238
9282,238
7778,238
15333,238
7868,238
3460,238
7401,238
25523,238
809,238
6370,238
6370,238
27583,238
12616,238
17821,238
7493,238
7801,238
10884,238
9636,238
16794,238
18393,238
11707,238
2035,238
8650,238
4994,238
27695,238
30834,180
23814,180
7972,180
13083,180
3629,180
25580,180
14025,180
13285,180
10085,180
15571,180
4288,180
22976,180
26596,180
29168,180
8751,180
18910,180
8986,180
22578,72
7598,72
6830,72
8132,72
25807,72
9801,72
15860,72
15677,72
11673,72
26286,72
422,72
6191,72
25978,72
13781,72
19255,72
17608,72
12258,72
12829,72
6780,72
12719,72
18854,72
27055,72
5537,72
21828,72
5747,72
18997,72
15752,72
19369,72
12262,72
22533,72
22196,72
7560,72
16994,72
19735,72
22516,72
16493,72
28310,72
6558,72
13231,72
13231,72
23031,72
22674,72
2641,400
15249,400
25328,400
12320,400
1160,400
3018,400
30370,400
29628,400
30556,400
3956,400
30208,400
6966,400
706,400
20631,400
17397,400
20531,400
29628,400
3386,400
21989,400
17816,400
18231,400
15188,400
2507,400
5846,400
22362,400
3741,400
1227,400
5121,400
23986,400
11666,400
26546,400
23986,400
4709,400
746,400
29853,400
15292,400
3914,400
31978,400
7714,400
4391,49
2058,49
16326,49
1767,49
19168,49
2745,49
974,49
26042,49
16683,49
17658,49
14939,49
6078,49
2778,49
27578,49
12550,49
10393,49
23801,49
24035,49
1765,49
18262,49
14551,49
17992,49
17787,49
18708,49
4863,49
3711,49
20787,49
17942,49
20585,49
28537,49
26499,49
9416,49
5620,49
6776,49
13696,49
17250,49
1491,49
2245,49
2313,49
16021,49
1860,49
12508,49
7591,49
6005,49
25697,49
26947,49
28317,49
6974,49
2036,49
18520,49
17041,49
11393,49
7278,49
12177,49
10025,49
16690,49
26786,49
2272,49
25447,49
4351,49
2922,49
25447,49
16825,49
8192,49
7662,49
19464,49
943,49
5562,49
7040,49
1946,49
21635,49
11429,49
8589,49
20769,49
23210,49
3965,49
23477,49
23677,49
11885,49
28273,49
28334,49
25156,49
4652,49
6711,49
25820,49
9162,49
2140,49
24516,49
8985,49
7799,49
5297,49
13582,49
13640,49
8371,49
1111,49
9745,49
13070,49
524,49
25971,49
27954,49
1265,49
14453,49
5092,49
13693,49
5218,49
11245,49
4344,49
17611,49
27418,49
22723,49
24417,49
24934,49
23815,49
5154,29
476,29
8871,29
12165,29
6789,29
26810,29
23582,29
19639,29
27632,29
19498,29
13239,29
20599,29
17708,29
25428,29
8634,29
4798,29
10986,29
14811,29
15465,29
9558,29
10908,29
7305,29
24622,29
13961,29
17649,29
20749,29
14987,29
950,29
13454,29
17212,589
127,589
15602,589
25935,589
19130,589
4360,589
17482,589
32256,589
721,589
23802,589
30640,589
31632,589
26201,589
18058,589
27728,589
26196,589
19809,589
20518,589
31675,589
16316,589
17042,589
30456,589
9204,589
23211,589
32186,589
31586,589
12673,589
14204,589
8240,589
30974,589
24336,589
30628,589
32162,589
964,589
6689,589
30043,589
29462,589
29743,589
15473,589
9097,589
27589,589
21807,589
22597,589
29267,589
26274,589
5226,589
12582,589
7847,589
19387,589
29116,113
24628,113
9124,113
23536,113
13040,113
24877,113
12793,113
5237,113
27948,113
19788,113
21850,113
19825,113
15782,113
27697,113
16279,113
13381,113
8730,113
6216,113
27982,113
27034,113
31322,416
17877,416
16343,416
24125,416
28976,416
30881,416
8872,416
2910,416
25255,416
23466,416
24597,416
31619,416
31742,416
27983,416
20616,416
31608,416
6592,416
31974,416
28829,416
7320,416
30418,416
31280,416
28670,416
31108,416
24860,416
19927,416
2781,416
12214,416
23954,416
15214,416
10724,416
9208,416
21611,416
29248,416
14786,416
22129,416
13046,416
30578,416
8569,416
31753,416
27845,416
30778,416
24336,416
31775,416
29706,416
26124,416
30075,416
21394,416
29457,416
23489,416
20081,416
26345,416
15203,416
28152,416
18602,416
24405,416
30124,416
19760,416
26134,416
32044,416
4134,416
23458,416
7733,416
23663,416
10191,416
28376,416
20872,416
17080,416
32149,416
6703,416
12491,416
2231,416
29351,416
32001,416
718,801
7127,801
305,801
6331,801
5294,801
22950,801
15381,801
303,801
28441,801
7706,801
2751,801
14301,801
18178,801
18615,801
31031,801
25794,801
760,801
30580,801
6554,801
4462,801
20200,801
17312,801
8759,801
2082,801
18224,801
14152,801
26738,801
426,801
2226,801
32287,801
32287,801
4717,801
19136,801
4639,801
25872,801
9021,801
7596,801
30748,801
2713,801
15952,801
22870,801
25170,801
14436,801
28491,801
25622,801
4793,801
10409,801
22719,801
718,801
10439,801
1686,801
19528,801
8164,801
5488,801
14971,801
21276,801
4833,801
32413,801
23220,801
23784,801
31258,801
21558,801
12515,801
28251,801
22167,801
6141,801
1085,801
718,801
1313,801
954,801
9817,801
637,801
30289,801
24195,801
10841,801
1350,801
13032,801
27506,801
2433,801
5272,801
5442,801
19620,801
26940,801
1797,801
30922,801
11685,801
8952,801
1085,801
14847,801
15147,801
1462,801
2693,801
2087,801
24859,801
12727,801
17263,801
1253,801
1863,801
20091,801
4797,801
165,801
15578,801
11778,801
8607,801
1166,801
11499,801
20500,801
31603,801
17351,801
10421,801
3774,801
10511,801
29291,801
27226,801
20996,801
27577,801
32079,801
23071,83
26679,83
115,83
6967,83
4699,83
28372,83
28617,83
16795,83
7877,83
28488,83
24690,83
4829,83
7034,83
29138,83
27095,83
6137,83
3866,83
24809,83
27555,83
17734,83
8693,83
25868,83
20707,83
6226,83
6151,83
16795,83
23643,83
23362,83
25416,83
29060,83
15771,83
11757,83
17984,83
21161,83
14749,83
28206,83
23372,83
28167,83
5075,83
16224,83
2281,83
17348,83
11368,83
4428,83
5072,83
24873,83
5480,83
23279,83
23243,83
27815,83
26122,83
14089,83
13376,83
18124,83
24809,83
13941,83
5655,83
25792,83
24529,83
23643,83
1935,83
25327,83
6449,83
24682,83
19924,83
26648,83
12193,83
20697,83
22786,83
10076,83
20697,83
26486,83
19321,83
23478,83
21824,83
23919,83
24404,83
20188,83
24762,83
25889,83
199,83
2281,83
23021,83
22818,83
21192,83
23025,83
27235,83
28139,83
27242,83
7470,83
27247,83
16500,83
8261,83
16158,83
28979,83
25146,83
20022,83
4259,83
14402,83
25071,83
10693,83
27044,83
26929,83
22525,83
11403,83
24267,83
18054,83
26193,83
22010,83
27558,83
19542,83
23091,83
25709,83
25482,83
15754,83
15891,83
15622,83
18570,83
20770,83
102,318
25527,318
11132,318
55,318
7900,318
19394,318
28686,318
19394,318
55,318
28058,318
1310,318
655,318
10507,318
354,318
232,318
23327,318
6549,318
615,318
25724,318
19380,318
655,318
449,318
18797,318
9586,318
9586,318
449,318
472,318
6199,318
12178,318
714,318
31227,318
197,525
15911,525
4599,525
4906,525
1341,525
19330,525
24120,525
29688,525
2115,525
10428,525
30920,525
10672,525
19729,525
4260,525
5159,525
10987,525
8471,525
1404,525
913,525
5331,525
1506,525
4897,525
12869,525
15647,525
8405,525
12264,525
24899,525
8780,525
7872,525
4382,525
13119,525
25556,525
23408,525
7946,525
28996,525
515,525
1289,525
8835,525
8475,525
13705,525
22990,525
16423,525
22911,525
2823,525
31876,525
14698,525
6852,525
31192,525
15750,525
32344,525
12468,525
26336,525
19260,525
11040,525
19044,525
18943,525
30236,525
1217,525
15796,525
9180,525
8278,525
6720,525
24501,525
8507,525
4070,525
7526,525
8235,525
2581,525
3562,525
9483,525
15665,525
4823,525
18507,525
3473,525
11181,525
3865,525
16049,525
14922,525
24647,525
14877,525
19823,525
7017,525
7682,525
10555,525
2861,525
9737,525
12934,525
1196,525
5170,525
24132,525
12938,525
15763,525
26882,525
23425,525
4120,525
20614,525
4140,525
513,525
2918,525
31921,525
29354,525
15288,525
25681,525
32229,525
15164,525
16611,525
8105,525
17423,525
19203,525
1406,525
27176,525
8878,525
25855,525
18928,525
25176,525
24749,525
9348,525
15612,525
25210,525
12011,525
21437,525
8453,525
3786,525
5448,525
12857,525
21940,525
26825,525
29354,525
25646,525
17261,525
19908,525
29651,525
21164,525
1389,525
24880,525
30933,525
12985,525
25549,525
24559,525
17458,525
21304,525
25396,525
7532,525
15261,525
26280,525
3311,525
17189,525
17989,525
24262,525
14981,525
9400,525
1218,525
14981,525
20196,525
27041,525
17547,525
27463,525
9677,525
20075,525
20729,525
6519,525
23635,525
19077,525
1541,525
7035,525
25129,525
26756,525
23559,315
4707,315
7381,315
2999,315
21568,315
25869,315
11897,315
30745,315
605,315
8374,315
4874,315
18481,315
4573,315
15190,315
14331,315
27729,315
20953,315
9768,315
30118,315
18811,315
31616,315
21568,315
29872,315
11725,315
14266,315
11725,315
8020,315
16508,315
23051,315
14044,315
23918,315
31206,315
23051,315
12204,315
10897,315
26428,315
31480,315
7236,315
5655,315
12618,315
31736,315
25175,315
6110,315
13737,315
28861,315
24463,315
10158,315
18389,315
24463,315
28861,315
4328,315
23707,315
7378,315
16360,315
27123,315
29544,315
24197,315
23534,315
32030,315
12284,315
17230,315
31856,315
22181,315
27581,315
4310,315
27581,315
5239,315
22181,315
3377,315
28496,315
3377,315
19937,315
11595,315
19937,315
27179,315
24269,315
31742,315
32003,315
4305,315
23746,315
32029,315
28724,315
28774,315
21186,315
26681,315
3887,315
27572,315
17425,315
17425,315
5646,315
25175,315
25175,315
10790,315
7553,315
4162,315
20254,451
31733,451
26506,451
8357,451
17704,451
15640,451
24478,451
29632,451
21130,451
30022,451
23257,451
7803,451
22967,451
17576,451
17576,451
23767,451
15990,451
24389,451
16420,451
12410,451
30717,451
5307,451
26257,451
16420,451
24389,451
26391,451
26350,451
31315,451
32158,451
12018,451
28092,451
14976,451
3011,451
30179,451
29770,451
28832,451
20839,451
31081,451
24763,451
18609,451
1420,451
20567,451
15181,451
6546,451
27769,451
30138,451
24055,451
2297,451
31886,451
1664,451
17218,451
28535,451
26666,451
23181,451
30220,451
28391,451
486,451
15000,451
15000,451
30792,451
30648,451
17350,451
21115,451
30053,451
20989,451
26031,451
26417,451
13273,451
30053,451
31945,451
29155,451
32181,451
29155,451
32181,451
5764,451
3990,451
30587,451
14636,451
30801,451
19431,451
30667,451
31938,451
23062,451
29926,451
28658,451
15922,451
29230,451
22407,359
23053,359
28276,359
25874,359
21700,359
30518,359
30368,359
21103,359
29383,359
22287,359
25385,359
28238,359
29649,359
30268,359
27189,359
28233,359
20973,359
26344,359
28199,359
29505,359
28890,359
25438,359
27222,359
28796,359
30009,359
28951,359
28119,359
30519,359
28972,359
12692,359
30384,359
28352,359
21333,359
29894,359
9977,359
30328,359
21098,359
27359,359
26986,359
26797,359
30507,359
27968,359
29836,359
27898,359
16086,359
25931,359
28779,359
26790,359
29579,359
23909,359
22971,359
25106,359
22637,359
20781,359
30349,359
21803,359
22879,359
28826,359
30564,359
24825,359
23739,359
27443,359
22211,359
30416,359
22270,359
29035,359
22860,359
16761,359
10183,359
25102,359
27047,359
28307,359
29898,359
30056,359
26105,359
28969,359
23075,359
23008,359
18088,359
22140,359
21671,359
30486,359
12251,359
28551,359
30407,359
25078,359
23469,359
30706,359
29937,359
27747,359
30673,359
28599,359
19240,359
25548,359
18319,359
27621,359
30894,359
29936,359
16982,359
20057,359
30037,359
11124,359
28756,359
20100,359
24713,359
27028,359
30731,359
26975,359
19535,359
23001,359
23005,359
29158,359
25495,359
23514,359
23671,359
23198,359
29493,359
26553,359
29098,359
20846,359
22704,359
29304,359
29610,359
12700,359
23807,359
19577,359
23166,359
29578,359
28754,359
16105,359
19864,359
29135,359
28196,359
26289,359
22004,359
26570,359
21066,359
15135,359
21229,359
29623,359
28728,359
27385,359
25141,359
26615,359
29924,359
10462,359
26966,359
24624,359
28628,359
9762,359
28064,359
25433,359
30324,359
28057,359
29745,359
22675,359
20790,359
30484,359
23921,359
23129,359
30495,359
29436,359
25478,359
27451,359
28614,359
27843,359
24099,359
29820,359
24270,359
30539,359
27411,359
27893,359
26208,359
22873,359
26868,359
23704,359
27069,359
21219,359
21262,359
21234,359
21241,359
21221,359
21258,359
21261,359
21231,359
21233,359
21207,359
21215,359
21246,359
21242,359
21226,359
21238,359
21239,359
21223,359
21232,359
21240,359
21208,359
21257,359
21218,359
21247,359
26408,359
19638,359
25938,359
28903,359
25514,359
29774,359
30405,359
30154,359
29003,359
24319,359
22139,359
14779,107
15216,107
15699,107
27144,107
9973,107
11350,107
1537,107
26454,107
21059,107
27102,107
30246,786
27902,786
12167,786
22394,786
32320,786
5570,786
3992,786
17312,786
1944,786
12877,786
8584,786
27402,786
15333,786
5536,786
9553,786
17336,786
1391,786
16610,786
10331,786
5844,786
14726,786
9648,786
2777,786
32565,786
10893,786
17059,786
13260,786
8760,786
30246,786
8521,786
6965,786
10881,786
28583,786
13304,786
23201,786
5661,786
153,786
30211,786
32318,786
10320,786
14879,786
11632,786
20822,786
32409,786
15828,786
27850,786
4201,786
4639,786
32466,786
30977,786
16397,786
81,786
15546,786
22117,786
19551,786
15309,786
14628,786
21464,786
25272,786
4597,786
4597,786
20444,786
29262,786
2327,786
31774,786
6271,786
20519,786
11061,786
1015,786
24752,786
13967,786
13843,786
32464,786
3931,786
29790,786
27338,786
1884,786
10303,786
21872,786
3740,786
20494,786
14897,786
27142,786
32405,786
14320,786
6799,786
31670,786
8983,786
23271,786
19529,786
7955,786
3829,786
9192,786
14458,786
17073,786
10506,786
32129,786
1922,786
32431,786
19768,786
3223,786
3223,786
27394,786
22745,786
3810,786
11015,786
8714,786
3993,786
30748,786
14451,786
10510,786
3687,786
14179,786
5152,786
18584,786
10642,786
2841,786
3953,786
29597,786
24176,786
19108,786
14032,786
4174,786
23798,786
27010,786
16035,786
32411,786
31618,786
5759,786
4111,786
2028,786
26802,786
22502,786
12611,786
15063,786
16489,786
3706,786
23938,786
16844,786
4146,786
22731,786
1490,786
2,786
15717,786
12755,786
1902,786
10666,786
32426,786
6252,786
32400,786
32400,786
5365,786
3221,786
14119,786
16120,786
16298,786
799,786
14351,786
31744,786
6818,786
7416,786
4177,786
32407,786
32456,786
1998,786
22797,786
30289,786
31783,786
1797,786
13171,786
717,786
32418,786
23944,786
25953,786
2741,786
5282,786
24195,786
1040,786
11739,786
19528,786
18599,786
23593,786
25270,786
26932,786
13459,786
3985,786
400,786
30663,786
12515,786
15442,786
24318,786
10641,786
16338,786
1785,786
11161,786
25244,786
358,786
31088,786
23889,786
1086,786
11161,786
6141,786
30355,786
9284,786
17655,786
12645,786
10846,786
22865,786
11901,786
15560,786
12534,786
19779,786
27680,786
15810,786
43,786
16232,786
25608,786
15952,786
25608,786
6748,786
14872,786
13161,786
27042,786
23334,786
6036,786
30702,786
3373,786
1008,786
9805,786
6035,786
18595,786
27965,786
18181,786
1238,786
31966,786
7021,786
9507,786
16207,786
14852,786
19162,786
3348,786
2726,786
11809,786
2711,786
8876,786
18595,786
189,786
1235,786
2148,786
26846,786
139,786
4777,786
20150,786
8543,786
22590,786
13953,786
10699,786
3136,786
11262,786
6443,786
13444,786
1402,786
31566,786
29829,786
19648,786
20665,786
28438,786
13157,786
7820,786
9178,786
20003,786
10077,786
5734,786
8905,786
22877,786
28130,786
4795,786
12744,786
15472,786
26321,786
1253,786
2588,786
31566,786
27944,786
7664,786
17183,786
19648,786
31578,786
255,786
15345,786
15605,786
12031,786
6744,786
909,786
28623,786
11242,786
11499,786
1686,786
13157,786
10266,786
15163,786
4035,786
3988,786
8194,786
26390,786
519,786
13475,786
26240,786
5701,786
31114,786
17178,786
20855,786
29901,786
16063,786
26565,786
16237,786
32079,786
3261,786
26209,786
5284,786
16084,786
760,786
3707,786
18085,786
20032,786
19856,786
28517,786
2958,786
20652,786
17898,786
30967,786
22115,786
27287,786
5146,786
11494,786
15787,786
17741,786
7165,786
24649,786
30343,786
14481,786
624,786
21386,786
29485,786
8477,786
28905,786
16123,786
20980,786
21249,786
18299,786
14425,786
25015,786
17707,786
1129,786
24189,786
26649,786
6031,786
16593,786
16851,786
9345,786
1419,786
2824,786
19574,786
24086,786
6600,786
18965,786
30290,786
15089,786
6468,786
2405,786
4497,786
31031,786
17190,786
19781,786
24445,786
14228,786
11327,786
19853,786
13540,786
12440,786
32089,786
1565,786
16854,786
5906,786
13592,786
9789,786
31538,786
9789,786
29016,786
18754,786
4824,786
4824,786
1901,1041
12483,1041
25012,1041
14847,1041
3373,1041
30274,1041
30274,1041
5146,1041
26347,1041
18010,1041
21175,1041
1897,1041
644,1041
6553,1041
17256,1041
4923,1041
15862,1041
16886,1041
12131,1041
67,385
263,385
22057,385
5394,385
24442,385
11023,385
10398,385
12804,385
6680,385
26244,385
6158,385
6586,385
1318,385
9302,385
23218,385
17692,385
102,385
1294,385
64,385
14662,385
4500,385
18337,385
25334,385
89,385
9904,385
24940,385
1736,385
194,385
15030,385
16903,385
16959,385
13026,385
5380,385
137,385
6802,385
1715,385
17900,385
7957,385
28193,385
8692,385
30491,385
9076,385
8433,385
224,385
14988,385
30134,385
30456,385
5791,385
268,385
19558,385
844,385
29429,385
4224,385
11886,385
698,385
30034,385
28795,385
31301,385
7302,385
4316,385
23109,385
346,385
27834,385
30702,385
32004,385
8201,385
3248,385
31681,385
1200,385
22614,385
147,385
31397,385
92,385
403,385
5080,385
15230,385
28251,385
26872,385
13889,385
265,385
15993,385
27353,385
23481,385
19887,385
31496,385
20778,385
30466,385
31496,385
9731,385
9459,385
19780,385
12963,385
24966,385
31985,385
26164,385
16800,385
26872,385
274,385
29790,385
3145,385
203,385
29288,385
13445,385
5229,385
26768,385
31716,385
21133,385
17935,385
27639,385
28025,385
10072,385
30102,385
27452,385
15540,385
4358,385
19829,385
29394,385
10065,385
28813,385
11460,385
6610,385
15168,385
10003,385
26116,385
17614,385
21302,385
8636,385
17034,385
9495,385
17404,385
13486,385
3880,385
16061,385
17438,385
27698,385
9519,385
30127,385
7644,385
27877,385
23889,385
21031,385
8310,385
31162,385
10770,385
31377,385
1093,385
29303,385
27833,385
25134,385
24549,385
3191,385
385,385
27049,385
10655,385
19520,385
19856,385
16956,385
4591,385
14534,385
24549,385
7387,385
13858,385
10537,385
10166,385
787,385
19901,385
31016,385
9054,385
6566,385
12053,385
24952,385
2692,385
26157,385
13098,385
30965,385
27799,385
184,385
11274,385
25794,385
3176,385
5796,385
4108,385
28820,385
12340,385
28365,385
1969,385
24445,385
725,385
1083,385
22761,385
13998,385
7,385
27890,385
20415,385
19591,385
22570,385
4777,385
1174,385
1076,385
8561,385
4158,385
2985,385
3341,385
17063,385
7785,385
19375,385
17276,385
420,385
21921,385
18010,385
26597,385
4807,385
11557,385
24085,385
14603,385
11,385
28570,385
30,385
6996,385
16780,385
20396,385
3590,385
13720,385
137,385
30636,385
27591,385
5257,385
10116,385
25761,385
589,385
20988,385
13367,385
9076,385
28259,385
28246,385
630,385
6223,895
8657,895
27633,895
115,895
24615,895
29184,895
32218,895
16528,895
29240,895
10050,895
20921,895
30820,895
29302,895
18109,895
21545,895
31354,895
27330,895
3713,895
27330,895
31107,895
30808,895
27816,895
10656,895
27184,895
22127,895
29636,895
31348,895
8369,895
21153,895
18331,895
30225,895
30629,895
21153,895
12172,895
11811,895
16817,895
16817,895
9275,895
17798,895
24244,895
4684,895
22738,895
27187,895
9397,895
7939,895
27804,895
27640,895
16639,895
29778,895
22710,895
22710,895
2051,895
2051,895
11067,895
26733,895
26813,895
28203,895
11811,895
27605,895
27605,895
27605,895
17304,895
14958,895
12661,895
12749,895
19645,895
25512,895
4656,895
9588,895
29203,895
28523,515
24137,515
24137,515
25894,515
30209,515
26319,515
26319,515
24708,515
8930,515
9607,515
13061,515
23365,515
30809,515
29488,515
26459,515
30898,515
23195,515
25593,515
22355,515
15897,515
30809,515
26734,515
11762,515
25004,515
17670,177
8674,177
9371,177
8674,177
4973,177
27289,177
19002,177
6255,177
1361,177
13347,177
21456,177
10635,177
17450,177
18824,177
20577,177
6441,177
15984,177
19794,177
25624,177
14650,177
13522,177
30788,177
26530,177
14247,177
24919,177
16572,177
28722,177
8543,177
6627,177
27625,177
8270,177
5235,177
9267,177
13765,177
11693,177
17753,177
31693,1050
29196,1050
14047,1050
11485,1050
10702,1050
30401,1050
23730,1050
11394,1050
29317,1050
23370,1050
15156,1050
9754,1050
14057,1050
32172,1050
27094,1050
14165,1050
27094,1050
14165,1050
32552,1050
12583,1050
13787,1050
32105,1050
21116,1050
31277,1050
22543,1050
8898,1050
13796,1050
32469,1050
32547,1050
32548,1050
9692,1050
28966,1050
15156,1050
13777,1050
9478,1050
29388,1050
12192,1050
9220,1050
22660,1050
15296,1050
26732,1050
31704,1050
4423,1050
31443,1050
31443,1050
29378,1050
6307,1050
19006,1050
10700,1050
32566,1050
17564,1050
22770,1050
8017,959
316,959
10383,959
163,959
5614,959
8164,959
5590,959
5846,959
22614,959
2794,959
1180,959
28036,959
28829,959
12341,959
10103,959
30098,959
3151,959
10723,959
2304,959
12215,959
9501,959
19,959
737,959
14361,959
17587,959
12705,959
3770,959
1662,959
1477,959
6288,959
4933,959
24793,959
8307,959
30702,959
2347,959
522,959
27746,959
12351,959
69,959
953,959
9409,959
599,959
26598,959
438,959
7932,959
1950,959
15680,959
7614,959
30597,959
22851,959
19454,959
6513,959
13854,959
316,959
7918,959
1812,959
6740,959
1094,959
1922,959
2471,959
2471,959
6549,959
6625,959
1854,959
31400,959
31777,959
8356,959
17504,959
17518,959
2545,959
793,959
10822,959
13215,959
27710,959
3026,959
13185,959
17405,959
541,959
3695,959
14529,959
23208,959
1328,959
11250,959
16850,959
2057,959
379,959
8092,959
8092,959
876,959
407,959
8267,959
1446,959
8356,959
23230,959
17426,959
6527,959
2092,959
28049,959
13743,959
2605,959
316,959
14003,959
1502,959
649,959
13479,959
112,959
4962,959
4962,959
4770,959
17405,959
5474,959
30685,959
30685,959
8933,959
23895,959
7074,959
732,959
29744,959
4320,959
327,959
6905,959
7978,959
19813,959
907,959
152,959
9968,639
23083,639
2772,639
10130,639
10373,639
21383,639
12388,639
15405,639
16779,639
832,639
26107,639
9697,639
2468,639
13564,639
24687,639
28049,639
30376,639
27435,639
24312,639
3548,639
13564,639
10147,639
3548,639
10147,639
13219,639
26977,639
23849,639
13574,639
4124,639
23849,639
14740,639
14640,639
14640,639
9849,639
27847,639
29974,639
18542,639
29300,639
7965,639
28582,170
23417,170
11095,170
28608,170
28608,170
28582,170
21132,170
19835,170
1128,170
1128,170
13370,170
6321,170
30381,170
5618,170
26717,170
8010,170
21563,170
2550,170
16979,170
7822,170
20135,170
9416,170
21722,170
9115,170
4809,170
22694,170
29063,170
23838,170
6750,170
1765,170
24827,170
17916,170
26717,170
25684,170
25684,170
22988,170
28533,170
18197,170
8796,170
16965,170
5720,170
21570,170
18430,170
21625,170
11174,170
21110,170
8128,170
31057,170
23877,170
9108,170
21132,170
25595,170
28981,170
2258,170
21281,170
24447,170
3593,170
23846,170
9126,170
22292,170
30203,170
17428,170
28765,170
27549,170
28041,170
30264,170
27225,170
30264,170
30264,170
19835,170
4908,170
26169,170
1755,170
5444,170
4985,170
23940,170
30381,170
24695,170
29598,170
29770,170
21667,170
26591,170
29448,170
13243,170
12005,170
29461,170
29256,170
24955,170
3797,170
17891,170
8094,170
24508,170
13103,170
26536,170
8124,170
13134,170
3788,170
22291,170
22406,170
3393,170
8440,170
1756,170
20529,170
23269,170
28522,170
17713,170
3862,170
28504,170
6831,170
2061,170
8009,170
28658,170
26877,170
24414,170
786,170
28483,170
28483,170
18398,170
18201,170
4155,170
11740,170
5546,170
21721,170
21721,170
10482,170
4465,170
30694,170
13024,170
22450,170
11288,170
17476,170
15517,170
32280,1037
23379,1037
17786,1037
29859,1037
14741,1037
6248,1037
8775,1037
31132,1037
26973,1037
28884,1037
19317,1037
25041,1037
13369,1037
31913,1037
23851,1037
2385,1037
28202,1037
25526,1037
28911,1037
25620,1037
25620,1037
26617,1037
9472,1037
16571,1037
17433,1037
22910,1037
23885,1037
20318,1037
2550,1037
25891,1037
18896,1037
28915,1037
24185,1037
7738,1037
21649,1037
4694,1037
7905,1037
2845,1037
32517,1037
6736,1037
32517,1037
26680,1037
3784,1037
28435,1037
29478,1037
24645,1037
10324,1037
9498,1037
23357,1037
24008,1037
25705,1037
18864,1037
20006,1037
21673,1037
8005,1037
29162,1037
19815,1037
7264,1037
13332,1037
8570,1037
12356,1037
32493,1037
32493,1037
24923,1037
11839,1037
11839,1037
24439,1037
26264,1037
20228,1037
29859,1037
22489,1037
7968,1037
28522,1037
4368,1037
11531,1037
24214,1037
20574,1037
24640,1037
20716,1037
29551,1037
22995,1037
32393,1037
9860,1037
8440,1037
5196,1037
6116,1037
25431,1037
25431,1037
2763,1037
14173,1037
14132,1037
20072,1037
4539,1037
5496,1037
5620,1037
4463,1037
13099,1037
29598,1037
22105,1037
32530,1037
4582,1037
25363,1037
20939,1037
5053,148
19761,148
12440,148
9733,148
13249,148
14718,148
21804,148
5288,148
7387,148
14244,148
5906,148
15463,148
22293,148
15075,148
722,148
4946,148
16598,148
21027,148
21243,148
5548,148
23647,148
7355,148
6213,148
18452,148
12209,148
27416,148
1479,148
344,148
4338,148
1187,148
3627,148
11784,148
27797,148
29659,148
13854,148
7899,148
16353,148
19226,148
5702,148
3410,148
8176,148
2664,148
848,148
21870,148
835,148
6634,148
5487,148
17199,148
26838,358
13046,358
29718,358
17238,358
10662,358
1487,358
18601,358
24915,358
4227,358
28633,358
26350,358
4780,358
23450,358
26899,358
19538,358
17856,358
9958,358
6947,358
20931,358
15801,358
16236,358
29080,358
25717,358
12125,358
30602,358
29459,358
32144,358
11540,358
25152,358
20310,358
15613,358
292,358
25689,358
1534,358
25124,358
5083,358
30266,358
29418,358
10493,358
7951,358
21441,358
381,358
6747,358
7012,358
645,358
26089,358
31429,358
15065,358
4572,358
24175,358
14410,358
28845,358
9768,358
12894,358
23462,358
1194,358
23550,358
9736,358
28181,358
5605,358
28760,358
10377,358
23303,358
23660,358
23896,358
19216,358
17628,358
17138,358
5585,358
20756,358
2248,358
22126,358
3440,358
28106,358
21143,358
26882,358
29930,358
19803,358
46,358
8593,358
32133,358
27866,358
13056,358
21854,358
13056,358
27768,358
13544,358
21739,358
23050,358
8493,358
28891,358
27660,358
8493,358
31309,358
16421,358
10568,358
14742,358
29315,358
1640,358
22686,358
25645,358
6529,358
25100,358
17561,358
4775,358
24476,358
15700,358
25063,358
25878,358
30774,358
25309,358
9892,358
25660,358
12833,358
15064,358
6543,358
108,358
30702,358
15866,358
27277,358
12162,358
2905,358
10003,358
14473,358
18548,358
12673,358
10014,358
28984,358
19131,358
24723,358
23256,358
31138,358
20569,358
9209,358
27141,358
8313,358
28435,358
1249,358
13186,358
31707,358
23070,358
7225,358
29232,358
6703,358
18257,358
25005,358
18554,358
26278,358
25726,358
6731,358
12241,358
4287,358
6174,358
7723,697
29786,697
14227,697
8797,697
2326,697
18221,697
4226,697
4538,697
23804,697
25573,697
22171,697
28479,697
27465,697
8182,697
14535,697
28639,697
5717,697
30307,697
18462,697
8011,697
26910,697
23483,697
1798,697
13785,697
6404,697
9075,697
16079,697
654,697
20520,697
22365,697
19216,697
1199,697
23878,697
6703,697
25730,697
11644,697
18291,761
26496,761
29455,761
8952,761
5790,761
7964,761
18579,761
8952,761
27684,761
7964,761
1697,761
4438,761
11708,761
332,761
32000,761
30213,761
18579,761
11708,761
1697,761
11480,761
11708,761
8433,761
7964,761
2380,761
8989,761
26496,761
21069,761
8829,761
9287,761
14599,761
26217,761
26496,761
16516,761
26870,761
1966,761
26496,761
10081,761
24060,761
6457,761
30702,761
8839,761
14009,761
27847,761
24557,761
22389,761
7340,127
10305,150
12499,150
28054,150
5185,150
666,150
22234,150
8258,150
1492,150
11039,150
15177,150
1010,150
5288,150
2310,150
2887,150
16615,150
11559,150
16229,150
13544,150
4699,150
1141,150
29418,150
15391,150
3766,150
26127,150
3703,150
14606,150
14193,150
19510,150
15802,150
110,150
14818,150
20697,150
11783,150
11103,150
613,150
5,150
13666,150
4587,150
953,150
1517,150
3532,150
20986,150
19137,150
29504,150
15480,150
2732,150
28816,150
22814,236
23015,236
30413,236
12674,236
25329,236
15808,236
6309,236
27562,236
19181,236
1394,236
9441,236
31335,236
23472,236
1242,236
12766,236
5593,236
16468,236
14436,236
25371,236
31653,236
12590,236
10277,236
8676,236
12948,236
17823,236
13194,236
2873,236
14094,236
31618,236
3630,236
4805,236
21357,236
17537,236
13126,236
1235,236
17341,236
19452,236
3795,236
4625,236
6184,236
9798,236
30148,236
5817,236
11804,236
30211,236
7760,236
22551,236
7707,236
4853,236
11777,236
29810,236
11061,236
31771,236
9916,236
952,236
23574,236
12451,236
11061,236
6570,236
15797,236
6648,236
952,236
28489,236
28672,236
6570,236
7772,236
11061,236
6101,236
9853,236
21531,236
3905,236
3661,236
2826,236
11944,236
9488,236
3353,236
20802,236
19632,236
7466,236
28489,236
10403,236
1097,236
5132,236
8749,236
995,236
25192,236
10663,236
1242,236
3098,236
11516,236
4842,236
8174,236
3739,236
4125,236
18118,236
21697,236
4402,236
27915,236
5501,236
12493,236
17253,236
7201,236
4569,236
22755,236
18083,236
8174,236
29556,236
3957,236
12492,236
24896,236
9470,236
19213,236
22837,236
19504,236
7686,236
7590,236
17636,236
812,236
21340,236
31426,236
20663,236
16663,236
22315,236
3553,236
28143,236
18106,236
18599,236
4341,236
28280,236
22549,236
12774,236
16216,236
25886,236
25329,236
6408,236
5593,236
23975,236
10370,236
6186,236
4346,236
25377,236
11303,236
31691,236
5693,236
3642,236
13063,236
27054,236
14630,236
1029,236
28622,236
26050,236
18151,236
26990,236
21065,236
1242,236
23472,236
21065,236
26795,236
13073,236
1131,236
14787,236
16204,236
8689,236
704,236
7368,236
7368,236
14723,236
29971,236
11650,236
13684,236
17303,236
30391,236
3183,236
31270,236
3100,236
19401,236
21254,236
7324,236
19530,236
19423,236
10827,236
3236,236
29790,236
21537,236
4467,236
13967,236
5873,236
12731,236
10369,236
2060,236
30068,236
22586,236
22831,236
10323,753
6169,753
112,753
16759,753
6169,753
29002,753
4962,753
6983,753
6753,753
17757,753
14529,753
30063,753
10834,753
17299,753
30702,753
10653,753
21354,753
20150,753
3580,753
5787,753
2402,753
12799,753
16118,753
29538,753
3277,753
2511,753
4617,753
29028,753
17295,753
24538,753
17588,753
10354,753
20814,753
2888,753
30816,753
29002,753
12871,753
13566,284
18149,284
27837,284
28454,284
27423,284
27363,284
28455,284
28458,284
27360,284
28469,284
29218,284
27548,284
29220,284
27828,284
29212,284
27538,284
27358,284
28460,284
29216,284
27425,284
28451,284
27355,284
27829,284
27430,284
27478,284
28449,284
26976,284
26834,284
28447,284
27439,284
29211,284
27357,284
28463,284
29214,284
28462,284
27352,284
29210,284
27479,284
28464,284
28459,284
27540,284
27375,284
28470,284
28466,284
28450,284
29249,284
29251,284
27842,284
28448,284
27428,284
29250,284
27840,284
29215,284
27474,284
27826,284
27429,284
27839,284
27431,284
27477,284
27427,284
27539,284
27070,284
27547,284
28465,284
28467,284
29244,284
26859,284
27827,284
28475,284
29243,284
28453,284
27541,284
29221,284
28461,284
28456,284
27356,284
27354,284
27841,284
28471,284
28468,284
27476,284
29222,284
27480,284
28452,284
28473,284
28474,284
3280,284
25521,284
28472,284
28446,284
6053,284
28641,284
10445,284
25343,284
31104,284
24030,484
31926,484
9901,484
7895,484
13953,484
31750,484
6009,484
13578,484
27821,484
30603,484
14595,484
1448,484
10083,484
10398,484
15487,484
7760,484
23465,484
32079,484
10397,484
32094,484
15442,484
27266,484
31618,484
16640,484
14713,484
14,484
22887,484
1057,484
29802,484
24910,484
1192,484
20810,484
15089,484
17653,484
5816,484
825,484
1680,484
1680,484
3408,484
825,484
30738,484
8285,484
4702,484
12596,484
7032,484
15054,484
27965,484
17363,484
31494,484
1063,484
8000,484
15564,484
31679,484
3908,484
25513,484
10864,484
22708,484
14481,484
31683,484
1472,484
20083,484
25959,484
10456,484
21295,484
5411,484
23967,484
12147,484
6231,484
611,484
16232,484
23093,484
15281,484
19782,731
4115,731
8688,731
31031,731
32159,731
30999,731
17932,731
10293,731
19088,731
19088,731
17556,731
32016,731
25930,731
21069,731
25967,731
21139,731
2299,731
26217,731
13292,731
7613,731
25803,731
16335,731
25124,731
13519,731
9337,731
13748,731
8776,731
21866,731
7100,731
2209,731
9436,731
8238,731
10214,731
30956,731
21139,731
28706,731
32000,731
31040,731
2330,731
27475,731
21479,731
20067,731
474,731
25267,731
23700,731
25318,731
11874,731
24734,731
20905,731
22645,731
22806,731
6360,731
23976,731
11843,731
11843,731
2080,731
9491,731
19088,731
29798,731
23388,731
21147,731
30038,731
23253,731
2402,731
22449,731
6942,731
10604,731
24581,731
32013,731
22449,731
17116,731
12624,731
21842,731
9385,731
7475,731
23219,731
9255,731
26259,731
12532,731
4067,731
22302,731
19736,731
11261,731
11261,731
18260,731
30797,731
13916,731
14601,731
7171,731
3627,731
30797,731
14601,731
21097,731
16741,731
19116,731
3441,731
19116,731
25110,731
3441,731
17932,731
22106,731
11441,731
3627,731
29846,731
10877,731
14528,731
30702,731
27638,731
19690,731
11337,731
19900,731
19900,731
16342,731
22505,731
10999,731
4480,731
25190,731
18205,731
4695,731
4695,731
28764,731
22283,731
27825,731
23829,731
30956,731
31009,731
8397,731
32137,731
32137,731
32137,731
32137,731
12724,731
13105,731
8614,731
13105,731
31310,731
5912,731
4011,731
13290,731
25318,731
9821,731
11371,731
13197,731
15918,731
16530,731
32355,715
20709,715
8633,715
20756,715
20199,715
24407,715
21315,715
7082,715
24058,715
3349,715
7739,715
7620,715
15896,715
11695,715
6921,715
17388,715
4264,715
31031,715
8389,715
16074,715
12286,715
15281,715
26465,715
7450,715
15805,715
17223,715
7140,715
25487,715
13387,715
10109,715
21193,715
11216,715
7713,715
8202,715
25415,715
19728,715
15636,715
6281,715
5474,715
30035,715
16427,715
24433,715
15144,715
25492,715
3127,715
19592,715
30499,715
8633,715
30099,715
13510,715
20460,715
3652,715
24358,715
29142,715
32339,715
15433,715
6967,715
684,715
15722,715
32342,715
31476,715
4559,715
26308,715
26710,715
3822,715
17316,715
28279,715
18049,715
18118,715
30181,715
26622,715
23235,715
26587,715
22390,715
7618,715
19220,715
21523,715
32312,715
26383,715
16151,715
16151,715
6030,715
9547,715
5731,715
5731,715
7069,715
25682,715
32319,715
29792,715
107,1012
23379,1012
8669,1012
1011,1012
5704,1012
8941,1012
29421,1012
26400,1012
292,1012
14339,1012
29970,1012
524,1012
29781,1012
30306,1012
28217,1012
13746,1012
6505,1012
21030,1012
27503,1012
14724,1012
23377,1012
16601,1012
7012,1012
22462,1012
1664,1012
5486,1012
10453,1012
23834,1012
32075,1012
16006,1012
25745,1012
22280,1012
6866,1012
12240,1012
24516,1012
31565,1012
29037,1012
2861,1012
31950,1012
19918,1012
15174,1012
16965,1012
21838,1012
27303,1012
28553,1012
31851,1012
25921,1012
12014,1012
7111,1012
22737,1012
28817,1012
31775,1012
7885,1012
24895,1012
32314,1012
9341,1012
15064,1012
12398,1012
8837,1012
18354,1012
7622,1012
29694,1012
25096,1012
19835,1012
17553,1012
13411,1012
30608,1012
15307,1012
15307,1012
30131,1012
30287,1012
888,1012
15070,1012
26079,1012
24506,1012
24856,1012
19689,1012
14339,1012
23878,1012
31295,1012
21622,1012
3010,1012
28825,1012
23924,1012
24662,1012
11740,1012
7668,1012
7285,1012
27872,1012
3388,1012
8774,1012
20505,1012
21368,1012
20786,1012
28907,1012
6705,1012
27979,1012
6703,1012
6705,1012
27979,1012
7729,1012
4680,1012
20014,1012
7388,1012
23846,1012
2199,1012
16596,1012
22095,521
30594,521
12595,521
26621,521
18511,521
3588,521
2206,521
18045,521
23707,521
14953,521
1723,521
22523,521
22540,521
12595,521
3500,521
30594,521
6493,521
17574,521
3119,521
7140,521
9714,521
5458,521
3500,521
23771,521
7561,521
15290,521
21497,521
17791,521
28684,521
15538,521
25980,521
21754,521
21822,521
12065,521
21283,521
24303,521
20153,521
16923,521
4519,521
4030,521
31890,521
7896,521
18256,521
7896,521
32212,521
14735,521
2242,521
20947,521
8444,521
2116,521
5458,521
5458,521
15538,521
15028,521
18973,521
382,521
29407,521
15749,521
28850,521
13500,521
16239,521
30278,521
16239,521
11390,521
10822,521
28132,521
797,521
7459,521
18429,521
21854,521
16051,521
30862,521
31370,521
1377,521
15031,521
19618,521
25000,521
8867,521
8675,521
31694,521
5991,521
10528,40
10159,40
23977,40
19984,40
19984,40
14150,40
9767,40
12752,40
11359,40
22752,40
24116,40
24116,40
19769,40
19769,40
27931,40
11063,40
18029,40
25117,40
23786,40
22674,40
23786,40
11905,40
11905,40
8635,40
8635,40
26286,40
22324,40
11736,40
14253,40
13643,40
21106,40
21106,40
27323,40
27323,40
9103,40
21092,40
5600,40
4426,40
5828,40
9103,40
22915,40
22915,40
18436,40
21844,40
26118,40
21844,40
26118,40
9223,40
9223,40
6191,40
26423,40
23513,40
23272,40
20278,40
20278,40
26423,40
5883,40
20063,40
14760,40
16722,40
22839,40
25271,40
22497,40
26049,40
25271,40
22497,40
10253,40
5995,40
11727,40
25271,40
26049,40
11727,40
11522,773
4381,773
18378,773
1180,773
20855,773
32309,773
22258,773
31349,773
1116,773
18747,773
23740,773
24911,773
9750,773
7175,773
9481,773
23650,773
8989,773
14161,773
15921,773
22682,773
26593,773
14016,773
31511,773
14016,773
11930,773
3001,773
4118,773
16442,773
24758,773
6187,773
30655,773
31788,773
13493,773
15223,773
26354,773
19659,773
12147,773
32389,773
26616,773
17898,773
26961,773
22166,773
11954,773
18341,773
18341,773
30285,773
28407,773
18499,773
18853,773
26040,773
14944,773
18128,773
4380,773
23391,773
29716,773
22001,224
27075,224
20697,224
12004,224
9548,224
25288,224
1699,224
31684,224
10756,224
898,224
31224,224
6316,224
29522,224
21914,224
27830,224
20013,224
29838,224
25635,224
16715,224
1448,224
2587,224
22814,224
21244,224
31553,224
26638,224
18865,224
7974,224
10070,224
30329,224
8915,224
16766,224
30336,224
15329,224
4920,224
24397,224
26603,224
26603,224
23532,224
10414,224
9177,224
4992,224
7128,224
6703,224
17137,224
18711,224
8156,751
19742,751
6554,751
2737,751
32041,751
9789,751
21249,751
31668,751
26469,751
2808,751
25541,751
6833,751
14351,751
11098,751
10445,751
5612,751
24056,751
25450,751
13986,751
1334,751
18496,751
32296,751
822,751
31538,751
31538,751
1087,751
11998,751
24461,751
29152,751
13967,751
581,751
29152,751
8178,751
17672,751
24238,751
9859,751
25892,751
15436,751
30675,751
22258,751
11794,751
7726,751
21321,751
20134,751
12513,751
32356,751
10863,751
29553,751
18423,751
31162,751
499,751
28873,751
21112,751
12361,751
17973,751
19822,751
22535,751
6400,751
27241,751
30266,751
26174,751
19982,751
10293,751
5942,751
16629,751
24157,751
17151,751
15299,751
32233,751
31114,751
24803,751
5608,751
10925,751
11909,751
3659,706
25558,706
7699,706
3356,706
16906,706
5148,706
2492,706
15766,706
19007,706
23276,706
2196,706
4527,706
16873,706
28349,706
1898,706
26384,706
5011,706
7679,706
12863,706
3276,706
4768,706
4622,706
31629,706
19554,706
8210,706
15031,706
31629,706
4776,706
3739,706
14012,706
12308,706
20853,706
7232,706
21029,706
4128,706
27610,706
15007,706
13580,706
4981,706
28482,706
3334,706
993,706
6695,706
4954,706
28775,706
3161,706
4920,706
12291,706
4200,706
3239,706
8090,706
26397,706
11966,706
22707,706
26397,706
14213,706
18372,706
21794,706
7098,706
13819,706
31530,706
9661,706
28361,706
16808,706
31530,706
9962,706
12652,706
8638,706
18148,706
16583,706
30044,706
6459,706
5612,706
8408,706
11280,706
2726,706
12260,706
12870,706
5585,706
15984,706
9890,706
12007,706
11222,706
11692,706
12007,706
8232,706
5142,706
32335,706
22308,706
17761,706
17214,706
10145,706
9247,706
14188,706
14924,706
2836,706
22409,706
22409,706
28545,706
9319,706
13894,706
11089,706
5819,706
11051,706
15137,706
17386,706
3257,706
3967,706
8993,706
11925,706
29629,706
2198,706
31127,706
26476,706
18485,706
31143,706
12210,706
31472,706
21629,706
13314,706
21193,706
13740,706
3612,706
1424,706
6833,706
19199,706
2841,706
17340,706
1590,706
12802,706
30499,706
6975,706
11475,706
6900,706
12121,706
13017,706
24893,706
11797,706
19443,706
2251,706
4805,706
11695,706
30702,706
11131,706
14713,706
4983,706
8425,706
15545,706
1257,706
29315,706
30298,706
12031,706
13747,706
28847,706
4934,706
14429,706
26465,706
14429,706
21133,706
10104,706
21825,706
7436,706
4486,706
12958,706
29389,706
3019,706
11262,706
9022,706
27002,706
29025,706
15550,706
25154,706
11986,706
25599,706
30770,706
1157,706
17042,706
18960,706
9305,706
2316,706
12419,92
25062,92
12419,92
13665,92
22031,92
28933,92
12419,92
16641,92
9359,92
29137,92
21463,92
16852,879
13183,879
16547,879
15573,879
30757,879
23424,879
9619,879
7481,879
15890,879
3569,879
15909,879
14689,879
28672,879
26603,879
9074,879
21737,879
20697,98
436,98
6039,98
1848,98
16415,98
6402,98
1602,98
10233,98
23027,98
5822,98
16224,98
8698,98
23242,98
3905,98
24098,98
12228,98
27552,98
7974,98
5826,98
20947,98
12784,98
28003,98
1067,98
13971,98
15773,98
2990,98
6967,98
10831,98
21161,98
2186,98
18714,98
24589,98
14159,98
26153,98
23322,98
7808,98
7108,98
27332,98
22794,98
20503,98
26122,98
6051,98
7627,98
3919,98
12950,98
6230,98
3488,98
15913,98
3681,98
13474,98
5540,98
11370,98
20210,98
6039,98
20153,98
29167,98
12694,98
20812,98
17604,98
12523,98
19316,98
3878,98
30640,350
4501,350
17968,350
2186,350
4068,350
4200,350
18256,350
6477,350
12112,350
20828,350
31428,350
8759,350
7331,350
456,350
20364,350
11153,350
24314,350
24106,350
6478,350
28857,350
1262,350
5855,350
30702,350
12457,350
24195,350
4493,350
7956,350
1515,350
3344,350
1554,350
13237,350
27958,350
612,350
26444,350
7282,350
22174,350
5695,350
15662,350
6389,350
20364,350
2447,350
3446,350
5522,350
10889,350
31429,350
2920,350
28054,350
26430,350
24460,350
31923,350
21008,350
8770,350
31923,350
3941,350
26769,350
27022,350
2542,350
10233,350
20270,350
3994,350
16180,350
11824,350
28720,350
7187,350
28956,350
20317,350
3438,350
3470,350
2983,350
23264,350
30957,350
15486,350
25648,350
21940,350
25465,350
24761,350
5471,350
19155,350
24175,350
23177,350
1262,350
31017,350
6389,350
31522,350
31017,350
25822,350
14438,246
11087,246
25292,246
2583,246
4542,246
29159,246
1344,246
7200,246
7454,246
13093,246
18297,246
5929,246
26384,246
14178,246
16857,246
3325,246
13575,246
31552,246
5936,246
16622,246
3183,246
9481,246
10355,246
1118,246
28115,246
15741,246
2689,246
27339,246
29012,246
3068,246
5085,246
29612,246
10187,246
3127,246
4051,246
15381,246
9671,246
14695,246
25218,246
1278,246
21019,246
7878,246
3385,246
9061,246
9486,246
16870,246
18393,246
16063,246
12149,246
15957,246
6832,246
3568,246
7868,246
11880,246
3513,246
30000,246
4114,246
6064,246
25241,246
22721,246
13044,246
22100,246
27193,246
27770,246
14745,246
17365,246
666,246
11731,246
21073,246
11147,246
21073,246
7454,246
2807,246
25294,246
16466,246
5125,246
30263,246
8075,246
14076,246
14119,246
4781,246
5394,246
28885,246
25177,246
6405,246
15528,246
1401,246
30480,246
7432,246
13337,246
16074,246
2295,246
31251,246
2295,246
13199,246
11315,246
6051,246
3079,246
2662,246
7599,246
10560,246
25819,246
30504,246
7799,11
15102,11
8373,11
896,11
26562,11
22511,11
22079,11
12111,11
26771,11
17749,11
24629,11
3206,11
19532,11
14551,11
18529,11
13190,11
17270,11
21570,11
17270,11
2383,11
19762,11
14758,11
2258,11
5241,11
18463,11
13007,11
8303,11
18082,11
18751,11
1870,11
2882,11
19174,11
1765,11
8799,11
8208,11
25051,11
20970,11
18107,11
21685,11
18107,11
21958,11
26665,11
8491,11
24370,11
19793,11
24314,11
14495,11
20173,11
24378,11
15064,11
6661,11
22288,11
17283,11
4482,11
7530,11
5475,11
21335,11
24447,11
3138,11
8568,11
16671,11
9502,11
18768,11
14011,11
22686,11
22697,11
13243,11
23502,11
9581,11
24021,11
18492,11
19063,11
21679,11
7125,11
10784,11
23866,11
21520,11
17713,11
21041,11
17107,11
12398,11
24119,11
8006,11
17103,11
11652,11
13103,11
12379,11
7014,11
4225,11
9101,11
10695,11
22582,11
14577,11
16683,11
3281,11
18896,11
18349,11
20561,11
16556,11
2128,11
14207,11
20123,11
15561,11
22413,11
2382,11
21271,11
16784,11
10562,11
8781,11
17270,11
23591,11
6935,11
5207,11
1683,11
7869,11
23583,11
1861,11
25907,11
9472,11
26944,11
12614,11
13191,11
23489,11
21680,11
3316,11
6691,11
12885,11
1056,11
24523,11
15656,11
25606,11
25353,11
24650,11
24978,11
26199,11
24710,11
24978,11
16864,11
22372,11
23644,11
4218,11
26343,11
23273,11
1183,11
1794,11
21078,11
20538,11
16742,11
21587,11
3275,11
23125,11
20213,11
17623,11
22186,11
22612,11
8166,11
21549,11
24652,11
20839,11
17519,11
1098,11
16293,11
5377,11
16825,11
24802,11
20305,11
5829,11
7966,11
14276,11
18702,11
14276,11
10550,11
4915,11
13825,11
18702,11
16977,11
22247,11
11120,11
18117,11
3224,11
7354,11
15337,11
23509,11
7308,11
26722,11
18657,11
21342,11
5812,11
19142,11
21678,11
9126,11
15874,11
11766,11
6348,11
26591,11
11205,11
12414,11
17516,11
26566,11
8945,11
10119,11
1280,11
3789,11
24827,11
25913,11
18868,11
2650,11
11515,11
23360,11
17495,11
18868,11
9377,11
3005,11
13402,11
13099,11
3213,11
17630,11
20004,11
14191,11
6896,11
25398,11
24721,11
21673,11
21565,11
10232,11
17346,11
5645,11
7208,11
3512,11
8154,11
22657,11
12342,11
14457,11
21088,11
15839,11
21591,11
25282,11
11405,11
2458,11
11578,11
13378,11
10529,11
21900,11
5046,11
1119,11
3658,11
26312,11
19020,11
21863,11
24738,11
24751,11
8616,11
23466,11
18648,11
25172,11
10743,11
24813,11
24813,11
1459,11
6673,11
707,11
15820,11
9100,11
2175,11
9100,11
19990,11
2175,11
19990,11
10288,11
15718,11
15107,112
8882,112
11376,112
5540,112
10480,112
25291,112
14386,112
22525,112
11881,112
16914,112
21555,112
13915,112
16391,112
13039,112
5539,112
27132,112
17078,112
6222,112
22568,112
7028,112
11876,112
1372,112
1372,112
12725,112
2364,1005
5692,1005
28385,1005
8899,1005
11584,1005
13860,1005
5491,1005
28178,1005
6964,1005
25524,1005
28054,1005
14313,1005
7349,1005
31229,1005
23774,1005
32380,1005
26284,1005
25559,1005
1536,1005
11976,1005
2582,1005
24716,1005
31335,1005
13901,1005
25979,1005
7579,1005
25240,1005
24675,1005
21202,1005
8804,1005
18798,1005
28062,1005
27990,1005
26804,1005
14795,1005
815,1005
28849,1005
15229,1005
24430,1005
30649,1005
15308,1005
13694,1005
6816,1005
2999,151
2264,151
9335,151
15918,151
26859,151
19134,151
7353,151
16852,151
25011,151
5098,151
2400,151
1840,151
23795,151
11798,151
2638,151
1418,151
4595,151
21823,151
9008,151
16698,151
24621,38
12236,38
7139,38
7331,38
1740,38
22729,38
15910,38
24528,38
18522,38
23019,38
21265,38
20307,38
7683,38
22326,38
9659,38
24028,38
12703,38
12963,38
22346,38
4667,38
18322,38
7920,38
2038,38
16059,38
20382,38
267,38
21445,38
18358,38
9701,38
8439,38
25045,38
15105,38
2317,38
12995,38
9708,38
14013,38
21376,38
25123,38
3809,38
14223,38
14471,38
23312,38
23641,38
7631,38
14443,38
4421,38
6438,38
3825,38
13649,38
6641,38
5689,38
7156,38
23528,38
18066,38
4789,38
17288,38
178,38
13415,38
20062,38
15074,38
18332,38
8827,38
418,38
6890,38
24193,38
16995,38
14070,38
23114,38
3792,38
21134,38
14980,38
17550,38
8617,38
21317,38
22587,38
15613,38
28255,38
22695,38
13226,240
20151,240
30750,240
13495,240
9717,240
29981,240
16276,240
16276,240
27593,240
20303,240
11139,240
4242,240
21560,240
2582,240
10670,240
11849,240
21202,240
11924,240
29732,240
17972,240
3814,240
31345,240
24580,240
24580,240
26473,240
26481,240
19504,240
20900,240
1306,240
16227,240
29678,240
2509,240
17728,1003
27990,1003
11669,1003
2130,1003
11543,1003
20010,1003
15893,1003
19705,1003
20010,1003
15893,1003
30961,1003
7785,1003
19705,1003
9709,1003
25461,1003
23223,1003
25585,1003
30961,1003
10670,1003
9363,1003
23223,1003
14017,1003
25021,1003
4648,1003
30781,1003
10493,1003
30345,1003
30345,1003
1776,1003
24184,1003
12830,1003
16098,1003
8667,1003
24184,1003
20961,1003
8526,1003
21917,1003
25298,1003
6898,1003
2834,1003
15598,1003
11003,1003
22254,1003
9449,1003
27337,1003
20517,1003
27409,1003
20517,1003
13415,1003
8168,1003
19547,1003
12899,1003
29508,1003
24619,1003
24619,1003
30913,1003
19812,1003
1541,1003
1541,1003
22952,1003
26691,1003
875,1003
22952,1003
17593,1003
23910,1003
19233,1003
13711,1003
13711,1003
6417,1003
29559,1003
6460,1003
19233,1003
20301,1003
20378,1003
20010,1003
13711,1003
2895,1003
14975,1003
14043,1003
14043,1003
10756,1003
14051,1003
13721,1003
15923,1003
12224,1003
12224,1003
21515,1003
1706,1003
13508,1003
14691,1003
30822,1003
31373,1003
15561,1003
2030,1003
10853,1003
12277,1003
11990,1046
11990,1046
16443,1046
29919,1046
868,1046
30668,1046
19405,1046
14318,1046
13059,1046
3381,1046
20099,1046
11896,1046
20001,1046
3696,1046
18629,1046
21214,1046
5762,1046
13291,1046
9567,1046
279,1046
22940,1046
4340,1046
22715,1046
6998,1046
19254,1046
6488,1046
19953,1046
24115,1046
23190,1046
3302,1046
15071,1046
16519,1046
22085,1046
8053,1046
24680,1046
28186,1046
1069,1046
20838,1046
18860,1046
26604,1046
12475,1046
25814,1046
27172,1046
20465,1046
952,1046
29780,1046
18936,1046
17669,1046
11678,1046
19249,1046
27873,1046
8624,1046
741,1046
976,1046
16322,1046
10902,1046
20414,1046
29725,1046
23176,1046
20327,1046
16775,1046
23754,1046
8019,1046
4470,1046
3767,1046
18199,1046
21291,1046
9580,1046
30488,1046
21708,1046
17274,1046
20579,1046
20963,1046
12591,1046
20796,1046
12608,1046
16604,1046
19967,1046
6588,1046
3922,1046
32358,1046
11152,1046
19010,1046
20295,1046
15095,1046
22442,1046
24325,1046
30010,1046
28150,1046
4432,1046
21245,1046
23566,1046
4432,1046
23566,1046
30913,1046
23301,1046
32540,1046
17525,1046
23747,1046
7341,1046
7341,1046
302,1046
28251,1046
32345,1046
3290,1046
21959,1046
31940,1046
12545,1046
21375,1046
25430,1046
29352,1046
8185,1046
15530,1046
885,1046
12516,1046
5857,1046
20984,1046
527,1046
23367,1046
7014,1046
20141,1046
24990,1046
28056,1046
27392,1046
563,1046
28011,1046
1771,1046
19955,1046
29106,1046
15191,1046
20021,1046
25958,1046
8888,1046
20667,1046
22905,1046
2401,1046
23442,1046
4589,1046
19351,1046
27158,1046
26190,1046
18050,1046
17804,1046
24425,1046
27224,1046
32306,1046
32504,1046
29609,1046
32539,1046
22206,1046
7279,1046
20562,1046
28932,1046
23754,1046
31101,1046
30816,1046
27103,1046
17443,1046
501,1046
1062,1046
31426,1046
17548,1046
3515,1046
7576,1046
6190,1046
9325,1046
2084,1046
17415,1046
12412,1046
2496,1046
13,1046
20717,1046
221,1046
4682,1046
17371,760
1451,760
16951,760
27391,760
27684,760
17932,760
15759,760
30702,760
10296,760
26967,760
16328,760
2023,760
32072,760
24060,760
2900,760
24908,760
11395,760
32072,760
12724,760
21841,168
5769,168
18338,168
10050,168
25513,168
13375,168
25600,168
16148,168
18567,168
23395,168
7486,168
988,965
9863,965
2594,965
2512,965
24340,965
2512,965
23391,965
2266,965
10812,965
28735,965
1789,965
24079,965
24602,965
17713,965
18303,965
23813,965
14682,965
32160,965
14947,965
10695,965
9681,965
19865,965
25349,965
24962,965
28685,965
9498,965
27099,965
11729,965
25845,965
12392,965
32057,965
24044,965
7285,965
26091,965
27767,965
21230,965
24597,965
11868,965
28680,965
23853,965
1929,965
26680,965
27981,965
17037,965
11868,965
2453,965
6356,965
4463,965
29226,965
30595,965
27309,965
11868,965
17114,965
29655,965
29655,965
17605,965
27239,965
29953,965
7949,965
13861,965
30633,965
24344,965
16090,965
30609,965
12327,965
24042,965
22628,965
31468,965
9863,965
11577,965
11577,965
30713,965
30300,965
7185,965
6385,965
11388,965
8509,965
26564,965
32062,965
27911,965
28762,965
28915,965
11790,965
3281,965
22534,965
170,890
954,890
27573,890
21961,890
8285,890
4822,890
10625,890
2427,890
19084,890
466,890
6376,890
16332,890
10711,890
31058,890
7348,890
12399,890
31058,890
9982,890
3443,890
3113,890
23011,890
3171,890
7998,890
27014,890
32448,890
23679,890
10286,890
5607,890
13189,890
24094,890
6422,890
11413,890
26287,890
21458,890
11660,890
13321,890
440,890
28526,890
27240,890
12792,890
32502,890
22106,890
2628,890
13413,890
14599,890
26461,890
983,890
28719,890
11607,890
9306,890
11854,890
8156,890
15764,890
927,890
29095,890
13954,890
18811,890
12474,890
5632,890
6833,890
23701,890
910,890
1424,890
16676,890
16676,890
20613,890
5000,890
31526,890
3609,890
32404,890
4099,890
6350,890
31356,890
16758,890
32056,890
32056,890
25033,890
31526,890
26461,890
16359,890
18393,890
17133,890
6415,890
998,890
26896,890
22669,890
15093,890
17831,890
23908,890
23747,890
31887,890
26886,890
22646,890
19527,890
10785,890
11595,890
6688,890
6688,890
6688,890
15097,890
23241,890
8717,890
27532,890
25688,890
21545,890
32492,890
32492,890
21604,890
20921,890
2495,890
16899,890
23144,890
22788,890
22627,890
25367,890
26817,890
26608,890
28886,890
23144,890
20761,890
9241,890
9241,890
9241,890
9241,890
17502,890
13625,890
30081,890
30348,890
31354,890
31056,890
639,890
21455,890
29406,890
23506,890
27123,890
16637,890
23968,890
10853,890
23135,890
3337,890
19349,890
26461,890
29713,890
21413,890
20497,890
26733,890
27897,890
8343,890
15693,890
28422,890
13443,890
29763,890
23057,890
30661,890
30661,890
32481,890
32481,890
164,425
4392,425
26838,425
10252,425
18528,425
4125,425
3928,425
21558,425
30329,425
15487,425
9218,425
15439,425
7576,425
9362,425
8186,425
8376,425
1084,425
3858,425
30583,425
23774,425
26197,425
18393,425
2901,425
19048,425
24902,425
29605,425
4957,425
1527,425
10300,425
14162,425
16198,425
26578,425
10954,425
20978,425
22248,425
20224,425
23707,425
30654,425
28294,425
5999,425
4484,425
16343,425
3077,425
4364,425
19488,425
11794,425
17544,425
8599,425
7674,425
21951,425
23087,425
11240,425
4208,425
13588,425
4965,425
10493,425
19364,425
17571,425
12243,425
27496,425
26257,425
4415,425
18639,425
23776,425
3195,425
29108,425
3868,425
31674,425
22803,425
3766,425
20367,425
16533,425
6193,425
24424,425
23769,425
3132,425
28719,425
50,425
27920,425
14419,425
8191,425
1958,425
22803,425
29259,425
10014,425
18791,425
29967,425
4751,425
7711,425
11960,425
7196,425
10067,425
5685,425
18279,425
6492,425
28244,425
290,425
8102,425
2325,425
13846,425
14419,425
32212,425
13722,425
19493,425
1250,425
14755,425
30266,425
7173,425
30058,425
30901,425
11769,425
19579,425
19538,425
3820,425
28495,425
28427,425
27887,425
15757,425
9929,425
21283,425
23060,425
19579,425
29068,425
27238,425
7637,425
11644,425
18857,425
21861,425
16831,425
30541,425
10285,425
21061,425
16946,425
19480,425
4580,425
23970,425
18552,425
30231,425
26229,425
32022,425
12312,425
3584,425
10313,425
11455,425
7535,425
19867,425
26779,425
27866,425
22686,425
20253,425
24476,425
14901,425
18554,425
17089,425
28891,425
8658,425
25699,425
8187,425
4131,425
31328,425
1632,425
2223,425
27907,425
24015,425
14311,425
6489,425
13913,425
23676,425
30283,425
13178,425
27277,425
23532,425
25979,425
8585,425
26886,425
10041,425
6162,425
5314,425
16189,425
24841,425
15866,425
6455,425
15773,425
4941,425
12131,425
25726,425
26444,425
5318,425
15423,425
31688,425
19414,425
500,425
28764,425
6174,425
25575,425
28607,425
15397,972
32366,972
32501,972
128,972
41,972
27950,972
6738,972
10993,972
565,972
9988,972
1899,972
3345,972
10299,972
11764,972
799,972
20353,972
7129,972
21459,972
415,972
18832,972
28164,972
3911,972
11155,972
9433,972
13011,972
4077,972
10668,972
18257,972
2234,972
25639,972
9825,972
12646,972
2629,972
4630,972
15385,972
22851,972
7080,972
16095,972
23481,972
12832,972
18916,972
32381,972
10350,972
2089,972
24589,972
14317,972
21951,972
19263,972
32494,972
8311,972
1492,972
8241,972
10425,972
3469,972
30857,972
15833,972
27683,972
688,972
19425,972
1367,972
13934,972
8029,972
12832,972
16560,972
16377,972
15619,972
31182,972
31396,972
31146,972
5985,972
31422,972
5006,972
10011,972
31585,972
11442,972
11638,972
31608,972
10545,972
20759,972
32000,972
13212,972
2475,972
7627,972
6447,972
18852,972
31032,972
20207,972
32026,972
1881,972
249,972
12799,972
30702,972
16102,972
3527,972
14952,972
29786,972
28738,972
15641,972
14466,972
29446,972
25780,972
18221,972
32265,972
15379,972
25615,972
16165,972
29446,972
16377,972
19859,972
1664,972
18591,972
10548,972
27789,972
2519,972
5579,972
28322,972
22620,972
10412,972
17820,972
24742,972
17677,972
32278,972
6668,972
10291,972
8764,972
21805,972
32109,972
32249,972
10824,972
10765,972
19391,972
20340,972
14107,972
29179,972
19425,972
7669,972
22566,972
8950,972
20090,972
19304,972
27739,972
32008,972
23676,972
10750,972
25443,972
30080,972
7967,972
12158,972
13551,972
22554,972
7072,972
28088,972
14167,972
23751,972
9609,972
7497,972
8534,972
21741,972
28891,972
19982,972
1708,972
18187,972
12495,972
14567,972
5408,972
28899,972
25669,972
28275,972
11950,972
21765,972
1477,972
2413,972
11704,972
22778,972
23092,972
1859,972
17962,972
8154,972
8852,972
22187,972
32462,972
21929,972
5684,972
32337,972
6003,972
12161,972
27550,972
24147,972
24062,972
26392,972
16902,972
10311,972
4679,972
26984,972
21517,972
14644,972
32192,508
29630,508
21678,508
10098,508
4268,508
2582,508
31712,508
18714,508
25912,508
9802,508
16874,508
14019,508
3082,508
10762,508
9696,508
774,508
32041,508
2941,508
18491,508
18416,508
1387,508
31384,508
6403,508
7606,508
29949,508
31038,508
21848,508
27192,508
10516,508
9544,508
11523,508
9024,508
19063,508
2441,508
8154,508
15888,508
26769,508
21659,508
30787,508
5440,508
12327,508
24232,508
26861,508
11800,508
24079,508
31108,508
24506,508
21651,508
23742,508
20970,508
25524,508
10621,508
29512,508
18769,508
5216,508
26591,508
27932,508
31628,508
31628,508
4268,508
18867,508
22939,508
6773,508
17465,508
25918,508
6703,508
17476,508
21713,508
1999,508
28062,508
23577,508
10339,508
7715,508
23843,508
5069,508
3286,508
24861,508
18349,508
25381,508
22722,508
15606,508
11175,508
20142,508
3896,508
29469,508
16278,508
27460,508
23263,508
25869,508
1880,508
32076,508
1794,508
28304,508
5362,508
26257,508
1382,508
15756,508
21396,508
29386,508
22377,508
24700,146
13736,146
5337,146
7000,146
323,146
19442,146
6439,146
14797,146
26478,146
3107,146
15820,146
4898,146
15853,146
6515,146
1874,146
29640,146
5288,146
25561,146
23599,146
25237,146
2908,146
21972,146
16938,146
27657,146
28938,146
2411,146
3780,146
323,146
22441,146
8482,146
25048,146
8121,146
20570,146
434,146
14216,146
8213,146
29480,146
24016,146
23216,146
5663,146
13645,146
22623,146
22723,146
14743,146
5082,146
25490,146
21154,146
17713,146
27011,146
18235,146
23803,146
10538,146
336,146
7270,146
13972,146
29708,146
4355,146
28396,146
11528,146
14901,146
25204,146
29804,146
11616,146
7575,146
14867,146
2704,146
4680,146
12601,146
14786,146
835,146
4762,33
1096,33
17245,33
815,33
238,33
26513,33
8085,33
784,33
28026,33
1706,33
27090,33
25298,33
6662,33
953,33
8500,33
339,33
12955,33
11459,33
16478,33
21623,33
15712,33
812,33
9558,33
2748,33
22466,33
9290,33
18651,33
15465,33
22780,33
25284,33
10992,33
15559,33
16445,33
276,33
11120,33
13144,33
9408,33
16059,33
8263,33
16098,33
8264,33
14170,33
27456,33
20559,33
27409,33
3207,33
6944,33
10132,33
10132,33
15476,33
18686,33
21526,33
3750,33
9561,33
23265,33
9461,33
2365,208
29462,208
30425,208
14265,208
1874,208
20013,208
10071,208
5172,208
29065,208
27349,208
23878,208
26972,208
21865,208
29253,208
24424,208
6133,208
18169,208
19322,208
30535,208
11628,208
28953,208
24481,208
24803,208
12456,208
24481,208
5776,208
22867,208
9942,208
10640,208
493,208
28646,208
9633,208
27319,208
10101,208
7567,208
18732,208
5703,208
838,208
7018,208
2585,208
2476,208
5011,707
26384,707
1372,707
9584,707
6384,707
4882,707
2204,707
646,707
2274,707
27963,707
27650,707
14249,707
12782,707
12619,707
4488,707
1121,707
11628,707
18179,707
13136,707
13413,707
32335,707
9527,707
8773,707
2524,707
29608,707
5261,0
5746,0
7807,0
552,0
177,0
514,0
4363,0
8227,0
3402,0
16477,0
7938,0
985,0
2897,0
16052,0
929,0
4734,0
1164,0
951,0
10556,701
1935,701
15353,701
19827,701
5344,701
1530,701
7269,701
8845,701
15647,538
18192,538
3053,538
8683,538
25205,538
14177,538
13705,538
4911,538
13951,538
19400,538
31991,538
16499,538
1993,538
297,538
1203,538
9788,538
13320,538
990,538
416,538
1549,538
26302,538
11372,538
17056,538
755,538
16058,538
758,538
22072,538
17423,538
16898,538
18869,538
15015,538
26934,538
24899,538
15728,538
12166,538
17462,538
31426,538
19440,538
3898,538
8755,538
30089,538
20492,538
13325,538
2674,538
7682,538
13802,538
17173,538
9411,538
30607,538
26246,538
15338,538
1247,538
4897,538
3828,538
20379,538
663,538
2949,538
370,538
1757,538
29857,538
1241,538
27507,538
6361,538
17205,538
23876,538
1207,538
24014,538
8347,538
7119,538
26901,538
3951,538
18995,538
5866,538
5159,538
26548,538
30651,538
23661,538
19863,538
18018,538
18752,538
14773,538
29476,538
3149,538
1599,538
6785,538
20266,538
24818,538
6931,538
7987,538
1345,538
17461,538
32060,538
618,538
4278,538
18466,538
26385,538
30733,538
26833,538
5530,538
7637,538
32041,538
7946,538
13251,538
4176,538
19979,538
15280,538
26555,538
16619,538
15149,538
11425,538
17780,538
17471,538
534,538
5861,538
6582,538
19014,538
9434,538
18228,538
1802,538
26280,538
17627,538
7954,538
18569,538
6927,538
11232,538
30250,538
11138,538
15032,538
14300,538
16183,538
16155,538
17458,538
27086,538
12762,538
20424,538
14935,538
15396,538
25570,538
19639,538
28565,538
19291,538
10203,538
5225,538
3864,538
24163,538
18041,538
17189,538
23614,538
18293,538
21510,538
10650,538
4199,538
31279,538
15944,538
14006,538
20361,538
23170,538
15617,538
9994,538
13169,538
25771,538
8460,538
15504,538
18660,538
3892,538
17087,538
19189,538
20955,538
2107,538
15432,538
27980,538
15778,538
5952,538
31285,538
14197,538
612,538
15369,538
27152,538
6041,538
15128,538
11699,538
609,538
12972,538
20961,538
31936,538
28030,538
13487,538
1962,538
11235,538
15650,538
21314,538
15488,538
24348,538
13767,538
9211,538
4206,538
11801,538
18697,538
4515,538
5165,538
12901,538
12682,538
22328,538
13436,538
553,538
30117,538
10056,538
30830,538
19978,538
22155,538
21251,538
1139,538
11272,538
15127,538
32156,538
21289,538
17408,538
24658,538
9730,538
17638,538
870,538
27265,538
21363,538
20264,538
1170,538
21508,538
1875,538
4045,538
7077,538
11661,538
14620,538
6097,538
20842,538
18872,538
30378,538
4974,538
15148,538
15453,538
16358,538
20342,538
26414,538
31900,538
9867,538
10807,538
19863,538
17872,538
19379,538
22198,538
19641,538
15506,538
8014,538
30112,538
1239,538
16208,538
12808,538
5289,538
24234,538
13325,538
25121,538
28564,538
16537,538
2284,538
6496,538
14439,538
12558,538
23284,538
23698,538
18325,538
31648,538
23598,538
12266,538
16486,538
25855,538
30265,538
15235,538
5384,538
13744,538
14375,538
21626,538
8398,538
30293,538
19863,538
30293,538
30293,538
21858,538
20039,538
10505,538
23068,538
18030,538
11648,538
21348,538
30858,538
18024,538
30842,538
26823,538
30279,538
7872,538
15942,538
1672,538
5360,192
12017,192
1939,192
18505,192
2151,192
31296,192
1713,192
26713,192
1908,192
19384,192
19463,192
14028,192
4161,192
9142,192
4854,192
27990,192
11456,192
490,192
11264,192
10887,192
2726,192
3134,192
15378,192
9429,192
2343,192
25602,192
31054,192
16554,192
19733,192
11479,192
7656,192
19339,192
11601,192
15439,192
1233,192
27983,192
12080,192
9525,192
16935,192
7083,192
25975,192
23341,192
2933,192
18503,192
12820,192
12539,192
15378,192
24612,192
22936,192
30944,192
5171,192
29595,192
7973,192
646,192
31275,192
4736,192
4938,192
17969,192
12539,192
13849,192
12564,192
7094,192
17603,192
15902,192
12773,192
11730,192
276,192
22920,192
3378,192
21575,192
31047,192
17893,192
26969,192
27383,192
13111,192
6334,192
5540,192
7600,192
23607,192
10294,192
10085,192
7903,192
8659,192
15687,192
3600,192
29872,192
29705,192
30421,192
30135,192
26898,192
23703,192
8573,192
10869,192
29734,192
11303,192
26627,192
12087,192
15363,192
321,192
5705,192
4902,192
14974,192
8960,192
25166,192
29550,192
11302,192
4869,192
25713,192
9967,192
6054,192
9062,192
15554,192
11979,192
11078,192
5135,192
8880,192
3615,192
15460,192
18952,192
23211,192
14462,192
29272,192
5345,192
18835,192
18486,192
29783,192
21957,192
31199,192
30454,877
23515,877
28361,877
31898,877
11196,877
111,877
111,877
111,877
7711,877
10922,877
20435,877
31095,877
27761,877
5707,877
9768,877
32520,877
28810,877
19872,877
7008,877
7709,877
4153,877
26089,877
28778,877
29717,877
16739,877
12699,877
4678,877
15735,877
19470,877
30151,877
21660,877
32031,877
24047,877
29426,877
6782,877
23399,877
18072,877
10675,877
31633,877
31633,877
323,877
15890,877
32550,877
4033,877
29873,877
4033,877
4165,877
10301,877
19175,877
2431,877
30237,877
31796,877
27676,877
11422,877
5699,877
28341,877
7756,877
14957,877
13131,877
4605,877
23041,877
8387,877
32522,877
20433,877
29463,877
2626,877
25485,877
7500,431
30022,431
8477,431
8818,431
16814,431
31580,431
6502,431
11345,431
24178,431
26626,431
25827,431
23707,431
14670,431
17527,431
7730,431
7283,431
27859,431
29057,431
5002,431
32080,431
10255,431
4976,431
21995,431
3674,431
16440,431
31507,431
11976,16
22466,16
17972,16
26762,16
20231,16
21003,16
22868,16
23500,16
22868,16
6334,16
14561,16
25363,16
5440,16
25335,16
14795,16
8557,16
23975,16
19142,16
25596,16
25284,16
13598,16
6641,16
13168,16
23905,16
23905,16
20231,16
23784,16
7668,16
5439,16
12305,16
17931,16
8735,16
22461,16
22461,16
16943,16
12342,16
18864,16
7530,16
3814,16
19264,16
24640,16
12379,16
18798,16
3814,16
19264,16
24640,16
19990,16
24640,16
7530,16
24640,16
25907,16
24086,16
4754,134
11644,134
22691,134
10793,134
29301,134
1885,134
22561,134
18573,134
993,134
3409,134
5337,134
14553,134
12978,134
20271,134
4187,134
10387,134
3869,134
16044,134
5057,134
10693,134
16739,134
6402,134
17075,134
4757,134
9335,134
29111,134
22431,134
56,134
22846,134
14779,106
15216,106
27144,106
9973,106
11350,106
28572,106
28656,106
28572,106
28656,106
28572,106
30310,722
29511,722
11915,722
3924,722
20928,722
12628,722
17970,722
15114,722
15114,722
27987,722
7876,722
26308,722
15029,722
28948,722
25797,722
18636,722
20161,722
14918,722
8812,722
17478,722
16109,722
13801,722
13801,722
5651,722
27260,722
9087,722
16387,722
23612,722
30133,722
19605,722
22243,722
16070,722
29241,722
29241,722
3200,722
1042,722
28859,722
29038,722
7513,722
13859,722
13859,722
24357,722
25206,722
13022,722
17849,722
17849,722
26314,722
5081,722
3583,32
10811,32
5290,32
26760,32
13803,32
19539,32
7993,32
14777,32
17481,32
22986,32
1040,32
9659,32
4509,32
18278,32
17797,32
10799,32
16538,32
8546,32
26915,32
11154,32
1429,32
1703,32
16020,32
23775,32
25212,32
1429,32
17693,32
16059,32
18358,32
12944,32
22814,32
8122,32
15997,32
16794,32
8956,32
24475,32
10436,32
8671,32
8243,32
3077,32
25123,32
25454,32
4198,32
20382,32
12489,32
9544,32
27871,32
19732,32
22762,32
2721,32
23312,32
16445,32
7164,32
180,32
23565,32
25808,32
11168,32
6185,32
22325,32
12216,32
6641,32
23641,32
9643,32
19799,32
13138,32
22034,32
22002,32
11447,32
7512,32
21982,32
4456,32
19167,32
7263,32
17672,32
15074,32
9296,32
2317,32
15569,32
13702,32
6436,32
3773,32
24193,32
3578,32
14547,32
21317,32
451,32
4756,32
17199,32
21362,32
16358,32
16525,32
13062,915
3486,915
23078,915
8562,915
22026,915
20663,915
8322,915
5311,915
9727,915
22616,915
30097,915
19928,915
15846,915
22616,915
19678,915
20230,915
12892,915
29918,915
12983,915
15846,915
7476,915
3576,915
21975,915
26219,915
19678,915
11022,915
4209,915
2719,915
28399,915
12271,915
26236,915
17509,915
28552,915
7544,915
6827,915
26993,915
1180,915
7735,915
7934,915
17139,915
23467,915
12403,915
30817,915
31029,915
4893,915
10002,915
20356,915
25420,915
4395,915
9811,915
10335,915
11201,915
22230,915
16093,915
8107,915
10459,915
5889,915
4107,915
2095,915
2624,915
1988,915
29713,915
6373,915
30192,915
8047,915
18620,78
7743,78
23513,78
19062,78
5921,78
25259,78
20930,78
28111,78
20188,78
29321,78
9276,59
3564,59
25013,59
2360,59
26979,59
3929,59
5241,59
2015,59
25806,59
8163,59
28170,59
28170,59
9276,59
25914,59
2959,59
5092,59
5937,59
7875,59
15087,59
5440,59
7881,59
24660,59
18888,59
24594,59
7675,59
9906,59
19516,59
5200,59
25365,59
9067,59
13537,59
18648,59
20123,59
1904,59
22477,59
20006,59
27469,59
7799,59
8603,59
16742,59
19999,59
13678,59
8129,59
22947,59
28705,59
8129,59
9582,59
24537,59
4997,59
24502,59
13451,59
22173,59
25356,59
27655,59
27434,59
28705,59
25517,59
18400,59
12960,59
23583,59
12263,59
28202,59
28375,59
28577,59
1789,59
16697,59
20618,59
13568,59
23146,59
15561,59
13700,59
11918,59
7797,59
1095,59
28210,59
6612,59
24482,59
3225,59
20149,59
22300,59
1153,59
26131,59
7805,59
18504,59
22736,59
18717,59
2222,59
25324,59
21551,59
6047,59
6047,59
3511,59
18521,59
13920,59
23273,59
15264,59
20014,59
9916,712
14523,712
8213,712
6135,712
21916,712
6366,712
17507,712
7441,712
10321,712
10178,712
9059,712
8867,712
11986,712
53,712
2928,712
20016,712
2928,712
8856,712
20016,712
13225,712
14499,712
2457,712
26622,712
15638,712
6902,712
18856,712
25527,320
12780,320
20112,320
4689,320
15646,320
1036,320
389,320
5419,320
19525,320
11096,320
811,320
18692,320
1614,320
2930,320
5309,320
26812,320
902,320
30423,320
29043,320
3884,320
12635,320
7940,320
15072,320
28720,320
7940,320
29050,320
21200,320
2114,320
27241,320
5710,320
450,320
10493,320
6446,320
13251,320
19475,320
29050,320
29043,320
2536,320
23250,320
2582,320
27661,320
240,320
7576,320
1716,320
21178,320
6752,320
10623,320
18935,320
3063,320
9243,320
14889,320
23654,320
8940,320
2633,320
3425,320
566,320
27088,320
3894,320
13010,320
31099,320
24195,320
6440,320
954,320
17138,320
16076,320
10817,320
24045,320
11789,320
12489,320
19311,320
27089,320
8706,320
30002,320
18645,320
26050,320
248,320
17903,320
27195,320
13427,320
18226,320
18823,320
8676,320
8383,320
25310,320
11964,320
21283,320
28891,320
27989,320
23276,320
27083,320
10499,320
3954,320
8661,320
28573,320
622,320
19586,320
16546,320
8661,320
19352,320
8549,320
28110,320
4333,320
27079,320
23769,320
27084,320
9551,320
19480,320
10067,320
29874,320
26371,320
14316,320
1214,320
6957,320
4991,320
26770,320
11455,320
20178,320
1635,320
19206,320
27212,320
1708,320
6690,320
772,320
1373,320
28557,320
5640,320
274,320
1958,320
31559,320
26881,320
28224,320
28224,320
7100,320
16346,320
5361,320
3054,320
23709,320
20540,320
25072,320
23819,320
32498,964
30162,964
26639,964
24853,964
31024,964
28783,964
19653,964
29976,964
25167,964
29264,964
27895,964
32207,964
28168,964
30007,964
32150,964
13484,964
10005,964
12013,964
14532,964
32442,964
32218,964
31608,964
14171,964
13667,964
26139,964
20750,964
16072,964
25546,964
28812,964
18828,964
27232,964
32532,964
10042,964
26549,964
31238,964
8612,964
30061,964
31746,964
16731,964
11568,964
18716,964
2239,964
2239,964
32551,964
21769,964
27730,964
19133,964
25867,964
32521,964
32554,964
29593,964
32428,964
32317,964
32499,964
25098,524
1573,524
1951,524
5033,524
14951,524
197,524
23408,524
4439,524
8835,524
30390,524
16197,524
913,524
1345,524
18978,524
14894,524
18800,524
8347,524
1356,524
8471,524
3970,524
32126,524
17592,524
3562,524
12762,524
19330,524
8269,524
818,524
30878,524
14408,524
15692,524
32000,524
8780,524
2115,524
1329,524
24899,524
8507,524
8405,524
9598,524
28652,524
3352,524
25556,524
16664,524
1549,524
5397,524
2921,524
18739,524
18188,524
316,524
18943,524
2823,524
16423,524
7137,524
8772,524
6581,524
12206,524
15449,524
32344,524
15563,524
14877,524
9180,524
13705,524
25137,524
9710,524
14922,524
7856,524
6720,524
2470,524
3994,524
7242,524
8278,524
9483,524
27349,524
83,524
18507,524
2581,524
11042,524
3865,524
10133,524
11928,524
7307,524
27167,524
18940,524
1550,524
6365,524
14716,524
10491,524
24132,524
13685,524
7682,524
7082,524
9399,524
4206,524
15390,524
5170,524
25565,524
15304,524
29307,524
452,524
11162,524
899,524
31921,524
16514,524
16599,524
777,524
6950,524
10426,524
10650,524
15925,524
5949,524
13169,524
595,524
4140,524
28558,524
5676,524
1324,524
8783,524
32229,524
5614,524
2678,524
3424,524
20047,524
29688,524
12555,524
9529,524
27946,524
8105,524
13348,524
162,524
19203,524
18928,524
27176,524
4296,524
28234,524
574,524
5584,524
10302,524
17056,524
15969,524
20600,524
16865,524
18752,524
6512,524
23059,524
21251,524
9348,524
10771,524
8018,524
16785,524
18749,524
13713,524
20094,524
2314,524
12152,524
6359,524
15111,524
8453,524
23804,524
4716,524
4599,524
30702,524
29440,524
6824,524
27145,524
21044,524
3590,524
7609,524
11106,524
728,524
6671,524
18144,524
880,524
19908,524
20043,524
6485,524
30347,524
26894,524
7750,524
878,524
27958,524
3357,524
24710,524
15941,524
3764,524
6188,524
17332,524
21374,524
13744,524
17261,524
571,524
25737,524
5723,524
29776,524
3069,524
19411,524
29651,524
24939,524
6982,524
8755,524
9508,524
13407,524
20712,524
18120,524
18330,524
15794,524
21304,524
25222,524
22213,524
4186,524
30141,524
17447,524
9257,524
32104,524
25956,524
21044,524
17364,524
15032,524
7443,524
29014,524
27950,524
3637,524
927,524
1879,524
12158,524
25413,524
7954,524
1879,524
26892,524
26170,524
1879,524
21688,524
851,524
10060,524
1879,524
10100,524
1879,524
17332,524
8404,524
2372,524
24353,524
17780,524
18644,524
986,524
27041,524
11235,524
10627,524
27463,524
17309,524
6937,524
9253,524
20516,524
6346,524
26522,524
6346,524
24011,524
25756,524
28234,524
31798,524
10990,524
4740,524
19077,524
8843,524
1664,524
28564,524
12447,524
32283,524
27344,524
26004,524
21381,524
20947,524
729,524
4847,524
26756,524
18494,524
15978,524
28813,524
32355,717
13171,717
20804,717
582,717
17086,717
2119,717
5654,717
26910,717
21361,717
5209,717
19750,717
5581,717
5727,717
19750,717
26458,717
24337,717
24195,717
22410,717
26590,717
17908,717
1329,717
26590,717
22410,717
2117,717
28995,717
1650,717
32342,717
6768,717
14303,717
3586,717
18477,717
26219,717
3024,717
27118,717
23517,717
6905,717
28303,310
3345,310
10662,310
3438,310
1863,310
25348,310
10847,310
30339,310
30417,310
13359,310
19912,310
3885,310
19364,310
6930,310
20937,310
11093,310
6316,310
26626,310
15492,310
7131,310
30481,310
2624,310
14535,310
18540,310
13211,310
29988,310
28635,310
23826,310
18091,310
19890,310
15370,310
1021,310
9477,310
10493,310
7012,310
16343,310
16608,310
23715,310
14115,310
30569,310
19538,310
10458,310
23826,310
12153,310
13701,310
5300,310
5427,310
26076,310
23715,310
8186,310
15773,310
27128,310
27245,310
27709,310
7693,310
23303,310
32022,310
31102,310
4319,310
10689,310
5870,310
28181,310
25396,310
26438,310
8641,310
30249,310
15125,310
30234,310
9226,310
12312,310
8199,310
23550,310
10283,310
24760,310
4594,310
8846,310
15710,310
20520,310
5367,310
27866,310
15423,310
25726,310
25717,310
28829,310
4250,397
633,397
29533,397
15884,397
1138,397
22095,397
30521,397
17338,397
13541,397
22039,397
16093,397
25292,397
29416,397
12375,397
19704,397
25779,397
27462,397
30331,397
13418,397
23438,397
4209,397
9946,397
23393,397
13495,397
25750,397
17215,397
11023,397
8896,397
1703,397
19431,397
3553,397
15309,397
20844,397
23587,397
15487,397
16903,397
9209,397
15525,397
15116,397
24619,397
17771,397
19033,397
5843,397
31821,397
16899,397
28335,397
31821,397
25765,397
23026,397
16857,397
9731,397
5851,397
31821,397
4456,397
26057,397
28481,397
4411,397
17508,397
24752,397
15610,397
5555,397
8543,397
22438,397
21060,397
845,397
12248,397
30105,397
11139,397
30873,397
11793,397
31194,397
6509,397
18939,397
4104,397
31930,397
4183,397
30592,397
14917,397
26108,397
24737,397
3002,397
5395,397
21114,397
7673,397
24851,397
12774,397
12116,397
12172,397
201,397
24043,397
1651,397
5938,397
6524,397
20131,397
26220,397
4230,397
17626,397
11001,397
6497,397
30821,397
2072,397
4566,397
22808,397
15686,397
31682,397
12236,397
1671,397
11180,397
32017,397
9499,397
27257,397
27708,397
788,397
19523,397
14313,397
25309,397
27396,397
28191,397
29145,397
5699,397
7376,397
29923,397
13726,397
7617,397
23568,397
10601,397
12760,397
204,397
4848,397
12349,397
13485,397
24935,397
24746,397
4650,397
3747,397
5358,397
21830,397
6716,397
24176,397
13955,397
30779,397
28311,397
20911,397
27252,397
26813,397
26186,397
1532,397
193,397
24242,397
2839,397
30828,397
22430,397
14110,397
15717,397
1174,397
17288,397
19591,397
15374,397
10379,397
10467,397
16525,397
17673,397
23967,397
30702,397
14899,397
29536,397
31033,397
20821,397
25555,397
25541,397
20331,397
18627,397
28649,397
5675,397
13180,397
196,397
22983,397
2549,397
18591,397
9949,397
28847,397
30786,397
19657,397
32230,397
1601,397
1002,397
17730,397
17723,397
22235,397
29707,397
4296,397
2271,397
21121,397
21015,397
23000,397
24078,397
13037,397
9207,397
23734,397
28758,397
10827,397
7961,397
8961,397
30263,397
342,397
30160,397
19056,397
19329,397
26502,397
7867,397
4732,397
11808,397
32037,397
2968,397
9369,397
8592,397
23398,397
1629,397
22830,397
8650,397
1808,397
31840,397
2200,397
1391,397
16650,397
7818,397
8540,397
24693,397
13375,397
23026,397
17771,397
27115,397
570,377
1017,377
6506,377
27468,377
8684,377
16891,377
3152,377
17108,377
24723,377
6766,377
3047,377
20015,377
7973,377
1409,377
30677,377
8129,377
2731,377
1719,377
3637,377
162,377
14242,377
6170,377
16494,377
21672,377
7053,377
4268,377
24182,377
8189,377
22144,377
12485,377
2453,377
5217,377
12681,377
1755,377
14531,377
2215,377
22507,377
28729,377
18626,377
23403,377
19063,377
21968,377
17250,377
1752,377
26132,377
20299,377
13557,377
2976,377
5392,377
1098,377
7981,377
14676,377
4557,377
15102,377
4391,377
29487,377
27917,377
28360,377
2922,377
17036,377
21656,377
30408,377
31816,377
28202,377
556,377
17171,377
2725,377
10482,377
12842,377
7704,377
12842,377
23355,377
16719,377
10612,377
4414,377
24665,377
1664,377
17630,377
28217,377
13293,161
25471,161
27345,161
22706,161
8958,161
23880,161
23915,161
9350,161
26121,161
24228,161
12400,161
13973,161
23295,161
26172,161
10472,161
15056,161
24584,161
27783,161
26074,161
22646,161
23508,161
6243,161
26569,161
29372,161
16623,161
26782,161
28497,795
6548,795
16077,795
31993,795
29487,795
27455,795
25949,795
5671,795
8023,795
31546,795
30722,795
15335,795
17733,795
16367,795
22225,795
13708,795
9905,795
19095,795
2517,795
6434,795
11504,795
29561,795
9197,795
32282,795
29561,795
31546,795
29561,795
31993,795
26777,795
26653,795
6937,795
24417,795
17135,795
31081,795
2619,795
22513,795
13704,795
4525,795
31119,795
29561,795
16453,795
28184,795
29257,795
2781,795
12377,795
12390,795
7758,795
5078,795
24439,795
28477,795
3811,479
10099,479
5258,479
26959,479
11999,479
25463,479
21639,479
15334,479
15334,479
7892,479
7892,479
19147,479
15200,479
26388,479
4090,479
14078,479
26821,479
17596,479
18493,479
11567,479
9962,479
19657,479
21081,479
31342,479
2806,479
31604,479
6641,479
31041,479
31041,479
23662,479
26284,479
21880,479
17110,479
23497,479
11267,479
5507,479
29658,479
17113,479
17113,479
9347,479
23119,479
23119,479
15748,479
25409,190
10198,190
25967,190
1723,190
18438,190
14252,190
23507,190
3012,190
10923,190
23840,190
20894,190
13154,190
459,190
20958,190
17361,190
18324,190
25132,190
10182,190
3753,190
431,190
8538,190
18033,190
10593,190
22901,190
6133,190
9303,190
29595,190
23578,190
15259,190
9613,190
10860,190
27564,190
28560,190
7083,190
7903,190
27888,190
27847,190
13844,190
20247,190
19812,190
23358,190
28560,190
21054,190
23601,190
243,190
8526,190
18194,190
19570,190
13144,190
11007,190
23578,190
20248,190
16934,190
21741,190
23358,190
26154,190
18194,190
17541,190
20248,190
16580,190
18718,190
4105,190
22157,190
14543,190
5543,190
30220,190
5099,190
19036,190
1997,190
10714,190
27127,190
29093,190
29823,190
4670,190
20821,190
32122,460
31428,460
15940,460
11628,460
15922,460
22967,460
26009,460
32051,460
24081,460
31430,460
23985,460
19722,460
19951,460
25363,460
12495,460
18792,460
22975,460
29128,460
29337,460
19327,460
17368,460
29665,460
1497,460
26576,460
31886,460
24478,460
926,460
32134,460
26232,460
26177,460
28289,460
28846,460
31879,460
28492,460
6546,460
32158,460
471,460
1394,460
29674,460
4034,460
29907,460
24814,460
24439,460
16716,460
21288,460
11547,460
11547,460
22871,460
19035,460
1803,460
8363,592
9204,592
7905,592
10800,592
8389,592
22044,592
9358,592
2818,592
6594,592
3715,592
14925,592
21768,592
4113,592
6328,592
16911,592
10172,592
4200,592
14345,592
3503,592
11561,592
4617,592
17145,592
28159,592
1026,592
3016,592
5419,592
341,592
24734,592
13656,592
22889,592
22387,592
19439,592
30320,592
15981,592
20568,592
12283,592
5965,592
18748,592
15158,592
12442,592
23466,592
14114,592
14148,592
2932,592
14472,592
9417,592
17309,592
23103,592
11005,592
1357,592
3775,592
14408,592
31872,592
21415,592
29859,592
1186,592
14153,592
9542,592
2310,592
4761,592
22676,592
30095,592
19160,592
8496,592
4382,592
27785,592
1021,592
981,592
23019,592
3226,592
25093,592
6162,592
15789,592
18951,592
18594,592
8766,592
30472,592
32294,592
23475,592
26693,592
6569,592
14606,592
24430,592
31810,592
23313,592
27867,592
18444,592
21713,592
17388,592
19634,592
25135,592
2695,592
18147,592
31966,592
28355,592
16919,592
14699,592
30058,592
3129,592
32141,592
8189,592
22864,592
16200,592
14531,592
24120,592
12857,592
23652,592
24172,592
27544,592
27437,592
5340,592
9351,592
27301,592
22390,592
31099,592
2412,592
11082,592
12643,592
21138,592
27924,592
19012,592
1106,592
15883,592
17594,592
13133,592
16677,592
10382,592
20056,592
5531,592
11564,592
22432,592
15227,592
4526,592
19915,592
25380,592
17507,592
1479,592
2762,592
27162,592
18136,592
13534,592
10757,592
21953,592
18907,592
23571,592
27644,592
25205,592
12875,592
4241,592
14880,592
23686,592
3185,592
6833,592
14768,592
22744,592
27595,592
26911,592
32008,592
28729,592
19999,592
31374,592
23949,592
16259,592
30212,592
8007,592
6703,592
32020,592
26535,592
376,592
10389,592
19141,592
10536,592
16872,592
22850,592
2025,592
24185,592
21271,592
26204,592
31702,592
4792,592
15067,592
22033,155
24982,155
27781,155
25740,155
2378,155
23660,155
4818,155
5288,155
1567,155
25409,155
27294,155
18352,155
9926,155
3665,155
14652,155
13531,155
27319,155
29028,155
17538,155
25905,155
26687,155
29718,155
8243,155
18833,155
11050,155
6133,155
3794,155
27450,155
8026,155
25227,155
23470,155
20395,155
18965,155
24025,155
10120,155
6139,155
13061,101
20000,101
23935,101
18193,101
16805,101
24824,101
24465,101
19350,101
12910,101
25480,101
11757,101
21930,101
11867,101
25545,101
24560,101
24560,101
18562,101
12594,743
12855,743
16054,743
30755,743
6848,743
20230,743
15420,743
24153,743
2838,743
10062,743
4564,743
15635,743
9872,743
2309,743
9451,743
25487,743
29085,743
20182,743
7268,743
23631,743
19961,743
25017,743
25962,743
22050,743
30048,743
28960,743
17154,743
12082,743
6653,743
29447,743
6967,743
20054,743
28803,743
31429,743
10106,743
11581,743
11724,743
7415,743
3445,743
24692,563
21024,563
10530,563
16283,563
11768,563
17682,563
22038,563
18980,563
5431,563
30369,563
7183,563
23103,563
14061,563
10024,563
18538,563
5866,563
2416,563
25073,563
10740,563
24854,563
26510,563
23197,563
19040,563
3715,563
12558,563
14439,563
28140,563
22684,563
28077,563
31939,563
14680,563
28957,563
8877,563
2937,563
9151,563
8154,563
6512,563
18614,563
21447,563
13104,563
21225,563
31231,563
15692,563
21447,563
21381,563
8412,563
25257,563
9508,563
25756,563
1804,563
5657,563
24183,563
27331,563
13774,563
4892,563
31737,563
9065,563
2627,563
27569,563
31141,563
20363,563
9909,563
25169,563
16352,563
18770,563
25591,563
28254,563
14233,563
19260,563
32344,563
25260,563
29129,563
14962,563
15563,563
15512,563
24480,563
29308,563
26859,563
2894,563
11236,563
27946,563
8687,563
26187,563
31640,563
12901,563
31994,563
20787,563
16176,563
14606,563
27772,563
16011,563
22956,563
28961,563
13239,563
27825,563
1599,563
1710,563
29271,563
23170,563
13936,563
9695,563
670,563
15770,563
17398,563
3148,563
31736,563
7310,563
29979,563
21353,563
25093,563
19268,563
6837,563
20324,563
31091,563
26395,563
17151,563
6833,563
31784,563
2619,563
27921,563
21461,563
23740,563
21506,563
18967,563
1355,563
11827,563
24764,563
15605,563
29315,563
11454,563
28403,563
20929,563
29770,563
14657,563
30702,563
23517,563
29040,563
3351,563
8395,563
30410,563
3351,563
21748,563
217,563
11076,563
5584,563
25006,563
18252,563
3342,563
16640,563
11009,563
15502,563
3596,563
11742,563
26140,563
30021,563
26824,563
29439,563
24164,563
1958,563
24779,563
21175,563
12140,563
13055,563
11813,563
29412,563
30204,563
14708,563
12796,563
12556,563
9298,563
11861,563
12460,563
16101,563
20002,563
17390,563
7558,563
22437,563
16872,563
27714,563
22922,563
20268,563
18069,563
11465,563
19413,563
19288,563
7038,563
15924,563
22989,563
27024,563
17860,563
4817,563
31392,563
3040,563
28202,563
16748,563
2385,563
26831,563
10124,563
15459,563
20292,563
14901,563
20506,563
21038,563
22790,563
4935,563
6192,563
25848,563
12018,563
1162,563
1833,563
13246,563
27457,563
6975,563
16498,563
27725,563
23817,563
5781,563
24574,563
30456,563
13217,563
18534,563
6147,563
28829,563
22605,563
29972,563
4036,563
8063,563
22596,563
4890,563
25374,563
19748,563
10010,563
4050,563
28881,563
10374,563
6629,563
13336,563
26758,563
1413,563
7420,563
26756,563
28177,563
22219,563
24436,563
21624,563
7133,563
18494,563
3797,563
31724,563
26363,563
28496,563
24885,563
13222,563
13270,563
18035,563
19609,563
12704,563
8160,563
18416,563
20771,563
13058,563
13174,563
19186,563
16618,563
16618,563
15770,563
10422,563
16630,563
17919,563
30466,563
32117,563
32267,563
19658,563
11964,563
622,563
3069,563
26551,563
13679,375
18305,375
22081,375
21001,375
21653,375
26719,375
2126,375
14845,375
7862,375
26080,375
10327,375
24454,375
9437,375
22758,375
273,375
273,375
11851,375
27238,375
19568,375
5337,375
19119,375
20950,375
21986,375
7655,375
2290,375
14450,375
9841,375
31136,375
3949,375
27875,375
10014,375
6337,375
6337,375
29564,375
27496,375
13031,375
20490,375
19284,375
1377,375
5393,375
30106,375
17319,375
10206,375
23679,375
11851,375
20053,375
3878,375
22518,375
11476,375
1114,375
17517,375
19086,375
7767,375
4535,375
25864,375
22646,375
2393,700
14844,700
20467,700
20653,700
22222,700
19263,700
10979,700
5315,700
3041,700
3041,700
3041,700
11521,700
26903,700
13946,700
14910,700
21170,700
3958,700
21615,700
24121,700
21184,700
10018,742
2269,742
14581,742
1050,742
16347,742
12036,742
12633,742
2309,742
2199,742
19691,742
2711,742
6207,742
24286,742
25841,742
18387,742
6241,742
7015,742
28054,742
26626,742
11926,742
30836,742
28923,742
3201,742
12292,742
22468,742
22303,742
31568,742
3986,742
2785,742
5900,742
1619,742
4601,742
6888,742
6340,742
16325,742
28741,742
10698,742
2054,742
4785,742
28722,742
10139,742
927,742
22121,742
3392,742
17097,742
28683,742
31982,742
3811,742
229,742
18160,742
8664,742
16659,742
5339,742
2223,742
23293,742
29272,742
8608,742
25225,742
26221,742
29442,742
8437,742
10093,742
26381,742
119,742
26381,742
21045,742
8562,742
10964,742
21836,742
14989,742
31312,742
22645,742
1944,742
30174,742
19635,742
20768,742
3940,742
3116,742
31509,742
11055,742
32178,742
26206,742
6655,742
14105,742
25046,742
9547,742
12691,742
17666,742
30460,742
15812,742
26917,648
10815,648
27885,648
19731,648
18178,648
8024,648
14104,648
17415,648
26038,648
10074,648
23304,648
17408,648
29312,648
12195,648
16728,648
10206,648
6217,648
10671,648
825,648
7237,648
3318,648
6977,648
14526,648
23287,648
12525,648
5082,648
3878,648
5458,648
19996,648
17246,648
4619,648
18077,648
21633,648
13010,648
12279,648
26403,648
4373,648
13921,648
27153,648
18297,648
13052,648
22281,648
4901,648
22176,648
31133,648
14692,648
40,648
24304,648
28070,648
10527,648
5049,648
9596,648
16234,648
16745,648
32379,648
18844,648
10213,648
6767,740
923,740
11260,740
16424,740
17442,740
16103,740
17513,740
3300,740
23180,740
11133,740
4454,740
9777,740
18847,740
31263,740
28228,740
11302,740
28228,740
31930,740
10223,740
5718,740
23180,740
18776,740
243,740
17517,740
20459,740
10774,740
4730,740
14169,740
18160,740
10710,740
27950,740
616,740
616,740
3143,740
512,740
22715,740
4454,740
4454,740
19127,740
856,740
31103,1040
30750,1040
1030,1040
17563,1040
25451,1040
6362,1040
19512,1040
22414,1040
17504,1040
6874,1040
26487,1040
958,1040
7858,1040
1103,1040
21495,1040
16111,1040
4644,1040
27813,1040
28699,1040
23637,1040
14415,1040
18775,1040
27580,1040
30314,1040
2361,1040
14774,1040
5858,1040
13853,1040
5833,1040
11683,1040
1535,1040
7010,1040
21874,1040
5831,1040
25715,1040
12874,1040
284,1040
1219,1040
17908,1040
3248,1040
4933,1040
10642,1040
22745,1040
32398,1040
15136,1040
4213,1040
2960,1040
29390,1040
29978,1040
7025,1040
11110,1040
29892,1040
29892,1040
14868,1040
30269,1040
11497,1040
11164,1040
30549,1040
4820,1040
13489,1040
29844,1040
519,1040
29094,1040
24005,1040
18576,1040
18826,1040
23118,1040
11173,1040
3578,1040
11857,1040
32347,1040
17301,1040
659,1040
28846,1040
24694,1040
28917,1040
10995,1040
10066,1040
26740,1040
32296,1040
12979,1040
23913,1040
31565,1040
23468,1040
20110,1040
15903,1040
9335,1040
29540,1040
1611,1040
22224,1040
28329,1040
8561,1040
27140,1040
15986,1040
26113,1040
26402,1040
14462,1040
12774,1040
22555,1040
10266,1040
26062,1040
25488,1040
4742,1040
24171,1040
26277,1040
24664,1040
7074,1040
18418,1040
24034,1040
6876,1040
24984,1040
11869,1040
19426,1040
17017,1040
18165,1040
17675,1040
18709,1040
7863,1040
24025,1040
26997,1040
1012,1040
30786,1040
1224,1040
10267,1040
5130,1040
21025,1040
8917,1040
10348,1040
23692,1040
8306,1040
2204,1040
24093,1040
18886,1040
5525,1040
453,1040
6552,1040
10272,1040
23283,1040
30212,1040
5468,1040
5194,1040
25372,1040
5468,1040
9789,1040
25372,1040
322,1040
32316,1040
17094,1040
10348,1040
15527,1040
17631,1040
26160,1040
26160,1040
22834,1040
7163,1040
21979,1040
22273,1040
30274,1040
12727,1040
26798,1040
26798,1040
13540,1040
31807,1040
23916,1040
19731,1040
16430,1040
14533,1040
27516,1040
11979,1040
14571,1040
13931,1040
18042,1040
21341,1040
26095,1040
23569,1040
16210,1040
29587,1040
24065,1040
24554,1040
28357,1040
584,1040
14298,1040
30843,1040
25670,1040
27754,1040
29713,1040
25670,1040
13592,1040
32041,1040
18895,1040
30702,1040
16959,1040
26240,1040
17203,1040
30843,1040
6161,1040
13260,1040
13976,1040
263,1040
28162,1040
13421,1040
25895,1040
28939,1040
31658,1040
21198,1040
17907,1040
15870,1040
8711,1040
19541,1040
15411,1040
32071,1040
21874,1040
5622,1040
14380,1040
24337,1040
6735,1040
3748,1040
21701,1040
19367,1040
21594,1040
9283,1040
16209,1040
25473,1040
16529,1040
10517,1040
1249,1040
4150,1040
4150,1040
3273,1040
24373,1040
4150,1040
7529,1040
10590,1040
12454,1040
20136,1040
12454,1040
1786,1040
10511,1040
23721,1040
19516,1040
18559,1040
22876,1040
5799,1040
30326,1040
32382,1040
6742,1040
26742,1040
9471,1040
9793,1040
9471,1040
15902,1040
1325,1040
27365,1040
19409,1040
6325,1040
11490,1040
5839,1040
27850,1040
3166,1040
24852,1040
27365,1040
12529,1040
9286,1040
32349,1040
3851,1040
28559,1040
19094,1040
3004,1040
5064,1040
17818,1040
6634,1040
25059,1040
6959,1040
2216,1040
14440,1040
537,1040
6064,1040
537,1040
14440,1040
30211,1040
27590,1040
6575,1040
7285,1040
31909,1040
30249,1040
2789,1040
22925,1040
2789,1040
2988,1040
25917,1040
18939,1040
25988,1040
17141,1040
6040,1040
4377,1040
6031,1040
25053,1040
30317,1040
18503,1040
24879,1040
5479,1040
22925,1040
6000,1040
10646,1040
6700,1040
21582,1040
18889,1040
27927,1040
19642,1040
2124,1040
28792,1040
14847,1040
31602,1040
19213,1040
27927,1040
31037,1040
27813,1040
15014,1040
29845,1040
21695,1040
16306,1040
21177,1040
21695,1040
3998,1040
15507,1040
381,1040
13474,1040
25182,1040
31030,1040
23555,1040
5275,1040
4491,1040
1162,1040
14868,1040
4491,1040
3495,1040
13606,1040
27419,1040
27419,1040
12786,1040
28956,1040
16676,1040
27388,1040
9924,1040
2805,1040
1686,1040
1300,1040
11373,1040
1268,1040
1447,1040
1268,1040
1447,1040
3482,1040
1486,1040
22817,1040
9522,1040
14971,1040
1268,1040
3487,1040
6833,1040
27513,1040
23955,1040
10009,1040
15601,1040
10009,1040
15601,1040
26796,1040
29424,1040
19591,1040
12222,1040
9761,1040
28697,1040
28697,1040
12404,1040
27591,1040
11700,1040
18923,1040
28341,1040
17402,1040
4098,1040
14321,1040
14321,1040
23448,1040
14927,738
29038,738
17892,738
19992,738
7169,738
16776,738
14848,738
28530,738
28530,738
13152,738
28426,738
27329,738
14397,738
14270,738
14650,738
27009,738
1876,634
18478,634
13446,634
17794,634
7212,634
5800,634
23969,634
11150,634
11897,634
24332,634
24590,634
24590,634
32344,634
9971,634
27340,634
25092,634
23812,634
5340,634
15639,634
14607,634
19329,634
22158,634
8567,634
25856,634
5191,634
25124,634
25898,634
32212,634
27218,634
29139,634
14932,634
2606,634
6923,634
5008,634
28829,634
15565,634
30929,634
24279,634
23102,634
19774,634
19774,634
22169,634
5008,634
22169,634
19164,634
18448,634
11644,634
10760,634
13310,634
24293,634
18722,634
13310,634
12718,634
6748,634
25361,634
32165,634
31579,634
21717,634
7864,634
31116,634
5169,634
31694,634
5898,634
27773,634
18552,634
1110,634
30031,634
18412,634
7259,634
24703,634
7259,634
31877,634
31436,634
8108,634
17182,634
4041,634
30188,634
17182,634
29908,634
23311,634
28225,634
31559,634
27124,634
13817,634
26646,634
26646,634
18890,634
22169,634
5874,634
13003,634
11373,634
30853,634
24671,634
24671,634
26357,634
9307,634
4041,634
14873,634
15788,634
11156,634
11156,634
32069,634
28284,634
15668,634
15668,634
4643,634
2715,272
12379,272
18714,272
15691,272
23694,272
1303,272
20942,272
6477,272
559,272
11795,272
806,272
21540,272
18749,272
29279,272
24765,272
16402,272
10657,272
4130,272
28658,272
6831,272
23687,272
6409,272
20234,272
1618,272
21827,272
31583,272
24408,272
20015,272
120,272
5463,272
21285,272
21790,272
10629,272
380,272
12800,272
7313,272
4484,272
8013,272
2391,272
21646,272
23694,272
24409,272
1269,272
4225,272
11239,272
1992,272
17150,272
2135,272
10629,272
23547,272
3941,272
26718,272
16049,272
15790,272
2780,272
22563,272
6409,272
1860,272
6348,272
11988,272
16627,272
26715,272
534,272
15155,272
22118,272
2882,272
1308,272
2319,272
1221,272
28958,272
15129,272
20585,272
28958,272
13118,272
6916,272
2771,272
2462,272
241,272
12856,272
23846,272
14788,272
23080,272
11469,272
24452,272
3867,272
28958,272
6159,272
8007,272
29181,272
1384,272
28609,272
5096,272
16281,272
13582,272
3755,272
6837,272
8715,272
27027,272
26534,272
7056,272
7541,272
15221,272
29680,272
31061,272
22082,272
16880,272
16880,272
16880,272
27719,272
27719,272
6709,272
16880,272
8129,272
20976,272
5875,272
9844,272
11308,272
6646,272
2989,272
6661,272
24104,272
4947,272
22156,272
29598,272
24928,272
29454,272
21685,272
8631,272
6567,272
21779,272
17387,272
2391,272
20547,272
22451,272
25274,272
6958,272
15751,272
10475,272
19371,272
19894,272
6813,272
16366,272
6773,272
22202,272
30214,272
19598,272
29600,272
17005,272
4784,272
31639,272
22079,272
12256,272
8117,272
26722,272
24769,272
2354,272
7410,272
22722,272
16643,272
8201,272
5014,272
1280,272
295,272
22746,272
11798,272
16864,272
29470,272
25845,272
21578,272
2283,272
2767,272
16440,272
3997,272
24399,272
25481,272
8796,272
4819,272
29770,272
19020,272
23458,272
873,272
873,272
6120,272
13653,272
24635,272
5983,272
18534,272
7866,272
873,272
28958,272
3564,272
24452,272
5620,272
6709,272
21271,272
5983,272
28958,272
5518,272
28412,272
3130,272
26510,272
8927,272
7740,272
9331,272
13467,272
20320,272
28958,272
20486,272
13267,272
2250,272
21569,272
30587,272
6409,272
10224,272
17996,85
24690,85
19359,85
14749,85
7577,85
5480,85
26663,85
15290,85
10745,85
23902,85
3688,85
29060,85
6967,85
26083,85
8816,85
6551,85
27102,85
23279,85
19617,85
3392,85
24941,85
10542,85
10246,85
25862,85
28610,85
20521,85
13636,85
26303,85
5057,85
24139,85
15327,85
13941,85
32501,969
10766,969
15378,969
1370,969
17455,969
15703,969
10189,969
3812,969
4663,969
25279,969
28829,969
13254,969
13335,969
14822,969
31555,969
21087,969
12520,969
11468,969
28164,969
30555,969
31171,969
11689,969
7435,969
27415,969
1492,969
4956,969
11009,969
31157,969
33,969
1833,969
2665,969
26250,969
22794,969
32004,969
26337,969
25198,969
32041,969
7187,969
27155,969
4950,969
8478,969
29164,969
26471,969
12387,969
15053,969
32269,969
5958,969
28764,969
13601,969
32490,969
14901,969
22588,969
28072,969
20406,969
20236,969
16903,969
22610,969
13401,969
2768,969
32343,969
26712,969
30069,969
12792,969
5637,969
1892,969
13609,969
16145,969
27273,969
28773,969
17123,969
31690,969
17780,969
31579,969
25906,969
21669,969
7415,969
28517,969
26474,969
13006,969
23281,969
8346,765
12139,765
19943,765
9040,765
3434,765
30839,765
8757,765
21454,765
28587,765
25836,765
1653,765
25836,765
1653,765
31066,765
26773,765
13723,765
5671,765
31915,765
31655,765
12327,765
31379,765
5811,765
32160,765
28512,765
22191,765
19556,765
1755,765
26345,765
27482,765
21397,765
27482,765
13825,765
32313,765
5867,765
1308,765
18837,765
31928,765
30550,765
22620,765
6968,765
10580,765
23422,765
27449,765
30659,765
9752,765
17018,765
28824,765
19882,765
31481,765
19882,765
18944,765
18944,765
17813,765
6456,765
10925,765
3231,765
22699,765
25148,765
22453,765
29343,765
29343,765
19052,765
31225,765
11085,765
11085,765
15927,765
9589,765
26350,765
26350,765
26334,765
21887,765
11025,765
32190,765
27713,765
3959,765
32398,765
12095,765
16990,765
30986,765
28587,765
28587,765
28587,765
28587,765
4653,903
22447,903
19316,903
2710,903
1338,903
2905,903
3104,903
15646,903
8036,903
222,903
31777,903
17199,903
5409,903
958,903
1054,903
24490,903
11227,903
26946,903
5904,903
4709,903
9848,903
29911,903
1781,903
19104,903
16260,903
12802,903
30305,903
30280,903
22471,903
4135,903
23141,903
1753,1035
6593,1035
28184,1035
15031,1035
3432,1035
4153,1035
15890,1035
32550,1035
20739,1035
19122,1035
13468,1035
32505,1035
10922,1035
11304,1035
11304,1035
23515,1035
30984,1035
12249,1035
16047,1035
29007,1035
29426,1035
6782,1035
1271,1035
26641,1035
5789,404
14501,404
8030,404
23737,404
17841,404
19187,404
23212,404
25375,404
11141,404
20025,404
2649,404
28069,404
13676,404
27950,404
28069,404
13567,404
29807,404
3973,404
3278,404
24252,404
16286,404
23157,404
2589,404
4448,404
9530,404
18141,404
4227,404
2275,404
6459,404
16286,404
2275,404
16115,404
16115,404
14535,404
19144,404
16804,404
30876,404
9769,404
28262,404
23400,404
17257,404
17257,404
14687,404
16789,404
13778,340
13778,340
2592,340
23777,340
29204,340
1982,340
13359,340
22640,340
170,340
3699,340
7484,340
12782,340
9128,340
27613,340
5741,340
7684,340
9587,340
23619,340
31023,340
19580,340
15907,340
31518,340
1267,340
16896,340
6995,340
4830,340
31512,340
32143,340
23147,340
23147,340
32018,340
631,340
17434,340
4498,340
14740,340
1124,340
2951,340
2301,340
2951,340
2301,340
24856,340
2301,340
27749,340
32018,340
631,340
5683,540
30632,540
3428,540
8904,540
14296,540
18464,540
24112,540
336,540
19363,540
7151,540
28386,540
32344,540
19411,540
3534,540
11929,540
24229,540
13886,540
12120,540
14433,540
404,540
11020,540
28084,540
24514,540
1961,540
3764,540
8095,540
28988,540
7552,540
17752,540
25805,540
6189,540
17439,540
1208,540
30833,540
13002,540
29523,540
28419,540
14620,540
19604,540
22563,540
3694,540
17906,540
27295,540
24658,540
15794,540
2678,540
80,540
30141,540
29075,540
5807,540
22314,540
9999,540
26859,540
25169,540
7913,540
2111,540
22007,540
25257,540
12473,540
13149,540
5397,540
7443,540
27557,540
2866,540
23103,540
30513,540
19109,540
6948,540
19811,540
22686,540
26585,540
12805,540
13718,540
20772,540
11605,540
13087,540
4899,540
30888,540
26623,540
13793,540
10353,540
29896,540
31250,540
18807,540
4422,540
562,540
15504,540
26403,540
1284,540
30067,540
15149,540
28030,540
17280,540
423,540
8255,540
17523,540
7141,540
3454,540
30599,540
26078,540
9526,540
1743,540
30095,540
16117,540
25395,540
15392,540
19302,540
25601,540
5964,540
15021,540
25295,540
13513,540
13774,540
20183,540
32115,540
23058,540
6563,540
24856,540
26756,540
19843,540
26194,415
22059,415
22390,415
4123,415
19017,415
10843,415
10843,415
3247,415
26194,415
874,415
22662,415
7817,415
29496,415
25760,415
5735,415
14409,415
12261,415
16142,415
16142,415
17652,415
15972,415
22459,415
24354,415
25607,415
21908,415
15380,415
6319,415
19017,415
29366,415
30385,415
30919,415
17142,415
19430,509
14001,509
32113,509
6336,509
12850,509
14007,509
30427,509
26359,509
26347,509
25043,509
26007,509
14219,509
13646,509
2341,509
13646,509
2341,509
8348,509
6939,509
6939,509
2916,509
5538,509
12775,509
24195,509
27774,638
1197,638
5218,638
16436,638
14991,638
16154,638
7950,638
25098,638
8083,638
10446,638
24644,638
14230,638
27533,638
20377,638
17331,638
16608,638
25466,638
12452,638
24472,638
19196,638
10769,638
25993,638
11782,638
6015,638
29172,638
9735,638
2197,638
24222,638
17647,638
12684,638
24625,638
15844,638
14648,638
28082,638
16705,638
12300,638
7237,638
6824,638
24855,638
24336,638
19631,638
19123,638
3878,638
23161,638
12644,638
8505,638
8950,638
20310,638
32240,638
20478,638
21579,638
1756,638
1470,638
1756,638
11747,204
9228,204
24233,204
12622,204
14340,204
14515,204
8574,204
14455,204
5972,204
24016,204
25503,204
5091,204
20697,204
26084,204
9548,204
12935,204
3334,204
31577,204
23022,204
19773,204
18831,204
15193,204
7079,204
29353,204
23406,204
20346,204
13164,204
25552,204
14871,204
25552,204
3304,204
26859,204
450,204
12910,204
23758,204
23963,204
11496,204
26183,204
15767,204
19198,204
23556,204
31281,204
7500,204
15112,204
10847,204
27121,204
4672,204
26099,204
1130,204
7672,204
26830,204
558,204
1130,204
21575,204
20736,204
24142,204
1853,204
4836,204
2234,204
14412,204
3728,204
11064,204
26978,204
10197,204
14333,204
168,204
17759,204
23865,204
3667,204
13561,204
26632,204
29560,204
14573,204
23628,204
30231,204
23060,204
13072,204
11362,204
24167,204
8959,204
27599,204
24336,204
25791,204
13331,204
21481,204
25552,204
20113,204
7431,204
24167,204
3917,204
8352,204
24167,204
18537,204
27599,204
6478,204
21243,204
3483,204
10403,204
22481,204
18006,204
20784,204
9180,204
30506,204
23173,204
16581,204
30118,204
17724,204
14593,204
20784,204
10343,204
10778,204
12603,204
26331,204
18191,204
17493,204
29411,204
6206,204
1664,204
10778,204
9576,204
26331,204
23556,204
9929,204
17694,204
14033,204
20371,204
31044,204
31044,204
20784,204
14590,204
25333,204
13769,204
19911,204
7877,204
31166,204
5086,204
25242,204
19031,204
21189,204
6510,204
19031,204
12661,204
14278,204
22157,204
19031,204
7474,204
25333,204
25242,204
29188,204
8015,204
23423,204
11957,204
1761,204
29670,204
16568,204
23994,204
30823,204
16920,204
4872,204
16133,204
20309,204
29565,204
14588,204
23865,204
7004,204
24175,204
10371,204
5034,204
399,204
18396,204
3417,204
25511,204
26554,204
26886,204
21187,204
7554,204
13925,204
12494,204
31347,204
26538,204
7389,204
7389,204
7389,204
7389,204
25552,204
24167,204
1110,204
30988,204
9271,204
18845,204
12907,204
17048,204
31307,204
9749,204
7942,204
18835,204
31386,204
20122,355
6195,355
22579,355
4755,355
4402,355
29624,355
15862,355
18971,355
26859,355
13642,355
8013,355
5489,355
30099,355
10284,355
10954,355
24175,355
18447,355
20475,355
22218,355
15077,355
22446,355
11185,355
19910,355
24610,355
4702,355
8220,355
28948,355
5577,355
9022,355
32173,355
15793,355
8687,355
30664,355
13112,355
16834,355
20887,355
26328,355
28532,355
20702,355
11378,355
9180,355
10038,355
18503,355
29900,355
22428,355
13769,355
25044,355
15237,355
11679,355
15345,355
23017,355
3980,355
9880,355
25649,355
22734,355
17577,355
20977,355
22877,355
30957,355
5486,355
18669,355
18613,355
13447,355
18501,355
16071,355
10014,355
11002,355
27930,355
8316,355
12369,355
10586,355
25687,355
5253,355
25564,355
21122,355
31890,355
24454,355
1830,355
9670,355
4466,355
30052,355
28559,355
32144,355
24984,355
31377,355
11352,355
11650,355
23994,355
14251,355
18863,355
18577,355
28427,355
14002,355
21374,355
30108,355
29858,355
5484,355
21413,355
27141,355
31656,355
4471,355
30427,355
29909,355
12679,355
18007,355
31724,355
23206,355
314,355
21133,355
20956,355
1656,355
3483,355
28749,355
12288,355
23093,355
12810,355
22898,355
11327,355
3132,355
10247,355
9086,355
31573,355
29062,355
26451,355
24336,355
7982,355
16375,355
26886,355
26451,355
30509,355
8291,355
8873,355
31555,355
26681,355
31278,355
11279,355
22974,355
11921,355
29286,355
12651,355
31112,355
31236,355
23293,355
108,355
30188,355
18132,355
23082,355
13996,355
17116,355
29232,355
29912,355
7122,355
13071,355
31874,355
6703,355
31874,355
27250,355
29980,355
5314,355
6745,355
2378,355
26452,355
18977,355
10717,355
14079,355
18554,355
31707,355
25726,355
9226,355
3218,355
16346,355
23414,355
16310,662
23401,662
14867,662
23485,662
9619,662
6336,662
8457,662
21934,662
2048,662
7148,662
23629,662
11390,662
12566,662
7795,662
23331,662
6240,662
17844,662
20053,662
15783,662
6702,662
9157,662
29516,662
30836,662
25133,662
32247,662
8514,662
625,662
8687,662
27803,662
29151,459
16693,459
22606,459
25007,459
11123,459
17923,459
21563,459
2672,459
16144,459
26744,459
12405,459
29119,459
21857,459
26200,459
29348,459
31698,459
24738,459
15000,459
31660,459
27221,459
15640,459
23922,459
27465,459
20894,459
31468,459
1928,459
11766,459
15600,459
24162,459
27701,459
31440,459
32148,459
15904,459
21878,459
20995,459
18944,459
18512,459
26888,459
13365,459
14973,459
29907,459
24603,459
29337,459
26506,459
22967,459
20989,459
29665,459
32177,459
8526,459
30750,459
26307,459
118,459
26133,459
11930,459
15302,459
26888,459
3778,459
6663,459
16891,459
9760,459
30535,459
29720,459
26037,327
18419,327
10280,327
27455,327
25949,327
13970,327
5061,327
14535,327
13772,327
22042,327
1615,327
30493,327
9331,327
9383,327
17150,327
3274,327
8345,327
2961,327
21509,327
10259,327
9646,327
31067,327
25308,327
31185,327
15663,327
9739,327
24827,327
5440,327
17953,327
26257,327
19733,327
11100,327
28630,327
28630,327
15257,327
17040,327
24688,327
25308,327
22212,327
23501,327
11850,327
21269,327
1649,327
18117,327
15633,327
5894,327
24417,327
15395,327
4481,327
28853,327
3601,327
19472,327
24403,327
24035,327
28863,327
21817,327
22686,327
2730,327
9383,327
2730,327
6472,327
8409,327
25758,327
17135,327
26831,327
27409,327
24289,327
26314,327
4299,327
31141,327
2392,327
8345,327
29369,327
29313,327
28432,327
25828,327
6165,327
28654,327
13732,327
25535,327
8345,327
25828,327
21556,327
9136,327
12390,327
23155,327
11178,327
2259,327
16895,327
5500,902
31317,902
3505,902
17952,902
30835,902
12888,902
22329,902
20894,902
262,902
2015,902
8352,902
25996,902
16784,902
1852,902
32193,902
10524,902
2795,902
2871,902
997,902
21613,902
13595,902
2269,902
2309,902
20297,902
32472,902
1263,902
15936,902
903,902
2633,902
5865,902
3298,902
13024,902
1313,902
11932,902
5588,902
29028,902
24836,902
23250,902
4072,902
4282,902
25056,902
14960,902
2984,902
24969,902
827,902
31205,902
19480,902
16244,902
11035,902
17316,902
28160,902
3173,902
10347,902
15773,902
18159,902
20170,902
23326,902
8392,902
1854,902
1574,902
30537,902
16163,902
27074,902
3406,902
11538,902
31099,902
5099,902
24685,902
1726,902
24609,902
1162,902
29545,902
13596,902
2810,902
29729,902
17497,902
7255,902
18691,902
32297,902
28622,902
26050,902
19903,902
2665,902
6170,902
21402,902
2258,902
3878,902
24516,902
3273,902
628,902
5547,902
18790,902
32505,902
11184,902
7285,902
26369,902
11775,902
24195,902
26368,902
11607,902
20343,902
28152,902
1095,902
16653,902
26411,902
9016,902
26001,902
19228,902
3218,902
2558,902
27397,902
14245,674
6652,674
29796,674
14365,674
15815,674
25362,674
10292,674
31765,674
19450,674
15827,674
15815,674
26605,674
23706,674
29581,674
15589,674
18653,674
27162,674
29879,674
15271,674
28155,674
27550,674
5350,674
7173,674
25518,674
8790,674
16461,674
28306,674
11453,674
4893,674
14053,674
23538,674
4547,674
7292,674
5456,674
14286,674
13741,674
4631,674
32357,674
16171,674
29462,674
19872,674
30298,674
32118,674
32002,674
18941,674
28579,674
15992,674
4272,674
10801,674
10777,674
10777,674
3760,674
14322,674
398,674
26668,674
4403,674
3760,674
6238,674
11806,674
7360,674
3692,674
32,674
23727,674
4894,674
29676,674
31797,674
13098,674
6527,674
5776,674
5568,674
29709,674
11518,674
38,674
6290,674
26605,674
15057,674
9658,674
15328,674
19048,674
22895,674
15589,674
4760,674
17560,674
21476,674
14352,674
11972,665
5523,665
1340,665
14945,665
8327,665
9238,665
413,665
26175,665
24979,665
18621,665
8897,665
24805,665
5222,665
3552,665
17820,665
20130,665
8897,665
22303,665
28642,665
28431,665
17045,665
23753,665
5217,665
11017,665
11174,665
25971,665
21667,665
4368,665
29110,665
6260,665
5328,665
3971,665
3758,665
21967,665
22172,665
28031,665
24918,665
9735,665
26793,665
3758,665
13964,665
20489,665
29788,665
19365,665
17250,665
1989,665
5200,665
17441,665
12240,665
21086,665
2220,665
23269,665
23924,665
2703,665
6567,665
23924,665
11972,665
23924,665
23924,665
31858,665
18549,665
8544,665
31005,665
27364,665
1340,665
24652,665
26939,665
5392,665
5875,665
28740,665
5222,665
2382,665
28145,665
22290,665
8399,665
15294,665
5150,665
23924,665
28145,665
18549,665
18549,665
7359,665
31391,665
31346,665
26447,665
1017,665
31346,665
18015,665
28981,665
9797,665
1765,665
5443,665
7359,665
22286,665
2651,665
13617,665
11320,665
6363,665
25529,665
24846,665
24846,665
26321,665
26321,665
6751,665
25605,665
31655,665
17971,665
293,665
8154,665
30171,665
8163,665
21260,665
3169,665
27297,665
18582,665
27297,665
13148,665
13148,665
26297,665
30171,665
3523,665
23815,665
3552,665
29276,665
29276,665
27612,665
28880,665
10803,665
21678,665
27259,665
24046,665
3370,665
4694,665
13148,665
5606,665
26831,665
24591,665
31364,665
29807,665
14832,665
7729,665
7832,665
7167,665
26762,665
1544,665
32220,665
25306,665
14584,665
31479,665
31232,665
24582,665
5987,665
25854,665
31090,665
30315,665
5453,665
30315,665
25873,665
27699,665
21338,665
21071,665
7266,665
2594,665
14260,665
16290,665
2258,665
13783,665
7966,665
6435,665
26200,665
3544,665
21901,665
30164,665
29393,665
29870,665
31831,665
9126,665
2659,665
2250,665
20072,665
7966,665
28798,665
31543,665
3509,665
3509,665
3552,665
3509,665
3509,665
3509,665
3509,665
3509,665
5444,665
17433,665
15735,665
1836,665
3952,665
25718,665
30512,665
9689,665
17489,665
5286,665
21271,665
28540,665
31974,665
4076,665
1060,665
25477,665
10424,665
21176,665
13840,665
26574,665
24788,665
4443,665
20086,665
14577,665
4917,665
24766,665
4917,665
4917,665
21574,665
17372,665
17372,665
3552,665
18621,665
18621,665
10875,665
18621,665
25016,665
10875,665
31180,665
4238,665
8516,665
4862,917
20971,917
20454,917
17629,917
8693,917
17509,917
2501,917
8695,917
11572,917
16414,917
29918,917
4577,917
24012,917
19334,917
32380,917
18286,917
15620,917
3779,917
20928,917
7513,917
27989,917
13986,917
14763,667
4518,667
13333,667
31439,667
1021,667
953,667
13052,667
31022,667
3317,667
26478,667
1492,667
9702,667
22047,667
16017,667
19530,667
12233,667
31157,667
25279,667
23844,667
16766,667
29547,667
15553,667
23251,667
8464,667
29989,667
31578,667
29044,667
1833,667
22579,667
9367,667
29893,667
21325,667
12926,667
28923,667
14575,667
31632,667
24811,667
6478,667
30936,667
31632,667
14805,667
30096,667
21347,667
5251,667
2184,667
31171,667
16217,667
7400,667
18548,667
20947,667
32343,667
11968,667
22099,667
9987,667
4830,667
19819,667
28120,667
28023,667
21019,667
11390,667
27325,667
18503,667
15276,667
8770,667
25225,667
25904,667
11193,667
21283,667
18503,667
4743,667
25904,667
11282,667
4354,667
24195,667
5270,667
5149,667
21717,667
28256,667
28690,667
25262,667
30115,667
30471,667
30471,667
25262,667
21503,667
31963,667
23323,667
5189,667
11451,667
6867,667
4719,667
32323,667
2682,667
11505,667
2312,667
29034,667
31924,667
13229,667
6154,667
7171,667
12022,667
13981,667
29314,667
11644,667
29314,667
32044,667
29889,667
27757,667
27757,667
10470,667
18585,667
9886,667
16641,136
11757,136
14277,136
9193,136
10915,136
8973,136
3765,136
7766,136
28943,136
18949,136
14751,982
12021,982
17884,982
29073,982
22554,982
3503,982
5928,982
23847,982
237,982
23427,982
27835,982
2001,982
2629,982
1737,982
5410,982
5136,982
23334,982
5006,982
8527,982
3801,982
411,982
12789,982
8700,982
16715,982
21988,982
7589,982
31591,982
27780,982
505,982
2372,982
14626,982
20215,982
22732,982
16978,982
19117,982
12114,982
9828,982
3842,982
28159,982
8436,982
6805,982
11181,982
11704,982
21346,982
21364,982
3484,982
10082,982
7749,982
23686,982
20840,982
32480,982
26033,982
26033,982
4974,982
9698,982
12253,982
8894,982
22778,982
32026,982
19072,982
2154,982
28521,982
8534,982
22174,982
11117,982
13640,982
31396,982
28998,982
14202,982
2248,982
15388,982
9915,982
23999,982
14167,982
23043,982
16114,982
11601,982
13123,982
447,982
86,982
6592,982
3817,982
16766,982
30922,982
3533,982
19911,982
17311,982
10738,982
2045,982
13457,982
26111,982
11960,982
22979,982
356,982
26933,982
2883,982
12499,982
21938,982
30931,982
6350,982
2669,982
11684,982
7304,982
19962,982
1328,982
5199,982
3148,982
16484,982
9020,982
11964,982
26411,982
32186,982
27563,982
5447,982
25616,982
6703,982
32564,894
7984,894
28251,894
5782,894
29124,894
25022,894
22902,894
18193,894
23908,894
22018,894
15320,894
1764,894
17133,894
25194,894
17522,894
15948,894
12474,894
19854,894
16437,894
30753,894
12237,894
22731,894
12055,894
32358,894
17359,894
10233,894
20175,894
21094,894
20619,894
1458,894
8765,894
32358,894
13733,894
3483,894
29095,894
28371,894
28371,894
32358,894
25194,894
28422,894
28371,894
1458,894
7505,389
2819,389
3258,389
26618,389
11449,389
19652,389
2567,389
9369,389
719,389
32017,389
8864,389
5120,389
1414,389
4864,389
14827,389
183,389
16998,389
7673,389
5605,389
14829,389
285,389
22487,389
28323,389
12123,389
674,389
1155,389
1031,389
674,389
762,389
9169,389
8634,389
5192,389
10665,389
14474,389
4827,389
20389,389
21986,389
18891,389
326,389
1175,389
532,389
1154,389
10003,389
1113,389
28758,389
11397,389
3897,389
11397,389
10127,389
18762,389
26568,389
30134,389
17552,389
18762,389
24492,389
27256,389
30224,389
26945,389
16398,389
711,389
29424,389
1763,389
17881,389
22642,389
23805,389
1311,389
1675,389
18995,389
3695,389
21971,389
23137,389
26186,389
216,389
1149,389
13951,389
28813,389
17223,389
12530,389
19280,389
24363,389
22392,389
23307,389
5411,389
4848,389
7072,389
386,389
8767,389
7682,579
24647,579
3673,579
25137,579
21166,579
32344,579
513,579
16197,579
25427,579
3362,579
19413,579
11588,579
6022,579
14665,579
3828,579
116,579
3428,579
2109,579
6245,579
30878,579
16603,579
8347,579
16582,579
1254,579
2111,579
4522,579
11787,579
8766,579
25205,579
13549,579
3226,579
13881,579
10672,579
13001,579
6931,579
19112,579
15978,579
16911,579
7558,579
21778,579
17159,579
5676,579
25098,579
26143,579
16658,579
4687,579
5459,579
14625,579
24733,579
1364,579
2096,579
30229,579
22717,579
9672,579
660,579
4823,579
30905,579
1529,579
12781,579
15704,579
12032,579
21120,579
14472,579
15843,579
5089,579
971,579
3566,579
2094,579
27735,579
515,579
10876,579
21469,579
17706,579
10030,579
25311,579
31989,579
929,579
3942,579
28265,579
25556,579
17423,579
5810,579
7559,579
7547,579
17572,579
8398,579
28128,579
3535,579
17549,579
14194,579
31676,579
11833,579
5384,579
2208,579
27191,579
3423,579
9704,579
12840,579
11917,579
18227,579
7954,579
8904,579
2315,579
10687,579
30019,579
18978,579
1951,579
28070,579
24430,579
4176,579
17174,579
23855,579
197,579
23757,579
5970,579
18710,579
539,579
9719,579
107,579
6306,579
319,579
9927,579
19832,579
3715,579
9427,579
16705,579
23266,579
12844,579
4999,579
17092,579
18869,579
3975,579
23842,579
18188,579
29412,579
18937,579
31556,579
30995,579
14433,579
17994,579
6458,579
2674,579
13793,579
11865,579
23891,579
2416,579
10671,579
12152,579
13139,579
5866,579
25641,579
20043,579
3881,579
54,579
31134,579
5083,579
9695,579
13104,579
21252,579
19687,579
26045,579
416,579
27710,579
26759,579
21962,579
1823,579
4007,579
1743,579
13407,579
11226,579
31276,579
6708,579
19237,579
25570,579
11827,579
574,579
27408,579
14952,579
21713,579
13245,579
17390,579
7857,579
7081,579
24480,579
3640,579
15817,579
26833,579
30347,579
2407,579
11768,579
13824,579
21304,579
1410,579
4401,579
7552,579
26078,579
24011,579
8154,579
30369,579
32115,579
11163,579
28416,579
7452,579
30827,579
22261,579
23058,579
14261,579
1276,579
9208,579
25706,579
32246,579
30702,579
32004,579
29911,579
29342,579
16271,579
22966,579
21685,579
24002,579
1853,579
8469,579
2940,579
13487,579
2517,579
9113,579
20250,579
728,579
3764,579
9836,579
12211,579
30665,579
28563,579
10238,579
25472,579
22807,579
12943,579
383,579
28039,579
27370,579
18058,579
4278,579
17956,579
9180,579
2246,579
7398,579
27738,579
18116,579
28939,579
21437,579
10377,579
9556,579
24255,579
7151,579
14680,579
21886,579
24072,579
26839,579
22314,579
7089,579
18689,579
4806,579
847,579
16190,579
30948,579
28957,579
10448,579
370,579
13513,579
20030,579
8470,579
21287,579
6565,579
20852,579
4744,579
15848,579
19972,579
24566,579
31560,579
4000,579
14768,579
30632,579
7075,579
28112,579
15206,579
4674,579
13897,579
1506,579
21025,579
8414,579
25238,579
132,579
27298,579
31598,579
8555,579
13240,579
16188,579
7516,579
14360,579
9003,579
9003,579
2944,579
6288,579
9623,579
32038,579
4105,579
30917,579
16980,579
21846,579
31003,579
24856,579
26820,579
22102,579
11644,579
27886,579
16799,579
14555,579
3694,579
31091,579
31549,579
2510,579
8673,579
26660,579
29384,579
29807,579
20850,579
4784,579
13654,579
9826,579
28586,579
31724,579
6306,579
20059,18
6308,18
8422,18
11222,18
15137,18
3624,18
10391,18
11963,18
4629,18
23191,18
6353,18
11639,18
8319,18
14032,18
7055,18
12637,18
13404,18
16873,18
6962,18
13314,18
24876,923
3995,923
27198,923
3427,923
26720,923
6165,923
4620,923
28393,923
19744,923
21775,923
24346,923
26847,923
28765,923
12379,923
28304,923
26762,923
22703,923
22489,923
4620,923
24399,923
2425,923
26510,923
6739,923
12856,923
31543,923
24913,923
1712,923
4930,923
9746,923
10325,923
28794,923
20952,923
21271,923
31378,923
24380,923
29918,923
24122,923
3995,923
9871,923
11308,923
19793,923
2672,923
27484,923
15657,923
5092,923
1889,923
5453,923
21901,923
5897,923
27603,923
21500,923
27603,923
4391,923
21470,923
16601,923
3316,923
25963,923
3010,923
17767,923
30935,923
8299,923
9356,923
15633,923
22280,923
1784,923
12617,923
8257,923
26941,923
29517,923
25437,923
20257,923
3955,923
14132,923
22500,923
10871,923
30159,923
8094,923
30975,923
25904,923
4717,923
23767,923
26785,923
3995,923
26785,923
26785,923
23767,923
30975,923
23767,923
30975,923
23838,923
20818,923
26785,923
23981,923
28385,923
12693,923
18413,923
24558,923
7038,923
24042,923
32174,923
22342,923
125,923
24205,923
27027,923
9066,923
18162,923
32059,923
24905,923
6798,923
32307,923
32471,923
32471,923
6411,805
9025,805
4083,805
8798,805
24487,805
14814,805
10407,805
22329,805
7639,805
7415,805
30285,805
4437,805
4097,805
25360,805
7666,805
4689,805
7666,805
18338,805
9275,805
13979,805
12338,805
12098,805
7779,805
21811,805
19442,805
14028,805
24271,805
23102,805
30205,805
25932,805
13078,805
25726,805
17930,805
9446,91
22772,91
18112,91
16365,91
9446,91
18553,607
5792,607
31719,607
10164,607
29116,607
19809,607
17389,607
19208,607
15347,607
26025,607
3960,607
32167,607
6895,607
26988,607
31099,607
14702,607
12119,607
29289,607
23812,607
25616,607
31637,607
31844,607
7809,607
24336,607
31242,607
25633,607
23211,607
5798,607
25145,607
13784,607
31894,607
28829,607
23688,607
22267,607
3853,607
31720,607
31036,607
6410,607
13343,607
29583,607
31359,607
2780,607
31273,607
13174,607
27301,607
29928,607
10367,607
29141,607
23611,607
16316,607
21361,607
32042,607
27589,607
27823,607
13000,607
27387,607
29599,607
6187,229
2431,229
26772,229
5570,229
994,229
6900,229
6825,229
20203,229
18353,229
9074,229
17751,229
31088,229
27969,229
15341,229
31261,229
233,229
28454,229
27352,229
28459,229
28471,229
27439,229
28452,229
27426,229
27547,229
29085,229
28456,229
29209,229
28455,229
27542,229
28448,229
27476,229
28473,229
28463,229
27428,229
25521,229
9815,229
29210,229
27477,229
28460,229
28468,229
27356,229
27541,229
27837,229
27841,229
28472,229
29244,229
31453,229
27354,229
27427,229
15545,229
19539,229
6390,229
21244,229
22420,229
8421,229
17344,229
5822,229
8200,229
12348,229
1282,229
5020,229
29403,229
13692,229
484,229
11334,229
17376,727
6942,727
26027,727
29356,727
30433,727
9612,727
22839,727
26691,727
21111,727
21127,727
31615,727
24141,727
17376,727
19647,727
5218,727
16673,727
30505,727
6942,727
30754,727
13437,727
14404,727
2758,727
26876,727
10828,727
2758,727
12354,727
17581,727
12514,727
18509,727
13690,727
12602,727
1556,727
23910,727
6942,727
3357,727
14834,727
22069,727
16674,727
13010,727
23339,727
17513,727
14844,727
29883,727
9764,727
21792,727
30116,727
9499,727
19694,727
26221,727
15537,727
8012,727
16195,727
9764,727
28327,727
30254,727
8832,727
23339,727
23127,727
2334,727
30489,727
22589,727
1357,727
30702,727
18687,727
25714,727
18938,727
25594,727
24666,727
4227,727
13954,727
9390,727
15572,727
8252,727
31710,727
3717,727
13449,727
13449,727
22693,727
23474,727
13902,727
22542,727
22542,727
1197,727
29065,727
26195,727
2352,727
22982,727
22596,727
23061,727
13739,727
3508,727
2302,727
30137,727
24191,727
19290,727
19190,727
31643,727
31643,727
21548,727
28829,727
31895,727
13922,727
20716,727
2521,727
1211,727
28240,727
3717,727
12843,727
11203,260
2867,260
11344,260
27139,260
10822,260
19938,260
13987,260
27139,260
10864,260
4354,260
10465,260
8626,260
3642,260
17837,260
17837,260
12905,260
17837,260
12905,260
10465,260
19289,260
10465,260
16003,260
7058,260
11223,260
31752,260
14452,260
11690,260
20603,260
10465,260
10403,260
5303,260
10540,260
1741,260
2503,260
24859,260
5071,260
5734,260
18603,260
12862,260
12862,260
26846,260
23086,260
19079,260
7432,260
10527,260
22671,260
11716,260
6682,260
4365,260
29810,260
4838,260
1584,260
9804,260
9794,260
2962,260
5065,260
12800,669
31533,669
8589,669
17360,669
11429,669
13693,669
2966,669
1909,669
24686,669
9856,669
22723,669
2907,669
18374,669
4344,669
22495,669
19793,669
28522,669
20234,669
2450,669
5475,669
22495,669
22037,669
7231,669
24938,669
6375,669
22144,669
14995,669
15654,669
1818,669
15607,669
26956,669
23300,669
5093,669
24502,669
2672,669
23249,669
13051,669
31247,669
13964,669
4122,669
9856,669
31473,669
19888,669
10221,669
13582,669
16665,669
6637,669
29448,669
15606,669
3789,669
31625,669
6704,669
12970,669
24003,68
19615,68
28413,68
8882,68
6222,68
13381,68
16509,68
18077,68
3452,68
17213,68
10069,68
13915,68
16407,68
25031,68
10246,68
10437,68
21892,68
14749,68
24218,68
28166,68
9127,68
18321,68
21905,68
16914,68
5140,68
23702,68
18401,68
16391,68
17078,68
11876,68
12725,68
29867,1023
31082,1023
14733,1023
31082,1023
27655,1023
28729,1023
27284,1023
27718,1023
24721,1023
2997,1023
5643,1023
18215,1023
29387,1023
974,1023
18906,1023
28215,1023
15930,1023
21738,1023
26334,1023
28736,1023
32356,1023
7981,1023
28739,1023
20574,1023
20760,1023
27361,1023
21563,1023
26467,1023
15000,1023
19828,1023
13644,1023
23885,1023
27509,1023
2912,1023
28680,1023
5061,1023
32538,1023
32511,1023
32538,1023
7176,1023
26175,1023
19687,1023
27662,1023
19865,1023
8201,1023
31561,1023
6248,1023
23379,1023
1695,1023
9961,1023
4465,1023
29921,1023
11170,1023
15394,1023
5618,1023
25366,1023
10276,1023
20490,1023
11401,1023
25020,1023
27442,1023
21650,1023
16186,1023
7056,1023
12510,1023
24597,1023
24159,1023
26152,1023
30937,1023
18241,1023
29674,1023
9295,1023
27616,1023
230,1023
31545,1023
4325,1023
13243,1023
20841,1023
27671,1023
18608,1023
12517,1023
30937,1023
8058,1023
18254,1023
23413,1023
22526,1023
1303,1023
23581,1023
22526,1023
32517,1023
31652,1023
9472,1023
21665,1023
31513,1023
6075,1023
18000,1023
23549,1023
23290,1023
28700,1023
9013,1023
23682,1023
1056,1023
9431,1023
2703,1023
27277,1023
24645,1023
19180,1023
31652,1023
18503,1023
30627,1023
26831,1023
7220,1023
12549,1023
16090,1023
9583,1023
13283,1023
24630,1023
24697,1023
23357,1023
22757,1023
25376,1023
2869,1023
21539,1023
28634,1023
31943,1023
22342,1023
1968,1023
21280,1023
24878,1023
29770,1023
31763,1023
29187,1023
29187,1023
29187,1023
29867,1023
2138,1023
26421,1023
29187,1023
12240,1023
1600,1023
19914,1023
22189,1023
5166,1023
15973,1023
9130,1023
30659,1023
23117,1023
5148,1023
28707,1023
10268,1023
19613,1023
26421,1023
28223,1023
22110,1023
10657,1023
31480,1023
3443,1023
28832,1023
4908,1023
21272,1023
309,1023
26944,1023
28832,1023
5166,1023
27504,1023
27213,1023
29187,1023
24827,1023
27062,1023
23934,1023
25879,1023
31005,1023
17411,1023
23934,1023
22467,1023
31286,1023
21751,1023
3593,1023
8184,1023
23415,1023
31163,1023
30501,1023
18788,1023
10724,1023
6103,1023
19362,1023
26720,1023
17901,1023
28634,1023
31330,1023
31163,1023
31706,1023
18508,1023
16571,1023
23634,1023
11276,1023
7627,1023
29324,1023
25698,1023
24604,1023
8326,1023
1529,1023
8399,1023
20939,1023
22202,1023
26101,1023
28980,1023
13928,1023
4084,1023
19828,1023
7863,1023
1821,1023
30008,1023
32395,1023
32153,1023
4690,1023
31180,1023
19277,1023
25411,1023
32395,1023
26214,1023
32395,1023
9499,1023
8007,1023
32493,1023
14135,1023
24536,1023
7175,1023
31475,1023
12410,1023
20228,1023
17882,1023
23391,1023
14392,1023
12960,1023
31795,1023
9317,1023
14135,1023
12814,1023
31450,1023
26826,1023
30275,1023
24904,1023
11205,1023
15464,1023
32452,1023
22404,1023
22404,1023
13782,1023
23794,1023
28910,1023
6105,1023
5994,1023
26994,1023
3893,1023
14856,1023
28121,1023
16627,1023
13555,1023
18851,1023
26682,1023
2512,1023
125,1023
8631,1023
17882,1023
17313,1023
5994,1023
18515,1023
10461,1023
27588,1023
1792,1023
27723,1023
17114,1023
3511,1023
23577,1023
12247,1023
17833,1023
22153,1023
22153,1023
27767,1023
26877,1023
26840,1023
29118,1023
29469,1023
20669,1023
30256,1023
21838,1023
29782,1023
29582,1023
29187,1023
31728,1023
29187,1023
26537,1023
20004,1023
7047,1023
6806,1023
25994,1023
23838,1023
28863,1023
23181,1023
26933,1023
24926,1023
16884,1023
16505,1023
1280,1023
31728,1023
31650,1023
8817,1023
10683,1023
24186,1023
13917,1023
18609,1023
28278,1023
6075,1023
24827,1023
21667,1023
19994,1023
31851,1023
22496,1023
28027,1023
7758,1023
25998,1023
12113,1023
23493,1023
30635,1023
9935,1023
21220,1023
21945,1023
26651,1023
1122,1023
10324,1023
28192,1023
5368,1023
2452,1023
21041,1023
2121,1023
24751,1023
13099,1023
7869,1023
16880,1023
9568,1023
16067,1023
7371,1023
4649,1023
20130,1023
4924,1023
30312,1023
31971,1023
17857,1023
31360,1023
17857,1023
30587,1023
9669,1023
31971,1023
17988,1023
5620,1023
25041,1023
27408,1023
28625,1023
28745,1023
29830,1023
32350,1023
1870,1023
11657,1023
24104,1023
29351,1023
9642,1023
22383,1023
32536,1023
32536,1023
32389,1023
29187,1023
27590,1023
29830,1023
11657,1023
27590,1023
29404,1023
25950,1023
16300,1023
22754,1023
22931,1023
12823,1023
17624,1023
23159,1023
24044,1023
27981,1023
11320,1023
5268,1023
21349,1023
3955,1023
13306,1023
4453,1023
28778,1023
14973,1023
14973,1023
3050,1023
7285,1023
21848,1023
2560,1023
26973,1023
22995,1023
29015,1023
3274,1023
20823,1023
25845,1023
20881,1023
29487,1023
25842,1023
21074,1023
28915,1023
29551,1023
8758,1023
21297,1023
32474,1023
23990,1023
18920,1023
7888,1023
24411,1023
1914,1023
11458,1023
1914,1023
3523,1023
11458,1023
22507,1023
31883,1023
29497,1023
30301,1023
24632,1023
23940,1023
8094,1023
7668,1023
12113,1023
25904,1023
22988,1023
31346,1023
21297,1023
16773,1023
24905,1023
31474,1023
29878,1023
23347,1023
17617,1023
23523,1023
2912,1023
7912,1023
4812,1023
32322,1023
21757,1023
18416,1023
7803,1023
23948,1023
4694,1023
3938,1023
23125,1023
24122,1023
24654,1023
6674,1023
25398,1023
29834,1023
16913,1023
32497,1023
16621,1023
27991,1023
2047,1023
15270,1023
7945,1023
13283,1023
32370,1023
26348,1023
21806,1023
23509,1023
21981,1023
29916,1023
17749,1023
22534,1023
11813,1023
32449,1023
3788,1023
6798,1023
6761,1023
2756,1023
9570,1023
12693,1023
3387,1023
8440,1023
32530,1023
21823,1023
27341,1023
12112,243
17374,243
9741,243
9633,243
29723,243
3183,243
18677,243
24373,243
12757,243
25064,243
30834,243
7280,243
642,243
2956,243
393,243
21499,243
3498,243
14422,243
21025,243
11284,243
6723,243
21978,243
23607,243
27031,243
255,243
5619,243
1212,243
31340,243
24975,243
19834,243
13475,243
31155,243
27871,243
7659,243
16247,243
16888,243
23650,243
23684,243
19375,243
19655,243
13955,243
8857,243
13682,243
2520,243
31239,243
30649,243
2766,243
4789,243
25830,243
5941,243
8200,243
4838,243
16226,243
13596,243
16226,243
16226,243
6282,243
10079,82
14574,82
23884,82
10605,82
2700,82
26856,82
23383,82
9174,82
26191,82
6449,82
26138,82
28940,82
16959,82
877,345
11096,345
22377,345
23816,345
13394,345
10108,345
10304,345
31487,345
21093,345
21703,345
5682,345
15052,345
25929,345
21340,345
2178,345
7719,345
14255,345
22033,345
22771,345
5642,345
10483,345
3485,345
9865,345
11384,345
4939,345
1774,345
4939,345
11064,345
7814,345
23868,345
24333,345
12089,345
14131,345
24734,345
13644,345
28180,345
3625,345
16209,345
11120,345
2973,345
32004,345
10201,345
15265,345
1010,345
5277,345
6070,345
16343,345
19906,345
19906,345
13962,345
28829,345
15210,345
30586,345
9007,345
20337,345
25803,345
22448,345
15048,345
26308,345
5688,345
24987,345
28437,345
4435,345
22652,345
19949,345
25937,345
30586,345
29364,345
25589,345
30825,345
17192,345
17027,345
13562,345
13562,345
3376,345
2178,345
31490,345
7719,345
18093,345
25754,345
10605,345
16835,345
26612,345
31402,345
335,345
18093,345
17231,345
17231,345
22048,345
7473,345
30702,345
15197,345
24253,345
27618,345
29742,345
20951,345
31462,345
20477,345
16219,345
23227,345
15197,345
29742,345
5660,345
17055,345
20479,345
8344,345
13851,345
18805,345
16219,345
18805,345
29883,345
15832,345
18805,345
15832,345
25589,345
23452,345
10262,345
2418,345
12847,345
2418,345
9766,345
26994,345
17826,345
431,345
15319,345
24347,345
10262,345
12847,345
6419,345
10604,345
26611,345
1105,345
15083,345
14306,345
21660,345
21660,345
5696,345
18156,345
18156,345
3639,345
3639,345
21851,345
15312,345
21554,345
18326,345
18326,345
15312,345
22016,345
6942,345
25758,345
13535,345
24155,345
11592,345
27105,345
21319,345
21319,345
25496,345
29868,345
8586,345
11592,345
29868,345
21294,345
5901,345
20479,345
14885,345
25432,345
10964,345
15569,345
28247,345
20438,345
29601,345
8111,345
414,345
3966,345
25009,345
14825,345
129,345
19277,345
26296,345
16209,345
14690,345
13319,345
13319,345
6606,345
14885,345
6606,345
30422,345
12148,345
5901,345
9792,345
13647,345
13647,345
12773,345
7044,345
14306,345
27074,504
19965,504
8234,504
18217,504
18706,504
16325,504
22412,504
9139,504
13552,504
4497,504
22351,504
8434,504
22475,504
17978,504
15557,504
17589,504
22475,504
2527,504
9139,504
30624,504
13587,504
24435,504
12838,504
12260,504
30433,504
13587,504
29442,504
14316,504
28180,504
25496,504
11964,504
25496,504
622,504
4894,504
19603,504
6541,504
25804,504
13812,504
20464,384
22018,384
20310,384
10527,384
14943,384
23587,384
7701,384
16741,384
1655,384
29259,384
26755,384
31836,384
14543,384
14985,384
27173,384
22683,384
13396,384
20719,384
22658,384
28043,384
25680,384
27694,384
24264,384
17245,384
25480,384
23234,384
12798,384
27272,384
24966,384
14588,384
31367,384
6591,384
26675,384
14808,384
22354,384
8145,384
6959,384
386,384
20934,384
21527,384
6790,384
11895,384
18155,384
16826,384
18243,384
23734,384
19524,384
8950,384
388,645
74,645
2392,645
9581,645
831,645
18858,645
23659,645
23475,645
17029,645
2861,645
2780,645
2983,645
11386,645
1441,645
28445,645
1664,645
6356,645
24625,645
26539,645
23937,645
10852,645
6645,645
5353,645
162,645
16714,645
1759,645
15394,645
16690,645
5618,645
24410,645
19110,645
30406,645
17160,645
14727,645
15696,645
18518,645
7410,645
29788,645
29662,645
8054,645
1955,645
27198,645
30587,645
25178,645
26831,645
19371,645
27277,645
22686,645
21301,645
27682,645
21271,645
6569,645
24749,645
20811,645
31955,645
15292,645
3064,645
18491,645
5248,645
29534,645
21901,645
17658,645
1770,645
24535,645
4832,645
9851,645
27655,645
9134,645
18303,645
9343,645
21335,645
28910,645
13190,645
12059,645
13238,645
17624,645
16750,645
32291,645
8928,645
30501,645
5606,645
13104,645
7327,645
31955,645
21678,645
15606,645
24314,645
28863,645
15656,645
32253,645
31005,645
8976,645
14457,645
19500,645
5691,645
30492,645
25189,645
30492,645
30216,516
11872,516
12279,516
19703,516
15788,516
10062,516
4060,516
1068,516
6382,516
17766,516
25597,516
25316,516
7076,516
10062,516
20898,516
20840,516
6245,516
13690,516
2720,516
18343,516
11380,516
4498,516
7254,486
3857,486
15808,486
22618,486
15263,486
17255,486
31926,486
5868,486
1884,486
30331,486
16832,486
6443,486
20079,486
1427,486
3127,486
23596,486
16084,486
6232,486
9231,486
15810,486
15808,486
32094,486
149,486
4627,486
8942,486
3721,486
7084,486
25435,486
11216,486
32227,486
15892,486
11216,486
24973,486
31952,486
30044,486
7922,486
17898,486
7582,486
30235,486
24981,486
14054,486
32079,486
5816,486
3137,486
15263,486
825,486
1680,486
17106,486
12596,486
17363,486
5989,486
13805,486
1063,486
5103,486
15564,486
13805,486
5071,486
6204,486
11877,486
4239,486
24946,486
24083,486
11246,486
13220,486
13561,486
3333,486
12324,486
19725,486
11774,486
11774,486
6840,486
17914,486
11602,486
4104,486
19158,486
10321,486
14084,486
6087,486
8282,486
16359,486
17437,486
3908,486
17914,486
7324,486
3888,486
3733,486
10864,486
27049,486
14542,486
12433,486
5763,486
17726,486
7163,486
8364,486
24693,486
10397,486
25959,486
14571,486
26738,486
30212,486
4579,486
4066,486
12206,486
13780,486
4111,486
16019,486
31457,486
11691,486
23283,486
4269,486
209,486
21295,486
27944,486
19328,486
15990,486
6799,486
14462,486
27051,486
32089,486
3880,486
18965,486
12432,486
1086,486
23719,486
23580,486
4111,486
23967,486
19367,486
17369,486
13444,486
5330,486
14471,486
19069,486
1944,486
4111,486
1944,486
12670,486
14029,486
25598,486
13914,486
1162,486
16181,486
1566,486
25142,486
30814,486
27566,486
15263,486
14534,486
12374,486
13253,486
9289,486
10735,486
25140,486
26649,486
30945,486
1510,486
5283,486
26103,486
15181,486
24849,486
18368,486
23721,486
1704,486
1363,486
4164,486
15267,486
20825,486
21430,486
6031,486
26884,486
453,486
20114,486
17838,486
29629,486
24576,486
20480,486
29500,486
19785,486
24058,486
14841,486
3874,486
27367,486
21430,486
24446,486
23201,486
16534,486
7417,486
9352,486
12041,486
9465,486
21532,486
23611,486
11527,486
2443,486
11161,486
14841,486
4092,486
9884,486
21430,486
23784,486
31603,486
14847,486
3373,486
9051,486
8677,486
25455,486
6921,486
19367,486
11160,486
10632,486
12397,486
10632,486
255,486
4092,486
20469,486
12870,486
7742,486
22639,486
29950,486
31016,486
12225,486
12397,486
31659,486
14301,486
14853,486
1636,486
14380,486
5524,486
15425,486
381,486
24171,486
16815,486
16888,486
25371,486
18848,486
25048,486
25479,486
22267,486
3776,486
24095,486
1109,486
24352,486
7013,486
1191,486
2428,486
24053,486
31766,486
24446,486
7013,486
4676,486
15151,486
2428,486
22228,486
24053,486
16454,486
13227,486
31766,486
21458,486
24442,486
16950,486
25895,486
26815,486
19046,486
3874,486
20988,486
14641,486
3844,486
29051,486
29755,486
19416,486
4242,486
19199,486
16315,486
22508,486
30021,486
2662,486
30510,486
17644,486
23716,486
2831,486
27326,486
17612,486
31465,486
23495,486
3739,486
28693,486
23217,486
19821,486
13891,486
6572,486
23795,486
28559,486
11499,486
10540,486
26053,486
11432,486
15902,486
6473,486
28917,486
20454,486
19781,486
3477,486
27557,486
21275,486
16121,486
6595,486
18418,486
31668,486
8671,486
7572,486
24921,486
5659,486
1321,486
10798,486
29982,486
5063,486
495,486
5538,486
4758,486
11488,486
29573,486
26490,486
16035,486
26990,486
14111,486
13475,486
3999,486
31186,486
13360,486
13074,486
3004,486
26789,486
16247,486
30211,486
30158,486
28792,486
15644,486
11434,486
26802,486
8671,486
2761,486
4777,486
27741,486
17764,486
9839,486
14772,486
18799,486
11033,486
28844,486
29645,486
15475,486
14517,486
5254,486
20579,486
20579,486
11776,486
20579,486
13029,486
8076,486
11776,486
31756,486
11597,486
22077,486
23201,486
26526,486
19412,486
8957,486
16735,486
30249,486
812,486
26095,486
14874,486
15226,486
809,486
25160,486
7258,486
27670,486
29136,486
6693,486
6956,486
16205,486
16532,486
32108,486
27473,486
20383,486
1615,486
25025,486
25821,486
17399,486
12786,486
1097,486
21175,486
27591,486
22790,486
1273,486
5978,486
18634,486
2124,486
6121,486
9986,486
24666,486
11658,486
19988,486
5833,486
29310,486
32108,486
7854,486
18889,486
17333,486
19426,486
9585,486
18565,486
10045,486
25821,486
7504,486
3608,486
24230,486
916,486
12478,486
17406,486
19292,486
23740,486
20107,486
30913,486
10303,486
23726,486
23726,486
1565,486
18891,486
28925,486
12739,486
10645,486
20864,486
2162,486
8738,486
5417,486
15163,486
14432,486
18032,486
12665,486
29917,486
9487,486
27382,486
26953,486
32248,486
15605,486
27266,486
31426,486
7626,486
26796,486
19008,486
19193,486
26796,486
25707,486
29389,486
4242,486
7010,486
22083,486
14938,486
1643,486
20549,486
19171,486
20549,486
6910,486
18175,486
6910,486
26785,486
26135,486
6648,486
31526,486
19591,486
15217,486
10359,486
25988,486
17366,486
8884,486
10696,486
7601,486
11028,486
31647,486
11357,486
23201,486
23201,486
6049,486
11472,486
6220,268
1718,268
3518,268
13115,268
1895,268
21808,268
11706,268
1321,268
2370,268
16846,268
28678,268
1709,268
16166,268
17636,268
9629,268
10105,268
23327,268
22023,268
2571,268
4282,268
13053,268
22137,268
15014,268
764,268
14543,268
31500,268
2814,268
9812,268
372,268
24618,268
12883,268
7274,268
11073,268
2505,268
12792,268
14222,268
1209,268
28044,268
244,268
22503,268
31779,268
14677,268
11103,268
24849,268
12909,268
29540,268
1419,268
22492,268
31680,268
31731,268
16173,268
3727,268
3727,268
16250,268
4837,268
18252,268
13131,268
23556,268
27515,268
1432,268
673,268
17700,268
28885,268
6067,268
13486,268
10911,268
29520,268
12656,268
16478,268
10175,268
4703,268
19534,268
22942,268
31629,268
31692,268
10166,268
13088,268
510,268
690,268
2074,268
8359,268
2484,268
24306,268
968,268
21209,268
7312,268
246,268
14436,268
9286,268
3642,268
20059,268
26365,129
4556,129
6865,129
24202,129
16241,129
19601,129
19300,129
24821,129
28781,129
21706,129
23242,129
9548,129
2142,129
14402,129
23021,129
13786,129
21555,129
15662,129
17972,129
5860,129
8191,129
3684,129
3820,129
15792,129
13867,129
16100,129
18237,129
16863,129
3882,129
15520,129
21850,129
7845,129
10569,129
4707,129
10363,129
13952,129
19485,129
29301,129
3307,129
3656,129
7381,129
8905,129
12950,129
20484,129
5405,129
11611,129
24829,129
23657,129
7028,129
11204,129
6878,129
3690,129
10623,129
29138,129
13065,129
14661,129
14044,129
17131,129
6387,129
4294,129
21964,129
3467,129
8034,129
3452,129
4064,129
19775,129
9049,129
4388,129
5117,129
5817,129
10089,129
21060,129
12719,129
3233,129
26827,129
4159,129
15296,129
9834,129
9032,129
20205,129
27870,129
18737,129
7754,129
24770,129
11354,129
23108,129
25700,129
4575,129
17719,129
24250,129
25203,129
15384,129
23478,129
29296,129
26625,129
13674,129
10372,129
20165,129
3647,129
11899,129
5626,129
10014,129
22277,129
22232,129
4483,129
16334,129
14996,129
5302,129
14544,129
16415,129
4754,129
3688,129
5366,129
22574,129
5335,129
4499,129
24643,129
11750,129
26441,129
18375,129
18581,129
22804,129
26732,129
3443,129
17181,129
17835,129
5464,129
8955,129
2817,129
11273,129
7498,129
5057,129
7149,129
28618,129
23993,129
23178,129
26453,129
11993,129
16830,129
16830,129
17909,129
16393,129
17909,129
29207,129
11611,129
7811,129
6960,129
14272,129
18993,129
11080,129
17230,129
15461,129
18506,129
20306,129
12024,129
12443,129
16088,129
18475,129
21762,129
27376,129
26317,129
13256,129
15119,129
10338,129
7423,129
17101,129
27004,129
11122,129
19484,423
24349,423
32112,423
22620,423
4387,423
18250,423
11617,423
1702,423
12650,423
14428,423
30308,423
29703,423
6752,423
12501,423
28074,423
13010,423
21400,423
15631,423
15058,423
21283,423
23805,423
2117,423
20135,423
14855,423
27082,423
13414,423
9736,423
25643,423
688,423
29024,423
15404,423
30485,423
28184,423
15773,423
25553,423
7502,423
20301,423
21440,423
18324,423
15293,423
24530,423
30188,423
16245,423
14953,423
6703,423
17977,423
6122,621
3314,621
27422,621
31737,621
21840,621
24638,621
8494,621
28401,621
2115,621
2101,621
9744,621
531,621
32344,621
25923,621
19331,621
25556,621
30456,621
31612,621
27641,621
2854,621
32156,621
32019,621
16287,621
13139,621
21894,621
24881,621
20894,621
30737,621
6622,621
29603,621
21021,621
24512,621
6708,621
3764,621
25591,621
31736,621
15829,621
17920,621
4678,621
28378,621
29471,621
31784,621
16159,621
12156,621
23106,621
6162,621
7222,621
30121,621
11605,621
31370,621
13258,621
5038,621
31777,621
20954,621
30960,621
23010,621
13793,621
10591,621
12088,621
26756,621
30940,621
32388,1017
25671,1017
32388,1017
10007,1017
24081,1017
24259,1017
15790,1017
23613,1017
4739,1017
19894,1017
31795,1017
18216,1017
555,1017
18216,1017
23526,1017
18216,1017
555,1017
31628,1017
4759,1017
21334,1017
4831,1017
23073,1017
21334,1017
31628,1017
14741,1017
7309,1017
21552,1017
831,1017
20976,1017
7240,1017
17916,1017
16227,1017
16386,1017
1080,1017
2800,1017
4800,1017
17806,1017
11017,1017
19558,1017
21078,1017
14449,1017
13828,1017
8758,1017
13828,1017
29551,1017
11967,1017
7359,1017
32471,1017
32290,1017
1719,1017
11276,1017
688,1017
21702,1017
13268,1017
16690,1017
30562,1017
4427,1017
2018,1017
19614,1017
10269,1017
8470,1017
5292,1017
2161,1017
2161,1017
16999,1017
18216,1017
19063,1017
23526,1017
10683,1017
9622,1017
17171,1017
6202,1017
4539,1017
28062,1017
136,507
17503,507
27937,507
1905,507
1061,507
2884,507
2985,507
29273,507
3504,507
12890,507
28925,507
15139,507
9682,507
15139,507
9757,507
10279,507
10869,507
13812,507
31777,507
3944,507
19051,507
28829,507
16967,797
8401,797
31576,797
13617,797
31474,797
31576,797
18947,797
15973,797
27718,797
24451,797
28580,797
31442,797
6924,797
20123,797
8516,797
5150,797
11558,797
11531,797
18915,797
28825,797
24431,797
32290,797
14675,797
2231,797
28726,797
30659,797
4318,797
26234,797
26939,797
1120,797
9680,797
26854,797
15666,797
21220,797
26058,797
31805,797
3279,797
22478,797
26877,797
7023,797
15812,797
27761,797
25515,797
31493,797
6159,797
17260,797
32444,797
21679,797
31097,797
21679,797
18917,797
12510,797
32261,797
27766,797
19737,797
5244,797
24645,797
27126,797
22722,797
2856,797
8173,797
29336,797
8436,797
21627,797
28934,797
32444,797
24721,797
23464,797
21071,797
7738,797
32392,797
32392,797
11531,797
29461,797
28539,126
16277,126
26149,126
6074,126
17478,126
8973,126
25143,126
16305,126
10054,126
7440,126
26736,126
27033,126
13714,126
27704,126
15744,126
8139,126
9467,126
8150,126
10289,126
3421,126
3421,126
15626,126
29053,164
26672,164
23743,164
18473,164
22955,164
28055,164
29372,164
11321,164
29615,164
26569,164
5158,489
18603,489
3610,489
3561,489
11961,489
6292,489
12697,489
7249,489
31793,489
8328,489
7944,489
31793,489
19938,489
11612,489
3924,489
24268,489
27623,489
1291,489
9954,489
7860,489
16752,489
4496,489
2191,489
13987,489
23201,489
26259,489
19057,489
5158,489
14852,489
9327,489
22345,489
17831,489
4625,489
2323,489
29113,489
26753,489
13444,489
17255,489
10397,489
6481,489
1362,489
15442,489
18686,489
18599,489
31952,489
12062,489
1362,489
19049,489
18392,489
10255,489
29619,489
19553,489
2271,489
10540,489
25173,489
933,489
23858,489
20874,489
20874,489
528,489
11224,489
9083,489
11731,489
17222,489
2538,489
6518,489
8581,489
8581,489
18021,489
18021,489
4029,876
3839,876
2357,876
5446,876
354,876
28267,876
16612,876
10225,876
1433,876
10911,876
4117,876
8049,876
12662,876
8049,876
11642,876
12133,876
20375,876
748,876
3978,876
283,876
8699,876
10244,876
19284,876
20916,876
23206,876
29022,876
27859,876
4772,876
25604,876
22856,876
21501,876
24887,876
21774,876
27226,876
15332,876
28477,876
17812,159
27275,159
23508,159
25557,159
23572,159
22963,159
6330,159
29053,159
21416,159
21416,159
27994,159
11330,159
28520,159
29762,159
19784,159
21777,159
27864,159
4417,159
15100,159
21980,159
20763,159
24432,159
22536,159
23680,159
468,336
8454,336
31632,336
4898,336
24544,336
2703,336
19598,336
13415,336
12549,336
5093,336
3050,336
975,336
2328,336
29770,336
18349,336
3064,336
31611,336
22168,336
5506,336
468,336
19835,336
7537,336
27027,336
31247,336
6321,336
11247,336
18840,336
6356,336
30621,336
23181,336
14945,336
2026,336
21195,336
9755,336
12867,336
18609,336
30110,336
7648,336
8664,336
29149,336
23634,336
21611,336
26052,336
24730,336
31697,336
19646,336
8972,336
7125,336
29549,336
24387,336
5618,336
3538,336
20217,336
5864,336
4325,336
21551,336
24558,336
26883,336
2068,336
10382,336
24632,336
4905,336
11236,336
5217,336
11813,336
10978,336
15339,336
29625,336
18769,336
31005,336
8603,336
29921,336
24340,336
24493,336
6277,336
20648,336
12732,336
26301,336
31028,336
28577,336
12356,336
24986,336
12491,336
7483,336
21654,336
24104,336
29425,336
24259,336
24401,336
31723,336
19174,336
24232,336
22789,336
26775,336
29148,336
30694,336
18798,336
7591,336
21673,336
9166,336
27718,336
7832,336
28202,336
22777,336
26682,336
1523,336
28270,336
1336,336
31269,336
4636,336
28522,336
26728,336
14973,336
16949,336
20572,336
14569,336
29386,336
7033,336
5761,336
24107,336
17747,336
27986,336
13964,336
28585,336
31545,336
28396,336
25524,336
24042,336
29735,336
13200,336
20894,336
27975,336
8217,336
18647,336
4649,336
5774,336
27067,336
25224,336
25306,336
31962,336
24923,336
27744,336
21667,336
1792,336
23088,336
22495,336
23610,336
27932,336
26152,336
2512,336
6849,336
27290,336
24478,336
13861,336
25470,336
24582,336
18262,336
29032,336
7177,336
21394,336
19192,336
30294,336
30191,336
5463,336
24721,336
7354,336
17387,336
20074,336
22746,336
21721,336
2594,336
3921,336
28106,336
3286,336
25183,336
29256,336
3213,336
28654,336
28997,336
22686,336
30946,336
14619,336
20823,336
30946,336
24384,336
1785,336
18036,336
8173,336
9126,336
27872,336
31119,336
2265,336
24169,336
1721,336
23772,336
25901,336
14080,336
23772,336
21494,336
22482,336
21494,336
22482,336
23125,336
2392,336
21288,336
1079,336
21658,336
12638,336
27616,336
31781,336
3094,336
5518,336
28642,336
16688,336
9110,336
21946,336
25588,336
30547,336
7285,336
22869,336
31102,336
3797,336
15346,336
25998,336
21900,336
17254,336
22121,336
12079,336
8901,336
2436,336
18646,336
24214,336
16571,336
26657,336
15943,336
26877,336
8286,336
26333,336
26333,336
6235,336
7632,336
20442,336
28863,336
6899,336
20468,336
27099,336
12947,336
24747,336
24399,336
3512,336
9102,336
21052,336
4370,336
27504,336
429,336
15888,336
23379,336
20513,336
3496,336
29056,336
9108,336
18526,336
31971,336
24344,336
11765,336
31712,336
21614,336
14710,336
25349,336
30188,336
13677,336
21271,336
18273,336
8208,336
16918,336
26840,336
7153,336
8465,336
11386,336
17422,336
7266,336
27231,336
28027,336
28638,336
30335,336
17119,336
15250,336
29983,336
27058,336
28156,336
26131,336
8005,336
3808,336
24645,336
1222,336
28324,336
11190,336
14891,336
24805,336
12960,336
30687,336
31849,336
28910,336
7912,336
21616,336
21595,336
22939,336
25324,336
30648,336
19614,336
21546,336
11126,336
28740,336
23138,336
9922,336
8009,336
1308,336
1596,336
2634,336
19858,336
9472,336
24765,336
30965,336
10784,336
7615,336
24889,336
6103,336
6806,336
12541,336
31108,336
2576,336
4408,336
7447,336
21220,336
24417,336
30792,336
17895,336
5437,336
3590,336
9686,336
26857,336
2800,336
21848,336
2441,336
5046,336
15639,336
28893,336
18920,336
16802,336
15616,336
24955,336
31219,336
13607,336
10808,336
24635,336
13558,336
14366,336
6500,305
31406,305
29804,305
28976,305
11570,305
26196,305
15062,305
25246,305
23590,305
9089,305
31781,305
14717,305
4129,305
15878,305
31339,305
16009,305
7794,305
27983,305
24017,305
27501,305
24261,305
17546,305
5275,305
13399,305
22207,305
16195,305
8713,305
19833,305
27489,305
27503,305
22694,305
23354,305
31098,305
28424,305
27053,305
30470,305
30425,305
10046,305
26515,305
17701,305
28376,305
19760,305
28127,305
30287,305
12729,305
20419,305
11523,305
30778,305
6703,305
27437,305
24895,305
15664,305
25969,305
22777,305
6708,596
12425,596
32188,596
14888,596
29127,596
21465,596
26237,596
26419,596
22025,596
531,596
7505,596
20947,596
29691,596
8702,596
11068,596
2111,596
15109,596
7547,596
3226,596
24565,596
23318,596
25616,596
1051,596
30568,596
1075,596
6276,596
32054,596
18968,596
27331,596
20580,596
1376,596
6377,596
5338,596
24898,596
264,596
23519,596
5462,596
21906,596
12651,596
8420,596
6379,596
13753,596
17627,596
27977,596
15110,596
8863,596
1422,596
26276,596
16658,596
4727,596
6082,596
2459,596
20030,596
6352,596
30479,596
10868,596
26239,596
17975,596
31784,596
1148,596
10973,596
10245,596
1254,596
1075,596
10245,596
28331,596
3506,596
16784,402
30707,402
24721,402
11705,402
11705,402
352,402
27981,402
15615,402
32090,402
7285,402
3493,402
23879,402
31666,402
31440,402
2425,402
29438,402
29959,402
22427,402
13449,402
31212,402
14159,402
32166,402
4912,402
18825,402
25843,402
15067,402
25843,402
31456,402
13306,402
8774,402
30617,402
19244,402
20287,402
27154,402
19745,402
17850,402
31341,402
19745,402
18693,402
31450,402
4792,402
18693,402
30312,402
25843,402
31489,402
29903,402
23200,402
4792,402
25401,402
26248,402
3873,402
9472,402
421,402
31525,402
30256,402
18944,402
4351,402
13964,402
28638,402
24042,402
32140,402
31536,402
27947,402
20244,402
17313,402
10191,402
25126,402
23722,402
28824,402
28274,402
17199,402
17313,402
30071,402
8902,402
17313,402
31666,402
13644,402
8902,402
17313,402
31666,402
29495,402
23871,402
8902,402
21146,402
28829,402
31108,402
12842,402
31344,402
4453,402
5069,402
31428,402
2703,402
4660,402
23790,402
4152,402
30243,402
28658,402
16803,402
8006,402
17825,402
27027,402
22003,402
18376,402
12842,402
1352,402
22939,402
11281,402
11766,402
28726,402
31092,402
4620,402
32149,402
7357,402
22212,402
23866,402
24378,402
14153,402
4955,402
5055,402
31787,402
20841,402
25349,402
25990,402
1222,402
3285,402
29204,402
30687,402
22220,402
13099,402
4835,402
5887,402
7276,402
31905,402
18363,402
7911,402
25125,402
15098,402
28817,402
13064,402
31849,402
26831,402
31122,402
25767,402
3274,402
31480,402
2176,402
7911,402
25767,402
31974,402
24110,402
14989,402
21505,402
14947,402
13417,402
17254,402
27231,402
29625,402
31108,402
26519,402
11152,402
28680,402
30104,402
21039,402
24707,402
26499,402
2068,402
30104,402
16864,402
17659,402
26499,402
23273,402
4898,402
27874,402
16827,402
13641,402
11014,402
12861,402
3449,402
28202,402
24162,402
23973,402
29852,402
17915,402
23973,402
26285,402
17915,402
24965,402
31013,402
13902,402
2756,402
21269,402
31132,402
26775,402
25245,402
16314,402
2800,402
24965,402
9820,402
28270,402
22259,402
8094,402
28380,402
26556,402
14770,402
31706,402
10162,402
16521,402
5774,402
24182,402
20801,402
9197,402
21736,402
21933,402
26241,402
30768,402
4124,402
14995,402
19354,402
15806,402
24046,402
25907,402
27239,402
23473,402
32221,402
32221,402
19458,402
23415,402
18794,402
31243,402
25826,402
2513,402
13060,402
18687,402
22479,402
15593,402
29891,402
27763,402
26682,402
31189,402
4227,402
27787,402
30669,402
19730,402
8440,402
31828,402
9726,402
13644,402
21125,402
14097,402
21125,402
14577,402
14097,402
8249,402
30545,402
24063,402
25582,402
8249,402
23400,402
18693,402
27787,402
19975,402
28202,402
6730,402
9780,402
8902,402
29334,402
8902,402
18825,402
21821,402
20303,402
19290,402
19975,402
27412,402
4076,402
7308,402
21821,402
21614,402
31338,402
4759,402
1664,402
6791,402
14901,402
25768,402
8185,402
20949,402
21685,402
13601,402
30356,402
10919,402
30261,402
23342,402
23342,402
25843,402
25843,402
25843,402
23690,402
8009,402
24310,402
9126,402
1712,402
2046,402
975,402
28293,402
21564,402
27874,402
5909,402
20505,402
6732,402
12259,402
31964,402
23980,402
7905,402
27335,402
27303,402
23980,402
27303,402
18794,402
27303,402
18539,402
8902,402
30346,402
18539,402
20894,402
30346,402
8181,402
7949,402
8181,402
2643,402
26472,402
13099,402
31223,402
13451,402
10310,402
17260,402
5518,402
19313,402
26199,402
22288,402
27225,402
24545,402
2637,402
26919,402
13363,402
10163,402
15646,402
2637,402
16829,402
13363,402
19420,402
13129,402
6935,402
8495,402
26257,402
19420,402
16585,402
30787,402
2637,402
18236,402
8899,402
25813,402
26707,402
25813,402
18796,402
16585,402
21074,402
26707,402
25843,402
30800,402
15195,402
21800,402
3050,402
29943,402
27107,402
28789,402
3761,402
5482,402
28879,402
15269,402
26589,402
26589,402
5852,402
23268,402
30691,402
24505,402
6849,402
30335,402
3224,402
16979,402
6899,402
28269,402
1304,402
10960,402
30932,402
26114,402
31830,402
3597,402
29281,402
24186,402
29834,402
24017,402
24017,402
29336,402
24126,402
21786,402
24126,402
24017,402
4930,402
29336,402
30335,402
12510,402
18111,402
29336,402
23125,402
31775,402
28062,402
8336,402
6210,402
27953,402
16675,402
30792,402
2010,402
28910,402
2385,402
2010,402
11458,402
31490,402
16293,402
4516,402
13283,402
28272,402
31563,402
28272,402
26814,402
19695,402
26814,402
7221,402
30876,402
31713,402
21567,402
20923,402
29922,402
12025,402
26297,402
106,402
6849,402
14973,402
24604,402
30439,402
28732,402
24683,402
31130,402
29063,402
29063,402
15982,402
4134,402
11401,402
19317,402
5743,402
23246,402
7556,402
1819,402
20803,402
23379,402
22445,402
30694,402
19869,402
24772,402
28324,402
32146,402
21616,402
30403,402
27713,402
12542,402
16192,402
27546,402
3572,402
24160,402
29365,402
24889,402
28442,402
3510,402
22221,402
7556,402
25590,402
23321,402
2892,402
27092,402
22433,402
29237,402
17747,402
31247,402
10353,402
31118,402
4997,402
29801,402
29334,402
21680,402
25708,402
8321,402
19793,402
26921,402
31480,402
22209,402
25237,402
27679,402
11236,402
30841,402
31086,402
10971,402
29495,402
30358,402
31437,402
26210,402
11459,402
6857,402
3411,402
13683,402
24207,402
25644,402
25644,402
31996,402
18236,402
2868,402
4151,402
29831,402
30146,402
4977,402
4977,402
25843,402
21146,402
26591,402
17103,402
23879,402
7062,402
23927,402
21721,402
27723,402
14906,402
4621,402
1841,402
23936,402
1841,402
4621,402
1841,402
11705,402
31851,402
17114,402
13868,402
20120,402
29768,402
12418,402
23663,402
20992,402
21230,402
27274,402
23157,402
16585,402
25103,402
30394,402
1795,938
31146,938
25876,938
25671,938
505,938
9948,938
28505,938
6160,938
3918,938
6781,938
22061,938
12561,938
27614,938
2363,938
23498,938
13027,938
29776,938
2347,938
15225,938
25085,938
2339,938
18472,938
22427,938
31078,938
14406,938
4184,938
7172,938
32004,938
24127,938
15725,938
2619,938
23661,938
11997,938
356,938
22491,938
7604,938
20315,568
10019,568
12427,568
3173,568
14535,568
10157,568
4405,568
21479,568
9548,568
3160,568
8941,568
28161,568
19060,568
26818,568
12781,568
24430,568
17320,568
3363,568
25899,568
4931,568
7457,568
24927,568
24336,568
29045,568
2771,568
31632,568
10415,568
23960,568
9002,568
23812,568
28580,568
26606,568
6667,568
8501,568
8357,568
5165,568
26425,568
32209,568
1999,568
18907,568
14680,568
19148,568
29463,568
6703,568
18924,568
1664,568
2574,568
17971,568
32283,568
7214,568
32316,568
12118,568
7338,568
16343,568
7847,568
19760,568
20041,568
23303,568
23277,568
19916,568
28152,568
374,568
4502,568
11862,1038
30314,1038
10895,1038
23692,1038
19477,1038
15968,1038
3250,1038
15474,1038
2500,1038
1531,1038
23795,1038
2737,1038
28543,1038
6014,1038
2592,1038
32347,1038
21414,1038
12272,1038
16541,1038
6475,1038
10579,1038
31924,1038
15509,1038
8916,1038
18634,1038
16758,1038
12611,1038
30704,1038
31573,1038
6031,1038
3170,1038
19837,1038
31465,1038
12786,1038
29072,1038
6064,1038
10579,277
2793,277
6373,277
17537,277
7106,277
19179,277
9380,277
3675,277
6902,277
18081,277
15827,277
18759,277
6845,277
1074,277
21718,277
21718,277
5509,277
10579,277
6845,277
31162,277
4079,277
21198,277
3472,277
1785,277
16528,277
21688,277
16362,277
12952,277
6884,277
19057,277
12712,277
2751,277
5627,277
13389,277
14430,277
6087,277
16409,277
12048,277
5450,277
13202,277
20875,277
30458,277
27640,277
2205,277
16628,277
4639,277
31062,277
1884,277
1049,277
13057,277
30379,277
3552,277
5975,277
1537,277
23128,277
4718,277
4611,277
28529,277
7533,277
9671,277
23524,277
4250,277
4201,277
6186,277
17639,277
8666,277
27346,277
3782,277
1686,277
31088,277
29790,277
8351,277
3468,277
3276,277
4050,277
3900,406
28673,406
5940,406
2192,406
18569,406
10093,406
749,406
1634,406
21712,406
24104,406
17623,406
26857,406
3241,406
27098,406
26019,406
29204,406
30677,406
11555,406
2440,406
23753,406
11341,406
21583,406
20370,406
6155,406
22869,406
5321,406
7671,406
29181,406
22003,406
25949,406
25353,406
19018,406
13047,406
23821,406
31165,406
28188,406
4924,406
6958,406
11744,406
5463,406
22476,406
22476,406
3900,406
14770,406
22288,406
30861,406
6428,553
20058,553
15690,553
16085,553
6839,553
31235,553
32228,553
23591,553
3274,553
25328,553
18144,553
7057,553
27983,553
20315,553
17320,553
32041,553
32146,553
28161,553
25912,553
19940,553
26005,553
24818,553
7260,553
1529,553
26818,553
31632,553
12427,553
4268,553
2372,553
25159,553
24672,553
19148,553
22485,553
22720,553
8412,553
2870,553
29233,553
31479,553
25153,553
22753,553
30968,553
3564,553
11748,553
23493,553
30266,553
31384,553
8016,553
1865,553
30935,553
22941,553
2870,553
21330,553
3588,553
28266,553
1032,553
24336,553
5056,553
1807,553
18539,553
23460,553
17045,553
19760,553
6703,553
17971,553
9108,553
7214,553
20041,553
7338,553
1957,553
19916,553
24657,128
11149,128
16562,128
7598,128
28257,128
26474,128
7440,128
13230,128
4159,128
3671,128
16105,338
19864,338
29135,338
28196,338
26289,338
22004,338
26570,338
21066,338
15135,338
21229,338
29623,338
28728,338
27385,338
26408,338
19638,338
25938,338
28903,338
25514,338
29774,338
30405,338
30154,338
29003,338
24319,338
22139,338
22407,338
23053,338
28276,338
25874,338
21700,338
2177,338
21219,338
21262,338
21234,338
21241,338
21221,338
21258,338
21261,338
21231,338
21233,338
21207,338
21215,338
21246,338
21242,338
21226,338
21238,338
21239,338
21223,338
21232,338
21240,338
21208,338
21257,338
21218,338
21247,338
21316,338
28337,338
23001,338
23618,338
23005,338
29158,338
25495,338
23514,338
23671,338
23198,338
29493,338
26553,338
29098,338
20846,338
22704,338
29304,338
29610,338
12700,338
23807,338
19577,338
23166,338
29578,338
28754,338
30518,338
30368,338
29383,338
22287,338
28238,338
29649,338
30268,338
27189,338
28233,338
20973,338
26344,338
28199,338
29505,338
28890,338
25438,338
27222,338
28796,338
30009,338
28951,338
28119,338
30519,338
28972,338
12692,338
30384,338
28352,338
21333,338
29894,338
9977,338
30328,338
21098,338
27359,338
26986,338
26797,338
30507,338
27968,338
29836,338
27898,338
16086,338
25931,338
28779,338
26790,338
29579,338
23909,338
22971,338
25106,338
22637,338
20781,338
30349,338
21803,338
22879,338
28826,338
30564,338
24825,338
23739,338
27443,338
22211,338
30416,338
22270,338
29035,338
22860,338
16761,338
10183,338
21023,338
20649,338
20721,338
20687,338
19669,338
20694,338
20673,338
20675,338
20718,338
20695,338
20732,338
20715,338
20742,338
20706,338
20645,338
20726,338
20681,338
20629,338
20693,338
20640,338
20676,338
20666,338
20724,338
20740,338
20741,338
20720,338
20683,338
20658,338
20624,338
20710,338
20733,338
20701,338
20623,338
20705,338
20672,338
20684,338
20634,338
20731,338
20627,338
20703,338
20626,338
20654,338
20651,338
20728,338
20691,338
20708,338
20628,338
20689,338
20699,338
20679,338
20636,338
20632,338
20704,338
20711,338
20661,338
20692,338
20633,338
20696,338
20630,338
20678,338
20685,338
20966,338
20680,338
20713,338
20635,338
20070,338
20655,338
20646,338
20069,338
20714,338
20725,338
20071,338
27025,338
18381,338
15409,338
27707,338
26595,338
30426,338
11847,338
27551,338
17721,338
10271,338
30316,338
29808,338
14826,338
28048,338
18053,338
29913,338
24299,338
29178,338
24655,338
28771,338
28320,338
30474,338
15291,338
28395,338
29837,338
21453,338
27518,338
30452,338
30150,338
30538,338
22317,338
27892,338
10442,338
27047,338
28307,338
29898,338
30056,338
26105,338
28969,338
23075,338
23008,338
18088,338
22140,338
21671,338
30486,338
25141,338
26615,338
29924,338
10462,338
26966,338
24624,338
28628,338
9762,338
28064,338
25433,338
30324,338
28057,338
29745,338
22675,338
20790,338
30484,338
23921,338
23129,338
30495,338
29436,338
25478,338
27451,338
28614,338
27843,338
24099,338
29820,338
24270,338
30539,338
27411,338
27893,338
6296,640
6053,640
7414,640
9389,640
6529,640
29704,640
17239,640
30400,640
4227,640
27307,640
19385,640
16513,640
17258,640
22881,640
4733,640
30063,640
12470,640
26787,640
8404,640
29117,640
23894,640
8462,640
24884,640
13704,640
16804,640
31972,640
17209,640
12724,640
2291,640
15585,640
26911,1036
26044,1036
17474,1036
24824,1036
26405,1036
25916,1036
20938,1036
17224,1036
14236,1036
222,1036
10680,1036
15934,1036
31547,1036
10208,1036
5332,1036
29700,1036
14437,1036
22045,1036
1435,1036
20443,1036
8685,1036
23951,1036
12268,1036
30753,1036
3651,1036
21006,1036
17273,1036
32518,1036
14839,1036
19174,1036
13800,1036
18926,1036
27866,1036
32218,1036
19377,1036
28856,1036
7543,1036
7035,1036
18012,1036
28457,1036
29027,1036
15165,1036
22686,1036
936,1036
6858,1036
3242,1036
25898,1036
13834,1036
17193,1036
29664,1036
17566,1036
26139,1036
6593,1036
3289,714
18164,714
16586,714
13450,714
25128,714
20709,714
7841,714
15658,714
30310,714
3373,714
20756,714
28872,714
28364,714
25727,714
30211,714
10943,714
30298,714
17207,714
3924,714
31777,714
28155,714
27162,714
30309,714
20722,714
5293,714
21686,714
7868,714
25025,714
24789,714
21174,714
30614,714
32028,714
25362,714
18830,714
30445,714
28137,714
2195,714
13547,714
2104,714
4437,714
20460,714
28946,714
24358,714
22340,714
32339,714
7435,714
18113,714
12863,714
5007,714
21077,714
927,714
5273,714
6967,714
29664,714
29377,714
684,714
27863,714
6309,714
32335,714
17746,714
7472,714
11925,714
21152,714
27299,714
1171,714
13496,714
4744,714
3420,714
5826,714
11670,714
20208,714
5791,714
32077,714
29792,714
10476,714
29693,714
5265,70
10222,70
2142,70
18110,70
18295,70
6402,70
2118,70
6371,70
4865,70
4645,70
25807,70
750,70
6010,70
11837,70
3109,70
7039,70
16786,70
21332,70
13328,70
18551,70
6670,70
4529,70
21541,70
3474,70
7907,70
3097,70
7731,70
29099,213
4971,213
26609,213
28466,213
27423,213
27355,213
27539,213
27827,213
27352,213
28469,213
27478,213
28467,213
27360,213
27538,213
6848,213
28463,213
28458,213
28449,213
27540,213
28475,213
27548,213
27427,213
27439,213
29221,213
27357,213
29210,213
27826,213
27431,213
27840,213
27842,213
28452,213
27829,213
28451,213
29222,213
29250,213
29218,213
28447,213
29243,213
27477,213
28461,213
28453,213
28472,213
28456,213
27426,213
27363,213
28446,213
27430,213
26976,213
28464,213
27375,213
28470,213
27479,213
29214,213
27542,213
29249,213
28455,213
26834,213
27070,213
27358,213
27356,213
29251,213
29212,213
28450,213
28474,213
29244,213
28465,213
28462,213
28459,213
27425,213
29211,213
29220,213
29216,213
28454,213
27480,213
27474,213
27828,213
27476,213
27839,213
29215,213
29209,213
27429,213
25521,213
12758,213
13476,213
24433,213
4971,213
30382,213
18327,213
20868,213
4385,213
17582,213
3186,376
30726,376
9827,376
30680,376
16518,376
20631,376
1724,376
15498,376
22724,376
27151,376
16416,376
27887,376
23974,376
6564,376
14485,376
669,376
30680,376
30726,376
16416,376
4990,376
11075,376
18941,376
18274,376
26050,376
28622,376
21380,376
24069,376
10602,376
21932,376
11199,376
21331,376
29067,376
16810,376
14441,376
5976,290
18930,290
27447,290
30273,290
16062,290
3529,290
14154,290
21843,290
15942,290
17367,290
31408,290
16682,290
13465,290
19656,290
28086,290
10193,290
18248,290
2670,290
17865,290
24486,290
15624,290
4868,290
3731,290
7449,290
20108,290
13299,290
16162,290
16591,290
2844,290
30895,290
13277,290
5992,290
15926,290
4588,290
22356,290
12544,290
17727,290
14073,290
4241,290
14363,290
25066,290
22215,290
20237,290
4803,290
7168,290
5845,290
65,290
3115,290
27997,290
19589,290
16745,290
19290,290
19946,290
25748,290
17056,290
13027,637
13318,637
16180,637
28562,637
14765,637
19520,637
13760,637
5498,637
30969,637
29734,637
32147,637
20394,637
20968,637
30617,637
832,637
9938,637
6569,637
30858,637
13574,637
19356,637
6334,637
26555,637
22694,637
20244,637
27881,637
14878,637
30111,637
508,637
23013,637
330,637
330,637
26380,637
24159,637
29907,637
12364,637
26380,637
14901,637
24336,637
27277,637
20574,637
22524,637
26296,637
31440,637
18207,637
22571,637
30496,637
30496,637
19858,637
29193,637
32213,637
29193,637
32213,637
29933,637
28983,637
29693,637
14493,637
18359,637
1550,637
1550,637
31615,637
19472,637
13838,637
13838,637
28863,637
21540,637
16678,637
8527,637
20757,637
26350,637
26350,637
10718,637
10718,637
26350,637
31043,637
6298,637
3679,214
14475,214
8540,214
10455,214
1252,214
24274,214
5451,214
11862,214
18081,214
24195,214
23759,214
31155,214
24816,214
4842,214
18023,214
22249,214
3513,214
1321,214
15147,214
7032,214
31498,214
31103,214
30750,214
11399,214
6077,214
6926,214
7271,214
25177,214
26308,214
21747,214
18247,214
19412,214
8461,214
16478,214
4107,214
9594,214
6249,214
6877,214
6242,214
12794,214
30097,214
25786,214
10587,214
11535,214
8732,214
5800,214
22432,214
24026,214
5283,214
3923,214
17650,214
16749,214
17987,214
19214,214
11015,214
27042,214
11094,214
14857,214
1853,214
14474,214
5409,214
15447,214
1686,214
5906,214
282,214
6833,214
27752,214
20792,214
11494,214
4600,214
28517,214
7466,214
17217,214
3709,214
6471,673
25540,673
11473,673
2751,673
25190,673
1537,673
17307,673
16430,673
12400,673
2363,673
16607,673
4085,673
21458,673
3392,673
21332,673
2075,673
7535,673
4276,673
11695,673
15831,673
17644,673
9720,673
6384,673
28239,673
25458,673
28107,673
17558,673
17164,673
16829,953
20163,953
13042,953
21765,953
18291,953
11238,953
8441,953
26970,953
15556,953
14117,953
15247,953
21866,953
29455,953
10021,953
8396,953
14765,953
10296,953
8754,953
25803,953
16727,953
27090,953
32285,953
12389,953
12724,953
27847,953
26787,953
5413,953
9436,953
11870,953
24944,953
12098,953
5182,953
28541,953
29189,953
24605,953
10329,953
29101,953
13749,953
29192,953
22362,953
8310,953
32301,953
15523,953
17960,953
2023,953
32202,953
8417,289
9203,289
4576,289
1369,289
25018,289
430,289
4576,289
4926,289
3174,289
6954,289
3405,289
3405,289
4093,289
10671,289
2551,289
25265,289
25265,289
10937,289
5181,289
19121,289
17785,289
9203,289
25857,289
2879,289
2879,289
25857,289
21916,289
8724,289
17785,289
11919,289
26254,289
3063,289
16327,289
17046,289
27661,289
31451,289
31687,289
2952,289
8908,289
22544,289
12527,289
6207,289
15045,289
4450,289
20322,289
29993,289
4450,289
8956,289
16700,289
26279,289
16327,289
21920,289
20719,289
6718,289
24462,289
608,289
16614,289
10326,289
8947,289
19765,289
14732,289
24258,289
23214,289
29784,289
26700,289
14797,289
23214,289
6755,289
26659,289
27556,289
17485,289
14916,289
14916,289
17485,289
27248,289
19393,289
14916,289
17400,289
1581,289
5458,289
29721,289
26689,289
23214,289
1581,289
5458,289
17536,289
9911,289
9911,289
7289,289
15511,289
22334,289
16164,289
13482,289
5458,289
5181,289
12953,289
28313,289
19683,289
7906,289
7906,289
15427,289
26654,289
22914,289
26842,289
6729,289
24466,289
24466,289
6003,289
12512,289
8417,289
5035,289
3951,289
9394,289
7691,289
5035,289
28866,289
6452,289
14986,289
4725,289
15321,289
18173,289
1197,289
17647,289
223,289
9394,289
31414,289
20285,289
4581,289
11285,289
18022,289
12212,289
10685,289
4260,289
6452,289
10685,289
15127,289
22184,289
22184,289
11285,289
24038,289
15184,289
22184,289
10938,289
5815,289
884,289
27960,289
28443,289
8235,289
14431,289
4892,289
26495,289
12662,289
100,289
12359,289
5109,289
8233,289
677,289
430,289
4247,289
8233,289
2809,289
5943,289
11770,289
10633,289
5725,289
10099,289
31412,289
12538,289
12538,289
26349,289
24269,289
17242,289
28866,289
3715,289
17168,289
1236,289
16214,289
20212,289
19290,289
23579,289
6367,289
25768,289
11801,289
15078,289
14894,289
27026,289
15078,289
15153,289
1932,289
14894,289
30112,289
31454,289
24258,289
15868,289
10335,289
1943,289
730,289
2551,289
6573,289
15046,289
493,289
19428,289
16568,289
5203,289
23672,289
23565,289
2822,289
15428,289
1581,289
4487,289
5458,289
26007,289
28297,289
12124,289
17847,289
7780,289
17847,289
5016,289
22356,289
18238,289
24972,289
25897,289
5845,289
15453,289
5841,289
3338,289
27043,289
27043,289
11181,291
17846,291
26899,291
7168,291
31808,291
26659,291
7363,291
5976,291
28581,291
22615,291
31727,291
8824,291
5019,291
5019,291
1194,291
24323,291
24323,291
20309,291
14920,291
11349,291
25352,291
13320,291
15868,291
15085,291
6245,291
14797,291
5924,291
22347,291
25338,291
20906,291
2352,291
4926,291
10650,291
2559,291
6746,291
22194,291
3073,291
7691,291
27248,291
3174,291
2822,291
15078,291
17364,291
12268,291
17302,291
15942,291
15047,291
26635,291
26772,291
20104,291
20202,291
20002,291
31408,291
13874,291
26981,291
4198,291
12481,291
1932,291
31412,291
2670,291
10486,291
2697,291
10067,291
28866,291
30088,291
25948,291
23160,291
28621,291
14750,291
23939,291
25650,291
18163,291
13122,291
21486,291
24486,291
28015,291
18563,291
31020,291
28015,291
19165,291
19165,291
24323,291
7007,291
23761,291
16178,291
31834,291
26137,291
16214,291
2530,291
1678,291
14946,291
20899,291
17955,291
19860,291
20282,291
20960,291
31687,291
17955,291
12822,291
15624,291
17955,291
20282,291
705,291
22260,291
15624,291
17955,291
19860,291
15624,291
26409,291
12822,291
22713,291
14363,291
16955,291
705,291
13768,291
19783,291
9294,291
13768,291
12527,291
20401,291
19783,291
4868,291
18559,291
19765,291
28313,291
6060,291
19393,291
3729,291
1944,291
7289,291
6976,291
12229,291
25897,291
12207,291
20368,291
5458,291
22698,291
15960,291
20440,291
27169,291
14527,291
14073,291
14984,291
18357,291
12359,291
4885,291
11939,291
11939,291
22615,291
13559,291
15781,291
19946,291
6621,291
27997,291
26046,291
18538,604
24183,604
913,604
21296,604
24898,604
2111,604
30575,604
11151,604
16198,604
26143,604
12931,604
31326,604
32225,604
16038,604
15954,604
18073,604
5381,604
1329,604
2000,604
24453,604
19604,604
22811,604
22921,604
24565,604
1506,604
9458,604
15394,604
5970,604
10876,604
28128,604
9180,604
14625,604
11590,604
31528,604
7585,604
3428,604
30019,604
21381,604
21462,604
20522,604
2115,604
13897,604
14045,604
25570,604
10959,604
20030,604
19120,604
20047,604
31531,604
69,604
27769,604
24291,604
15280,604
20771,604
18875,604
3898,604
30229,604
21562,604
27951,604
9204,604
29797,604
26028,604
23757,604
712,10
742,10
665,10
18932,10
12981,10
712,10
24263,10
12981,10
1617,10
7789,10
18298,10
20587,10
5835,10
22426,10
4552,10
24932,10
3442,10
16759,10
25101,10
12210,10
25908,10
19673,10
12522,10
20459,10
19627,10
19627,10
16573,10
3442,10
6251,10
15522,326
1641,326
3,326
28544,326
20804,326
926,326
15198,326
783,326
9484,326
18100,326
2895,326
18659,326
1251,326
10467,326
28650,326
3043,326
29123,326
30702,326
1978,326
25555,326
8951,326
2371,326
7744,326
11200,326
3440,326
11840,326
7040,326
2440,326
15011,326
14727,326
22970,326
31177,326
4036,326
4218,326
25365,326
21595,326
6958,326
6200,326
27763,326
28522,326
8951,326
24104,326
18262,326
6813,326
25473,326
31165,326
27239,326
25407,326
8007,326
18574,326
17411,326
10482,326
3094,326
12638,326
1633,326
10972,326
18043,326
4049,326
2367,326
17630,326
20912,326
11335,326
23360,326
13401,326
1280,326
31175,326
32177,326
25391,824
26958,824
6063,824
29770,824
19226,824
1313,824
5077,824
8416,824
26197,824
3188,824
4781,824
28377,824
10990,824
5771,824
764,824
20434,824
29907,824
29856,824
3219,824
26267,824
17985,824
2656,824
9228,824
4933,824
19302,824
18590,824
54,824
6248,824
19302,824
14947,824
14003,824
28963,824
2656,824
28829,824
32482,824
20340,824
29632,824
4062,824
16417,824
1775,824
19730,824
12872,824
29886,824
30862,824
800,824
23482,824
23482,824
22342,824
4062,824
10399,824
1683,824
15755,824
11550,824
19305,824
24921,24
9896,24
7258,24
3499,24
13924,24
13474,24
26202,24
22508,24
3491,24
11550,24
13784,24
16594,24
2322,24
21175,24
23431,24
21534,24
21534,24
19373,24
2740,24
15632,24
8665,24
23451,24
23443,24
19768,24
2833,24
6031,24
3499,24
16594,24
2228,24
2228,24
15442,24
23752,24
8665,24
26851,24
27071,911
3052,911
31907,911
28781,911
30305,911
31777,911
16659,911
18746,911
6827,911
18346,911
16475,911
7459,911
12531,911
7839,911
18012,911
6822,911
14086,911
10066,911
27279,911
29966,911
3218,911
23982,911
18740,911
30885,911
24652,911
10213,911
7070,911
21562,911
23410,911
1261,242
5451,242
25696,242
26795,242
19326,242
9509,242
31575,242
4542,242
2873,242
10798,242
5929,242
4352,242
8689,242
9782,242
6770,242
3642,242
31618,242
31771,242
27485,242
1201,242
21750,242
1532,242
19847,242
2405,242
17805,242
31426,242
27485,242
25696,242
9424,242
12674,242
30078,242
30211,242
4853,242
939,242
2483,242
25629,242
22787,242
4710,242
4710,242
28837,242
21697,242
4190,242
31685,242
12492,242
26125,242
4756,242
4608,242
13475,242
4048,242
18652,242
13726,242
3098,242
19777,242
1822,242
19403,242
25537,242
25537,242
4242,242
26795,242
5274,242
7667,242
3957,242
7200,242
1394,242
4352,242
1785,242
22320,242
19817,242
28134,242
11208,242
7762,242
26130,242
20560,242
22865,242
30504,242
10010,600
197,600
2771,600
2111,600
13043,600
5933,600
2502,600
29129,600
22686,600
107,600
20568,600
29540,600
24120,600
10489,600
5530,600
22811,600
24856,600
15394,600
26419,600
14625,600
27295,600
2312,600
29475,600
11561,600
1422,600
19303,600
935,600
417,600
25641,600
16085,600
23855,600
3428,600
19604,600
28366,600
5419,600
5381,600
11773,600
15838,600
7402,600
30229,600
13002,600
25556,600
6922,600
13744,600
21021,600
24998,600
32019,600
13906,600
2448,600
24864,600
3715,600
27024,600
32288,600
21462,600
24295,600
505,600
11644,600
12939,600
30456,600
12425,600
5821,600
1506,600
27521,600
15059,600
22922,600
27346,600
15924,600
932,600
21713,600
23757,600
20026,600
23989,600
7390,600
4010,600
21894,600
30514,600
23822,600
11911,600
32344,600
21994,600
27308,600
2569,600
31070,600
26463,763
8682,763
7036,763
22748,763
12279,763
25124,763
17573,763
30996,763
2299,763
23180,763
26422,763
11845,763
15827,763
21764,763
31047,763
12605,763
4879,763
2900,763
7397,756
17006,756
29023,756
20218,756
25908,756
11133,756
7901,756
10651,756
20024,756
8085,756
11478,756
10121,756
5957,756
27684,756
28901,756
6513,756
28316,756
17199,756
3589,756
3589,756
12035,756
9300,756
23253,756
2469,756
2698,756
2469,756
13193,756
10381,756
8705,756
8705,756
32186,756
18182,756
1494,756
5967,756
5967,756
19259,756
3879,756
17907,756
19768,756
4531,756
4531,756
240,756
474,756
4854,756
29999,756
21610,756
13079,756
30702,756
29567,756
30739,756
202,756
13869,710
4118,710
1297,710
19056,710
23631,710
21343,710
7321,710
5612,710
10755,710
14129,710
8050,710
25170,710
492,710
15865,710
11418,710
11418,710
26471,710
26233,710
24488,710
17420,710
24623,710
1584,710
7618,710
4347,710
8276,710
16008,710
9192,710
32311,520
11814,520
30165,520
31616,520
14956,520
25278,520
31278,520
10075,520
28971,520
25803,520
4613,520
28166,520
30470,520
8960,520
28956,520
16284,520
31515,520
27801,520
14263,520
15675,520
14010,520
29500,520
19061,520
25999,520
30745,520
27179,520
7982,520
25497,520
17230,520
25497,520
25932,520
28256,520
6699,520
29048,520
8663,520
19734,520
22778,520
4646,520
22607,520
15675,520
25584,520
21296,597
10732,597
7505,597
370,597
11908,597
29269,597
27785,597
539,597
1230,597
671,597
10985,597
5695,597
10554,597
4806,597
2315,597
22352,597
2718,597
2621,597
425,597
31912,597
22147,597
5384,597
5033,597
7091,597
4479,597
1509,597
9959,597
10555,597
11020,597
19203,597
31605,597
551,597
29201,597
18090,597
21707,597
18444,597
900,597
9417,597
18090,597
11588,597
27408,597
16220,597
14513,597
13423,597
26046,597
10986,597
1824,597
5530,597
30472,597
18230,597
10127,597
21001,597
29417,597
5388,597
62,597
20554,597
2346,597
31540,597
28996,597
16066,597
11740,597
3803,597
10448,597
16446,597
16451,597
13993,597
15165,597
15235,597
24075,597
18457,597
13654,597
15899,597
13826,597
12991,597
16197,597
1608,597
18743,597
14192,597
1624,597
25137,597
410,597
9164,597
22972,597
22389,597
4215,597
29289,597
23817,597
17227,597
4687,597
14809,597
8032,597
18325,597
2352,597
17205,597
23988,597
3256,597
13206,597
1578,597
15405,597
23984,597
28430,597
16670,597
26100,597
16599,597
2089,597
26949,597
14775,597
6993,597
15937,597
7107,597
26254,597
6886,597
11823,597
17374,597
668,597
15280,597
2568,597
10346,597
9483,597
11136,597
7414,597
5378,597
26063,597
30141,597
13886,597
25616,597
23632,597
12917,597
22862,597
6930,597
29471,597
18810,597
11285,597
19656,597
1302,597
11922,597
17483,597
21634,597
19805,597
24084,597
31438,597
18689,597
29412,597
12748,597
17244,597
14479,597
3787,597
3836,597
19400,597
25157,597
30880,597
12208,597
6173,597
21940,597
20771,597
24136,597
2470,597
18510,597
29267,597
21677,597
29583,597
13343,597
23520,597
22517,597
2701,597
27169,597
23120,597
13005,597
12496,597
21858,597
19440,597
25473,597
5798,597
15512,597
7540,597
20206,597
12401,597
23233,597
25264,597
26094,597
266,597
18366,597
25542,597
20600,597
3892,597
24124,597
12300,597
2197,597
26510,597
18776,597
24900,597
8398,597
14139,597
10878,597
18005,597
16630,597
31758,597
18183,597
13374,597
8944,597
20039,597
29005,597
1276,597
20361,597
25679,597
25924,597
26983,597
15378,597
22933,597
22933,597
5694,597
31070,597
22130,597
19552,597
4439,597
26039,597
11773,597
7733,597
22774,880
20639,880
11364,880
25437,880
23016,880
2367,880
12687,880
28029,880
26113,880
8425,880
32486,880
20621,880
26957,880
19211,880
5423,880
17323,880
29503,880
8355,880
8355,880
29503,880
23276,880
23602,880
8423,880
5520,880
2178,880
17776,880
17776,880
2685,880
13356,880
22469,880
22469,880
6748,880
12025,880
21326,880
18604,880
30130,880
13188,635
2713,635
6138,635
8216,635
4264,635
32159,635
21156,635
1698,635
6966,635
13910,635
24336,635
13447,635
3034,635
9555,635
12458,635
30111,635
26247,635
23913,635
22655,635
1698,635
4730,635
15445,635
15518,635
19433,635
16199,635
23452,635
13660,635
20240,635
19585,635
30882,635
20551,635
4277,635
25208,635
22262,635
23972,635
13692,635
10047,635
17232,635
16088,635
25419,635
9715,635
2492,635
28897,635
16713,635
30882,635
18153,635
19378,635
14390,635
14390,635
19854,635
7597,635
7821,635
7138,635
5860,635
9777,635
13948,635
31953,635
17796,635
29103,635
11681,635
22607,635
19736,635
17197,635
19650,635
12103,635
30479,635
14034,635
8190,635
13885,635
4040,635
25269,635
14263,635
14079,635
4696,635
21856,635
31544,635
20412,635
9667,635
10551,635
25046,635
23039,635
14077,635
14077,635
15300,635
4015,635
25572,635
23231,635
15106,635
22935,635
11681,635
22935,635
2050,635
10551,635
17637,635
14873,635
19325,635
23011,635
22935,635
17815,635
8782,635
10551,635
11331,635
12443,635
13664,635
28013,635
6909,635
15956,635
18213,635
15534,635
16824,635
17200,635
24532,635
20154,635
23447,635
9255,635
31297,635
12634,635
3430,635
17533,635
29711,635
32013,635
16132,635
24518,635
21290,635
15995,635
4020,635
23286,635
22652,635
19222,635
16510,635
25924,635
4787,635
24012,635
15858,635
10452,635
9104,635
9022,635
14364,635
13870,635
16104,635
9104,635
2043,635
12607,635
10454,635
13377,635
27822,635
3443,635
5175,635
15916,635
11808,635
8376,635
8611,635
17016,635
13377,635
7109,635
7532,635
11945,635
7109,635
21027,635
23097,635
5489,635
23679,635
10830,635
27371,635
4207,635
4258,635
12855,635
9593,635
6884,635
16371,635
7703,635
10513,635
11945,635
20797,635
13888,635
16334,635
10478,635
6660,635
6660,635
2050,635
14069,635
3805,635
13962,635
3641,635
11945,635
2050,635
11553,635
7717,635
24722,635
23631,635
1157,635
3641,635
21293,635
30411,635
9779,635
7650,635
11145,635
4442,635
30325,635
8292,635
12532,635
30440,635
12532,635
5730,635
30440,635
8000,635
19873,635
20450,635
19026,635
12196,635
29601,635
6030,635
6068,635
24474,635
27726,635
27726,635
31371,635
28004,635
14385,635
31361,635
22801,635
22801,635
22505,635
31803,635
12464,635
12464,635
19336,635
19336,635
16182,635
9618,635
7565,635
31302,635
15247,635
10568,149
21818,149
920,149
22725,149
28499,149
9308,149
27238,149
268,149
10688,149
28548,149
17018,149
15041,306
23559,306
7786,306
21340,306
18900,306
20802,306
27960,306
466,306
17199,306
4583,306
9702,306
5905,306
25104,306
6326,306
10896,306
14049,306
7908,306
12317,306
17230,306
25022,306
12824,306
22297,306
29943,306
4670,306
24097,306
25584,306
12256,306
27188,306
22344,306
461,306
23592,306
7268,306
5975,306
1876,306
4891,306
29048,306
20677,306
3913,306
16755,111
27756,111
20890,111
10681,719
23952,719
3186,719
7197,719
29934,719
10471,719
19390,719
30116,719
13811,719
12622,719
22606,719
31649,719
14664,719
6091,719
752,719
20163,719
26436,719
471,719
22171,719
19217,719
22258,719
9921,719
17813,719
17901,719
7472,719
29103,719
23600,719
19758,719
5183,719
6091,719
22953,719
644,719
7473,719
12899,719
23840,719
18600,719
4879,719
23496,719
4485,719
30221,719
25407,719
6909,719
6358,719
11322,719
4550,719
18260,719
32059,719
9712,719
14371,719
28050,719
8268,719
15976,719
26792,719
2334,719
25266,719
23219,719
23557,719
14305,719
32312,719
31609,719
31982,719
9085,719
25046,719
18132,719
19178,47
3456,47
8335,47
22292,47
21636,47
13832,47
9053,47
3711,47
7994,47
19168,47
15355,47
8338,47
24571,47
5297,47
6078,47
2778,47
10393,47
20123,47
14939,47
1765,47
20549,47
8881,47
17992,47
4218,47
17250,47
12438,47
2745,47
22947,47
18463,47
10966,47
23924,47
2245,47
4665,47
13695,47
14551,47
22416,47
21180,47
3010,47
1596,47
23903,47
1972,47
2036,47
22697,47
1946,47
21635,47
4989,47
8242,47
8972,47
27554,47
2911,47
5869,47
1305,47
2024,47
9162,47
26097,47
2687,47
2135,47
26097,47
8985,47
2687,47
24674,47
27007,47
6715,47
23255,47
18571,47
23255,47
9906,47
26023,47
10966,47
2061,47
1776,47
5092,47
12398,47
9642,47
12398,47
11245,47
27418,47
17611,47
24417,47
24417,47
10966,47
22993,47
20549,47
8335,47
12948,39
14859,39
2677,39
17668,39
16037,39
15278,39
14558,39
7346,39
5464,39
367,39
11072,39
10841,39
9550,39
4852,39
5628,39
12790,39
12366,39
14762,39
7346,39
12768,39
15278,39
12768,39
5174,39
21756,39
5842,39
9124,39
21756,39
12790,39
10829,39
14185,39
6783,39
3690,39
5902,39
21482,39
21541,39
8517,39
18205,39
12309,39
14958,39
18344,39
4367,39
10857,39
992,39
24581,39
10137,39
6912,39
23656,39
19399,39
3948,39
19572,39
10117,39
10717,39
7599,39
13462,39
4320,39
2349,39
4558,39
1558,39
24342,39
8613,39
18029,39
4216,39
14303,39
6251,39
7608,39
6393,39
7608,39
26602,39
21852,39
2888,39
10564,39
18804,39
3702,39
28068,39
3287,39
3287,39
17038,39
14238,39
28068,39
6624,39
20461,39
5830,39
10991,39
24465,39
505,681
528,681
88,681
19453,681
17065,681
22620,681
30355,681
12031,681
16339,681
27936,681
4887,681
16454,681
3120,681
9169,681
11299,681
6525,681
4715,681
7922,681
7206,681
5623,681
32398,681
18586,681
10821,681
17754,681
10237,681
1416,681
24656,681
30224,681
32041,681
13429,681
29123,681
2515,681
20845,681
31641,681
24675,681
25264,681
3188,681
11890,681
8524,681
28010,681
24716,681
4968,681
20395,681
6027,681
8920,681
13104,681
29132,681
3698,681
8325,681
25985,681
25985,681
6405,681
1710,681
20545,681
29699,681
7678,681
10697,681
11948,681
6104,681
3147,681
10270,681
27334,681
8827,681
11820,681
14616,681
1357,681
18535,681
8559,681
1087,681
9740,681
10977,681
29744,681
9592,681
13414,681
26015,681
26015,681
16660,681
24047,681
7778,681
26613,466
17633,466
18602,466
24891,466
27549,466
11831,466
8544,466
1844,466
8013,466
6817,466
10803,466
4147,466
8221,466
4368,466
468,466
16643,466
1860,466
1844,466
8013,466
9068,466
21801,466
30008,466
22485,466
5115,466
831,466
16690,466
18432,466
24665,466
31477,466
15302,466
5041,466
20612,466
31879,466
15221,466
10981,466
31444,466
2903,466
14993,466
32290,466
21280,466
6428,466
28477,466
24689,466
12072,466
9197,466
30358,466
31329,466
19244,466
26730,466
26698,466
3044,466
13273,466
32151,466
30798,466
21271,466
26591,466
8901,466
9431,466
7511,466
12548,466
25858,466
27629,466
23597,466
21900,466
19168,466
1789,466
19168,466
16750,466
19018,466
8249,466
32174,466
6918,466
6896,466
32293,466
16714,466
4463,466
28829,466
18792,466
19435,466
14671,466
17570,466
7652,466
24367,466
29907,466
28522,466
10482,466
7738,466
22276,466
23136,466
23136,466
28023,466
26657,466
9472,466
7732,241
19909,241
28947,241
2988,241
21357,241
17327,241
16247,241
29072,241
6031,241
15199,241
14896,241
6057,241
7732,241
7545,241
1350,241
372,241
27817,241
17285,241
9107,241
9671,241
4395,241
10775,241
18595,241
24774,241
4362,241
3661,241
20079,241
15199,241
4590,241
4732,241
18622,241
12905,241
1769,241
8314,241
4856,241
4308,241
4726,241
9315,241
29564,241
15966,241
2761,241
7545,241
15199,241
13225,241
3468,241
19162,241
6065,241
13571,241
27817,241
2967,241
16915,241
4381,241
18309,241
8708,241
10955,241
30998,241
16836,241
30871,241
7619,241
8749,241
16549,241
3068,241
2753,241
372,241
7545,241
23128,241
4760,241
3481,241
2483,241
6463,241
6055,241
31695,241
12093,241
30321,241
9423,241
2591,241
10772,241
3679,241
13967,241
6714,241
11805,241
1652,241
19649,241
15746,241
5017,241
21618,241
19714,241
15199,241
372,241
7545,241
6904,241
7545,241
3476,241
1238,241
6018,241
17954,241
14351,241
14301,241
2129,241
12862,241
14915,241
13126,241
1424,241
24527,241
28492,241
1998,241
18615,241
28643,241
4623,241
26309,241
11315,241
28885,241
1661,241
11094,241
20032,241
11702,241
20980,241
8103,776
10331,776
3992,776
19471,776
10320,776
15946,776
14157,776
5242,776
6509,776
32407,776
18789,776
2787,776
22731,776
4324,776
16120,776
16121,776
31765,776
13260,776
12145,776
21279,776
1444,776
18431,776
8876,776
9210,776
7867,776
18841,776
10409,776
21384,776
9648,776
14424,776
30331,776
17492,776
3408,776
8369,776
14427,776
32235,776
14879,776
22394,776
16447,776
25734,776
29899,776
12877,776
10200,776
20888,776
18348,776
24659,776
10699,776
4795,776
16201,776
1400,776
31958,776
14522,776
32274,776
21198,776
18905,776
16237,776
26633,776
31049,776
1086,776
5661,776
31426,776
1015,776
14442,776
1922,776
28438,776
18856,776
8098,776
20311,776
32210,776
12792,776
8617,776
23057,776
1872,776
31970,776
31465,776
31465,776
5272,776
7058,776
24801,776
20389,776
14595,776
32342,776
17325,776
14629,776
31110,776
15810,776
27394,776
2588,776
4174,776
9952,776
13797,776
8707,776
32079,776
13797,776
32565,776
1902,776
23430,776
9898,776
21881,776
12611,776
11963,776
20457,776
17153,776
5736,776
28510,776
7162,776
67,776
9282,776
18146,776
3373,776
3322,776
25613,776
75,776
3273,776
4632,776
11632,776
3642,776
21881,776
31774,776
23258,776
5592,776
11284,776
19071,776
6349,776
29899,776
29899,776
18299,776
20444,776
26167,776
30927,776
9284,776
15089,776
22859,776
7959,776
8379,776
20511,776
13406,776
3109,776
19768,776
30786,776
17707,776
25917,776
30875,776
13032,776
8342,776
12645,776
1786,776
22228,776
24449,776
24693,776
3608,776
18965,776
24202,671
28660,671
14876,671
8203,671
1043,671
10363,671
28660,671
8763,671
10531,671
2194,671
5265,671
9675,671
3445,671
789,671
30745,671
16322,671
32414,671
16620,671
32414,671
26587,671
4874,671
8203,671
16699,671
18670,671
14609,671
31051,671
3822,671
19166,671
29048,671
18049,671
17230,671
18685,671
21323,671
27643,671
927,671
27398,671
25584,671
4646,671
15144,671
31434,511
9566,511
10630,511
28834,511
4508,511
31462,511
9663,511
31636,511
22501,511
22501,511
3690,511
15573,511
13069,511
31342,511
21547,511
21547,511
29516,511
10630,511
4508,511
6303,4
18493,4
6208,4
15168,4
17700,4
23130,4
22014,4
3903,4
18383,4
1316,4
20650,4
19827,4
14140,4
10117,4
5529,4
5237,4
2451,4
1418,4
21780,4
13317,4
2533,4
1296,4
3613,4
17793,4
434,4
15786,4
4509,4
979,4
3748,4
10457,4
5334,4
10590,4
2538,4
24911,4
22349,4
10197,195
5287,195
3247,195
955,195
30481,195
9548,195
17856,195
23525,195
5493,195
11604,195
27186,195
16971,195
26826,195
4121,195
505,195
22742,195
463,195
24437,195
1656,195
25325,195
19107,195
3344,195
13027,195
24114,195
1387,195
11981,195
29718,195
29227,195
21087,195
31084,195
20780,195
5112,195
17032,195
14472,195
16211,195
18471,195
3436,195
11057,195
30506,195
2653,195
14175,195
2237,195
2306,195
18780,195
11008,195
23117,195
29622,195
15791,195
19072,195
10408,195
2871,195
571,195
12504,195
11903,195
29920,195
7187,195
2774,195
25268,195
12850,195
6829,195
30212,195
26272,195
7554,195
25402,195
4184,195
1337,195
170,918
996,918
22546,918
8922,918
18016,918
27604,918
13177,918
16908,918
3966,918
10420,918
9765,918
8378,918
212,918
15025,918
29432,918
10598,918
10598,918
18274,918
12669,918
8400,918
15108,918
8583,918
16408,918
16004,918
5400,918
1931,918
5353,918
32514,918
2628,918
11137,918
11137,918
6780,918
31628,918
29174,918
14761,918
29174,918
14761,918
13664,918
19381,918
10044,918
10044,918
9094,918
18721,918
18721,918
26496,918
10364,918
20539,918
26713,918
3205,918
4546,918
31586,918
29314,918
6347,918
13413,918
24883,918
16288,918
14796,918
30520,918
2813,918
18080,918
18080,918
9397,918
8384,918
19349,918
13776,918
10897,918
15162,918
27706,918
2438,918
3584,918
14796,918
16513,918
27757,918
27757,918
19494,918
23033,689
21118,689
32194,689
21561,689
11086,689
31608,689
29265,689
18639,689
21620,689
20347,689
13533,689
29815,689
5228,689
6413,689
17519,689
25317,689
29143,689
29876,689
8184,689
32082,689
27503,689
20927,689
27327,689
23322,689
26047,689
25063,689
16726,689
30529,689
16885,689
31236,689
32084,689
3082,689
5093,689
31235,689
3631,689
29668,689
16912,689
31718,689
14623,689
32332,689
25831,689
28691,689
27223,689
14623,689
29223,689
16845,689
14410,689
8855,689
20298,689
16659,689
25001,689
24125,689
23356,689
32059,689
15017,689
18840,689
20616,689
14410,689
31963,689
5031,689
19277,689
11451,689
3928,689
27283,689
31866,689
27283,689
24712,689
31079,689
18715,689
9157,689
15934,689
12457,689
10446,689
643,689
29604,689
28152,689
19760,689
9838,689
27920,689
28636,689
18607,689
16408,689
23522,689
27616,689
7207,689
26091,689
20572,689
32167,689
32012,689
691,689
12398,689
12214,689
19236,689
30122,689
23277,689
21648,689
8041,689
27675,689
27712,689
32222,689
25429,689
13712,689
16273,689
17576,689
13621,689
6133,689
15446,689
24997,689
6635,689
31733,689
20524,689
32263,689
14159,689
6156,689
18364,689
13268,689
18058,689
28658,689
3431,689
22854,689
23373,689
20642,689
32098,689
28368,689
29925,689
21523,689
31362,689
24336,689
11102,689
16697,689
19916,689
29941,689
17078,689
26775,689
27285,689
31632,689
27901,689
26775,689
24413,689
2765,689
18723,689
29463,689
22758,689
28354,689
26391,689
26196,689
28853,689
25054,689
31943,689
19083,689
18459,689
24175,689
12441,689
1999,689
6703,689
28710,689
6428,689
7023,689
1682,689
7849,689
30616,689
11633,689
2815,689
9691,693
7780,693
20540,693
320,693
23006,693
6804,693
22446,693
28514,693
28201,693
19475,693
29362,693
30060,693
2902,693
10035,693
27218,693
22909,693
27137,693
19925,693
1351,693
7765,693
18027,693
31060,693
7699,693
26081,693
21228,693
18742,693
8647,693
12968,693
31043,693
23778,693
28737,693
5578,693
15588,693
31351,693
28790,693
30114,693
30660,693
9301,693
7199,693
9301,693
19621,693
15967,693
18190,693
31192,693
7199,693
29727,693
2516,693
28719,693
21172,693
30114,693
31144,693
9551,693
22666,693
3258,693
22599,693
10696,693
18551,693
10696,693
8424,693
22779,693
10134,693
8424,693
3258,693
16770,693
31072,693
24161,693
13688,693
17162,693
24161,693
29766,693
23315,693
28264,693
30247,693
1351,693
7658,693
22040,693
32417,693
8608,693
29483,693
25987,693
28343,693
11791,693
31001,693
8763,693
23907,693
6125,693
29059,693
31758,693
15443,693
25987,693
11554,693
25054,693
26426,693
28264,693
31547,693
30970,693
31800,693
26912,693
25814,693
25347,693
20428,693
30860,693
23966,693
18190,693
7199,693
23966,693
11855,693
32417,693
22050,693
20146,693
27765,693
23375,693
23244,693
25026,693
9121,693
20496,693
31541,693
31228,693
31541,693
7651,693
11654,693
9491,693
20514,693
22230,693
25690,693
31550,693
30652,693
29586,693
29586,693
575,693
20428,693
29996,693
26923,693
15935,693
27131,693
26342,693
15935,693
18643,693
32034,693
17583,693
63,693
9845,693
23375,693
27199,693
63,693
29185,693
7287,693
3372,693
21561,693
28052,693
16859,693
25787,693
32099,693
29513,693
20670,693
8741,693
22376,693
25114,693
26019,693
16536,693
30586,693
17566,693
32138,693
32138,693
32138,693
29740,693
14690,693
2331,693
19693,693
9878,693
16172,693
16172,693
19567,693
26420,693
7003,693
5264,693
6085,693
11829,693
31488,693
29173,693
13351,693
12998,693
25853,693
4232,693
23317,693
23317,693
27873,693
27873,693
21876,693
23534,693
20983,693
10423,693
30652,693
28122,693
11157,693
18958,693
18913,693
18913,693
29791,693
29828,693
29764,693
4232,693
31423,693
23588,693
14823,693
20918,693
28436,693
31794,693
31076,693
8830,471
4786,471
31036,471
13109,471
7439,471
23536,471
1705,471
23791,471
6394,471
12022,471
3463,471
10273,471
31649,471
7830,471
16083,471
31877,471
58,471
18279,471
20813,471
1830,471
10622,471
9827,471
11829,471
22008,471
19170,471
30765,471
11694,471
31724,471
7477,471
9288,471
19170,471
12217,471
9288,471
6700,471
23061,471
462,471
10135,471
7226,471
25584,471
15001,471
10591,471
12497,471
12497,471
30224,784
27161,784
12892,784
8186,784
29752,784
16160,784
17163,784
27875,784
17488,784
26658,784
3832,784
19405,784
12047,784
10077,784
11440,784
8587,784
6406,784
25196,784
5137,784
11690,784
27894,784
28723,784
27894,784
6643,784
32425,784
14018,784
13880,784
12290,784
15828,784
20306,784
15931,784
22819,784
25970,784
28725,784
15281,784
13561,784
14055,784
17154,784
13322,784
29465,784
12176,784
16610,784
31896,784
15031,784
9923,784
11689,784
21740,784
9914,784
30322,784
18988,784
1856,784
17324,784
26752,784
6675,784
1085,784
19134,784
19036,784
29429,784
27103,784
4304,784
28251,784
30532,784
12116,784
7596,784
29275,784
7485,784
9522,784
23393,784
13444,784
11003,784
14320,784
19836,784
32185,784
15634,784
1097,784
19816,784
17910,784
24746,784
17392,784
11602,784
30011,784
21692,784
25258,784
12770,784
8693,784
1116,784
4304,784
15634,784
16478,784
14111,784
26231,784
17910,784
31572,784
4304,784
32185,784
25536,784
22760,784
24611,784
13841,784
26643,784
25082,784
15425,784
610,784
13860,784
8140,784
28786,784
17831,784
822,784
1396,784
32419,784
9784,784
30620,784
30815,784
9205,784
30875,784
13261,784
5773,784
29485,784
25128,784
10893,784
6129,784
27224,784
846,784
20147,784
18023,784
600,784
28785,784
8062,784
26819,784
15568,784
22852,784
16752,784
342,784
14250,784
17863,784
18033,784
27506,784
4430,784
6951,784
17312,784
20764,784
16237,784
31708,784
6040,784
13905,784
32407,784
6128,784
31603,784
23830,784
13160,784
17492,784
25292,784
6484,784
25001,784
8100,784
20788,784
6524,784
10841,784
15093,784
24043,784
9338,784
12777,784
13719,784
18270,784
18204,784
30702,784
18145,784
24415,784
15178,784
8474,784
10209,784
10200,784
5767,784
7657,784
4099,784
26130,784
3019,784
15277,784
7572,784
14367,784
5379,784
6204,784
29563,784
31206,784
9671,784
27174,784
9819,784
17163,784
18232,784
30872,784
13460,784
1468,784
8292,784
23314,784
9181,784
32464,784
29086,784
24935,784
30476,784
9618,784
30625,784
31663,784
30692,784
13041,784
29584,784
6402,784
23945,784
15519,784
14224,784
27786,784
9932,784
24846,784
11938,784
13360,784
24846,784
32342,784
23928,784
2396,784
15483,784
21171,784
9497,784
9497,784
15123,784
270,784
29735,784
29964,784
14214,784
14655,784
11542,784
16207,784
28885,784
32250,784
17305,784
17339,784
29749,784
23967,784
2043,784
16474,784
5358,784
7701,784
3416,784
27471,784
19459,784
3291,784
22223,784
6119,784
11400,784
795,784
9460,784
16273,784
17528,784
27266,784
31618,784
5488,784
10272,784
14,784
31731,784
30842,784
1882,784
14032,784
3832,784
8179,784
3606,784
3851,784
8190,784
17008,784
15309,784
8285,784
17614,784
3739,784
15892,784
29557,784
15429,784
20444,784
30908,784
544,784
14302,784
28841,784
10699,784
18424,784
23560,784
19429,784
32424,784
27715,784
32374,784
945,784
10690,784
18125,784
20117,784
31604,784
8639,784
21889,784
31933,784
31198,784
3121,784
29022,784
17451,784
22077,784
16414,784
8172,784
10334,784
12241,784
3740,784
5521,784
31121,784
29810,784
12974,784
13775,784
10255,784
16403,784
27854,784
10707,784
31850,784
18309,784
31672,784
21143,784
20515,784
14999,784
25348,784
16469,784
19889,784
12409,784
4543,784
21053,784
18695,784
24285,784
12769,784
22088,784
14264,784
32071,784
15638,784
20445,784
13498,784
6300,784
16465,784
8967,784
7376,784
11509,784
17290,784
1237,784
1760,784
22875,784
8885,784
8798,784
9974,784
23470,784
228,784
16734,784
22645,784
12386,784
31602,784
17359,784
9137,784
29713,784
28441,784
29851,784
11683,784
28984,202
30082,202
4727,202
10615,202
1655,202
27727,202
5692,202
12119,202
12435,202
15240,202
26735,202
7630,202
15900,202
8396,202
7630,202
25409,202
31099,202
3387,202
15358,202
31178,202
28418,202
9437,202
12771,202
28831,202
21463,202
19809,202
20415,202
26293,202
23406,202
17025,202
6212,202
10189,202
12014,202
20357,202
21914,202
10307,202
27238,202
5099,202
12186,202
25947,202
23371,202
12788,202
4723,202
22997,202
5949,202
5684,202
11749,202
30424,202
15913,202
27601,202
19198,202
21173,202
11142,202
15058,202
12843,202
11672,202
208,202
26886,202
31149,202
22610,202
880,202
6894,202
7668,202
190,202
7474,202
14518,202
3873,202
19086,202
7295,202
8724,202
17011,202
31166,202
26514,202
12031,202
15880,202
16247,202
1694,202
19314,202
21800,202
18198,202
5872,202
20391,202
22546,202
12035,202
15255,202
30694,202
15337,202
16734,202
27595,202
27595,202
22515,202
27595,202
22515,202
28127,202
2700,202
19580,202
9700,202
7399,202
7399,202
12771,202
15644,202
10790,202
23283,202
14901,202
3564,202
11635,71
20024,510
15534,510
16095,510
30835,510
23028,510
29373,510
9781,510
29371,510
10021,510
3266,510
27307,510
2744,510
26082,510
23349,510
28054,510
26951,510
5958,510
18763,510
29315,510
14817,510
31972,510
14991,510
29500,510
4980,510
16056,510
9082,510
1701,510
10422,510
3194,510
2573,510
6513,510
9933,510
8073,510
30702,510
23541,510
3006,510
3006,510
31512,510
9867,510
13278,510
29033,510
31284,510
25248,510
28829,510
6708,588
197,588
15513,588
28416,588
27772,588
2832,588
6189,588
23153,588
24658,588
12858,588
1355,588
30796,588
26647,588
17682,588
8169,588
30737,588
16423,588
3534,588
8744,588
126,588
20754,588
1260,588
31463,588
5766,588
26106,588
12184,588
7075,588
3566,588
6045,588
17549,588
25705,588
29342,588
30604,588
5893,588
7081,588
6607,588
13549,588
17147,588
21606,588
27178,588
931,588
5683,588
10618,588
11226,588
4506,588
22389,588
30141,588
10238,588
13793,588
9273,588
10807,588
20292,588
11042,588
3530,588
2932,588
32288,588
17575,588
8840,588
14045,588
4157,588
16661,588
25570,588
24881,588
17259,588
7137,588
8164,588
3990,588
791,588
19126,588
3268,588
21105,588
935,588
417,588
2595,588
15201,588
7957,588
6237,588
30019,588
30948,588
2369,588
29897,588
7077,588
8887,588
7600,588
8315,588
17523,588
2779,588
9695,588
25939,588
27211,588
24493,588
21469,588
24651,588
5494,588
17994,588
12156,588
32126,588
11756,588
19539,588
19023,588
3769,588
17625,588
27117,588
17625,588
21164,588
2517,588
32059,588
15284,588
20607,588
31276,588
11483,588
29626,588
29457,588
3736,588
23106,588
24856,588
4000,588
31549,588
17993,588
20075,588
310,588
32528,1014
12733,1014
29350,1014
7663,1014
17112,1014
24663,1014
17112,1014
24663,1014
10307,1014
26253,1014
22421,1014
7150,1014
6953,1014
10519,1014
10891,1014
21891,1014
19696,1014
11907,1014
24283,1014
5084,1014
494,1014
494,1014
494,1014
494,1014
31980,1014
28417,1014
28417,1014
494,1014
494,1014
16810,1014
27736,1014
30792,1014
25683,1014
25459,1014
30727,1014
8800,1014
4003,1014
9507,1014
494,1014
494,1014
494,1014
494,1014
6283,1014
25120,1014
6287,1014
29007,1014
11977,1014
23328,1014
18037,1014
494,1014
8046,1014
8046,1014
31960,1014
21377,1014
17904,1014
16346,1014
494,1014
21429,1014
667,1014
2815,1014
21683,1014
5633,1014
32506,1014
20762,1014
32376,1014
22005,1014
11066,777
12678,777
17018,777
11066,777
17496,777
7716,777
4475,777
30800,777
18441,777
30831,777
8225,777
32396,777
22122,777
10865,777
19689,777
32285,777
3689,777
31569,777
27629,777
16181,777
18318,777
16963,777
28477,777
29569,777
31632,417
19571,417
19146,417
20155,417
6761,417
32122,417
9646,417
5603,417
18609,417
5670,417
26858,417
9922,417
11035,417
24384,417
19487,417
84,417
2966,417
30288,417
9012,417
19441,417
31202,417
25706,417
692,417
29396,417
25417,417
20358,417
24145,417
18607,417
17040,417
8669,417
3307,417
12240,417
21848,417
28755,417
18548,417
31910,417
19587,417
20418,417
18101,417
17868,417
17877,417
29891,417
29891,417
23298,417
14559,417
9838,417
21391,417
5670,417
29091,417
8058,417
3878,417
23277,417
21391,417
15203,417
30783,417
4074,417
31910,417
31098,417
28661,417
20385,417
10162,417
26709,417
26238,417
7392,417
6619,417
28631,417
25320,417
25320,417
17286,417
24423,417
11525,417
10322,417
19760,417
23846,417
854,417
10078,417
32001,417
12732,417
18802,417
30124,417
31651,417
4652,417
13990,417
31611,417
10357,417
8007,417
27858,417
30230,417
5244,417
23922,417
17045,417
15339,417
27832,417
6703,417
31806,417
22129,417
19869,417
19869,417
17171,417
6202,417
19620,264
24843,264
5965,264
340,264
790,264
12757,264
30646,264
9055,264
30036,264
16969,264
22396,264
7633,264
20847,264
14054,264
18941,264
13164,264
17726,264
6152,264
11618,264
13780,264
13780,264
9528,264
27583,264
31458,264
17707,264
16278,264
13309,264
31764,264
710,264
12702,264
1353,264
15521,264
31757,264
13780,264
30766,264
11743,264
25488,264
10418,264
6393,264
11743,264
17219,264
8031,264
3062,264
19452,264
8551,264
5308,264
5023,264
4065,264
1808,264
18178,264
1588,264
18004,264
18652,264
14649,264
24522,264
9005,264
31256,264
22517,264
29799,264
22264,264
2187,264
2075,264
19075,264
4607,264
19649,264
2145,264
232,264
17757,264
31090,264
12450,264
596,264
4495,264
30646,264
19403,264
23022,264
18103,264
9120,264
19591,264
29328,264
17002,264
4046,264
27619,264
8650,264
4554,264
10167,264
29871,264
30365,264
19054,264
5555,264
8359,264
12899,264
30365,264
31230,264
25715,264
6617,264
12159,264
10001,264
31680,264
10037,264
14021,264
16847,264
20871,264
12436,264
15871,264
26509,264
1827,264
9302,264
12672,264
12132,264
18347,264
24849,264
23722,264
13611,264
17834,264
10818,264
864,264
18210,264
15283,264
27771,264
7213,264
31088,264
9553,264
24849,264
9840,264
26257,264
10500,264
27680,264
9006,264
13566,264
22969,264
25113,264
11416,264
13529,264
2968,264
13260,264
14983,264
27233,264
16811,264
12870,264
3739,264
3337,264
12291,264
10058,264
9319,264
2850,264
15094,264
3599,264
6304,264
16605,264
6537,264
13830,264
5130,264
22810,264
30936,264
2505,264
7930,264
20804,264
5394,264
11655,264
8295,264
5246,264
6975,264
22267,264
16564,264
7209,264
26684,264
22668,264
18283,264
9638,264
97,264
8077,264
25924,264
13618,264
24693,264
29056,264
6065,264
11443,264
20003,264
12043,264
4693,264
4856,264
1145,264
2414,264
22023,264
7274,264
9069,264
19093,264
3718,264
15267,264
31678,264
21276,264
7328,264
11003,264
11346,264
8377,264
19089,264
23848,264
9884,264
1499,264
31570,264
14653,264
5205,264
25872,264
23137,264
3710,264
15323,264
13077,264
20480,264
6443,264
2244,264
28491,264
30453,264
2635,264
25036,264
1375,264
15712,264
18638,264
13385,264
13605,264
11311,264
2512,264
29467,264
7834,264
8729,264
4043,264
31372,264
20323,264
3679,264
7095,264
2606,264
5721,264
2832,264
5503,264
8212,264
72,264
6839,264
3597,264
23911,264
28837,264
49,264
6432,264
18,264
7370,264
25925,264
22662,264
27686,264
12218,264
9133,264
22195,264
407,264
16703,264
7801,264
17228,264
5379,264
13955,264
7515,264
28349,264
3308,264
17088,264
21760,264
12149,264
15505,264
1359,264
18634,264
2635,264
5699,264
21734,264
3985,264
22552,264
24791,264
5548,264
3207,264
12765,264
2172,264
19806,264
11087,264
22430,264
13038,264
9131,264
10645,264
22072,264
14913,264
6177,264
24752,264
10178,264
4362,264
6988,264
7106,264
22072,264
24970,264
8148,264
744,264
2035,264
4,264
30482,264
6988,264
19079,264
8328,264
16747,264
7679,264
5426,264
21438,264
15543,264
20114,264
1117,264
8370,264
6416,264
1902,264
5649,264
17071,264
16941,264
29612,264
14085,264
13762,264
8748,264
1350,264
11242,264
13837,264
843,264
9833,264
8801,264
4201,264
5153,264
4425,264
2925,264
13207,264
5687,264
24101,264
25044,264
30244,264
29460,264
27742,264
2591,264
4738,264
19027,264
23808,264
20919,264
15283,264
25462,264
8778,264
2085,264
13628,264
4880,264
24842,264
1071,264
12,264
19366,264
31786,264
30746,264
15044,264
31504,264
26313,264
12380,264
1818,264
12048,264
1226,264
6420,264
24209,264
13421,264
14379,264
1053,264
18202,264
6972,264
8931,264
16025,264
10062,264
12727,264
1125,264
17195,264
11546,264
7919,264
14874,264
19290,264
30708,264
18276,264
16153,264
16338,264
15381,264
3723,264
6433,264
24723,264
29577,264
7752,264
31691,264
29536,264
746,264
6038,264
13389,264
29607,264
8223,264
30109,264
20919,264
8114,264
12430,264
13545,264
24154,264
5026,264
8579,264
17252,264
1400,264
987,264
26835,264
5260,264
20999,264
7112,264
4934,264
31127,264
9634,264
567,264
22188,264
10695,264
29129,264
9215,264
20752,264
22508,264
17545,264
9189,264
23204,264
1977,264
9398,264
1337,264
11985,264
579,264
17879,264
18299,264
2008,264
8817,264
21062,264
4960,264
15374,264
17232,264
14537,264
12804,264
25360,264
19309,264
14438,264
15058,264
30815,264
17122,264
27955,264
980,264
17653,264
4622,264
6187,264
117,264
1898,264
4230,264
31110,264
20389,264
8749,264
6845,264
7570,264
29537,264
12362,264
5697,264
19512,264
6714,264
31184,264
30017,264
4262,264
11692,264
17786,264
3216,264
21198,264
2957,264
15430,264
11753,264
25461,264
28760,264
22565,264
18641,264
9872,264
31289,264
20956,264
401,264
2043,264
10826,264
5576,264
27902,264
2660,264
7202,264
24317,264
17333,264
21374,264
8474,264
30644,264
14938,264
19959,264
24975,264
29188,264
14215,264
4406,264
25476,264
13997,264
31289,264
28531,264
31013,264
23637,264
15959,264
15959,264
4141,264
24092,264
27737,264
14445,264
24317,264
14445,264
18361,264
24935,264
26740,264
12955,264
21431,264
4661,264
5051,264
7010,264
11327,264
1785,264
23154,264
24317,264
16841,264
10638,264
17379,264
17392,264
19870,264
5906,264
246,264
12924,264
25364,264
20814,264
12488,264
28242,264
1227,264
24355,264
24863,264
16466,264
12280,264
19247,264
15372,264
17446,264
1974,264
12063,264
18839,264
3591,264
12599,264
6344,264
20552,264
24134,264
22071,293
28267,293
14520,293
15159,293
27130,293
29392,293
23761,293
24937,293
25107,293
22035,293
22698,293
22071,293
19312,293
20557,124
24245,124
19684,124
22232,124
22730,124
23773,124
19161,124
21101,124
25449,124
22486,124
21433,124
27096,124
25203,124
11659,124
13610,124
3030,124
16082,124
14464,124
16229,124
29305,124
29305,124
27244,124
26853,124
826,647
1963,647
21950,647
6534,647
26815,647
13523,647
20186,647
18404,647
21493,647
15225,647
30071,647
22893,647
25079,647
2324,647
27134,647
439,647
10995,647
31730,647
3447,647
25116,647
28716,647
7328,647
8163,647
27129,647
27129,647
6048,647
14776,647
25661,647
28716,647
12382,647
8652,496
2129,496
1676,496
2927,496
10523,496
11475,496
16766,496
30158,496
9818,496
7493,496
14573,496
12565,496
14170,496
14737,496
1455,496
6269,496
17090,496
1455,496
10229,496
568,496
30135,496
15457,496
10323,496
10901,496
15821,496
288,496
9687,496
9768,496
21267,496
17822,496
25400,496
15667,496
18100,496
12897,496
16660,496
20936,496
14778,496
27104,496
30848,496
22714,418
9988,418
27199,418
22714,418
31792,418
20270,414
13205,414
24997,414
17713,414
15466,414
1784,414
30637,414
27665,414
907,414
8998,414
23853,414
24839,414
25800,414
23934,414
23125,414
22445,414
19075,414
28103,414
29517,414
12614,414
1420,414
6674,414
30198,414
28085,414
14989,414
11458,414
23379,414
19719,414
1215,414
18254,414
14237,414
4368,414
1215,414
21397,414
27027,414
29834,414
22209,414
27037,414
22726,414
19719,414
8868,414
23644,414
610,414
12722,414
24117,414
30769,414
11016,414
6335,414
29237,414
19317,414
6016,414
19502,414
9187,414
1352,414
31108,414
2008,414
2385,414
22433,414
16192,414
28680,414
18198,414
22288,414
30230,414
19118,414
23668,414
4620,414
4955,414
19118,414
6462,414
29881,414
30740,414
6315,414
18582,414
24654,414
25676,414
8819,414
29606,414
3202,414
21579,414
23866,414
19239,414
29625,414
11044,414
6168,414
11044,414
11083,414
23353,414
11083,414
2953,414
30451,414
26447,414
16825,414
5243,414
23353,414
19076,414
31223,414
31315,414
29393,414
31303,414
30451,414
23391,414
13964,414
12378,414
6490,414
6227,414
28178,414
2230,414
9829,414
17678,414
3243,414
22722,414
1060,414
26207,414
16884,414
23269,414
3511,414
5463,414
3916,414
28884,414
18609,414
30197,414
5847,414
20611,414
2046,414
3916,414
4930,414
24126,414
29906,414
28884,414
23360,414
293,414
9100,414
24429,414
5847,414
6826,414
8799,414
26536,414
9108,414
9138,414
24765,414
8336,414
888,414
20861,414
7265,414
8242,414
8257,414
23753,414
31905,414
18640,414
31247,414
24721,414
14976,414
5437,414
20861,414
21271,414
28985,414
8669,414
14697,414
6749,414
7221,414
30861,414
24878,414
20529,414
13051,414
26131,414
26695,414
17825,414
6646,414
19587,414
5420,414
19110,414
3638,414
15129,414
27882,414
21967,414
7320,414
16932,414
6356,414
18435,414
28700,414
30850,414
22467,414
31853,414
28700,414
3975,414
16920,414
23182,414
10919,414
30627,414
17747,414
3938,414
16958,414
27032,414
22495,414
16920,414
25854,414
11558,414
29118,414
9513,414
21839,414
21080,414
21658,414
31445,414
21658,414
31445,414
5207,414
31596,414
1755,414
25245,414
14995,414
27040,414
8899,414
6210,414
18242,414
26651,414
3293,414
27679,414
14449,414
17885,414
4147,414
28358,414
26248,414
29807,414
17568,414
5069,414
31725,414
21509,414
27364,414
27306,414
27306,414
4652,414
20809,414
27665,414
9797,414
25280,414
27590,414
18359,414
21645,414
3827,414
28106,414
16802,414
27779,414
30230,414
9755,414
21595,414
19695,414
26241,414
19313,414
3778,414
27454,414
26657,414
10502,414
2856,414
13765,414
688,414
18273,414
29831,414
26329,414
20801,414
28568,414
28568,414
26944,414
7734,414
20258,414
15811,414
5852,414
18906,414
17749,414
24751,414
28435,414
13832,414
24686,414
15543,414
4371,414
10310,414
17885,414
31102,414
3050,414
16864,414
5982,414
25729,414
1801,414
24763,414
25708,414
18896,414
24949,414
3648,414
12889,414
11975,414
21702,414
4145,414
7285,414
9472,414
10119,414
27225,414
18516,414
12885,414
11850,414
18516,414
19091,414
26542,414
5984,414
15690,414
6168,414
16571,414
12638,414
5732,414
3283,414
30240,414
21994,414
28269,414
14694,414
3064,414
31622,414
15943,414
27225,414
22427,414
12398,414
12549,414
10960,414
24645,414
5977,414
4516,414
20818,414
15649,414
28645,414
28863,414
20238,414
23530,414
23464,414
27932,414
16259,414
21657,414
15035,414
24205,414
31005,414
21954,414
28389,414
28389,414
4453,414
30335,414
20823,414
21529,414
21230,414
21039,414
20512,414
30553,414
25745,414
22500,414
21806,414
21798,414
19095,414
21349,414
18512,414
4370,414
2073,414
4916,414
29226,414
27999,414
24001,414
14673,414
16602,414
20384,414
20384,414
31548,414
3220,414
9809,414
3862,414
4084,414
1600,414
1965,414
166,414
1600,414
15302,414
973,414
23522,414
2026,414
3979,414
18172,414
4985,414
847,414
15389,414
32307,414
5482,414
21334,414
11175,414
27329,414
18277,414
7176,414
20120,414
6168,414
9431,414
28879,414
28879,414
8338,414
10814,414
32062,414
9349,414
6772,414
29720,414
6168,414
16904,414
5828,41
28325,41
17781,41
25253,41
7607,41
23837,41
9220,41
16812,41
13627,41
25390,41
7068,41
23527,41
10654,41
7247,41
7068,41
5830,41
17876,41
25390,41
9392,41
21237,41
19509,41
27336,41
20243,41
19509,41
21237,41
9392,41
25519,41
10584,41
25519,41
17876,41
10584,41
11600,41
11600,41
13627,41
26212,41
11981,330
18377,330
2476,330
2798,330
25796,330
28501,330
27445,330
9180,330
2733,330
31611,330
27362,330
8679,330
25403,330
11404,330
2627,330
18419,330
21792,330
22585,330
14535,330
1399,330
607,330
10170,330
27314,330
1984,330
16636,330
7564,330
29405,330
32049,330
27409,330
27644,330
19241,330
26871,330
12070,330
855,330
9769,330
21428,330
28479,330
27272,330
32004,330
31714,330
24088,330
30101,330
30628,330
31154,330
29855,330
6504,330
16012,330
16493,330
31328,330
28054,330
12552,330
25057,330
12223,330
29087,330
6457,476
11225,476
10108,476
877,476
28494,476
9165,476
966,476
13394,476
11537,476
27753,476
6805,476
23500,476
28050,476
13286,476
5462,476
27453,476
7240,476
10944,476
25803,476
966,476
24474,476
270,476
29841,476
22141,476
16141,476
8268,476
8150,476
14050,476
5197,476
25949,476
6990,476
25754,476
20548,476
10667,476
20789,476
20789,476
23868,476
29110,476
12673,476
30383,476
4828,476
29469,476
20671,476
16313,476
14087,476
7520,476
1190,476
27718,476
14869,476
9326,476
23294,476
18097,476
17413,476
9515,476
1894,476
8013,476
4067,476
2861,476
22240,476
5070,476
26547,476
15594,476
15594,476
9865,476
14873,476
4639,476
1912,476
28437,476
11771,476
7943,476
348,476
24373,476
11440,476
20341,476
11027,476
11343,476
22479,476
19081,476
15497,476
21224,476
21939,476
8586,476
11006,476
17196,476
4662,476
13739,476
8776,476
17460,476
22702,476
2704,476
17072,476
14468,476
23097,476
9766,476
31361,476
3034,476
12364,476
26611,476
16103,476
711,476
24903,476
20161,476
17622,476
23452,476
15995,476
13669,476
28252,476
16150,476
6863,476
16218,476
11553,476
30808,476
2661,476
26802,476
18482,476
2054,476
19158,476
5127,476
11303,476
24268,476
7672,476
19332,476
7395,476
12286,476
5078,476
12932,476
4245,476
13446,476
15407,476
17750,476
21519,476
24758,476
9468,476
19388,476
11715,476
11767,476
14967,476
23227,476
30165,476
21421,476
10054,476
20177,476
12303,476
17579,476
28013,476
11541,476
14391,476
11121,476
13752,476
5081,476
23820,476
14829,476
23675,476
11067,476
4778,476
27535,476
5206,476
8340,476
6741,476
16311,476
7544,476
25303,476
13313,476
21607,476
14525,476
12691,476
7181,476
23253,476
23445,476
16843,476
13739,476
6408,476
23344,476
25425,476
22987,476
22441,476
21479,476
19779,476
7870,476
10616,476
16293,476
30598,476
21479,476
2708,476
16674,476
8155,476
21814,476
6727,476
16097,476
17013,476
25110,476
10544,476
2076,476
18885,476
19517,476
19517,476
28540,476
29355,476
29355,476
17027,476
20192,476
26679,65
14979,65
25896,65
23071,65
13724,65
6137,65
11585,65
1787,65
8841,65
28617,65
20866,65
2212,65
26083,65
28413,65
10569,65
25920,65
11291,65
23021,65
18237,65
12710,65
21592,65
6967,65
8882,65
24003,65
22170,65
23063,65
18124,65
8003,65
13171,65
9148,65
115,65
25231,65
28372,65
6151,65
24821,65
26528,65
22559,65
14402,65
23505,65
8132,65
3802,65
4645,65
26671,65
18436,65
14463,65
12829,65
27247,65
3563,65
12829,65
27697,65
7039,65
27815,65
14749,65
18234,65
4499,65
15784,65
12553,65
17734,65
11438,65
24195,65
26724,65
10246,65
20243,65
25426,65
5072,65
26165,65
11354,65
22617,65
28488,65
25416,65
24218,65
27095,65
28226,65
28405,65
11368,65
28206,65
27184,65
24873,65
13941,65
5257,65
19924,65
28167,65
23919,65
19321,65
24529,65
199,65
25889,65
22818,65
21192,65
23488,65
14549,65
25862,65
4573,65
27242,65
16500,65
8261,65
16158,65
27598,65
28979,65
25146,65
20022,65
19124,65
25071,65
10693,65
26929,65
17853,65
11403,65
24267,65
18054,65
23787,65
26193,65
22010,65
27558,65
25875,65
25709,65
25482,65
15891,65
15622,65
25584,65
20770,65
1592,623
14535,623
11385,623
22044,623
4399,623
14203,623
5250,623
7638,623
12127,623
13117,623
14071,623
345,623
457,623
7933,623
14504,623
12031,623
12756,623
12345,623
31075,623
28142,623
4678,623
22252,623
17368,623
27867,623
24723,623
8106,623
32174,623
20153,623
5991,623
30357,623
26235,623
26991,623
28220,623
7885,623
30456,623
10523,623
11377,623
2184,623
30058,623
912,623
31495,623
6584,623
11082,623
5985,623
31123,623
12727,623
25380,623
23835,623
30752,623
1005,623
31837,623
21644,623
18275,623
15773,623
15710,623
28184,623
21651,623
13637,623
13393,623
30318,623
10800,623
5955,623
28829,623
8552,623
11644,623
18395,623
3185,623
23795,623
32039,623
6703,623
442,322
10571,322
9548,322
6775,322
15116,322
1806,322
8925,322
4764,322
1310,322
18823,322
14350,322
25538,322
25724,322
14705,322
5841,322
5557,322
5557,322
1373,322
24062,322
8055,322
22190,322
2007,322
29023,322
10571,322
19024,354
30039,354
6653,354
23398,354
28646,354
19329,354
21468,354
22647,354
12168,354
19875,354
28518,354
17380,354
28284,354
22472,354
6940,1016
6940,1016
20621,1016
24980,1016
32486,1016
30130,1016
23016,1016
2178,1016
8530,1016
29708,1016
31409,1016
13333,1016
20515,1016
26957,1016
13356,1016
22210,1016
21326,1016
32045,1016
18604,1016
5520,1016
14859,1016
13628,281
2931,281
481,281
14430,281
6187,281
9267,281
27611,281
12731,281
9562,281
4191,281
11560,281
7948,281
23018,281
3676,281
15857,281
24977,281
14400,281
12663,281
6157,281
5247,281
21629,281
2358,281
22586,281
6790,281
13661,281
4253,281
29086,281
8446,281
9591,281
20638,281
30144,281
12281,281
6108,281
20638,281
15202,281
7694,281
29029,281
14563,281
10563,281
8207,281
29571,281
27278,281
12164,281
581,281
21374,281
17394,281
24975,281
22830,281
1952,281
27760,281
8136,281
18047,281
837,281
8349,281
11594,281
3664,281
8883,281
31426,281
4440,281
31088,281
2819,281
16557,281
15163,281
24101,281
15580,281
5698,281
11860,281
1461,281
10200,281
30846,281
1990,281
14654,281
12274,281
21537,281
1278,281
1890,281
6368,281
2741,281
7262,281
17675,281
26277,281
12315,281
7292,281
12687,281
9714,281
383,833
5671,833
2277,833
6753,833
23661,833
19599,833
14552,833
8679,833
10449,833
31409,833
27212,833
7217,833
24475,833
11771,833
12775,833
23028,833
2655,833
23246,833
14589,833
23847,833
15820,833
13331,833
15600,833
16180,833
54,833
162,833
16487,833
22750,833
5231,833
32255,833
5717,833
18873,833
30178,833
5006,833
13269,833
31184,833
20425,833
17455,833
24944,833
9356,833
23836,833
1853,833
16440,833
27159,833
16592,833
5091,833
16986,833
26992,833
1021,833
6183,833
14284,833
11015,833
16986,833
11714,833
10750,833
29534,833
14966,833
16565,833
2815,833
7869,833
32041,833
14059,833
8656,833
350,833
27159,833
18858,833
9891,833
241,833
5854,833
17539,833
11714,833
14441,833
17539,833
8808,833
26540,833
6933,833
32396,833
2940,833
10072,833
16444,833
9630,833
1141,833
2956,833
30940,833
1576,833
10959,610
27951,610
3314,610
1021,610
25623,610
10618,610
24297,610
13549,610
10609,610
1376,610
14552,610
30075,610
19331,610
17161,610
25667,610
28733,610
28131,610
6980,610
28366,610
28612,610
28265,610
10740,610
30070,610
13106,610
11336,610
11841,610
9038,610
23233,610
5004,610
4686,610
3596,610
3907,610
3013,610
27886,610
9822,610
13657,610
10508,610
10173,610
32276,610
8452,610
30808,610
14936,610
21140,610
574,610
7909,610
10156,610
27300,610
25235,610
27344,610
5732,610
2861,610
17739,610
18807,610
19881,610
8554,610
31316,610
1551,610
26600,610
4329,610
2385,610
9057,610
3813,610
24900,610
6147,610
10705,610
6162,610
19354,610
20312,610
25992,610
4506,610
404,610
31370,610
25139,610
2037,610
12647,610
21585,610
25679,610
31644,610
15942,610
3546,610
29422,610
11508,610
3115,610
9138,610
22470,610
30035,610
9744,610
11842,610
14485,610
28914,610
11719,610
82,610
7425,610
22440,37
19453,37
16538,37
14133,37
24621,37
14612,37
14443,37
23088,37
4667,37
880,37
24315,37
7164,37
23480,37
1983,37
373,37
13264,37
20382,37
10968,37
9544,37
20180,37
18240,37
7631,37
27115,37
15708,37
15910,37
16478,37
13761,37
14627,37
19969,37
25123,37
8297,37
1983,37
15167,37
18066,37
4509,37
4235,37
3792,37
9595,37
24010,37
22729,37
10799,37
22346,37
24822,37
12995,37
14223,37
23312,37
23641,37
6496,37
1416,37
16020,37
3825,37
23528,37
4004,37
26067,37
20062,37
15074,37
18332,37
6890,37
418,37
25364,37
6185,37
14070,37
23114,37
14980,37
17550,37
6552,37
8986,37
9536,37
22587,37
28255,37
5505,37
21715,37
8072,80
4231,80
3238,80
26308,80
11591,80
1574,80
1492,80
3579,80
19255,80
13818,80
5879,80
3251,80
2224,80
5373,80
11575,80
796,80
11074,80
5914,80
18472,80
26684,80
16041,80
6269,80
265,80
1455,80
3273,80
20271,80
1445,80
9886,80
25952,199
20736,199
30490,199
28593,199
19672,199
27125,199
19449,199
23977,199
10832,199
20038,199
18271,199
30981,199
8590,199
26889,199
19899,199
17457,199
19310,199
29647,199
23205,199
8591,199
27748,199
20671,199
28788,199
30210,199
26445,199
18595,227
20546,227
3183,227
3136,227
1912,227
1912,227
13371,227
4851,227
5624,227
1331,227
20802,227
18219,227
5793,227
3520,227
29500,227
11423,227
19326,227
31564,227
6141,227
8689,227
6825,227
5311,227
10881,227
31211,227
5132,227
14101,227
11487,227
26742,227
2838,227
22167,227
6921,227
16549,227
31700,227
8379,227
14719,227
6770,227
10616,227
11788,227
4713,227
18982,227
9871,227
24649,227
21758,227
2074,227
11658,227
10716,227
5573,227
17215,227
8314,227
19218,227
8693,227
4430,227
22654,227
2965,227
1035,227
2965,227
7871,227
1035,227
11208,227
17340,227
28635,227
20471,227
6572,227
6572,227
27583,227
13093,227
10854,227
7813,227
29971,227
7493,227
680,227
8379,227
13619,227
30482,227
28688,227
15578,227
7813,227
5564,227
28885,227
21376,227
20674,227
3772,227
3772,227
12599,227
20471,227
2814,227
7813,227
11214,227
3880,227
4861,227
12045,227
11490,227
9004,227
3880,227
14971,227
7813,227
30750,227
4861,227
30930,227
21847,227
24491,227
3880,227
1878,227
18634,227
23938,227
3953,227
8810,227
7813,227
7904,227
27326,227
4250,227
6833,227
25053,227
14030,227
21919,227
20599,227
30353,227
15952,227
21582,227
19476,227
25012,227
2824,227
20576,227
1191,227
1212,227
1212,227
12774,227
23745,227
15171,227
7813,227
15952,227
8777,227
15171,227
15952,227
19319,227
7813,227
7813,227
28067,227
13909,227
23745,227
15545,227
27338,227
15333,227
18839,227
25523,227
1350,227
7813,227
8777,227
13998,227
1615,227
7595,227
23027,227
23407,227
5759,227
939,227
4489,227
18393,227
8379,227
25638,227
30319,227
20674,227
8379,227
20674,227
8379,227
14666,227
2759,227
9484,227
30139,227
13337,227
24219,227
14866,227
21175,227
5068,227
25304,227
198,227
29261,227
4861,227
4861,227
6117,227
6117,227
1878,227
21847,227
21464,227
8806,226
15879,226
28729,226
30852,226
1076,226
8138,226
20073,226
15485,226
19848,226
16948,226
15723,226
9072,226
7619,226
9769,226
3590,226
507,226
8146,226
17459,226
26525,226
27294,226
23168,226
7437,226
18365,226
21691,226
9398,226
3590,226
13084,226
24720,226
7502,226
3855,226
30460,226
5344,226
21820,226
14220,226
20109,226
20099,1045
18936,1045
19953,1045
9256,1045
8019,1045
22711,1045
18860,1045
6197,1045
2233,1045
6998,1045
3696,1045
20838,1045
20915,1045
9694,1045
23190,1045
563,1045
17669,1045
4340,1045
16443,1045
8535,1045
29352,1045
11990,1045
13459,1045
15071,1045
9567,1045
30709,1045
13059,1045
17548,1045
30668,1045
24325,1045
11896,1045
15970,1045
19254,1045
591,1045
24208,1045
74,1045
16519,1045
28186,1045
34,1045
7279,1045
16866,1045
22085,1045
29066,1045
12475,1045
22824,1045
27172,1045
17529,1045
30313,1045
19249,1045
29725,1045
19992,1045
18199,1045
3767,1045
12412,1045
20796,1045
19967,1045
11152,1045
22442,1045
28150,1045
25464,1045
21245,1045
28835,1045
32540,1045
28767,1045
21375,1045
15336,1045
20984,1045
4138,1045
19290,1045
27392,1045
19659,1045
25958,1045
20667,1045
22905,1045
10258,1045
24416,1045
1997,1045
30681,1045
28932,1045
312,1045
2782,53
8103,53
18217,53
1221,53
10512,53
8198,53
2313,53
17391,53
629,53
25502,53
24368,53
21895,53
18498,53
3804,53
24368,53
3393,53
5691,53
7671,53
24964,53
8303,53
21968,53
2961,53
5990,53
13114,53
24813,53
1910,53
10318,53
20769,53
6762,53
5506,53
1634,53
23563,53
21183,53
8192,53
12150,53
6228,53
6228,53
27522,53
9745,53
23901,53
24790,53
19464,53
1634,53
27522,53
9391,53
802,53
10546,53
707,53
2236,53
2472,53
3645,53
19371,53
21663,53
20260,53
11017,53
7309,53
10983,239
5669,239
9787,239
31045,239
30482,239
13909,239
29972,239
9231,239
24230,239
5064,239
17263,239
21913,239
19028,239
30477,239
24083,239
23713,239
30515,239
19504,239
939,239
21499,239
11711,239
1092,239
23962,239
19373,239
29790,239
11711,239
23492,239
7258,239
14971,239
14351,239
11650,239
20822,239
20151,239
31458,239
16959,239
2739,239
4563,239
2647,239
24803,239
19777,239
12578,239
23912,239
20609,239
9314,239
14243,239
4762,239
1750,239
9790,239
12045,239
19131,239
19131,239
17186,239
14507,239
20348,239
17216,239
849,239
18246,239
9775,239
31575,239
16948,239
24774,239
29642,239
17805,239
6832,239
340,239
16992,239
953,239
633,239
8733,239
5454,239
69,239
25694,239
28075,239
3905,239
15250,239
21199,239
9423,239
26676,239
375,239
3424,239
18778,239
7940,239
10773,239
14375,239
10728,239
19545,239
27485,239
26109,239
18638,239
18720,239
22359,239
2991,239
20467,239
10592,239
15635,239
15147,239
26409,239
23393,239
31771,239
29971,239
1131,239
1383,239
995,239
18634,239
31759,239
18032,239
16704,239
28271,239
25234,239
28885,239
3038,239
31691,239
31656,239
1623,239
1546,239
16306,239
23938,239
3245,239
30005,239
2726,239
13194,239
16001,239
24820,239
809,239
3704,239
20576,239
1550,239
25384,239
21100,239
9824,239
30078,239
4190,239
11586,239
11743,239
3436,239
5946,239
2159,239
26125,239
11038,239
10578,239
2711,239
2884,239
17215,239
11718,239
9532,239
17772,239
2327,239
6019,239
31270,239
6758,239
12180,239
30245,239
30245,239
3843,239
19408,239
8540,239
31327,239
12477,239
30188,239
11655,239
14094,239
19218,239
18753,239
9671,239
307,239
4625,239
15012,239
12554,239
7667,239
16696,239
150,239
14524,239
28821,239
1291,239
20534,239
11432,239
5119,239
17811,239
9804,239
19159,239
31695,239
8024,239
25833,239
22764,239
2761,239
14658,239
812,239
3451,239
22787,239
13661,239
1201,239
12000,239
2159,239
17399,239
10731,239
30245,239
4787,239
29291,239
6573,239
11877,239
27156,239
31064,239
30319,239
13452,239
10911,239
14096,239
8845,239
22555,239
15025,239
4314,239
28236,239
11737,239
8580,239
3127,239
25817,239
14745,239
7774,239
4748,239
7995,239
1731,239
6419,239
1461,239
17690,239
26740,239
2216,239
2814,239
2593,239
14067,239
15567,239
17808,239
10205,239
29698,239
6605,239
20294,239
26971,239
22424,239
22067,239
22167,239
6396,239
26218,239
5286,239
26059,239
29590,239
18654,239
19028,239
26742,239
3404,239
21464,239
15528,239
1108,239
25945,239
15595,239
25142,239
5017,239
5406,239
30245,239
30033,239
1695,239
29261,239
28288,239
5488,239
13474,239
21618,239
22515,239
26075,239
24587,239
9800,239
28163,239
24233,633
32133,633
24379,633
18814,633
14926,633
29638,633
11954,633
8939,633
5235,633
7204,633
7029,633
27524,633
15793,633
26991,633
4630,633
31235,633
1492,633
16757,633
1800,633
21195,633
32249,633
26079,633
9206,633
32055,633
11396,633
5654,633
2744,633
20199,633
2328,633
9032,633
20513,633
10940,633
20358,633
5024,633
32059,633
26806,633
26266,633
5327,633
14735,633
10079,633
13172,633
19961,633
26235,633
20617,633
26075,633
12594,633
5597,633
17565,633
25980,633
32250,633
31741,633
19710,633
16565,633
3655,633
25871,633
29600,633
11644,633
22183,633
21061,633
4670,633
31356,633
5724,633
31579,633
32165,633
395,633
4840,633
814,633
14901,633
2767,633
6932,633
30188,633
30075,633
16357,633
28673,633
22630,633
11941,633
10456,633
9500,633
5732,633
2309,439
11956,439
17537,439
3335,439
9889,439
30390,439
17590,439
18034,439
1213,439
4266,439
509,439
9994,439
22907,439
10983,439
21340,439
1714,439
7770,439
25735,439
6550,439
25503,439
7140,439
5905,439
31776,439
20851,439
20093,439
187,439
757,439
16699,439
13303,439
174,439
13776,439
2406,439
12543,439
8402,439
7217,439
1104,439
16806,439
580,439
9518,439
6142,439
30724,439
10794,439
4547,439
4731,439
4829,439
3898,439
11796,439
30702,439
15852,439
5451,439
19700,439
5523,439
20545,439
10920,439
3690,439
17951,439
8447,439
184,439
9420,439
2951,439
14379,439
28787,439
4300,439
18256,439
7936,439
4243,439
21337,439
21731,439
7936,439
6530,439
22169,439
19875,439
18297,439
1849,439
12568,439
20764,439
4243,439
8447,439
28107,439
22250,439
20420,439
24754,439
12866,439
2972,439
26626,439
16880,439
3531,439
5641,439
4123,439
825,439
4073,439
30640,439
13835,439
16164,439
7159,439
17773,439
9994,439
12211,439
1407,439
3923,439
1907,439
6506,439
2009,439
24433,439
8447,439
8202,439
12396,439
31814,439
12369,439
27124,439
10921,439
2139,439
4123,439
4153,439
9490,439
16481,439
26609,439
8170,439
4492,439
4022,439
23836,439
4836,439
9844,439
19907,439
19059,439
3900,439
4073,439
16698,439
5800,439
4330,439
22816,76
3882,76
13376,76
14281,76
25928,76
11438,76
4064,76
25259,76
17384,76
5597,76
6830,76
10146,76
9640,76
10202,76
5057,76
19062,76
12978,76
8882,76
28226,76
21993,76
23544,76
3688,76
16479,76
20369,76
12721,76
3598,76
29198,76
17078,76
15800,76
28253,76
5296,76
29321,76
980,267
11645,267
17636,267
3934,267
4175,267
9571,267
31765,267
12349,267
9231,267
8733,267
11618,267
4310,267
18653,267
7624,267
10828,267
7706,267
24756,267
16634,267
2814,267
31791,267
19901,267
28481,267
2043,267
21015,267
16161,267
17805,267
19436,267
28895,267
9918,267
31708,267
5959,267
4043,267
15854,267
3062,267
20289,267
6220,267
6362,267
12265,267
3373,267
1226,267
19743,267
4065,267
11613,267
4870,267
23620,267
16790,267
23143,267
17237,267
28623,267
8028,267
8729,267
14021,267
489,267
19722,267
2686,267
16362,267
24737,267
8421,267
27669,267
30167,267
464,267
31589,267
23678,267
12108,267
31782,267
13967,267
14872,267
23022,267
26360,267
1854,267
8352,267
20882,267
28171,267
29559,267
19847,267
4086,267
4265,267
10088,267
9992,267
2145,267
29291,267
6887,267
20399,267
5601,267
3481,267
7262,267
18849,267
26175,267
29741,267
23899,267
29790,267
1009,267
8204,267
31659,267
1138,267
28904,267
22440,267
1371,267
9006,267
4748,267
4615,267
29923,267
14913,267
3408,267
3599,267
25984,267
29997,267
16953,267
22810,267
7930,267
11655,267
6416,267
28212,267
20926,267
11269,267
19251,267
3679,267
25621,267
20485,267
8459,267
20137,267
26788,267
1349,267
28381,267
11242,267
22761,267
13726,267
23154,267
30421,267
16023,267
24842,267
12395,267
12446,267
19840,267
28169,267
1902,267
30708,267
17730,267
12142,267
7095,267
20609,267
21590,739
13440,739
30870,739
28324,739
30870,739
28324,739
4463,739
15666,739
5150,739
4985,739
31391,739
29260,739
31391,739
28910,739
7276,739
13064,739
31391,739
19560,739
2725,739
13964,739
10595,739
13964,739
10595,739
25961,739
26775,739
3648,739
26682,739
5829,739
28645,739
18908,739
28645,739
12960,739
6800,739
4540,739
8367,739
11341,739
18079,739
25910,739
22854,739
13099,739
26634,739
29852,739
8750,739
13243,739
8448,739
28997,739
23901,739
24787,739
24185,739
25617,739
4313,739
27412,739
5115,739
17021,739
2453,739
9166,739
20490,739
20538,739
30633,739
30713,739
22854,739
21269,739
8126,739
9066,739
26492,739
24541,739
19100,739
875,739
20513,739
12549,739
24855,739
9013,739
7992,739
18908,739
26323,739
24751,739
19752,739
31619,739
17825,739
4914,739
11281,739
28735,739
30989,739
28949,739
21548,739
24604,739
11071,739
29017,739
18681,739
21798,739
24046,739
24697,739
4228,739
28580,739
27027,739
2576,739
18015,739
19857,739
27259,739
293,739
8594,739
4740,739
21938,739
8663,96
22691,96
12273,403
2901,403
1711,403
17431,403
15004,403
1903,403
205,403
2133,403
8670,403
830,403
24364,403
24575,403
20195,403
1711,403
892,403
9725,403
9725,403
624,403
17445,403
830,403
17445,403
17445,403
17445,403
548,403
28613,403
2562,403
21197,403
272,403
18945,403
571,403
11521,403
979,403
1347,403
280,403
22099,403
25658,403
7019,403
15343,403
18,403
25534,403
15343,403
662,403
30457,403
12335,403
16942,403
12632,403
368,403
5993,366
18282,366
6471,366
1561,366
21952,366
2351,366
19315,366
25519,366
21771,366
19183,366
9410,366
22724,366
31136,366
19655,366
24492,366
5853,366
22599,366
29173,366
10780,366
18065,366
18065,366
30247,366
25187,366
17373,379
23073,379
23073,379
23355,379
3324,379
22460,379
17704,379
23882,379
28445,379
24772,379
23073,379
24405,379
18235,379
3281,379
2596,379
24405,379
15464,379
19446,379
25963,379
19178,379
3220,379
16192,379
25963,379
5314,379
3015,379
26806,379
4049,379
20604,379
24711,379
27546,379
3244,379
23073,379
28063,379
19519,379
20957,379
17124,379
28389,379
7176,379
6103,379
19754,379
15980,379
20981,379
18503,379
28389,379
970,379
3544,379
12379,379
24889,379
10469,379
23922,379
30177,379
20572,379
25490,379
20567,379
24207,379
25990,379
18525,379
301,379
24838,379
31990,379
26290,379
16904,379
23073,379
14521,379
23073,379
6403,379
23073,379
13276,379
28262,379
4227,379
23073,379
12842,379
12842,379
12842,379
23073,379
28118,379
30451,379
29478,379
30589,379
23073,379
17373,379
29478,379
20809,379
13114,379
6766,379
19858,379
31506,379
28577,379
21553,379
23073,379
12334,379
23073,379
22017,379
22017,379
30589,379
16922,379
12615,379
30589,379
24838,379
23073,379
24645,379
576,379
6674,379
29873,379
27832,379
4453,379
14584,379
8923,379
14901,379
31344,379
27665,379
27665,379
23073,379
17373,379
9646,353
924,353
7973,353
1576,353
8346,353
29360,353
7330,353
5704,353
5261,353
31345,353
9347,353
6156,353
19362,353
24206,353
1409,353
1080,353
643,353
6029,353
15691,353
24286,353
5849,353
8013,353
23812,353
12345,353
22288,353
23264,353
31976,353
22736,353
10886,353
28720,353
10962,353
19253,353
23373,353
13738,353
23460,353
27983,353
26515,353
21118,353
24712,353
3521,353
1921,353
7992,353
2376,353
11130,353
4122,353
22183,353
1815,353
20935,353
25773,353
3090,353
17428,353
12240,353
28252,353
19760,353
6535,353
25051,353
15934,353
5960,353
27949,353
15486,353
31651,353
20233,353
7769,353
15064,353
29028,353
26052,353
11744,353
31108,353
14758,353
5300,353
31574,353
12860,353
2176,353
25927,353
24832,353
13333,353
11458,353
21658,353
6333,353
9274,353
16688,353
31316,353
16329,353
30013,353
11840,353
31799,353
11807,353
3536,353
24341,353
18545,353
7153,353
24417,353
31479,353
18744,353
23177,353
8094,353
14989,353
24856,353
16368,353
15755,353
6202,353
1720,353
30768,353
9803,353
9803,353
31485,353
30252,353
2265,353
5918,353
16116,353
16116,353
16116,353
10852,353
28948,353
20625,353
15751,353
9803,353
30778,353
8294,353
23096,353
26500,353
26152,353
28368,353
20419,353
28266,353
6703,353
23845,353
20757,353
30094,419
13569,419
31105,419
28729,419
16180,419
14515,419
24394,419
7276,419
129,419
28609,419
31632,419
26619,419
31096,419
27150,419
21217,419
11404,419
6749,419
8506,419
31632,419
23417,419
3370,419
30243,419
17678,419
3968,419
5422,419
28106,419
27150,419
1803,419
30306,419
26831,419
26124,419
468,419
5422,419
6494,419
5643,419
2709,419
26858,419
8154,419
17604,419
24886,419
6646,419
11839,419
31563,419
31563,419
21088,419
24010,419
5422,419
31105,419
24400,419
21682,419
23653,419
6808,419
5422,419
5422,419
5355,419
31951,419
22575,419
5422,419
25240,419
25960,419
17769,419
3853,419
25051,419
30694,419
2292,419
22575,419
22575,419
2892,419
22575,419
1627,419
31799,419
31097,419
19063,419
21427,419
19793,419
26401,419
26401,419
29807,419
31611,419
8615,419
21958,419
5422,419
26401,419
20433,419
20536,419
9431,419
16601,419
32286,909
13872,909
31210,909
21984,909
31907,909
28132,909
2309,909
3484,909
4330,909
31348,909
15327,909
25387,909
1810,909
7415,909
19958,909
31963,909
3142,909
5690,909
17259,909
4678,909
25157,909
10298,909
3796,909
6121,909
999,909
6133,909
31503,909
3218,909
11390,909
8455,909
22471,909
4135,909
30703,909
25074,909
26557,909
19239,909
32201,909
25932,909
21133,909
6311,920
640,920
3350,920
9501,920
30047,920
30049,920
12932,920
14295,920
31917,920
1728,920
25319,920
20066,920
8838,920
5116,920
14196,920
17952,920
20932,920
20932,920
9367,920
25616,920
30929,920
548,920
23789,920
3692,920
7049,920
8341,920
3328,920
28918,920
13872,920
28672,920
14265,920
4980,920
32371,920
32395,920
8093,920
22268,920
23823,920
17215,920
13412,920
8675,920
24088,920
14382,920
17733,920
27273,920
26531,920
24194,920
7739,920
20709,920
18078,920
17143,920
9926,920
2711,920
5504,920
29843,920
3157,920
16432,920
30151,920
31079,920
2946,920
15281,920
27526,920
18049,920
2790,920
3924,920
4927,920
12852,920
12669,920
29739,920
5191,920
20168,920
18311,920
7194,920
6457,920
15439,920
16896,920
32335,920
1931,920
15951,920
17814,920
22224,920
27526,920
28701,920
1476,920
30352,920
9490,920
1658,920
14428,920
21256,920
11754,920
10908,920
21256,920
23142,920
10850,920
18955,920
27780,920
7325,920
29522,920
2157,920
19985,920
19985,920
30224,920
23102,920
2157,920
31450,920
21890,920
21890,920
17540,920
13658,920
10828,920
8578,920
23347,920
21786,920
14168,920
26715,920
14864,920
18162,920
32451,920
14864,920
12336,920
28702,920
22284,920
28702,920
4394,920
13715,920
3483,920
4394,920
13715,920
8479,920
1998,920
32514,920
29500,920
30637,920
5798,920
16260,920
14351,920
28650,920
7868,920
2725,920
26152,920
15902,920
9386,920
19618,920
11555,920
4379,920
7878,920
25578,920
19094,920
10455,920
16025,920
26185,920
27884,920
28657,920
29750,920
14600,920
29415,920
16435,920
25802,920
20343,920
18557,920
25157,920
5443,920
27934,920
816,920
6500,920
12352,920
25417,920
12051,920
14058,874
1487,874
6822,874
12914,874
11517,874
25044,874
11002,874
25285,874
8110,874
29567,874
23676,874
4208,874
8144,874
31235,874
10158,874
32445,874
7711,874
26611,874
16054,874
23512,874
22778,874
6294,874
16278,874
22520,874
26189,874
7017,874
32424,874
27415,874
11011,874
32132,874
32000,874
4404,874
18613,874
13400,874
2776,874
29701,874
23087,874
17150,874
10844,874
16592,874
29233,874
3484,874
25929,874
4528,874
9410,874
16718,874
12623,874
19851,874
30606,874
27188,874
12495,874
23557,874
10669,874
15913,874
18370,874
22138,874
8334,874
1555,541
12588,541
267,541
13883,541
3875,541
21728,541
10427,541
15109,541
30833,541
8164,541
28084,541
28382,541
25003,541
31560,541
4936,541
27809,541
24773,541
26449,541
15712,541
8904,541
30893,541
29677,541
15149,541
9788,541
32188,541
22213,541
13245,541
18140,541
25127,541
2592,541
54,541
15010,541
13628,541
23306,541
9866,541
19291,541
19109,541
21508,541
27557,541
10185,541
8875,541
28025,541
30702,541
29075,541
21339,541
30888,541
1041,541
21688,541
28212,541
2006,541
25719,541
19987,541
27369,541
10176,541
5762,309
19290,309
9850,309
23886,309
16155,309
3164,309
21458,309
27217,309
20822,309
807,309
18192,309
22008,309
1527,309
4447,309
14716,309
10144,309
17668,309
7340,309
25367,309
13792,309
3741,309
2108,309
30399,309
28721,309
4541,309
12366,309
15095,309
13754,309
6291,309
15336,309
8432,309
27324,309
3149,309
332,957
13811,957
27652,957
13813,957
19703,957
18935,957
2480,957
20862,957
4105,957
32000,957
23554,957
6986,957
12270,957
19231,957
26436,957
9070,957
17166,957
27400,957
2144,957
29428,957
13929,957
19245,957
19758,957
4511,957
10530,957
1473,957
27286,957
11697,957
21530,957
289,498
30816,498
2331,498
12838,498
10835,498
11143,498
2439,474
9702,474
9968,474
2973,474
8989,474
26994,474
4148,474
14305,474
29382,474
8449,474
5709,474
25168,474
27051,474
16823,474
16388,474
18013,474
14885,474
8449,474
11019,474
10767,474
16388,474
2439,474
278,474
31911,474
19356,474
16823,474
5849,474
25168,474
19585,474
25803,474
30178,474
13948,474
25302,474
30754,474
15518,474
11892,474
5457,474
20657,474
13815,474
11441,474
508,474
25297,474
23437,474
9766,474
18092,474
18092,474
15682,474
15445,474
7821,474
22302,474
22835,474
14602,474
12303,474
29441,474
27804,725
22536,725
29772,725
29772,725
7159,725
12416,725
23968,725
22627,725
11888,725
25986,725
19297,725
5648,725
19297,725
27783,725
30897,725
30897,725
14720,725
21576,725
21576,725
14785,725
14785,725
31920,725
31920,725
24244,725
11897,725
2215,564
10024,564
18538,564
2111,564
32156,564
13862,564
2566,564
7407,564
1284,564
25260,564
20729,564
24998,564
2918,564
28386,564
1692,564
1747,564
27018,564
1260,564
4110,564
10990,564
28378,564
24480,564
10940,564
12120,564
1142,564
5797,564
3635,564
2510,564
7452,564
31676,564
11971,564
6203,564
17259,564
21431,564
17143,564
3715,564
10505,564
353,564
31640,564
7266,564
4515,564
16176,564
24899,564
11833,564
9417,564
2820,564
24036,564
15843,564
14433,564
11365,564
14197,564
20659,564
31798,564
28077,564
12076,564
15515,564
3764,564
24882,564
7077,564
9034,564
17279,564
8940,564
5066,564
1948,564
7954,564
3148,564
5970,564
27173,564
30429,564
13133,564
26406,564
30236,564
28828,564
29979,564
5771,564
29896,564
13239,564
14004,564
29271,564
7857,564
18599,564
21713,564
8237,564
30074,564
29141,564
4422,564
1406,564
30200,564
31622,564
1918,564
18357,564
12748,564
24229,564
16791,564
5677,564
21285,564
30702,564
3363,564
30410,564
21748,564
19612,564
27117,564
8697,564
21382,564
27344,564
10736,564
6226,564
20075,564
27422,564
4142,1033
17580,1033
25602,1033
27983,1033
5481,1033
19117,1033
12627,1033
977,1033
4016,1033
6281,1033
4280,1033
10200,1033
671,1033
5127,1033
10916,1033
31559,1033
16180,1033
1297,1033
25418,1033
23461,1033
17732,1033
13597,1033
19771,1033
14356,1033
12007,1033
20550,1033
954,1033
17017,1033
19295,1033
32330,789
31610,789
18845,789
18795,789
11203,789
24973,789
23089,789
10397,789
6542,789
27611,789
5450,789
28853,789
10320,789
23596,789
4324,789
850,789
13262,789
601,789
11023,789
3237,789
31465,789
20091,789
4383,789
1065,789
9629,789
23778,789
17699,789
20255,789
1059,789
3261,789
4657,789
4168,789
16183,789
17353,789
4201,789
8565,789
3080,789
718,789
13692,789
16676,789
30702,789
32041,789
3710,789
604,789
2713,789
29452,789
6900,789
16985,789
29484,789
5303,789
20114,789
24306,789
6124,789
25794,789
3190,789
1230,789
24780,789
16046,789
7541,789
28583,789
5803,789
11813,789
9210,789
9219,789
24046,789
1941,789
17388,789
24947,789
19573,789
7105,789
19829,789
2011,789
24195,789
5245,789
24849,789
13722,789
28915,789
29643,789
5606,789
10358,789
27106,789
31223,789
29907,789
13623,789
2725,789
32330,789
12213,789
32057,789
11445,789
12073,789
14351,789
13869,789
15578,789
2433,789
4182,789
22827,789
23732,789
16582,789
23638,789
17628,789
6742,789
11015,789
838,789
30771,789
427,1049
5369,1049
25404,1049
19381,1049
10148,1049
6413,1049
9869,1049
20586,1049
15661,1049
2460,1049
25811,1049
18775,1049
15285,1049
10180,1049
8854,1049
2878,1049
14075,1049
7413,1049
5107,1049
18544,1049
24753,1049
30119,1049
501,1049
4682,1049
6101,1049
19955,1049
16561,1049
3856,1049
24908,1049
10503,1049
6560,1049
18970,1049
19586,1049
17926,1049
12940,1049
6797,1049
18288,1049
28327,1049
31426,1049
29853,1049
26948,1049
992,1049
20788,1049
6069,1049
8821,1049
9763,1049
15077,1049
24618,1049
22436,1049
24492,1049
26227,1049
1190,1049
26420,1049
31470,1049
30672,1049
29410,1049
24296,1049
13735,1049
22611,1049
17050,1049
23754,1049
10438,1049
15026,1049
24158,1049
20308,1049
26044,1049
18958,1049
7596,1049
22338,1049
24726,1049
22535,1049
23222,1049
14835,1049
12231,1049
27381,1049
12967,1049
15415,1049
17755,1049
31878,1049
5800,1049
17887,1049
27786,1049
27897,1049
885,1049
30681,1049
23675,1049
12237,1049
19855,1049
6733,1049
2660,1049
22206,1049
18229,329
17170,329
18074,329
626,329
17007,329
8391,329
7012,329
30308,329
29703,329
6743,329
21960,329
13408,329
23250,329
95,329
14186,329
20122,329
29634,329
20863,329
11095,329
12325,329
11455,329
8838,329
31235,329
14535,329
23028,329
8766,329
26466,329
10170,329
3697,329
4914,329
23503,329
32096,329
10888,329
13211,329
4046,329
22047,329
29405,329
2194,329
17138,329
17628,329
1979,329
18369,329
4898,329
22886,329
19749,329
28110,329
2243,329
2703,329
3488,329
12495,329
18744,329
15120,329
31099,329
31657,329
8549,329
12221,329
8002,329
13010,329
4333,329
4705,329
25057,329
31057,329
22782,329
20179,329
6690,329
11184,329
5423,329
27084,329
32049,329
13288,329
2909,329
7745,329
8866,329
28091,329
23655,329
4398,329
28945,329
19493,329
18275,329
20863,329
25276,329
25276,329
28891,329
2582,329
15341,329
26374,329
27082,329
27089,329
29369,329
27212,329
10593,329
6977,329
19352,329
16245,329
20863,329
31823,329
30912,329
5364,329
1567,329
10270,329
18517,329
19531,329
27079,329
25285,329
19497,329
10524,329
19370,329
28054,329
26371,329
26368,329
27083,329
27087,329
27081,329
16655,329
11167,329
31387,329
28090,329
27080,329
17154,329
16459,329
21042,329
30182,329
27078,329
13473,329
41,967
2407,967
28988,967
10777,967
29387,967
31818,967
16787,967
12918,967
28220,967
22145,967
14305,967
1492,967
31866,967
16555,967
30147,967
12754,967
32494,967
14735,967
27446,967
8734,967
32501,967
6447,967
23341,967
3959,967
5267,967
24165,967
16903,967
28899,967
11347,967
12189,967
19662,967
12789,967
21517,967
21507,483
14182,483
29362,483
10833,483
18011,483
389,483
6230,483
547,483
18465,483
389,483
18465,483
6440,483
19761,483
17961,483
18465,483
17961,483
539,483
893,483
6149,483
5358,483
24231,483
7107,483
6678,483
4137,483
11651,483
6149,483
14174,483
10781,483
547,483
23699,483
28524,483
191,483
7765,483
32066,483
9845,483
14010,483
9334,483
12170,483
390,483
15698,483
535,483
535,483
25637,483
25637,483
21351,483
18011,483
21351,483
475,483
21351,483
475,483
7219,483
12239,483
9855,483
11560,483
27667,483
10824,483
30055,483
2009,483
12033,483
10664,483
28843,483
12033,483
28843,483
2215,483
15213,483
20868,483
29076,483
24346,1022
23302,1022
13772,1022
1700,1022
421,1022
29891,1022
24626,1022
11259,1022
9472,1022
30065,1022
18796,1022
24548,1022
9144,1022
29877,1022
24510,1022
27691,1022
29260,1022
8817,1022
16057,1022
26264,1022
9166,1022
31108,1022
24814,1022
922,1022
28249,1022
25349,1022
17119,1022
9431,1022
25041,1022
2694,1022
32390,1022
24629,1022
31482,1022
16300,1022
26942,1022
1889,1022
14159,1022
13791,1022
29404,1022
9067,1022
28242,1022
18657,1022
20489,1022
8221,1022
32220,1022
30659,1022
25891,1022
19276,1022
28967,1022
12410,1022
29532,1022
28127,1022
31886,1022
10324,1022
24721,1022
24950,1022
27975,1022
24950,1022
24645,1022
29785,1022
29756,1022
6260,1022
26963,1022
9130,1022
30787,1022
25276,1022
15587,1022
13751,1022
1934,1022
7758,1022
24185,1022
13332,1022
32190,1022
32507,1022
21664,1022
11839,1022
11839,1022
32507,1022
27521,1022
28358,1022
19560,1022
20493,1022
28202,1022
32511,1022
32511,1022
21349,1022
24535,1022
20574,1022
31102,1022
12247,1022
29687,1022
11187,1022
24162,1022
230,1022
13064,1022
28910,1022
6116,1022
6646,1022
4801,1022
4539,1022
21467,1022
22947,1022
30428,1022
26737,1022
6165,1022
29843,1022
21272,1022
9780,1022
25832,1022
26847,1022
29344,1022
26323,1022
21945,1022
3938,1022
31993,1022
32098,1022
23790,1022
27106,1022
26739,502
23936,502
2132,502
9372,502
31217,502
29332,502
19024,502
10851,502
31957,502
1436,502
14423,502
31760,502
13576,502
14883,502
22521,502
22412,502
12023,502
17265,502
4289,502
7288,502
4630,502
13307,502
15643,502
7072,502
25,502
27230,502
15418,502
11266,502
24945,502
11143,502
6979,502
31035,502
11964,502
4272,502
19713,502
32264,502
19759,502
21833,502
28623,502
2855,502
24285,502
29273,502
6238,502
16276,502
5951,502
13989,502
814,502
25616,502
622,502
8852,502
102,502
18617,502
17917,502
23696,502
30702,502
2573,502
19522,502
10279,502
13567,502
26145,502
11019,502
23700,502
11019,502
880,502
20265,502
13812,502
17939,502
10548,502
9357,502
10138,502
17454,502
28829,502
25252,502
7743,81
22577,81
22045,81
22896,81
20802,344
30039,344
9417,344
7531,344
11711,344
17175,344
3518,344
20518,344
14842,344
5597,344
2677,344
6050,344
17106,344
18561,344
17020,344
30393,344
6934,344
13670,344
13441,344
14112,344
28819,344
18815,679
18027,679
29121,679
8302,679
4865,679
3379,679
12385,679
26316,679
19800,679
10148,679
7219,679
26912,679
169,679
22423,679
19767,679
6098,679
20990,679
15549,679
31802,679
23042,679
29865,679
29247,679
32128,679
23042,679
4549,679
7941,679
1179,679
17077,679
7900,679
20889,679
14078,679
32068,679
15716,679
26020,679
27196,679
29078,679
18547,679
30570,679
17262,679
30002,679
26394,679
5219,679
8290,679
28516,679
21108,668
24792,668
19841,668
2452,668
22718,668
30553,668
22718,668
5811,668
8193,668
24814,668
28745,668
20417,668
13825,668
6175,668
17553,668
30027,668
24350,668
1813,668
26334,668
1798,668
31900,668
1798,668
24792,668
30602,668
20505,668
21658,668
4898,668
4391,668
32062,668
1758,668
22575,668
13964,668
31384,668
24591,668
31522,668
20648,668
27442,668
29850,668
24013,668
21108,668
23360,668
27504,668
10724,668
28700,668
23877,668
22980,668
13294,668
21071,668
8962,668
3921,668
9431,668
5565,668
22189,668
24260,668
9689,668
20068,668
27504,668
25543,668
26200,668
25543,668
22070,668
20513,668
29880,668
28383,668
20321,668
27838,668
7260,668
3365,582
26606,582
4484,582
31485,582
5935,582
20058,582
5960,582
25213,582
9433,582
18058,582
6946,582
17212,582
32283,582
26140,582
29468,582
20315,582
31364,582
29733,582
6439,582
28000,582
2143,582
27792,582
20786,582
3746,582
17598,582
29925,582
2757,582
1032,582
5355,582
17968,582
18907,582
5757,582
24430,582
3503,582
8412,582
7496,582
13983,582
20291,582
25063,582
4030,582
7338,582
17045,582
3775,582
4881,582
8274,582
26238,582
19362,582
31479,582
5263,582
13333,582
27303,582
31632,582
2725,582
21574,582
19760,582
27812,582
29754,582
24874,582
31950,582
6703,582
29407,582
2574,582
19253,582
13186,582
26831,582
27223,582
20041,582
30822,582
20081,582
7888,582
10516,582
30266,582
1957,582
26064,582
31775,582
29477,582
31508,582
9108,582
24409,582
12572,582
25535,582
10375,446
22579,446
28094,446
19339,446
30309,446
19935,446
30958,446
7322,446
3433,446
30849,446
568,446
19788,446
7689,446
19825,446
4170,446
23954,446
20978,446
10499,446
4846,446
14360,446
13076,446
5405,446
10640,446
1188,446
24727,446
25102,446
5060,446
6882,446
13443,446
11252,446
9554,446
4648,45
1086,45
11166,45
16937,45
17793,45
24028,45
5669,45
1540,45
787,45
2770,45
2770,45
24034,45
6531,45
14491,45
25882,45
26962,45
23087,45
5798,45
3252,45
17393,45
18877,45
6833,45
2479,45
21776,45
9283,45
2724,45
22349,45
9572,45
3844,45
1938,45
20744,45
10646,45
2585,45
17300,45
24189,45
10646,45
17300,45
23721,45
8379,45
4865,863
28991,863
13352,863
1602,863
19058,863
22941,863
854,863
5857,863
15098,863
26361,863
26077,863
16845,863
21364,863
19032,863
15268,863
22245,863
32436,863
7496,863
27607,863
505,863
23718,863
5757,863
5671,863
30666,863
20642,863
6120,863
1394,863
16876,863
3363,863
30400,863
31499,863
8392,863
22757,863
28669,863
26764,863
31608,863
32484,863
25163,863
26134,863
27845,863
16344,863
32132,863
32432,863
32483,863
11318,863
26535,863
15239,863
11451,863
12707,863
32479,863
30540,863
14901,863
31329,863
31479,863
17045,863
30041,863
32461,863
22405,863
18406,863
28749,863
15934,863
19139,863
22245,863
28260,863
22977,863
19760,863
23809,863
7729,863
29902,380
29902,380
16395,380
24871,380
21941,380
29431,380
22719,380
24871,380
7554,380
7649,380
12512,380
22319,380
18848,380
31842,380
14134,380
1379,380
1174,380
15424,380
1661,380
26568,380
18885,380
22393,380
30177,380
28242,380
13126,380
16956,380
19808,380
5715,380
22975,380
28034,380
30932,380
29474,380
21464,380
19652,380
31456,380
27338,380
18753,380
16395,380
4967,380
11218,380
24975,380
3053,380
1162,380
3012,380
12031,380
12727,380
8706,380
21094,380
17644,380
3191,380
25215,380
6595,380
31643,380
10045,380
4703,380
6595,380
15644,380
23740,380
1317,380
13421,380
5763,380
16303,380
10088,380
5916,380
15902,380
17962,380
11173,380
8964,380
302,380
22223,380
10718,380
21665,380
14706,380
9448,380
24266,380
13905,380
2279,380
19344,380
12123,380
5916,380
32120,380
13365,380
27934,380
9963,380
26034,380
5619,380
3395,380
17065,380
19837,380
12674,380
25012,380
3329,380
19328,380
28674,380
14656,380
22735,380
13964,380
24210,380
8364,380
15880,380
25808,380
6666,380
11307,380
1076,380
11499,380
23596,380
29849,380
8151,380
16400,380
24055,380
20610,380
11086,380
31081,380
31288,380
26903,380
30103,380
20877,380
21878,380
17257,380
6806,380
31248,380
10718,380
14706,380
11766,380
22904,380
3608,380
29966,380
30977,380
21775,380
31628,380
28727,380
31681,380
30057,380
27701,380
11082,380
8321,380
3050,380
3035,380
27779,380
6674,380
27278,380
32561,380
19273,380
30775,380
4605,380
21509,380
26533,380
576,380
14577,380
1350,380
31005,380
2740,380
11658,380
31247,380
3776,380
23843,380
9773,380
25094,380
16903,380
11432,380
3035,380
1818,380
8388,380
29718,380
21827,380
8702,380
28215,380
21827,380
24603,380
24596,380
2202,380
23511,380
26262,380
13933,380
31828,380
32226,380
1818,380
7937,380
22924,380
14015,380
13650,380
14015,380
7937,380
23927,380
32226,380
24400,380
23721,380
26304,380
8114,380
27670,380
30021,380
31668,380
17034,380
11015,380
19574,380
6646,380
29348,380
6921,380
13650,380
23674,380
26872,380
15404,380
22015,380
30996,380
25577,380
27832,380
28034,380
29902,380
4034,380
16262,380
14413,380
2576,380
23107,380
7997,380
11722,380
31286,380
18784,380
27925,380
22575,380
19142,380
16804,380
6076,380
15606,380
29469,380
26619,380
26584,380
25456,380
26941,380
13985,380
6732,380
20142,380
4156,380
25456,380
27422,380
2953,380
24707,380
31364,380
23838,380
28897,380
26731,380
13103,380
24862,380
24862,380
21579,380
6831,380
16527,380
9197,380
4152,380
30335,380
30863,380
30863,380
26521,380
13339,380
12039,380
5482,380
19906,380
29931,380
32149,380
7191,380
26670,380
6545,380
4357,380
23350,380
18017,380
21945,380
2385,380
10382,380
31312,380
19197,380
30298,380
23799,380
17155,380
29582,380
29582,380
10160,380
30255,380
2725,380
14345,380
6831,380
16527,380
9126,380
2856,380
22288,380
23841,380
4815,380
8928,380
28034,380
27205,380
5217,380
8999,380
9274,380
28041,380
861,380
26140,380
861,380
17286,380
26140,380
17286,380
24341,380
9333,380
26883,380
10456,380
7189,380
5732,380
24626,380
30552,380
30688,380
6302,380
28394,380
11998,380
9579,380
24160,14
5500,14
24503,14
2383,14
18127,14
23517,14
21967,14
16494,14
1910,14
23189,14
12378,14
1860,14
4791,14
23924,14
1150,14
18515,14
21007,14
10529,14
10119,14
3658,14
4905,14
18127,14
2273,14
23782,14
2258,14
5177,14
19091,14
2319,14
12640,14
20585,14
2215,14
5559,14
1756,14
529,14
24802,14
22478,14
21535,14
24698,14
21335,14
23801,14
24698,14
4722,14
23583,14
26343,14
26312,14
22612,14
11526,14
5463,14
25089,14
27361,14
1384,14
4371,14
2176,14
23815,14
7627,14
3896,14
23466,14
16947,14
8492,14
16947,14
26151,14
20970,14
6801,14
5304,14
23815,14
23815,14
6801,14
8640,14
12111,14
15856,14
9632,14
9809,14
22789,14
7671,14
22988,14
14613,14
4025,14
4025,14
19337,14
5266,14
6751,14
19615,66
13957,66
10246,66
7823,66
14679,66
5539,66
27034,66
4220,66
6967,66
8882,66
27132,66
25104,66
13381,66
16509,66
17213,66
10939,66
19207,66
3802,66
10542,66
10069,66
16407,66
24200,66
25031,66
14749,66
11830,66
9127,66
18321,66
24941,66
15965,66
16391,66
17078,66
11876,66
23387,66
12725,66
2267,703
20587,703
18209,703
5957,703
25738,703
19250,703
2843,703
3613,703
29736,703
30317,703
11296,703
19868,703
31242,703
4441,703
29309,703
7251,703
25275,703
17121,703
14910,703
10081,703
22953,703
18344,703
21344,703
27956,703
2499,703
16285,703
16573,703
7003,703
27998,703
27998,703
29544,703
9984,703
14056,703
22681,703
16107,703
2399,703
12679,703
10553,703
20412,703
18166,703
23231,703
20426,703
13727,703
8599,703
6685,703
19290,703
14324,703
4928,703
30702,703
11480,703
895,703
11055,703
16746,703
21939,703
15438,703
5147,703
4810,703
26191,703
23280,703
17330,703
16354,703
17330,703
16354,703
3989,703
30422,703
21026,703
28082,595
12115,595
8503,595
21248,595
26275,595
20377,595
11760,595
13133,595
25205,595
14501,595
10074,595
29112,595
4039,595
10999,595
25690,595
20606,595
3147,595
24684,595
22494,595
18387,595
10671,595
14509,595
27764,595
10512,595
13551,595
6063,595
5563,595
4585,595
24684,595
10373,595
27793,595
25205,595
10987,595
25332,595
25504,595
25616,595
19388,595
24041,595
18984,595
32116,595
2000,595
25964,595
31675,595
17600,595
25993,595
22018,595
23627,595
16608,595
22465,595
10447,595
18410,595
17408,595
29028,595
24922,595
19608,595
15252,595
1230,595
23161,595
25408,595
29315,595
8244,595
8105,595
24336,595
5981,595
6918,595
23179,595
19045,595
6015,595
25339,595
11955,595
31784,595
23926,595
19999,595
22368,595
19154,595
4619,595
13788,595
18263,251
11862,251
29180,251
3880,251
29238,251
2592,251
1433,251
18659,251
5793,251
22569,251
1043,251
14106,251
31079,251
5044,251
23689,251
17284,251
16926,251
19504,251
11284,251
16790,251
5260,251
14507,251
10911,251
23968,251
18873,251
18175,251
939,251
10355,251
24756,251
31045,251
23917,251
1574,251
4990,251
10037,251
16474,251
12862,251
13530,251
22707,251
4377,251
18060,251
14119,251
13575,251
4960,251
22991,251
27042,251
23732,251
19830,251
28643,251
2746,251
11702,251
11015,251
16849,251
28885,251
12599,251
14055,251
14351,251
12477,251
2880,251
21175,251
12777,251
24528,251
7192,251
24527,251
11094,251
5015,251
1998,251
9352,251
4623,251
3676,251
25749,251
19837,251
8348,251
14267,251
14146,251
3849,251
6605,251
23938,251
13475,251
11315,251
18351,251
5213,251
20980,251
16961,251
16851,251
6518,251
18220,251
26809,251
4838,251
1584,251
20662,251
17357,251
21532,251
9052,251
1570,557
107,557
27524,557
27914,557
22171,557
15613,557
7877,557
102,557
14434,557
9756,557
9548,557
14680,557
17354,557
24882,557
2580,557
3503,557
13316,557
11754,557
24658,557
4121,557
11069,557
17828,557
22687,557
7516,557
10763,557
24915,557
28243,557
5454,557
30302,557
6506,557
83,557
3785,557
32053,557
25153,557
21431,557
17504,557
1645,557
14535,557
18814,557
3278,557
18963,557
31523,557
3964,557
2535,557
9905,557
26024,557
3180,557
29500,557
2779,557
14846,557
31235,557
2491,557
16188,557
12200,557
25491,557
14914,557
6097,557
4290,557
13189,557
6364,557
20312,557
1843,557
24860,557
5151,557
15489,557
10859,557
27502,557
24818,557
5857,557
27277,557
19320,557
27910,557
32193,557
18873,557
30322,557
12647,557
8007,557
7691,557
8237,557
31994,557
19203,557
1710,557
3148,557
28132,557
1398,557
29908,557
32212,557
17045,557
23649,557
20941,557
8311,557
9861,557
3636,557
21807,557
8136,557
22395,557
6703,557
3008,557
4718,557
2069,557
14461,557
17127,557
17542,557
12447,557
5734,557
30521,557
7581,557
31091,557
3505,557
982,557
29104,557
7894,557
21382,557
23631,557
376,557
20985,557
29520,557
27029,557
16691,557
3620,557
29422,557
19087,557
29518,557
26547,557
26547,557
10536,557
19087,557
25943,557
26808,557
12284,557
14555,557
5880,557
11692,557
12319,557
26844,758
13453,758
11817,758
22748,758
10861,758
25909,758
29955,758
25803,758
13764,758
21893,758
19782,758
23554,758
28626,758
1817,758
26824,758
7670,758
21321,758
32000,758
26142,758
31873,758
22183,758
30702,758
28887,758
28080,758
17612,758
11697,758
13079,758
18558,758
21147,758
27847,758
5534,758
13668,758
22884,758
4011,758
13676,758
10788,758
30136,758
23600,758
6578,758
8822,758
856,758
7052,758
26674,758
20805,758
31673,758
25909,758
11758,758
21518,758
6846,758
15251,758
15251,758
2738,758
21876,758
8754,758
9806,758
13223,758
13223,758
10931,758
14328,758
14018,758
3113,758
26039,758
28013,758
9908,758
14253,758
17929,758
22484,758
3088,758
25412,758
3088,758
25412,758
2645,758
8643,758
8643,758
25011,758
12226,758
21268,758
31519,758
22636,758
23586,675
1664,675
15909,675
1440,675
831,675
12800,675
2179,675
6356,675
16341,675
7789,675
22975,675
6689,675
24013,675
12341,675
26433,675
22148,675
32147,675
11764,675
17145,675
10963,675
32341,675
32341,675
27916,675
31743,675
3025,675
18612,675
6947,675
5497,675
6205,675
12158,675
7788,675
24516,675
31438,675
14671,675
5732,675
2755,675
23941,675
19094,675
4196,675
28505,675
5471,675
29379,675
32041,675
23586,675
27672,675
3025,675
32154,675
30298,675
24859,675
32401,675
14576,675
7969,675
12453,675
29563,675
31450,675
24185,675
6660,675
32231,675
11010,675
32231,675
1798,675
31513,675
31336,675
20486,675
17160,675
15695,675
700,675
18513,675
25061,661
22447,661
22249,661
20315,661
14824,661
26714,661
30460,661
26925,661
14781,661
28580,661
8887,661
3163,661
1676,661
2431,661
1040,661
13035,661
19708,661
31608,661
27731,661
8716,661
24,661
9812,661
1275,661
30276,661
27294,661
7184,661
22668,661
6748,661
16533,661
7495,661
30299,661
6383,661
25553,661
32070,661
16696,661
173,661
7345,661
14907,661
2641,661
32061,661
24443,661
30958,661
488,661
23009,661
10049,661
12462,661
4504,661
3100,661
25649,661
11120,661
15284,661
28935,661
12691,661
16946,661
23283,661
24172,661
839,661
3268,661
13009,661
4544,661
29044,661
12444,661
7117,661
5881,661
10641,661
17187,661
6721,661
27110,661
22584,661
15773,661
24077,661
13889,661
7070,661
2181,661
29369,661
30035,661
31881,661
31856,661
7737,661
7737,661
11737,661
31005,661
11102,661
17856,661
12924,661
2936,661
22815,661
8164,661
29057,661
20878,661
30993,661
20187,661
7737,661
6596,661
28296,661
4967,661
4272,661
21,661
30702,661
7709,661
8284,661
7573,661
8914,661
11051,661
16852,661
10956,661
8337,661
11707,661
11382,661
17746,661
6921,661
16853,661
14653,661
10648,661
17180,661
4557,661
429,661
8106,661
2930,661
4302,661
11996,661
22719,661
18678,661
2587,661
28184,661
11498,661
32264,661
2830,661
17941,661
3670,661
31175,661
18839,661
12846,661
13945,661
30567,661
14951,661
25098,661
2771,661
2398,661
11267,661
31916,661
4117,661
9867,661
30020,661
8852,661
31863,661
6734,661
14766,661
5516,661
4771,661
12767,661
9862,661
25446,661
19387,661
10006,661
26886,661
10220,661
13723,661
17962,661
10500,661
9603,661
21312,661
29258,661
2114,661
32365,661
17325,661
21064,661
1398,661
3167,661
5325,661
1571,661
9180,661
32365,661
30411,661
15106,661
19061,661
5030,661
24349,661
19993,661
12601,661
10228,661
23183,661
9732,661
14598,661
23920,661
2704,661
28591,661
1093,661
23439,661
19482,661
29034,661
4063,661
15082,661
27045,661
13584,661
13259,661
1178,661
11973,661
5476,661
18873,661
21211,661
5476,661
17693,661
19950,661
14616,661
22360,661
8116,661
10321,661
24190,661
9542,661
8360,661
11518,661
3890,661
31724,661
25507,661
11859,661
26881,661
16384,661
24361,661
29653,661
26087,661
27413,661
10880,661
4354,661
18388,661
64,661
2722,661
4840,661
8558,661
52,661
17888,661
20968,661
8097,661
5564,661
25133,661
16676,661
30006,661
22124,661
18266,661
1273,661
7257,661
7161,661
6564,661
6874,661
18240,661
14799,661
21478,661
10537,661
24985,661
31346,661
8601,661
4616,661
21796,661
3930,661
2825,661
8585,661
9620,661
10726,661
30654,661
21446,661
27319,661
4947,661
26171,661
26156,661
18778,661
146,661
30605,480
30584,480
30741,480
30700,480
30526,480
30728,480
30701,480
30626,480
30574,480
28101,480
28211,480
30528,480
28042,480
25300,480
16474,1048
27818,1048
1937,1048
2055,1048
20313,1048
881,1048
7636,1048
14828,1048
8438,1048
20907,1048
16512,1048
17525,1048
20106,1048
11152,1048
2496,1048
24290,1048
16485,1048
18936,1048
472,1048
24863,1048
3290,1048
30062,1048
3332,1048
3332,1048
30062,1048
7277,1048
30284,1048
14738,1048
13422,1048
32345,1048
15095,1048
30062,1048
8239,1048
25670,1048
16775,1048
4167,1048
28712,1048
741,1048
21185,1048
21375,1048
4036,1048
7451,1048
25430,1048
5200,1048
714,1048
4759,1048
20548,1048
9211,1048
8185,1048
5420,1048
22905,1048
12516,1048
5857,1048
20141,1048
18725,1048
17874,1048
9680,1048
19290,1048
15191,1048
14766,1048
20021,1048
23259,1048
11054,1048
8888,1048
20667,1048
21216,1048
13091,1048
10258,1048
21214,1048
18844,1048
22442,1048
12879,1048
26230,1048
22824,1048
3909,1048
26013,1048
20857,1048
1997,1048
13322,1048
2401,1048
23442,1048
4589,1048
27158,1048
19351,1048
26190,1048
18170,1048
9256,1048
4904,1048
18050,1048
20414,1048
17804,1048
24425,1048
32306,1048
16571,1048
32504,1048
2084,1048
29609,1048
16571,1048
32539,1048
20656,1048
20562,1048
27172,1048
31101,1048
17443,1048
12029,1048
21013,1048
312,1048
13,1048
14753,334
24310,334
24796,334
30702,334
32004,334
22782,334
5789,334
1076,334
2344,334
7020,334
8142,334
25113,334
31066,334
441,334
15020,334
14190,334
3075,334
24867,334
1109,334
19844,334
22529,334
4154,334
5090,334
24305,334
441,334
23044,334
24785,334
23218,390
7757,390
8391,390
833,390
2158,390
9954,390
28672,390
14870,390
12089,390
8170,390
4469,390
6997,390
11678,390
14478,390
1964,390
22653,390
2154,390
3003,390
12440,390
596,390
14046,390
14046,390
10219,390
5077,390
16397,390
5798,390
16668,390
3774,390
19226,390
1158,390
23857,390
300,390
9207,390
30931,390
1158,390
18228,390
300,390
3914,390
28193,390
30603,390
3514,390
11001,390
5121,390
1799,390
1799,390
10619,390
306,390
18498,390
8013,390
16291,390
2192,390
8149,390
2192,390
315,752
315,752
26951,752
30848,752
19551,752
30702,752
31,752
6668,752
19551,752
7646,752
23648,752
23648,752
10653,752
15659,752
32182,752
15431,752
15659,752
9306,752
23280,752
12841,752
2419,752
9132,752
12632,752
7171,752
23135,752
30032,752
11412,752
1439,752
31929,752
29403,752
29403,752
27646,752
1561,752
1439,752
19290,752
31997,752
13959,752
748,752
4063,752
14667,752
1348,752
1348,752
19644,752
2529,752
17,752
2020,752
984,752
2020,752
13703,752
984,752
13703,752
13703,752
11412,752
2020,752
14667,752
17,752
10498,752
14667,752
10498,752
16790,752
3568,752
7664,119
23279,119
5756,119
3651,119
761,119
4852,119
15694,119
7104,119
1320,119
8882,119
21905,119
10273,119
4426,119
10793,119
4447,119
10408,119
11671,119
4044,119
12776,119
58,119
17211,119
4302,119
8317,119
21352,119
6394,119
27836,119
8792,119
16391,119
10944,119
24419,119
2062,119
9993,119
29301,119
18591,119
3780,119
1449,119
25664,119
5794,119
14705,119
16309,119
25055,119
25787,119
3726,119
9180,119
22376,119
5997,119
29150,119
22486,119
25584,119
28342,119
20896,119
195,386
137,386
6802,386
30491,386
20229,386
7969,386
11486,386
4865,386
18527,386
10507,386
1076,386
1973,386
2144,386
6548,386
1534,386
9076,386
967,386
30702,386
19558,386
9450,386
10956,386
14699,386
23717,386
20791,386
16339,386
4374,386
13149,386
14728,386
212,386
561,386
20395,386
18200,386
31301,386
8028,386
2135,386
678,386
13705,386
4301,386
23109,386
4316,386
3096,386
19905,386
11248,386
8201,386
2903,386
14203,386
32017,386
25184,386
31681,386
181,386
3759,386
3846,386
11163,386
11752,386
17374,386
15993,386
29399,386
29420,386
1382,386
31496,386
28175,386
26164,386
26872,386
203,386
29803,386
14598,386
26982,386
10072,386
11070,386
30102,386
15540,386
18220,386
16061,386
9718,386
3044,386
21594,386
5329,386
30127,386
18433,386
29303,386
27833,386
24549,386
13858,386
24952,386
2692,386
28820,386
4158,386
11557,386
24085,386
30,386
20396,386
3590,386
137,386
29851,386
589,386
13367,386
9076,386
28259,386
28246,386
630,386
23975,1008
10294,1008
13226,1008
5543,1008
5427,1008
21833,1008
30782,1008
8934,1008
8667,1008
25757,1008
8866,1008
2582,1008
8468,1008
4116,1008
24336,1008
5852,1008
10375,1008
23561,1008
8051,1008
26803,1008
28891,1008
6873,1008
30214,1008
733,1008
13828,1008
26803,1008
11458,1008
16579,1008
23561,1008
11361,1008
10242,1008
21630,1008
16592,1008
8488,1008
26112,1008
30326,1008
28294,1008
11361,1008
16478,1008
12439,1008
31335,1008
4098,1008
20643,1008
13097,1008
14709,1008
26803,1008
7573,1008
17661,1008
23561,1008
19715,1008
28059,1008
28059,1008
12851,1008
4565,1008
1663,1008
31089,1008
7450,1008
14125,1008
6504,1008
20682,1008
30923,1008
13751,1008
13751,1008
30734,1008
1963,1008
26410,1008
30291,1008
31328,1008
30554,1008
19717,1008
8526,1008
19541,1008
13694,1008
20669,1008
28801,1008
31184,1008
11458,1008
8903,1008
29384,1008
2868,1008
15005,1008
12872,1008
15918,1008
21597,1008
6574,1008
27563,1008
9613,1008
9743,1008
20669,1008
7061,1008
26663,141
19712,141
24343,141
15860,141
26880,141
23299,141
8139,141
25560,141
9480,141
5451,141
23746,141
28187,141
25108,141
27378,141
7766,141
29321,141
27293,141
4731,108
17951,108
11035,108
13548,108
5085,108
21824,108
11940,108
26746,108
12367,108
20806,108
11631,108
24113,108
17540,108
17130,108
24265,108
11900,108
28793,108
1854,63
14507,63
381,63
9830,63
14520,63
1169,63
3103,63
17298,63
871,63
546,63
10967,63
19685,63
27326,63
14614,63
12420,63
3645,63
3932,63
2274,63
432,63
432,63
23717,63
11249,63
3645,63
4179,63
1007,63
3147,63
3103,63
1526,63
9758,63
18743,63
27166,63
17774,63
1181,63
16503,63
17066,63
14119,63
1155,63
11015,63
23283,63
4711,63
15289,63
5267,63
2155,63
6742,63
2123,63
11869,63
9866,63
14351,63
2747,63
10045,63
3169,63
10646,63
19476,63
23732,63
3880,63
3516,63
21522,63
25304,63
23938,63
7318,63
17196,63
17141,63
17267,63
23087,63
11382,63
5290,63
15605,63
3436,63
27670,63
24576,63
11166,63
7163,63
10655,63
8273,885
16496,885
14442,885
4208,885
10773,885
5640,885
18743,885
3555,885
16212,885
11928,885
499,885
17620,885
9722,885
8349,885
1094,885
10499,885
360,885
19024,885
8046,885
31827,885
26206,885
13523,885
32243,885
134,885
31838,885
7244,885
6641,885
14412,885
161,885
623,885
16850,885
3724,455
10386,455
6198,455
2960,455
27014,455
20390,455
19000,455
9264,455
2488,455
10631,455
25791,455
30756,455
30756,455
23564,455
25989,455
25989,455
24426,455
24426,455
26204,455
3554,455
10036,455
10386,455
1455,455
27974,455
18486,455
31902,455
10997,804
1210,804
23906,804
24598,804
7260,804
17643,804
29287,804
1210,804
10533,804
19558,804
10997,804
13052,804
10533,804
11430,804
23379,804
23184,804
21477,804
7816,804
25481,804
22757,804
2998,804
15338,804
12466,804
24405,804
31493,804
31900,804
2962,804
27035,804
30850,804
15215,804
7264,804
26152,804
21334,804
16918,804
13051,804
24776,804
32286,804
14793,804
30177,804
22089,804
26564,804
27329,804
13294,804
17346,804
13607,804
30602,804
28825,804
1776,804
3868,804
14976,804
24886,804
25186,804
6806,804
24845,804
26992,804
22686,804
32328,804
2415,804
2659,804
20179,804
21933,804
12823,804
30459,804
30975,804
21834,804
31430,804
18744,804
9166,804
13200,804
22121,804
2769,804
21595,804
16177,804
28682,804
32283,804
31027,804
26591,804
9774,804
21549,804
7992,804
2152,804
28394,804
31990,804
20737,804
26762,804
11558,804
31027,729
15982,729
11178,729
6506,729
12311,729
27465,729
19489,729
28215,729
27750,729
28377,729
14284,729
23851,729
26175,729
23045,729
5644,729
31643,729
15982,729
12191,729
30254,729
12519,729
32313,729
29164,729
10112,729
10188,729
9726,729
24904,729
24438,729
27107,729
31473,729
25800,729
30335,729
30179,729
912,729
29941,729
31646,729
31646,729
10879,729
31646,729
19094,729
16307,729
28910,729
6590,729
14398,729
30461,729
7313,729
23196,729
31005,729
32252,729
30436,729
6523,729
6674,729
17659,729
26775,729
22522,729
31442,729
26666,729
29561,729
17430,729
2596,729
23828,729
30573,729
28512,729
9155,729
17160,729
6262,729
24596,729
6546,729
2799,729
24013,729
30768,729
31234,729
17298,193
19594,193
30568,193
19316,193
1656,193
1515,193
10197,193
1023,193
9548,193
23028,193
13019,193
6870,193
25640,193
6487,193
8660,193
7187,193
23525,193
6206,193
505,193
8387,193
18471,193
30506,193
2653,193
26627,193
12205,193
27597,193
1004,193
12504,193
21204,193
24754,193
17043,193
25504,193
22603,193
24440,193
29445,193
330,193
15240,193
7554,193
3660,235
9898,235
31164,235
8931,235
12543,235
7515,235
4638,235
8436,235
29521,235
9419,235
31771,235
17579,235
25746,235
21931,235
12766,235
16070,235
9714,235
702,235
5996,235
25326,235
3931,235
3642,235
14120,235
5793,235
28747,235
702,235
19554,235
3734,235
1862,235
12289,235
9533,235
6951,235
28429,235
328,235
15258,235
16319,235
21686,235
11808,235
16035,235
11254,235
12493,235
22650,235
19421,235
18184,235
12143,235
6055,235
2925,235
8318,235
22551,235
6087,235
9944,235
12289,235
9123,235
11978,235
11265,235
3513,235
14155,235
2404,235
27016,235
16708,235
10798,235
31659,235
2636,235
10616,235
7212,235
1383,235
24223,235
4954,235
23917,235
9509,235
18169,235
9798,235
5545,235
31762,235
14420,235
13058,235
3552,235
31669,235
5714,235
14175,235
28346,235
29180,235
7182,235
17591,235
18509,235
5553,235
21531,235
4569,235
12514,235
3889,235
7539,235
12675,235
12234,235
30930,235
7455,235
30036,235
9574,235
11639,235
9835,235
6088,235
1401,235
7880,235
11513,235
19223,235
14723,235
30890,235
31581,235
20956,235
24731,235
6517,235
22721,235
21313,235
22831,235
7955,235
481,278
17388,278
13967,278
20638,278
3505,278
6211,278
26439,278
22887,278
23398,278
1960,278
3540,278
16093,278
2829,278
26059,278
27924,278
16161,278
7010,278
28801,278
21196,278
7383,278
31371,278
31582,278
15353,278
15434,278
5638,278
17537,278
14562,278
11954,278
23864,278
8778,278
30242,278
8,278
25527,278
1381,278
4419,278
8305,278
17252,278
20853,278
24780,278
8606,278
30732,278
837,278
30766,278
3208,278
4720,278
10439,278
23381,278
17183,278
24513,278
12923,278
3373,278
1609,278
17912,278
24513,278
23717,278
827,278
20389,278
8604,278
6599,278
14090,278
588,278
31708,278
31582,278
6187,278
3353,278
31069,278
17675,278
3845,278
14228,278
24306,278
30026,278
18720,278
4793,278
4182,278
1990,278
24101,278
7834,278
1359,278
28925,278
8607,278
12920,278
26904,278
26059,278
11602,278
18351,278
31088,278
846,278
11761,278
11527,278
6956,278
28785,278
14654,278
10509,278
5116,278
12687,278
25391,685
6012,685
7400,685
25285,685
16601,685
21882,685
23676,685
20034,685
25801,685
13534,685
9089,685
10003,685
6833,685
23842,685
11278,685
13318,685
14606,685
383,685
17845,685
30147,685
15619,685
7645,685
20776,685
2727,685
30266,685
17557,685
13591,685
6507,685
10523,685
31820,685
9564,685
30298,685
5371,685
3108,685
31235,685
19072,685
356,685
12270,685
2240,685
32026,685
10620,685
5469,685
13630,685
31099,685
505,685
20851,685
9546,685
30978,685
12117,685
9958,685
16871,685
6417,685
32384,685
23043,685
9240,685
32312,685
29989,685
15773,685
23776,685
7207,685
14504,685
12311,685
27433,685
5940,685
24159,685
6703,685
30295,685
26621,922
2979,922
5409,922
25319,922
1833,922
442,922
20443,922
32513,922
14435,922
2389,922
17565,922
15609,922
29573,922
24066,922
17574,922
14336,922
25381,922
7321,922
21370,922
21370,922
14336,922
4200,922
9592,922
14476,922
19958,922
304,922
14487,922
26156,922
15391,922
9448,922
2310,922
24257,922
6201,922
17657,922
19450,922
14518,922
25538,922
25538,922
16357,922
23823,922
6262,922
23374,922
4618,922
31188,922
14082,922
28829,922
27365,922
31356,922
14303,922
17049,922
32408,922
21061,922
9248,922
10280,922
31884,922
6381,922
31216,922
9032,922
15929,922
18409,922
1634,922
3618,922
12495,922
782,922
20317,922
7227,922
25924,922
23188,922
7784,922
2617,922
10867,922
29643,922
2810,922
31982,922
32368,922
782,922
22997,922
8517,922
24912,922
31715,922
12907,922
11367,922
1088,922
14262,922
28072,922
14635,922
21127,922
31542,922
2302,922
2848,922
21497,922
16435,922
27790,922
6747,922
645,922
5820,922
5820,922
20017,104
24653,104
29296,104
16481,104
8450,104
21771,104
10315,104
10472,104
17832,104
18232,104
20330,104
16277,104
16522,104
20890,104
10659,104
13714,104
17667,104
10908,104
19495,104
22819,104
18070,104
28172,104
20565,104
28172,104
16394,104
24643,104
7229,104
19182,104
4662,104
19212,104
5995,104
25370,104
18026,104
25486,104
5271,104
7991,104
15711,104
17140,104
23294,104
17418,104
16795,104
15582,104
12600,104
26624,104
27810,104
10764,104
16241,104
13947,104
23048,104
8157,104
21210,104
11052,104
25108,104
28814,104
19113,104
24152,104
20192,104
22050,104
24254,104
9665,104
26836,104
11589,104
21435,104
10747,104
26751,104
11721,104
18871,104
9896,104
10143,104
20526,104
10255,104
10644,104
26954,104
22878,104
19548,104
14341,104
17829,104
29299,104
13931,104
22902,104
26298,104
4220,104
10711,104
28851,104
16460,104
9374,104
28851,104
5445,104
6499,104
23839,104
21706,104
21704,104
28677,104
4582,104
14268,104
11101,104
20848,104
19293,104
17830,104
11128,104
25293,104
24377,104
23929,104
9791,104
30213,759
2331,759
24442,759
22996,759
28946,759
11391,759
549,759
4236,759
11296,759
8600,759
278,759
30702,759
14423,759
556,759
26020,759
19250,759
5534,759
5460,759
27956,759
28822,759
3548,759
25364,759
13989,759
25581,759
2714,759
27171,759
24362,759
26977,759
27062,759
17121,759
2482,759
10630,759
8456,759
9984,759
12812,759
9037,759
13959,759
21170,759
12844,759
26475,759
5315,759
29662,759
19290,759
16285,759
19424,759
3245,759
11132,759
19274,759
269,759
1514,759
29059,759
19966,759
9234,759
13428,759
24121,759
2279,759
4676,759
1121,759
2057,759
19494,759
17278,759
3542,759
889,285
3528,285
22354,285
10259,285
31872,285
1206,285
20454,285
8879,285
2793,285
17388,285
2116,285
1160,285
4884,285
889,285
27788,285
9964,285
11954,285
15290,285
28271,285
29571,285
25323,285
17675,285
5044,285
8074,285
30011,285
17312,285
15801,285
24195,285
26959,285
7479,285
29770,285
9868,285
7674,285
6343,285
16877,285
1785,285
26709,285
28165,285
10765,285
28829,285
31377,285
31211,285
31353,285
21531,285
31175,285
7010,285
31167,285
30697,285
23570,285
7084,285
12105,285
3569,285
8869,285
25645,285
20804,285
838,285
4018,285
21031,285
29500,285
18361,285
4431,285
5868,285
7990,285
15892,285
2838,285
2088,285
22991,285
7707,285
15509,285
16522,285
13385,285
22830,285
30458,285
4507,285
17858,285
14087,285
2971,285
6463,285
29747,285
28116,285
31426,285
27382,285
5436,285
9339,285
17333,285
30786,285
7491,285
25192,285
15181,285
10058,285
16634,285
2224,285
15372,285
12765,285
17148,285
5483,285
10345,285
9824,285
10134,285
1152,285
4462,285
14265,285
4231,285
11980,285
22549,285
3953,285
6249,285
2282,285
12633,285
30060,285
13967,285
4210,285
4114,285
17196,285
17655,285
31796,285
7450,285
8778,285
1977,285
15578,285
23382,285
23283,285
7772,285
15572,285
23740,285
25655,285
13575,285
7667,285
3707,285
7908,285
12754,285
3158,285
3218,285
10579,285
9236,285
19210,285
17379,285
11925,285
17935,285
23123,285
20499,285
18595,285
30263,285
4750,285
8859,285
29460,285
26962,285
18019,285
23031,285
28646,285
14020,285
22790,285
23397,285
29977,285
9466,285
27798,285
12225,285
31088,285
4934,285
24055,285
1008,285
4948,285
11602,285
13253,285
966,285
8906,285
13128,285
20553,285
21914,285
7368,285
3223,285
7592,285
14054,285
5140,285
4889,285
31090,285
13879,285
952,285
31618,285
16317,285
11131,285
16483,285
7720,285
3543,285
5173,285
7720,285
19289,285
29288,285
7720,285
7720,285
5173,285
7720,285
16099,285
16099,285
5173,285
24504,285
29288,285
30120,285
24504,285
29288,285
1240,285
29288,285
29288,285
24504,285
5173,285
24504,285
24504,285
1240,285
7720,285
24504,285
24504,285
31810,285
5173,285
31810,285
1240,285
31810,285
5173,285
1240,285
1240,285
29288,285
7924,285
24504,285
5173,285
7924,285
31810,285
4750,285
5173,285
4750,285
24504,285
4750,285
29288,285
4750,285
2798,333
3942,333
7664,333
10966,333
1930,333
3389,333
5497,333
2824,333
799,333
14909,333
16385,333
9323,333
10863,333
1144,333
26750,333
26750,333
17132,333
2748,333
11407,333
24968,333
13227,333
5942,333
13463,333
25915,333
24477,333
21167,333
25090,333
22426,333
12963,333
1624,333
28501,333
8406,333
21960,333
14728,333
11057,333
842,333
4301,333
32004,333
14753,333
20415,333
17973,333
3719,333
11267,333
6781,333
31320,333
6181,333
27320,333
54,333
28388,333
23109,333
1646,333
26114,333
2575,333
11912,333
14576,333
30012,333
22712,333
25115,333
7020,333
11238,333
8254,333
25065,333
6764,333
30702,333
12030,333
19613,333
18377,333
2584,333
3471,333
11385,333
21629,333
27513,333
6267,333
1020,333
14403,333
2275,333
2657,333
8757,333
28350,333
14326,333
12139,333
31371,333
4227,333
18141,333
14026,333
8409,333
3271,333
9403,333
8997,333
31809,333
17512,333
19117,333
5686,333
25788,333
31563,333
911,333
25804,333
5482,333
21653,333
2983,333
19673,333
13583,333
5671,333
5046,333
16599,333
22996,333
23463,333
6355,333
27116,333
30552,333
2975,333
27624,333
5293,333
9857,333
24893,333
11741,333
23741,333
11949,333
21522,333
19226,333
21158,333
20427,333
16301,333
29959,333
2773,333
3023,333
9236,333
25113,333
21434,333
31842,333
21691,333
6751,333
25676,333
13565,333
4057,333
23990,333
16100,333
13932,333
31584,333
23674,333
20771,333
10154,333
11346,333
20260,333
1864,333
15494,333
31533,333
19169,333
30411,333
20185,333
25747,333
30195,333
16716,333
20572,333
19068,333
11547,333
31120,333
21797,333
12159,333
4703,333
5492,333
24693,333
21739,333
10590,333
3356,333
17069,333
5728,333
14514,333
14514,333
7540,333
17398,333
17398,333
11229,333
19844,333
21105,333
10306,333
1853,333
14803,333
14808,333
27705,333
22113,333
12724,333
700,333
13839,333
28889,333
10585,333
14637,333
20429,333
19290,333
16804,333
24397,333
24046,333
16773,333
26433,333
3076,333
3125,333
27452,333
8211,333
29437,333
3956,333
31477,333
31292,333
25822,333
4860,333
27269,333
29825,333
31664,333
11428,333
31664,333
5624,333
4264,333
29562,333
30552,333
4226,333
13757,333
21408,333
1122,333
29855,333
25050,333
20385,333
21958,333
5701,333
19087,333
11591,333
17324,333
9027,333
25794,333
20271,333
19495,333
13203,333
9403,333
23376,333
23376,333
23376,333
30552,333
28442,333
3875,333
15053,333
31807,333
9027,333
4037,333
23741,333
29790,333
30051,333
10496,333
1668,333
26202,333
23355,333
27536,298
28709,298
28409,298
27919,298
21419,298
18735,298
28409,298
23229,298
21419,298
23131,298
28709,298
28709,298
28964,298
26996,298
23131,298
30446,298
23818,298
18572,298
28993,1047
17560,1047
21970,1047
20327,1047
22940,1047
9580,1047
23421,1047
19428,1047
16558,1047
25693,1047
24561,1047
24678,1047
30758,1047
6026,1047
8296,1047
30202,1047
14647,1047
30202,1047
30202,1047
17838,1047
22856,1047
501,1047
3331,1047
7576,1047
32066,1047
2934,1047
9256,1047
23301,1047
6998,1047
25670,1047
11410,1047
11896,1047
18936,1047
14318,1047
2946,1047
16604,1047
8438,1047
22014,1047
24020,1047
15207,1047
15415,1047
18778,1047
22442,1047
15071,1047
10628,1047
4633,1047
30313,1047
21291,1047
25464,1047
12685,1047
17274,1047
28150,1047
11,1047
11324,1047
26896,1047
26656,1047
30284,1047
1069,1047
11569,1047
21959,1047
11569,1047
15536,1047
6483,1047
21708,1047
4167,1047
21185,1047
28767,1047
7451,1047
17415,1047
12295,1047
885,1047
23367,1047
17874,1047
34,1047
24416,1047
19290,1047
24837,1047
25451,1047
20690,1047
24492,1047
29106,1047
29574,1047
25958,1047
27172,1047
30681,1047
13184,1047
20667,1047
25419,1047
15557,518
23209,518
30417,518
22178,518
19680,518
22146,518
22146,518
21969,518
26473,247
11804,247
31618,247
17389,247
13179,247
5596,247
31630,247
17811,247
14658,247
23128,247
8604,247
18063,247
21525,247
4883,247
19790,247
30482,247
27315,247
372,247
12659,247
25739,247
31771,247
9705,247
7686,247
15679,247
4190,247
10592,247
1160,247
24012,247
19401,247
28216,247
6021,247
16483,247
10582,247
2148,247
15825,247
29994,247
18210,247
5065,247
7707,247
4048,247
11037,247
14302,247
6064,247
31759,247
13891,247
10496,247
25785,247
14452,247
29556,247
15952,247
29521,247
21913,247
21750,247
27966,247
75,247
16216,247
2971,247
586,247
7200,247
1560,247
2434,247
15780,247
18210,247
12448,247
18210,247
5946,247
8297,247
13540,247
1822,247
12672,247
17990,247
588,247
4738,247
22086,247
8801,247
28280,247
517,247
20350,247
10175,247
7533,247
30504,247
2722,30
27918,30
3868,30
23812,30
5870,30
19190,30
3587,30
13850,30
4937,30
11352,30
2896,30
1271,30
14702,30
25230,30
20382,30
11666,30
18049,30
25269,30
4743,30
1337,30
24019,30
18843,30
23809,30
27319,30
6445,30
25689,30
26483,30
6381,30
26353,30
8508,30
19590,30
1635,30
10556,30
2256,30
14406,30
26555,30
22928,30
4805,30
10931,30
10219,30
25666,30
26886,30
3878,30
9382,30
22866,30
14592,30
26171,30
1436,30
11266,30
25275,30
15887,30
1371,30
15340,30
3461,30
23588,324
9334,324
14790,324
18823,324
634,324
28573,324
5551,324
29022,324
29282,324
19800,324
28514,324
6239,324
21652,324
28421,324
21652,324
28421,324
31227,324
15544,166
29089,166
29532,1028
5266,1028
21539,1028
19018,1028
9583,1028
2962,1028
21591,1028
5093,1028
23609,1028
31379,1028
31905,1028
8544,1028
8126,1028
11740,1028
18744,1028
32533,1028
7285,1028
2703,1028
3968,1028
7869,1028
21685,1028
5732,1028
5266,1028
11740,1028
5266,1028
23530,1028
11740,1028
32537,1028
18867,1028
28602,1028
23753,1028
1600,1028
5266,1028
28602,1028
5266,1028
19569,1028
5266,1028
16007,1028
20466,1028
32537,1028
31931,1028
31931,1028
31931,1028
11813,1028
26257,1028
1600,1028
22288,1028
1600,1028
1600,1028
5266,1028
5266,1028
9028,1028
24776,1028
5266,1028
32537,1028
20442,1028
19511,1028
18851,1028
21738,1028
30840,1028
31913,1028
5266,1028
31913,1028
8005,1028
17806,1028
32536,1028
30840,1028
30197,1028
32529,1028
11813,1028
10724,1028
31931,1028
11813,1028
32529,1028
11813,1028
11813,1028
15103,1028
23502,1028
29510,1028
23983,1028
3868,1028
15103,1028
14159,1028
22507,1028
25590,1028
18172,1028
10221,1028
27671,1028
23138,1028
28685,1028
23138,1028
23379,1028
28685,1028
11032,1028
11032,1028
23138,1028
23415,1028
8576,1028
11032,1028
7483,1028
28611,1028
1600,1028
32529,1028
28611,1028
28611,1028
5266,1028
468,1028
24431,1028
468,1028
468,1028
413,1028
19511,1028
413,1028
19511,1028
468,1028
5266,1028
413,1028
1600,1028
29598,1028
32111,1028
2703,1028
28712,1028
16007,1028
5266,1028
5266,1028
31177,1028
31480,1028
5266,1028
32111,1028
5266,1028
12438,1028
6106,1028
6106,1028
9774,1028
26169,1028
21845,1028
21845,1028
24042,1028
3572,1028
24971,1028
26574,1028
26574,1028
5266,1028
5266,1028
1407,1028
11926,1028
1600,1028
413,1028
28611,1028
25366,1028
9579,1028
31384,1028
20228,1028
374,1028
30197,1028
30197,1028
30197,1028
5266,1028
4409,1028
4409,1028
18642,1028
12961,1028
19406,1028
9807,1028
18903,1028
3523,1028
17981,1028
32537,1028
17251,1028
2694,1028
5982,1028
4202,187
24628,187
1978,187
26826,187
14820,187
16846,187
1713,187
7916,187
13239,187
6245,187
15370,187
11158,187
19788,187
30414,187
19825,187
19634,187
1099,187
21300,187
11353,187
7044,187
8982,187
27908,187
25818,187
2933,187
8022,187
9062,187
24935,187
19283,187
5609,187
16156,187
15050,187
24471,187
27957,187
18228,187
26787,187
7507,187
29479,187
19463,187
15734,187
2570,187
31195,187
27941,187
11456,187
30208,187
5872,187
8889,187
3320,187
951,187
11045,187
12507,187
5826,187
5765,187
29671,187
11498,187
25713,187
20736,187
20490,187
14973,187
18503,187
17603,187
5939,187
1099,187
15677,187
11477,187
22841,187
1655,187
11903,187
31023,343
18828,343
4305,343
27188,343
6853,343
2624,343
6783,343
14268,343
17380,343
26830,343
28065,343
19332,343
11182,343
5560,343
14367,343
13935,343
15965,343
21705,343
12003,343
30393,343
3048,343
6934,343
18522,343
8883,343
14163,343
11217,343
5641,343
17434,343
16806,343
15279,343
15028,343
9451,343
6065,343
4830,343
23017,343
10033,343
21727,343
6863,343
22898,343
19049,343
2608,343
22236,343
19284,343
9610,343
3537,343
19734,343
13728,343
15596,343
11493,343
5854,343
7828,343
6611,343
25687,343
16368,343
12536,343
14373,343
9903,343
11871,343
25825,343
10033,343
25825,343
8811,343
21113,343
27983,409
9429,409
29641,409
50,409
8556,409
25602,409
28094,409
4157,409
28054,409
3150,409
8752,409
7696,409
30849,409
19788,409
19825,409
19463,409
11456,409
28574,409
25072,409
25818,409
9588,409
6485,409
7643,409
6446,409
5939,409
29641,409
17587,409
30449,409
14974,409
30253,409
6764,793
25670,793
29942,793
4195,793
15706,793
6675,793
14168,793
9149,793
261,793
1817,793
11,793
187,793
18384,793
30748,793
15501,793
7744,793
2103,793
31534,793
2819,793
25475,793
28757,793
30016,793
7705,793
28757,793
22685,793
10277,793
28871,793
3431,793
3431,793
11656,793
27929,793
303,793
31526,793
32079,793
23334,793
26961,793
37,793
23028,12
3354,12
11933,12
17713,12
9645,12
18536,12
7237,12
5542,12
5720,12
21129,12
26338,12
25911,12
14578,12
15691,12
19500,12
12601,12
18546,12
9098,12
17869,12
19753,12
18241,12
22657,12
21030,12
24652,12
13070,12
16492,12
9199,12
10237,12
27119,12
8173,12
24650,12
3995,12
24451,12
23530,12
14577,12
17769,12
16935,12
21538,12
10269,12
2462,12
6776,12
26571,12
26571,12
25953,771
13508,771
25270,771
31896,771
846,771
3515,771
32030,771
3992,771
7638,771
1622,771
17088,771
6598,771
27611,771
11871,771
2032,771
7383,771
2925,771
3369,771
1289,771
21699,771
31668,771
15911,771
18310,771
26983,771
28,771
11796,771
10172,771
1769,771
19408,771
10445,771
4374,771
12276,771
20912,771
30949,771
5000,771
6079,771
6079,771
17199,771
14568,771
27467,771
26351,771
9615,771
434,771
14216,771
25878,771
18987,771
17485,771
19156,771
28,771
3757,771
3757,771
6983,771
16832,771
30479,771
4651,771
4570,771
8695,771
14208,771
9671,771
17008,771
25290,771
4713,771
27576,771
16989,771
6062,771
20946,771
28229,771
20245,791
20245,791
20245,791
20245,791
20245,791
18168,791
17266,791
20245,791
17266,791
20245,791
22917,791
27987,791
13608,791
12411,791
27586,791
30046,791
24406,791
24406,791
27586,791
30516,791
31294,791
31294,791
9951,791
9951,791
17234,791
17234,791
14934,791
21404,791
18126,791
20893,791
28536,791
5230,549
25641,549
4897,549
30497,549
11644,549
30478,549
26833,549
18098,549
22561,549
31106,549
29681,549
18914,549
2679,549
12212,549
18022,549
22038,549
21768,549
24464,549
5948,549
16258,549
14148,549
24383,549
18592,549
5431,549
16283,549
3577,549
3693,549
1802,549
22664,549
1005,549
1021,549
3437,549
720,549
8577,549
15214,549
15437,549
20259,549
8653,549
24323,549
16881,549
26529,549
20754,549
23984,549
531,549
29130,549
15149,549
15817,549
30075,549
30250,549
29990,549
13559,549
24559,549
18293,549
15383,549
12626,549
32215,549
22904,549
25570,549
28254,549
24163,549
26456,549
29813,549
30462,549
28565,549
31279,549
17087,549
20955,549
22437,549
8460,549
25305,549
23875,549
24348,549
31285,549
20458,549
612,549
15432,549
11699,549
15128,549
14197,549
26548,549
5225,549
31936,549
18800,549
27015,549
30074,549
12521,549
25855,549
20961,549
15373,549
1962,549
77,549
18777,549
21995,549
17382,549
1529,549
32156,549
29523,549
26510,549
13767,549
13436,549
23049,549
30117,549
22155,549
13871,549
13871,549
1139,549
12858,549
19396,549
3029,549
30933,549
21289,549
20128,549
9417,549
21925,549
22539,549
9730,549
12460,549
27265,549
5066,549
4055,549
870,549
20264,549
3454,549
16352,549
3446,549
30902,549
7077,549
7141,549
9526,549
30429,549
22356,549
27369,549
16717,549
22328,549
353,549
21907,549
17279,549
5178,549
20606,549
3036,549
3731,549
27606,549
29866,549
8697,549
9159,549
25434,549
8628,549
15201,549
13626,549
16976,549
10888,549
23635,549
5964,549
17534,549
2820,549
18461,549
16101,549
20183,549
27024,549
4674,549
9873,549
21449,549
24464,549
6192,549
14124,549
21123,549
30067,549
28093,549
8315,549
26106,549
23592,549
32180,549
22880,549
17473,549
10268,549
18874,549
26579,549
23698,549
19268,549
11827,549
26823,549
20745,549
7680,549
5508,549
30279,549
17685,549
27104,549
8791,549
19428,549
21807,549
24143,549
19612,549
31276,549
26558,549
19137,549
25870,549
25516,549
23196,549
11914,549
4885,549
23319,549
20268,549
3673,549
27344,549
30571,549
12447,549
19288,549
19971,549
23378,549
28039,549
29854,549
27905,549
31689,549
3040,549
24068,549
22897,549
10736,549
18024,549
10396,549
11314,549
7312,549
22908,549
20506,549
11796,549
29656,549
21038,549
29697,549
31438,549
18542,549
5874,549
21906,549
19067,549
26758,549
25066,549
15392,549
31524,549
9707,549
9569,549
6226,549
30782,987
8498,987
16459,987
15378,987
30721,987
9900,987
6107,987
20215,987
2926,987
32501,987
21014,987
18963,987
30226,987
21924,987
10299,987
12703,987
9781,987
13500,987
9375,987
20511,987
32186,987
7273,987
18578,987
3911,987
18912,987
736,987
27309,987
31895,987
10845,987
17733,987
19499,987
25042,987
18453,987
87,987
9225,987
657,987
11684,987
19994,987
6437,987
21057,987
4707,987
1375,987
30226,987
19715,987
30374,987
8392,987
13396,987
10686,987
26593,987
28308,987
19679,987
13734,987
25392,987
14209,987
6297,987
24336,987
7261,987
21802,987
21112,987
1663,987
13212,987
28639,987
7344,987
16544,987
14485,987
21124,987
15917,987
16544,987
26332,987
32337,987
10625,987
30505,987
32382,987
1366,987
1278,987
10792,987
11531,987
24292,987
28308,987
23261,987
23261,987
9445,987
4729,987
28915,987
7334,987
25762,987
29330,987
30454,987
30887,987
28374,987
28801,987
29273,987
27113,987
27563,987
24308,987
30560,987
2582,987
6659,987
24100,987
6516,987
21765,987
32193,987
20643,987
32437,987
1100,987
17237,987
15514,987
24622,987
8825,987
13928,987
15013,987
25119,987
19901,987
13239,987
28924,987
16013,987
7073,987
26162,987
30824,987
10242,987
19143,987
637,987
29107,987
22546,987
6703,987
26163,987
23642,299
2934,299
29780,299
10920,299
13842,299
23259,299
11860,299
26484,299
5349,299
400,299
26484,299
24693,299
18782,299
14041,299
2893,299
6292,299
7517,299
2967,299
10225,299
23706,299
29172,299
6131,299
26862,299
27786,299
402,299
12933,299
1525,299
12728,299
25220,299
15584,299
11165,299
23906,299
8075,299
2950,299
12809,299
27576,299
19706,299
591,299
868,299
5172,299
20089,299
25903,299
11606,299
2062,299
4211,299
19200,299
18042,299
20176,299
10816,299
4211,299
7628,299
19290,299
7311,299
30919,299
15470,299
26559,299
19383,299
15150,299
19383,299
12108,299
19950,299
13433,299
733,299
13789,299
23241,299
24082,299
22308,299
1716,299
18668,299
15402,299
1622,299
24436,299
5569,299
17500,299
3647,299
8109,299
23156,299
28085,299
2887,299
3373,299
10866,299
30175,299
1987,299
31448,299
30190,299
21010,299
21010,299
10775,299
27805,299
22000,299
22000,299
23743,299
27805,299
13958,299
28227,299
13958,299
18668,299
11818,299
22708,299
23844,299
13851,299
30524,299
30524,299
9949,299
19004,299
15212,299
17060,299
12968,299
1838,963
16762,963
12641,963
12641,963
26727,963
29782,963
17773,963
7615,963
30962,963
30962,963
4660,963
24805,963
7245,963
18898,963
3784,963
10502,963
11430,963
31712,963
23302,963
2962,963
2962,963
26334,963
32295,963
2266,963
23924,963
8154,963
31424,963
15606,963
26867,963
1838,963
11813,963
421,963
21265,963
31489,963
14741,963
25040,963
6148,963
28540,963
26696,963
26696,963
24221,963
25845,963
15875,963
21863,963
18867,963
8557,963
23983,963
22280,963
29953,963
28248,963
17619,963
28248,963
9053,963
16482,963
11446,963
22386,963
30579,963
24537,963
11126,963
29694,963
27058,963
29318,963
29318,963
9366,1031
22103,1031
22444,1031
21639,1031
13505,1031
17559,1031
30849,1031
16989,1031
8991,1031
182,1031
12723,1031
22230,1031
12723,1031
4363,1031
19788,1031
19825,1031
17803,1031
32083,1031
15271,1031
15298,1031
17980,1031
25569,1031
19786,1031
15898,888
24932,888
15923,888
15145,888
15556,888
26231,888
30963,888
15729,888
30690,888
25585,888
25803,888
24932,888
23518,888
7,888
10483,888
30188,888
22499,888
14829,888
22678,888
13094,888
6334,888
23649,888
28829,888
27483,888
9044,888
29292,888
20459,888
9862,888
14803,888
31922,888
30702,888
32004,888
10293,888
30178,888
16461,888
21528,888
18385,888
9575,888
16583,888
11953,888
3310,888
26714,888
850,312
6359,312
16,312
10918,312
16971,312
13297,312
3392,312
2427,312
7859,312
5212,312
15471,312
25632,312
3239,312
7670,312
1466,312
10438,312
16737,312
28364,312
9879,312
21474,312
23206,312
26607,312
25550,312
6486,312
21332,312
5787,312
9462,312
7817,312
11442,312
8885,312
9945,312
4367,312
3728,312
26324,312
9074,312
3972,312
8974,312
9587,312
2304,312
30796,312
740,312
21157,312
4631,312
17315,312
30753,312
13800,312
14496,312
22249,312
19872,312
3,312
3012,312
5184,312
22018,312
5137,312
28396,312
7118,312
29872,312
10499,312
19270,312
25736,312
11349,312
22893,312
16679,312
26873,312
24599,312
30081,312
2682,312
10988,312
18049,312
22331,312
29142,312
21432,312
26866,312
15859,312
15859,312
15159,312
22234,312
31687,312
18229,631
15740,631
2582,631
2633,631
13928,631
5971,631
22252,631
2232,631
1852,631
22038,631
7986,631
12088,631
5212,631
13133,631
26305,631
10732,631
31974,631
16864,631
6114,631
14535,631
1823,631
1502,631
30643,631
136,631
22007,631
23250,631
3009,631
10252,631
2365,631
262,631
1044,631
26339,631
24241,631
11932,631
2497,631
12112,631
20869,631
21016,631
27334,631
24455,631
13333,631
15227,631
28921,631
29703,631
16655,631
10845,631
18779,631
18790,631
9812,631
31099,631
13594,631
8787,631
19493,631
10879,631
26368,631
4823,631
9018,631
827,631
12495,631
27088,631
5165,631
18924,631
12323,631
2750,631
3085,631
24336,631
26466,631
1825,631
32212,631
28089,631
4333,631
12810,631
26374,631
21283,631
19370,631
19497,631
292,631
12042,631
28557,631
13788,631
27217,631
27079,631
26377,631
14081,631
27087,631
26371,631
30074,631
11184,631
27081,631
27082,631
25057,631
26372,631
28776,631
28095,631
25056,631
27078,631
31387,631
27932,631
21819,631
26334,631
15773,631
30188,631
27190,631
15178,688
23573,688
8083,688
11901,688
20454,688
16581,688
23758,688
22677,688
29348,688
3322,688
424,688
6942,688
30978,688
1321,688
26493,688
1469,688
29204,688
28074,688
27885,688
22805,688
23860,688
24336,688
10446,688
14840,688
24072,688
26997,688
29781,688
21965,688
24144,688
12128,688
14373,688
14104,688
11760,688
14950,688
19702,688
32379,688
17322,688
15989,688
25994,688
27694,688
29915,688
29915,688
19230,688
23139,688
28063,688
6284,688
16753,688
30122,688
6015,688
11732,688
31568,688
16745,688
4877,745
25024,745
28061,745
12730,745
1391,745
1400,745
20407,745
30000,745
8650,745
28500,745
987,745
18048,745
12142,745
23227,745
22894,745
30017,745
2071,745
1537,745
4201,745
30488,745
30814,745
18782,745
28061,745
11098,745
22719,745
6395,745
30488,745
4644,745
4877,745
11597,745
28061,745
16159,745
9813,745
25277,745
21867,745
1670,745
10261,745
20727,745
20323,745
25292,745
18393,745
31537,745
6735,745
8370,745
31103,745
15961,745
11416,745
20999,745
26835,745
1925,745
32021,745
8894,854
28991,854
5688,854
9768,854
30048,854
3230,854
4381,854
7589,854
20207,854
8550,854
19208,854
30744,854
22331,854
9949,854
9346,854
9346,854
10200,854
16457,854
21715,854
25185,854
2654,854
66,854
8362,854
8362,854
30377,513
22774,513
28963,513
8374,513
17272,513
22150,513
28476,513
10982,513
6094,513
7963,513
17020,513
19503,513
8354,513
18102,513
5886,513
17562,513
5567,513
17562,513
8632,513
16158,513
17616,513
29710,513
21966,513
24195,513
21811,513
2146,513
28476,513
5567,513
17272,513
17272,513
20273,513
20273,513
5751,774
256,774
12189,774
7503,774
9200,774
27283,774
7827,774
32064,774
3278,774
6327,774
7272,774
19388,774
10787,774
23394,774
29291,774
12139,774
25371,774
9970,774
13089,774
32012,774
22183,774
15252,774
12305,774
17138,774
10092,774
14901,774
31335,774
32389,774
18704,774
14196,774
26417,774
107,774
14434,774
22011,774
2582,774
29428,774
23139,774
27382,774
5668,774
4929,774
14413,774
4690,774
29057,774
20158,774
31343,774
2766,774
25653,774
16581,774
7117,774
15013,774
29369,774
32134,774
9337,774
8789,774
28651,774
32282,774
30206,774
12462,774
2543,774
12990,774
30026,774
10647,774
13097,774
12827,774
24935,774
14285,774
31355,774
29984,774
21759,774
13870,774
29572,774
9474,774
30738,774
4565,774
25088,774
6524,774
25046,774
24740,774
18447,774
5353,774
12352,774
16583,774
18318,774
5925,774
5110,774
7893,774
11586,774
13424,774
24887,774
7519,774
7742,774
31073,774
23651,774
32327,774
21179,774
12552,774
19025,774
25507,774
4677,774
22738,774
23052,774
28801,774
19831,774
30138,774
25130,774
8025,774
22531,774
25130,774
28676,774
16167,774
19957,774
28897,774
29711,774
30053,774
22109,774
22415,774
28078,774
19459,774
27382,774
32457,774
12095,774
32124,774
19269,774
2975,774
25536,774
23141,774
5461,774
21703,774
23265,774
17281,774
13439,774
7300,774
13563,774
9612,774
20886,774
1833,774
27944,774
31527,774
3166,774
25494,774
11346,774
15702,774
20107,774
28207,774
31162,774
7810,774
9819,774
7061,774
31654,774
23265,774
5461,774
19949,774
2512,774
27113,774
7047,774
5864,774
26828,774
28361,774
31095,774
6218,774
31953,774
16505,774
28752,774
10969,774
15419,774
27676,774
2513,774
29765,774
16610,774
30868,774
15495,774
14023,774
2270,939
19039,939
1729,939
9362,939
7812,939
19694,939
7445,939
1892,939
22061,939
5533,939
2267,939
31078,939
27693,939
9948,939
2760,939
20539,939
30963,939
851,939
2213,939
2733,939
3092,939
21345,939
2347,939
21950,939
24742,939
18307,939
28668,939
8106,939
22074,939
14229,939
15253,939
10802,939
25101,939
6585,939
8813,939
18265,939
21817,939
13414,939
17361,939
15068,939
2034,939
31483,939
1883,939
26463,939
31014,939
19233,939
28404,939
30656,939
12903,939
1474,939
30032,939
13334,939
12743,939
7193,939
2543,939
32004,939
30702,939
18911,939
8667,939
21206,939
275,939
6577,939
8850,939
9773,939
12593,939
1550,939
6744,939
3705,939
23725,939
24483,939
363,939
16145,939
28289,939
3268,939
13088,939
21082,939
30656,939
3756,939
4227,939
19097,939
19097,939
25796,939
13066,939
9613,939
7852,939
22089,939
7852,939
22089,939
23325,939
21574,939
21094,939
29094,939
10399,939
3978,939
18373,939
12343,939
1664,939
12818,939
20138,939
2816,939
3590,939
28732,939
32399,939
32399,939
20865,939
21779,939
5798,939
2740,939
5889,939
24788,939
13298,939
11558,939
19435,939
20186,939
6358,939
21209,939
5551,939
29384,939
30070,939
27629,939
19426,939
29509,939
31730,939
15880,939
21998,939
13060,939
30523,939
16307,939
16295,939
3664,939
21409,939
22604,939
465,939
3546,939
8328,9
16279,9
22116,9
19929,9
19929,9
12279,9
19470,9
17289,9
11970,9
6962,9
8812,9
15142,9
21259,9
21259,9
18881,9
15618,9
21490,9
23541,9
14762,9
5775,9
26359,9
21604,9
21095,9
18075,9
17420,9
8865,9
12157,9
21063,9
9965,9
11113,9
21350,9
21329,9
4659,9
6037,9
4659,9
4659,9
4659,9
6037,9
11292,9
21212,9
25294,9
10866,9
23287,9
13044,9
17601,9
17486,9
5445,9
26836,9
19546,9
15496,79
10817,79
18051,79
6945,79
12950,79
15496,79
16910,79
23232,79
23666,79
18682,79
19684,79
20909,79
27756,79
10091,186
14052,186
9437,186
29398,186
8037,186
15681,186
2709,186
3861,186
21364,186
12784,186
17091,186
26826,186
9322,186
7155,186
11503,186
23453,186
14907,186
6627,186
22320,186
128,186
15996,186
9324,186
6109,186
16263,186
21575,186
26058,186
4494,186
4723,186
27544,186
4008,186
10545,186
15572,186
9831,186
1417,186
899,186
5765,186
6024,186
27481,186
9960,186
1923,186
19594,186
12650,186
19539,186
25633,186
540,186
1710,186
10708,186
9893,186
30663,186
1454,186
2345,186
24834,186
10067,186
25544,186
29974,186
8832,186
15376,186
3234,186
22667,186
8195,186
17759,186
10482,186
15364,186
4392,186
19283,186
19417,186
7507,186
26556,186
16962,186
2602,186
22160,186
13447,186
18353,186
23630,186
18728,186
8531,186
16,186
6334,186
11461,186
6054,186
24636,186
11078,186
13586,186
19229,186
2498,186
1471,186
5262,186
14255,186
12894,186
7353,186
9541,186
29671,186
29298,186
28801,186
10912,186
18471,186
15700,186
2720,186
30414,186
18352,186
30777,186
21346,186
24748,186
27591,186
29960,186
25742,186
19583,186
12552,186
28850,186
13415,186
7458,186
8751,186
30777,186
10688,186
12361,186
26148,186
21005,186
13619,186
6245,186
23998,186
16951,186
29284,186
19580,186
28944,186
28010,186
7915,186
20686,186
2913,186
18728,186
4910,186
2615,186
162,186
27294,186
2937,186
18055,186
11624,186
22457,186
16006,186
26201,186
11290,186
30812,186
9649,186
29960,186
8596,186
7269,186
10008,186
13586,186
13586,186
9064,186
22645,186
14930,186
24336,186
21601,186
19038,186
27277,186
10790,186
5186,186
22686,186
30506,186
19414,186
17137,186
23083,186
14504,186
21175,186
3121,186
15734,186
28205,186
28031,186
5763,186
26886,186
3440,186
30645,186
6410,186
4810,186
15773,186
2727,186
12495,186
17833,186
25023,186
11517,186
21763,186
5540,186
23856,186
13415,186
7327,186
11514,186
14065,186
29320,186
27877,186
22074,186
15331,186
8889,186
31047,186
3777,186
30906,186
17975,186
13659,186
3320,186
15880,186
21438,186
15060,186
23637,186
13425,186
20871,186
30021,186
26339,186
28589,186
5754,186
20238,186
30223,186
1143,186
1143,186
20382,186
8658,186
29841,186
28482,186
20977,186
2512,186
11498,186
12991,186
28699,186
30270,186
4132,186
3663,186
24312,186
29845,186
20914,186
13047,186
7538,186
7929,186
3234,186
30421,186
24136,186
15177,186
11551,186
31034,186
20236,186
28799,186
2801,186
8193,186
3921,186
28174,186
11248,186
218,186
28242,186
7353,186
1450,186
13164,186
11468,186
17306,186
25698,186
3664,186
19812,186
16934,186
30578,186
9361,186
24810,186
27932,186
14462,186
24638,186
6138,186
10923,186
17209,186
16600,186
18780,186
23558,186
1703,186
17741,186
1371,186
21009,186
24727,186
24984,186
8949,186
31149,186
21102,186
22993,186
11315,186
2681,186
26027,186
14351,186
2592,186
16946,186
10444,186
5564,186
14425,186
15883,186
17905,186
8151,186
25973,186
27525,186
25662,186
20299,186
23211,186
24993,186
30981,186
25184,186
28809,186
31243,186
30460,186
24371,186
7329,186
21776,186
27855,186
28314,186
10411,186
4812,186
15996,186
28809,186
13586,186
9552,245
14438,245
1781,245
7664,245
9634,245
6057,245
2113,245
2583,245
29012,245
6514,245
24522,245
9742,245
12450,245
31458,245
12611,245
18283,245
27042,245
20073,245
1578,245
15147,245
27514,245
13082,245
378,245
23327,245
5255,245
7850,245
5706,245
1836,245
2689,245
11475,245
1828,245
7619,245
26126,245
12185,245
5485,245
8540,245
1988,245
9466,245
4051,245
12835,245
10058,245
12477,245
8461,245
983,245
12417,245
3261,245
14594,245
19790,245
16254,245
26684,245
10255,245
18181,245
14837,245
29810,245
18827,245
27636,245
2693,245
286,245
4070,245
6832,245
1046,737
11184,737
10092,737
24959,737
25480,737
2597,737
12994,737
25783,737
23507,737
31042,737
15186,737
29814,737
11652,737
28091,737
13263,737
15329,737
32059,737
27080,737
17557,737
32342,737
11024,737
16330,737
15773,737
28695,737
26369,737
25288,737
9789,737
31753,737
25643,737
32084,737
18790,737
21279,737
26375,737
11167,737
12421,737
26373,737
26377,737
10524,737
26379,737
27280,737
29233,737
25553,737
11133,737
31377,737
28184,737
13263,737
25164,737
24578,737
24578,737
1533,737
1533,737
28695,737
2807,944
29113,944
18677,944
4827,944
2642,944
30364,944
8502,944
11585,944
32408,944
12835,944
31991,944
14592,944
2531,944
10805,944
18510,944
2389,944
22112,944
18356,944
1064,944
31320,944
1066,944
25341,944
31749,944
32041,944
15276,944
31749,944
9891,944
4501,944
27035,944
7434,944
1187,944
21175,944
23283,944
21177,944
27326,944
25012,944
28970,944
13107,944
23674,944
15082,944
6814,944
30702,944
243,944
824,944
23900,944
4632,944
26296,944
28302,944
2699,944
27874,944
32086,944
15366,944
11081,944
10585,944
12326,944
16028,944
5467,944
16028,944
23349,944
5467,944
12724,944
4011,944
541,944
11605,944
21374,944
16740,944
8361,944
32367,944
10805,944
3122,944
16767,944
16767,944
4407,944
9297,944
29504,944
21530,944
12422,944
10805,944
27737,944
27238,944
1211,944
1895,944
1211,944
10805,944
5322,944
10385,944
9575,944
29278,944
31009,944
3805,23
8422,23
10706,23
11805,23
7290,23
3675,23
13894,23
15845,23
21175,23
2196,23
2824,23
21464,23
15762,23
15762,23
18732,23
23093,23
8665,23
24204,768
444,768
19084,768
844,768
7646,768
28676,768
25132,768
30432,768
24605,768
31873,768
14954,768
9921,768
11185,768
28938,768
20037,768
5054,768
17712,768
13276,768
355,768
29903,768
25255,768
21554,768
10877,768
19390,768
24118,768
27847,768
16335,768
16424,768
9821,768
10850,768
28203,768
16235,768
8056,768
10332,768
1845,768
11627,768
2974,768
3632,704
225,704
28803,704
22787,704
3905,704
227,704
4749,704
4079,704
16209,704
21613,704
7814,704
6908,704
16528,704
3262,704
29980,704
31371,704
8800,704
8803,704
6796,704
13717,704
4046,704
26136,704
142,704
704,704
1898,704
7506,704
1560,704
424,704
28361,704
2614,704
2442,704
21029,704
16757,704
9000,704
6193,704
24276,704
24433,704
16702,704
26495,704
24424,704
23235,704
16649,704
20199,704
9890,704
9995,704
22320,704
4280,704
4267,704
9591,704
9413,704
6275,704
6275,704
32319,704
14417,234
316,234
7709,234
27983,234
9429,234
24628,234
21761,234
22154,234
25833,234
1483,234
2600,234
14347,234
23810,234
26885,234
25602,234
28094,234
7080,234
523,234
9076,234
27185,234
16802,234
30503,234
26799,234
30849,234
6375,234
5779,234
7919,234
31614,234
340,234
6375,234
6505,234
19238,234
24543,234
1308,234
1778,234
1900,234
28688,234
19463,234
11456,234
29723,234
2870,234
7325,234
523,234
30503,234
16819,234
17063,234
9985,234
29385,234
2594,234
30503,234
17767,234
2271,234
23385,234
24928,234
9638,234
1397,234
21564,234
11494,234
4496,234
27192,234
17762,234
4161,234
17664,234
6873,234
20529,234
2063,234
24596,234
3274,234
9604,234
4840,234
7189,234
7189,234
27185,234
8505,234
2278,234
7189,234
15257,234
8868,234
2600,234
15174,234
28202,234
6545,234
16264,234
16819,234
25070,234
16819,234
6730,234
1956,234
9985,234
1781,234
4473,234
2033,234
13046,234
12398,234
5882,234
30503,234
17587,234
9161,234
21531,234
26134,234
15174,234
29479,234
5826,234
6415,234
5568,234
11606,234
8304,234
6003,234
5882,234
523,234
15252,234
5745,234
15061,234
523,234
15035,234
28976,866
107,866
14317,866
15769,866
18238,866
18550,866
1602,866
24490,866
15268,866
5928,866
29413,866
13527,866
11059,866
19362,866
30666,866
20238,866
25207,866
16043,866
26077,866
16402,866
32484,866
25163,866
32436,866
15004,866
8537,866
13352,866
5031,866
5852,866
27957,866
14552,866
32483,866
31485,866
7496,866
17459,866
31324,866
26535,866
16876,866
15769,866
11451,866
30145,866
11888,866
20283,866
32373,866
30540,866
32132,866
32479,866
6209,866
32445,866
7587,866
9105,866
27362,866
6667,866
19737,866
13355,866
27165,866
13239,866
8547,866
31508,866
19465,866
28658,866
29566,866
15435,866
17045,866
5199,866
7694,866
30041,866
13707,866
30389,866
32461,866
22405,866
18406,866
19269,866
28749,866
15934,866
19139,866
19760,866
2149,866
6637,914
222,914
25063,914
11824,914
7006,914
8472,914
17050,914
29706,914
991,914
28918,914
7111,914
32443,914
17738,914
7049,914
29514,914
13729,914
24925,914
1933,914
2194,914
3432,914
23957,914
17810,914
32257,914
29770,914
24593,914
2355,914
10357,914
31235,914
13305,914
3519,914
14786,914
1360,914
13736,914
28074,914
12269,914
9373,914
32472,914
13633,914
26665,914
3080,914
32000,914
8332,914
7431,914
8392,914
32302,914
12826,914
10698,914
26025,914
17801,914
29134,914
21925,914
25118,914
19936,914
16938,914
9611,914
20333,914
4952,914
15146,914
18300,914
4038,914
23723,914
23570,914
13203,914
32031,914
19115,914
19158,914
17126,914
28260,914
16268,914
13349,914
16845,914
29052,914
16310,914
25873,914
28879,914
26754,914
12014,914
19305,914
19760,914
11555,914
28294,914
16575,914
2220,914
7231,914
26865,914
15852,914
6657,914
3997,914
22029,914
17323,914
26865,914
6063,914
32443,914
7463,914
15842,914
22511,914
17814,914
24336,914
29775,914
25001,914
20786,914
14891,914
24700,914
31102,914
23994,914
2703,914
6148,914
19646,914
960,914
16304,914
16393,914
26134,914
29598,914
25611,914
17346,914
32257,914
20823,914
7227,914
12336,914
16273,914
32381,914
14140,914
5663,914
8007,914
8547,914
29386,914
27213,914
25296,914
27792,914
2683,914
22972,914
17546,914
16331,914
23729,914
28984,914
23846,914
13607,914
21879,914
21278,652
31616,652
7658,652
7988,652
6967,652
20908,652
17098,652
3030,652
23588,652
3394,652
25429,652
7988,652
6728,652
6728,652
9691,652
23006,652
11769,652
14062,652
31072,652
12091,652
16502,652
7708,652
10501,652
30055,652
1620,652
31001,652
26019,652
18958,652
27765,652
24391,652
22473,652
25026,652
19621,652
16536,652
8605,652
31794,652
31488,652
9640,77
5747,77
21142,77
21142,77
5169,77
18514,77
22944,77
12411,77
16663,77
20773,77
8498,360
41,360
8182,360
1937,360
9433,360
10595,360
8674,360
8674,360
27331,360
12004,360
26597,360
11153,360
28060,360
6628,360
7437,360
8674,360
5168,360
21022,360
2438,360
21022,360
2144,360
24920,360
12557,360
23707,360
14919,360
26149,360
23388,360
4460,360
18094,360
25808,360
27238,360
12376,360
31823,360
16427,360
12288,360
30805,360
25983,360
30794,360
30361,360
6703,360
28995,360
15244,360
15244,360
31927,360
14381,370
24807,370
31055,370
30235,370
8391,370
9496,370
29865,370
6811,370
15043,370
10767,370
836,370
21774,370
9077,370
18921,370
629,370
10255,370
20916,370
18830,370
28362,370
25750,370
4284,370
29995,370
4284,370
11219,370
4284,370
9877,370
9877,370
20106,370
205,370
26295,370
20573,370
20573,370
5305,370
30650,370
20447,370
14641,370
21282,370
23539,370
15721,370
24807,370
18921,370
14381,370
23785,370
14381,370
30650,370
10127,370
21690,370
21051,370
21051,370
8833,370
23785,370
11199,370
14381,370
11614,370
11614,370
13499,370
14381,370
29131,370
13499,370
25075,370
32063,370
32063,370
25075,370
19360,788
28625,788
25904,788
30177,788
7438,788
29805,788
26329,788
25349,788
31964,788
4966,788
21281,788
15275,788
22754,788
16067,788
31391,788
11766,788
12392,788
11236,788
14707,788
24787,788
32263,788
27412,788
14398,788
27504,788
106,788
22413,788
6273,788
30436,788
22003,788
20055,788
30243,788
18374,788
27106,788
30066,788
29336,788
29822,788
29822,788
24645,788
24350,788
4152,788
2703,788
27126,788
12410,788
13832,788
29970,788
24110,788
20820,788
3585,788
30544,788
16891,788
23533,788
26877,788
5606,788
31883,788
31852,788
3050,788
28919,788
6636,788
18646,788
21550,788
26877,788
2962,788
2962,788
26850,788
29817,788
28789,788
19776,788
27766,788
29223,788
25816,788
23742,788
17820,788
13243,788
5768,788
32302,788
29490,788
25784,788
30740,788
973,788
1352,788
32184,788
14633,788
26850,788
583,620
4555,620
6460,620
6080,620
217,620
12343,620
13970,620
9391,620
12680,620
370,620
5855,620
29417,620
32082,620
869,620
22113,620
9923,620
20767,620
26263,620
2346,620
25021,620
17505,620
32164,620
23197,620
19155,620
25697,620
12158,620
26898,620
29978,620
19756,620
32164,620
20304,620
5798,620
17309,620
2151,620
3374,620
2709,620
32289,620
16180,620
2896,620
15151,620
23313,620
26574,620
21962,620
8736,620
19776,620
1795,620
24884,620
3147,620
23197,620
16865,620
17218,620
25756,620
24723,620
638,620
30121,620
11015,620
9068,620
28889,620
21167,620
6503,620
1491,620
23197,620
3797,620
21698,620
11765,620
10871,620
3701,620
23161,586
27271,586
5815,586
9389,586
19249,586
15482,586
10074,586
11420,586
30216,586
12655,586
16664,586
1519,586
22018,586
29910,586
17245,586
5233,586
14769,586
857,586
3547,586
28955,586
26774,586
6140,586
10060,586
16498,586
14943,586
15185,586
14509,586
23080,586
11314,586
16748,586
13133,586
25021,586
7347,586
19608,586
17150,586
14653,586
4619,586
22042,586
14648,586
30311,586
29005,586
5028,586
14898,586
9836,586
6015,586
28976,586
19388,586
27764,586
2750,586
8083,586
3655,586
20263,586
29656,586
17845,586
5563,586
31675,586
5798,586
6833,586
12466,586
13784,586
11732,586
13026,586
14808,586
4400,586
7073,586
20464,586
25332,586
21721,586
15147,586
25491,586
19045,586
24573,586
25993,586
26675,586
24336,586
23926,586
11099,586
19458,586
6284,586
23762,1006
4475,1006
32445,1006
32362,1006
32362,1006
1956,1006
1,1006
24159,1006
30428,1006
16633,1006
31179,1006
18250,1006
14486,1006
9599,1006
9389,1006
14486,1006
27500,1006
5644,1006
13629,1006
27238,1006
11230,1006
11230,1006
15886,1006
29284,1006
12927,1006
24147,1006
26182,1006
12560,1006
7978,1006
18259,1006
18259,1006
8488,1006
30874,1006
7317,391
23220,391
22378,391
18155,391
7315,391
15704,391
1093,391
179,391
17626,391
4712,391
7505,391
833,391
1900,391
9459,391
2411,391
10346,391
15236,391
14827,391
780,391
6997,391
4170,391
11284,391
9495,391
8260,391
32017,391
5605,391
28323,391
7927,391
190,391
30702,391
326,391
366,391
24492,391
3163,391
5439,391
24213,391
3364,391
24363,391
19524,391
9077,391
23385,391
5621,391
22517,391
21475,391
24569,64
22504,64
21126,64
21126,64
13787,64
24797,64
27663,64
22429,936
19758,936
29330,936
32489,936
20894,936
20843,936
27963,936
29262,936
8934,936
1802,936
26063,936
30734,936
1834,936
30086,936
24970,936
6435,936
9304,936
15598,936
6613,936
32121,936
15033,936
15703,936
19822,936
2582,936
22411,936
30782,936
11948,936
8813,936
17475,936
6833,936
6327,936
10471,936
15738,936
24336,936
15195,936
11922,936
17329,936
19499,936
24070,936
14313,936
31089,936
25757,936
28374,936
20933,936
28665,936
26895,936
32327,936
23651,936
6703,936
16765,936
20884,936
27563,936
6838,1018
7574,1018
23693,1018
29951,1018
25683,1018
16016,1018
32377,1018
3327,1018
12625,1018
25947,1018
25609,1018
24963,1018
6283,1018
20190,1018
29636,1018
7543,1018
31085,1018
29683,1018
18650,1018
29683,1018
29519,1018
7574,1018
28987,1018
5084,1018
4083,1018
20739,1018
23037,1018
22335,1018
12242,1018
11882,1018
7574,1018
5918,1018
22159,1018
22161,1018
32394,1018
11619,1018
11619,1018
30950,1018
29763,1018
23708,1018
18040,1018
18040,1018
7647,1018
22537,1018
31645,1018
14501,755
17952,755
9955,755
17276,755
19758,755
840,755
26656,755
1775,755
18847,755
11260,755
17442,755
2480,755
22506,755
17712,755
8797,755
7965,755
14026,755
7397,755
590,755
17296,755
7397,755
18964,755
6327,755
9044,755
13276,755
4105,755
29117,755
1027,755
7761,755
24349,755
5143,755
21628,755
359,755
13300,755
18223,755
13943,755
1664,755
7209,755
1996,755
27684,755
30702,755
18929,755
3277,755
11437,755
9605,755
26009,755
15904,755
23344,755
1094,755
27493,755
3959,755
10223,755
18071,755
15479,755
23649,755
2491,755
7962,755
549,755
14484,755
15522,755
3541,755
19231,755
30128,755
25136,755
1664,755
24970,755
2350,755
5143,755
23700,755
18213,755
13743,755
21068,755
5913,755
23976,755
12217,755
23380,755
27238,755
17967,755
27847,755
762,755
13050,755
21067,755
25581,755
1454,755
17676,755
14451,755
7751,755
25714,755
29341,755
30851,755
7781,755
12911,755
4553,755
20167,755
25743,755
28888,755
22462,755
12911,755
30023,755
15870,755
27881,755
28275,755
29124,755
31932,755
31182,755
6504,755
7473,755
21293,755
4752,755
13634,755
1499,755
10055,755
32004,755
2514,755
2495,755
30014,755
2791,755
25795,755
14258,755
19954,755
23434,755
11820,755
8340,755
2209,755
31997,755
10337,755
512,755
23649,755
6577,755
14263,755
25615,755
20936,755
14385,755
30801,755
9620,755
27626,755
32182,755
19808,755
28022,755
28022,755
27626,755
8397,755
29309,755
31887,755
29955,755
9337,755
21692,755
7227,755
12806,755
27638,755
11209,755
11428,755
13735,755
9761,755
2482,755
27651,755
27651,755
27651,755
27651,755
1664,755
32073,755
23457,755
9972,412
10688,412
15901,412
317,412
317,412
928,412
20194,412
3781,412
15901,412
6419,412
28094,412
4898,412
5590,412
11225,412
6747,412
2906,412
735,412
1659,412
12979,412
2163,412
25775,412
9712,412
31724,412
25602,412
623,412
28598,412
8,412
2906,412
31571,444
2772,444
27666,444
28244,444
2053,444
13239,444
1982,444
18362,444
27983,444
8830,444
22154,444
29479,444
5871,444
3232,444
11456,444
9184,444
29468,444
29099,444
7,444
29468,444
19788,444
19825,444
25602,444
6437,444
21963,444
24860,444
1539,444
28232,444
19877,444
11043,444
30208,444
8528,444
12528,444
6066,762
7434,762
31032,762
19850,762
18445,762
7307,762
30265,762
298,762
3230,762
17578,762
17578,762
19850,762
16518,198
3210,198
30467,198
11511,198
5848,198
23794,198
96,198
14152,198
7478,198
28848,198
5231,198
21050,198
17494,198
168,198
23910,198
25753,198
20461,198
5232,198
2691,198
25138,198
11158,198
12788,198
19720,198
5532,198
26682,198
13601,198
11218,198
18258,198
2390,198
4434,198
22906,198
22689,198
23974,198
20239,198
797,198
28342,198
18598,198
17656,198
25099,198
6070,198
395,198
17348,198
21974,198
30593,198
22919,198
31013,198
23774,803
2694,803
32457,803
18798,803
18277,803
20605,803
28062,803
23470,803
29732,803
4012,803
31217,803
23003,803
25335,803
13598,803
6703,803
7349,803
31038,803
16655,803
9356,803
26376,803
18790,803
11184,803
26370,803
14961,803
28095,803
10524,803
26804,803
26373,803
28849,803
31387,803
13901,803
15229,803
28054,803
27082,803
6266,803
23263,803
32130,803
2582,803
7649,803
15308,803
16227,803
30649,803
19065,803
24707,803
31509,803
12173,1034
24856,1034
32543,1034
9971,1034
9666,1034
23182,1034
6263,1034
12489,1034
3106,1034
5903,1034
31913,1034
7445,1034
31891,1034
32045,1034
25485,1034
10255,1034
31793,1034
6858,1034
25410,1034
32518,1034
20445,1034
32546,1034
3242,1034
22294,1034
22294,1034
17273,1034
6556,1034
30130,1034
11603,20
3526,20
13162,20
20143,20
11037,20
13680,20
11603,20
15823,311
2686,311
20132,311
25660,311
2379,311
13907,311
31385,311
7102,311
13104,311
23840,311
11696,311
31735,311
5795,311
7942,311
2772,311
28384,311
5826,311
2235,311
30232,311
16079,311
31513,311
1958,311
16000,311
32000,311
27166,311
1798,311
15902,311
15855,311
10974,311
21512,311
12407,311
18865,311
20049,311
17455,311
20503,311
23253,311
30188,311
13850,311
22453,311
731,311
23835,311
19169,311
27277,311
14284,311
11704,311
29988,311
16344,311
31040,311
15773,311
7312,311
14662,311
10096,311
14493,311
26243,311
25184,311
4690,311
13123,311
31724,311
4561,311
28944,311
7931,311
16555,311
6703,311
31172,311
3672,644
14688,644
18900,644
6082,644
3964,644
3352,644
221,644
2518,644
1988,644
31760,644
5702,644
28918,644
24552,644
1869,644
32061,644
7449,644
6081,644
6081,644
32239,644
814,644
10164,644
2952,644
5961,644
1744,644
26196,644
2916,644
1010,644
121,644
27847,644
351,644
954,644
25065,644
2545,644
29676,644
2529,644
10470,644
10028,644
524,644
2398,644
5269,644
10566,644
22785,644
10292,644
4903,644
16355,644
40,644
4677,644
20502,644
30702,644
29990,644
30228,644
617,644
1679,644
8541,644
698,644
776,644
1236,644
2727,644
2587,644
302,644
8104,644
1004,644
23800,644
11795,644
23009,644
17199,644
4975,644
11015,644
487,644
32041,644
22508,644
810,644
1475,644
5407,644
28403,644
3970,644
23459,644
2558,644
377,644
14456,644
9302,644
5455,644
13016,644
3607,644
13016,644
3607,644
10988,644
2883,644
36,644
3539,644
9813,644
4323,644
4323,644
26287,644
11763,644
20872,644
30188,644
4821,644
20128,624
22044,624
516,624
4775,624
26442,624
11226,624
7091,624
2070,624
23606,624
12120,624
29530,624
14535,624
6045,624
3694,624
31483,624
19729,624
1026,624
13744,624
7933,624
26035,624
2854,624
17024,624
9213,624
3226,624
10429,624
32000,624
8414,624
11426,624
15359,624
20470,624
6621,624
3301,624
1791,624
7428,624
7540,624
22038,624
13706,624
1021,624
3577,624
31075,624
8744,624
31612,624
2835,624
30878,624
28612,624
15096,624
9931,624
26859,624
15047,624
9695,624
7407,624
615,624
28707,624
13163,624
7664,624
2861,624
8505,624
30632,624
27300,624
14935,624
23103,624
24854,624
9039,624
8843,624
26141,624
4654,624
30489,624
11746,624
11644,624
11449,624
17241,624
659,624
19565,624
20271,624
20266,624
14502,624
2466,624
21399,624
17575,624
24890,624
22922,624
4678,624
6162,624
17549,624
25860,624
7345,624
20198,624
13258,624
3764,624
26968,624
17739,624
27772,624
26522,624
15261,624
30386,624
7222,624
31370,624
14081,624
20954,624
20544,624
21906,624
4687,624
7559,624
26820,624
6167,624
31741,624
30466,624
15899,624
31921,624
28281,624
1251,624
14851,624
24593,624
24989,624
18736,624
14310,624
15096,624
25472,624
24036,624
32015,624
29195,624
20852,624
26778,624
25434,624
28099,624
269,624
5384,624
3230,624
25583,624
25583,624
21521,624
19832,624
20276,624
4714,624
4714,624
14370,624
20607,624
24132,624
14157,624
4744,624
28140,624
10429,624
20815,624
343,624
29055,624
3653,624
17483,624
14617,624
5114,624
4414,624
21966,624
25641,624
551,624
10046,624
25176,624
15817,624
31724,624
6205,624
19641,624
21638,624
12925,624
6528,624
2150,624
2150,624
31413,624
32126,624
7967,624
24280,624
21486,624
11272,624
26756,624
16369,624
14332,624
17423,624
15098,624
32215,624
9370,624
16791,624
12315,624
13128,624
5798,624
16330,624
18256,624
8555,624
28425,624
12076,624
7838,624
8923,410
12379,410
30719,410
15654,410
3212,410
31299,410
19224,410
4832,410
7905,410
3521,410
2756,410
16816,410
7220,410
31639,410
29975,410
18198,410
9838,410
30203,410
5422,410
16979,410
29456,410
16147,410
22789,410
4831,410
27076,410
14682,410
28911,410
23350,410
8568,410
1459,410
29817,410
31318,410
23742,410
7090,410
12694,410
31318,410
27329,410
29800,410
3202,410
20536,410
17923,410
27658,410
16714,410
23551,410
26543,410
28202,410
18608,410
20258,410
4694,410
31611,410
16147,410
3893,410
24110,410
3638,410
31576,410
8998,410
28696,410
28729,410
26619,410
14901,410
28696,410
30419,410
20512,410
28879,410
23653,410
21923,410
21923,410
24370,410
31871,410
6590,410
9351,410
30719,410
13064,410
21923,410
28389,410
13942,410
5847,410
27276,410
27276,410
27276,410
21783,410
17568,410
18769,410
4042,410
27916,410
29204,410
25767,410
28658,410
17576,410
1612,410
24042,410
15018,410
21775,410
15018,410
4812,410
5645,410
31269,410
24686,410
3778,410
19914,410
28291,410
24414,410
5424,410
21506,410
28497,410
28713,410
18786,410
1801,410
6179,410
7208,410
2560,410
7090,410
10643,410
28596,410
18590,410
28596,410
3393,410
21946,410
26060,410
19914,410
24046,410
26527,410
21505,410
23813,410
28687,410
7354,410
24000,410
14164,410
24238,25
21885,25
19415,25
2603,25
5767,25
21713,25
4968,25
284,25
10901,25
24423,25
9340,25
20441,25
28133,25
17208,692
20799,692
9110,692
31976,692
16693,692
16845,692
28074,692
24902,692
21090,692
11451,692
5446,692
16436,692
20217,692
15005,692
16386,692
27820,692
28152,692
8872,692
30314,692
16919,692
27227,692
6535,692
27599,692
31943,692
31943,692
27328,692
31235,692
14724,692
21428,692
14607,692
18855,692
31567,692
31479,692
31359,692
27503,692
13240,692
15934,692
31632,692
19760,692
5940,692
32059,692
28691,692
27675,692
28127,692
30306,692
24712,692
27617,692
28411,692
30266,692
19493,692
30255,692
27327,692
6156,692
9248,692
25873,692
28354,692
31799,692
21655,692
20041,692
28092,692
8011,692
26482,692
30717,692
31040,692
25617,692
20927,692
21330,692
19083,692
13990,692
25803,692
9109,692
9109,692
18715,692
29625,692
2574,692
7399,692
31974,692
24175,692
14504,692
959,692
20417,692
19916,692
30801,692
21420,692
13533,692
29232,692
24508,692
20490,692
6703,692
4301,692
4675,692
7849,692
11813,692
29344,692
21505,692
24747,692
29525,692
11171,750
30007,750
13484,750
20433,750
27730,750
30162,750
26639,750
31024,750
19653,750
28783,750
32442,750
29976,750
25167,750
32205,750
31450,750
14532,750
12013,750
27895,750
10005,750
32150,750
17158,750
32542,750
6133,750
31608,750
32488,750
26119,750
26139,750
27232,750
28812,750
13667,750
32544,750
16072,750
26952,750
26683,750
29264,750
30142,750
18716,750
26783,750
20750,750
28168,750
16731,750
31746,750
14171,750
31238,750
18828,750
24261,750
32532,750
32532,750
32532,750
10042,750
21769,750
11568,750
32551,750
32207,750
19133,750
25105,881
30185,881
22884,881
18484,881
29650,881
16632,881
24088,942
31476,942
5280,942
3051,942
8023,942
29205,942
2255,942
6515,942
29266,942
4541,942
30311,942
8759,942
15514,942
8116,942
15458,942
13341,942
8992,942
24478,942
3884,942
7943,942
7479,942
8253,942
15424,942
16766,942
8508,942
1930,942
3768,942
32088,942
30266,942
32482,942
16923,942
32088,942
9182,942
2985,942
22912,942
6350,942
181,942
23651,942
27149,942
24636,942
17862,942
23282,942
32085,942
29028,942
8047,942
19868,942
15037,942
10283,942
4551,942
28427,942
26829,942
14966,942
14153,942
20291,942
28063,942
21899,942
31501,942
32449,942
14599,942
32501,942
1944,942
12424,654
8081,654
6179,654
22740,654
31317,654
9897,654
2179,654
10318,654
1186,654
22563,654
20976,654
14293,654
8962,654
12842,654
32041,654
22740,654
4196,654
9897,654
2601,654
30303,654
24389,654
21535,654
2601,654
831,654
22812,654
11701,654
8135,654
8135,654
11451,654
25219,654
27872,654
27027,654
6356,654
2882,654
1765,654
19371,654
12072,654
14788,654
5471,654
31697,654
30296,654
28910,654
28661,654
21985,654
30296,654
5357,654
14288,654
5357,654
15070,654
31990,654
5680,654
15404,654
20031,654
20169,654
5328,654
20169,654
31583,654
14453,654
20569,654
773,654
24652,654
26367,654
26367,654
5867,654
24393,654
24393,654
27744,654
24814,654
6791,654
2601,654
4819,654
15875,654
6335,654
834,654
11840,654
22633,654
23405,654
4819,654
20547,654
8631,654
7803,654
23845,654
22003,654
3244,654
3244,654
3797,654
18526,654
31780,654
18896,654
6435,654
29287,654
22177,654
4036,654
8163,654
22416,654
29181,654
29017,654
13950,654
24456,654
2440,654
31102,654
17360,654
29181,654
14961,654
22593,654
21595,654
3093,654
28188,654
15513,654
10749,654
11205,654
29625,654
125,654
18456,654
13617,654
6200,654
8326,654
30635,654
7881,654
7881,654
7354,654
31440,654
27504,654
20942,654
24938,654
24938,654
7354,654
31440,654
21667,654
1079,654
7881,654
18470,654
15606,654
22406,654
12861,654
11766,654
24795,654
28739,654
21967,654
28024,654
31611,654
8479,654
31317,654
22496,654
6490,654
5463,654
5036,654
26485,654
8094,654
23081,654
24775,654
786,654
24775,654
31317,654
6183,654
3343,654
29470,654
17318,654
17318,654
1368,654
3840,654
20370,654
7671,654
19063,654
31816,654
26543,654
6498,654
1150,654
26032,654
14813,654
873,654
26482,654
25610,654
31375,654
31135,654
28124,654
6916,654
9158,654
3711,654
6462,654
20538,654
19192,654
6363,654
7627,654
6103,654
12699,654
19762,654
14639,654
30240,654
13940,654
11813,654
27631,654
24545,654
26102,73
11006,73
28971,73
26880,73
24498,73
1920,73
26448,73
15231,73
29170,73
20647,73
12978,73
25449,73
27668,73
18315,73
24175,73
19548,73
11149,73
27627,73
6467,73
14341,73
17829,73
29299,73
26298,73
19082,73
24324,73
30105,211
30873,211
20792,211
19229,211
29776,211
6007,211
8044,211
8044,211
22588,211
14448,211
14448,211
26076,211
8044,211
2615,211
25737,211
29217,211
16328,211
18773,211
9206,211
30522,211
21054,211
30210,211
24760,211
1450,211
11735,211
11872,211
15060,211
6293,211
27896,211
15689,211
9368,211
31151,211
9405,211
29213,211
29860,211
30086,211
30370,211
28503,878
28503,878
28503,878
23263,878
7469,878
29524,878
29524,878
30332,878
10660,878
12406,878
22357,878
7031,878
11379,878
25920,878
20426,878
26862,878
29182,878
23158,878
21813,878
30447,878
27009,878
21769,878
19521,882
25083,882
5800,882
8434,882
29182,882
15296,882
19895,882
27147,882
20601,882
14337,882
17152,882
30185,882
14402,882
3833,882
6223,882
13730,882
12716,882
9675,882
22778,882
3958,882
5658,882
17152,882
26964,882
19341,882
3568,882
29710,882
19962,882
27729,882
17152,882
15877,882
17889,882
11450,882
2664,882
22973,882
8936,882
24195,882
17230,882
7498,882
7104,882
23783,882
28562,882
12824,882
18528,882
18979,882
19261,882
27490,882
27897,882
14271,882
17714,882
23440,882
25278,882
25787,882
28405,882
5651,882
12666,882
29650,882
9198,882
27398,882
14957,882
9473,882
1555,882
13366,882
94,882
5455,882
8574,882
304,882
170,899
8472,899
23282,899
31914,899
31914,899
22795,899
9462,899
22795,899
18300,899
20619,899
7406,899
26055,899
30820,899
26055,899
24329,899
5870,899
27302,899
32441,899
32463,899
32463,899
32441,899
27302,899
1537,899
17742,899
3251,899
32021,899
10137,899
31393,899
31065,899
31393,899
8115,899
28109,899
28109,899
14271,899
32522,899
8377,255
15521,255
3264,255
30413,255
7446,255
3650,255
7353,255
3385,255
9713,255
28763,255
26306,255
27755,255
7112,255
14787,255
27695,255
10312,255
10880,255
22100,255
14032,255
16622,255
13526,255
31004,255
28886,255
29527,255
10001,255
25749,255
9215,255
24815,255
28763,255
30588,255
18167,255
20762,255
14008,255
20275,255
29749,255
14875,255
2873,255
7209,255
1070,255
17649,255
20603,255
30503,255
25294,255
18983,255
18178,255
26104,255
17823,255
15181,255
26753,255
27899,121
27899,121
20029,121
26729,121
17642,121
11149,121
18114,121
22661,225
2582,225
30750,225
28641,225
2414,225
13797,225
19651,225
6446,225
9548,225
9287,225
4704,225
29864,225
31553,225
11529,225
26442,225
21558,225
9105,225
8495,225
17031,225
28306,225
4920,225
25298,225
9304,225
16478,225
8418,225
14413,225
29714,225
15105,225
5561,225
15487,225
25635,225
27685,225
8760,225
7783,225
9196,225
15917,225
11529,225
3272,225
6270,225
12661,225
31224,225
29571,225
25829,225
31602,225
18950,225
30262,225
12738,225
19607,225
30413,225
2300,225
10747,225
30460,225
23760,225
12105,225
21924,225
30887,225
22115,225
4019,225
27350,225
22015,225
26895,225
29384,225
16098,225
6988,225
11930,225
18336,225
8904,153
22147,153
29338,153
22961,153
26859,153
5425,153
9672,153
20194,153
4336,153
21374,153
13239,153
9556,153
2473,153
22961,153
28828,153
8235,153
24280,153
16189,153
1557,153
26926,153
11970,153
10274,153
24323,153
16282,153
15428,153
25951,153
18650,153
23121,153
1507,167
21766,167
13666,167
2806,167
17596,167
12574,167
22933,167
12574,167
4317,167
5835,167
9608,167
18278,167
23497,167
5919,167
11999,167
30453,167
4090,167
6641,167
12319,167
1181,167
25918,167
9600,167
28083,167
2598,919
25777,919
17663,919
6376,919
27233,919
4217,919
9972,919
5156,919
15915,919
2598,919
13177,919
30753,919
11053,919
2960,919
18191,919
6758,919
11653,919
2227,919
28087,919
9071,919
5325,919
31321,919
15885,919
1931,919
31935,919
6521,919
23509,919
14482,919
8384,919
5009,919
4032,919
9309,919
28748,919
16981,919
20390,919
31002,919
3167,919
31219,919
25716,919
20971,919
31579,919
31935,919
11263,919
18311,919
25033,919
27694,919
27374,919
28005,919
28367,919
1739,919
20212,919
27168,919
25135,919
15180,919
31420,919
4546,919
25775,919
32383,919
10207,919
21709,919
29616,919
9150,919
2438,919
24664,919
16861,919
3000,919
12583,919
26036,919
12583,919
525,919
17702,919
19000,919
22158,919
28986,919
29833,919
32383,919
27869,919
18300,919
6486,919
15696,919
25027,919
18327,919
28986,919
21504,919
14194,919
3194,919
30205,919
17121,919
9063,919
17121,919
17121,919
24342,919
28986,919
29750,919
29415,919
25802,919
20343,919
7522,919
9832,919
26252,919
1169,61
8774,61
11628,61
10550,61
19324,61
22288,61
21877,61
26042,61
20582,61
19880,61
26542,61
21877,61
28423,61
6972,61
9502,61
24396,61
19880,61
14241,61
22413,61
24602,61
24507,61
24212,61
9395,61
20611,61
5214,61
22006,61
15616,61
26048,61
1820,61
24877,61
25398,61
23897,61
28037,61
28037,61
23961,61
13114,61
9167,61
11652,61
22037,61
2765,61
8266,61
11578,61
1168,61
25040,61
24832,61
24288,61
5620,61
8126,61
2047,61
18296,61
2735,61
3397,61
24999,61
27554,61
26566,61
7530,61
7371,61
4155,61
12079,61
16556,61
1626,61
7797,61
15337,61
3225,61
27717,61
22947,61
2735,61
3840,61
3397,61
27032,61
22383,61
16742,61
25733,61
12960,61
17713,61
1616,61
22163,61
18492,61
12263,61
11183,61
3815,61
9884,61
23466,61
25517,61
22163,61
15264,61
26338,61
1095,61
21041,61
18492,61
17021,61
24162,61
15606,61
24040,61
4156,61
20970,61
4361,61
16293,61
22079,61
19192,61
3055,61
12398,61
10194,61
6691,61
1280,61
16949,61
19793,61
12524,61
22259,61
4909,61
25028,61
25028,61
3213,61
14207,61
21520,61
8837,61
16683,61
20604,61
1544,61
21578,61
7213,61
26591,61
23616,61
23616,61
8129,61
15543,61
25606,61
27880,61
5069,61
23152,61
24934,61
14976,61
28634,61
1649,61
4123,61
5055,61
22784,61
8006,61
14813,61
14813,61
24001,61
24019,61
23146,61
20881,61
17346,61
15656,61
17992,61
28315,61
28315,61
1243,61
2703,61
22995,61
4624,61
7103,61
4624,61
7103,61
23597,61
8781,61
14577,61
19886,61
21685,61
8945,61
27986,61
27107,61
14159,61
7167,61
10417,61
26775,61
23502,61
18519,61
18519,61
14173,61
25977,61
3977,61
14710,61
27277,61
9112,61
23065,61
23065,61
4453,61
13378,61
27582,61
27582,61
5036,61
6571,61
14613,61
24273,61
28383,61
28600,61
23815,61
21338,61
21338,61
18296,61
21338,61
23815,61
23530,61
21338,61
9548,367
14209,367
11673,367
8943,367
2947,367
6145,367
27110,367
21122,367
3972,367
5943,367
808,367
1288,367
12083,367
1360,367
11153,367
9026,367
2785,367
32055,367
26452,367
15421,367
22665,367
25032,367
8004,367
22177,367
29928,367
6892,367
31210,367
24331,367
18013,367
4857,367
18988,367
24606,367
14833,367
14074,367
10084,367
13278,367
14238,367
30266,367
4523,367
10466,367
5805,367
16629,367
17501,367
15321,367
16736,367
29848,367
16421,367
16831,367
6050,367
13248,367
22647,367
5805,367
27238,367
19935,367
22255,367
31478,367
24382,367
24382,367
30679,367
8064,367
18501,367
24178,367
28613,367
14432,367
2399,367
1632,367
23829,367
1476,367
2889,367
14246,367
808,367
9091,367
22679,367
10780,367
31542,367
12276,770
12730,770
24691,770
5816,770
16836,770
4430,770
4891,770
15946,770
25670,770
3709,770
294,770
7370,770
28335,770
16122,770
544,770
11506,770
13397,770
1086,770
1890,770
17028,770
4425,770
15797,770
19528,770
601,770
30034,770
5661,770
10141,770
16031,770
6484,770
6915,770
10200,770
4354,770
31812,770
12048,770
10331,770
21019,770
12674,770
14198,770
22590,770
2636,770
12745,770
27506,770
43,770
13497,770
6036,770
6152,770
2963,770
30532,770
2887,770
4497,770
19731,770
32348,770
18595,770
7140,770
19078,770
7249,770
2277,770
4261,770
18672,770
8265,770
9656,770
7640,770
10607,770
517,770
19007,770
18023,770
17094,770
18109,770
19136,770
9574,770
15124,770
11734,770
11690,770
22024,770
18672,770
1081,770
31789,770
4359,770
2714,770
26490,770
5509,770
6448,770
14881,770
1326,770
4590,770
20502,770
7118,770
2062,770
29998,770
1346,770
11466,770
1015,770
16927,770
4721,770
26082,770
18394,770
3507,770
31708,770
6370,770
13224,770
2592,770
2807,770
30738,770
15066,770
17072,770
9426,770
13129,770
12933,770
20150,770
14672,770
25193,770
1853,770
23443,770
16703,770
15956,770
13091,770
16547,770
2358,770
17088,770
21732,770
9019,770
10882,770
31049,770
10001,770
9980,770
31933,770
17406,770
28046,770
5890,770
5632,770
20644,770
3110,770
3993,770
31588,770
28194,770
22086,770
8039,770
5079,770
2088,770
2336,770
27200,770
11703,770
28046,770
21496,770
10699,770
2238,770
4275,770
3568,770
9281,770
11996,770
28239,770
5154,770
24659,770
21384,770
564,770
29346,770
9153,770
24,770
9408,770
11785,770
26475,770
4684,770
4563,770
2865,770
24352,770
13459,770
4732,770
14119,770
7021,770
26904,770
18672,770
15684,770
16184,770
13057,770
21697,770
11980,770
13843,770
17692,770
8733,770
5649,770
28860,770
17858,770
2139,770
17527,770
12567,770
24659,770
22039,770
32418,770
21835,770
15442,770
9912,770
13662,770
32028,770
19046,770
32210,770
25404,770
15367,770
18767,770
29331,770
10755,770
2746,770
16929,770
15167,770
9986,770
13773,770
14542,770
23412,770
8289,770
1152,770
10242,770
28302,770
19642,770
6630,770
22787,770
22676,770
8088,770
4533,770
19998,770
171,770
4179,770
1400,770
32108,770
7757,770
20018,770
664,770
2865,770
28075,770
23171,770
5153,770
30155,770
19510,770
14615,770
23089,770
4261,770
21873,770
8137,770
31077,770
22576,770
5601,770
4887,770
12422,770
9299,770
6965,770
31896,770
15808,770
15957,770
15921,770
16607,770
8942,770
8618,770
11500,770
12431,770
19309,770
11723,770
21975,770
24842,770
1873,770
13584,770
10772,770
1328,770
3609,770
26126,770
13497,770
13828,770
7476,770
11355,770
21198,770
27471,770
6344,770
19328,770
5583,770
5583,770
664,770
7569,770
9539,770
602,770
27686,770
5277,770
4347,770
12792,770
16931,770
8028,770
6517,770
9178,770
17352,770
171,770
32342,770
14948,770
5770,770
17492,770
5545,770
14084,770
25880,770
11325,770
1166,770
24910,770
30078,770
25838,770
13313,770
6601,770
22943,770
2942,770
27051,770
12340,770
6242,770
16956,770
10284,770
19261,770
8714,770
10401,770
601,770
5346,770
22254,770
13622,770
28100,770
18289,770
31970,770
2455,770
24294,770
1499,770
23972,770
5884,770
11098,770
17450,770
26677,770
1686,770
18440,770
1093,770
4973,770
16039,770
19069,770
13037,770
5075,770
29613,770
16183,770
10002,770
10500,770
27580,770
29869,770
16039,770
27394,770
24266,770
1174,770
7954,770
18178,770
1065,770
31260,770
28760,770
31903,770
26990,770
28880,770
5116,770
32055,770
20811,770
22943,770
3038,770
4512,770
4512,770
528,770
2277,770
1378,770
13976,770
81,770
9716,770
24725,770
22057,770
21919,770
20411,770
26269,770
15352,770
13405,770
24725,770
22943,770
22943,770
22943,770
13593,770
24176,770
21395,770
30176,770
27484,770
11492,770
20802,770
1736,770
5206,770
28200,770
29821,770
1062,770
26251,770
12974,770
24179,770
30153,770
8611,770
5756,770
22084,770
15706,770
23258,770
28785,770
19416,770
3068,770
26523,770
5071,770
1468,770
31750,770
8194,770
10255,770
27010,770
29797,770
23887,770
5433,770
20137,770
31750,770
26523,770
8983,770
24132,770
13955,770
22870,770
1902,770
5638,770
8626,770
19871,770
2501,770
27861,770
18170,770
2011,770
6178,770
3628,770
1651,770
16974,770
22943,770
24201,770
3677,770
24715,770
30872,770
30394,770
15242,770
31233,770
6030,770
6595,770
3004,770
6833,770
4700,770
24442,770
14265,770
12031,770
19477,770
18634,770
20187,770
4024,770
18841,770
21100,770
7590,770
18175,770
22876,770
2071,770
16216,770
908,770
24985,770
23104,770
24576,770
31432,770
5769,770
25403,770
18299,770
23156,770
7409,770
16686,770
19853,770
24576,770
27339,770
7258,770
29522,770
24030,770
28332,770
2129,770
2129,770
32565,770
6660,770
10517,770
14076,770
4054,770
5303,770
18586,770
8061,770
12849,770
1156,770
14383,770
25598,770
10617,770
17898,770
24974,770
1277,770
18813,770
32043,770
20875,770
19159,770
10731,770
21619,770
15333,770
15099,770
24953,770
17052,770
14460,770
2201,770
11764,770
17147,770
11188,770
32250,770
13295,770
3000,770
30113,770
12898,770
20579,770
14343,770
7824,770
19633,770
5624,770
19633,770
10260,770
7824,770
10260,770
5624,770
3689,770
4384,770
82,770
32248,770
1727,770
3969,770
1727,770
19443,770
15952,770
2738,770
27384,770
23314,770
23000,770
24935,770
1548,770
10248,770
5220,770
8658,770
12738,770
31847,770
16470,770
10582,770
16941,770
5010,770
12416,770
11785,770
30438,770
11785,770
30438,770
1156,770
10209,770
12031,770
13511,770
27251,770
18204,770
8484,770
15560,770
17584,770
16640,770
13062,770
16863,770
510,770
5490,770
2982,770
5490,770
24470,770
26817,770
11580,770
8622,770
29270,770
30214,770
3585,770
2238,770
3585,770
11198,770
11198,770
30214,770
20154,770
15166,770
17253,770
2238,770
30214,770
2238,770
11198,770
11198,770
7366,770
6153,770
23740,770
17196,770
2841,770
15202,770
18308,770
3021,770
28524,770
20311,770
22875,770
23930,770
26948,770
5592,770
14550,543
18934,543
4826,543
2049,543
5866,543
13107,543
31921,543
9079,543
15617,543
29064,543
23775,543
28703,543
15298,543
7443,543
30333,543
25127,543
28370,543
17000,543
7613,543
18990,543
13914,543
9873,543
26968,543
30075,543
24336,543
17523,543
22539,543
13338,543
23420,543
2288,543
19268,543
21277,543
12943,543
13560,543
21782,543
29854,543
18366,543
12220,481
7054,481
6839,481
14501,481
27564,481
27914,481
7996,481
2570,481
10521,481
32004,481
16266,481
18497,481
3969,481
14190,481
256,481
30702,481
1499,481
11186,481
25355,481
7018,481
6581,481
8658,481
29300,481
22001,481
7687,481
6475,481
18402,481
10330,481
10924,481
19727,481
9378,481
19402,481
24061,481
31603,481
18402,481
31865,481
29033,481
6296,481
25723,481
27645,481
2599,481
18986,481
23649,481
20382,481
12084,481
10329,481
14107,481
31284,481
21846,481
27940,481
2698,481
22333,481
8933,481
23959,481
14663,481
9554,481
7505,576
11751,576
930,576
18320,576
6607,576
10070,576
1364,576
847,576
11751,576
3670,576
11271,576
10176,576
930,576
20250,576
2528,576
726,576
16257,576
22353,576
26446,576
29583,576
9836,576
15924,576
339,576
7528,576
30156,576
29857,576
994,576
18055,576
19303,576
25213,576
27341,576
6753,576
9358,576
19987,576
15293,576
14502,576
22494,576
5860,576
383,576
25616,576
7838,576
8536,576
15579,576
10528,576
20244,576
28959,576
18390,576
19971,576
21521,576
17419,576
13615,576
19125,576
12174,576
6377,576
25648,576
3503,576
11059,576
6898,576
24876,576
12456,576
26536,576
31768,576
24068,576
29310,576
25093,576
13186,576
31418,576
253,576
31013,576
10382,576
12661,576
1473,576
7010,576
32267,576
31724,576
17317,576
31776,308
30672,308
13467,308
22550,308
18854,308
311,308
10948,308
6655,308
12481,308
17836,308
23186,308
18067,308
26051,308
31623,308
17164,308
16768,308
25640,308
20193,308
1581,308
28213,308
23538,308
22913,308
10590,308
12298,308
12124,308
29962,308
26654,308
79,15
11538,15
1030,15
23580,15
5595,15
2958,15
11655,15
11387,15
10722,15
24,15
9260,15
3380,15
19342,15
5219,15
3559,15
8461,15
3380,15
12395,15
26924,15
23625,15
23569,15
23569,15
4991,15
13474,15
12673,15
16972,15
14929,15
23878,485
9604,485
657,485
6945,485
87,485
4752,485
12950,485
16240,485
390,485
3457,485
22993,485
21020,485
29245,485
7412,485
25362,485
9118,485
9245,485
8980,485
5597,485
9365,485
17324,485
10597,485
6847,485
24332,485
26387,485
3238,485
29048,485
28001,485
355,485
27631,485
31316,485
22584,485
7820,485
2486,485
28019,485
22509,485
19970,485
26687,485
4061,485
4061,485
6649,485
1478,485
30752,485
32244,485
4490,485
29833,485
27447,288
4126,288
15739,288
6,288
7910,288
26336,288
17090,288
16214,288
10984,288
17264,288
13897,288
28547,288
21327,288
11106,288
14200,288
28802,288
13845,288
21668,288
3203,288
17419,288
13010,288
2935,288
7332,288
22659,288
17599,288
11887,288
10048,288
22659,288
26930,288
3686,288
14465,288
16955,288
19860,288
24421,288
5301,288
15295,288
6862,467
10003,467
5226,467
27280,467
31362,467
2816,467
30942,467
10092,467
5717,467
22595,467
17257,467
5782,467
26706,467
6615,467
14962,467
6815,467
4285,467
13104,467
19581,467
17135,467
21607,467
29482,467
10340,467
7683,467
21115,467
799,467
21481,467
31240,467
30232,467
6428,467
6663,467
11489,467
10803,467
27221,467
6726,467
8125,467
11745,467
20329,467
7980,467
6831,467
1710,467
31967,467
14533,467
25616,467
9709,467
15479,467
752,467
26133,467
5764,467
20049,467
23062,467
29926,467
17218,467
31346,467
1497,467
6856,945
28938,945
6369,945
753,945
158,945
21836,945
18629,945
13993,945
16235,945
6980,945
22760,945
16940,945
21371,945
25323,945
10799,945
24195,945
4236,945
1950,945
30702,945
2526,945
25703,945
31181,945
28764,945
9848,945
16411,945
16411,945
29488,212
30898,212
26734,212
26853,212
25700,212
25894,212
23195,212
30209,212
13786,212
13786,212
22752,212
28182,212
22307,212
23702,212
18114,212
30348,212
16460,212
28301,212
22861,212
24569,212
15897,212
22355,212
24584,212
25593,212
19491,212
25263,212
25004,212
26074,212
17582,212
26459,212
28556,212
8930,212
3349,897
26567,897
20745,897
574,897
23559,897
23631,897
6250,897
15623,897
15623,897
28567,897
13066,897
8386,897
6981,897
17380,897
21380,897
25157,897
31949,897
25512,897
8386,897
29203,897
6512,986
536,986
6557,986
27614,986
3043,986
10608,986
9535,986
19117,986
20227,986
5373,986
18748,986
15958,986
11207,986
7985,986
13500,986
3018,986
3945,986
2752,986
4630,986
23390,986
13742,986
30397,986
6512,986
9535,986
10703,986
10703,986
25603,986
19469,986
7788,986
8325,986
9535,986
28887,986
4196,986
162,986
30702,986
889,986
1871,986
19469,986
8852,986
24380,986
2774,986
5258,986
24711,986
3151,986
23390,986
32303,986
271,986
30145,986
13957,143
28617,143
21592,143
28549,143
8882,143
3563,143
24133,143
22786,143
17794,143
29299,143
8261,143
14680,143
25071,143
27181,143
10785,143
16312,143
23091,143
12553,143
24404,143
16620,143
12710,143
24682,143
14979,143
11969,143
5526,143
5526,143
28618,143
12853,143
15754,143
23898,143
16741,143
19924,143
15622,143
18570,143
20770,143
20112,319
19913,319
13251,319
24668,319
7396,319
29686,319
30715,319
12635,319
30992,319
30253,319
22909,319
20889,319
19693,319
20465,319
5947,319
20134,319
7721,319
29764,319
25330,319
25330,319
7121,319
7121,319
5358,319
7121,319
8925,319
19380,319
14950,319
8424,319
15933,319
22422,319
18823,319
22422,319
28759,319
9693,319
23588,319
29874,319
1485,319
1485,319
8731,319
12050,319
12050,319
1485,319
9161,319
12848,319
12178,319
23143,319
18323,205
5306,205
6500,205
6212,205
9041,205
1562,205
19773,205
15976,205
26859,205
6206,205
25531,205
28074,205
14504,205
12701,205
23490,205
18135,205
8712,205
23630,205
218,205
1225,205
9548,205
8238,205
31140,205
22622,205
14370,205
24471,205
18304,205
30873,205
543,205
444,205
13021,205
2615,205
26429,205
26429,205
22867,205
4670,205
9482,205
25531,205
30465,205
25531,205
30465,205
23283,205
23954,205
19896,205
19896,205
16106,205
30465,205
22882,205
27685,205
27780,205
29775,205
23998,205
30387,205
6347,205
10721,205
9702,205
16552,205
28435,205
29370,205
24109,205
10782,205
4672,205
8252,205
9232,205
22840,205
30077,205
26224,205
27422,205
9493,205
30424,205
27746,658
29417,658
26110,658
7918,658
25680,658
793,658
31439,658
2345,658
27754,658
22639,658
13304,658
2207,658
4231,658
3763,658
25982,658
30802,658
149,658
17423,658
13826,658
7054,658
14959,658
17416,658
23253,658
6639,658
2329,658
161,658
8529,658
9008,658
8343,658
18666,658
24213,658
14799,658
1223,658
4678,658
23700,658
2974,658
30241,658
3682,658
28909,658
19552,658
11229,658
28937,110
11668,110
23710,110
4136,110
15348,110
18450,110
26628,110
11822,110
9840,110
24313,110
7393,110
11900,110
20509,110
20431,110
15130,110
20779,110
20409,110
11398,233
29612,233
19078,233
679,233
4335,233
23825,233
7800,233
6770,233
10134,233
5800,233
8250,233
5411,233
4308,233
27861,233
14814,233
9625,233
8618,233
24170,233
11866,233
31667,233
20472,233
2490,233
18638,233
4262,233
2229,233
25746,233
2358,233
17216,233
27755,233
27016,233
25218,233
12350,233
6242,233
13918,233
12766,233
23911,233
17253,233
9441,233
21475,233
22755,233
21073,233
18513,233
12745,233
18948,233
24170,233
14138,233
19012,233
15808,233
29444,233
812,233
22837,233
29013,233
19079,233
13887,233
12616,233
9650,233
18479,233
27193,233
8483,1007
13671,1007
24437,1007
4635,1007
1780,1007
29900,1007
5238,1007
2775,1007
7963,1007
12986,1007
2970,1007
5612,1007
13422,1007
10039,1007
4998,1007
25388,1007
10899,1007
2093,1007
8276,1007
21542,1007
17126,1007
30684,1007
17783,1007
6143,1007
5656,1007
2802,1007
16835,1007
1131,1007
6204,1007
6699,1007
9025,1007
12431,1007
25924,1007
12852,1007
1774,1007
12426,1007
16875,1007
11254,1007
4079,1007
22764,1007
16875,1007
10880,1007
28666,1007
9087,1007
14267,1007
9869,1007
4005,1007
13468,1007
14730,1007
12912,1007
9636,1007
21336,1007
1658,1007
18203,1007
9763,1007
12048,1007
25672,1007
18049,1007
6326,1007
17139,1007
16403,1007
18049,1007
5617,1007
11224,1007
15211,1007
4118,1007
2593,1007
13022,1007
3157,1007
30762,1007
3661,1007
3733,1007
4128,1007
5319,1007
3619,1007
4609,1007
13120,1007
10583,1007
30688,1007
25833,1007
10583,1007
13120,1007
13063,1007
5823,1007
6068,1007
2979,1007
13580,1007
15352,1007
3276,1007
21507,1007
15508,1007
8246,1007
9929,1007
6308,1007
7899,1007
9490,1007
12255,1007
17148,1007
12806,1007
704,1007
1975,1007
7569,1007
17990,1007
17622,1007
1975,1007
15809,1007
11331,1007
14258,1007
6378,1007
4442,1007
19025,1007
11513,1007
10207,1007
8316,1007
3555,1007
10836,1007
3348,1007
23224,1007
13651,1007
18106,1007
20496,1007
12134,1007
17413,1007
10660,1007
4164,1007
25220,1007
12952,1007
8071,1007
4239,1007
31395,1007
18873,1007
25880,1007
310,1007
12566,1007
23097,1007
21352,1007
21274,1007
12019,1007
22826,1007
10543,1007
22002,1007
32354,1007
4411,1007
25698,728
29815,728
1421,728
26692,728
7796,728
25037,728
30126,728
29245,728
31976,728
6947,728
10154,728
26144,728
30722,728
26144,728
12688,728
3248,728
29065,728
7284,728
32148,728
32346,728
30662,728
20975,728
31509,728
12462,728
30662,728
2255,728
9093,728
27348,728
31632,728
1126,728
11035,728
11483,728
22800,728
19444,728
12889,728
32059,728
6482,728
28935,728
12490,728
18609,728
24949,728
27464,728
22276,728
13601,728
31513,728
22276,728
14588,728
27022,728
10446,728
11912,728
1641,728
5547,728
706,728
13457,728
28184,728
17860,728
26619,728
29737,728
29737,728
16816,728
28132,728
17568,728
15695,728
28829,728
31889,728
5922,728
4551,728
30511,728
12552,728
28800,728
28800,728
26606,992
30239,992
32009,992
5280,992
640,992
5269,992
21890,992
26263,992
2240,992
29861,992
17586,992
21405,992
18553,992
27149,992
27724,992
32501,992
30857,992
5142,992
22428,992
30226,992
5360,992
12509,992
1618,992
17637,992
1100,992
1871,992
17475,992
19809,992
15887,992
4360,992
23238,992
2886,992
25553,992
28829,992
10952,992
7057,992
31025,992
32139,992
3960,992
9578,992
29202,992
5646,992
30292,992
25730,992
29202,992
14014,992
30145,992
29568,992
6933,992
9217,992
98,992
23593,992
23239,992
30689,992
27629,992
29946,992
3120,992
6160,992
31523,992
24336,992
11748,992
654,992
17482,992
10886,992
11112,992
6844,992
29057,992
15220,992
9320,992
29935,992
15131,992
18406,992
30619,992
11036,992
28184,992
6099,992
26837,992
30226,992
31129,992
32409,787
27402,787
3612,787
5536,787
6476,787
22117,787
5661,787
5052,787
5570,787
21913,787
13260,787
32466,787
14320,787
15688,787
1976,787
13199,787
17312,787
15605,787
13444,787
14726,787
31373,787
17094,787
1863,787
8584,787
20519,787
31717,787
9504,787
9021,787
13662,787
10320,787
24801,787
2477,787
3408,787
2577,787
10893,787
32431,787
567,787
25193,787
8584,787
23271,787
12099,787
5312,787
6035,787
15971,787
3849,787
19529,787
20494,787
28583,787
3829,787
27257,787
18641,787
350,787
6420,787
6399,787
4201,787
10506,787
15368,787
31765,787
14522,787
6217,787
17073,787
19768,787
13909,787
32320,787
27394,787
3810,787
11015,787
23778,787
32129,787
11280,787
14157,787
29346,787
15902,787
23018,787
2207,787
15880,787
7201,787
17726,787
10510,787
3740,787
1922,787
26633,787
3490,787
5473,787
17514,787
4611,787
11998,787
27338,787
3687,787
5152,787
18584,787
10642,787
25140,787
1734,787
13475,787
2841,787
8137,787
13797,787
29597,787
14628,787
22370,787
584,787
22503,787
6723,787
4174,787
31031,787
32411,787
31618,787
25158,787
12611,787
32421,787
16769,787
2982,787
30684,787
4146,787
32421,787
32079,787
32419,787
23015,787
16232,787
15063,787
4346,787
2028,787
3291,787
3706,787
16489,787
32405,787
29790,787
25272,787
15717,787
6907,787
1490,787
2,787
5483,787
12755,787
22502,787
10000,787
3455,787
1902,787
32413,787
5272,787
12916,787
6252,787
12811,787
37,787
9004,787
32426,787
14179,787
3221,787
30746,787
15741,787
611,787
22552,787
22745,787
31744,787
7416,787
1890,787
32456,787
32407,787
1138,787
13386,787
31783,787
2872,787
22797,787
13171,787
32418,787
5242,787
26502,787
30139,787
20091,787
30139,787
8411,787
15679,787
14301,787
18165,787
5793,787
7679,787
10699,787
15827,787
16793,787
2847,787
3953,787
24195,787
6014,787
1856,787
13077,787
19528,787
28071,787
20415,787
28071,787
26192,787
27519,787
3464,787
9120,787
22521,787
10837,787
26932,787
1586,787
16129,787
12770,787
24959,787
28510,787
10058,787
11475,787
26649,787
29307,787
30846,787
8689,787
14119,787
1584,787
23468,787
23938,787
14351,787
6666,787
4384,787
8733,787
6141,787
3935,787
22865,787
6956,787
26990,787
17226,787
463,787
24318,787
1172,787
10409,787
22834,787
9671,787
13452,787
29901,787
30355,787
18595,787
2808,787
28517,787
30967,787
21249,787
4324,787
26961,787
30343,787
16123,787
10230,787
13628,282
28947,282
24977,282
3953,282
632,282
958,282
11560,282
7405,282
21357,282
4253,282
15838,282
6790,282
30005,282
5022,282
8229,282
16821,282
5023,282
27611,282
375,282
19416,282
15726,282
16992,282
2860,282
9280,282
14354,282
13208,282
23485,282
16160,282
14214,282
17705,282
19718,282
9631,282
28597,282
3481,282
24461,282
1231,282
15802,282
4609,282
954,282
2729,282
1299,282
2358,282
5312,282
24693,282
6108,282
27559,282
15952,282
15368,282
2737,282
15072,282
12003,282
23251,282
31411,282
31764,282
2847,282
9804,282
12996,282
4040,282
30871,282
14563,282
7234,282
8727,282
25344,282
17597,282
778,282
933,282
31184,282
28811,282
14003,282
22927,282
2726,282
31682,282
25654,282
7990,282
29571,282
17031,282
17196,282
572,282
7958,282
10663,282
1145,282
718,282
11312,282
12167,282
19476,282
9539,282
16596,282
12281,282
15124,282
30109,282
24219,282
3999,282
17394,282
20874,282
11311,282
2065,282
4849,282
10105,282
3513,282
3819,282
15146,282
1511,282
10496,282
846,282
18631,282
11916,282
10496,282
3935,282
13104,282
28880,282
17374,282
7779,282
30212,282
7771,282
31782,282
25467,282
11506,282
14719,282
9247,282
13475,282
19655,282
2489,282
18308,282
28346,282
30702,282
10739,282
8821,282
3155,282
10572,282
10351,282
19389,282
2237,282
10729,282
11627,282
665,282
1438,282
579,282
6019,282
724,282
25173,282
29467,282
28491,282
11012,282
16941,282
7257,282
31678,282
30120,282
7195,282
22969,282
12514,282
9751,282
31845,282
7401,282
6124,282
25782,282
11594,282
23411,282
6598,282
1510,282
16640,282
13036,282
3007,282
2986,282
31088,282
1974,282
23684,282
7369,282
24491,282
3211,282
11997,282
6372,282
8461,282
20036,282
22339,282
401,282
26430,282
2990,282
11209,282
9937,282
12744,282
8856,282
5284,282
31397,282
5737,282
13870,282
21198,282
15914,282
17941,282
3948,282
31500,282
6030,282
12852,282
16696,282
14458,282
673,282
13692,282
18290,282
321,282
244,282
30766,282
1456,282
13623,282
30114,282
9757,282
82,282
8458,282
2260,282
5030,282
16566,282
12183,282
5904,282
8689,282
25372,282
17094,282
3495,282
14119,282
13131,282
20415,282
14614,282
6793,282
6706,282
15841,282
11015,282
889,282
6554,282
2826,282
17235,282
24316,282
2260,282
23637,282
23645,282
1161,282
2561,282
2260,282
385,282
8739,282
14322,282
29500,282
24355,282
24863,282
21174,282
12599,282
17675,282
7676,282
31080,282
7676,282
15578,282
14215,282
2586,282
4213,282
11734,282
31801,282
5721,282
29045,282
29790,282
16911,90
15694,90
9148,90
5119,90
23299,90
27310,90
1021,90
4162,90
15878,90
25626,90
4965,90
21076,90
24034,90
2183,90
16532,90
21320,90
12297,90
314,90
28940,90
14063,90
28640,90
18059,90
13804,90
23592,90
4592,90
5271,90
18059,90
17078,90
11510,90
9116,90
26602,90
3578,90
9320,90
21632,90
21632,90
22743,90
21632,90
22743,90
19255,90
12629,90
13591,636
27280,636
117,636
31262,636
8154,636
5501,636
1374,636
13388,636
28479,636
6278,636
24991,636
26720,636
17643,636
25585,636
7540,636
2468,636
5664,636
944,636
18444,636
27502,636
1996,636
10330,636
24036,636
19320,636
13493,636
16779,636
27435,636
23035,636
21563,636
16843,636
17850,636
29794,636
31336,636
30382,636
7708,650
22544,650
5356,650
14437,650
19683,650
17010,650
15122,650
28457,650
18068,650
13633,650
12668,650
5735,650
27128,650
23720,650
10760,650
6533,650
22556,650
16143,650
4282,650
9932,650
8220,650
28486,650
14344,650
21201,650
27529,650
30678,650
13248,650
17208,650
958,650
31813,650
29614,650
30156,650
29986,650
29771,650
22279,650
28542,650
29614,650
5220,650
13472,650
20869,650
26697,650
2019,650
344,650
17531,650
2019,650
4937,650
22556,650
27529,650
12097,650
23738,650
25492,650
4331,650
4331,650
16337,650
28542,650
29771,650
18371,650
15276,650
14920,650
18893,650
3762,650
26476,650
28133,650
8529,650
7828,650
7085,650
25929,650
31777,650
24617,650
17093,650
17827,650
23699,650
21392,650
3762,650
2875,650
7698,650
24509,650
19201,650
22369,650
4053,650
25124,650
958,650
2045,650
29045,650
26355,650
19445,650
16698,650
23910,270
11898,270
6817,270
25070,270
27771,270
22686,270
3863,270
27771,270
1556,270
6982,270
29890,270
27417,270
6781,270
16166,270
30864,270
1867,270
8797,270
17840,270
14434,270
188,270
30611,270
106,270
15003,270
21857,270
1867,270
1303,270
9106,270
12779,270
1860,270
9684,270
6588,270
14293,270
24718,270
8294,270
2542,270
2192,270
10963,270
30864,270
21062,270
889,270
9618,270
12612,270
27329,270
23347,270
21385,270
4525,270
29491,270
3241,270
559,270
23036,270
24106,270
27346,270
10802,270
516,270
20061,270
25316,270
1610,270
19934,270
2840,270
5314,270
30411,270
9129,270
8715,270
11548,270
9743,270
6512,270
7701,270
21385,270
6548,270
4817,270
9576,270
2654,270
17512,270
30941,270
27335,270
15808,270
1316,270
12405,270
1483,270
17024,270
17313,270
18192,270
12343,270
29577,270
1341,270
24702,270
20831,270
29966,270
22761,270
15025,270
14982,270
30506,270
11458,270
6968,270
27074,270
1201,270
906,270
11041,270
2192,270
23154,270
6005,270
8039,270
19951,270
21509,270
31208,270
27629,270
6425,270
3803,270
10265,270
6005,270
1756,270
18133,270
6268,270
15732,270
13760,270
7782,270
16080,270
8429,270
4295,270
11188,270
16215,270
27282,270
21817,270
25994,270
906,270
1887,270
9486,270
9363,270
26591,270
25532,270
27149,270
27925,270
24867,270
29798,270
2968,270
30765,270
18127,270
4149,270
20831,270
2803,270
18133,270
11310,270
9979,270
23062,270
2353,270
19490,270
5602,270
10865,270
27481,270
11566,270
8142,270
11543,270
18574,270
22912,270
5602,270
9570,270
29529,270
9570,270
1887,270
30799,270
5093,270
16527,270
31398,270
7555,270
29871,270
1756,270
15958,270
24620,270
2647,270
19378,270
892,270
29776,270
27282,270
9979,270
14051,270
28797,270
2018,270
11556,270
20270,270
6115,270
19468,270
24597,270
15404,270
22736,270
5069,270
7014,270
10054,270
5300,270
18244,270
20888,270
28797,270
29132,270
14050,270
1846,270
19722,270
18797,270
28217,270
26210,270
29662,270
21848,270
12211,270
31460,270
18400,270
19063,270
19780,270
30944,270
2996,270
10013,270
11546,270
19687,270
10758,270
18142,270
12592,270
22453,270
359,270
3235,270
18142,270
9592,270
7856,270
5371,270
30729,270
16644,270
13792,270
21270,270
21721,270
9979,270
469,270
926,270
20050,270
10932,270
1554,270
11463,270
11041,270
1556,270
20050,270
9465,270
9448,270
21932,270
27191,270
2481,270
2481,270
21470,270
28755,270
24589,270
20114,270
22553,270
5770,270
25915,270
4408,270
30734,270
25756,270
6433,270
23937,270
8117,270
23408,270
316,270
24582,270
9778,270
9941,270
26670,270
16390,270
21658,270
28740,270
505,270
26670,270
3259,270
7612,270
15000,270
24626,270
5606,270
16769,270
13033,270
2550,270
19234,270
26771,270
19731,270
29485,270
25815,270
23483,270
14131,270
13033,270
21318,270
22188,270
29839,270
29839,270
26938,270
12899,270
17901,270
10322,270
17248,270
14783,270
14824,270
4040,270
12883,270
19591,270
4629,270
26200,270
10680,270
30012,270
31763,270
16756,270
17623,270
8311,270
12379,270
28803,270
25513,270
11396,270
17726,270
25396,270
5798,270
22427,270
13244,270
19632,270
10756,270
22168,270
14183,270
12592,270
9778,270
5618,270
2543,270
5680,270
8482,270
1098,270
29805,270
8700,270
4414,270
2453,270
27368,270
16180,270
18609,270
16065,270
22416,270
2194,270
31350,270
16065,270
8206,270
22416,270
9759,270
9759,270
21577,270
3156,270
212,270
22318,270
24410,270
31093,270
11310,270
12622,270
7797,270
30004,270
19241,270
2371,270
5414,270
25748,270
11310,270
17581,270
29037,270
4119,270
22397,270
22397,270
16262,270
10814,270
2914,270
7816,270
3719,270
25337,270
25337,270
8909,270
26032,270
11943,270
14925,270
13398,270
1338,270
4006,270
14727,270
937,270
6813,270
12678,270
26232,270
2440,270
17026,270
31398,270
10814,270
5521,270
14368,270
24546,270
20716,270
23045,270
26022,270
2882,270
25019,270
27417,270
31232,270
5339,270
6986,270
26826,270
8223,270
30077,270
6952,270
6952,270
6952,270
6952,270
30523,270
11922,270
10160,270
7546,270
7546,270
8855,270
8211,270
2354,270
4705,270
5186,270
465,270
20869,270
20831,270
22401,270
16930,270
30380,270
13607,270
23722,270
8775,270
31732,270
31732,270
7894,270
11041,270
11041,270
988,270
13108,270
14658,218
21760,218
15179,218
1741,218
11208,218
11061,218
14614,218
10308,218
15266,218
13052,218
16327,218
11338,218
31258,218
9917,218
26116,218
8164,218
16870,218
21315,218
17931,218
2969,218
12786,218
13460,218
11475,218
21448,218
2754,218
10175,218
24108,218
24461,218
1677,218
1690,218
7254,218
30993,218
4425,218
12786,218
17591,218
2431,218
24306,218
4781,218
13275,218
3458,218
17244,218
24780,218
11610,218
21537,218
11753,218
5250,218
11096,218
18692,218
14677,218
21082,218
718,218
901,218
3207,218
16385,218
11884,218
704,218
6108,218
10083,218
13965,218
17224,218
10395,218
11031,218
16148,218
6390,218
13194,218
12180,218
11015,218
20996,218
22312,218
16315,218
5700,218
10523,218
6599,218
10975,218
20330,120
21117,120
23513,120
15169,120
26068,120
28615,120
24473,120
8746,120
27565,120
27971,120
27985,120
23839,120
19009,120
22239,120
26330,120
26340,120
18187,120
14464,120
28582,50
25697,50
13653,50
16571,50
6813,50
5449,50
4888,50
4767,50
18648,50
24857,50
2782,50
28317,50
26003,50
24845,50
26440,50
21064,50
15856,50
1437,50
23610,50
23874,50
21672,50
2869,50
13919,50
24021,50
1269,50
24964,50
4975,50
6715,50
12398,50
28620,50
20582,50
21131,50
23953,50
21075,50
24999,50
25172,50
19168,50
25721,50
21168,50
2964,50
11664,50
2472,50
7798,50
23687,50
22460,50
21659,50
26421,50
8848,50
2964,50
14519,50
6677,50
25282,50
28681,50
3963,50
2869,50
21710,50
24813,50
9632,50
14711,50
10149,50
21580,50
6078,50
8274,50
27701,50
28375,50
23570,50
28681,50
436,50
27545,50
4888,50
12219,50
7769,50
2215,50
11744,50
3456,50
942,50
4085,50
10013,50
11913,50
3282,50
21131,50
9163,50
5547,50
13557,50
19815,50
25368,50
6704,50
529,50
11183,50
24434,50
26255,50
12638,50
3711,50
7143,50
8367,50
21360,50
7027,50
18354,50
17942,50
26723,50
1770,50
2005,50
5440,50
4315,50
6462,50
28537,50
6333,50
12640,50
806,50
6005,50
13464,50
7143,50
14733,50
24635,50
24805,50
18623,50
18623,50
7388,50
22301,50
25307,50
21635,50
13402,50
22694,50
24747,50
25028,50
6677,50
26562,50
2375,50
28431,50
18076,50
10383,50
5062,50
3631,50
1921,50
26432,50
6571,50
27986,50
27101,50
7050,50
11622,50
14314,50
7648,50
1507,50
25061,50
18243,50
25784,50
20777,50
2280,50
23616,50
24507,50
17662,50
21539,50
21678,50
4812,50
6665,50
5470,50
10287,50
6299,50
2452,50
4397,50
614,50
17005,50
23014,50
21160,50
13104,50
5092,50
1168,50
24168,50
24168,50
11249,50
13985,50
17236,50
28144,50
17713,50
10431,50
5396,50
13466,87
22060,87
18042,87
13250,87
371,87
8554,87
21058,87
29150,87
19304,87
20480,262
25059,262
7868,262
2465,262
21464,262
31233,262
19151,262
9181,262
24803,262
15779,262
2586,262
14181,262
6630,262
17962,262
8706,262
17094,262
17119,262
23556,262
5097,262
10722,262
15236,262
13955,262
17504,262
25569,262
1584,262
6030,262
9804,262
15091,262
2891,262
1249,262
17132,262
13474,262
11487,262
1511,262
12639,262
3642,262
16995,262
6163,262
24181,262
11015,262
25304,262
28281,262
24086,262
2546,262
2831,262
4711,262
1359,262
12041,262
4807,262
24636,262
6019,262
11432,262
7878,262
11998,262
24317,262
7292,262
3718,262
25847,262
8777,262
2575,262
252,262
18647,262
27891,262
27891,262
16903,262
16231,262
24815,262
28704,262
28704,262
28704,262
24610,262
6325,262
4790,262
16888,262
13609,262
5330,262
6742,262
3591,262
4968,262
14351,262
2834,262
26208,339
21316,339
28337,339
23618,339
22873,339
26868,339
23704,339
27069,339
21023,339
20649,339
20721,339
20687,339
19669,339
20694,339
20673,339
20675,339
20718,339
20695,339
20732,339
20715,339
20742,339
20706,339
20645,339
20726,339
20681,339
20629,339
20693,339
20640,339
20676,339
20666,339
20724,339
20740,339
20741,339
20720,339
20683,339
20658,339
20624,339
20710,339
20733,339
20701,339
20623,339
20705,339
20672,339
20684,339
20634,339
20731,339
20627,339
20703,339
20626,339
20654,339
20651,339
20728,339
20691,339
20708,339
20628,339
20689,339
20699,339
20679,339
20636,339
20632,339
20704,339
20711,339
20661,339
20692,339
20633,339
20696,339
20630,339
20678,339
20685,339
20966,339
20680,339
20713,339
20635,339
20070,339
20655,339
20646,339
20069,339
20714,339
20725,339
20071,339
21103,339
25385,339
27025,339
18381,339
15409,339
27707,339
26595,339
30426,339
11847,339
27551,339
17721,339
10271,339
30316,339
29808,339
14826,339
28048,339
18053,339
29913,339
24299,339
29178,339
24655,339
28771,339
28320,339
30474,339
12251,339
28551,339
30407,339
25078,339
23469,339
30706,339
29937,339
27747,339
30673,339
28599,339
19240,339
25548,339
18319,339
27621,339
30894,339
29936,339
16982,339
20057,339
30037,339
11124,339
28756,339
20100,339
24713,339
27028,339
30731,339
26975,339
19535,339
15291,339
28395,339
29837,339
21453,339
27518,339
30452,339
30150,339
30538,339
22317,339
27892,339
10442,339
27047,339
28307,339
29898,339
30056,339
26105,339
28969,339
23075,339
23008,339
18088,339
22140,339
21671,339
10131,339
27759,339
9307,339
21749,339
32017,396
19959,396
13836,396
17754,396
14347,396
18049,396
23568,396
16577,396
22296,396
21082,396
11836,396
15696,396
2386,396
21745,396
26490,396
22286,396
16429,396
11988,396
18280,396
28898,396
11107,396
14860,396
6065,396
32027,396
10458,396
12093,396
5624,396
7727,396
11046,396
3404,396
16851,396
25794,396
4548,396
29435,396
10155,396
10118,396
10118,396
17673,396
8007,396
15037,396
27380,396
30603,396
31529,396
2597,396
19821,396
7996,396
27207,396
24458,396
2317,396
20395,396
25566,396
27066,396
24943,396
8689,396
17663,396
25216,396
27263,396
27263,396
19238,396
18411,396
5968,396
14568,396
1321,396
826,396
20444,396
27834,396
12313,907
3519,907
27071,907
7605,907
30015,907
7794,907
32357,907
21793,907
28713,907
32142,907
24521,907
11932,907
24976,907
23354,907
18551,907
32314,907
22197,907
14786,907
27319,907
30376,907
31479,907
23604,907
19362,907
7130,907
21264,907
31777,907
24730,907
32091,907
32512,907
31163,907
14038,907
15842,907
20642,907
25153,907
14237,907
13237,907
15934,907
22511,907
28072,907
24840,907
13170,907
15878,907
19054,907
14118,907
23970,907
16724,907
19760,907
24840,907
3298,907
25627,907
30181,907
26050,907
24612,907
24328,907
19858,907
28935,907
30418,907
7921,907
26504,907
31799,907
24403,907
22541,907
32333,907
13907,907
28396,907
28390,907
28867,907
28424,907
19365,907
1536,907
17869,907
23590,907
5200,907
22382,907
25597,907
8069,907
22882,907
32430,907
20865,907
8794,907
23289,907
25362,907
23289,907
1221,907
2450,907
21685,907
32261,907
2717,907
19104,907
2596,907
5355,907
17762,907
22171,907
11766,907
7481,907
25803,907
28152,907
6059,907
24206,907
4057,907
9669,907
30398,907
10078,907
7143,907
10310,907
30013,907
30939,907
9098,907
15606,907
3793,907
29732,907
7125,907
23994,907
6092,907
13425,907
3082,907
13937,907
10220,907
4330,907
25630,907
25630,907
26411,907
27718,907
30352,907
2376,907
2259,907
26540,907
12802,907
30657,907
5046,907
30305,907
19110,907
31963,907
9622,907
5491,907
3791,907
9317,907
1338,907
32475,907
24428,907
22295,907
21043,907
30924,907
13276,907
8224,907
22947,907
6672,907
3050,907
32324,907
16653,907
30035,907
22629,907
15811,907
17095,907
1865,907
27231,907
25221,907
20167,907
23523,907
21622,907
32293,907
23523,907
6494,907
31325,907
31325,907
31937,907
22348,907
32286,907
24345,907
27923,907
25913,907
11674,907
23779,907
28127,907
14050,907
26584,907
847,907
3808,907
8455,907
27975,907
27493,907
22073,907
30174,907
19247,907
21085,907
2388,907
4135,907
16997,907
32470,907
28965,907
9644,907
22012,907
32201,907
6856,907
26994,907
22899,907
22899,907
19458,907
16666,907
24662,907
21569,907
28312,907
3343,907
22583,907
6732,907
16455,907
24630,907
26257,907
14947,907
18734,907
31380,907
28885,907
16698,907
6715,907
31005,907
6795,393
21740,393
18178,393
25962,393
27834,393
12582,393
403,393
25765,393
3416,393
30979,393
9455,393
5779,393
5209,393
3373,393
3158,393
9652,393
11500,393
10947,393
15429,393
11931,393
13541,393
29333,393
30979,393
32017,393
23587,393
10094,393
11240,393
7455,393
7422,393
2323,393
17809,393
13719,393
11195,393
16409,393
3407,393
22487,393
6378,393
1945,393
27676,393
3677,393
24157,393
22852,393
18989,393
30702,372
6788,372
30128,372
18991,372
28040,372
8742,372
5593,372
8761,372
8761,372
3299,372
21270,372
5853,372
1864,372
2249,372
16448,372
7424,372
24198,372
1204,372
13898,372
7918,372
22058,372
597,372
22058,372
24198,372
21690,372
12464,372
6218,372
7821,372
10783,702
15722,702
5209,702
10783,702
13215,702
17699,702
795,702
1104,702
11470,702
3086,702
504,702
14955,702
15915,702
13298,702
13298,702
2090,702
6190,702
13250,702
31863,702
30698,702
28018,702
24115,702
12142,702
19299,702
5760,702
169,702
19299,702
3372,702
5760,702
3579,702
391,702
11470,702
5097,702
23585,702
25632,702
9463,702
9489,702
23585,702
602,702
9310,702
16770,702
29727,702
9310,702
26309,702
23438,702
12812,702
5707,702
8739,702
21439,702
10902,702
17211,702
31833,702
29842,702
23861,702
23861,702
23861,702
23861,702
12852,702
16213,702
22438,702
5308,702
11432,702
3909,702
26484,702
6885,702
26484,702
6885,702
32076,1029
31435,1029
31435,1029
12813,1029
22904,1029
24626,1029
14901,1029
32174,1029
25041,1029
20669,1029
21176,1029
6116,1029
32370,1029
27981,1029
1600,1029
32370,1029
32370,1029
27589,1029
24701,1029
28027,1029
28863,1029
29817,1029
14989,1029
18435,1029
12813,1029
4694,1029
28717,1029
25582,1029
20055,1029
6075,1029
12410,1029
10695,1029
27504,1029
14584,1029
4006,1029
8128,1029
14159,1029
13099,1029
11967,1029
4953,1029
6736,1029
18796,1029
692,1029
20489,1029
31330,1029
28870,1029
27504,1029
28870,1029
8631,1029
23523,1029
29177,1029
21738,1029
9961,1029
11086,1029
13332,1029
30186,1029
32541,1029
31710,1029
26831,1029
8338,1029
18744,1029
27504,1029
32040,1029
14011,1029
32040,1029
1327,1029
3895,1029
24771,1029
2408,1029
21899,1029
31475,1029
30179,1029
29687,1029
26665,1029
2512,1029
7427,1029
125,1029
17107,1029
7047,1029
12947,1029
21664,1029
25526,1029
25526,1029
32533,1029
28762,1029
22592,1029
29551,1029
21625,1029
24042,1029
32062,1029
4621,1029
31212,1029
26680,1029
24212,1029
32302,1029
9577,705
19635,705
6914,705
458,705
28427,705
6914,705
23183,705
1625,705
8167,705
5522,705
18346,705
5527,705
1484,705
18086,705
28231,705
6008,705
29048,705
11570,705
31878,705
11933,705
19706,705
15678,705
17536,705
17403,705
23667,705
17403,705
18588,705
27821,705
23667,705
4788,705
23667,705
24421,705
4788,705
458,705
12245,705
16179,705
16308,705
16179,705
16179,705
23886,705
12193,705
15588,705
6810,705
17502,705
19395,912
23379,912
26822,912
23055,912
26071,912
11093,912
23718,912
12269,912
32395,912
29648,912
5516,912
23604,912
17025,912
5404,912
7012,912
27983,912
25592,912
23477,912
26995,912
32445,912
6354,912
19518,912
11404,912
30630,912
15003,912
23396,912
23396,912
9838,912
6694,912
27501,912
12015,912
27503,912
20101,912
21935,912
13589,912
24533,912
32209,912
28829,912
29987,912
15435,912
25172,912
26467,912
6248,912
15233,912
31951,912
7888,912
25172,912
32475,912
18503,912
16672,912
20178,912
27327,912
17293,912
22600,912
30924,912
9928,912
27328,912
27037,912
20975,912
16410,912
10078,912
17293,912
6133,912
31098,912
29770,912
15017,912
13305,912
26540,912
4530,912
865,912
31010,912
19763,912
17814,912
30947,912
25418,912
29999,912
19760,912
17677,912
8906,912
16845,912
292,912
27469,912
19569,912
13809,912
2966,912
9448,912
21330,912
27491,912
25776,912
13729,912
32142,912
15606,912
31561,912
21781,912
21781,912
7378,912
27923,912
7285,912
18740,912
8648,912
25000,912
22541,912
10011,912
27284,912
32059,912
24072,912
9622,912
9596,912
13783,912
11572,912
13491,912
25405,912
27675,912
26411,912
17428,912
26749,912
26535,912
24597,912
29904,912
16304,912
24328,912
32502,912
3674,912
9341,912
16997,912
16858,912
19458,912
32512,912
28984,912
26030,912
31937,912
16455,912
25978,912
30630,912
6673,778
17916,778
12355,778
31891,778
25720,778
23530,778
5243,778
31625,778
2703,778
30110,778
4453,778
29091,778
847,778
23753,778
32183,778
11813,778
31805,778
9563,778
8094,778
22485,778
26762,778
7945,778
19076,778
4835,778
23510,778
24511,778
7285,778
13964,778
24596,778
1407,778
31705,778
27612,778
27348,778
30768,778
24603,778
28483,778
3910,778
28394,778
6020,778
22402,778
1759,778
24749,778
19752,778
5069,778
14770,778
24585,778
31561,778
20669,778
1649,778
29487,778
4898,778
20442,778
7177,778
10808,778
28930,778
21368,778
18503,778
13507,778
7240,778
3050,778
2068,778
26727,778
2800,778
22657,778
13507,778
24185,778
4913,778
4913,778
27981,778
31666,778
6798,778
19452,194
17347,194
7946,194
22576,194
13255,194
30792,194
20859,194
1345,194
1065,194
12017,194
10682,194
13019,194
14202,194
12894,194
13177,194
8660,194
3460,194
13143,194
14817,194
13656,194
6565,194
21533,194
3877,194
6743,194
16060,194
8178,194
11334,194
7614,194
1701,194
4830,194
6154,194
1577,194
23601,194
8526,194
18313,194
22095,194
7952,194
3023,194
18471,194
21452,194
5798,194
8893,194
16660,194
25550,194
21328,194
9492,194
24064,194
22889,194
6485,194
2827,194
682,194
12205,194
29622,194
17843,194
1004,194
8485,194
24277,194
21204,194
12504,194
24754,194
11008,194
17043,194
19474,194
6554,194
25654,194
1576,194
16788,194
2673,194
30461,194
13971,194
12622,194
29520,194
21374,194
18831,194
31149,194
24440,194
212,194
15369,194
9717,194
19204,194
890,194
14220,194
11825,194
3608,194
9254,194
3608,194
20095,194
27516,194
1172,194
26554,194
13082,194
9371,194
3045,194
2155,194
18289,194
4972,194
1193,194
14301,194
29765,194
6528,194
18161,194
26809,194
11309,194
10563,194
18161,194
9024,194
9361,194
6742,194
12569,194
2841,194
24056,194
28872,194
12849,194
24760,194
25089,194
25089,194
20922,194
2987,194
2841,194
29445,194
25794,194
12396,194
23041,194
11315,194
14869,194
13041,194
1702,194
17923,194
10708,194
18496,194
1610,194
29699,194
10136,194
24546,194
24585,194
19868,194
9476,194
3959,194
24400,194
29472,194
19930,194
17728,194
19550,19
7581,19
7914,19
19550,19
26184,19
9114,19
14270,19
16471,19
18713,19
26846,19
22613,19
22613,19
17202,19
194,388
6680,388
880,388
6997,388
479,388
89,388
30134,388
26649,388
18801,388
497,388
27473,388
6795,388
29975,388
11000,388
15091,388
8879,388
30402,388
16979,388
22487,388
12992,388
27698,388
24131,388
1542,388
762,388
14561,388
1175,388
12706,388
8879,388
6443,388
30402,388
2207,388
29424,388
3880,388
1785,388
24131,388
28251,388
4623,388
30838,388
16844,388
8349,388
31301,388
29909,388
27784,388
385,388
10665,388
31301,388
26575,388
3465,388
8541,388
17183,388
13463,388
9218,388
4712,388
15452,388
25134,388
26088,388
8996,388
23466,388
8703,388
1782,388
517,388
632,388
2951,388
37,388
15613,388
195,388
195,388
16503,388
30603,388
7417,388
11284,388
7687,388
13088,388
5294,388
21921,388
21209,388
28570,388
30636,388
4586,993
32501,993
971,993
11564,993
13434,993
23518,993
14725,993
20109,993
11177,993
16632,993
22699,993
11601,993
6585,993
2629,993
28160,993
24819,993
12352,993
27373,993
32169,993
17482,993
30151,993
22530,993
27424,993
25892,993
9902,993
3469,993
15535,993
10082,993
23274,993
32526,993
4468,993
24336,993
30611,993
23087,993
20090,993
11177,993
15745,993
15535,993
14631,993
170,744
1333,744
26258,744
4356,744
17207,744
29319,744
7640,744
21910,744
7487,744
30926,744
8583,744
9292,744
10603,744
2881,744
634,744
8563,744
14234,744
8862,744
14234,744
5917,744
4938,744
6953,744
5313,744
7117,744
20054,744
5179,744
25790,744
4337,744
5313,744
8862,744
2846,744
5917,744
14219,744
22045,744
17451,744
32077,744
3649,744
6264,744
24766,744
14982,744
16633,744
21157,744
53,744
28752,744
21615,744
31797,744
1319,744
32238,744
32171,744
32171,744
8198,744
23762,744
2511,744
11041,744
22768,744
6311,744
8601,744
23113,744
6987,744
12898,744
12898,744
27187,744
11953,744
30926,744
12871,744
17395,744
26358,744
26358,744
17879,744
8703,387
27186,387
10204,387
333,387
9280,387
3179,387
32017,387
28251,387
8017,387
426,387
30702,387
1065,387
3356,387
18510,387
4733,387
8164,387
2428,387
11443,387
17365,387
718,387
22950,387
1623,387
16332,387
1361,387
19057,387
2819,387
6537,387
8742,387
7409,387
16128,387
510,387
24893,387
6372,387
18527,387
1238,387
22046,387
30225,387
3331,387
14299,387
11527,387
20791,387
16128,387
2428,387
27467,387
351,387
19887,387
23920,387
5378,387
9617,387
14897,387
18440,387
13313,387
23251,387
92,387
22887,387
3309,387
19599,387
6242,387
2613,387
16061,387
19030,387
31496,387
18424,387
21796,387
10816,387
20424,387
505,387
29803,387
8207,387
1136,387
19799,387
16302,387
21414,387
25010,387
944,387
9661,387
30242,387
6509,387
17386,387
265,387
1374,387
10739,387
22339,387
29645,387
18431,387
479,387
27762,387
16338,387
9069,387
17539,387
752,387
5806,387
9042,387
1401,387
506,387
8021,387
30456,387
27191,387
28491,387
13345,387
3436,387
26275,387
2841,387
25779,387
25651,387
7800,387
17094,387
1359,387
17374,387
25651,387
24335,387
4685,387
15220,387
19143,387
31716,387
20497,387
23893,387
5741,387
18200,387
29420,387
26982,387
346,387
13181,387
23755,387
24618,387
13584,387
21533,387
12164,387
29000,387
18945,387
2890,387
10336,387
7084,387
29963,387
6181,387
26164,387
7336,387
5951,387
10840,387
30944,387
5492,387
2253,387
7555,387
3079,387
25344,387
24651,387
564,387
28175,387
4505,387
14511,387
20483,387
10037,387
26456,387
21480,387
1363,387
32235,387
2835,387
10760,387
3410,387
17117,387
1503,387
3953,387
7408,387
27281,387
13744,387
14721,387
26174,387
14552,387
20269,387
1514,387
24306,387
14552,387
22452,387
14003,387
21732,387
19829,387
772,387
3709,387
18701,387
19290,387
5229,387
10061,387
1643,387
7619,387
5000,387
554,387
17774,387
29258,387
17187,387
49,387
30515,387
2256,387
841,387
9771,387
17219,387
25748,387
9687,387
16578,387
30603,387
828,387
11608,387
30907,387
3826,387
19652,387
14983,387
30466,387
31030,387
19780,387
19877,387
19280,387
11648,387
233,387
5622,387
4358,387
1031,387
15540,387
7588,387
6790,387
26872,387
10418,387
26618,387
29394,387
4604,387
28925,387
17271,387
13670,387
5916,387
6575,387
29654,387
21496,387
12233,387
22403,387
497,387
13500,387
2969,387
21794,387
10087,387
4261,387
29676,387
13472,387
14162,387
31011,387
4606,387
8625,387
5763,387
17935,387
31392,387
799,387
11834,387
11015,387
4793,387
12736,387
9594,387
5802,387
3654,387
8452,387
16800,387
4098,387
15457,387
7889,387
19496,387
23792,387
27000,387
19496,387
596,387
5763,387
21302,387
8625,387
31580,387
31499,387
17215,387
1154,387
27591,387
19218,387
21864,387
3407,387
2520,387
19649,387
7318,387
30786,387
14978,387
23430,387
6572,387
7927,387
30566,387
19778,387
24130,387
16282,387
23605,387
1829,387
532,387
9510,387
14061,387
31377,387
10858,387
24791,387
16398,387
25876,387
687,387
19204,387
8807,387
19939,387
28585,387
27060,387
26945,387
21978,387
379,387
9131,387
22338,387
17315,387
6351,387
6412,387
19998,387
9202,387
31487,387
26167,387
8047,387
22297,387
28813,387
23046,387
10115,387
12446,387
12760,387
7718,387
31291,387
9033,387
32036,387
7522,387
20662,387
23721,387
1177,387
1936,387
8141,387
245,387
24953,387
30890,387
3545,387
15918,387
8834,387
16193,387
24561,387
31630,387
18178,387
16023,387
9320,387
29790,387
10853,387
6021,387
12530,387
12992,387
5966,387
18161,387
2164,387
26752,387
23118,387
14933,387
17670,387
2508,387
24083,387
19551,387
9670,387
21988,387
21033,387
4433,387
3947,387
29180,387
133,387
26034,387
30871,387
9037,387
7718,387
1162,387
2681,387
21313,387
16534,387
3608,387
9242,387
650,387
25532,387
28679,387
13833,387
14933,387
31529,387
14054,387
18661,387
31125,387
15487,387
5430,387
10265,387
3586,387
27570,387
11804,387
17118,387
27266,387
31618,387
4354,387
29559,387
26936,387
21254,387
25042,387
14201,387
5881,387
9916,387
965,387
23848,387
12409,387
25525,387
1029,387
6534,387
31426,387
27716,387
2508,387
28860,387
29853,387
673,387
31659,387
15019,387
26597,387
21618,387
28699,387
13609,387
17404,387
3835,387
18411,387
9181,387
24879,387
8342,387
11602,387
3628,387
7312,387
4224,387
28662,387
28198,387
10116,387
14924,387
28392,387
6768,387
11116,387
23262,387
18784,387
4736,387
1137,387
26844,387
29061,387
11278,387
23040,387
8747,387
28282,387
8379,387
14499,387
25015,387
13651,387
23856,387
11482,387
22927,432
4293,432
7642,432
127,432
24450,432
6999,432
13577,432
6999,432
19809,432
31999,432
24059,432
9816,432
13302,432
6013,432
30619,432
14614,432
15938,432
26928,432
5318,432
20013,432
27823,432
13502,432
30889,279
29971,279
7638,279
6264,279
30330,279
3003,279
18848,279
13609,279
6795,279
21804,279
2828,279
24780,279
1710,279
11099,279
12706,279
12578,279
3198,279
23637,279
1388,279
1590,279
11916,279
4430,279
19071,279
19416,279
28753,279
6496,279
24527,279
282,279
14671,279
28753,279
26997,279
15245,279
17252,279
6845,279
381,279
16449,279
7211,279
5371,279
24316,279
26597,279
10092,279
6144,279
16520,279
3288,279
8768,279
392,279
4750,279
10003,279
28025,279
8768,279
30144,279
765,279
10742,279
25364,279
18732,279
20132,279
22790,279
18678,279
1980,279
7163,279
25160,279
20825,279
21362,279
4250,279
6211,279
31073,279
1219,279
28699,279
2723,279
5015,279
22670,279
16307,279
27382,279
17764,279
18789,279
1033,279
13926,279
17335,279
28597,279
1944,279
6833,279
14187,279
3809,279
8061,279
14447,279
6395,279
25501,279
5627,279
14139,279
6564,279
31033,279
17577,279
485,279
26244,279
11003,279
21374,279
23601,279
29540,279
14474,279
5152,279
30904,279
27784,279
30510,279
6683,279
30510,279
26789,279
6683,279
5283,279
1058,279
20411,279
16749,279
24311,279
5801,279
19840,279
4571,279
11181,279
14111,279
22347,279
24083,279
31062,279
20929,279
30644,279
20316,279
6275,279
15163,279
13819,723
20870,723
11326,723
21002,723
21002,723
9880,723
21424,723
21424,723
18008,723
30943,723
30943,723
9184,691
16545,691
16545,691
11738,691
10544,691
8699,691
10626,691
13437,691
24843,69
13856,69
15193,69
17094,69
27703,69
21300,69
4995,69
21027,69
2118,69
7808,69
23063,69
6830,69
27517,69
24534,69
19205,69
28727,69
24543,69
3684,69
9854,69
12375,69
3267,69
31,69
7783,69
422,69
13361,69
7375,69
24200,69
22568,69
12793,69
12719,69
12258,69
15104,69
11438,69
9436,69
26325,69
10387,69
10437,69
14166,69
21892,69
10202,69
21725,69
4189,69
20369,69
13404,69
19016,69
21993,69
29153,69
6139,69
14063,69
5057,69
6133,69
22431,69
26477,69
19341,69
11316,69
26443,69
3108,950
10874,950
28098,950
20498,950
7976,950
15955,950
13145,950
18884,950
23617,950
22073,950
19644,950
1474,950
438,950
23606,950
16166,950
1367,950
15040,950
13159,950
29306,950
31419,950
7152,950
23331,950
28036,950
15497,950
28098,950
2076,950
11096,176
18692,176
476,176
9323,176
7190,176
21670,176
26545,176
2213,176
12307,176
21720,176
22566,176
30084,176
17009,176
16951,176
20473,176
15173,176
2612,176
1853,176
5666,176
18974,176
28148,176
9651,176
4993,176
6360,176
18355,176
20969,176
28788,176
16112,176
14025,176
8887,176
21004,176
22997,176
24784,176
23292,176
25097,176
20204,176
5580,176
3053,176
11789,176
13042,176
17642,176
1669,176
1740,176
19307,176
23620,176
17979,176
11353,176
24919,176
28482,176
8427,176
23252,176
19807,176
6919,176
8870,176
13899,176
9721,176
19960,176
23226,176
4890,176
14594,176
8270,176
10934,176
17446,176
10045,176
25982,176
19467,176
10264,176
30981,176
11771,144
27319,144
26854,144
4780,144
100,144
21663,144
14352,144
7662,144
2578,144
7293,144
19890,144
9368,144
7026,144
11523,144
9332,144
20756,144
5054,144
16425,144
4722,144
18714,144
2328,144
1407,144
661,144
3662,144
28295,144
13326,144
24567,144
11800,144
22947,144
14159,144
20578,889
20578,889
7612,889
25826,889
20328,889
26201,889
163,889
8681,889
13259,889
27585,889
31129,889
1605,889
22493,889
1605,889
18252,889
1068,889
7787,889
14781,889
26812,889
19414,889
24629,889
15274,889
24629,889
18110,889
30597,889
26322,889
24023,889
26322,889
26322,889
15274,889
5771,889
28891,889
15325,889
3033,889
8329,889
15361,889
10120,889
29719,889
128,889
32208,889
32208,889
27620,889
27585,889
26322,889
32342,889
1506,571
2111,571
25579,571
19372,571
5893,571
32180,571
14643,571
25354,571
4737,571
9409,571
10,571
13176,571
27255,571
11644,571
24844,571
11742,571
11179,571
21748,571
197,571
7773,571
2109,571
6708,571
30217,571
23266,571
31134,571
1529,571
8154,571
8469,571
14700,571
21287,571
29589,571
18538,571
30737,571
17956,571
22633,571
10024,571
2725,571
1674,571
12861,571
32344,571
5888,571
31768,571
26165,571
15829,571
828,571
10945,571
31598,571
24856,571
31784,571
14555,571
19814,571
27308,571
5228,571
18610,916
30591,916
16465,916
25837,916
30591,916
7914,916
18610,916
16465,916
18610,916
12715,916
10948,916
12715,916
25837,916
25837,916
14356,916
17057,916
20102,916
14610,916
7413,916
16196,916
30170,916
18049,916
13230,916
26341,916
4834,916
30170,916
4566,916
30068,916
30373,916
28399,916
7093,916
22165,916
13364,916
10313,916
4601,916
17197,916
27915,916
15705,916
21879,916
9974,916
12951,916
3181,916
32258,916
24140,916
25880,916
26021,916
5040,916
29499,916
19744,916
7393,916
7085,916
28200,916
26251,916
22756,916
22646,916
11113,916
20782,916
22243,916
19249,916
30447,916
30338,916
11201,916
30196,916
8646,916
24347,916
4950,916
30000,916
11916,916
14210,916
5369,916
13773,916
27490,916
15787,916
9229,916
23719,916
14156,916
13622,916
20773,916
23639,916
30196,916
8155,916
1780,916
28896,916
17381,916
7681,916
29918,916
13081,916
3850,916
25840,916
19895,916
23414,916
13081,916
7169,916
27634,916
25776,916
31222,916
15076,916
14816,916
5212,916
28905,916
13384,916
26701,916
10165,916
30672,916
5029,916
12941,916
5863,916
12460,916
2095,916
16768,916
21378,916
31833,916
9372,916
23479,916
31035,916
5775,916
22918,916
1033,916
15576,916
20356,916
23324,916
25358,916
13375,916
29443,916
29443,916
16296,916
29416,916
8109,916
18974,916
30817,916
14477,916
22384,916
30530,916
18566,916
13900,916
15500,916
3223,916
29082,916
13450,916
30533,916
15500,916
1772,916
17463,916
18026,916
17035,916
5507,916
26342,916
19568,916
28821,916
8955,916
13321,916
4567,916
5185,916
12797,916
17684,916
28321,916
14076,916
25611,916
17275,916
25940,916
12451,916
24215,916
19069,916
25191,916
16002,916
25940,916
27664,916
258,916
1967,916
258,916
28878,916
1967,916
18514,916
13672,916
5808,916
25809,916
13672,916
10452,916
29410,916
29450,916
6560,916
14674,916
29584,916
16975,916
25303,916
18883,916
13684,916
19797,916
7618,916
25513,916
23467,916
14393,916
18544,916
15232,916
14393,916
14211,916
4496,916
2624,916
25968,916
16359,916
15620,916
27347,916
7754,916
2487,916
11375,916
14455,916
12895,916
15912,916
23192,916
31395,916
22945,916
11541,916
3292,916
12777,916
20797,916
16334,916
15454,916
17521,916
7186,916
27537,916
27537,916
29692,916
11419,916
14854,916
17352,916
13675,916
7639,916
17322,916
3986,916
28782,916
28014,916
18624,916
23928,916
17447,916
12729,916
21426,916
31995,916
14530,916
28018,916
9050,916
25097,916
26236,916
17959,916
13132,916
13132,916
14330,916
14330,916
5936,916
19445,916
28393,916
5048,916
22360,916
9777,916
25302,916
4969,916
29224,916
22166,916
8322,916
30192,916
12310,916
15701,916
18941,916
6399,916
12566,916
31466,916
31466,916
11921,916
9272,916
21516,916
14616,916
24614,916
5346,916
16702,916
22138,916
32107,916
20096,916
30113,916
21813,916
10733,916
3386,916
23914,916
12360,916
27715,916
22024,916
20319,916
15569,916
27778,916
26822,916
23171,916
27913,916
29311,916
27913,916
18883,916
29311,916
18883,916
14397,916
16860,916
19718,916
16002,916
32080,435
11923,435
10874,435
19278,435
8556,435
30638,435
19788,435
19825,435
9919,435
15565,435
28054,435
17049,435
5299,435
2328,435
20540,435
20168,435
15938,435
3780,435
22877,435
4561,435
21861,435
16673,435
16380,435
24062,435
20978,435
18229,580
5542,580
8119,580
742,580
25074,580
8435,580
10876,580
18832,580
29704,580
552,580
5419,580
16911,580
16184,580
10302,580
28555,580
10593,580
19053,580
31455,580
27006,580
16195,580
26290,580
12602,580
13133,580
13366,580
11442,580
10732,580
24826,580
5004,580
2633,580
1970,580
1621,580
11751,580
24336,580
20011,580
1672,580
13104,580
3374,580
4267,580
4375,580
3180,580
32039,580
24969,580
9363,580
6660,580
4630,580
14262,580
9427,580
12006,580
26759,580
22322,580
20058,580
6015,580
6949,580
19431,580
26304,580
4912,580
17156,580
8002,580
30643,580
22261,580
17310,580
574,580
28720,580
23145,580
22248,580
31991,580
23250,580
2517,580
10614,580
31099,580
5165,580
2017,580
3418,580
17598,580
2219,580
2582,580
10377,580
31872,580
3940,580
6898,580
13333,580
12495,580
4869,580
7220,580
7697,580
26466,580
4999,580
26188,580
21415,580
31205,580
628,580
827,580
28112,580
30188,580
32294,580
4333,580
12102,580
8787,580
23581,580
26522,580
25057,580
12337,580
4492,580
22482,580
28829,580
11244,580
10516,580
27190,580
3085,580
6957,580
4102,695
30678,695
6744,695
14807,695
24623,695
19733,695
26089,695
32268,695
19334,695
22095,695
15196,695
22390,695
15317,695
21911,695
11451,695
30529,695
20722,695
29028,695
9456,695
6133,695
21472,695
5201,695
24175,695
424,695
19389,695
27561,695
26918,695
6993,695
11381,695
27830,695
28184,695
15773,695
2182,695
21788,695
4012,695
25553,695
23776,695
2913,695
14285,695
27109,695
25803,695
22778,695
28480,695
25005,695
14566,695
23958,422
28270,422
13601,422
26257,422
31184,422
23610,422
30934,422
14975,422
25129,422
19549,422
30835,422
10787,422
15378,422
18998,422
16712,422
23617,422
31052,422
22429,422
26375,422
26206,422
31263,422
25925,422
6994,422
22930,422
25052,422
20653,422
17118,422
27992,422
5535,422
21441,422
28873,422
31487,422
3747,422
27207,422
16098,422
5705,422
31603,422
26801,422
1187,422
16555,422
20749,422
405,422
7061,422
12990,422
11977,422
16315,422
25214,422
30610,422
30188,422
22645,422
21893,422
25268,422
13963,422
31965,422
15680,422
18399,422
6196,422
15168,422
17574,422
9813,422
16765,422
21926,422
21926,422
6703,422
24285,422
2582,422
24887,422
15002,422
29555,422
10721,422
485,422
4881,747
3249,747
3616,747
20668,747
24128,747
10111,747
23663,747
13096,747
7672,747
6978,747
3839,747
5370,747
12568,747
3540,747
9091,747
11875,747
13895,747
14142,747
12381,747
18707,747
7333,747
534,747
28456,223
9118,223
12281,223
29373,223
2206,223
14209,223
18382,223
8352,223
31235,223
26859,223
24803,223
21911,223
13167,223
10158,223
27831,223
28492,223
20035,223
5500,223
13187,223
22245,223
6793,223
29909,223
22882,223
19771,223
30697,223
10355,223
3484,223
3850,223
26309,223
30004,223
21244,223
23991,223
25410,223
25245,223
17797,223
22840,223
13170,223
27075,223
28891,223
18711,223
18869,401
5386,401
19561,401
7163,401
29675,401
16111,401
6600,401
8996,401
28135,401
25400,401
16315,401
17222,401
7409,401
7504,401
20085,401
11916,401
8689,401
3100,401
10301,401
24696,401
27382,401
3398,401
347,401
5294,401
17816,401
13026,401
6565,401
130,401
32017,401
9345,401
1391,401
1129,401
30702,401
5677,401
26282,401
383,401
9345,401
29998,401
30603,401
27257,401
1110,401
28935,401
30392,401
2254,401
9528,401
32135,401
15825,401
27694,401
19655,401
5417,401
27396,401
31663,401
23938,401
11035,401
21373,401
793,401
31080,401
1191,401
5519,401
24699,401
20079,401
18148,401
15345,401
533,401
4001,401
1944,401
17866,401
24251,401
29169,401
21015,401
23933,401
14994,401
8127,401
2723,401
21288,401
28281,401
22398,401
16837,401
29972,401
23736,401
23736,401
21175,401
23736,401
11602,401
23971,401
24470,401
18839,401
14462,401
7727,401
19727,401
20912,401
28246,401
5359,401
3663,401
5120,401
1531,401
1076,401
9923,401
5896,401
8864,401
14793,401
30036,401
8864,401
16998,401
12160,401
19238,401
12706,401
20236,401
30945,401
15266,401
12645,401
18433,401
19309,401
21305,401
12274,401
9616,401
15841,401
25372,401
6901,401
1786,401
25830,401
3170,401
15217,401
9219,401
14921,401
2861,401
25871,401
11327,401
29363,401
739,401
20395,401
1282,401
656,401
2103,401
3366,401
26184,401
20737,401
28074,317
12780,317
945,317
8391,317
8317,317
13249,317
27681,317
9548,317
9775,317
17902,317
5314,317
10071,317
259,317
31844,317
12576,317
20819,317
775,317
9097,317
30309,317
24583,317
367,317
26988,317
2451,317
2248,317
10886,317
31838,317
18828,317
19809,317
1631,317
8026,317
5710,317
31894,317
28005,317
27195,317
31099,317
5318,317
26504,317
16692,317
29874,317
10636,317
11964,317
622,317
22853,766
7706,766
27684,766
31534,766
16760,766
9088,766
22107,766
5515,766
19358,766
17146,766
25974,766
12285,766
13807,766
12605,766
11422,766
27421,766
14589,766
15848,766
11200,766
2449,766
4291,766
4291,766
2449,766
333,766
25587,766
24246,766
29538,766
22996,766
30448,352
24195,352
19819,352
27939,352
12246,352
3390,352
11706,352
2430,352
20454,352
21731,352
3426,352
4178,352
27219,352
3769,352
17180,352
31976,352
2657,352
924,352
11475,352
15437,352
703,352
5774,352
24455,352
3469,352
21431,352
21951,352
3083,352
7995,352
9055,352
960,352
25727,352
28509,352
3801,352
16964,352
2000,352
27218,352
28692,352
692,352
25550,352
10109,352
14265,352
7995,352
31835,352
4465,352
24984,352
1492,352
24860,352
17018,352
852,352
10882,352
14724,352
17022,352
22867,352
16621,352
3470,352
30448,352
20566,352
4343,352
5243,352
15775,352
23264,352
14531,352
3392,352
20425,352
3324,352
31123,352
25793,352
21653,352
23876,352
20372,352
16184,352
21427,352
2582,352
17694,352
882,352
5100,352
21685,352
17644,352
27194,352
27006,352
31785,352
7426,352
31785,352
7023,352
5845,352
882,352
21543,352
11317,352
3182,352
22118,352
13336,352
28879,352
24751,352
2717,352
17505,352
30742,352
18401,352
21825,352
30509,352
31175,352
1162,352
18678,352
13136,352
13010,352
15793,352
26884,352
22288,352
19063,352
27949,352
5174,352
8400,352
26884,352
22930,352
29400,352
31033,352
7627,352
10003,352
28309,352
3980,352
25465,352
31889,352
22680,352
7459,352
5013,352
13769,352
6233,352
30855,352
763,352
10790,352
17199,352
29758,352
20550,352
21887,352
27205,352
11824,352
24751,352
4743,352
15433,352
21627,352
16688,352
7962,352
30702,352
28298,352
11487,352
9552,352
25321,352
6589,352
31785,352
15281,352
10491,352
25207,352
17862,352
1825,352
2963,352
13866,352
5326,352
3930,352
11153,352
9016,352
6899,352
4554,352
23697,352
18363,352
8147,352
25070,352
22628,352
970,352
24870,352
23937,352
3241,352
20301,352
23177,352
21536,352
21565,352
1331,352
27162,352
5201,352
24417,352
2385,352
5856,352
28072,352
2192,352
1819,352
22427,352
1853,352
11416,352
637,352
3178,352
7257,352
18463,352
3005,352
7336,352
26232,352
21546,352
11367,352
16349,352
24856,352
6296,352
1300,352
18858,352
380,352
27317,352
24766,352
9448,352
19313,352
3682,352
7690,352
21790,352
24791,352
20152,352
11499,352
20152,352
29470,352
20260,352
13092,352
6293,352
24585,352
26481,352
19104,352
27215,352
18503,352
6564,352
27705,352
26501,352
10275,352
17196,352
8030,352
30778,352
22365,352
7726,352
2036,352
31901,352
5997,352
20899,352
26181,352
24323,352
14246,352
11650,352
13874,352
26737,352
11381,352
24980,352
18508,352
17261,352
23551,352
18592,352
21150,352
21529,352
3730,352
27067,352
31418,352
13950,352
21280,352
13099,352
13401,352
18150,352
7995,352
29359,352
20014,352
10738,984
25457,984
17208,984
21346,984
10463,984
3503,984
20799,984
19039,984
2861,984
14272,984
13292,984
6623,984
32041,984
8941,984
3201,984
23446,984
156,984
8352,984
19518,984
28074,984
6824,984
28738,984
32454,984
5629,984
4130,984
6592,984
23277,984
15581,984
24633,984
26540,984
19843,984
23943,984
26326,984
22941,984
21118,984
11960,984
30041,984
18058,984
14415,984
15045,984
13997,984
25178,984
22263,984
6350,984
28736,984
9238,984
26239,984
22737,984
16297,984
26411,984
10317,984
25921,984
8274,984
14559,984
3082,984
22405,984
18245,984
23536,130
6145,130
12848,130
3439,130
22232,130
21514,130
11456,130
21860,130
16905,130
3517,130
15083,130
26178,130
8461,130
7139,130
23108,130
28138,130
7034,130
19463,130
1558,130
15459,130
22050,130
6216,130
21058,130
3409,130
5883,130
260,130
19876,130
22799,130
12523,130
9855,130
3944,130
8730,130
23225,130
2099,130
28578,130
5964,130
23297,130
20162,130
19419,130
27378,130
16942,130
19205,130
11219,130
17129,75
19583,75
21072,75
29321,75
23496,109
26128,109
19255,109
7907,109
22252,109
28937,109
19285,109
3977,109
11668,109
19182,109
22480,109
13548,109
19212,109
19359,109
23710,109
6146,109
18316,109
22358,109
16938,109
28748,109
21299,109
8426,109
29150,109
5005,109
20766,109
22858,109
23410,109
14338,109
21264,109
7141,109
4388,109
14103,109
5648,109
26265,109
13390,216
15178,216
294,216
25783,216
6744,216
2377,216
9859,216
4334,216
29556,216
23805,216
14911,216
13171,216
25694,216
2957,216
2073,216
19905,216
8839,216
4783,216
28481,216
1226,216
27583,216
9992,216
1317,216
15527,216
5119,216
29322,216
6795,216
28665,216
3052,216
14552,216
25069,216
10822,216
24648,216
31581,216
23930,216
11761,216
7762,216
20530,216
28904,216
18942,364
2309,364
9588,364
6142,364
7294,364
9149,364
20556,364
30039,364
25452,364
29242,364
31518,364
5009,364
13435,364
18016,364
14012,364
20958,364
16362,364
18474,364
1677,364
2705,364
2410,364
23859,364
2812,364
21953,364
30753,364
18876,364
18474,364
18876,364
8647,364
28232,364
12067,364
21188,364
6678,364
18474,364
6624,364
2410,364
27694,364
4052,364
3057,364
18718,663
18265,663
26925,663
6383,663
19709,663
25132,663
12869,663
27403,663
32011,663
29704,663
27314,663
30029,663
9530,663
21428,663
28158,663
21292,663
15801,663
2599,663
5752,663
21928,663
26374,663
17296,663
17758,663
11194,663
6469,663
24204,663
29044,663
11409,663
19114,663
29347,663
27847,663
13244,663
18323,663
26513,663
7,663
31593,663
22108,663
3580,663
27421,663
2604,663
32360,663
11322,663
21472,663
32186,663
30221,663
15248,663
31839,663
32301,663
10890,663
24199,663
29714,663
9070,663
30801,663
2106,663
15583,663
18506,663
4730,663
15583,663
5836,663
15583,663
22107,663
28906,663
11076,663
26070,663
28316,663
30030,663
32272,663
4393,663
3434,663
16789,663
32440,663
14720,105
28617,105
16018,105
16648,105
20557,105
16394,105
11444,105
23929,105
5889,328
16531,328
12690,328
16531,328
12690,328
14416,328
14501,328
31930,328
27481,328
22529,328
20937,328
16962,328
21917,328
1724,328
23028,328
2742,328
9684,328
15553,328
18225,328
24968,328
16273,328
2190,328
17313,328
17788,328
10474,328
30188,328
28531,328
15257,328
18442,328
17610,328
2742,328
25877,328
4227,328
8449,328
30969,328
3853,328
14339,328
25037,328
5864,328
2669,328
26876,328
8030,328
25115,328
2116,328
28829,328
11818,328
16784,328
24861,328
2557,328
23081,328
32004,328
20374,328
29566,328
16154,328
30576,328
31809,328
15807,328
13357,328
19500,328
31809,328
31809,328
30336,328
29481,328
29481,328
20374,328
14873,328
24543,328
23696,328
7166,328
13357,328
12223,328
18307,328
23039,328
22298,328
26621,283
31416,283
11506,283
12288,283
29079,283
23865,283
26444,283
26149,283
22778,283
24816,283
10158,283
27858,283
30307,283
31739,283
16919,283
30664,283
16755,283
29884,283
3348,283
31739,283
19197,283
22341,283
25501,283
3280,283
15333,283
7189,283
29411,283
31801,283
4038,283
23865,283
30073,283
23865,283
31899,283
23870,283
3664,283
31559,283
6368,283
675,283
17675,283
23607,283
23397,283
29233,283
9652,769
4701,769
1053,769
2661,769
10454,769
4657,769
215,769
5843,769
13162,769
7592,769
16031,769
8419,769
17666,769
15827,769
10770,769
855,769
24274,769
6250,769
17470,769
14129,769
18631,769
10376,769
7024,769
16587,769
16320,769
3619,769
17214,769
517,769
1427,769
10690,769
18146,769
11265,769
20445,769
8968,769
17542,769
21307,769
4732,769
24974,769
1788,769
25789,769
10794,769
12874,769
23752,769
3378,769
28882,769
5111,769
14101,769
5411,769
8351,769
28882,769
18384,769
11612,769
13593,769
21250,769
21395,769
9326,769
12886,769
25880,769
5777,769
23884,769
13530,769
7229,769
16681,769
4683,769
17243,769
398,769
14138,769
22096,769
4627,769
15262,769
9716,769
4579,769
7859,769
4384,769
30100,769
30100,769
1282,769
19514,769
139,769
3222,769
14096,769
3222,769
10241,769
11028,769
10893,769
7626,769
22388,769
18399,769
31056,769
31077,769
22632,769
31376,769
25988,769
18912,1010
880,1010
7036,1010
31184,1010
30554,1010
9970,1010
16027,1010
6134,1010
6134,1010
29682,1010
12563,1010
32489,1010
20218,1010
15551,1010
11858,1010
8853,1010
13145,1010
30291,1010
30277,1010
27699,1010
22645,1010
29714,1010
11168,1010
13239,1010
21630,1010
31643,1010
9846,1010
17392,1010
18701,1010
21527,1010
21298,1010
6504,1010
31161,1010
19717,1010
18334,1010
5668,1010
3411,1010
15918,1010
2582,1010
9925,1010
7261,1010
13396,1010
1670,1010
16765,1010
4565,1010
6703,1010
12161,1010
10471,1010
27563,1010
4929,1010
26471,1010
1737,952
170,952
956,952
22609,952
7670,952
13632,952
7568,952
23797,952
3414,952
8441,952
31438,952
114,952
8657,952
12522,952
2526,952
9827,952
25131,952
31944,952
32004,952
1,952
12724,952
9578,952
29455,952
28576,952
1927,952
8384,952
12792,952
1729,952
8893,952
9244,952
2803,952
5781,952
3699,952
10723,952
28935,952
32200,952
3463,952
5404,952
9769,952
5913,952
5460,952
9673,952
9384,952
19549,952
23072,952
10364,952
11421,952
4979,952
15554,952
12736,952
1513,952
26159,952
27563,952
27694,952
9071,952
16249,952
32202,952
31068,952
991,602
902,602
7553,602
1341,602
23676,602
2015,602
557,602
7397,602
1640,602
12845,602
8835,602
3535,602
3842,602
7638,602
3173,602
15801,602
8074,602
19389,602
11955,602
20367,602
8363,602
18317,602
27350,602
31632,602
3775,602
2695,602
24237,602
22160,602
14771,602
25210,602
8771,602
15703,602
15305,602
4842,602
9546,602
7781,602
23681,602
2244,602
14014,602
7390,602
17417,602
19024,602
3326,602
16013,602
17557,602
26153,602
4598,602
22778,602
31091,602
29204,602
30456,602
27938,602
2066,602
24075,602
13133,602
3023,602
1307,602
9909,602
27162,602
7363,602
16919,602
27867,602
18972,602
8435,602
25505,602
26691,602
25727,602
16479,602
17180,602
12860,602
13251,602
7688,602
4580,602
10800,602
8731,602
31198,602
8406,602
3816,602
26417,602
32136,602
6703,602
31099,602
26535,602
23768,602
25876,602
25413,602
21628,602
14049,602
22055,602
22055,602
18875,602
22055,602
5716,602
28142,602
13079,602
6835,602
32026,602
15667,602
30357,602
24847,602
19962,602
3794,602
30572,602
15773,602
15523,602
17980,602
19772,838
27629,838
13089,838
25829,838
7920,838
31641,838
32278,838
6787,838
13964,838
3175,838
20400,838
17199,838
18895,838
28924,838
415,838
12191,838
23391,838
9421,838
7099,838
31484,838
17248,838
14059,838
5037,838
27510,838
6710,838
23855,838
5671,838
29859,838
12485,838
24255,838
10682,838
14588,838
23045,838
4817,838
29769,838
31557,838
7943,838
17040,838
7827,838
3004,838
21854,838
288,838
13922,838
30351,838
1588,838
24766,838
17417,838
17221,838
14153,838
16186,838
7240,838
23885,838
30456,838
28164,838
30818,838
13339,838
7403,838
8271,838
9485,838
8468,838
25770,838
24322,838
18783,838
31578,838
10694,838
24619,838
15572,838
2582,838
14535,838
1588,838
28776,838
919,838
9957,838
2135,838
16592,838
10340,838
19918,838
14050,838
4299,838
5207,838
7347,838
16959,838
4740,838
22392,838
22078,838
13629,838
31546,838
23549,838
29749,838
31161,838
31597,838
2152,838
18208,838
6286,838
21282,838
17569,838
13306,838
8880,838
20214,838
19438,838
16482,838
26747,838
30198,838
32123,838
11709,838
32123,838
8514,838
32123,838
27336,838
32123,838
31557,838
13652,838
24619,838
11239,838
26673,838
13997,838
12495,838
11633,838
934,838
17221,838
12915,838
17221,838
4621,838
7734,838
26657,838
7073,838
17446,838
31306,838
31632,838
5782,838
24092,838
24101,838
5192,838
21318,838
4453,838
6495,838
17975,838
31881,838
2521,838
32283,838
2343,838
3384,838
25752,838
21206,838
11621,838
15388,838
26848,838
1759,838
622,838
17177,838
7327,838
30545,838
5361,838
6157,838
15517,838
15968,838
23393,838
31415,838
8547,838
23152,838
31846,838
9723,838
15499,838
1394,838
9252,838
21133,838
20172,838
21140,838
32123,838
30801,838
9340,171
19956,171
29070,171
27984,171
23904,171
5129,171
16694,171
23072,171
9054,171
7323,171
30084,171
13960,171
30593,171
20473,171
15173,171
31369,171
16962,171
6936,171
20688,171
22572,171
17567,171
16822,171
19672,171
31308,171
21102,171
12547,171
12143,171
11550,171
21763,171
19439,171
3195,171
11050,171
20491,171
11693,171
25736,171
24669,171
26601,171
6109,171
7490,171
23869,171
6201,171
21704,171
8591,171
22530,171
583,171
4644,171
15249,171
1853,171
19917,171
10313,171
28689,171
17686,171
10181,171
22998,171
154,171
20113,171
28325,171
11621,171
12087,171
23814,171
4862,171
29225,171
21719,171
20226,171
31271,171
24241,171
16225,171
25741,171
2211,171
22351,171
28606,171
10257,171
11957,171
7656,171
14731,171
4160,171
21482,171
16382,171
23608,171
19419,171
10084,171
3990,171
22417,171
7802,171
16701,171
29225,171
15882,171
31333,171
13218,171
8880,171
10519,171
29386,171
4044,171
17423,171
30823,171
11407,171
2303,171
8234,171
6414,171
23368,171
11345,171
11582,171
7011,171
12525,171
9668,171
803,171
27203,171
3773,171
6875,171
31199,171
13822,171
29231,171
11153,171
14725,171
8394,171
28808,171
18454,171
25396,171
28952,171
16043,171
24540,171
20025,171
6377,171
22992,171
13083,171
1547,171
4406,171
24778,171
27203,171
19634,171
28784,171
31281,171
15090,171
10460,171
12752,171
19145,171
11894,171
19074,171
5217,171
30578,171
27855,171
11221,171
7529,171
31403,171
20736,171
29819,171
10593,171
11749,171
20805,171
27133,171
19172,171
8538,171
9964,171
11519,171
13106,171
19085,171
12098,171
15279,171
19733,171
26935,171
12006,171
15895,171
24045,171
17156,171
17536,171
10480,171
11384,171
17292,171
17076,171
13290,171
20299,171
20848,171
4729,171
9175,171
17579,232
2093,232
19223,232
8436,232
25462,232
31164,232
28747,232
31771,232
3734,232
25251,232
29159,232
16628,232
28439,232
11961,232
8672,232
24540,232
9871,232
3392,232
12543,232
10062,232
3889,232
11877,232
16838,232
16035,232
31762,232
28976,232
3513,232
25326,232
15258,232
21398,232
14420,232
4322,232
20083,232
12696,232
4322,232
3037,348
4799,348
23560,348
2127,348
5885,348
16890,348
11265,348
25789,348
22278,348
25712,348
30791,348
20118,348
24614,348
9293,348
17995,348
27808,348
14188,348
26498,348
24223,348
13948,348
21212,348
25269,348
20089,348
7735,348
26498,348
16472,348
23748,348
7821,348
21904,348
21904,348
10177,348
17783,348
28513,348
6406,348
25970,348
1499,348
3943,348
4298,348
25388,348
20735,348
20165,348
17115,348
16472,348
16993,348
5652,348
20308,348
17924,348
22984,348
10295,348
1053,348
16171,348
9727,348
16472,348
7695,348
31669,348
26625,348
13736,348
31402,348
18779,348
14250,348
15399,348
8728,348
29657,348
15399,348
11660,348
8728,348
2159,348
8701,348
16989,348
25084,348
24496,348
15562,348
2631,348
29452,348
10177,348
19747,348
11414,348
14586,348
2970,348
17162,348
17057,348
5814,348
19692,348
26227,348
15847,348
14713,348
13935,348
29001,348
22271,348
12591,348
15142,348
21689,348
17641,348
2690,348
31186,348
1764,348
20148,348
6656,348
3891,348
20909,348
1385,348
30790,348
14109,348
18959,348
15713,348
10810,348
15419,348
4866,348
28231,348
15009,348
26072,348
16929,348
28941,348
10158,348
25776,348
26364,348
12412,348
11414,348
6326,348
14468,348
14024,348
6062,348
16089,348
30966,348
14024,348
6323,348
24726,348
12964,348
19456,348
14516,348
26454,348
26454,348
16710,348
14516,348
13161,348
30549,348
7772,348
7437,348
15713,348
26863,348
3743,348
4489,348
19572,348
14893,348
14893,348
14893,348
9746,348
15417,348
22408,348
5026,348
30193,348
16929,348
1036,154
9470,154
18387,154
13212,154
14360,154
8435,154
12313,154
8770,154
9512,154
24195,154
20697,154
6796,154
1184,154
28877,154
1631,154
20555,154
17884,154
19493,154
7747,154
16076,154
10903,154
19316,154
28807,154
23681,154
19316,154
20943,154
28816,154
9437,183
8813,183
15981,183
30467,183
6994,183
14418,183
9664,183
12830,183
5798,183
31100,183
15555,183
4178,183
29595,183
1193,183
13316,183
19311,183
31093,183
2910,183
29560,183
8536,183
11153,183
9454,183
17297,183
6991,183
15900,183
22219,183
14993,183
7172,183
6791,183
28831,183
12529,183
15450,183
20395,183
18304,183
24475,183
27834,183
22363,183
13429,183
6787,183
543,183
4772,183
15060,183
14405,183
7134,183
23012,183
9653,183
1710,183
18138,183
22036,183
16987,183
15575,183
5090,183
17176,183
6138,183
5610,183
14139,183
8858,183
10639,183
31013,183
14689,183
11481,183
26768,183
9843,183
30981,183
12278,183
32355,716
32193,716
27324,716
9740,716
5124,716
7946,716
23083,716
23607,716
22378,716
4428,716
9810,716
19938,716
32069,716
1833,716
13335,716
10436,716
9154,716
32075,716
16850,716
27174,716
10847,716
953,716
22823,716
31171,716
1555,716
21025,716
24195,716
3652,716
31327,716
27495,716
25246,716
27619,716
11701,716
409,716
24860,716
8464,716
24533,716
18294,716
20091,716
28250,716
6487,716
14054,716
26240,716
26587,716
31159,716
31159,716
17822,716
28127,716
4505,716
2880,716
27823,716
25677,716
5251,716
12534,716
9432,716
3161,716
10244,716
10713,716
812,716
5603,716
7203,716
18955,716
16972,716
10305,716
11545,716
30176,716
12048,716
19508,716
14221,716
32304,716
28947,649
31287,649
29611,649
2232,649
13621,649
2966,649
1487,649
6478,649
15451,649
9945,649
9716,649
7538,649
7290,649
1190,649
4385,649
21790,649
28009,649
3833,649
1747,649
28359,649
17081,649
26071,649
18620,649
2516,649
17199,649
7651,649
17543,649
31467,649
15747,649
88,649
4160,649
15749,649
10592,649
13183,649
8911,649
3150,649
18616,649
31278,649
3891,649
2416,649
17580,649
29986,649
4372,649
27857,649
5964,649
28813,649
23805,649
15905,649
13798,649
12851,649
6326,649
6855,649
18845,649
982,649
768,649
30366,649
21111,649
22556,649
10195,649
2090,649
12115,649
22974,649
15379,649
21613,649
13386,649
26660,649
3480,649
3319,649
6081,649
29885,649
26637,649
4172,649
26229,649
16467,649
7463,649
1440,649
22193,649
17169,649
1891,649
12421,649
20723,649
10347,649
4842,649
8869,649
26238,649
19368,649
19368,649
24114,649
30267,649
13945,649
10208,649
15581,649
19839,649
4298,649
26578,649
10455,649
10730,649
12032,649
2321,649
28662,649
11779,649
23462,649
23771,649
14152,649
10493,649
11537,649
19610,649
25421,649
31503,649
26438,649
11822,649
17169,649
6318,649
29629,649
14717,649
14030,649
30702,649
757,649
5370,649
24,649
8922,649
2318,649
30569,649
3665,649
21094,649
15785,649
6356,649
11463,649
29391,649
25124,649
7405,649
19153,649
10756,649
30899,649
21445,649
5352,649
17498,649
32000,649
23384,649
25361,649
13571,649
32041,649
17179,649
29673,649
4319,649
16195,649
27091,649
1693,649
25396,649
28486,649
715,649
31555,649
4771,649
28120,649
3070,649
29471,649
26808,649
15721,649
3703,649
1476,649
30266,649
17520,649
30508,649
20153,649
29673,649
3360,649
8003,649
14552,649
27238,649
9463,649
12293,649
15997,649
8093,649
30051,649
7928,649
8187,649
27712,649
24336,649
7215,649
19493,649
31755,649
29858,649
7255,649
21283,649
27299,649
17810,649
23721,649
19592,649
13040,649
29323,649
30283,649
1074,649
29971,649
14038,649
7638,649
4574,649
16131,649
496,649
9637,649
15248,649
7333,649
649,649
3582,649
5599,649
16244,649
8911,649
3056,649
23697,649
8309,649
32165,649
24195,649
26243,649
13018,649
12310,649
23499,649
1999,649
7257,649
30759,649
3057,649
3216,649
17223,649
21061,649
21819,649
13305,649
6731,649
26196,649
16757,649
15866,649
11679,649
5367,649
2262,649
15773,649
4053,649
27498,649
25005,649
26886,649
2307,649
2307,649
5690,649
22295,649
24826,649
13301,649
12894,649
426,649
18380,649
27866,649
11644,649
8225,649
2848,649
32201,649
25726,649
20591,649
9097,649
12723,649
18049,649
23846,649
31784,649
6174,649
31820,875
20027,875
27844,875
2300,875
7038,875
18775,875
26520,875
18775,875
14943,875
24222,875
13818,875
2226,875
27472,875
29614,875
16639,875
1223,875
26226,875
6824,875
26437,875
4619,875
21909,875
12809,875
14290,875
1351,875
2226,875
2226,875
5458,875
2226,875
21129,875
17965,875
21016,875
16897,875
24304,875
19702,875
21163,875
31812,875
31452,875
7697,875
20344,875
18180,875
25466,875
14943,875
32379,875
21129,875
4221,875
14988,875
13434,875
4865,875
26914,875
26599,875
24930,875
28415,875
28415,875
20535,875
27472,875
27694,875
20734,875
14365,875
22401,875
21561,875
16753,875
24048,875
19388,875
25423,875
22123,875
11732,875
28915,875
31237,875
31237,875
2372,237
17762,237
4311,237
12348,237
21544,237
22970,237
4612,237
8352,237
22855,237
26183,237
2170,237
19493,237
30936,237
23402,237
7356,237
29966,237
5566,237
23132,237
24195,237
16877,237
17534,237
21655,237
10322,237
11650,237
10576,237
14728,237
30881,237
6674,237
13827,237
7356,237
20748,237
10747,237
6509,237
16487,237
20748,237
12042,237
25164,237
27570,237
3131,237
24984,237
5774,237
12278,237
20050,237
12105,237
26101,237
4997,237
13265,237
7062,237
15257,237
4210,237
17924,237
22451,237
15980,237
10194,237
8217,237
28829,237
6281,237
26173,237
21783,237
24603,237
20529,237
31008,237
9098,237
28185,237
22968,237
13006,237
14901,237
13512,237
3045,237
4781,237
18336,237
18002,115
6146,115
22585,115
4237,115
22435,115
22435,115
4294,115
6836,115
9085,115
15300,115
10622,43
25628,43
22608,43
14092,43
23023,43
12698,43
19904,43
27633,43
20063,43
22346,43
8130,43
23291,43
14023,43
21666,43
16092,43
26702,43
19711,43
23291,43
14373,43
12262,43
17246,43
21006,43
18879,43
26873,43
18737,43
13923,43
14892,43
8408,43
24700,43
14892,43
19377,43
21483,43
24924,58
22628,58
1156,58
13568,58
24814,58
7343,58
6879,58
2544,58
6813,58
6612,58
3511,58
11333,58
18717,58
20585,58
5234,58
1280,58
24067,58
22460,58
2261,58
16774,58
15187,58
6594,58
2333,58
20225,58
15949,58
14727,58
22300,58
27880,58
8081,58
12177,58
11369,58
27717,58
16194,58
13832,58
11555,58
16329,58
5452,58
13191,58
24482,58
23189,58
5200,58
18524,58
6571,58
3055,58
3225,58
786,58
18504,58
293,58
17704,58
24396,58
6826,58
17150,58
2436,58
3685,58
3685,58
26536,58
15819,58
22784,58
5875,58
13920,58
8480,58
9570,58
9570,58
9328,172
18824,172
10863,172
15681,172
18862,172
14850,172
15677,172
10763,172
14489,172
27289,172
21965,172
6767,172
2332,172
19956,172
8234,172
29557,172
7812,172
20969,172
16612,172
2612,172
16154,172
15456,172
11186,172
29560,172
21670,172
26356,172
12876,172
10667,172
13691,172
29695,172
26545,172
19222,172
4763,172
7154,172
28004,172
15732,172
6864,172
12557,172
12445,172
27241,172
29684,172
9699,172
14850,172
8427,172
10934,172
18110,172
21851,172
21842,172
13362,172
24272,172
4148,172
26958,172
8585,172
6929,172
1064,172
29684,172
4396,172
2727,172
10714,172
7403,172
28616,172
25883,172
24677,172
20447,172
14969,172
5354,172
12603,172
25149,172
16018,172
24911,172
18670,172
348,172
23285,172
9194,172
10745,172
3234,172
6259,172
20463,172
3266,172
13643,172
19807,172
1702,172
9995,172
7015,172
23113,172
30593,172
22772,172
6083,172
3234,172
10257,172
8880,172
23691,172
20162,172
9602,172
11608,172
20463,172
15885,172
31054,172
26969,172
13347,172
17608,172
7190,172
17054,172
6928,172
20334,172
883,172
21719,172
21581,172
20688,172
17009,172
9371,172
24948,172
20463,172
6401,172
22638,172
20558,172
25741,172
20483,172
20994,172
23490,172
3234,172
17686,172
13612,172
20204,172
3592,172
24441,172
10460,172
31271,172
31308,172
20341,172
20577,172
10128,172
14327,172
28404,172
10654,172
13094,172
7361,172
30125,172
4811,172
16345,172
16792,172
11328,172
9359,172
1171,172
10887,172
15955,172
4811,172
27462,172
20491,172
10602,172
16034,172
23368,172
25487,172
3632,172
15036,172
24024,172
7215,172
6777,172
24784,172
5042,172
15253,172
25414,172
9651,172
3629,172
19892,172
12393,172
23226,172
28784,172
27597,172
3902,172
16572,172
28535,172
12361,172
19307,172
13511,172
17477,172
10573,172
23252,172
1761,172
18075,172
21348,172
18774,172
18882,172
9792,172
19262,172
17457,172
25699,172
28831,172
18112,172
9137,172
16053,172
1216,172
17819,172
22775,172
20873,172
23603,172
10787,172
11511,172
19812,172
16934,172
24277,172
10264,172
21187,172
30435,172
24376,172
24148,172
26085,172
28629,172
26011,172
28567,369
18019,369
15363,369
26391,369
29126,369
2198,369
6264,369
22050,369
25492,369
11494,369
15373,369
8678,369
30348,369
31386,369
24887,369
12518,369
12518,369
31570,369
22735,369
28819,369
22751,369
9779,369
209,369
11531,369
23938,369
18848,369
24214,369
24140,369
31773,369
25027,369
11275,369
22708,369
28804,369
18481,369
3493,369
4258,369
22425,369
19290,369
26176,369
12267,369
7842,369
18741,369
23365,369
25747,369
6727,369
6414,369
29090,369
13491,369
22518,369
22011,369
5305,369
25500,369
29621,369
18152,369
11866,369
4779,369
6480,369
7248,369
25378,369
29238,369
23711,369
30052,369
18049,369
6745,369
22274,369
19746,369
19746,369
26147,369
12196,369
27141,369
30498,369
14927,369
12406,369
13000,369
25639,369
21151,369
17812,369
3205,369
14150,369
30253,369
1342,369
28123,369
14139,369
32090,369
12634,369
32090,369
26273,369
32101,369
18119,369
11335,369
24599,369
17307,369
5433,369
10253,369
738,369
11691,369
27073,369
28818,369
4203,369
21908,369
20566,369
17074,369
28724,369
30805,369
26491,369
21451,369
17020,369
22369,369
18959,369
15618,369
8975,369
30188,369
22919,369
7340,369
8332,369
20438,369
30997,369
13752,369
25809,369
13721,369
20475,369
21573,369
13680,369
23345,369
18593,369
10806,369
30354,369
30354,369
9782,369
24320,369
27915,369
28556,369
22250,369
30615,369
17937,369
19546,369
31773,369
725,257
15535,257
30477,257
26988,257
26719,257
2723,257
4360,257
6507,257
12322,257
19979,257
14855,257
10345,257
17344,257
7246,257
847,257
24633,257
19809,257
23747,257
17834,257
26175,257
22134,257
17834,257
31099,257
22134,257
31110,257
28953,257
10071,257
6067,257
18982,257
1901,257
3679,257
22249,257
22453,257
4849,257
15444,257
7165,257
4311,257
17138,257
4932,257
4932,257
23717,135
9302,135
1814,135
28341,135
23036,135
11771,135
14662,135
2496,135
18573,135
1492,135
6153,135
5794,135
796,135
13048,135
16888,135
16479,135
21889,135
19359,135
14119,135
26162,135
28529,135
14117,135
24509,135
29195,135
18360,135
1751,135
1604,135
939,135
13590,135
4172,135
5684,135
10259,335
10761,335
18601,335
31735,335
16273,335
28195,335
31429,335
22720,335
14535,335
26816,335
15934,335
27135,335
30227,335
9433,335
21372,335
6569,335
26793,335
31043,335
7358,335
26591,335
9089,335
31613,335
31122,335
31428,335
16131,335
16410,335
32096,335
13866,335
15282,335
13500,335
26544,335
27983,335
19626,335
16688,335
9093,335
31611,335
25573,335
736,335
23234,335
6076,335
31235,335
19068,335
16912,335
25051,335
18802,335
6698,335
20199,335
5517,335
15065,335
31584,335
25481,335
31130,335
15494,335
9874,335
5135,335
4746,335
13972,335
16816,335
26238,335
30608,335
10657,335
18361,335
19474,335
19611,335
4828,335
29325,335
28127,335
13712,335
26348,335
26010,335
3387,335
19148,335
11741,335
643,335
28207,335
26599,335
28127,335
12842,335
26642,335
11890,335
10317,335
10590,335
5776,335
31761,335
20081,335
31769,335
31769,335
19930,335
5050,335
14786,335
31247,335
3975,335
10371,335
991,335
6235,335
14005,335
22298,335
21130,335
17662,335
2574,335
21684,335
1894,335
174,335
5056,335
8185,335
12059,335
24889,335
16672,335
31174,335
16920,335
15301,335
22411,335
2383,335
23277,335
12572,335
26843,335
7006,335
16853,335
15689,335
26081,335
27712,335
13099,335
4943,335
27790,335
16697,335
19760,335
7166,335
23264,335
19916,335
29070,335
15945,335
23846,335
26883,335
26500,335
21330,335
19500,335
30837,335
1498,335
29517,335
7844,335
28202,335
19858,335
21723,335
3807,335
28710,335
29625,335
622,335
11964,335
17045,335
4675,335
2220,335
24497,335
29463,335
30157,335
29232,335
19689,335
23636,335
973,335
16455,335
19835,335
2432,217
28872,217
12674,217
25371,217
19731,217
30802,217
8148,217
14376,217
12433,217
4794,217
4131,217
14998,217
9671,217
28909,217
17406,217
24888,217
14441,217
26577,217
21376,217
21919,217
12433,217
20471,217
7878,217
19591,217
9631,217
16429,217
19238,217
10780,217
21012,217
3591,217
14998,217
25364,217
9215,217
1489,217
21012,217
31103,217
25060,217
24065,217
27269,217
866,217
24574,217
9981,217
3341,217
393,217
17034,217
29971,217
4406,217
16749,217
17267,217
31167,217
27754,217
12477,217
255,217
14471,217
6614,217
11686,217
1201,217
4377,217
11490,217
1180,217
24610,217
794,217
24735,217
28105,217
20910,217
15727,217
29326,217
29559,217
20910,217
15727,217
16995,217
19995,217
1489,217
29972,217
26402,217
18989,217
15774,217
15774,217
18634,217
2263,217
28885,217
18634,217
20530,217
14571,217
20110,217
2561,217
18982,217
23371,1025
12625,1025
30090,1025
7709,1025
32427,1025
32232,1025
18483,1025
16603,1025
641,1025
21791,1025
32206,1025
31918,1025
5402,1025
32377,1025
23806,1025
28805,1025
25906,1025
3327,1025
28987,1025
19947,1025
5063,1025
24866,1025
5084,1025
32206,1025
1947,1025
22934,1025
24320,1025
11356,1025
8723,1025
12406,1025
7469,1025
24500,1025
14283,1025
23316,1025
23416,1025
15825,1025
8374,1025
27528,1025
23708,1025
19366,222
12185,222
5394,222
17693,222
7850,222
7188,222
165,222
8370,222
983,222
9523,222
393,222
28236,222
393,222
9523,222
24693,222
7135,222
10034,222
20546,222
24522,222
10503,222
5346,222
2132,222
2592,222
8446,222
30750,222
25024,222
30808,222
16291,222
11545,222
29755,222
12611,222
16378,222
10742,222
27990,222
18383,222
6995,222
17059,222
11626,222
23431,222
25711,222
18622,222
27876,222
21309,222
9888,222
2189,222
17552,222
23646,222
2787,222
1986,222
4495,222
30000,222
1344,222
15896,222
3831,222
1619,222
4354,222
25058,222
13891,222
20350,222
5312,222
16793,222
1560,222
2571,222
2614,222
26846,222
798,222
3408,222
1829,222
11223,222
30266,222
18372,222
19034,222
10058,222
4,222
10016,222
29982,222
27572,222
3325,222
10855,222
13233,222
13085,222
27669,222
23858,222
11707,222
9107,222
30246,222
1235,222
21307,222
27103,222
5256,222
8033,222
6509,222
27042,222
11997,222
14014,222
18137,222
8267,222
30016,222
19816,222
22244,222
1172,222
4711,222
1926,222
19714,222
1299,222
31552,222
16129,222
5986,222
18268,222
1445,222
15726,222
6865,222
17256,222
26269,222
1493,222
16888,222
7694,222
15738,222
4753,222
28115,222
10200,222
18048,222
8411,222
15707,222
6323,222
12350,222
14967,222
5073,222
16941,222
14242,222
14055,222
14198,222
11212,222
3676,222
3516,222
286,222
14369,222
2464,222
16587,222
7024,222
18801,222
18246,222
6877,222
16470,222
2487,222
11365,222
11797,222
13344,222
4851,222
6526,222
10061,222
5631,222
14674,222
17281,222
29465,222
6300,222
7582,222
21734,222
9662,222
26147,222
11099,222
5700,222
18813,222
3927,222
27371,222
11574,222
21421,222
1714,222
27742,222
24238,222
2136,222
5968,222
18599,222
1201,222
18772,222
11862,222
8650,222
24448,222
26835,222
10152,222
3781,222
2163,222
9840,222
8077,222
15780,222
12197,222
13485,222
10862,222
1769,222
21196,222
10359,222
1647,222
19290,222
26559,222
24833,222
5426,222
25769,222
13074,222
11944,222
4794,222
10432,222
9120,222
28500,222
24101,222
3858,222
21931,222
9923,222
4054,222
14754,222
18247,222
17873,222
27760,222
11809,222
19738,222
10391,222
4911,222
2693,222
31282,222
4341,222
19768,222
2201,222
27670,222
20928,222
25663,222
5330,222
24696,222
8295,222
215,222
8149,222
18276,222
561,222
11398,222
3292,222
16517,222
7800,222
6163,222
3656,222
21169,222
11012,222
13026,222
5255,222
1118,222
16794,222
26583,222
24863,222
9242,222
10161,222
27587,222
608,222
25036,222
18767,222
1117,222
8636,222
16159,222
1990,222
5786,222
3086,222
18210,222
8084,222
28491,222
12176,222
17149,222
28130,222
8089,222
13762,222
22088,222
26167,222
15505,222
5133,222
14556,222
4790,222
13808,222
11678,222
17426,222
18178,222
23816,222
26819,222
15568,222
17928,222
17543,222
12,222
2063,222
1375,222
1827,222
16228,222
3795,222
10250,441
14902,441
18977,441
10250,441
17414,441
17588,441
10626,441
31478,441
6528,441
580,441
20778,441
18861,147
570,147
4069,147
7251,147
13412,147
3141,147
15660,147
9503,147
10770,147
5288,147
26127,147
15667,147
1651,147
13645,147
7120,147
18861,147
15540,147
18317,147
11074,147
11194,147
12195,147
4679,147
14876,147
14614,147
20828,147
28074,147
997,147
17595,147
6158,147
10008,147
15062,147
3165,147
29847,147
6031,147
8698,147
469,147
765,147
26493,147
12971,147
29286,147
23079,147
15463,147
18892,147
27867,147
11075,147
4946,147
4956,147
1076,147
12831,147
22623,147
23647,147
20164,147
936,147
3273,147
13705,147
2305,147
11952,147
2890,147
21941,147
15773,147
10285,147
24071,147
20987,147
12575,147
24360,147
11784,147
8641,147
14657,147
18135,147
4821,147
11968,147
9152,147
939,147
6913,147
24834,147
13297,147
8209,147
3337,147
18380,147
21854,147
8379,147
26014,147
9693,147
23949,147
3410,147
29167,147
7170,147
2732,147
7120,147
835,147
6000,147
3394,147
7901,733
22090,733
25743,733
14169,733
6984,733
15033,733
26107,733
24996,733
18679,733
17729,733
9309,733
28829,733
828,733
23803,733
28901,733
15436,733
19236,733
30999,733
21336,733
887,733
7965,733
18588,733
24188,733
22236,733
13020,733
11343,733
15140,733
31385,733
18595,228
27850,228
5800,228
20203,228
27969,228
8377,228
4335,228
13208,228
27438,228
17343,228
24957,228
8807,228
29500,228
18219,228
4467,228
11423,228
13889,228
8850,228
3520,228
3557,228
5536,228
23047,228
16019,228
25924,228
14719,228
651,228
8021,228
18982,228
15825,228
1994,228
1994,228
22420,228
27969,228
20472,228
22767,228
4386,228
24037,228
7010,228
21475,228
4564,228
22721,228
22308,228
6232,228
16681,228
14067,228
14603,469
4273,469
4273,469
11407,469
5927,469
1973,469
1076,469
17623,469
9115,469
9112,469
18744,469
23530,469
14265,469
1233,469
2644,469
11991,469
13732,469
4036,469
1745,469
2132,469
15731,469
1460,469
5477,469
9970,469
8531,469
5477,469
19930,469
8060,469
31965,469
31239,469
17437,469
9718,469
5849,469
3050,469
8321,469
24707,469
28242,469
8094,469
31491,469
7790,748
21731,748
27798,748
32086,748
11385,748
4865,748
8808,748
23975,748
5713,748
24128,748
1949,748
18191,748
21543,748
15720,748
14600,748
20668,748
7310,748
14128,748
1592,748
10487,748
557,748
23631,748
32110,748
3436,748
17917,748
13940,748
9518,748
2419,748
22320,748
31897,748
15789,748
8036,748
4910,748
30098,748
2143,748
871,748
31502,748
13010,748
27867,748
25441,748
13938,748
11575,748
20956,748
25058,748
32041,748
29411,748
29585,748
19362,748
21603,748
32297,748
24128,748
31868,748
28053,748
6580,748
7753,748
18367,748
17770,748
1949,748
18779,748
25000,748
31099,748
28663,748
26587,748
22244,748
27161,748
26050,748
13115,748
14036,748
16320,748
22390,748
6562,748
14680,748
19716,748
28576,748
14337,748
15773,748
28184,748
14049,748
28142,748
19708,748
25239,748
8089,748
17015,748
27684,748
12132,748
7069,748
25104,748
22686,748
13441,748
18419,748
16628,748
23093,748
1451,500
21431,500
13042,500
29627,500
26180,500
6492,500
26180,500
13807,500
20037,500
4185,500
32211,500
10092,500
19603,500
243,500
7238,500
16118,500
3627,500
16118,500
31511,500
26866,500
25208,500
21619,500
17265,500
12930,500
23913,500
4115,500
4289,500
887,500
11266,500
3238,500
21936,500
2511,500
12795,500
12795,500
12354,500
30422,500
13614,500
25322,500
6541,500
11477,500
3491,500
18803,500
5776,500
28311,500
4993,500
5576,500
1338,342
14789,342
13641,342
32034,342
9681,342
21567,342
6974,342
26994,342
30618,342
31802,342
16329,342
2725,342
11029,342
3538,342
4124,342
7675,342
20529,342
1664,342
486,342
7276,342
11236,342
7218,342
9161,342
30256,342
28997,342
31293,342
31293,342
26492,342
12673,342
2328,342
28396,342
1627,342
1304,342
31343,342
23081,342
3274,342
12517,342
10149,342
27588,342
3364,342
19438,342
3275,342
23360,342
22176,342
26241,342
30352,342
23152,342
29526,342
31375,342
25020,342
21800,342
31234,342
19705,342
17023,342
4953,342
4953,342
9155,342
3363,342
28274,342
12542,342
1719,342
9456,342
1732,342
5618,342
26516,342
3479,342
26175,342
24897,342
18796,342
4227,342
25381,342
31189,342
10621,342
7257,342
20585,342
23207,342
1523,342
23953,342
24955,342
26304,342
28497,342
18365,342
24701,342
576,342
31962,342
9820,342
5041,342
16880,342
27098,342
30243,342
24232,342
28913,342
17921,259
30951,259
6832,259
12745,259
31634,259
17921,259
16303,259
30480,259
5788,259
18210,259
4887,259
19731,259
25711,259
3185,259
26940,259
8637,259
5759,259
11989,259
8725,259
3460,259
5097,259
21988,259
2547,259
6833,259
11989,259
17921,259
31251,259
1431,259
1097,259
10272,259
11094,259
9004,259
27559,259
23104,259
1652,259
909,259
351,259
18856,259
5624,259
2753,259
31110,259
28044,259
15147,259
6067,259
1160,259
2404,259
1383,259
29723,259
26402,259
18827,259
31751,259
17252,259
31751,259
13445,259
6158,259
1020,259
10752,259
7010,259
13179,259
15044,259
17893,259
30766,259
2503,259
21033,259
20454,259
23731,259
13550,259
27876,259
25785,259
23407,259
8725,259
23090,259
1868,259
13062,259
31635,259
31635,259
8358,259
9001,259
2329,259
28165,259
8725,259
11208,259
4611,259
24065,259
16851,259
24576,259
2189,259
252,259
6271,259
27869,754
12707,754
15744,754
20832,754
21581,754
26650,754
30389,754
19507,754
19566,754
24799,754
20407,757
27172,757
3302,757
594,757
15796,757
2986,757
23301,757
28835,757
11896,757
8019,757
9694,757
1771,757
11665,757
2578,757
18936,757
16045,757
15530,757
16775,757
14248,757
14647,757
8239,757
396,757
15970,757
504,757
6028,757
19290,757
391,757
15536,757
2950,757
17533,757
20476,757
2934,757
9503,757
14828,757
1997,757
11054,757
4633,757
12295,757
289,757
30816,757
501,757
6084,757
1947,757
22391,757
26128,103
20509,103
22917,103
17635,103
17949,103
19566,103
23272,103
13665,103
27033,103
20000,103
23365,103
21749,103
21149,103
20235,103
16087,103
26365,103
26330,103
6884,103
21930,103
22944,103
11867,103
20698,103
29285,103
25991,103
17817,103
24553,103
5188,103
14849,103
19350,103
9147,103
17449,103
15384,103
26225,103
20275,103
26315,103
27399,103
28714,103
12386,103
26671,103
18130,103
27674,840
3870,840
2240,840
2861,840
9105,840
2149,840
25686,840
2240,840
19038,840
8409,840
18529,840
20094,840
31117,840
23634,840
1789,840
4800,840
31117,840
18963,840
14788,840
2771,840
1746,840
24654,840
18666,840
16690,840
12485,840
6375,840
13111,840
14931,840
10490,840
7218,840
27510,840
4480,840
15223,840
20400,840
11826,840
14931,840
16482,840
1076,840
6528,840
23613,840
28534,840
27959,840
27959,840
8333,840
15524,840
9225,840
5037,840
17177,840
5116,840
24430,840
29856,840
3705,840
27408,840
6114,840
13266,840
13266,840
28063,840
14931,840
16314,840
7412,840
16329,840
29533,840
28205,840
32152,840
32152,840
9363,840
31097,840
8691,840
13266,840
13266,840
20027,684
7294,684
14501,684
13318,684
20334,684
20864,684
21340,684
18530,684
16244,684
10195,684
5147,684
1132,684
27674,684
13533,684
20205,684
2393,684
6833,684
8018,684
18932,684
17315,684
7645,684
18410,684
23805,684
20279,684
7650,684
25758,684
12151,684
5228,684
28891,684
21612,684
31450,684
19300,684
18225,684
1877,684
19222,684
7204,684
30867,684
12117,684
4804,684
17660,684
534,684
9197,684
13431,261
18795,261
8377,261
16793,261
6187,261
2158,261
13896,261
11420,261
6267,261
1307,261
20637,261
27251,261
3190,261
29180,261
28529,261
29590,261
31752,261
20480,261
4275,261
2737,261
27936,261
1873,261
10727,261
7383,261
22167,261
8057,261
18263,261
10496,261
27191,261
3846,261
28885,261
8711,261
18827,261
22201,261
20553,261
23220,261
11487,261
7163,261
27577,261
16628,261
20422,261
307,261
10439,261
10541,261
4748,261
3018,261
754,261
3460,261
26490,261
22057,261
148,261
27645,261
794,261
10541,261
2592,261
14655,261
2834,261
10541,261
794,261
24037,261
1249,261
732,261
1371,261
20036,261
5380,261
1108,261
2298,261
17389,261
1748,261
285,261
8358,261
30510,261
11998,261
8748,261
1155,201
3236,201
14504,201
5660,201
6128,201
24459,201
16278,201
29863,201
1066,201
12009,201
25753,201
10518,201
4600,201
28281,201
13010,201
3409,201
1535,201
14037,201
29431,201
7018,201
17048,201
10463,201
24203,201
26406,201
16888,201
24203,201
19476,201
24395,201
31199,201
30118,201
25138,201
23954,201
8369,201
12788,201
19720,201
8590,201
23433,201
4670,201
22906,201
96,201
5360,201
5232,201
4288,201
18882,201
8598,201
10311,201
11623,201
18598,201
24717,201
21822,201
19570,201
20341,201
18407,201
11417,201
18910,201
16243,201
25099,201
16792,201
25015,201
1725,201
28397,201
28517,201
24458,201
23795,201
1786,201
9254,201
22067,201
14139,201
18106,201
6894,201
29407,201
24173,201
26326,201
19306,201
24044,452
5606,452
23032,452
31450,452
5856,452
28027,452
3601,452
27970,452
31624,452
9860,452
24338,452
12109,452
23992,452
25041,452
23992,452
25041,452
11813,452
11389,452
26775,452
21972,452
24997,452
13641,452
26524,452
20818,452
24214,452
28832,452
31904,452
29600,452
24046,452
5803,452
19460,452
3797,452
31197,452
20548,452
21590,452
32307,452
24889,452
31028,452
25041,452
31767,452
15649,452
5248,452
7740,452
4074,452
4914,452
17411,452
8448,452
8544,452
5761,452
26492,452
24042,452
3648,452
31723,452
13964,452
27067,452
9152,452
23181,452
21495,452
30792,452
26257,452
29598,452
9645,452
9836,452
4636,452
17747,452
30439,452
24736,452
17313,452
9152,452
23821,452
5196,452
5535,452
22885,452
1352,452
13558,452
32140,452
29077,452
29077,452
2882,452
31849,452
15999,452
19886,452
24706,452
6092,452
20228,452
23360,452
22582,452
21614,452
17103,452
31057,452
12187,452
25276,452
1669,452
20277,452
20277,452
12549,452
31671,452
29983,452
26472,452
7047,452
9126,452
9431,452
22603,452
24878,452
24400,452
23032,452
23032,452
24754,452
3050,452
3926,452
3286,452
20574,452
28104,452
29916,452
11533,452
20490,452
28202,452
26731,452
31417,452
30395,452
26731,452
26731,452
30395,452
5036,452
27970,452
3354,452
6006,452
6006,452
24592,452
3724,452
32131,452
24403,452
23822,452
22545,452
22545,452
8163,452
18376,452
12018,452
5472,452
19458,452
28208,452
28208,452
24582,452
22089,452
5977,452
26304,452
11236,452
27637,452
7923,452
32131,452
21636,452
27277,452
15155,452
15155,452
11766,452
7923,452
14577,452
19446,452
23032,452
25366,452
25697,52
17029,52
11469,52
6813,52
2922,52
1281,52
24964,52
18858,52
21714,52
6312,52
25735,52
23862,52
28705,52
23862,52
12640,52
21635,52
5990,52
10443,52
23613,52
14366,52
23669,52
6970,52
943,52
5562,52
8371,52
12490,52
10808,52
21213,52
22292,52
11448,52
1281,52
1281,52
1056,52
11622,52
14314,52
11215,52
21712,52
12059,52
25061,52
21663,52
27395,52
4812,52
20777,52
1101,52
1101,52
6665,52
5470,52
4694,52
20935,52
23014,52
8844,52
4443,52
14906,52
16772,52
8153,52
3078,52
17236,52
2703,52
4344,52
11446,52
24040,52
8506,52
16978,52
27631,52
26527,52
11790,52
5396,52
4216,1013
884,1013
7086,1013
17952,1013
17789,1013
7664,1013
7140,1013
20534,1013
17801,1013
8788,1013
1178,1013
26531,1013
25544,1013
24646,1013
17651,1013
17789,1013
24646,1013
14201,1013
20802,1013
23812,1013
29678,1013
1014,1013
28344,1013
5117,1013
17052,1013
32454,1013
18218,1013
18585,1013
10985,1013
28915,1013
4530,1013
27884,1013
12462,1013
14476,1013
24886,1013
7820,1013
12742,1013
18863,1013
10255,1013
21983,1013
13483,1013
3376,1013
324,709
30566,709
26308,709
26153,709
1891,709
2984,709
26781,709
22329,709
21870,709
5566,709
10733,709
2810,709
5819,709
29105,709
19510,709
29105,709
1315,709
28348,709
5053,709
30399,709
4640,709
16236,709
4102,709
8226,709
15963,709
22200,709
1986,709
798,709
395,709
30702,709
32002,709
15526,709
22852,709
26557,709
15651,709
25584,709
24982,433
15211,433
18833,433
27983,433
12701,433
10023,433
13850,433
16054,433
28054,433
10071,433
23151,433
13652,433
19878,433
10208,433
22279,433
13905,433
6981,433
30959,433
31527,433
29547,433
1443,433
2700,433
8969,433
15773,433
23150,433
8227,1
985,1
3433,1
7807,1
13716,1
3402,1
514,1
2897,1
16052,1
8302,1
8271,1
16477,1
13435,1
6369,1
1164,1
13510,1
4734,1
8166,1
10180,1
1267,1
9268,1
6771,62
2994,62
16041,62
22359,62
1939,62
618,62
2827,62
3046,62
8759,62
2353,62
290,62
23713,62
2500,62
282,62
18452,62
22020,62
12429,62
3252,62
21430,62
14359,62
11103,62
2479,62
2479,62
1467,62
13955,62
4887,62
10884,62
23524,62
11463,62
26059,62
8121,62
20744,62
21374,62
16238,62
5839,62
16395,62
23399,62
10003,450
23435,450
26257,450
7182,450
1460,450
27021,450
10972,450
27561,450
30266,450
8182,450
25129,450
9868,450
1492,450
13414,450
28918,450
30307,450
5782,450
26025,450
9330,450
19733,450
28646,450
27696,450
32265,450
18231,450
27646,450
28427,450
5896,450
15988,450
32109,450
12083,450
9433,450
17574,450
18403,450
11891,450
10107,450
19780,450
18791,450
18938,450
23050,450
10297,450
26113,450
17531,450
11185,450
11024,450
28072,450
23256,450
4203,450
13990,450
24175,450
17065,450
8852,450
6133,450
21528,450
25063,450
31005,450
28363,450
18552,450
14910,450
6703,450
23768,450
23070,450
13290,450
24817,470
8503,470
30117,470
91,470
10101,470
14416,470
15314,470
21133,470
7335,470
3001,470
5304,470
22821,470
24297,470
3504,470
16428,470
29315,470
29978,470
9996,470
26366,470
9996,470
30965,470
20757,470
24814,470
11401,470
25256,470
13841,470
11615,470
11478,470
17696,470
11935,470
3144,470
20200,470
3144,470
8950,470
8388,470
3138,470
1710,470
17841,470
669,470
27051,470
669,470
8432,470
25574,470
9647,470
22900,470
28176,470
7425,470
23812,428
20851,428
1671,428
9421,428
29133,428
17574,428
15704,428
6384,428
22993,428
25320,428
6507,428
8939,428
1500,428
15909,428
31235,428
31162,428
30456,428
2983,428
164,428
16874,428
10921,428
19699,428
26859,428
17644,428
28294,428
4586,428
14724,428
1803,428
19875,428
13104,428
4249,428
21283,428
1492,428
25561,428
9958,428
25249,428
13700,428
19562,428
21078,428
18518,428
8023,428
25839,428
32212,428
17022,428
26535,428
13483,428
5126,428
1814,428
11784,428
9302,428
9794,428
21983,428
21667,428
6932,428
27194,428
11941,428
13414,428
7795,428
5221,428
23806,1024
13528,1024
22381,1024
2739,1024
30266,1024
5886,1024
23149,1024
29887,1024
21903,1024
29887,1024
26150,1024
27912,1024
1650,1024
28774,1024
15920,1024
32422,1024
15574,1024
27528,1024
32527,1024
22562,1024
21489,1024
18483,1024
22562,1024
32527,1024
21489,1024
14902,1024
20456,1024
13543,1024
30558,1024
24800,1024
32377,1024
29660,1024
27494,1024
26586,1024
29576,1024
3327,1024
12966,1024
12242,1024
19457,1024
16501,1024
28987,1024
22242,1024
22357,1024
25062,1024
24326,1024
20242,1024
2606,1024
27183,1024
26685,1024
26685,1024
28675,1024
28675,1024
32423,1024
17666,1024
25014,1024
27055,1024
21425,1024
20785,1024
23076,1024
18997,1024
24866,1024
3058,1024
3058,1024
30872,1024
15705,1024
9035,1024
14283,1024
26310,1024
5804,1024
24334,1024
28865,1024
18671,1024
26311,1024
22159,1024
22872,1024
30534,1024
19986,1024
20272,1024
20272,1024
20046,1024
641,1024
22934,1024
12747,1024
21617,1024
23037,1024
23351,1024
28805,1024
22792,1024
31059,1024
8723,1024
23330,1024
30163,1024
30950,1024
7748,1024
23833,1024
17755,1024
17303,1024
25359,1024
18102,1024
25111,1024
21107,1024
29184,1024
30516,1024
31085,1024
3289,1024
30028,1024
9425,1024
25399,1024
22310,1024
18345,1024
30557,1024
28440,1024
26146,1024
23007,1024
31824,1024
32353,1024
21676,1024
26655,1024
30980,1024
23527,1024
23708,1024
31592,1024
15349,1024
20474,1024
26415,1024
27678,1024
17410,1024
10580,276
13968,276
30634,276
6404,276
23831,276
10416,276
28999,276
23831,276
7478,276
10416,276
22387,276
18244,276
25019,276
20884,276
9599,276
9381,276
920,276
9739,276
29670,276
10580,276
10637,276
8094,276
937,276
18239,276
937,276
937,276
18239,276
17210,276
16871,276
8487,276
7465,276
7616,276
15979,276
29497,276
9624,276
27500,276
4348,276
15927,276
29438,276
30258,276
27168,276
8215,276
26690,276
2619,276
26826,276
25551,276
11025,276
30045,276
19132,276
30915,276
26512,276
30045,276
30865,276
28141,276
26694,276
376,276
8489,276
8489,276
5954,276
29529,276
8197,276
11484,276
11484,276
7568,276
29800,276
23454,276
6285,276
18441,276
31179,276
4408,276
28548,276
9476,276
9831,276
10865,276
14712,276
11548,276
2668,276
29800,276
23454,276
23537,276
29946,276
8644,276
28999,276
28999,276
6342,276
9630,276
11431,276
11431,276
22133,276
22133,276
27507,276
18057,276
22793,276
22793,276
3959,276
14708,276
7604,276
4922,276
7364,276
4922,276
23043,276
26087,276
421,276
10970,276
8539,276
28149,276
2481,276
1338,276
30964,276
18925,276
21736,276
10694,276
6114,276
10520,276
12657,276
9153,219
4191,219
6509,219
14967,219
8376,219
21537,219
22040,219
26789,219
1438,219
2726,219
5022,219
4175,219
21387,219
894,219
19289,219
3543,219
27438,219
16809,219
17217,219
16751,219
17705,219
19910,219
13896,219
25710,219
20764,219
16854,219
9423,219
7127,219
13272,219
13829,219
8879,219
2802,219
17816,219
1734,219
1936,219
3471,219
1077,219
1077,219
1735,219
4107,219
27156,219
3612,219
7246,219
13167,219
18422,219
18479,219
2016,219
5843,219
13666,219
11849,219
13666,219
15984,219
5778,219
9805,219
19885,219
14562,219
10395,219
21082,219
13068,219
5826,219
7234,219
4720,219
2751,219
1055,219
13272,219
8289,219
9419,219
5871,219
14343,219
3481,219
14120,219
9439,219
16625,219
15611,219
15611,219
2838,219
8642,219
13194,219
10401,219
5042,219
12180,219
5550,219
790,219
23825,219
8461,219
13344,219
9051,219
4037,219
12763,219
27321,219
4386,219
7625,219
14245,219
13209,219
19238,219
1603,219
17343,219
17285,219
6196,219
5564,219
364,219
10123,219
7894,219
4111,219
17620,219
10233,219
18890,219
16034,219
25803,219
1853,219
14525,219
6904,219
8045,219
2414,219
12870,219
7592,219
11656,219
12063,219
14094,219
19079,219
19049,219
28116,219
3876,219
12637,219
16720,219
23020,219
3333,219
15352,219
7369,219
10804,219
21919,219
13275,219
8232,219
4844,219
14680,219
7503,219
16937,219
22083,219
11274,219
21175,219
23971,219
23465,219
12745,219
29690,219
28067,219
9917,219
9790,219
18109,219
29555,219
8732,219
25012,219
9189,219
5393,219
21056,219
19078,219
7948,219
3348,219
6019,219
19481,219
6560,219
25377,219
5259,219
15181,219
19724,219
14500,219
12234,219
5254,219
4859,219
5451,219
17945,219
6256,219
5800,219
24219,219
26402,219
14860,219
20530,219
17606,544
6824,544
26621,544
2170,544
14433,544
2921,544
19723,544
4186,544
4069,544
6785,544
15426,544
3406,544
4556,544
6878,544
1961,544
30200,544
22684,544
23589,544
20767,544
13107,544
20723,544
1498,544
11598,544
21144,544
10493,544
4121,544
6137,544
2094,544
26197,544
29114,544
5375,544
19232,544
10993,544
18393,544
7482,544
14890,544
6044,544
26773,544
4081,544
5639,544
12191,544
26238,544
13823,544
3053,544
1149,544
6928,544
5122,544
26578,544
18971,544
19379,544
11902,544
23274,544
12781,544
4306,544
4399,544
14124,544
9180,544
12946,544
25618,544
27571,544
7436,544
18453,544
28633,544
14006,544
1645,544
108,544
5397,544
29108,544
18994,544
25396,544
31632,544
31986,544
16258,544
3667,544
3654,544
1476,544
18939,544
16897,544
4081,544
1206,544
14060,544
17100,544
5713,544
25248,544
23991,544
26705,544
32136,544
26196,544
17000,544
13875,544
3686,544
10256,544
11644,544
341,544
16981,544
22686,544
26573,544
28425,544
26022,544
15720,544
3472,544
21252,544
11964,544
31455,544
22016,544
7583,544
20372,544
30901,544
22075,544
31350,544
17229,544
10333,544
12976,544
31969,544
10697,544
4653,544
5824,544
17450,544
31264,544
9666,544
6022,544
5197,544
18919,544
30325,544
13104,544
15816,544
6870,544
12354,544
25510,544
26551,544
21997,544
20259,544
10933,544
7566,544
2325,544
17523,544
10883,544
781,544
17738,544
376,544
1843,544
3033,544
29562,544
1044,544
30702,544
7243,544
30655,544
29704,544
28374,544
25100,544
27463,544
21047,544
423,544
26224,544
32242,544
6703,544
24336,544
19188,544
12894,544
16467,544
15613,544
10782,544
266,544
12140,544
25601,544
1050,544
1667,544
31390,544
1807,544
29391,544
8965,544
26507,544
17007,544
10047,544
4369,544
1528,544
21021,544
22717,544
26346,544
20212,544
23304,544
25948,544
27724,544
25979,544
31314,544
18084,544
12647,544
29315,544
17896,544
8673,544
30755,544
2153,544
15448,544
1789,544
28009,544
9177,544
7610,544
12796,544
19364,544
12825,544
4151,544
7928,544
22309,544
16226,544
26188,544
27706,544
622,544
14880,544
6011,544
18554,544
14083,544
32042,544
26793,544
27866,544
30940,544
25726,544
6174,544
170,699
2491,699
16249,699
27666,699
9955,699
1213,699
21816,699
956,699
5131,699
17069,699
25452,699
9658,699
26888,699
29335,699
16626,699
8082,699
9489,699
20869,699
25301,699
13181,699
5669,699
11021,699
1885,699
27883,699
23187,699
30475,699
30475,699
11437,699
5515,699
29368,699
440,699
7247,699
30010,699
27789,699
27209,699
4493,699
22840,699
24577,699
8111,699
3036,699
7519,699
2156,699
4643,699
18039,699
19227,699
6775,699
15642,699
21504,699
10384,699
3913,699
35,699
11402,699
23529,699
13597,699
15180,699
18581,699
28087,699
29228,699
10961,699
9517,699
7250,699
4345,699
16053,699
29732,699
6302,699
9846,699
4356,699
24023,699
14635,699
31492,699
19494,699
682,699
9361,699
15776,699
15776,699
19138,884
19907,884
7786,884
12695,884
32429,884
14331,884
12749,884
22324,884
3474,884
25803,884
11959,884
11474,884
25105,884
19616,884
21831,884
13835,884
29048,884
2146,884
29374,884
17230,884
30728,473
30741,473
28101,473
28487,473
28042,473
28126,473
28117,473
30605,473
30585,473
30705,473
30574,473
25575,473
1135,174
12876,174
2706,174
13522,174
17902,174
13477,174
19002,174
2724,174
15456,174
24272,174
10934,174
29560,174
24987,174
8523,174
14227,174
18670,174
1869,174
5354,174
14210,174
2727,174
16112,174
12989,174
4532,174
11234,174
17009,174
14835,174
17013,174
20994,174
25640,174
27261,174
9328,174
14182,174
12982,174
23226,174
18831,181
3359,181
23453,181
15282,181
27510,181
13553,181
3967,181
26084,181
13821,181
3600,181
25531,181
11914,181
16569,181
13492,181
12323,181
14492,181
24331,181
11079,181
4689,181
22813,181
23645,181
3178,181
7134,181
12785,181
6991,181
14564,181
11838,181
6927,181
22833,181
8629,181
14820,181
7155,181
14323,181
30912,181
14590,181
22530,181
8959,181
2626,181
28836,181
14418,181
9668,181
17688,181
26197,181
14763,181
15882,181
4297,181
15900,181
2447,181
6313,181
6945,181
5142,181
5746,181
26859,181
27618,181
30762,181
4204,181
4942,181
11204,181
30082,181
19286,181
17759,181
135,181
14251,181
1190,181
4200,181
12494,181
24909,181
12880,181
29783,181
26324,181
11629,181
15478,181
19275,181
26293,181
3225,181
31281,181
4870,181
5778,181
26693,181
13823,181
17968,181
19948,181
31562,181
24261,181
3247,181
3443,181
10488,181
20121,181
11056,181
10031,181
1598,181
11624,181
17999,181
4021,181
8525,181
3403,181
21586,181
16309,181
15316,181
4008,181
6701,181
17362,181
25634,181
27743,181
10586,181
10597,181
3090,181
5666,181
26959,181
4768,181
26626,181
919,181
20965,181
22997,181
5704,181
13228,181
27811,181
25531,181
7973,181
1693,181
31282,181
23998,181
31378,181
10949,181
24211,181
27536,181
14830,181
16135,181
14347,181
13747,181
11072,181
9960,181
25531,181
13432,181
30506,181
13756,181
27883,181
25511,181
26588,181
15036,181
10155,181
14058,181
3877,181
3304,181
18448,181
30092,181
19892,181
11474,181
31026,181
27346,181
6510,181
5612,181
9232,181
28976,181
31577,181
28305,181
15450,181
21896,181
3651,181
27013,181
6767,181
26745,181
23756,181
12495,181
26675,181
22048,181
22036,181
4112,181
16867,181
24303,181
23628,181
31026,181
11234,181
25183,181
26168,181
7323,181
1121,181
14483,181
12913,181
8183,181
2521,181
29760,181
25972,181
22455,181
9641,181
28329,181
28219,181
16868,181
16064,181
14593,181
4529,181
10450,181
9278,181
8319,181
8575,181
27170,181
9496,181
4267,181
25975,181
14833,181
24052,181
19948,181
19523,181
15369,181
30990,181
26825,181
23546,181
5540,181
30371,181
3690,181
24712,181
19484,181
21434,181
8830,181
18537,181
21173,181
19651,181
2741,181
13727,181
22307,181
20895,181
11987,181
18971,181
23389,181
13195,181
11047,181
23012,181
26581,181
19311,181
3866,181
6083,181
9209,181
11153,181
24195,181
6412,181
7079,181
11246,181
23824,181
17657,181
11496,181
12038,181
27725,181
5910,181
10479,181
14708,181
10186,181
622,181
19456,181
28532,181
13518,181
21752,181
29669,181
9550,181
7101,181
30786,181
26978,181
20985,181
29624,181
10022,181
27188,181
28083,181
2786,181
24336,181
13429,181
3082,181
19374,181
13161,181
28764,181
25983,181
29514,181
24053,181
16637,181
11964,181
25803,181
24287,181
16076,181
20914,181
17039,181
16909,181
8880,181
5880,181
26137,181
29286,181
13925,181
12951,181
19145,181
10371,181
21963,181
7527,181
6698,181
12648,181
31275,181
30530,181
9204,181
6345,181
18261,181
8344,181
30272,181
17819,181
12540,181
7170,181
20357,181
17176,181
4834,181
13979,181
13216,181
11595,181
19919,181
17311,181
8497,181
14377,181
19074,181
21383,181
20873,181
9086,181
15799,181
7458,181
15255,181
20477,181
9923,181
19978,181
20012,181
15460,181
24091,181
8191,181
17607,181
8943,181
8596,181
13176,181
2885,181
22775,181
25741,181
11511,181
4899,181
21814,181
13282,181
29022,181
29550,181
22987,181
19172,181
26387,181
27350,181
31307,181
19085,181
25936,181
11935,181
16221,181
30251,181
8949,181
27133,181
12243,181
16600,181
1667,181
5997,181
16311,181
19216,181
25824,181
13996,181
28858,181
13964,181
26965,181
26965,181
21976,181
10289,181
24942,181
19111,181
4026,181
11693,181
29565,181
10314,181
25531,181
26176,181
24148,181
28593,181
23433,181
26085,181
7554,181
2702,181
28629,181
26889,181
26011,181
30997,181
21974,181
23205,181
27748,181
26445,181
9475,181
14294,181
21783,181
2053,698
105,698
8651,698
4727,698
19463,698
7940,698
13939,698
19339,698
19788,698
5169,698
789,698
19825,698
8651,698
16626,698
28306,698
27175,698
23187,698
11437,698
30183,698
31226,698
6236,698
23700,698
12273,698
6236,698
25602,698
905,698
11456,698
2156,698
28923,698
8873,698
28574,698
9663,698
12523,698
23253,698
6125,698
15682,698
20280,698
7938,698
30449,698
2264,698
25147,698
25147,698
5002,698
19106,698
18425,698
19106,698
23143,698
5950,698
13939,698
9849,173
2443,173
2563,173
20969,173
13658,173
840,173
4927,173
29199,173
19012,173
22622,173
25742,173
2901,173
16760,173
3616,173
26596,173
16490,173
27758,173
29280,173
7980,173
14470,173
14484,173
14492,173
9285,173
24748,173
7926,173
19229,173
16060,173
22783,173
30780,173
15559,173
22667,173
12119,173
12547,173
5761,173
9841,173
15491,173
21004,173
29213,173
20239,173
27261,173
12209,173
26058,173
14225,173
20204,173
8381,173
28658,173
20775,173
16281,173
19794,173
14731,173
30455,173
25741,173
29375,173
11623,173
30277,173
22398,173
2081,173
1813,666
26630,666
15667,666
1408,666
23529,666
19700,666
27197,666
23330,666
15516,666
16212,666
8053,666
14592,666
23270,666
16437,666
31002,666
17940,666
15325,666
8337,666
8309,666
21410,666
23575,666
25981,666
27811,666
6421,666
4573,666
29131,666
17110,666
29247,666
18429,666
10086,666
21880,666
11907,666
24271,666
20220,666
15433,666
25350,666
23594,666
16905,666
17948,666
6693,666
19050,666
8903,666
22028,666
20220,666
19570,666
32067,666
6171,666
32067,666
6171,666
28743,666
17179,666
5859,666
5859,666
13069,666
25856,666
31623,666
23750,666
28658,666
7699,666
3974,666
24282,666
19230,666
3551,666
10390,666
26523,666
9271,666
666,666
25092,666
21049,666
18602,666
8318,666
26985,666
27836,666
30755,666
12629,666
10856,42
11536,42
21980,42
21060,42
11275,42
27931,42
28051,42
28301,42
12044,42
27985,42
19248,42
1259,968
32366,968
29546,968
11609,968
30106,968
21977,968
24996,968
3973,968
14833,968
6726,968
2364,968
2211,968
8847,968
8029,968
15378,968
2813,968
15189,968
31624,968
14626,968
28521,968
2914,968
16667,968
8992,968
18530,968
29387,968
13536,968
13341,968
21459,968
27588,968
11550,968
21124,968
9007,968
13414,968
11489,968
28829,968
21459,968
26593,968
25007,968
1898,968
26107,968
29164,968
26332,968
25034,968
22843,968
27622,968
22141,968
11958,968
17554,968
13917,968
12646,968
28377,968
14783,968
25976,968
5637,968
5343,968
14901,968
25803,968
12956,968
16888,968
6703,968
26979,60
172,60
8551,60
11367,60
13681,60
8551,60
8470,60
24928,60
2959,60
11526,60
24924,60
13681,60
19324,60
7000,60
1504,60
20970,60
3338,60
26497,60
5241,60
7143,60
16683,60
9349,60
15087,60
21301,60
14497,60
24907,60
24907,60
6244,60
2036,60
8551,60
3929,60
18888,60
24660,60
6462,60
24594,60
5824,60
2128,60
24929,60
9163,60
25156,60
24283,60
22006,60
9906,60
1776,60
5200,60
7799,60
6813,60
2544,60
11014,60
25910,60
11183,60
6879,60
22477,60
20149,60
13799,60
2360,60
17704,60
16678,60
22573,60
18717,60
25365,60
22859,60
8551,60
1904,60
18648,60
24067,60
22859,60
21079,60
12438,60
2261,60
11393,60
12438,60
22082,60
15839,60
1111,60
28210,60
16839,60
1265,60
5266,60
23961,60
21587,60
27722,60
27722,60
2333,60
27722,60
26485,60
9582,60
9874,60
1407,60
7050,60
6071,60
22300,60
7805,60
19192,60
3187,60
10761,60
2731,60
14710,60
18082,60
16194,60
5813,60
11174,60
3983,60
12550,60
5234,60
3078,60
22292,60
4706,60
22173,60
25718,60
25718,60
24042,60
530,60
1909,60
8551,60
11239,60
14733,60
21661,60
7869,60
4767,60
7593,60
11017,60
12945,60
6677,60
6677,60
8551,60
19815,60
6677,60
24652,60
2845,60
13678,60
22947,60
1616,60
25397,60
22700,60
6244,60
4584,60
28504,60
24769,60
3536,60
21795,60
3225,60
16697,60
25721,60
22957,60
16697,60
22957,60
16697,60
16698,60
28490,60
28490,60
8551,60
7043,60
17411,60
1056,60
1342,60
10737,60
11918,60
4769,60
4800,60
8551,60
31217,891
10961,891
22609,891
6628,891
1927,891
6880,891
15994,891
19357,891
18039,891
30847,891
9832,891
19357,891
22795,891
18884,891
12104,891
17758,891
9033,891
4860,891
6553,891
17976,891
24246,891
1293,891
1293,891
3092,891
6912,891
26632,203
9454,203
29353,203
9429,203
19576,203
72,203
22901,203
1713,203
8924,203
6334,203
19339,203
15767,203
27983,203
7938,203
6767,203
13239,203
25602,203
24628,203
7286,203
19788,203
7269,203
24884,203
19463,203
11456,203
1875,203
14286,203
10949,203
16266,203
18810,203
3164,203
238,203
7916,203
26652,203
4816,203
21189,203
14278,203
26437,775
28194,775
11217,775
17995,775
14917,775
12554,775
30689,775
17639,775
15019,775
12803,775
20450,775
7055,775
18478,775
5599,775
3602,775
15181,775
1151,775
28926,775
21421,775
29796,775
9292,775
11808,775
22958,775
28753,775
26259,775
23018,775
7450,775
26133,775
5769,775
15685,775
27252,775
32327,775
22788,775
16983,775
3059,775
30660,775
16005,775
8693,775
28518,775
5652,775
24823,775
7864,775
12397,775
14263,775
27519,775
18747,775
1363,775
10207,775
23740,775
20511,775
1103,775
13575,775
1686,775
2129,775
18397,775
1072,775
24672,775
18185,775
24415,775
5564,775
25734,775
13674,775
22949,775
14244,775
29500,775
12912,775
16979,775
21464,775
10811,775
8148,775
4230,775
31699,775
1067,775
24210,775
4778,775
16196,775
19416,775
16196,775
13748,775
24622,775
31682,775
29450,775
9811,775
7261,775
14424,775
30021,775
15809,775
14191,775
19290,775
25577,775
12451,775
27647,775
16888,775
10401,775
18998,775
28935,775
28976,775
18627,775
17369,775
24518,775
3008,775
24129,775
4035,775
30631,775
17770,775
20119,775
21328,775
6733,775
23382,775
10200,775
2489,775
8993,775
7522,775
26021,775
12100,775
5885,775
31915,775
31125,775
5734,775
11863,775
28727,775
26592,775
16989,775
10145,775
19102,775
9981,775
7880,775
2065,775
32401,775
20481,775
19506,775
19704,775
4341,775
7386,775
16956,775
7386,775
30875,775
31233,775
8354,775
22205,775
30655,775
11255,775
30600,775
8519,775
20296,775
28509,775
13877,775
15560,775
4579,775
9658,775
18370,775
10543,775
30251,775
28962,210
22022,210
12761,210
12046,210
22255,210
3217,210
7636,210
31170,210
19353,210
681,210
25846,210
27340,210
8176,210
18962,210
21040,210
3453,210
25091,210
22747,210
28995,210
28150,210
13196,210
23978,210
9235,210
25236,210
5336,210
24958,210
24004,210
15736,210
25731,210
24863,210
28962,210
24247,210
29502,210
8283,210
6558,210
2893,210
16642,210
17149,210
17842,210
17383,210
26518,210
13271,210
20824,210
17201,210
23332,210
13876,210
27702,210
19290,210
25748,210
23964,210
18766,210
6861,210
31441,210
8623,210
27909,210
29358,210
10451,210
16820,210
12029,210
22128,210
22128,210
1409,13
15604,13
548,13
21075,13
16366,13
8492,13
12398,13
23136,13
6813,13
2780,13
24370,13
4315,13
10232,13
2002,13
21661,13
22697,13
7245,13
21538,13
21359,13
12722,13
21693,13
18700,13
24013,13
24013,13
7622,13
4819,13
2278,13
3730,13
17108,13
16977,13
21552,13
27065,13
27065,13
24706,13
10339,13
23724,13
24273,13
4540,13
24288,13
18150,13
27007,13
22291,13
20006,13
5743,13
13791,13
21855,117
26212,117
5405,117
7991,117
22323,117
13008,117
16651,117
21076,117
26856,117
17418,117
16471,117
28051,117
18953,117
19080,117
28814,117
16241,117
23048,117
25700,117
8157,117
20029,117
26729,117
11052,117
21210,117
6897,117
10372,117
13395,117
19113,117
26954,117
24152,117
28333,117
25038,117
8426,117
22050,117
21762,117
11589,117
21435,117
11721,117
26751,117
11835,117
11433,117
26391,117
11357,117
28017,117
22878,117
13931,117
8510,117
16022,117
21365,117
28677,117
17287,117
19293,117
17830,117
11128,117
13146,117
24329,117
14611,117
27649,117
9791,117
16708,269
14,269
18948,269
6617,269
11003,269
19056,269
14686,269
6534,269
20560,269
23781,269
16847,269
20348,269
19528,269
1394,269
16035,269
31703,269
18901,269
15884,269
16927,269
1096,269
2553,269
16124,269
14524,269
10212,269
29741,269
5963,269
1453,269
28623,269
11586,269
30453,269
9324,269
9319,269
9339,269
4842,269
3739,269
11031,269
26409,269
31125,269
2405,269
14152,269
5110,269
24237,269
22440,269
9920,269
10818,269
31494,269
28597,269
19012,269
31659,269
9870,269
15962,269
11061,269
11718,269
1657,269
2361,269
31629,269
13529,269
4769,269
9835,269
9875,269
29013,269
18902,269
28698,269
22403,269
7588,269
31692,269
23334,269
19210,269
13424,269
11516,269
8613,269
24737,269
18857,269
4615,269
23830,269
3478,269
1401,269
7524,269
10457,269
4994,269
29923,269
7116,269
25596,269
20399,269
8228,269
19089,269
18103,269
14218,269
6926,269
5160,269
30059,269
4769,269
26439,269
31258,269
947,269
13830,269
30890,269
3221,269
31491,269
8931,269
6716,269
2038,269
16953,269
17394,269
23304,269
28311,269
26788,269
28381,269
30710,269
27566,269
25647,269
15872,269
3317,269
27780,269
12309,269
16042,269
26998,269
26884,269
1353,269
29611,269
31287,269
28947,269
12041,269
16532,269
15730,269
18853,269
22983,269
7825,269
25251,269
30704,269
12274,269
30704,269
16084,269
11676,269
9853,269
9853,269
4018,269
12665,269
7312,269
5417,269
22863,269
3254,269
21458,269
12387,269
23692,269
15424,269
1633,269
19840,269
451,269
17730,269
754,269
6308,269
20439,269
24851,269
10548,269
431,269
4407,269
12786,269
14666,269
10009,269
31665,269
5604,269
2236,492
6253,492
7870,492
27629,492
23840,492
25256,492
7865,492
23083,492
16439,492
6557,492
2003,492
2499,492
22529,492
9336,492
23343,492
23343,492
9378,492
11460,492
5597,492
17332,492
23333,492
23878,492
15395,492
6072,492
6072,492
15395,492
5197,492
23766,492
4544,492
2936,492
17277,492
2825,492
6253,492
435,492
23140,492
30443,492
1548,492
16944,492
2913,492
26916,492
6843,492
16732,492
18809,492
18809,492
11644,492
6843,492
6843,492
19199,492
23611,492
11070,492
30691,492
16732,492
16732,492
8072,492
10548,492
7072,492
18820,492
18820,492
8401,337
9829,337
31220,337
5268,337
25622,337
24422,337
23838,337
3521,337
15600,337
18249,337
12888,337
4815,337
12301,337
13092,337
16420,337
12541,337
18386,337
23148,337
15604,337
8881,337
30776,337
8299,337
19360,337
28829,337
3840,337
19438,337
20318,337
16920,337
17713,337
1334,337
30552,337
15616,337
4339,337
11215,337
8923,337
11333,337
4343,337
5429,337
7144,337
29077,337
2576,337
27771,337
5864,337
27468,337
27106,337
27745,337
26304,337
2452,337
28657,337
28658,337
31702,337
31152,337
26591,337
27290,337
29970,337
14692,337
3496,337
19695,337
18427,337
2966,337
18249,337
31338,337
30589,337
29907,337
30553,337
23403,337
14856,337
24961,337
29914,337
30841,337
28630,337
9395,337
8094,337
21654,337
8005,337
25125,337
9115,337
22386,337
30977,337
19677,337
18920,337
16803,337
29870,337
9601,337
22104,337
7285,337
28380,337
22259,337
18896,337
23364,337
21767,337
23413,337
19313,337
12414,337
13417,337
31522,337
18303,337
8321,337
20468,337
31390,337
26241,337
24955,337
30171,337
2385,337
22947,337
20393,122
28615,122
7008,122
27125,122
15865,122
22031,67
24797,67
22648,67
21151,67
16035,221
1346,221
4797,221
18399,221
8814,221
3458,221
8768,221
25794,221
11535,221
10606,221
26313,221
12201,221
4137,221
18184,221
24693,221
12291,221
14955,221
15324,221
13605,221
11127,221
244,221
31069,221
18422,221
2431,221
17792,221
18289,221
7353,221
17335,221
16625,221
7664,221
11192,221
16857,221
10496,221
2713,221
17244,221
4111,221
13984,221
22806,221
31045,221
8502,221
5779,221
1421,221
21464,221
6446,221
10862,221
8120,221
18399,221
9815,221
7895,221
1868,221
14500,221
13965,221
1466,221
5659,221
14654,221
31589,221
1466,221
26271,221
12437,221
28811,221
5656,221
2996,221
4207,221
15266,221
27057,221
4528,221
5205,221
29971,221
17243,221
6324,221
23580,221
3024,221
21739,221
15567,221
8120,221
12578,221
435,221
11192,221
26242,221
26924,221
14517,221
21739,221
3024,221
12763,221
1007,221
16003,221
12058,221
17275,221
14155,221
8151,221
18624,221
8595,221
10241,221
23580,221
1029,221
2127,221
8610,221
22671,221
12000,221
25746,221
17252,221
4726,221
13208,221
10527,221
2187,221
28321,221
6065,221
2187,221
25227,221
4250,221
21735,221
6789,221
27752,221
5759,221
22441,221
5194,221
10058,221
5068,221
9236,221
11318,221
23889,221
24636,221
1160,221
5699,221
17709,221
23607,221
2160,221
20912,221
13953,221
28643,221
29588,221
12310,221
22942,221
1456,221
8377,221
9052,221
142,221
3855,221
5596,221
21173,221
1449,221
12128,221
5133,221
3249,221
16173,221
21582,221
8890,221
11012,221
27321,221
23445,221
4018,221
29717,221
6921,221
8811,221
2977,221
2279,221
8543,221
2279,221
2977,221
9611,221
31602,221
4978,221
7232,221
8997,221
5945,221
10790,221
26306,221
17912,221
31457,221
8250,221
16956,221
23109,221
11375,221
17690,221
19448,221
27810,221
650,221
6064,221
22249,221
20348,221
5250,221
27574,221
22682,221
19274,221
27049,221
30057,221
11626,221
14649,221
28439,221
1162,221
20114,221
14539,221
14539,221
6272,221
184,221
14819,221
6876,221
19344,221
2058,221
829,221
6642,221
21298,221
8021,221
20552,221
6764,221
12426,221
3295,221
3502,221
23050,221
2174,221
8273,221
6601,221
5208,221
23154,221
30889,221
27315,221
23555,221
23283,221
11793,221
30391,221
9671,221
17584,221
18049,221
31184,221
31668,221
19171,221
24470,221
22350,221
26086,221
14139,221
18848,221
28018,221
29327,221
27918,221
152,221
2653,221
25851,221
16815,221
1940,221
19421,221
15374,221
26396,221
15400,221
4261,221
9888,221
16361,221
31377,221
15089,221
27574,221
31383,221
4590,221
10038,221
4070,221
9956,221
10578,221
18991,221
17731,221
17327,221
1786,221
20085,221
31207,221
17486,221
2736,221
22262,221
22297,221
5484,221
26884,221
5259,221
30282,221
13048,221
2314,221
11686,221
7660,221
25945,221
2577,221
6371,221
5365,221
27617,221
1074,221
29424,221
14215,221
15066,221
2956,221
13575,221
2636,221
12665,221
4607,221
11494,221
13689,221
12317,221
5627,221
9123,221
30211,221
20929,221
7163,221
12529,221
1212,221
18965,221
7355,221
5458,221
20929,221
30211,221
14445,221
31261,221
12250,221
1020,221
16268,221
7254,221
14020,221
16306,221
11062,221
19781,221
18654,221
3046,221
29474,221
13113,221
9380,221
5884,221
18759,221
18974,221
15545,221
24984,221
20326,221
29107,221
9746,221
18584,221
11315,221
14458,221
13926,221
25097,221
10200,221
25905,221
29889,221
11087,221
27630,221
6963,221
18922,221
14900,221
30559,221
13038,221
3872,221
6963,221
4683,221
27583,221
16206,221
14090,221
7446,221
19111,221
1201,221
14900,221
29219,221
3650,221
3435,221
5638,221
18322,221
20,221
3846,221
1034,221
7752,221
24833,221
3062,221
16889,221
1034,221
7841,221
16809,221
7093,221
14085,221
16362,221
3953,221
891,221
31062,221
16204,221
12956,221
704,221
29427,221
30559,221
28349,221
778,221
28349,221
9050,221
9019,221
29427,221
3677,221
22315,221
1905,221
31111,221
15136,221
29997,221
15176,221
11910,221
20406,221
24053,221
24357,221
2875,221
24053,221
340,221
12964,221
11176,221
7441,221
20408,221
4880,221
11111,221
4642,221
19181,221
7806,221
20980,221
24527,221
10856,221
812,221
7450,221
9245,221
14425,221
19089,221
24311,221
11176,221
11176,221
20408,221
10617,221
2673,221
16841,221
12234,221
23864,221
2016,221
18351,221
656,221
10840,221
29500,221
3404,221
3469,221
4805,221
24251,221
7169,221
4377,221
2357,221
29496,221
2747,221
13428,221
4742,221
1343,221
21847,221
13984,221
12600,221
13984,221
10152,221
13074,221
15605,221
26218,221
14921,221
19008,221
10281,221
2172,221
4567,221
20059,221
1998,221
15303,221
14379,221
14376,221
7529,221
6304,221
9283,221
24757,221
1250,221
17763,221
3218,221
9800,221
24859,221
23020,221
13599,221
6310,221
16087,221
8443,221
29363,221
29363,221
25377,221
12353,221
2955,221
29518,221
13029,221
4510,221
28209,221
21378,221
12376,221
13512,221
25647,221
14264,221
24781,221
21182,221
23432,221
25525,221
22728,221
13918,221
18712,221
27347,221
9573,221
23479,221
12226,221
23552,221
3805,221
27365,221
30904,221
22918,221
2434,221
29537,221
31282,221
603,221
31282,221
19553,221
603,221
3403,221
11696,221
23389,221
7826,221
19257,221
11474,221
29799,221
12792,221
17094,221
8710,221
14351,221
11434,221
15442,221
4177,221
12418,221
30155,221
30249,221
24609,221
19995,221
4097,221
7002,221
15099,221
11212,221
10134,221
17808,221
12777,221
17761,221
7069,221
4574,221
2342,221
22388,221
12777,221
10646,221
1263,221
3526,221
13948,221
25182,221
15054,221
15117,221
31033,221
3708,221
21979,221
11108,221
5714,221
11108,221
13424,221
13716,221
16814,221
26388,221
10541,221
19423,221
12649,221
11254,221
31658,221
6658,221
17014,221
21537,221
1114,221
13063,221
4626,221
23086,221
9775,221
809,221
24056,221
4748,221
18500,221
10028,221
18450,221
18451,221
11487,221
28651,221
11309,221
14696,221
17666,221
14696,221
20847,221
30998,221
7774,221
15483,221
15724,221
2116,221
14385,221
17701,221
16167,221
4782,221
23899,221
16040,221
17097,221
16026,221
23329,221
31004,221
14602,221
20143,221
14372,221
24225,221
15991,221
19054,221
15991,221
18734,221
14462,221
23637,221
22670,221
5487,221
2801,221
29895,221
6531,221
8857,221
9386,221
31233,221
17514,221
2754,221
25523,221
5838,221
12674,221
23740,221
8987,221
16937,221
2988,221
14737,221
15597,221
8987,221
16937,221
3191,221
3191,221
27326,221
6104,221
30212,221
22681,221
7010,221
1198,221
28830,221
30710,221
29139,221
22555,221
2824,221
16756,221
28947,221
29611,221
31287,221
21034,221
5273,221
30750,221
14630,221
17392,221
12222,221
29758,221
17356,221
28885,221
23969,221
23930,221
18447,221
825,221
23721,221
13309,221
27091,221
1379,221
12488,221
15226,221
1833,221
17084,221
15774,221
3663,221
14222,221
1076,221
12281,221
18025,221
16406,221
5906,221
17247,221
18025,221
16710,221
13877,221
13877,221
7002,221
25893,221
25893,221
7854,221
15429,221
29844,221
28694,221
2671,221
14971,221
10980,221
12797,221
19818,221
22855,221
4364,221
27382,221
22662,221
23324,221
5763,221
20415,221
1350,221
26987,221
14447,221
27382,221
17235,221
25566,221
7871,221
28392,221
28515,221
4890,221
5703,221
2433,221
393,221
16882,221
24352,221
156,221
2433,221
10003,221
14294,221
12786,221
2891,221
20919,221
7967,221
7233,221
16888,221
6264,221
1049,221
3628,221
19743,221
16906,221
30786,221
744,221
17351,221
19591,221
13126,221
22903,221
23230,221
7904,221
1151,221
252,221
25788,221
17818,221
14243,221
22109,221
22285,221
7590,221
3765,221
8540,221
22083,221
400,221
24715,221
12977,221
22983,221
1182,221
255,221
21175,221
12383,221
18196,221
12383,221
26222,221
18399,221
3309,221
1182,221
25012,221
30033,221
29977,221
11942,221
4441,767
124,767
22222,767
15975,767
28087,767
3299,767
10924,767
13257,767
22484,767
17239,767
3238,767
2630,767
10569,132
18415,132
20747,132
27598,132
8027,132
5655,132
24948,132
21138,132
25493,132
8882,132
6095,132
26794,132
22520,132
21860,132
3218,132
20365,132
7426,132
5413,132
14747,132
4575,132
23883,132
13323,132
20482,132
26538,132
23505,132
7479,132
10315,132
22049,132
15520,132
21964,132
3467,132
24250,132
2177,132
27404,132
4829,132
23133,132
15384,132
23232,132
22217,132
27332,132
23496,132
6763,132
15608,132
14095,132
9188,132
3355,132
4428,132
26766,132
19105,132
27802,132
22660,132
14544,132
21516,132
20355,132
7956,132
23133,132
19105,132
19707,132
14103,132
3488,132
13280,132
21905,132
16837,132
22561,132
22691,132
11814,132
17130,132
10129,132
21504,132
14553,132
28021,132
19080,132
27036,132
11876,132
20532,132
9406,132
24873,132
16867,132
6679,132
13691,132
20482,132
7028,132
28017,132
10759,132
17480,132
18115,132
26428,132
14391,132
12606,132
7059,132
7059,132
19410,132
10372,132
21608,132
3919,132
27177,132
28839,132
22619,132
11723,132
4696,132
21159,132
12725,132
29160,132
26327,132
24484,132
26090,132
8572,132
21078,411
22926,411
7923,411
7692,411
22377,411
30707,411
3521,411
19677,411
1153,411
24702,411
4014,411
9332,411
29770,411
31992,411
24107,411
21678,411
31632,411
14901,411
9108,411
28609,411
6646,411
17428,411
16714,411
5887,411
24344,411
24422,411
5562,411
7704,411
21806,411
5157,411
22082,411
24338,411
24399,411
13378,411
29850,411
23690,411
27779,411
31108,411
12842,411
19841,411
6620,411
3917,411
24110,411
2176,411
4997,411
27682,411
28910,411
22082,411
3904,411
25470,411
22869,411
3921,411
2725,411
12294,411
30717,411
5424,411
7125,411
19724,411
24750,411
9134,411
24598,411
28202,411
22900,411
21809,411
30179,411
14697,411
24976,411
27942,411
29754,411
24572,411
20380,411
10661,411
3015,411
22209,411
1758,411
5049,411
28144,411
19532,411
24654,411
3213,411
28680,411
19598,411
9212,411
3975,411
23125,411
29881,411
9126,411
19317,411
7427,411
8454,411
14989,411
7662,411
15330,411
5113,411
21673,411
22500,411
8964,411
18365,411
11014,411
18751,411
16825,411
23770,411
13964,411
29279,411
374,411
24806,411
1792,411
25773,411
22789,411
3755,411
3010,411
7260,411
16290,411
25209,411
1334,411
28291,411
8886,411
24119,411
8478,411
13276,411
26748,411
6523,411
31785,411
20823,411
8950,411
8736,411
29118,411
17260,411
17895,411
8154,411
31971,411
28178,411
19898,411
27655,411
29694,411
30439,411
10469,411
23770,411
29017,411
24645,411
20512,411
30188,411
4145,411
9472,411
24411,411
19091,411
29287,411
5069,411
7632,411
30669,411
800,411
19914,411
30576,411
24345,411
27665,411
23073,411
17080,411
26312,411
23300,411
1600,411
28242,411
3572,411
16417,411
5321,411
17001,411
17001,411
1600,411
25080,517
4428,517
14684,517
7253,517
26736,517
9768,517
32241,517
32241,517
25080,517
30337,517
2372,517
11983,517
8171,517
9918,517
26238,517
13923,517
27292,517
24381,517
17616,517
26061,517
6834,517
13755,517
25196,517
11983,517
7982,517
31515,517
10796,517
25486,517
21060,517
29283,517
22040,517
12966,517
24381,517
26061,517
23102,517
7048,517
12967,517
14498,517
25386,517
26832,517
24782,517
16635,517
16635,517
28793,517
9903,517
15507,517
20251,517
8792,472
14818,472
9548,472
5647,472
32279,472
16421,472
19877,472
12576,472
3309,472
17098,472
7396,472
1021,472
19339,472
19810,472
15188,472
13009,472
11370,472
16834,472
23374,472
21058,472
2043,472
10158,472
17587,472
1557,472
28232,472
1693,472
16185,472
9813,472
25761,472
22798,472
13072,472
13502,472
7226,472
25032,472
15001,472
17038,472
30271,472
30271,472
30271,472
2239,1019
10005,1019
28783,1019
32488,1019
32542,1019
14532,1019
2239,1019
11171,1019
32544,1019
26683,1019
20750,1019
16072,1019
24261,1019
32498,1019
27232,1019
18716,1019
31746,1019
25546,1019
30142,1019
17158,1019
16731,1019
32207,1019
26783,1019
12013,1019
32317,1019
8612,1019
28168,1019
31238,1019
32532,1019
14171,1019
10903,1019
32205,1019
26549,1019
31313,1019
32521,1019
16862,1019
24853,1019
10042,1019
11568,1019
19133,1019
21769,1019
30061,1019
19653,1019
31707,1019
26952,1019
32150,1019
31608,1019
28812,1019
26119,1019
32554,1019
26139,1019
29593,1019
27730,1019
25867,1019
18828,1019
32428,1019
6316,1019
32499,1019
305,381
26209,381
4022,381
9553,381
6660,381
3888,381
1362,381
7800,381
1753,381
2014,381
303,381
6128,381
37,381
23334,381
23631,381
10320,381
1537,381
15323,381
27266,381
31618,381
11061,381
4099,381
19731,381
7409,381
8607,381
10308,381
1136,381
22618,381
27380,381
30456,381
14299,381
14583,381
25069,381
10153,381
6184,381
6601,381
2113,381
17935,381
28583,381
17898,381
28025,381
10326,381
25669,381
29994,381
7084,381
2963,381
10546,381
880,381
464,381
10495,381
29051,381
11852,381
11852,381
19309,381
6614,381
2263,381
24388,381
25794,381
24780,381
7617,381
26145,381
26145,381
19821,381
9585,381
4001,381
13405,399
19545,399
14627,399
8228,399
7635,399
13870,399
18881,399
14512,399
4777,399
15333,399
4478,399
13624,399
1350,399
15914,399
26062,399
29818,399
28782,399
3367,399
9407,399
12344,399
9957,399
12897,399
31142,399
838,399
7652,399
7768,399
30510,399
7572,399
16815,399
23581,399
22462,956
29546,956
5967,956
21364,956
2350,956
23080,956
9664,956
4185,956
10504,956
27373,956
13813,956
29371,956
32174,956
30555,956
32458,956
17218,956
28616,956
18313,956
7486,956
27446,956
21346,956
8946,956
10845,956
8030,956
29401,956
13613,956
14960,956
25758,956
21761,956
18174,956
31280,956
22427,956
22908,956
30969,956
11994,956
24722,956
14901,956
18413,956
11307,956
18222,956
31729,956
29369,956
8794,956
24912,956
15347,956
30400,956
1443,956
2512,956
27504,956
6297,956
10240,956
22722,956
1473,956
9723,956
31536,956
13396,956
11429,956
5098,956
18182,956
15246,956
19975,956
19737,956
5845,572
6948,572
18538,572
13862,572
3087,572
21166,572
10,572
32054,572
21713,572
8904,572
8347,572
27709,572
30042,572
9065,572
32344,572
1260,572
25145,572
17549,572
5151,572
9710,572
17994,572
31939,572
31648,572
25667,572
9427,572
425,572
28704,572
18073,572
18069,572
21748,572
29819,572
4850,572
7773,572
4292,572
21709,572
9836,572
32289,572
3013,572
15676,572
21287,572
17993,572
17161,572
24874,572
13368,572
6993,572
26045,572
2287,572
18416,572
1762,572
26756,572
6889,572
12316,1009
18663,1009
28683,1009
27111,1009
9690,1009
21892,1009
5647,1009
25082,1009
27307,1009
8140,1009
2493,1009
26712,1009
14209,1009
10066,1009
8011,1009
48,1009
13316,1009
9933,1009
15807,1009
9009,1009
18887,1009
12839,1009
31061,1009
10615,1009
21152,1009
29549,1009
12582,1009
12015,1009
21162,1009
2130,1009
18887,1009
18714,1009
6787,1009
20189,1009
463,1009
3373,1009
24490,1009
20836,1009
20420,1009
10461,1009
901,1009
1668,1009
8509,1009
29494,1009
21191,1009
1084,1009
2326,1009
29795,1009
22881,1009
11378,1009
1023,1009
2031,1009
19462,1009
17160,1009
10854,1009
23840,1009
2725,1009
8091,1009
922,1009
16273,1009
8547,1009
27588,1009
27346,1009
23885,1009
13312,1009
13004,1009
13312,1009
19354,1009
14307,1009
9248,1009
23092,1009
20862,1009
30069,1009
25930,1009
1569,1009
20605,1009
4561,1009
14930,1009
25976,1009
13036,1009
5224,1009
4103,1009
25494,1009
16657,1009
20836,1009
2031,1009
15593,1009
26682,1009
19801,1009
6703,1009
474,1009
11971,1009
22712,1009
11971,1009
14413,1009
25148,1009
31016,1009
939,1009
109,1009
20802,1009
1891,1009
15673,1009
28260,1009
2993,1009
20574,1009
13906,1009
14257,1009
18208,1009
27337,1009
30422,1009
12023,254
28143,254
8977,254
9713,254
1537,254
2386,254
8519,254
20572,254
15987,254
4047,254
3613,254
19686,254
6683,254
13187,254
8977,254
30770,254
21705,254
15902,254
21758,254
4425,254
4951,254
13792,254
23090,254
3494,254
11432,254
4786,254
2786,254
12559,254
12488,254
12184,286
2633,286
22862,286
11919,286
12163,286
12506,286
27271,286
9559,286
9559,286
16745,286
467,286
7578,286
4126,286
22334,286
4984,286
8162,286
13299,286
20309,286
10984,286
19501,286
12953,286
18469,286
11358,286
28730,286
25563,286
5949,286
4664,286
26223,286
26223,286
27960,286
3203,286
21401,286
12988,286
25226,286
18758,286
15864,286
20285,286
6392,286
14100,286
19969,286
18758,286
31808,286
9081,286
16754,286
1823,286
14734,286
20894,286
9837,286
6906,286
7461,286
27447,286
12304,286
12902,286
14100,286
22041,286
16591,286
14704,286
26260,286
26403,286
3294,286
11465,286
9211,286
10196,286
20453,286
3770,286
31463,286
3294,286
15375,286
9081,286
29944,286
11889,286
26626,286
19005,286
27865,286
13170,286
7332,286
18688,286
17070,286
14970,286
4664,286
21668,286
15427,286
8222,286
25628,286
16069,286
9943,286
25008,286
955,286
17242,286
11770,286
8417,286
9168,286
7373,286
26279,286
30088,286
20817,286
12163,286
14154,286
9943,286
4520,286
6430,286
16736,286
28070,286
17019,286
29664,286
19436,286
19376,286
20817,286
955,286
19376,286
17184,286
6746,286
17184,286
26456,286
22698,286
18061,286
3583,286
5298,286
9045,286
12902,286
13482,286
28955,286
23761,286
28070,286
27865,286
20098,286
28443,286
6961,286
15719,286
6961,286
17264,286
29944,286
16214,286
11889,286
29944,286
4520,286
17896,286
7252,286
19989,286
7252,286
23030,286
28730,286
27926,286
25650,286
11801,286
8861,286
27026,286
17848,286
17381,286
26897,286
29819,286
13055,286
10444,286
26349,286
15942,286
20441,286
20602,286
10633,286
6650,286
10226,286
4647,286
14750,286
8628,286
3787,286
10056,286
29944,286
11939,286
19473,286
19013,286
20440,286
12268,286
22194,286
23642,286
21205,286
31408,286
17056,286
23160,286
18563,286
11796,286
3798,286
16178,286
17064,286
19312,286
25969,286
27406,286
15241,286
29993,286
24462,286
29944,286
28319,286
17085,286
15960,286
9608,286
437,286
437,286
18064,286
437,286
18064,286
21119,494
23236,494
23236,494
17374,494
15953,494
18692,494
11096,494
28007,494
10781,494
29176,494
29171,494
14196,494
18417,494
21753,494
29171,494
16175,494
21119,494
8652,494
21753,494
22814,494
29171,494
29621,494
23412,494
27218,494
23965,494
27085,494
9733,494
32163,494
22662,494
29242,494
32024,494
14992,494
14992,494
28038,494
21753,494
21119,494
17698,494
20908,494
28038,494
16833,494
21770,494
21836,494
28038,494
24354,494
22183,494
11413,494
30198,494
15166,494
18799,494
17945,494
17470,494
12503,494
12406,494
13329,494
29956,494
12503,494
17416,494
12008,494
20556,494
5580,494
17698,494
13329,494
13329,494
14348,494
21689,494
21290,494
5252,494
24539,494
15698,494
19764,494
27030,494
18761,494
21000,494
18761,494
19764,494
31389,494
27030,494
6349,494
82,494
12008,494
28804,494
12865,494
13834,494
6528,494
29434,494
5737,494
5527,494
15380,494
15809,494
14267,494
10786,494
15121,494
11651,494
12865,494
12607,494
5175,494
24216,494
8671,494
8545,494
28818,494
235,494
13885,494
8582,494
18683,494
15972,494
2489,494
15972,494
29554,494
17162,494
15027,494
4858,494
9627,494
28247,494
16040,494
16623,494
24216,494
4005,494
23506,494
21331,494
957,494
14722,494
18123,494
19439,494
22059,494
957,494
30686,494
25774,494
21000,494
25774,494
3119,494
28426,494
17102,494
30517,494
21426,494
24553,494
29366,494
17448,494
22326,494
14805,494
14093,494
29712,494
14093,494
8900,494
24069,494
8606,494
17142,494
26378,494
13034,494
20365,494
22399,494
22399,494
7444,494
22384,494
28775,494
30551,494
25751,494
21871,494
21871,494
18566,494
15495,494
30868,494
18859,494
18624,494
11720,494
11720,494
9650,494
13535,494
24113,494
30985,494
18414,494
18414,494
26745,494
15169,494
12255,494
22459,494
17652,494
31423,494
30072,494
21755,494
22909,494
20319,494
18974,494
25097,494
17185,494
1603,494
7934,494
27690,494
21755,494
27690,494
29564,494
10501,494
20971,494
18048,494
16387,494
24188,494
32037,494
21250,494
7419,494
28571,494
23750,494
11494,494
20224,494
28429,494
5316,494
13228,494
17072,494
31464,494
5727,494
24158,494
30385,494
16253,494
21109,494
2014,494
23631,494
16838,494
11303,494
10819,494
5278,494
8578,494
1061,494
12065,494
11803,494
17452,494
12697,494
11509,494
17933,494
17933,494
20533,494
15562,494
17521,494
14849,494
20533,494
23409,494
23409,494
20867,494
25607,494
20867,494
14163,494
13501,494
21145,494
5851,494
14247,494
14923,494
5851,494
17214,494
5382,494
20730,494
5851,494
11631,494
18683,494
21145,494
14247,494
17214,494
11062,494
20730,494
18713,494
13622,494
11703,494
22960,494
22960,494
29773,494
29773,494
31218,494
21222,494
21222,494
6319,494
18649,494
18649,494
12360,494
20355,494
8580,494
14409,494
25634,494
18108,157
12066,157
9665,157
12416,157
24524,157
23286,157
24524,157
29620,157
9895,157
24436,157
9895,157
11536,157
22644,157
26608,157
19290,157
23241,157
20763,157
25986,157
25440,157
27402,157
9720,947
26591,947
13552,947
19876,947
16133,947
10243,947
30332,947
14327,947
11450,947
24199,947
14387,947
17079,947
1834,947
22733,947
5307,947
20102,947
17454,947
447,947
30275,947
12814,947
17944,947
3879,947
19654,947
10384,947
10316,947
540,947
18250,947
18925,947
3959,947
5183,947
24031,947
26630,947
30718,947
30718,947
8385,947
17853,947
29740,947
7897,947
8769,947
13448,947
9285,947
20593,947
11738,947
22060,947
32393,947
19883,947
7487,947
12506,947
26964,947
4023,947
7194,947
7522,947
6499,947
28959,947
9415,947
22350,947
10723,947
26610,947
29192,947
19265,947
14385,947
17689,947
26528,947
8678,947
7749,947
12060,947
31400,947
6820,947
31065,947
26268,947
7225,947
15440,947
15440,947
4387,947
22491,947
4668,947
4668,947
27253,947
27253,947
12975,947
23866,947
1451,660
243,660
21051,660
20353,660
30029,660
14291,660
22506,660
25803,660
19259,660
29069,660
3777,660
15851,660
32073,660
10023,660
3937,660
13519,660
18055,660
27379,660
9165,660
23700,660
22623,660
10368,660
13035,660
10981,660
12139,660
10640,660
25653,660
29775,660
18324,660
6765,660
6765,660
19580,660
29934,660
8383,660
13576,660
19226,660
11615,660
5113,660
5481,660
29490,660
11555,660
11813,660
28863,660
18564,660
3447,660
22443,660
14098,660
22443,660
22443,660
14098,660
14098,660
21864,696
9928,696
32128,696
6085,696
18815,696
27131,696
6098,696
30747,696
19010,696
4549,696
24248,696
32175,696
11791,696
25533,696
6533,696
14940,696
29185,696
30785,696
32336,696
31014,696
28743,696
32048,696
4282,696
32099,696
30570,696
26098,696
24668,696
20990,696
32128,696
11654,696
12385,696
1234,696
32048,696
29591,696
9978,696
9878,696
4088,696
32305,696
15628,696
31854,696
28516,696
32068,696
27497,696
20280,696
26630,696
18104,696
15716,696
8320,696
7941,696
18480,696
22853,429
977,429
22245,429
27930,429
19809,429
25935,429
736,429
9261,429
31637,429
30309,429
31099,429
10071,429
259,429
29079,429
8575,429
32000,429
30306,429
20301,429
29768,429
540,429
17803,429
6172,429
21133,429
13193,429
16627,429
13577,429
13686,429
14855,429
13017,746
17292,746
18975,746
7038,746
5658,746
2839,746
8639,746
13717,746
6550,746
31942,746
6793,746
21136,746
17744,746
30957,746
4670,746
5736,746
10916,746
9786,746
19836,746
32200,746
16253,746
19295,746
751,746
31436,746
30494,746
19395,746
12280,746
8567,746
10570,746
27059,746
27059,746
14609,746
13517,746
15869,746
4097,746
23188,746
16645,732
2666,732
13477,732
27403,732
5198,732
13165,732
9781,732
30434,732
18505,732
9960,732
23840,732
10190,732
16684,732
26919,732
14928,732
5832,732
13276,732
25290,732
32000,732
31154,732
27786,732
28668,732
4438,732
19358,732
27847,732
19629,732
954,732
25400,732
9474,732
11799,732
12815,732
12929,732
10434,732
10434,732
19954,732
23253,732
19798,732
17572,632
30818,632
7216,632
31138,632
22938,632
15645,632
19372,632
10993,632
19338,632
11011,632
4982,632
336,632
5792,632
6053,632
9744,632
17310,632
31370,632
15396,632
22305,632
30254,632
8313,632
8938,632
22456,632
11138,632
9814,632
24375,632
24890,632
6258,632
19189,632
25221,632
9038,632
29664,632
24196,632
12991,632
29227,632
13104,632
20466,632
310,632
29848,720
23542,720
17358,720
10678,720
20460,720
3362,720
23098,720
12942,720
6927,720
19723,720
7651,720
14679,720
12401,720
19838,720
30621,720
22993,720
3485,720
19635,720
160,720
1769,720
6632,720
6555,720
9191,720
1010,720
6632,720
20052,720
15088,720
22769,720
5597,720
6847,720
28309,720
22043,720
17240,720
15498,720
12782,720
3615,720
30099,720
22769,720
11236,720
942,720
13412,720
18409,720
19443,720
6632,720
9191,720
20093,720
6555,720
13584,720
10979,720
17632,720
13229,720
29486,720
12942,720
9492,720
13156,720
15596,720
19820,720
7842,720
28137,720
14239,720
20834,720
684,720
28225,720
17438,720
6241,720
13717,720
3233,720
28225,720
27118,720
20380,720
24117,720
174,720
18996,720
31977,720
1122,720
18996,720
1183,720
18097,720
12800,720
31977,720
15651,720
23542,720
6207,720
15651,720
31005,720
21790,720
24398,720
22415,720
20034,720
29711,720
8081,720
6730,720
22092,720
5113,720
21901,720
18201,720
16281,720
6403,720
12604,720
12604,720
12714,720
18379,720
12604,720
18379,720
4071,720
20260,720
4647,720
31102,720
17981,720
27620,720
22454,720
29039,720
29039,720
13473,720
15961,720
29904,720
4444,720
15389,720
4057,720
16442,720
26099,720
5438,720
31331,720
26434,720
30542,720
15065,720
29340,720
29652,720
29340,720
29652,720
7984,720
31249,720
31249,720
8246,720
31514,720
24550,682
11082,682
29864,682
16601,682
21817,682
13746,682
21364,682
26867,682
28388,682
6623,682
30977,682
30900,682
20869,682
20501,682
9290,682
16077,682
5671,682
7642,682
31599,682
3010,682
10415,682
10112,682
5894,682
25702,682
28649,682
6434,682
9197,682
29257,682
29864,682
27719,682
9136,682
22276,682
12277,682
25047,682
28497,682
15002,682
12113,682
25020,682
11144,682
7063,682
5732,682
11810,682
23303,682
19081,682
19081,682
23838,682
29351,682
19052,682
29625,682
30298,682
6210,682
19244,682
20937,682
21550,682
32283,682
27662,682
17729,682
433,533
2621,533
21275,533
19979,533
7480,533
8938,533
13802,533
10554,533
22741,533
8673,533
1747,533
10889,533
14704,533
9959,533
5279,533
1208,533
24608,533
7210,533
3994,533
12903,533
7585,533
12937,533
3423,533
12191,533
31860,533
10471,533
13340,533
11588,533
141,533
10156,533
5584,533
14192,533
17934,533
24658,533
29469,533
14504,533
14550,533
2042,533
26407,533
1371,533
11266,533
9453,533
12396,533
7235,533
32104,533
29751,533
7443,533
1146,533
9448,533
19988,533
30607,533
24438,533
16712,533
12472,533
12472,533
24076,533
29961,533
15206,533
30075,533
19363,533
14324,533
24076,533
4727,533
376,533
12647,533
4678,533
2265,533
29500,533
1498,533
28326,533
31067,533
25927,533
32113,533
29056,533
8245,533
6976,533
18989,533
12031,533
4141,533
18875,533
18696,533
18696,533
32146,533
1982,362
15043,362
830,362
11095,362
4233,362
10067,362
3258,362
25247,362
5932,362
12987,362
21643,362
4403,362
25812,362
25812,362
636,362
31861,362
7019,362
25658,362
636,362
12335,362
25534,362
23599,362
3296,362
3296,362
25436,362
25436,362
28613,362
12332,362
272,362
30457,362
13977,362
5932,362
12061,362
3869,362
25310,362
12061,362
677,362
368,362
13977,362
5,362
10135,362
16942,362
10780,362
8833,362
2881,512
3450,512
27210,512
24424,512
27210,512
17703,512
10049,512
10523,512
25732,512
11498,512
6869,512
12681,512
14742,512
3614,512
24704,512
30825,512
25732,512
8360,512
12373,512
23111,512
23111,512
22981,512
24336,512
27979,512
21848,512
19521,512
6751,512
1304,512
24727,512
20898,512
27648,512
7235,512
24870,512
7357,512
1121,512
11975,512
9166,512
21943,512
31453,547
6516,547
9197,547
10041,547
25267,547
20395,547
29331,547
4708,547
15723,547
28069,547
5798,547
9420,547
933,547
10190,547
16844,547
31121,547
670,547
11015,547
18774,547
22387,547
28515,547
2619,547
4400,547
30941,547
20764,547
4691,547
7395,547
5212,547
24135,547
20329,547
3148,547
30835,973
21346,973
19772,973
32480,973
6659,973
154,973
7086,973
28081,973
16459,973
14209,973
20410,973
24100,973
13011,973
6459,973
8473,973
21014,973
30824,973
6880,973
9900,973
32501,973
29330,973
26030,973
1264,973
31864,973
8468,973
9766,973
5668,973
23446,973
31864,973
10766,973
9225,973
31484,973
8403,973
5832,973
28374,973
26661,973
26661,973
31229,973
16004,973
29057,973
19404,973
28521,973
25616,973
13292,973
31965,973
10792,973
9534,973
32458,973
8902,973
8789,973
32337,973
8403,973
20682,973
4289,973
21802,973
2998,973
24868,973
26826,973
27563,973
2582,973
6703,973
23773,138
28138,138
28823,138
11628,138
22504,138
19503,138
19697,138
19697,138
19430,873
23675,873
30015,873
29601,873
19640,873
15582,873
13020,873
26852,873
12791,873
21873,873
27915,873
21737,873
18509,873
20096,873
13900,873
4785,873
14385,873
27634,873
23907,873
13498,873
17448,873
17431,873
17014,873
17613,873
8710,873
18371,873
15121,873
481,230
1040,230
18083,230
1941,230
16628,230
1941,230
952,230
23411,230
12048,230
2370,230
19079,230
15181,230
4429,230
13171,230
6187,230
5380,230
6021,230
9937,230
4201,230
17388,230
9625,230
4642,230
4497,230
443,230
17181,230
29802,230
15429,230
8218,230
20613,230
23083,230
16625,230
11613,230
11954,230
28216,230
31677,230
21057,230
9030,230
8727,230
8411,230
8805,230
3486,230
19539,230
11488,230
6793,230
11306,230
2405,230
3153,230
13062,230
3153,230
8459,230
19057,230
4429,230
15412,230
11117,230
24219,230
12070,230
10496,230
4497,230
19334,230
13618,230
21100,230
2191,230
22084,230
2405,230
8229,230
5017,230
16870,230
16035,230
21537,230
4377,230
10326,230
1818,230
941,230
19539,230
31564,230
19195,230
23574,230
13870,230
27054,230
5073,230
31677,230
31677,230
2252,230
1880,230
19611,230
18878,230
1987,230
2731,230
14680,230
17465,230
15567,230
25638,230
22831,230
19136,230
27775,794
27775,794
23334,794
16027,794
5593,794
29563,794
24619,794
1134,794
10968,794
15731,794
23223,794
11924,794
27775,794
31109,794
18531,794
31825,794
10433,794
24054,794
6815,794
11268,794
16075,794
22672,794
13955,794
27992,794
11150,794
8786,794
18388,794
19528,794
28427,794
27142,794
25861,794
32309,794
27775,794
14711,794
22685,794
18382,794
11129,794
19903,794
19686,794
412,794
14342,794
5028,794
5025,794
5025,794
12683,794
27444,794
29755,794
771,794
13439,794
16075,794
19041,794
4554,794
30750,794
3489,794
26633,794
29942,794
1003,794
4700,794
19452,794
14181,794
14712,794
2414,794
10303,794
10439,794
16584,794
23543,794
1003,794
14145,794
14145,794
9597,794
17515,794
19342,794
2548,794
3381,794
22267,794
15151,794
15016,794
31217,794
31498,374
1001,374
8706,374
24639,374
17507,374
30188,374
6411,374
8865,374
10976,374
7477,374
9200,374
11839,374
14614,374
10485,374
21773,374
2728,374
3570,374
30222,374
4415,374
12455,374
19399,374
12021,374
24353,374
2889,374
3991,374
23499,374
9091,374
19915,374
4519,374
9075,374
17302,614
27980,614
16486,614
10973,614
22897,614
18793,614
28159,614
7725,614
26894,614
30917,614
15205,614
21155,614
2417,614
8471,614
15040,614
10508,614
10729,614
12204,614
6925,614
28586,614
5729,614
1684,614
31134,614
16898,614
2049,614
3314,614
24143,614
30856,614
1820,614
26237,614
15606,614
2115,614
31039,614
16685,614
5004,614
13101,614
29691,614
15835,614
4686,614
23842,614
8420,614
8577,614
28791,614
32156,614
19014,614
22160,614
22914,614
12846,614
24875,614
6278,614
29018,614
23318,614
3212,614
7087,614
3854,614
29114,614
23503,614
18783,614
5039,614
12156,614
23346,614
23531,614
24703,614
615,614
3361,614
26470,614
12985,614
15110,614
15403,614
12891,614
990,614
29014,614
5462,614
13639,614
24041,614
29952,614
23519,614
15843,614
22080,614
20312,614
17671,614
26449,614
15111,614
7351,614
27960,614
14986,614
12840,614
12857,614
21882,614
15861,614
4439,614
4773,614
15531,614
28213,614
29530,614
8134,614
25771,614
30796,614
25006,614
9370,614
24906,614
19749,614
6167,614
30067,614
11909,614
2734,614
16771,614
15737,614
6582,614
10729,614
29896,614
8230,614
7178,614
16117,614
15672,614
6514,614
8719,614
31961,614
30702,614
24112,614
10043,614
25719,614
21401,614
8919,614
25943,614
7497,614
7526,614
12057,614
10185,614
7351,614
13317,614
24766,614
8158,614
250,614
30236,614
16799,614
8258,614
8670,614
26035,614
16248,614
28889,614
17547,614
6166,614
30920,614
20366,614
14698,614
18438,614
12120,614
26664,614
15964,614
19225,614
21897,614
858,614
8875,614
27216,614
24323,614
22608,614
25623,614
11746,614
8439,614
3715,614
26414,614
23632,614
19155,614
11927,614
8767,614
13766,614
21449,614
6809,614
8146,614
25549,614
15010,614
20290,614
23369,614
13706,614
6205,614
939,614
4455,614
27086,614
363,614
18041,614
189,614
29125,614
20252,614
30184,614
23956,614
29125,614
20011,614
3090,614
20343,614
26863,614
2279,614
1766,614
29726,614
23392,614
6188,614
21434,614
18206,614
18301,614
16208,614
6857,614
2171,614
12459,614
29777,614
29777,614
10196,614
13067,614
6058,614
24890,614
2213,614
8040,614
10894,614
26250,614
17306,614
7609,614
15161,614
26517,614
19268,614
26517,614
9494,614
25211,614
19756,614
14831,614
15161,614
1176,614
29188,614
4290,614
4449,614
11157,614
20589,614
659,614
3473,614
28652,614
22130,614
27470,614
17871,614
7724,614
5721,614
23916,614
13139,614
30344,614
2166,614
10687,614
10642,614
5164,614
15785,614
28609,614
16369,614
8793,614
4664,614
3211,614
9337,614
15430,614
17317,614
16287,614
18786,614
7230,614
29979,614
1256,614
21653,614
1256,614
16656,614
18024,614
11004,614
16305,614
12257,614
17032,614
22557,614
19565,614
5723,614
22149,614
31727,614
21271,614
17899,614
876,614
21273,614
24192,614
15794,614
22363,614
16661,614
20597,614
25848,614
9270,614
16223,614
31320,614
2291,614
23765,614
349,614
11719,614
27440,614
24988,614
19042,614
28493,614
21782,614
21099,614
21099,614
31005,614
22439,614
27769,614
31377,614
10751,614
32281,614
1630,614
19248,614
11250,614
18954,614
13436,614
31660,614
22849,614
1376,614
31091,614
6372,614
19507,614
26006,614
17261,614
27933,614
14637,614
15694,89
13146,89
22963,89
24690,89
23243,89
26582,89
20022,89
22844,89
19616,89
9607,89
23021,89
13381,89
8816,89
27160,89
14144,89
5610,89
5335,89
9457,89
25327,89
23362,89
25792,89
4189,89
6960,89
5057,89
21608,89
22200,89
3598,89
3681,89
20484,89
24359,89
7845,89
22559,89
17719,89
23783,89
15641,89
29153,89
25626,89
19184,89
17984,89
13065,89
3880,89
28768,89
13039,89
22277,89
9865,89
23919,89
25291,89
10542,89
10146,89
24762,89
16910,89
23320,89
5589,89
23488,89
25862,89
4983,89
25322,89
23025,89
22804,89
12297,89
27235,89
16419,89
14804,89
3563,89
18979,89
26827,89
17835,89
4573,89
27177,89
11835,89
25077,89
19804,89
11750,89
10075,89
24812,89
9049,89
7755,89
23099,89
27598,89
27461,89
26317,89
27906,89
20176,89
19485,89
23178,89
11830,89
19124,89
28310,89
26766,89
25426,89
14402,89
18415,89
24829,89
27004,89
15782,89
26732,89
2817,89
11273,89
23993,89
26453,89
11993,89
7811,89
18993,89
11080,89
17230,89
15461,89
13256,89
15119,89
7423,89
17101,89
11122,89
27143,458
31984,458
15940,458
15922,458
29151,458
29155,458
1928,458
1618,458
3815,458
19727,458
18057,458
3797,458
8527,458
28863,458
29480,458
31430,458
28389,458
7364,458
24997,458
21658,458
15543,458
18792,458
16144,458
20254,458
15543,458
12240,458
4867,458
22967,458
27553,458
19327,458
29128,458
27639,458
19276,458
28092,458
26506,458
28658,458
21130,458
18590,458
24955,458
24160,458
31886,458
8868,458
6428,458
18590,458
26506,458
26506,458
24185,458
11930,458
22371,458
23838,458
25317,458
31879,458
26031,458
25685,458
26706,458
13273,458
30126,458
32176,458
20920,458
9947,458
29984,458
20989,458
21642,458
19094,458
6924,458
21566,458
13942,458
10842,458
2703,458
23379,458
27488,458
25933,458
22584,458
1420,458
6935,458
11745,458
5200,458
12678,458
29472,458
30633,458
8153,458
29510,458
26345,458
20228,458
30713,458
779,458
6211,449
25408,449
3660,449
28877,449
23155,449
15519,449
21357,449
17574,449
4563,449
3110,449
24985,449
24101,449
11737,449
31084,449
11870,449
4047,449
29333,449
27696,449
9687,449
12513,449
25033,449
28363,449
8044,449
7042,449
22195,449
21235,449
11221,449
13902,449
1148,449
8165,449
30693,449
11499,449
31373,449
28768,93
4965,93
22559,93
17719,93
18234,93
6411,93
20188,93
2183,93
29301,93
22561,93
5197,93
28579,93
4572,93
22358,93
3961,93
14804,93
28748,93
20521,93
28610,93
10075,93
24812,93
27812,93
25458,93
15822,93
19467,93
24829,93
27836,93
26441,93
22010,93
26477,93
24564,93
29120,93
4100,93
8023,958
14899,958
18480,958
22122,958
6297,958
6516,958
8541,958
9302,958
896,958
195,958
20333,958
30896,958
5401,958
526,958
22258,958
29435,958
144,958
10813,958
21057,958
24991,958
15971,958
9222,958
23910,958
839,958
17530,958
9222,958
17530,958
144,958
526,958
20333,958
15361,958
18886,958
8219,958
20265,958
32199,958
15802,958
13351,958
13351,958
29328,958
21764,958
24442,958
25782,958
25216,958
144,958
309,958
6964,958
1306,958
28062,958
1159,958
8827,958
31016,958
13929,958
27367,958
31031,958
27983,197
10771,197
316,197
24628,197
10975,197
31296,197
26826,197
4550,197
135,197
15908,197
22942,197
7507,197
2237,197
33,197
1577,197
833,197
10003,197
4635,197
19594,197
9429,197
8600,197
1672,197
5287,197
30435,197
21102,197
10121,197
8982,197
16599,197
8700,197
1582,197
15108,197
21402,197
968,197
2927,197
1713,197
20171,197
28305,197
3697,197
4902,197
1948,197
11045,197
19463,197
276,197
11456,197
11540,197
19685,197
9926,197
376,197
20439,197
17423,197
18626,197
15376,197
25841,197
2432,197
8416,197
22920,197
22901,197
1911,197
12817,197
25602,197
4026,197
14928,197
24144,197
2343,197
25883,197
11162,197
7479,197
168,197
27984,197
27925,197
14226,197
6423,197
25852,197
9142,197
1058,197
24365,197
18034,197
27238,197
31215,197
15249,197
18358,197
7915,197
10466,197
3592,197
6756,197
1456,197
6423,197
10688,197
25441,197
1510,197
11364,197
19,197
335,197
11825,197
19825,197
17004,197
8770,197
7584,197
17011,197
10675,197
29258,197
12827,197
4751,197
29315,197
21173,197
1613,197
23285,197
16579,197
16554,197
27346,197
15086,197
21467,197
5789,197
21463,197
10817,197
27383,197
7179,197
22867,197
3210,197
22263,197
12656,197
30563,197
24029,197
9331,197
13525,197
9690,197
5910,197
30563,197
6370,197
23003,197
14841,197
24669,197
172,197
1853,197
20236,197
4473,197
2033,197
2740,197
27904,197
9383,197
15585,197
28646,197
10482,197
7046,197
6209,197
16124,197
1596,197
20217,197
11214,197
7745,197
11214,197
29770,197
13464,197
23797,197
26963,197
6398,197
12529,197
22418,197
10639,197
25090,197
11264,197
11982,197
11676,197
14062,197
27591,197
29690,197
9641,197
15289,197
18454,197
23590,197
675,197
12704,197
15310,197
12080,197
16592,197
21875,197
6894,197
27635,197
2562,197
13138,197
28281,197
951,197
8055,197
13518,197
5609,197
2348,197
11461,197
27753,197
29199,197
26197,197
27758,197
29705,197
29375,197
30525,197
30525,197
21943,197
30525,197
24865,197
24420,197
19449,197
1417,197
20830,197
840,197
31053,197
30199,197
22572,197
28342,197
661,197
2702,197
1875,197
29863,197
28594,197
10832,197
23141,197
29213,197
20859,197
30522,197
18910,197
11417,197
16243,197
11290,197
31178,197
20038,197
22622,197
29132,197
2348,197
2602,197
1580,197
8381,197
19562,197
30105,197
31034,197
21004,197
31292,197
22595,197
15050,197
22655,197
22468,197
22841,197
27455,197
30903,197
17618,197
19246,197
19246,197
15725,197
26792,197
20391,197
21971,197
13392,197
31151,197
22783,197
11479,197
30806,197
15230,197
17541,197
29298,197
10215,197
5855,197
13275,197
19275,197
19107,197
13088,197
5495,197
19229,197
20821,197
30780,197
12569,197
7072,197
22088,197
3973,197
23895,197
14664,197
7224,197
31407,197
21209,197
22398,197
459,197
1694,197
10215,197
22418,197
27635,197
9361,197
12619,197
16297,197
27157,99
24227,99
12012,99
28715,99
18764,99
7577,99
22358,99
27569,99
19789,99
27404,99
27974,99
26807,99
16419,99
26138,99
26300,99
8926,99
13952,99
29198,99
13636,99
5057,99
26600,99
18667,99
29004,99
17593,99
27982,99
24139,99
9801,99
13355,99
24564,99
19542,99
23387,99
18705,99
29115,99
11954,22
25558,22
13938,442
9765,442
6556,442
8858,442
15738,442
4814,442
771,442
6063,442
8583,442
836,442
13520,442
1319,442
6503,442
2409,442
21037,442
12561,442
19080,442
5997,442
22151,442
22131,442
38,442
18070,142
20707,142
4136,142
4159,142
28539,142
12886,142
7598,142
28549,142
17817,142
23666,142
19016,142
29285,142
19054,142
24265,142
8532,142
12386,142
25359,142
9374,142
25293,142
21117,142
14680,142
26572,142
29137,142
1730,142
27704,142
17949,142
28578,142
28257,142
27681,142
19011,142
10316,142
776,651
3994,651
69,651
116,651
4500,651
1881,651
3026,651
30702,651
901,651
1583,651
19825,651
27417,651
16000,651
12909,651
11912,651
13281,651
19704,651
8362,651
9224,651
32041,651
1019,651
179,651
27390,651
1141,651
23543,651
1318,651
954,651
412,651
780,651
12211,651
1740,651
7408,651
764,651
3067,651
3067,651
9729,651
6833,651
288,651
5017,651
9776,651
3554,651
5605,651
617,651
11228,651
9133,651
25233,651
25310,651
9106,651
13750,651
19047,651
3489,651
846,651
5959,651
18440,651
13750,651
10990,651
27011,651
18440,651
28054,651
54,651
297,651
316,651
7051,651
8278,651
11150,651
24054,651
10433,651
18121,651
12169,651
12169,651
3096,683
640,683
1795,683
28907,683
31358,683
31358,683
20158,683
23958,683
8486,683
24475,683
1948,683
12435,683
15140,683
31599,683
32012,683
7549,683
30914,683
18718,683
16987,683
12779,683
13708,683
20605,683
30702,683
22513,683
24943,683
20886,683
27143,683
23306,683
26690,683
17313,683
20216,683
32012,683
10674,683
30819,683
582,683
25201,683
10674,683
20975,683
29562,683
19940,683
17570,683
6362,683
6548,683
13785,683
25879,683
10073,683
23882,683
18063,683
19135,683
11735,683
7549,683
19670,683
5922,683
28025,683
15013,683
3232,683
8644,683
30269,683
19951,683
22645,683
19135,683
24477,683
6285,683
30184,683
32059,683
24983,683
31601,683
24550,683
23283,683
5798,683
27464,683
20991,683
26744,683
21175,683
28081,683
20329,683
20329,683
9336,683
7612,683
20501,683
32346,683
7284,683
443,683
3860,683
1357,683
13629,683
15923,683
6753,683
670,683
12821,683
24922,683
28527,683
12250,683
32263,683
31390,683
12441,683
11826,683
3043,683
4195,683
29379,683
17347,683
26848,683
13631,683
13631,683
2936,683
9183,683
8304,683
1367,683
26638,683
4295,683
22522,683
25374,683
30616,683
14504,683
1191,683
17985,683
27486,683
19993,683
25088,683
1051,683
12519,683
9624,683
32012,683
12923,683
10379,683
5838,683
27000,683
1673,683
9624,683
27950,683
27120,683
25738,683
28250,683
29743,683
30298,683
1673,683
5972,683
21454,683
32396,683
9783,683
8197,683
6833,683
13421,683
24166,683
383,683
18089,683
11643,683
29257,683
24166,683
9783,683
7193,683
30690,683
20388,683
29825,683
10184,683
1673,683
4286,683
4286,683
8197,683
20388,683
17660,683
11497,683
16181,683
6615,683
11315,683
16330,683
11487,683
17962,683
13197,683
29205,683
22936,683
6508,683
30493,683
23740,683
1001,683
9415,683
10821,683
5972,683
944,683
23422,683
31928,683
10735,683
31509,683
14351,683
18289,683
4177,683
11015,683
15572,683
31194,683
4967,683
2174,683
13524,683
25,683
25250,683
2755,683
20980,683
23732,683
15446,683
13521,683
17697,683
15773,683
32098,683
21090,683
18969,683
20427,683
21115,683
29205,683
25250,683
2339,683
14425,683
11644,683
7616,683
27227,683
23448,683
8929,683
15613,683
13883,683
10389,683
10389,683
6162,683
23842,683
24135,683
31600,683
9405,683
7522,683
31915,683
28913,683
8678,683
23574,683
23094,683
10389,683
23094,683
6754,683
19226,683
26547,683
26294,683
26294,683
21605,683
1877,683
4890,683
2956,683
5478,683
5478,683
2243,683
29945,683
23325,683
5276,683
4365,683
4365,683
7123,683
7329,683
3335,578
13366,578
31605,578
6140,578
25153,578
2017,578
8836,578
30400,578
2535,578
26446,578
2595,578
5218,578
3842,578
22773,578
3426,578
28054,578
16183,578
11011,578
11861,578
9830,578
1570,578
17572,578
32193,578
13701,578
15609,578
9768,578
4958,578
6126,578
5459,578
26028,578
25616,578
9756,578
25580,578
28074,578
12819,578
32041,578
12626,578
9298,578
27910,578
25344,578
14031,578
19431,578
4526,578
30827,578
17045,578
3636,578
3165,578
982,578
26238,578
6703,578
7075,578
22458,578
1287,578
8366,578
15650,578
14680,578
15879,578
13166,785
11366,785
1278,785
20289,785
1514,785
14542,785
23312,785
31064,785
16298,785
827,785
15525,785
3845,785
22510,785
29842,785
7746,785
27930,785
19056,785
15848,785
2711,785
25022,785
12168,785
14245,785
26486,785
17008,785
17245,785
17339,785
24801,785
12038,785
13418,785
4495,785
4342,785
3198,785
10003,785
17873,785
31865,785
9670,785
16396,785
21885,785
17215,785
13955,785
29090,785
25840,785
20402,785
11878,785
26900,785
8531,785
23492,785
3464,785
22228,785
8689,785
12047,785
5553,785
27401,785
8263,785
19528,785
10200,785
13563,785
9902,785
7372,785
8466,785
28171,785
9916,785
31770,785
9823,785
28623,785
28786,785
10799,785
18475,785
27200,785
5963,785
16323,785
9046,785
28841,785
3276,785
18641,785
6119,785
18729,785
16883,785
31306,785
3721,785
16109,785
26167,785
14320,785
4456,785
6468,785
9455,785
19840,785
13192,785
13180,785
5926,785
32460,785
6346,785
5902,785
29658,785
9237,785
27394,785
17730,785
8466,785
17964,785
14837,785
27647,785
24851,785
31306,785
19889,785
9823,785
32117,785
1600,659
8594,659
32023,659
23685,659
26257,659
26831,659
25784,659
26913,659
1600,659
15543,659
2769,659
13964,659
30501,659
31852,659
15330,659
7427,659
30243,659
26257,659
31474,659
31849,659
6772,659
20478,659
30240,659
24965,659
24430,659
26913,659
12293,659
32283,659
29162,659
24721,659
11766,659
31102,659
1600,659
21783,659
1792,659
23644,659
3643,659
29626,659
7736,659
4453,659
23290,659
7736,659
23290,659
6800,659
7530,659
5856,659
7033,659
3093,659
20529,659
10839,659
15138,659
21667,659
24468,659
22003,659
29365,659
7285,659
4424,659
3050,659
6955,659
17495,659
10410,659
28863,659
2230,659
20834,659
24592,659
31871,659
28863,659
24592,659
29017,659
16293,659
31005,659
26047,659
15192,659
28031,659
29931,659
888,659
15269,659
27999,659
27947,659
24400,659
16108,659
8163,659
26047,659
21662,659
2610,659
16108,659
30621,659
30621,659
30298,659
16108,659
2610,659
31632,659
28910,659
1368,659
4152,659
26285,659
30717,659
16884,659
11555,659
29618,659
4534,659
30540,659
5875,659
24350,659
13594,659
29204,659
873,659
25610,659
20213,659
11930,659
9158,659
21839,659
3711,659
21550,659
28261,659
23685,659
29510,659
3286,659
6751,659
2008,659
21393,659
2799,659
28789,659
14639,659
18463,659
12947,659
12187,659
9333,659
4812,659
13782,659
17511,659
31197,659
24214,659
5645,659
24927,659
27126,659
20164,659
28318,741
9885,741
9919,741
2480,741
9088,741
23952,741
19163,741
24856,741
2812,741
31654,741
3918,741
31911,741
4583,741
12670,741
14334,741
28318,741
2521,741
12735,741
25119,741
12735,741
18130,741
10708,741
30432,741
10860,741
12326,741
32118,741
13687,741
24469,741
13687,741
24469,741
459,741
13616,741
11927,741
6418,741
25553,741
20995,741
18905,3
3347,3
22174,3
8204,3
17536,3
2458,3
8164,3
690,3
65,3
15890,3
8040,3
2651,3
18568,3
19827,3
2324,3
17755,3
367,3
17515,3
22711,3
3429,3
14936,3
338,3
8288,3
2721,3
5485,3
17797,3
22815,3
5334,3
14929,3
14686,3
4297,810
9787,810
23676,810
13509,810
27937,810
22148,810
25285,810
3137,810
9027,810
32041,810
23380,810
25762,810
2638,810
9224,810
10673,810
32311,810
5247,810
12701,810
25005,810
30702,810
22390,810
22322,810
32401,810
27505,810
15761,810
4263,810
23172,810
5511,810
5511,810
17287,810
29414,810
13841,810
13010,810
3218,810
24029,810
16183,810
15317,810
5198,810
10441,810
609,810
11472,810
30281,810
25233,810
16888,810
22541,810
25272,810
19164,810
10463,810
11366,810
4993,810
13481,810
25965,810
26757,810
26757,810
28184,810
15093,810
3270,810
5971,810
30973,810
4517,810
27981,810
409,810
29166,810
9842,810
10786,118
22161,118
26178,118
28538,118
20753,118
19045,567
27229,567
20310,567
6245,567
5218,567
15281,567
15606,567
3322,567
18270,567
18410,567
2366,567
20997,567
10512,567
22176,567
28073,567
4865,567
5233,567
457,567
4373,567
18594,567
18476,567
9830,567
22385,567
3508,567
4376,567
12136,567
25205,567
13133,567
22261,567
12647,567
4892,567
23304,567
25559,567
24336,567
14127,567
16444,567
1005,567
19918,567
9483,567
9079,567
1459,567
24339,567
19249,567
10060,567
24922,567
12965,567
7272,567
12302,567
31091,567
19060,567
894,567
31784,567
4560,567
18755,567
9565,567
19731,567
23912,567
1004,567
24729,567
10758,567
3547,567
5682,567
6284,567
24048,567
24009,567
23182,567
18934,567
16728,567
14898,567
15252,567
1992,567
4776,567
21633,567
4235,567
32052,567
6015,567
10373,567
1970,593
9889,593
14509,593
5751,593
2674,593
26920,593
13240,593
27914,593
24002,593
26580,593
16670,593
13883,593
17523,593
14670,593
32193,593
10396,593
15798,593
11865,593
26658,593
4522,593
26716,593
14114,593
5964,593
3360,593
29948,593
4113,593
2639,593
1580,593
19803,593
7396,593
14040,593
10800,593
731,593
4755,593
20580,593
11827,593
10159,593
3200,593
23194,593
20253,593
23728,593
18994,593
5948,593
18443,593
6888,593
13785,593
21752,593
382,593
18058,593
29968,593
18517,593
26507,593
5852,593
10549,593
3032,593
3503,593
10763,593
1149,593
22102,593
8563,593
12174,593
6162,593
12556,593
4402,593
1405,593
11068,593
22864,593
8912,593
24864,593
496,593
30918,593
981,593
24017,593
9042,593
3622,593
19634,593
3425,593
16344,593
18748,593
27229,593
29885,593
9584,593
4399,593
22437,593
12570,593
29080,593
9417,593
22741,593
5681,593
7753,593
21817,593
1021,593
10769,593
86,593
21997,593
1378,593
23789,593
28009,593
4663,593
9180,593
28954,593
8169,593
31872,593
16919,593
22794,593
10493,593
13701,593
8063,593
10010,593
21713,593
6512,593
31674,593
12153,593
11163,593
30576,593
28829,593
12677,593
7499,593
3530,593
17206,593
12243,593
5581,593
9453,593
30058,593
32284,593
21144,593
32242,593
18951,593
17600,593
28746,593
29704,593
30396,593
1106,593
14285,593
9623,593
18322,593
11029,593
1051,593
17498,593
31884,593
1241,593
20066,593
9623,593
31013,593
26386,593
10477,593
7921,593
7516,593
11493,593
32074,593
10757,593
30361,593
7183,593
2936,593
18554,593
18410,593
31479,593
4987,593
22625,593
12819,593
27437,593
4389,593
19188,593
26386,593
11679,593
14914,593
3321,593
26346,593
14965,593
23589,593
30792,593
30830,593
15526,593
2412,593
7482,593
2461,593
12312,593
20931,593
24678,593
1132,593
7145,593
23679,593
29633,593
15280,593
31075,593
8490,593
26276,593
2966,593
1139,593
29315,593
30456,593
17594,593
23652,593
10615,593
31276,593
28936,593
19601,593
9034,593
20002,593
21434,593
14166,593
16011,593
5164,593
10868,593
31363,593
25085,593
31107,593
25005,593
25814,593
27854,593
4151,593
19538,593
21986,593
17235,593
24860,593
23179,593
27162,593
23275,593
17023,593
10945,593
8199,593
18814,593
12495,593
31545,593
31837,593
6380,593
31366,593
23571,593
26018,593
20591,593
17561,593
1462,593
27238,593
26482,593
20371,593
21409,593
20095,593
30473,593
30928,593
7653,593
31737,593
13368,593
32008,593
30352,593
12825,593
4494,593
8731,593
24301,593
7022,593
7256,593
24029,593
26438,593
26535,593
24015,593
26626,593
20191,593
31328,593
12253,593
8366,593
11672,593
22850,593
24307,593
25621,593
19839,593
29858,593
27866,593
21463,593
19417,593
25726,593
6174,593
27803,593
24292,883
28214,883
7140,883
15877,883
14498,883
25386,883
28312,883
13015,883
13015,883
25081,883
3337,883
1739,883
3974,883
31213,883
29027,883
6814,883
13104,883
8916,883
29315,883
13720,883
3664,883
13316,736
19024,736
32212,736
30839,736
7204,736
31969,736
19594,736
31040,736
25728,736
26217,736
12117,736
982,736
1970,736
18218,736
18159,736
5844,736
28684,736
5907,736
2309,736
32354,736
25803,736
32184,736
24125,736
6096,736
19961,736
8216,736
12428,736
927,736
27910,736
27368,736
9813,736
17291,736
27183,736
24287,736
22796,736
5099,736
29719,736
8648,736
28829,736
4075,736
7209,736
11069,736
8497,736
14609,736
6265,736
7297,736
5682,736
18009,736
5682,736
18009,736
16530,736
21389,559
22091,559
1284,559
8835,559
595,559
8970,559
12120,559
29201,559
17972,559
722,559
6258,559
818,559
20312,559
6922,559
2537,559
17377,559
16725,559
25641,559
25556,559
18710,559
32053,559
30093,559
2556,559
15816,559
4687,559
2296,559
15413,559
6122,559
8154,559
5766,559
21164,559
6237,559
17681,559
7979,559
21438,559
30217,559
2688,559
14870,559
1220,559
660,559
17846,559
25116,559
14310,559
336,559
10807,559
26024,559
2835,559
13849,559
6791,559
15817,559
5151,559
14072,559
30034,559
4000,559
19451,559
612,559
22353,559
19564,559
20321,559
16705,559
29254,559
26859,559
18227,559
25591,559
30382,559
1371,559
11226,559
2780,559
18995,559
24011,559
18301,559
2502,559
11605,559
17523,559
25510,559
7285,559
15021,559
5114,559
11756,559
15335,559
5732,559
24383,559
31090,559
26673,559
7317,559
24874,559
14360,559
19422,559
29733,559
2521,559
22305,559
1918,559
25295,559
21353,559
24359,559
31231,559
31900,559
24480,559
2296,559
19811,559
8255,559
27637,559
2454,559
25570,559
26775,559
22584,559
7243,559
15410,559
26256,559
32283,559
23988,559
8235,559
3469,559
18736,559
25311,559
24764,559
22319,559
17511,559
1599,559
15405,559
21748,559
29604,559
5239,559
20026,559
28326,559
4872,559
8990,559
17310,559
27905,559
5888,559
10423,559
16691,559
6275,559
955,559
3040,559
4568,559
955,559
12232,559
30575,559
26756,559
24994,559
18807,559
30302,559
13219,559
30940,559
13620,178
14470,178
14611,178
12910,178
19917,178
15491,178
28867,178
8712,178
22998,178
23869,178
19960,178
21596,178
8979,178
24642,178
29280,178
4204,178
16225,178
20491,178
20775,178
25149,178
3950,178
17979,178
20930,178
12078,178
27013,178
13810,178
13822,178
22976,178
24669,178
9721,178
28589,178
19634,178
30981,178
31275,178
32328,807
16726,807
3615,807
6397,807
17251,807
29870,807
5449,807
21539,807
18933,807
25186,807
27708,807
6766,807
25098,807
3444,807
23970,807
28062,807
18626,807
25118,807
7427,807
20490,807
32023,807
6356,807
18097,807
426,807
32041,807
7985,807
14019,807
31135,807
32328,807
162,807
22186,807
31992,807
4800,807
10657,807
27277,807
27284,807
4244,807
11674,807
10007,807
17662,807
4244,807
7520,807
26539,807
9076,807
24923,807
32451,807
21650,807
31718,807
29232,807
28295,807
21452,807
22495,807
18545,807
24905,807
23138,807
20935,807
30300,807
28478,807
15606,807
21477,807
6761,807
31303,807
14613,807
21271,807
16802,807
21698,807
1014,807
24551,807
24122,807
21647,807
10812,807
24046,807
5984,807
23125,807
31005,807
18503,807
29237,807
25720,807
20468,807
23360,807
5182,522
206,522
2173,522
2685,522
11562,522
206,522
2173,522
21357,522
16940,522
9171,522
30020,522
30257,522
202,522
10235,522
24901,522
24901,522
9397,522
28427,522
7693,522
25341,522
8305,522
16698,522
14965,301
23840,301
28074,301
17818,301
2700,301
16892,301
25794,301
1492,301
12009,301
19391,301
27939,301
7257,301
29143,301
14139,301
6418,301
23402,301
9448,301
5912,301
9487,301
21283,301
7877,301
12393,301
28054,301
20810,301
2356,301
23056,301
28764,301
17296,301
814,301
31273,301
27112,301
19310,301
13327,301
24197,301
31699,301
28512,301
12491,301
26365,100
22844,100
23883,100
12606,100
24615,100
22619,100
22049,100
7731,100
20697,100
3804,100
7577,100
25296,100
26679,100
9993,100
17734,100
22358,100
16419,100
27404,100
2624,100
27157,100
14095,100
22574,100
10243,100
9667,100
6967,100
19707,100
8423,100
8926,100
11680,100
25077,100
3355,100
23902,100
6763,100
27177,100
7470,100
4075,100
4573,100
26794,100
26457,100
18234,100
23099,100
16018,100
22617,100
20747,100
6133,100
27598,100
5302,100
11376,100
19207,100
3488,100
8027,100
11881,100
20103,100
16648,100
27703,100
17131,100
28839,100
17078,100
9801,100
9188,100
24195,100
29153,100
27036,100
11876,100
11273,100
13147,100
9406,100
19410,100
10372,100
4696,100
21159,100
12725,100
29160,100
26327,100
13061,100
8572,100
1899,978
4898,978
31099,978
2813,978
23999,978
8264,978
6538,978
4503,978
7428,978
31450,978
4002,978
31950,978
28991,978
10873,978
2710,978
25566,978
13188,978
5168,978
110,978
7237,978
13212,978
27400,978
22600,978
9828,978
11487,978
27000,978
28220,978
31235,978
11047,978
21364,978
86,978
31892,978
27424,978
3533,978
11704,978
14284,978
2240,978
21194,978
25021,978
27111,978
29044,978
2883,978
8751,978
16114,978
24746,978
9218,978
13123,978
14606,978
13263,978
27310,978
15535,978
9926,978
23251,978
24349,978
5421,978
23676,978
22979,978
24997,978
27867,978
15902,978
30555,978
19819,978
20835,978
4715,978
13616,978
12127,978
3503,978
542,978
11159,978
9698,978
25152,978
20835,978
95,978
23963,978
30208,978
18748,978
12850,978
12114,978
1487,978
23456,978
7257,978
27851,978
12161,978
10488,978
23334,978
27835,978
21133,978
14368,978
19851,978
22778,978
23747,978
11960,978
30469,978
27146,978
16484,978
24335,978
27563,978
6703,978
16826,978
12300,991
20027,991
18540,991
21057,991
356,991
24589,991
14669,991
30835,991
29011,991
32458,991
1728,991
17663,991
11081,991
2727,991
8074,991
2430,991
21644,991
13254,991
19160,991
2318,991
7527,991
5427,991
17484,991
10873,991
6726,991
15667,991
1614,991
31420,991
30342,991
31591,991
28649,991
852,991
26255,991
18288,991
20131,991
12756,991
25239,991
8765,991
24100,991
28025,991
9217,991
8241,991
32437,991
25553,991
237,991
32337,991
32009,991
11159,991
11011,991
16756,991
22796,991
20050,991
32501,991
1313,991
9183,991
27867,991
21364,991
31235,991
20371,991
13637,991
4816,991
13387,991
30702,991
3503,991
9915,991
13239,991
13440,991
2225,991
13133,991
12923,991
22843,991
25484,991
24071,991
22309,991
12509,991
5124,991
17190,991
27938,991
23777,991
8059,991
32139,991
5410,991
14751,991
32169,991
11704,991
11669,991
5716,991
10471,991
32495,991
29946,991
22686,991
18694,991
11120,991
2886,991
27967,991
23759,991
32495,991
30723,991
22076,991
14167,991
30292,991
30318,991
2883,991
21507,991
11338,991
16701,991
12495,991
17045,991
22778,991
3691,991
13123,991
8216,991
28053,991
27734,991
1142,991
20144,991
16078,991
23494,991
7010,991
30151,991
392,991
18406,991
30145,991
32041,991
32304,991
28184,991
27563,991
30694,991
28391,528
1951,528
1757,528
3017,528
6640,528
21248,528
9737,528
18267,528
1747,528
25205,528
32344,528
6852,528
14618,528
15606,528
11563,528
19447,528
5530,528
162,528
8780,528
28558,528
26926,528
5990,528
701,528
20614,528
197,528
15243,528
4479,528
2537,528
17377,528
23466,528
8248,528
8802,528
16423,528
12166,528
16611,528
23408,528
22571,528
14625,528
5574,528
25681,528
2112,528
12468,528
6569,528
13494,528
28554,528
2678,528
5070,528
27710,528
8235,528
29338,528
20047,528
24501,528
5893,528
24515,528
27167,528
13713,528
17920,528
2861,528
6189,528
5949,528
25855,528
18980,528
6203,528
2954,528
13589,528
15365,528
15821,528
28391,528
31613,528
9180,528
11189,528
3764,528
18689,528
15733,528
22176,528
6883,528
11462,528
758,528
15937,528
28703,528
31479,528
10999,528
4823,528
25619,528
11153,528
15843,528
1746,528
19908,528
10589,528
29018,528
21164,528
3990,528
25396,528
8134,528
24262,528
29600,528
18366,528
20729,528
10719,528
13374,528
26756,528
22256,528
19843,528
13841,908
13366,908
14340,908
2356,908
2130,908
23116,908
30038,908
30294,908
31714,908
11543,908
12001,908
26278,908
21539,908
24295,908
31419,908
16695,908
17524,908
5696,908
23064,908
5696,908
24683,908
28867,908
23064,908
3793,908
122,908
16331,908
13425,908
32436,908
16695,908
4023,908
18120,908
2153,908
15400,908
10607,908
12332,908
28223,908
3558,908
22829,908
8598,908
6495,908
15771,908
16507,908
5832,908
414,908
6767,908
20700,908
10278,908
21865,908
15667,424
12728,424
24966,424
13837,424
30402,424
16084,424
21431,424
22778,424
23537,424
17557,424
3226,424
4548,424
626,424
24312,424
2725,424
13514,424
26442,424
27370,424
31099,424
6850,424
12743,424
3241,424
23427,424
25124,424
29608,424
30423,424
27867,424
13203,424
26257,424
24349,424
26215,424
8350,424
31835,424
21133,424
28054,424
29351,424
16211,424
29024,424
30732,424
19927,424
2486,424
31812,424
15524,424
18397,424
17395,424
8619,424
26598,424
16092,424
25984,424
1010,424
28184,424
14709,424
15773,424
25553,424
21440,424
15700,424
29920,424
27797,424
6396,424
30242,424
32256,424
27595,424
21854,424
6703,424
20469,424
6003,424
12577,424
5126,424
18916,424
2110,539
10151,539
197,539
2734,539
9737,539
21248,539
30920,539
5425,539
19451,539
15835,539
3362,539
25018,539
3939,539
11792,539
23068,539
19908,539
13494,539
4120,539
24759,539
32344,539
9876,539
14851,539
819,539
6841,539
15733,539
31319,539
25174,539
2112,539
31991,539
13951,539
22605,539
1555,539
30905,539
3072,539
20197,539
3864,539
22929,539
13054,539
31007,539
15111,539
18943,539
595,539
26302,539
28711,539
452,539
3764,539
18800,539
11088,539
12630,539
19109,539
2111,539
1506,539
5530,539
7452,539
22494,539
22318,539
30347,539
28128,539
5825,539
19845,539
5877,539
12939,539
3875,539
18575,539
25556,539
4109,539
20026,539
1599,539
18942,539
12191,539
3828,539
26901,539
3669,539
4823,539
27236,539
19260,539
18507,539
1021,539
5552,539
31829,539
1412,539
11917,539
26920,539
12252,539
24514,539
6925,539
19823,539
9034,539
6824,539
336,539
2208,539
2466,539
10491,539
10658,539
29064,539
2115,539
31908,539
11768,539
19411,539
3020,539
17423,539
20492,539
17159,539
9180,539
9947,539
24658,539
21730,539
27571,539
25942,539
11929,539
6113,539
4161,539
8904,539
6878,539
27809,539
8388,539
13881,539
15777,539
3854,539
17752,539
3073,539
21778,539
2861,539
10959,539
27958,539
1575,539
19232,539
3990,539
29663,539
6586,539
25003,539
26898,539
18174,539
17906,539
22716,539
25992,539
13245,539
2678,539
4826,539
2779,539
20363,539
15763,539
18140,539
26894,539
18523,539
2448,539
30891,539
24515,539
23984,539
19561,539
13824,539
4306,539
25396,539
21957,539
12473,539
25000,539
21787,539
25427,539
727,539
3361,539
9257,539
31862,539
26705,539
30513,539
14541,539
3311,539
3712,539
32104,539
8154,539
26833,539
18365,539
25413,539
7132,539
30604,539
10973,539
4974,539
11644,539
20005,539
27178,539
10477,539
18937,539
29357,539
14388,539
30378,539
3530,539
13474,539
8843,539
2169,539
22880,539
19126,539
19077,539
8496,539
23757,539
21728,539
24989,539
22256,539
7574,1027
8341,1027
19698,1027
29951,1027
16016,1027
23708,1027
8646,1027
24963,1027
5084,1027
20190,1027
7574,1027
31918,1027
25609,1027
25916,1027
6088,1027
29089,1027
29519,1027
16671,1027
25144,1027
32394,1027
15212,1027
21791,1027
6694,1027
31740,1027
7647,1027
22537,1027
20880,1027
31645,1027
19447,179
14340,179
10545,179
25104,179
1598,179
27160,179
11601,179
9843,179
17987,179
18434,179
8920,179
7809,179
23304,179
10624,179
21148,179
11328,179
23645,179
14558,179
10067,179
21431,179
27407,179
26860,179
30640,179
2285,179
10467,179
30506,179
19561,179
28606,179
21901,179
3450,179
17091,179
28926,179
14504,179
19311,179
18670,179
11056,179
1763,179
22417,179
18256,179
12633,179
15458,179
15571,179
30823,179
30613,179
10208,179
14128,179
10471,179
6697,179
24636,179
9064,179
24211,179
14815,179
25021,179
11487,179
9699,179
5383,179
25624,179
5529,179
8037,179
22359,179
5276,179
15929,179
13010,179
15140,179
376,179
5212,179
12170,179
20780,179
9541,179
23998,179
7690,179
26530,179
15592,179
7761,179
2413,179
26950,179
6579,179
8183,179
15450,179
9278,179
27294,179
9816,179
30082,179
25414,179
16577,179
30034,179
26888,179
24365,179
25023,179
2182,179
20686,179
13913,179
29168,179
16902,179
24361,179
7584,179
17258,179
27127,179
20226,179
17477,179
30188,179
27685,179
30092,179
12698,179
12495,179
15316,179
13765,179
16135,179
23802,179
23756,179
14483,179
12818,179
24834,179
10450,179
14680,179
26581,179
29669,179
23603,179
18911,179
22889,179
6691,179
23211,179
15489,179
20253,997
18034,997
19152,997
2842,997
12253,997
5306,997
3042,997
30683,997
101,997
14552,997
30049,997
5615,997
4974,997
12676,997
22621,997
10849,997
13240,997
25289,997
1148,997
12130,997
2743,997
397,997
1618,997
19348,997
15745,997
13116,997
20581,997
30375,997
16459,997
18619,997
26837,997
8722,997
12094,997
6229,997
11411,997
18058,997
10748,997
12069,997
23095,997
6450,997
1516,997
1522,997
8932,997
16659,997
15974,997
25522,997
23087,997
32157,997
16574,997
32487,997
16801,997
8275,997
5258,997
1614,997
15586,997
6647,997
5711,997
13235,997
26927,997
4602,997
14490,997
3014,997
30076,997
17136,997
32501,997
13316,997
30278,997
16919,997
26155,997
12778,997
25396,997
9180,997
3255,997
22162,997
24336,997
8048,997
29738,997
6623,997
14411,997
10413,997
446,997
16553,997
32299,997
16796,997
26658,997
5832,997
87,997
20170,997
4333,997
31517,997
15950,997
6532,997
5979,997
10525,997
22036,997
32168,997
5139,997
5889,997
16916,997
5749,997
2629,997
29685,997
4326,997
7514,997
28624,997
29637,997
9195,997
505,997
948,997
26245,997
13722,997
21340,997
12509,997
1816,997
14965,997
6696,997
12834,997
23827,997
5249,997
28237,997
9847,997
2078,997
1339,997
10493,997
28619,997
32041,997
46,997
16094,997
13969,997
27834,997
1805,997
32385,997
8123,997
9058,997
5753,997
30702,997
32251,997
6824,997
32337,997
29348,997
15315,997
30166,997
11408,997
22686,997
7342,997
30909,997
12463,997
3297,997
22778,997
5772,997
25539,997
28502,997
23305,997
29367,997
19796,997
17482,997
11213,997
12126,997
21744,997
5784,997
31015,997
27600,997
24563,997
23525,997
25005,997
31846,997
32103,997
10319,997
29208,997
17777,997
9312,997
6099,997
30327,997
23359,997
11295,997
29163,997
31272,997
6174,997
22840,850
31631,850
16240,850
170,850
23450,850
14685,850
14358,850
19875,850
28054,850
4493,850
3330,850
16240,850
9613,931
15477,931
10539,931
29026,931
15765,931
6214,931
3099,931
16709,931
11449,931
9404,931
12086,931
22101,931
27149,931
5717,931
10380,931
13396,931
19544,931
4929,931
8597,931
695,931
682,931
23428,931
21956,931
11549,931
15313,980
13350,980
8312,980
28164,980
6538,980
20116,980
21364,980
505,980
10704,980
11289,980
12850,980
24755,980
26413,980
4688,980
21345,980
14812,980
9698,980
1367,980
27814,980
1232,980
10547,980
11704,980
23855,980
13142,980
22090,980
15347,980
10886,980
16497,980
8133,980
7488,980
2919,980
19964,980
11532,980
26800,980
15293,980
4724,980
1805,980
8256,980
1639,980
25132,980
31590,980
11243,980
11687,980
27068,980
5228,980
31453,980
25483,980
3108,980
28947,980
29611,980
31287,980
5087,980
7792,980
9883,980
1278,980
23721,980
20620,980
14102,980
9396,980
15484,980
21898,980
8435,980
26893,980
20405,980
12724,980
4658,980
10063,980
26162,980
4445,980
18846,980
30763,980
3959,980
6851,980
2397,980
12881,980
7551,980
28924,980
25396,980
7557,976
30048,976
20351,976
21346,976
28891,976
2394,976
13912,976
1492,976
21914,976
7975,976
32501,976
17513,976
20437,976
23428,976
14167,976
2379,976
8256,976
11058,976
27182,976
6644,976
32503,976
5678,976
24499,976
4630,976
23067,976
12859,976
15053,976
23840,976
27524,976
13292,976
2240,976
11048,976
29031,976
15801,976
24633,976
28285,976
13025,976
31171,976
14462,976
8271,976
13333,976
6859,976
31157,976
28991,976
28237,976
15080,976
26884,976
1193,976
14102,976
5001,976
31190,976
12126,976
25573,976
25803,976
21283,976
21407,976
18665,976
7205,976
5138,976
6589,976
6049,976
1330,976
17204,976
25955,976
20110,976
11107,976
1564,976
1564,976
28960,976
7415,976
17204,976
9265,976
1564,976
1048,976
8436,976
13153,976
19045,976
25573,976
12321,976
18719,832
30607,832
11123,832
28287,832
29451,832
6049,832
8784,832
6201,832
21479,832
14319,832
17991,832
6992,832
24979,832
12834,832
27432,832
8208,832
32004,832
7404,832
8208,832
22547,832
32361,832
19438,832
19558,832
30456,832
6750,832
30107,832
21120,832
10014,832
19438,832
19558,832
3783,832
18894,832
23283,832
25382,832
27596,832
21340,832
32273,832
24995,832
23228,832
25394,832
29293,832
14329,832
18846,1059
26505,1059
1842,1059
13137,1059
29939,1059
14729,1059
11211,1059
28157,1059
32378,1059
32308,1059
11904,864
12482,864
14488,864
16127,864
30400,864
20345,864
1931,864
2374,864
8759,864
26318,864
1394,864
14042,864
31520,864
14767,864
15884,864
7365,864
9096,864
30702,864
1443,864
20615,864
7728,864
814,864
27394,864
633,864
19001,864
11704,864
32277,864
13722,864
17964,864
8655,864
28400,864
17165,970
32501,970
26774,970
14304,970
6827,970
20351,970
15053,970
1140,970
11363,970
24979,970
20794,970
22141,970
21914,970
4918,970
7115,970
29295,970
16781,970
421,970
14259,970
7462,970
30822,970
2335,970
26593,970
13601,970
24734,970
30188,970
26257,970
25803,970
28829,970
25439,970
10957,970
16251,970
860,841
102,841
1563,841
6872,841
29592,841
313,841
4279,841
915,841
3617,841
10599,841
3611,841
1016,841
2632,841
20487,841
7037,841
1637,841
11257,841
4603,841
5981,841
24969,841
16202,841
22374,841
123,841
24195,841
15704,841
15558,841
12859,841
15311,841
4800,841
3644,841
13911,841
25379,841
13944,841
10557,841
30444,841
30145,841
6753,841
22840,841
18840,841
1853,841
28973,841
11336,841
28566,841
8312,841
22567,841
32391,841
24817,841
9883,841
26283,841
1991,841
30804,841
9899,1062
7542,1062
13157,1062
1065,1062
958,1062
15952,1062
10227,1062
15715,1062
21537,1062
13863,1062
11287,1062
26962,1062
20449,1062
21990,1062
14713,1062
1985,1062
10481,1062
29096,1062
1425,1062
7147,1062
22787,1062
3845,1062
16844,1062
17507,1062
2625,1062
14346,1062
20360,1062
7764,1062
10577,1062
5923,1062
5324,1062
14985,1062
20300,1062
1606,1062
16968,1062
12275,1062
2617,1062
1796,1062
6509,1062
49,1062
23283,1062
20300,1062
18131,1062
10677,1062
10665,1062
16404,1062
20879,1062
8762,1062
28982,1062
20300,1062
5511,1062
7542,1062
5303,1062
27046,1062
9247,1062
3501,1062
298,1062
18727,1062
6355,1062
22282,1062
29541,1062
3722,1062
19536,1062
10342,1062
32559,1062
31817,1062
32559,1062
13955,1062
24960,1062
1568,1062
17536,1062
12887,1062
1323,1062
5906,1062
7917,1062
2552,1062
5324,1062
24149,1062
17104,1062
1323,1062
16730,1062
19854,1062
32531,1062
7917,1062
19884,1062
15042,1062
2260,1062
4181,1062
26936,1062
4721,1062
28290,1062
22643,1062
11962,1062
17941,1062
305,1062
32434,1062
4639,1062
20449,1062
1749,1062
18580,1062
11499,1062
21431,1062
30811,1062
1039,1062
32476,1062
3490,1062
25657,1062
12884,1062
1584,1062
4349,1062
6491,1062
15154,1062
6178,1062
3460,1062
5187,1062
23732,1062
1998,1062
9804,1062
1087,1062
18393,1062
13253,1062
30152,1062
23156,1062
29958,1062
1112,1062
1112,1062
25995,1062
5624,1062
20214,1062
1278,1062
19347,1062
1073,1062
27577,1062
305,1062
14119,1062
743,1062
23491,1062
15648,1062
743,1062
2987,1062
26802,1062
2379,1062
13324,1062
3819,1062
5511,1062
5511,1062
6821,1062
13520,1062
13792,1062
28251,1062
13086,1062
30224,1062
2217,1062
23034,1062
19846,1062
11015,1062
10400,1062
17987,1062
1038,1062
14414,1062
14257,1062
14257,1062
1749,1062
14425,1062
2872,1062
6742,1062
13539,1062
5371,1062
23795,1062
25523,1062
305,1062
15578,1062
32563,1062
4655,1062
23676,630
20829,630
31290,630
10477,630
32224,630
20253,630
9165,630
1021,630
4494,630
46,630
1028,630
10493,630
15441,630
29540,630
31711,630
15906,630
14606,630
12482,630
24555,630
24195,630
9060,630
8563,630
1309,630
22474,630
1831,630
9417,630
2810,630
26438,630
12462,630
14282,630
14282,630
30450,630
11644,630
15843,630
23733,630
30531,630
9058,630
25228,630
5679,630
5709,630
15773,630
29704,630
21283,630
7960,630
15371,630
30266,630
30725,630
5502,630
12894,630
28054,630
19090,630
27790,630
25674,630
28984,630
23519,630
14681,630
27277,630
6561,630
2555,630
32242,630
5597,630
21463,630
15193,630
1006,630
14176,630
29473,630
26578,630
25056,630
15426,630
22778,630
5228,630
16781,630
19335,630
9959,548
5587,548
3400,548
1812,548
27710,548
17535,548
11773,548
20084,548
18476,548
15172,548
2466,548
3184,548
10429,548
810,548
810,548
3101,548
17030,548
3312,548
5587,548
3101,548
18073,548
17409,548
3821,548
3184,548
3312,548
3184,548
3184,548
7576,548
19290,548
1572,548
3184,548
1572,548
13221,861
17982,861
14580,861
8106,861
29559,861
4194,861
20894,861
19555,861
32351,861
8215,861
1394,861
23873,861
154,861
7344,861
10746,861
12299,861
140,861
30711,861
25520,861
21735,861
10080,861
29864,861
19634,861
9531,861
28028,861
23386,861
15818,861
19826,861
8380,861
22042,861
16459,861
7303,861
29058,861
15884,861
22429,861
10200,861
16081,861
14767,861
22954,861
17401,861
27394,861
20246,861
14570,861
13927,861
14901,861
12562,861
1664,861
28927,861
16251,861
29598,861
9766,861
27316,861
15441,861
32277,861
2582,861
15917,861
28374,861
30940,861
19889,861
26026,861
32300,861
31509,861
16413,598
14625,598
2111,598
27211,598
23665,598
19908,598
13617,598
197,598
20568,598
7741,598
29540,598
13759,598
7275,598
792,598
14472,598
16973,598
23855,598
25039,598
12654,598
24390,598
4292,598
30229,598
20351,598
16966,598
20008,598
3124,598
28204,598
29757,598
21772,598
4979,598
5530,598
12801,598
23842,598
13897,598
6722,598
22739,598
28742,598
2448,598
31988,598
30372,598
6082,598
25656,598
18760,598
29028,598
31988,598
11644,598
30456,598
23757,598
27849,598
22256,598
21829,598
17225,598
21502,598
19814,598
27308,598
7066,598
3413,598
22923,598
4161,598
5708,598
27056,598
22119,627
30925,627
11544,627
30925,627
19318,627
18555,627
18212,627
635,627
27628,627
24914,627
24914,627
13897,627
5387,627
11439,627
16476,627
16476,627
31377,627
16080,627
9036,627
9036,627
5094,627
22765,627
31612,627
22836,627
24300,627
22848,928
30712,928
30683,928
13934,928
30810,928
15542,928
8740,928
14206,928
24298,928
6719,928
251,928
6427,928
11464,928
26320,928
2423,928
26708,928
2810,928
2330,928
85,928
16869,928
14003,928
28595,928
7518,928
13164,928
1958,928
16336,928
1896,928
1896,928
1896,928
11965,928
15360,928
31998,928
25205,962
11361,962
19730,962
14552,962
20452,962
32065,962
27143,962
26849,962
825,962
13157,962
11015,962
28760,962
12816,962
7136,962
24849,962
3771,962
5699,962
16392,962
28917,962
16957,962
22046,962
8086,962
25163,962
22052,962
17355,962
21915,962
25701,962
16687,871
32271,871
14678,871
28806,871
22781,871
19128,871
16687,871
19128,871
25887,871
26158,871
20826,871
31071,871
12586,871
28827,871
23854,829
24235,829
1793,829
5047,829
5176,829
21889,829
27674,829
10280,829
26563,829
8113,829
23679,829
20571,829
24525,829
22109,829
23441,829
2616,829
713,829
1588,829
17188,829
30940,829
15397,853
30309,853
11696,853
26257,853
7392,853
5418,853
27973,853
26,853
41,853
1230,853
8743,853
31505,853
32326,853
6941,853
25763,853
6032,853
30187,853
3039,853
32379,853
5597,853
8123,853
19486,853
10746,853
10668,853
14685,853
28720,853
25468,853
28220,853
25469,853
4956,853
6044,853
8879,853
28918,853
32445,853
32109,853
11283,853
1552,853
30529,853
8349,853
7777,853
6989,853
13021,853
155,853
4658,853
8515,853
31269,853
30266,853
12495,853
17795,853
8196,853
29009,853
23237,853
30362,853
4628,853
13663,853
17851,853
19599,853
11628,853
7580,853
29466,853
10684,853
1589,853
2872,853
26845,853
1708,853
9393,853
9095,853
1443,853
30511,853
12552,853
31906,853
30702,853
32004,853
18675,853
8655,853
3035,853
22778,853
5811,853
14535,853
28374,853
13457,853
17456,853
5462,853
25165,853
15974,853
29399,853
25281,853
28027,853
11704,853
5006,853
18166,853
5059,853
3535,853
27311,853
28667,853
28244,853
21236,853
10216,853
19822,853
22141,853
13722,853
26418,853
10014,853
30083,853
12371,853
21471,853
30826,853
7783,853
20060,853
8272,853
24062,853
20246,853
16399,853
13701,853
2779,853
32412,853
27600,853
27777,853
17962,853
20488,853
23615,853
19304,853
5101,853
7884,853
30606,853
12371,853
2796,853
6032,865
3074,865
19066,865
877,865
18719,865
29430,865
3744,865
12096,865
28833,865
21423,865
27879,865
23348,865
2125,865
30400,865
1809,865
12299,865
11155,865
31485,865
30952,865
25547,865
8988,865
14685,865
30952,865
7009,865
1847,865
10905,865
19298,865
7945,865
8096,865
9938,865
3768,865
20892,865
22402,865
1618,865
22141,865
8849,868
20352,868
23162,868
11293,868
31244,868
23436,868
8988,868
17735,868
15039,868
16590,868
1026,868
26292,868
10367,868
23457,868
23996,868
18611,868
18946,868
13379,868
17120,868
20826,868
21598,868
16945,868
13175,868
13173,868
5398,868
5416,868
21412,868
10125,868
8520,868
6460,868
14678,868
8921,868
10926,868
14678,868
22781,868
25884,868
21598,868
2366,868
1942,868
29528,868
18999,868
5347,868
1162,868
2105,868
22498,868
26002,868
22498,868
14941,868
31662,868
16560,868
12096,868
31662,868
29811,868
9910,868
26909,868
10938,868
22749,868
6616,868
4918,868
14462,868
23548,868
9975,868
31169,868
31245,868
11893,868
27220,868
20783,868
16379,868
7603,868
21423,868
19229,868
9160,868
2716,868
32271,868
20937,868
13383,868
23288,868
6760,868
28766,868
29548,868
3111,868
20504,868
24995,868
21832,868
22379,868
21991,868
20743,868
22959,868
2623,868
19290,868
20261,868
22580,868
19861,868
15272,868
18750,930
11601,930
12126,930
10189,930
8346,930
1367,930
8994,930
9613,930
6587,930
23386,930
30194,930
3099,930
30712,930
14360,930
25652,930
9404,930
23793,930
9969,930
27305,930
28153,930
11583,930
16613,930
11647,930
21956,930
12028,930
8380,930
21675,930
29361,930
12526,827
29938,827
19987,827
29071,827
11257,827
5611,827
27122,827
1024,827
15704,827
11815,827
8511,827
9852,827
13026,827
1886,827
6201,827
22735,827
1090,827
28146,827
16096,827
18587,827
6461,827
25229,827
13883,827
32236,827
7621,827
4896,827
1380,827
11704,827
18480,827
1707,827
3162,827
7685,827
9499,827
20078,827
32331,827
23922,827
27824,827
23995,827
15947,827
759,827
11384,817
29239,817
15928,817
19675,817
3514,817
26,817
27973,817
6501,817
29627,817
32420,817
24894,817
25673,817
1866,817
11283,817
32109,817
1916,817
11495,817
3214,817
26115,817
20415,817
23215,817
28546,817
14535,817
4538,817
224,817
9251,817
17878,817
2582,817
19751,817
21955,817
30269,817
23093,817
29879,817
10210,817
22705,817
14339,817
11898,817
30702,817
32004,817
6509,817
785,817
20583,817
1083,817
12328,817
6576,817
29635,817
25039,817
25625,817
6133,817
2097,817
18468,817
7728,817
3269,817
1492,817
31954,817
26391,817
31632,817
482,817
5162,817
11912,817
24427,817
5101,817
10892,817
24979,817
3273,817
13478,817
12741,817
2363,817
14504,817
3269,817
25744,817
25379,817
2204,817
5462,817
16828,817
20403,817
7855,817
10676,817
13478,817
23199,817
29010,817
27136,817
30450,817
29191,817
28184,817
3975,817
5709,817
21283,817
12868,817
4227,817
568,817
30826,817
32412,817
32297,817
20325,817
12673,817
12522,817
16274,817
28299,817
5102,817
4101,817
16050,817
19625,817
10217,817
26644,817
28299,817
25674,817
511,817
12462,817
14884,817
12306,817
24018,817
32315,817
23890,817
26644,817
25803,817
8756,817
23415,817
25810,817
28299,817
28400,817
28060,817
29154,817
17762,817
28299,817
9938,817
23835,817
26886,817
12495,817
9479,817
16733,817
28829,817
10362,817
23942,817
17854,817
17854,817
11495,817
17854,817
3269,817
19751,817
32485,817
6812,817
25273,817
20891,817
30606,817
31370,817
27777,817
12494,817
29339,941
16110,941
32214,941
12328,941
14240,941
14508,941
2582,941
28525,941
3185,941
87,941
15703,941
13396,941
7479,941
26389,941
31161,941
30226,941
16991,941
20894,941
10936,941
15917,941
8368,941
15918,941
24070,941
4227,941
8368,941
24336,941
24622,941
6703,941
31843,941
28028,941
16765,941
32501,941
27563,941
30955,979
15132,979
397,979
11981,979
2167,979
24327,979
23780,979
15069,979
4133,979
16095,979
5988,979
3345,979
8346,979
4765,979
20831,979
12726,979
15943,979
7041,979
20345,979
27594,979
29081,979
31263,979
11363,979
19555,979
20793,979
19593,979
13126,979
3209,979
3634,979
3981,979
24734,979
17720,979
158,979
573,979
2083,979
27424,979
1115,979
4555,979
10029,979
8523,979
13292,979
31433,979
5398,979
159,979
28400,979
3915,979
21346,979
4886,979
22375,979
21263,979
12200,979
30702,979
32004,979
31200,979
3637,979
18143,979
12347,979
29793,979
15387,979
694,979
19453,979
15228,979
1272,979
2102,979
15917,979
14339,979
2330,979
16321,979
13155,979
10734,979
11181,979
4139,979
21141,979
9015,979
10535,979
5102,979
22465,979
19434,979
30563,979
7891,979
30563,979
13831,979
3168,979
8842,979
18665,979
13396,979
8852,979
18618,979
21572,979
14068,979
21898,979
26456,979
4009,979
23621,979
20027,979
12056,979
15152,979
5347,979
1495,979
9048,979
26362,860
13379,860
31244,860
20352,860
23162,860
24103,860
3043,860
21412,860
22065,860
3475,860
23436,860
8849,860
26292,860
2153,860
3215,860
5412,860
18840,860
16945,860
10926,860
23288,860
12571,860
3074,860
16590,860
2044,860
15079,860
32491,860
7777,860
17720,860
30884,860
14147,860
1942,860
15697,860
15837,860
2716,860
8988,860
867,860
2366,860
24089,860
946,860
6090,860
27220,860
4800,860
10378,860
18818,860
17506,860
4077,860
29028,860
29528,860
11810,860
28764,860
17640,860
6616,860
4477,860
25547,860
12584,860
30982,860
1853,860
21280,860
9122,860
9180,860
25887,860
31071,860
29146,860
4188,860
31520,860
17455,860
17506,860
21457,860
23303,860
12881,860
5347,860
3339,860
23457,860
162,860
22402,860
4188,860
22959,860
19861,860
30987,617
20849,617
7319,617
14660,617
15073,617
8481,617
27725,617
18134,617
26066,617
2948,617
7429,617
15917,617
18218,617
8087,617
28891,617
15351,617
23987,617
12471,617
12372,617
10090,617
25759,617
12498,617
21849,617
6386,617
20808,617
31370,617
24336,617
27056,617
24467,617
20253,574
41,574
7550,574
19663,574
27609,574
17878,574
19974,574
12037,574
13494,574
22056,574
20945,574
10097,574
4058,574
2064,574
21743,574
23623,574
5889,574
20398,574
5151,574
20664,574
23707,574
31632,574
5895,574
13572,574
29793,574
11644,574
16274,574
802,574
12708,574
22275,574
8836,574
4964,574
25562,574
32289,574
15742,574
11364,574
27807,574
17923,574
5572,574
30808,574
30702,574
27520,574
1149,574
5459,574
30555,574
18699,574
1529,574
1853,574
1148,574
4514,574
9092,574
14353,574
32109,574
22833,574
30362,574
6329,574
25695,574
27740,574
31479,574
20894,574
29179,574
12580,574
15627,574
24336,574
19538,574
242,574
26513,574
28918,574
14538,574
27466,574
12368,574
5180,574
30892,574
24018,574
26418,574
19505,574
13189,574
21848,574
4578,574
25730,574
11179,574
30694,574
10015,574
25093,574
31148,574
6703,574
2017,574
27097,574
29770,574
14728,574
6833,574
23793,574
30972,574
15032,574
12957,574
20488,574
16195,574
13090,574
20490,574
12256,574
32214,574
14901,574
28164,574
21949,574
10561,574
4173,574
15669,574
8887,574
5127,574
2064,574
12026,574
4961,574
21551,574
23740,574
5709,574
21721,574
26688,574
1505,574
25394,574
31012,574
19209,574
19304,574
23215,574
11786,574
22601,574
31846,574
29104,574
12868,574
7390,574
19723,574
30304,574
18096,574
12398,574
4193,574
25625,574
20572,574
31053,574
14681,574
19559,574
29313,574
8196,574
31410,574
11883,574
12653,574
29274,574
31099,574
6001,574
6295,574
29637,574
10750,574
22231,574
12439,574
19760,574
14126,574
25005,574
4996,574
9660,574
23994,574
20170,574
13457,574
23697,574
15838,574
8563,574
10377,574
11579,574
2796,574
22778,574
24062,574
24146,574
22531,574
10464,574
20446,574
29580,574
9092,574
8428,574
31257,574
10906,574
15542,935
18931,935
13604,935
31947,935
11159,935
9136,935
1312,935
7977,935
13090,935
13430,935
22845,935
2857,935
25289,935
14608,935
13164,935
3466,935
28153,935
2078,935
16505,935
29009,935
17729,935
6316,935
18097,935
6507,935
2012,935
8428,935
27831,935
17743,935
1515,935
16431,935
8950,935
32041,935
31620,935
17051,935
30254,935
16706,935
22478,935
28251,935
21436,935
31558,935
5678,935
24336,935
32039,935
3818,935
27524,935
10399,935
32364,935
5911,935
18014,935
4151,935
20020,935
7759,935
26960,935
10917,935
1352,935
9361,935
25087,935
30792,935
316,940
32340,940
19825,940
5586,940
31173,940
20211,940
7793,940
140,940
78,940
17444,940
17444,940
19788,940
10797,940
28928,940
28928,940
22993,940
31925,940
1944,940
12526,830
3060,830
4871,830
27687,830
29190,830
6127,830
5144,830
11096,830
19987,830
25229,830
19219,830
27246,830
28876,830
16434,830
5058,830
15039,830
24475,830
12211,830
16441,830
27001,830
12333,830
31193,830
502,830
26460,830
4780,830
20156,830
14287,830
17370,830
6460,830
13447,830
21955,830
7099,830
21428,830
18587,830
5931,830
12807,830
22478,830
3730,830
1707,830
29399,830
22479,830
17799,830
31304,830
12922,830
8177,830
15947,830
25475,857
12661,857
23435,857
19066,857
18829,857
7088,857
5740,857
18918,857
9976,857
12908,857
31505,857
813,857
22463,857
16707,857
27852,857
16707,857
27852,857
9277,983
20387,983
16166,983
20598,983
6583,983
19675,983
9923,983
28351,983
17466,983
901,983
11163,983
19667,983
880,983
29408,983
32283,983
10236,983
32468,983
23586,983
11251,983
339,983
10581,983
154,983
22465,983
28917,983
14651,983
23586,983
7521,983
3637,983
498,983
159,983
1482,983
20430,983
18575,983
23586,983
20105,983
20126,983
13500,983
20598,983
7281,983
336,983
29856,983
10715,983
7281,983
18127,983
14752,983
4279,855
3345,855
8895,855
11159,855
1488,855
31696,855
16024,855
19532,855
4418,855
14273,855
9170,855
17472,855
4418,855
22141,855
10020,855
28072,855
10110,855
4841,855
6540,855
28960,855
16024,855
901,855
18178,855
19453,855
10756,855
2289,855
4227,855
1290,855
31433,855
31517,855
901,855
901,855
21488,855
14254,855
3228,855
31962,855
12552,855
13744,855
16336,855
14254,855
12661,855
11772,855
32300,855
1107,855
14254,855
14535,821
29592,821
2582,821
15098,821
21135,821
24777,821
5682,821
30048,821
2523,821
9521,821
13648,821
31954,821
7509,821
7627,821
21135,821
22478,821
26151,821
2712,821
29458,821
13857,821
20802,821
8280,526
25205,526
30818,526
2618,526
15998,526
1639,526
15238,526
1464,526
27995,526
7691,526
4974,526
21502,526
8119,526
5277,526
5210,526
3053,526
9259,526
6568,526
6860,526
4292,526
1464,526
2674,526
31168,526
2797,526
11902,526
3111,526
29157,526
210,562
20111,562
26894,562
22038,562
19451,562
3260,562
7585,562
10356,562
31676,562
197,562
20925,562
4537,562
5827,562
2040,562
99,562
6279,562
4306,562
10199,562
862,562
29021,562
1961,562
28159,562
20076,562
18538,562
2214,562
3883,562
10672,562
22686,562
9724,562
12937,562
20084,562
107,562
32197,562
2111,562
1292,562
4735,562
16146,562
14925,562
13881,562
23425,562
1599,562
12211,562
9316,562
15504,562
13095,562
18765,562
29129,562
3084,562
18449,562
19363,562
16928,562
21787,562
27277,562
5750,562
4255,562
30462,562
29540,562
16559,562
28258,562
1354,562
17326,562
18409,562
17609,562
16256,562
21606,562
19897,562
17030,562
9211,562
6871,562
13999,562
3560,562
23757,562
32005,562
16495,562
336,562
12486,562
32156,562
26456,562
3492,562
18699,562
2779,562
2422,562
16373,562
1481,562
18476,562
24647,562
13878,562
15318,562
20033,562
14625,562
20798,562
14565,562
7345,562
8542,562
17423,562
6189,562
2416,562
18800,562
574,562
3975,562
21716,562
14061,562
2851,562
12396,562
8673,562
29313,562
671,562
25641,562
27543,562
14870,562
2858,562
531,562
17802,562
10914,562
30229,562
14433,562
19933,562
13373,562
8541,562
27849,562
3715,562
6097,562
30702,562
20312,562
17058,562
2937,562
9417,562
7092,562
31778,562
20815,562
20221,562
24586,562
18189,562
23665,562
2517,562
25934,562
17490,562
2804,562
19557,562
32041,562
7514,562
7430,562
2448,562
116,562
7682,562
8431,562
26063,562
15,562
3196,562
20410,562
30536,562
19073,562
32344,562
102,562
8324,562
27943,562
15126,562
1665,562
17464,562
3028,562
20011,562
10848,562
9535,562
1376,562
14091,562
23471,562
6708,562
28414,562
11879,562
27710,562
31139,562
32095,562
3603,562
24480,562
20362,562
18129,562
6130,562
14606,562
1005,562
13890,562
23260,562
2286,562
1274,562
7525,562
28083,562
1464,562
20115,562
20746,562
18606,562
13133,562
23203,562
12949,562
31516,562
8346,562
8188,562
15481,562
9695,562
30699,562
13474,562
17349,562
9442,562
26878,562
2112,562
25174,562
4974,562
28128,562
14624,562
26878,562
31784,562
26662,562
32283,562
1415,562
20332,562
13127,562
31365,562
14184,562
1393,562
32245,562
23471,562
5043,562
15322,562
16539,562
19526,562
19526,562
9695,562
20940,562
20827,562
9360,562
18897,562
3412,562
18329,562
16537,562
5672,562
12026,562
25798,562
23202,562
9084,562
22673,562
6920,562
732,562
22256,562
22101,562
26756,562
31554,562
3546,562
29753,562
8175,813
14937,813
7464,813
23165,813
28338,813
5785,813
27819,813
31832,813
9621,813
7380,813
18662,813
21696,813
15838,813
12807,813
14937,813
1335,813
5415,813
11995,813
4378,813
6052,813
16711,813
5106,813
4925,813
22054,813
1495,813
21084,813
30940,813
10526,566
30229,566
2466,566
3031,566
18073,566
9499,566
1345,566
19064,566
19756,566
3204,566
10304,566
47,566
21539,566
29520,566
14714,566
3027,566
1954,566
19755,566
30089,566
17894,566
20664,566
27935,566
16330,566
14538,566
17468,566
4327,566
13420,566
404,566
6778,566
17409,566
9417,566
1954,566
9417,566
10672,566
9417,566
14548,566
21962,566
1954,566
8390,566
2771,566
21962,566
21962,566
8390,566
11883,1061
7016,1061
29759,1061
7654,1061
15282,1061
32161,1061
23087,1061
15669,1061
8553,1061
19418,1061
22064,1061
32259,1061
10885,1061
29371,1061
32195,1061
31811,1061
15462,1061
16462,1061
15218,1061
16617,1061
19795,1061
26290,1061
12621,1061
32477,1061
8286,1061
13102,1061
14801,1061
16609,1061
22199,1061
14801,1061
30437,1061
18285,1061
22330,1061
13629,1061
4281,1061
14863,1061
14780,1061
29879,1061
32535,1061
21418,1061
21418,1061
12495,1061
30340,1061
31811,1061
25345,1061
9621,1061
17722,1061
17061,1061
31510,1061
10823,1061
19492,1061
14068,1061
17499,1061
9185,1061
9621,1061
20596,1061
20596,1061
11018,1061
6015,1061
19787,1061
28221,1061
19578,1061
31811,1061
28221,1061
10913,1061
8353,1061
10698,1061
2565,1061
12014,1061
4214,1061
1712,1061
14645,1061
20697,1061
28575,1061
32553,1061
15039,869
11759,869
22902,869
29430,869
19588,869
26158,869
15603,869
2289,869
26669,869
21743,869
22042,869
32379,869
17735,869
10236,869
19128,869
27511,869
8921,869
24103,869
5416,869
3744,869
8515,869
9975,869
8849,869
13278,869
4747,869
7415,869
766,869
2652,869
26636,869
15552,869
31795,869
28550,869
17120,869
25884,869
11888,869
13954,869
22781,869
15838,869
22373,869
31956,869
10430,869
5102,869
30430,869
21423,869
30180,869
11920,869
16505,869
16901,869
12306,869
23084,869
30085,869
22749,869
9360,869
26591,869
8950,869
26362,869
7682,587
22739,587
17523,587
14180,587
11294,587
26955,587
20084,587
16595,587
5893,587
18995,587
30169,587
12647,587
8744,587
20925,587
8481,587
12408,587
11151,587
10497,587
24585,587
10750,587
30441,587
9417,587
16370,587
10567,587
28867,587
4735,587
13469,587
26211,587
5043,587
17159,587
3990,587
12654,587
26875,587
10280,587
30818,587
19363,587
2422,587
1415,587
19340,587
24336,587
4979,587
30074,587
17235,587
24312,587
3197,587
1521,587
22056,587
23309,587
8231,587
30473,587
8231,587
3065,587
3436,587
16903,587
30184,587
2320,587
12816,587
6582,587
15605,587
29409,587
17504,587
17225,587
30786,587
9401,587
19814,587
12708,587
18678,587
21829,587
27308,587
12921,587
20815,587
31724,587
13127,587
32267,587
31257,587
25659,587
1540,990
20641,990
21631,990
25098,990
28720,990
21275,990
6460,990
13052,990
10886,990
4415,990
24236,990
26077,990
19392,990
14725,990
3623,990
18314,990
316,990
12819,990
17936,990
29399,990
31235,990
32508,990
28648,990
296,990
28918,990
1162,990
22185,990
21275,990
6592,990
6063,990
13240,990
14901,990
30049,990
28991,990
7494,990
17595,990
13470,990
24679,990
6828,990
25285,990
32501,990
54,552
11637,552
13881,552
29021,552
915,552
21790,552
4708,552
14472,552
30677,552
16166,552
10682,552
6536,552
5218,552
783,552
6559,552
21837,552
880,552
3139,552
6576,552
4876,552
9221,552
11640,552
8645,552
5351,552
13241,552
13487,552
4708,552
15228,552
30702,552
12896,552
28931,552
31246,552
4697,552
21443,552
25863,552
30763,552
23924,552
29384,552
17729,552
8112,996
4698,996
5306,996
19770,996
4205,996
20027,996
7001,996
10849,996
9808,996
8287,996
11096,996
7337,996
27530,996
699,996
16729,996
10957,996
16242,996
11812,996
9250,996
32216,996
5636,996
2407,996
16813,996
5739,996
15820,996
8994,996
101,996
11297,996
5956,996
19392,996
29466,996
5134,996
2387,996
17033,996
10748,996
15313,996
7029,996
2629,996
4602,996
27254,996
8753,996
6450,996
156,996
4476,996
24479,996
26077,996
18020,996
10539,996
11539,996
14862,996
23793,996
759,996
31048,996
9146,996
23245,996
13934,996
11532,996
25955,996
71,996
6182,996
30259,996
22688,996
13214,996
24494,996
30994,996
1127,996
22519,996
2052,996
29559,996
2131,996
25730,996
27674,996
29627,996
1426,996
8630,996
13133,996
27149,996
14580,996
13396,996
12720,996
12296,996
1524,996
2397,996
20116,996
5240,996
12130,996
32458,996
7883,996
9983,996
8984,996
3227,996
19282,996
5161,996
13013,996
7688,996
5195,996
25528,996
7267,996
13232,996
4886,996
14812,996
18840,996
16094,996
1516,996
11733,996
2120,996
2607,996
13847,996
25396,996
32251,996
11148,996
16134,996
13350,996
31712,996
5625,996
3199,996
13125,996
6034,996
10926,996
1512,996
15532,996
13903,996
1654,996
20181,996
15998,996
7548,996
8842,996
4724,996
10040,996
2240,996
2337,996
6044,996
18154,996
2366,996
7960,996
23890,996
7421,996
672,996
3870,996
18730,996
6568,996
7946,996
22019,996
8963,996
28286,996
29408,996
30955,996
19532,996
672,996
7344,996
24745,996
316,996
6943,996
10239,996
8918,996
5890,996
1278,996
4445,996
28929,996
5598,996
14206,996
16299,996
31126,996
640,996
16917,996
19751,996
57,996
14394,996
14189,996
11043,996
20376,996
4907,996
18490,996
11293,996
19157,996
4113,996
8937,996
7269,996
21442,996
686,996
13287,996
28025,996
6989,996
26337,996
5711,996
14757,996
30683,996
683,996
2917,996
16542,996
27508,996
18583,996
16652,996
20451,996
6938,996
11512,996
12642,996
32372,996
11596,996
1783,996
8620,996
29268,996
2165,996
9140,996
16919,996
2859,996
18489,996
30702,996
25778,996
3192,996
22581,996
32004,996
32446,996
14728,996
7291,996
3565,996
2027,996
2381,996
8271,996
18520,996
3313,996
18495,996
25035,996
9214,996
8734,996
9521,996
5419,996
31865,996
3666,996
32487,996
26800,996
1399,996
15424,996
22635,996
8451,996
27614,996
9180,996
1553,996
6592,996
21345,996
28330,996
28373,996
26179,996
76,996
8978,996
22364,996
10547,996
505,996
18211,996
28351,996
15838,996
12314,996
15469,996
1140,996
24562,996
17875,996
7299,996
29097,996
17134,996
671,996
1653,996
12211,996
13816,996
6717,996
31517,996
30763,996
14908,996
32310,996
19483,996
14467,996
9401,996
1642,996
28632,996
419,996
31173,996
6388,996
1783,996
4415,996
7882,996
697,996
1543,996
30076,996
15406,996
5878,996
6726,996
20227,996
6539,996
7350,996
9674,996
18251,996
29947,996
1853,996
11343,996
1133,996
12194,996
78,996
23449,996
1995,996
18455,996
22336,996
10665,996
21640,996
27976,996
21898,996
12396,996
32157,996
20430,996
4376,996
1480,996
29965,996
550,996
6033,996
29696,996
20156,996
14579,996
9402,996
30596,996
12896,996
12198,996
9355,996
483,996
5258,996
16576,996
14027,996
28604,996
6623,996
22639,996
5558,996
9654,996
901,996
15876,996
25439,996
28924,996
3042,996
28484,996
4222,996
28892,996
16515,996
18408,996
28136,996
6180,996
2648,996
20249,996
29617,996
10360,996
6427,996
10951,996
16399,996
5911,996
10270,996
2904,996
192,996
5458,996
8785,996
14757,996
14941,996
23872,996
4596,996
5962,996
3091,996
9614,996
30832,996
8177,996
3185,996
26203,996
7488,996
1442,996
4593,996
8743,996
20794,996
23429,996
17198,996
15347,996
4410,996
6004,996
700,996
948,996
463,996
17602,996
14904,996
18446,996
32041,996
9734,996
11934,996
27436,996
29882,996
27520,996
8809,996
17269,996
455,996
3492,996
10017,996
17233,996
4252,996
22162,996
369,996
25865,996
31268,996
29438,996
23054,996
3623,996
19791,996
27916,996
4353,996
30483,996
6911,996
2420,996
7815,996
14349,996
695,996
3156,996
24830,996
7298,996
21979,996
27312,996
27967,996
32446,996
7314,996
5018,996
16140,996
1587,996
15224,996
21999,996
1000,996
2446,996
20133,996
27814,996
2883,996
15118,996
21986,996
19345,996
3560,996
27333,996
1430,996
31267,996
14411,996
6633,996
18328,996
25200,996
10026,996
23995,996
2743,996
27,996
18335,996
11937,996
11671,996
5719,996
15204,996
16043,996
25652,996
18880,996
7523,996
25076,996
3238,996
13052,996
9520,996
598,996
17938,996
1339,996
1805,996
3269,996
30140,996
12321,996
3422,996
8393,996
694,996
20302,996
19964,996
5021,996
5749,996
2141,996
20974,996
15182,996
6851,996
32299,996
16091,996
4192,996
17337,996
17268,996
10063,996
15408,996
31631,996
18750,996
13500,996
11726,996
6759,996
9894,996
8280,996
2811,996
15141,996
31332,996
23827,996
14836,996
12686,996
6431,996
7947,996
277,996
25393,996
9915,996
3670,996
4988,996
32283,996
19229,996
15950,996
13025,996
6871,996
16032,996
5341,996
578,996
15621,996
22208,996
13673,996
2712,996
26215,996
14757,996
31627,996
11467,996
15344,996
7206,996
4481,996
19308,996
26245,996
7551,996
11698,996
13852,996
14505,996
29685,996
9249,996
10413,996
23182,996
30976,996
8123,996
9376,996
15098,996
25389,996
29809,996
21128,996
15745,996
17355,996
16970,996
2539,996
13458,996
23873,996
30845,996
6453,996
25701,996
16897,996
28033,996
24383,996
16654,996
31453,996
9029,996
10440,996
14791,996
11015,996
11274,996
11704,996
3297,996
21641,996
11146,996
28356,996
11573,996
1270,996
13474,996
20359,996
29349,996
30238,996
8035,996
19606,996
886,996
7005,996
28521,996
25199,996
2168,996
21937,996
26943,996
23305,996
12074,996
22366,996
12724,996
12002,996
8482,996
11097,996
21789,996
22576,996
14309,996
10430,996
9997,996
29531,996
5374,996
3567,996
31015,996
9990,996
25283,996
18927,996
32525,996
16381,996
1793,996
9054,996
20405,996
28990,996
31686,996
32524,996
12144,996
13848,996
29458,996
25530,996
2451,996
22979,996
24613,996
10886,996
20507,996
29381,996
22490,996
5118,996
3497,996
20462,996
16438,996
5758,996
20436,996
9989,996
20244,996
14596,996
16413,996
6464,996
9736,996
21084,996
17220,996
13699,996
1563,825
14882,825
13911,825
863,825
29239,825
21696,825
11920,825
1195,825
5540,825
30362,825
8435,825
10263,825
26292,825
24187,825
15742,825
19149,825
19001,825
9858,825
26510,825
9442,825
17268,825
54,825
29146,825
26073,825
28083,825
21450,825
6460,825
39,825
29156,825
26175,825
18031,825
21605,825
5834,546
5145,546
2091,546
4741,546
27725,546
26703,546
16611,546
17423,546
25098,546
20664,546
10848,546
23127,546
2540,546
11348,546
2764,546
13744,546
2218,546
20312,546
3118,546
12300,546
4292,546
131,546
16646,546
6631,546
14395,546
14903,546
14395,546
20807,546
20033,546
26894,546
4919,546
11374,546
7571,546
1102,546
26629,546
9262,546
15304,546
24661,546
29542,546
880,867
331,867
16598,867
1552,867
29731,867
10430,867
21194,867
30555,867
2421,867
6819,867
331,867
25248,867
18971,867
2421,867
9078,867
31131,867
4697,867
6859,867
28588,867
19466,867
25763,867
13296,867
19555,867
29349,867
764,867
13808,867
22701,867
13808,867
4843,867
12423,867
7012,867
27238,867
27512,867
29293,867
18318,867
28855,867
19752,867
27408,867
1312,867
28406,867
9344,867
31190,867
29966,867
2125,867
23074,867
30201,867
5363,867
16127,867
3581,867
22766,867
7275,943
7815,943
9894,943
6737,943
30647,943
24327,943
26197,943
7792,943
22620,943
20051,943
13978,943
11159,943
384,943
12495,943
9698,943
15344,943
1636,943
7269,943
2801,943
11704,943
25396,943
2373,943
10600,943
20227,943
18405,943
13396,943
23938,943
12653,943
16344,943
27,943
16157,943
11714,943
11015,943
6726,943
17172,943
9521,943
29084,943
12850,943
30145,943
32501,951
17165,951
10753,951
32439,951
13532,951
29031,951
21283,951
27455,951
14102,951
26270,951
30789,951
15315,951
14968,951
11011,951
26151,951
1492,951
13149,951
31631,951
13153,951
30639,951
23835,951
32487,951
29164,951
31171,951
32480,951
9393,951
16724,951
13292,951
3714,951
28838,951
8851,1002
27530,1002
24830,1002
4669,1002
2027,1002
32410,1002
10110,1002
7267,1002
10179,1002
4452,1002
30810,1002
13151,1002
9915,1002
27291,1002
13380,1002
21346,1002
12726,1002
9688,1002
17733,1002
8874,1002
14941,1002
32485,1002
27594,1002
6717,1002
23690,1002
25701,1002
10575,1002
12034,1002
24022,1002
16261,1002
6726,1002
29081,1002
8096,1002
8409,1002
8393,1002
6686,1002
12928,1002
534,1002
9938,1002
14480,1002
13396,1002
26726,1002
13234,1002
5341,1002
29339,1002
9516,1002
6748,1002
22690,1002
7174,1002
24138,1002
24794,1002
16970,1002
16381,1002
23039,1002
17799,1002
23950,1002
15826,1002
3621,1002
8794,1002
5385,1002
6474,1002
13383,1002
10477,1002
11848,1002
29189,1002
24607,1002
24607,1002
9342,828
10157,828
1090,828
18255,828
16774,828
8175,828
3878,828
13104,828
31894,828
19809,828
21428,828
22176,828
27615,828
29197,828
6332,828
2810,828
23199,828
17762,828
10404,828
10362,828
9923,828
20892,828
24817,828
32482,828
13663,828
2582,828
16778,828
23228,828
7759,828
5002,828
22390,828
6812,828
28184,828
21605,828
13971,815
3745,815
934,815
12613,815
32050,815
28016,815
16777,815
1992,815
31306,815
1674,815
18127,815
3241,815
18520,815
2572,815
9646,815
31014,815
32450,815
14159,815
15606,815
22479,815
4766,815
29596,815
1809,815
14608,815
31851,815
27164,815
14535,815
2153,815
16383,815
20639,815
30219,815
30001,815
8154,815
20804,815
32307,815
5328,815
17249,815
30269,815
13284,815
25625,815
9621,815
29100,815
7981,815
12194,815
29294,815
29294,815
21466,815
30826,815
16440,815
13236,215
18384,215
14597,215
158,215
23923,215
5451,215
24274,215
3436,215
14549,215
4666,215
29666,215
6509,215
2592,215
11630,215
22040,215
90,215
6926,215
23923,215
19238,215
19238,215
19238,215
15952,215
5346,215
19530,215
2726,215
17351,215
7163,215
28517,215
5132,215
20764,215
12727,215
7843,215
12077,215
23923,215
7878,215
18189,215
11658,215
17987,215
2824,215
13792,215
15795,215
6833,215
11954,215
25331,215
7953,215
29666,215
10532,215
27393,215
9019,215
22763,215
16206,215
15840,215
14614,215
26389,215
73,215
23923,215
15578,215
28780,215
7868,215
3175,215
30682,215
18003,215
27313,215
26462,215
12598,215
14376,215
16924,215
25372,215
23034,215
31399,994
12354,994
16055,994
29761,994
4452,994
27814,994
28353,994
26337,994
9146,994
14968,994
29419,994
20901,994
8874,994
13116,994
30683,994
4669,994
31087,994
13506,994
5419,994
17932,994
26179,994
27312,994
26550,994
5598,994
2120,994
384,994
26029,994
20451,994
32004,994
17167,994
17733,994
10953,994
22964,994
17679,994
25122,994
8953,994
26631,994
7114,994
11625,994
17602,994
15603,994
26092,994
27614,994
2648,994
30976,994
15947,994
19150,994
30702,994
27812,994
24794,994
17737,994
5965,616
16463,616
8907,616
15022,616
1791,616
11439,616
16324,616
32289,616
24124,616
4897,616
16324,616
18836,616
14439,616
7180,616
4906,616
25623,616
16499,616
27958,616
22213,616
7722,616
7566,616
20807,616
17807,616
3240,1000
23449,1000
32216,1000
14812,1000
12094,1000
18750,1000
277,1000
13426,1000
30596,1000
9355,1000
11289,1000
6150,1000
14315,1000
13116,1000
6359,1000
29008,1000
10270,1000
801,1000
1000,1000
22840,1000
6538,1000
14217,1000
14715,1000
30730,1000
11436,1000
1942,1000
25285,1000
6004,1000
18096,1000
28351,1000
3899,1000
4257,1000
11146,1000
16374,1000
19791,1000
12750,1000
10900,1000
28136,1000
13604,1000
15490,1000
30623,1000
8630,1000
5428,1000
3199,1000
8079,1000
4357,1000
15838,1000
13247,1000
6123,1000
30412,1000
31382,1000
21284,1000
14137,1000
1245,1000
2451,1000
12900,1000
28994,1000
26855,1000
32006,1000
32375,1000
11819,1000
25575,1000
917,852
1802,852
16709,852
7275,852
20829,852
1800,852
25132,852
2981,852
23852,852
6127,852
10615,852
11329,852
5342,852
23576,852
5832,852
13520,852
10756,852
14864,852
1285,852
11026,852
2021,852
19164,852
18787,852
16272,852
8343,852
8272,852
11364,819
14535,819
14838,819
25697,819
31287,819
28947,819
257,819
29611,819
32278,819
13759,819
6359,819
27459,819
26513,819
7001,819
7634,819
22759,819
12328,819
23466,819
7198,819
20281,819
5218,819
1852,819
14588,819
11305,819
14504,819
6201,819
19588,819
8686,819
32041,819
9698,819
2141,819
30702,819
6608,819
9221,819
16340,819
4445,819
5190,819
28595,819
10748,819
9506,819
5466,819
25287,819
16274,819
18840,819
17691,819
20181,819
20274,819
157,819
57,819
6647,819
15347,819
18812,819
16616,819
14963,819
10484,819
10886,819
14503,819
31954,819
16244,819
26197,819
27596,819
12936,819
22594,819
6760,819
11704,819
28989,819
26763,819
15272,819
2115,561
26894,561
24309,561
2111,561
3646,561
9316,561
6093,561
28554,561
5970,561
11902,561
4195,561
18726,561
30462,561
3996,561
21884,561
9257,561
6687,561
1768,561
16423,561
31046,561
531,561
15655,561
16495,561
16373,561
11210,561
20542,561
3799,561
11286,561
22042,561
3946,561
8504,561
21716,561
7682,561
12211,561
1855,561
16418,561
13585,561
17627,561
4897,561
22,561
5001,561
29114,561
12370,561
1521,561
20140,561
14439,561
8248,561
32156,561
1971,561
3382,561
2100,561
23068,561
5105,561
319,561
6631,561
3462,561
23425,561
3081,561
9543,561
18555,561
4839,561
19622,561
3875,561
19991,561
15111,561
30702,561
21772,561
24262,561
21812,561
4988,561
4329,561
7571,561
4876,561
658,561
1403,561
200,561
29157,561
19398,561
17852,561
5351,561
3994,561
21431,561
3027,561
8134,561
671,561
9905,561
4474,561
14843,561
16537,561
45,561
6786,561
3066,561
20084,561
25445,561
32197,561
21599,561
19941,561
1013,561
12551,561
11576,561
12949,561
25174,561
9535,561
24359,561
6097,561
24291,561
24383,561
24739,561
17894,561
20366,561
23519,561
13420,561
6280,561
21174,561
32344,561
10990,561
9738,561
19271,561
8887,561
26063,561
20349,561
18189,561
9442,561
14714,561
1376,561
31139,561
23852,561
17807,561
23540,561
9430,561
21141,561
28258,561
4697,561
27369,561
19203,561
28506,561
2012,561
17535,561
5780,561
26162,561
31784,561
27568,561
16539,561
2022,561
32325,561
14806,561
1636,561
27038,561
23202,561
14401,561
167,561
20222,561
802,561
454,561
31427,561
10751,561
2218,606
20111,606
1742,606
609,606
7430,606
25616,606
29342,606
26035,606
23553,606
9291,606
14285,606
11605,606
7883,977
17491,977
17820,977
14501,977
12330,977
10734,977
21743,977
15219,977
12347,977
26721,977
20027,977
21283,977
12056,977
24402,977
18211,977
24102,977
8764,977
31287,977
29611,977
28947,977
13701,977
21346,977
13116,977
5678,977
19963,977
16601,977
27602,977
28353,977
21572,977
13292,977
6859,977
11384,977
16095,977
2153,977
17455,977
22304,977
11491,977
6461,977
3168,977
9938,977
2337,977
8523,977
5347,977
9048,977
1495,977
28891,977
29938,826
11015,826
3611,826
24979,826
483,826
6182,826
5848,826
1886,826
7345,826
31123,826
22042,826
16434,826
11832,826
11832,826
7621,826
28129,826
16441,826
22567,826
27288,826
29102,826
31304,826
10885,826
1674,826
10399,826
20244,826
8995,1057
16960,1057
32558,1057
18966,1057
24850,1057
28263,1057
20962,1057
16010,1057
24992,1057
1411,1057
6616,835
12188,835
29006,835
5412,835
16417,835
14882,835
24979,835
32491,835
12101,835
19861,835
3401,835
4477,835
27824,835
22580,835
30468,835
31245,835
5512,835
4839,835
29071,835
12571,835
23303,835
9435,835
28125,835
1916,835
6819,835
5717,835
3215,835
22054,835
1230,835
15311,835
14792,835
10756,835
29118,835
25571,835
3193,835
26221,835
20228,835
26902,1063
8533,1063
29144,1063
26906,1063
20751,1063
11301,1063
6842,1063
11587,1063
7509,1063
2564,1063
24670,1063
32234,1063
1365,1063
32189,1063
3002,1063
1465,1063
28690,1063
9538,1063
3725,1063
22137,1063
31841,1063
22791,1063
12415,1063
16138,1063
8118,1063
12415,1063
16138,1063
24385,1063
17308,1063
22892,1063
6893,1063
31268,1063
17401,1063
3821,1063
5783,1063
11202,1063
13204,1063
28012,1063
2924,1063
9628,1063
7208,1063
23764,1063
32434,1063
22093,1063
21070,1063
12394,1063
30546,1063
28868,1063
3102,1063
19597,1063
7467,1063
25704,1063
6086,1063
9216,1063
26886,1063
6852,1063
7702,1063
25499,1063
21687,1063
22419,1063
28770,1063
4536,1063
25499,1063
32557,1063
27592,1063
16907,1063
26431,1063
16152,1063
19513,1063
1202,1063
3336,1063
31981,1063
2363,1063
2363,1063
14274,1063
1147,1063
26887,1063
32562,1063
32562,1063
30188,1063
1790,1063
8621,1063
2811,1063
32549,1063
19301,1063
11442,1063
29,1063
2268,1063
14591,1063
29028,1063
23221,1063
17867,1063
14325,1063
8246,1063
862,1063
20392,1063
19221,1063
5758,849
18171,849
27267,849
30172,849
20011,849
10809,849
1016,849
29186,849
1065,849
32106,849
1638,849
12609,849
12922,849
11810,849
7501,849
26460,849
25636,849
3906,849
6506,849
847,849
24683,849
7853,849
3617,849
8407,849
19868,849
20314,849
11257,849
26937,849
4759,849
31486,849
20575,849
125,849
3959,849
20575,849
28902,849
22053,849
7853,849
22053,849
28522,849
15760,849
1707,849
5832,849
32236,849
74,839
13944,839
17370,839
6692,839
2463,839
2506,839
1773,839
12487,839
239,839
20398,839
473,839
10599,839
15254,839
6257,839
14130,839
4733,839
13556,839
316,839
27819,839
2463,839
5785,839
2525,839
2788,839
27819,839
32391,839
9418,839
3039,839
10473,839
6234,839
18630,839
13010,839
21446,839
27819,839
7890,839
17883,839
1995,839
10575,839
14130,839
29164,839
18166,839
9678,839
15287,839
1637,839
8588,839
1434,839
7456,839
8407,839
7099,839
1851,839
1754,839
10367,839
6528,839
26073,839
4420,839
12402,839
30773,839
6528,839
6509,839
12402,839
1660,839
11904,839
27834,839
12040,839
8522,839
15038,839
2029,839
30767,839
28285,839
5146,839
30702,839
17795,839
3617,839
18095,839
7873,839
18095,839
2788,839
10665,839
6257,839
14130,839
938,839
1966,839
1228,839
29399,839
1773,839
18178,839
19741,839
2021,839
9076,839
5981,839
239,839
32465,839
2308,839
16029,839
28020,839
21266,839
7685,839
1228,839
7456,839
24755,839
21311,839
21311,839
21311,839
21311,839
113,839
21311,839
21311,839
1228,839
21311,839
1773,839
21311,839
21311,839
21311,839
21311,839
21311,839
25885,839
16956,839
27819,839
5285,839
21311,839
7456,839
21311,839
21311,839
15038,839
747,839
21311,839
28566,839
29102,839
21311,839
27819,839
21311,839
3959,839
21998,839
21104,839
21104,839
2582,839
21306,839
10957,981
10704,981
336,981
15469,981
10993,981
28164,981
5162,981
15729,981
16166,981
12949,981
21346,981
7113,981
6583,981
6512,981
10539,981
18314,981
29097,981
18785,981
31115,981
26849,981
505,981
29376,981
29208,981
15426,981
15362,981
4895,981
25248,981
2310,981
12579,981
2102,981
2424,981
21263,981
9521,981
30415,981
17466,981
14050,981
19596,981
28521,981
125,981
12724,981
21609,981
880,981
13021,981
15983,981
3303,981
18215,981
3284,981
19843,981
31790,981
1759,981
11220,981
3936,981
22332,981
20325,844
6602,844
24894,844
25673,844
24300,844
24798,844
27508,844
8352,844
16777,844
23310,844
26805,844
20209,844
13023,844
11853,844
2311,844
1216,844
17337,844
24922,844
28720,844
16560,844
30456,844
29348,844
30266,844
5908,844
32445,844
8353,844
31150,844
17987,844
22705,844
31124,844
18052,844
17467,844
13419,844
17777,844
15768,844
11415,844
21140,844
4524,844
10613,844
31815,844
1666,844
6295,844
32465,844
24676,844
12787,844
28989,844
22808,844
11343,844
12737,844
25803,844
23386,844
20520,844
28816,844
18554,844
32014,929
22090,929
19599,929
2423,929
3154,929
2255,929
7385,929
10240,929
32000,929
25289,929
32435,929
299,929
10328,929
31893,929
1258,929
29164,929
15477,929
32496,929
22101,929
15765,929
13021,929
10360,929
15092,929
25473,929
9613,929
4841,929
9505,929
17661,929
32445,929
32403,929
28444,929
26320,929
17778,929
27311,929
3752,929
16452,929
29339,929
236,929
27061,929
15092,929
28008,929
15092,929
32403,929
28008,929
30786,929
20020,929
21675,929
2905,998
23548,998
16055,998
3962,998
31399,998
29430,998
14821,998
14027,998
20901,998
20432,998
991,998
16801,998
10216,998
14304,998
30877,998
10935,998
31497,998
7946,998
13893,998
28369,998
26029,998
20027,998
29408,998
13133,998
573,998
2077,998
3238,998
31711,998
32501,998
31453,998
8953,998
10169,998
17733,998
14126,998
9402,998
2623,998
32191,998
17679,998
14357,998
9660,998
3422,998
21641,998
7603,998
22964,998
4096,998
20170,998
11091,998
16567,998
2467,998
7041,998
1997,998
3345,998
11625,998
32410,998
6001,998
13763,998
26631,998
989,998
17943,998
11270,998
20302,998
20504,998
23296,998
24745,998
13155,998
5202,998
30483,998
25697,998
28179,998
15838,998
4392,998
14467,998
14941,998
13903,998
15152,998
10734,998
3981,998
2993,998
20571,998
14490,998
1495,998
9048,998
26927,998
30702,998
20891,998
11937,998
4959,998
19819,998
11339,998
482,998
25468,998
24402,998
7819,998
11491,998
5678,998
24995,998
2646,998
13503,998
15204,998
26092,998
9938,998
15627,998
17111,998
21832,998
32458,998
13954,998
6431,998
15141,998
25758,998
32004,998
31627,998
11596,998
4534,998
17233,998
9910,998
9376,998
12713,998
28507,998
5258,998
3626,998
18618,998
14782,998
15947,998
21524,998
10113,998
27602,998
13315,998
32510,998
8831,998
4481,998
19343,998
30463,998
2821,998
3162,998
20410,998
2821,998
12155,998
21466,998
12783,998
12363,998
22249,998
2582,998
32524,998
26175,998
25396,998
16654,998
7342,998
11392,998
8851,998
14068,998
32523,998
11893,998
16379,998
24022,998
29730,998
20359,998
23996,998
15055,998
25179,998
11213,998
2105,998
16344,998
31280,998
12002,998
15950,998
22379,998
18269,998
18143,998
2077,998
28766,998
18269,998
13396,998
11236,998
22527,998
14693,998
22304,998
15826,998
22366,998
22624,998
12347,998
5118,998
20462,998
15219,998
13012,998
27410,998
18538,591
3084,591
25098,591
22883,591
4537,591
32095,591
10394,591
13881,591
4028,591
991,591
3738,591
16669,591
23665,591
25205,591
11151,591
2111,591
12801,591
20568,591
13897,591
28128,591
15660,591
28563,591
3715,591
18212,591
9479,591
116,591
21810,591
31046,591
14472,591
1742,591
24323,591
26413,591
23855,591
13340,591
8887,591
7837,591
5530,591
1791,591
5970,591
16423,591
7385,591
15697,591
14128,591
26035,591
1481,591
13026,591
1518,591
9263,591
3852,591
20584,591
30601,591
29940,591
23757,591
9180,591
21089,591
8690,591
6722,591
13709,591
2115,591
3738,591
8078,591
6920,591
2448,591
7741,591
19003,591
25174,591
2112,591
15318,591
538,591
14625,591
27277,591
21089,591
3976,591
22686,591
24291,591
20421,591
10885,591
29816,591
23486,591
15653,591
21602,591
2804,591
25934,591
30372,591
6280,591
21355,591
11644,591
27849,591
406,591
22261,591
22256,591
6976,591
20011,591
20746,591
31554,591
4036,612
18162,612
10068,612
20902,612
19468,612
3399,612
4898,612
6707,612
7822,612
11114,612
19298,612
8445,612
1322,612
27701,612
22261,612
18419,612
20738,612
7265,612
19063,612
9138,612
31304,612
27531,612
31304,612
12498,612
21539,612
1837,612
9101,612
11452,612
15566,612
7241,612
7241,612
31269,612
5764,612
19323,612
31197,612
1721,612
2523,612
29966,612
3112,831
5563,831
2199,831
13201,831
11846,831
22558,831
8956,831
29006,831
24489,831
25422,831
7931,831
32278,831
28924,831
27879,831
22375,831
16936,831
10512,831
8083,831
10946,831
2713,831
17424,831
12798,831
6824,831
6063,831
7534,831
8526,831
20851,831
24475,831
23182,831
4056,831
1779,831
8526,831
22558,831
25205,831
8910,831
3745,831
5581,831
3838,831
9706,831
16774,831
18178,831
22670,831
511,831
20042,831
14308,831
20236,831
27674,831
20464,831
25764,831
27001,831
3730,831
14588,831
16733,831
7776,831
10449,831
18520,831
23303,831
26774,831
281,831
211,831
15155,831
32379,831
26435,831
28842,831
16417,831
16029,831
7404,831
28862,831
27694,831
25764,831
7360,831
2842,831
6284,831
19819,831
22891,831
6597,831
8407,831
2086,831
9795,831
19973,831
32369,831
9009,831
7326,831
14180,831
27366,831
3959,831
15372,831
20543,831
3838,831
30607,831
17748,831
17585,831
20078,831
24042,831
15704,831
5934,831
16763,831
21742,831
27346,831
3878,831
7038,831
4906,530
1747,530
19451,530
11305,530
12408,530
18726,530
29812,530
13488,530
15843,530
13713,530
32344,530
20470,530
24105,530
22364,530
6189,530
10679,530
2521,530
4741,530
14925,530
10649,530
3031,530
22176,530
12844,530
1857,530
11065,530
26016,530
21785,530
2980,530
22741,530
15111,530
6205,530
26266,530
13340,530
15652,530
19908,530
2976,530
28506,530
12413,530
14858,530
8505,530
18520,530
18020,530
29469,530
23308,530
15098,530
7525,530
32046,530
1205,530
22213,530
1664,530
1981,530
9257,530
15261,530
21609,530
15691,530
31632,530
20448,530
23567,530
7394,530
10516,530
5320,530
7563,530
7468,530
26756,530
19843,530
2474,846
18171,846
2929,846
30048,846
31396,846
3971,846
28294,846
22227,846
9524,846
3595,846
30266,846
823,846
31486,846
28829,846
6466,846
11628,846
15760,846
847,846
8205,846
27732,846
26123,846
17045,846
4270,846
19740,846
7392,846
31479,846
19760,846
9483,822
16417,822
8956,822
14838,822
4619,822
7848,822
21442,822
12655,822
14570,822
24777,822
30953,822
3514,822
29164,822
26249,822
6164,822
25205,822
30555,822
13010,822
2607,822
8910,822
30676,822
20464,822
21017,822
7303,822
5682,822
4878,822
29006,822
17691,822
16528,822
20351,822
13516,822
11844,822
9464,822
18812,822
13516,822
9440,822
19045,822
24073,822
28942,822
18306,822
13358,822
478,822
18502,822
12054,822
32379,822
25422,822
29256,822
7038,822
9186,834
770,834
22631,834
32459,834
8588,834
16647,834
689,834
2582,834
32445,834
32482,834
384,834
19788,834
362,834
6564,834
19825,834
428,834
11456,834
428,834
13556,834
4171,834
9073,834
1687,834
10473,834
30773,834
5449,834
9452,834
19463,834
962,834
938,834
1380,834
25602,834
15249,834
10014,834
1585,834
1917,834
5708,834
3391,834
30767,834
4596,834
9180,834
28574,834
4900,834
113,834
8281,834
606,834
8690,834
26433,834
226,834
18031,834
2374,834
560,834
14557,834
4366,834
1991,834
19055,834
29315,834
17687,834
29175,834
2617,834
13353,834
2915,834
19819,842
3906,842
25098,842
766,842
8208,842
783,842
2390,842
29507,842
27677,842
9646,842
5605,842
6941,842
18840,842
24714,842
22342,842
17446,842
1440,842
14990,842
534,842
6001,842
28910,842
4800,842
22736,842
7365,842
9073,842
8505,842
22857,842
13515,842
30409,842
4896,842
17683,842
21962,842
676,842
31368,842
26283,842
31431,842
22857,842
29010,842
5798,842
13575,842
14351,842
31202,937
27711,937
25727,937
1244,937
5558,937
11197,937
15473,937
31612,937
12589,937
10377,937
3206,937
19809,937
10404,937
8080,937
18664,937
1847,937
6111,937
8654,937
2078,937
13794,937
25165,937
3633,937
17033,937
23132,937
30789,937
13274,937
19022,937
820,937
27692,937
25876,937
5678,937
27615,937
15918,937
22809,937
14759,937
4919,937
32455,937
12759,937
13149,937
31099,937
31894,937
32364,937
3732,937
5717,937
21405,937
21471,937
24336,937
6442,937
12495,937
7494,937
1569,937
22867,937
20442,937
26960,937
9976,937
1352,937
11507,937
28072,937
21133,937
24916,937
3546,937
23518,926
6608,926
11981,926
29938,926
9657,926
12936,926
25289,926
30963,926
22848,926
17729,926
16879,926
32445,926
7012,926
13150,926
9445,926
25132,926
12959,926
26845,926
7267,926
30702,926
708,926
31131,926
28507,926
17778,926
27846,926
10328,926
21367,926
12384,926
16589,926
18796,926
6824,536
12613,536
18550,536
32147,536
6359,536
7775,536
2300,536
13494,536
17683,536
15034,536
22380,536
20045,536
20851,536
6969,536
24831,536
6833,536
20310,536
14669,536
2976,536
27237,536
29088,536
18409,536
20317,536
2877,536
27019,536
30750,536
20937,536
12864,536
3318,536
4484,536
7981,536
30647,536
25510,536
24766,536
10732,536
24336,536
28924,536
21016,536
15917,536
17385,536
7038,536
6284,536
1789,536
20082,985
20197,985
20126,985
29746,985
30297,985
5575,985
336,985
15426,985
29376,985
15408,985
200,985
27149,985
5087,985
30845,985
17172,985
7815,985
1095,985
10539,985
7471,985
25701,985
11663,985
25554,985
12390,985
2424,985
16777,985
22087,985
16459,985
22087,985
21922,985
26036,985
9881,985
30555,985
8154,985
20592,985
19191,985
26205,985
29947,985
9117,985
339,985
16452,985
2179,985
21790,985
2258,985
13635,985
162,985
4759,985
25287,985
5709,985
23303,985
6512,985
22635,985
19070,985
1595,985
6044,985
7999,985
23676,985
15985,985
31048,985
6589,985
20583,985
14699,611
17364,611
29667,611
31946,611
31946,611
31946,611
31946,611
16463,611
2277,611
7540,611
3448,611
20415,611
6852,611
8935,611
28931,611
17282,611
22488,611
16418,611
18638,611
9221,611
24124,611
25483,611
5105,611
2625,611
3637,611
4327,611
25744,611
4036,611
12040,611
4671,611
6707,611
1915,611
10068,611
26266,611
18154,611
2980,611
16515,611
3683,611
13549,611
23842,611
1366,611
18139,611
18419,611
16928,611
6261,611
12370,611
3139,611
18028,611
5798,611
31946,611
20542,611
8520,611
11114,611
24835,611
29237,611
30796,611
24309,611
9905,611
31638,611
11361,611
30714,611
2937,611
30694,611
15383,611
25113,611
27237,611
3399,611
19153,611
10615,611
12162,611
25844,611
24933,611
2362,611
32147,611
31777,611
9511,611
12965,611
13917,611
26869,611
8737,611
18765,611
20339,611
28985,611
14973,611
15304,611
28434,611
10919,611
25205,611
30963,611
8087,611
18836,611
23796,611
15683,611
30687,611
16256,611
28815,611
20362,611
23450,611
29816,611
7514,611
13335,611
3462,611
1508,611
241,611
31410,611
2863,611
29965,611
19063,611
20082,611
27740,611
14552,611
25002,611
26831,611
3204,611
23067,611
13955,611
7367,611
969,611
29229,611
14360,611
24714,611
31706,611
24439,611
22261,611
31091,611
20174,611
30702,611
28922,611
4299,611
29114,611
116,611
9138,611
12864,611
5021,611
11974,611
22465,611
20583,611
19354,611
13704,611
11682,611
28258,611
18357,611
19155,611
99,611
7793,611
8409,611
3870,611
5572,611
22231,611
19891,611
22528,611
14535,611
24936,611
4082,611
9291,611
24721,611
9431,611
23303,611
15614,611
20894,611
4843,611
10823,611
11473,611
22288,611
11452,611
9401,611
32267,611
21672,611
26629,611
6136,611
32004,611
14503,611
18262,611
5419,611
31946,611
5193,611
24817,611
7180,611
3246,611
24848,611
28202,611
27935,611
4484,611
3997,611
14506,611
9143,611
25029,611
32224,611
28973,611
10516,611
28883,611
21271,611
14572,611
802,611
3933,611
5667,611
26133,611
19194,611
8257,611
2188,611
24997,611
10249,611
26761,611
3053,611
7073,611
17680,611
2801,611
10263,611
11644,611
9858,611
18760,611
7594,611
20851,611
26391,611
20009,611
15637,611
31197,611
16370,611
30473,611
28559,611
773,611
1361,611
21551,611
4268,611
31946,611
11663,611
12010,611
28910,611
6546,611
15729,611
2373,611
1740,611
6748,611
28734,611
24359,611
2359,611
2359,611
31946,611
2359,611
18419,611
15397,975
30079,975
32501,975
8764,975
13090,975
28164,975
18676,975
11663,975
30129,975
5650,975
32480,975
1132,975
29327,975
32191,975
11251,975
17455,975
7306,975
7557,975
11220,975
24589,975
21346,975
12646,975
26215,975
28525,975
6669,975
12138,975
15224,975
1367,975
27834,975
9514,975
6794,975
7115,975
11197,975
10953,975
7298,975
4630,975
29268,975
31617,975
29179,975
29387,975
11601,975
29295,975
19194,975
4333,975
23855,975
4436,975
25229,975
19540,975
11965,975
16560,975
15379,975
30219,975
9095,975
14291,975
12787,975
9056,975
7975,975
16321,975
25554,975
8734,975
9613,975
16933,975
32000,975
28521,975
7819,975
19540,975
14167,975
12949,975
28891,975
24499,975
27348,975
30702,975
2981,975
27264,975
15342,975
31777,975
28374,975
6644,975
23464,975
16050,975
32503,975
12495,975
19606,975
13912,975
21862,975
32467,975
29246,975
25287,975
20253,975
12589,975
21949,975
3886,975
9433,975
13847,975
28838,975
29164,975
2294,975
28285,975
20008,975
17861,975
21283,975
28345,975
21457,975
20974,975
19874,975
22064,975
26721,975
31348,975
17615,975
12834,975
13333,975
10535,975
9080,975
10388,975
12158,975
19228,975
10904,975
28237,975
1639,975
11704,975
20608,975
11155,975
8154,975
11058,975
30804,975
15260,975
18314,975
24746,975
17501,975
12306,975
7787,975
24970,975
5684,975
32337,975
1589,975
25164,975
1309,975
18806,975
10032,975
10526,975
2883,975
9915,975
31947,975
2749,975
2022,975
4193,975
31200,975
9883,975
12724,975
8702,975
3255,975
9265,975
22946,975
24062,975
24146,975
29449,975
30207,975
27020,975
26155,975
6474,975
3116,975
27777,975
21987,975
13975,975
197,581
17852,581
24936,581
9262,581
29129,581
12844,581
6708,581
31054,581
1149,581
9545,581
3683,581
25641,581
8907,581
16136,581
31612,581
8475,581
5965,581
1915,581
14798,581
21513,581
2674,581
14439,581
9143,581
21248,581
9440,581
28554,581
3881,581
9695,581
9724,581
21810,581
22883,581
531,581
31638,581
21105,581
25570,581
17682,581
19660,581
27740,581
3053,581
12772,581
29342,581
574,581
6162,581
5151,581
23574,581
27710,581
10754,581
10419,581
19331,581
32025,581
30025,581
4255,581
15917,581
3196,581
621,581
4744,581
18781,581
16146,581
32329,847
27964,847
7317,847
16757,847
13966,847
15422,847
2203,847
1216,847
13864,847
6546,847
28164,847
25803,847
5611,847
3617,847
22313,847
8196,847
7037,847
14050,847
13572,847
11084,847
21539,847
19908,847
27692,847
28968,847
30529,847
12831,847
28829,847
6550,847
14645,847
26189,847
16778,847
22214,847
9248,847
18333,847
1992,847
30555,847
24679,847
19740,847
2617,847
9438,847
5101,847
14901,847
22808,847
14459,847
8080,847
16272,847
30958,847
30292,847
19681,847
5002,847
24741,847
13600,847
13447,847
12833,847
24049,1060
15155,1060
17499,1060
10114,1060
28114,1060
2966,1060
14554,1060
13284,1060
32560,1060
20293,1060
27900,1060
25772,1060
29028,1060
17567,1060
519,1060
19706,1060
27064,1060
2783,1060
6565,1060
7316,1060
1852,955
2620,955
13470,955
32480,955
15467,955
22833,955
21236,955
23795,955
8913,955
27790,955
14535,955
21055,955
31859,955
6589,955
15738,955
15977,955
31115,955
8744,955
20487,955
23002,955
30590,955
16139,955
18785,955
8301,955
31875,955
8680,1054
8870,1054
5306,1054
56,1054
1078,628
18446,628
25098,628
2204,628
31998,628
20894,628
9958,628
30793,628
2167,628
3535,628
4947,628
29562,628
1593,628
27689,628
12462,628
29562,628
27689,628
1593,628
10020,628
17100,628
4194,628
1866,628
16491,628
1496,628
5228,628
21367,628
5123,628
4637,628
16879,628
26215,628
23435,628
9485,628
635,628
9165,628
22507,628
4940,628
17282,628
13883,628
31106,628
21017,628
22113,628
20321,628
1021,628
27211,628
17644,628
17782,628
5248,628
5248,628
20490,628
2036,628
26811,628
1076,628
16690,628
13369,628
21310,628
21310,628
1858,628
27307,628
5458,628
7671,628
3853,628
2247,628
10516,628
10429,628
19153,628
1913,628
25641,628
26869,628
764,628
31377,628
5605,628
22634,628
26301,628
27106,628
17096,628
16724,628
25163,628
10399,628
1361,628
23458,628
12410,628
8326,628
823,628
20947,628
5058,628
15387,628
28863,628
10240,628
30877,628
30188,628
7047,628
18744,628
18976,628
9938,628
27346,628
24997,628
8764,628
14421,628
14421,628
31545,628
5723,628
24046,628
24399,628
17799,628
25223,628
14901,628
15709,628
20117,628
16080,628
20117,628
8043,628
8043,628
20060,628
20433,628
28829,628
217,628
9431,628
20238,628
24721,628
30792,628
30702,628
29041,628
18757,628
29041,628
30441,628
24151,628
18028,628
22727,628
4246,628
13617,628
15709,628
14908,628
26299,628
10217,628
21366,628
19340,628
18503,628
14177,628
12664,628
6506,628
26488,628
25692,628
26524,628
6090,628
29596,628
27017,628
23399,628
18097,628
4229,628
20738,628
7534,628
12828,628
27258,628
2861,628
26556,628
2340,628
5067,628
23352,628
23976,628
13335,628
14810,628
15098,628
22209,628
1162,628
26393,628
29971,628
6833,628
13243,628
26393,628
2771,628
18289,628
13600,628
23740,628
25656,628
10996,628
24430,628
15338,628
6975,628
27269,628
7550,628
27277,628
28910,628
5387,628
26238,628
6470,628
17083,628
22765,628
3959,628
28340,628
21790,628
4446,628
31123,628
24124,628
11239,628
9809,628
22538,628
23466,628
12282,628
14441,628
32093,628
28815,628
13581,628
22141,628
24352,628
5798,628
26066,628
17526,628
24156,628
15902,628
1721,628
14005,628
31394,628
11555,628
18157,628
21563,628
21539,628
31706,628
23866,628
5613,628
12256,628
27487,628
11473,628
5856,628
14128,628
22780,628
12533,628
26433,628
14606,628
6854,628
13276,628
10051,628
3980,628
11049,628
20007,628
1981,628
23808,628
2620,628
14965,628
2188,628
11740,628
3670,628
24174,628
9009,628
31720,628
10405,628
17125,628
7213,628
29297,628
8819,628
14973,628
6540,628
19099,628
12200,628
19038,628
8081,628
3284,628
31962,628
21557,628
15578,628
3061,628
30793,628
2004,845
26791,845
23518,845
31539,845
10378,845
28968,845
30091,845
19983,845
28648,845
5141,845
4027,845
31947,845
2311,845
17725,845
14256,845
6089,845
8352,845
23310,845
25562,845
16878,845
1537,845
18808,845
28862,845
8690,845
19252,845
3595,845
30048,845
32445,845
32297,845
23002,845
325,845
1065,845
22705,845
4326,845
31720,845
17467,845
5772,845
29943,845
13722,845
18052,845
6992,845
22214,845
31815,845
1666,845
24676,845
20525,845
10014,845
22464,845
28816,845
9772,999
10080,999
4222,999
30400,999
16553,999
32299,999
2993,999
7418,999
18619,999
14833,999
31094,999
11888,999
29200,999
1522,999
28237,999
1004,999
28833,999
6696,999
28507,999
10110,999
3177,999
12740,999
11671,999
15360,999
5753,999
16919,999
5682,999
10776,999
1193,999
32523,999
32439,999
5889,999
12126,999
3886,999
26626,999
15260,999
24243,999
28184,999
22289,999
17777,999
19751,859
31721,859
13379,859
505,859
26362,859
30884,859
13149,859
18530,859
10125,859
3126,859
10926,859
28806,859
29028,859
12584,859
13175,859
336,859
22498,859
12913,859
6289,859
15919,859
23348,859
17735,859
26669,859
26292,859
6460,859
20027,859
28827,859
31169,859
20783,859
11995,859
26002,859
18818,859
18829,859
31245,859
22959,859
21650,859
7071,859
4947,818
32278,818
15850,818
1722,818
17745,818
13971,818
4603,818
9678,818
6618,818
17003,818
7380,818
14937,818
24719,818
29938,818
11981,818
15928,818
27824,818
27567,818
3241,818
26767,818
3060,818
7946,818
13201,818
5144,818
7198,818
30294,818
24427,818
23763,818
14116,818
14997,818
23366,818
16096,818
16784,818
4765,818
27405,818
21248,818
2300,818
28002,818
16988,818
11772,818
12686,818
12238,818
14588,818
4350,818
30048,818
11898,818
14504,818
6737,818
26460,818
4252,818
21165,818
6247,818
5674,818
28876,818
30248,818
1992,818
7345,818
2684,818
25766,818
4378,818
11810,818
2601,818
19636,818
21912,818
17068,818
3698,818
10596,818
5618,818
12211,818
12906,818
22142,818
17455,818
30087,818
19751,818
24102,818
568,818
1496,818
16349,818
3971,818
12092,818
20274,818
11848,818
16711,818
6052,818
17314,818
6103,818
27405,818
14963,818
5415,818
29191,818
5328,818
16840,818
19070,818
15818,818
25885,818
19346,818
10406,818
15422,818
27164,818
5931,818
11319,818
25810,818
32479,818
17946,818
4925,818
8113,818
29905,818
18611,818
4621,818
5717,818
14022,818
27432,818
14022,818
1495,818
5591,818
17314,818
21084,818
30087,818
12913,818
15947,818
6219,818
1542,818
25098,527
1488,527
1508,527
19331,527
4195,527
26703,527
1345,527
4641,527
12581,527
8119,527
3066,527
3720,527
19149,527
10938,527
4599,527
9291,527
3362,527
23574,527
11605,527
11374,527
207,527
30818,527
25229,527
4161,527
9399,527
3994,527
16423,527
1354,527
8248,527
5530,527
671,527
12075,527
574,527
11936,527
1857,527
9388,527
19203,527
8475,527
17423,527
10779,527
15652,527
22373,527
1403,527
10750,527
20044,527
14160,527
2592,527
12413,527
20543,527
4961,527
16499,527
23486,527
7124,527
29789,527
22400,527
30359,527
5320,527
30089,527
12664,527
29991,1056
14545,1056
23476,1056
32556,1056
17096,629
25163,629
1361,629
26299,629
26299,629
19597,629
14039,629
15371,629
15906,629
7536,629
10611,629
13713,629
31509,848
30172,848
5758,848
7501,848
30555,848
1434,848
12333,848
20314,848
13710,848
4728,848
8512,848
5738,848
25161,848
26221,848
25730,848
27267,848
12487,848
28164,848
22840,848
13173,848
51,848
26974,848
29286,848
17640,848
3401,848
3039,848
3357,848
30982,848
29731,848
29540,848
22066,848
2362,848
3357,848
5512,848
32237,848
19733,848
31368,848
16340,848
51,848
24804,848
2335,848
5653,848
4808,848
32106,848
30468,848
15181,848
3193,848
3193,848
14088,848
15683,848
29154,848
4634,848
4634,848
23576,848
5376,848
3339,848
19099,848
24045,848
11105,848
12190,848
30940,848
26614,848
12586,848
32369,848
31956,848
16383,848
29163,848
28883,848
10051,848
12085,816
2749,816
1051,816
18105,816
28287,816
24804,816
28286,816
14997,816
30294,816
13010,816
27410,816
23366,816
6647,816
2098,816
19228,816
785,816
14988,816
11552,816
17745,816
12686,816
2350,816
1173,816
22175,816
6501,816
5360,816
14147,816
867,816
16349,816
10676,816
21672,816
14810,816
5376,816
11810,816
3278,816
28283,816
3859,816
3061,816
156,816
12741,816
24979,816
6919,816
14997,816
7208,816
6462,816
4227,816
568,816
16690,816
7326,816
19987,816
32041,816
23888,816
20097,816
18626,816
1423,816
30702,816
917,851
5002,851
9195,851
32127,851
8199,851
10910,851
24870,851
9930,851
5180,851
12281,851
32326,851
1090,851
17555,851
27677,851
1852,851
5832,851
7931,851
24392,851
1654,851
24232,851
12701,851
32298,851
12580,851
7634,851
1800,851
23450,851
16778,851
9844,851
17109,851
11329,851
4964,851
28744,851
1006,851
21539,851
9768,851
5738,851
28744,851
14050,851
28667,851
682,851
11236,851
5418,851
12737,851
29286,851
11026,851
5146,851
24819,851
30430,851
31019,851
11712,851
31019,851
27732,851
14668,851
31865,851
5722,851
6985,851
25345,851
13722,851
31298,851
32127,851
8272,851
1664,851
17715,851
20520,851
25863,851
28922,851
32127,851
30958,851
28816,851
17523,618
15073,618
18134,618
7319,618
3828,618
6162,618
12372,618
5895,618
2948,618
26955,618
23987,618
18821,618
7429,618
29520,618
30987,618
12471,618
27725,618
15351,618
11717,618
23304,618
25759,618
12162,618
10090,618
15533,618
14660,618
7829,618
10914,618
21849,618
18678,618
6386,618
20808,618
17964,618
24336,618
27056,618
24467,618
792,932
1392,932
7267,932
1924,932
30716,932
11601,932
27307,932
24798,932
12281,932
1367,932
2350,932
30702,932
28918,932
31661,932
28054,932
30415,932
13821,932
17111,932
23840,932
19944,932
18318,932
22645,932
9683,932
28444,932
9683,932
3752,932
14833,932
22141,932
6246,932
13369,932
32103,932
4970,932
9654,558
10494,558
2764,558
3081,558
16426,558
28420,558
29316,558
9485,558
27369,558
2478,558
6791,558
19991,558
29367,558
818,558
30003,558
28408,558
17680,558
7338,558
32456,870
32501,971
12726,971
8177,971
10126,971
28605,971
26250,971
15703,971
14304,971
2395,971
28374,971
11853,971
27424,971
27834,971
9808,971
15801,971
28875,971
32500,971
16991,971
26593,971
32026,971
21364,971
16765,971
32500,971
13601,971
29097,971
26318,971
7257,971
29507,971
32337,971
32500,971
23386,971
27563,971
2582,971
6703,971
29592,823
19346,823
2582,823
32127,823
22759,823
14901,823
12306,823
21742,823
14535,823
32445,823
26805,823
11159,823
21479,823
11015,823
32004,823
5674,823
28060,823
26197,823
12096,823
22272,823
2247,823
9938,823
25122,823
17762,823
1024,823
22237,823
12190,823
25930,823
16970,823
27432,823
31304,823
29189,823
7146,532
1954,532
2478,532
31428,532
2040,532
29812,532
26063,532
3799,532
6623,532
6329,532
13488,532
19756,532
32344,532
185,532
3847,532
5893,532
2713,532
7661,532
23164,532
5834,532
10649,532
11065,532
10914,532
12106,532
12579,532
22741,532
31007,532
19625,532
16456,532
17683,532
7585,532
9180,532
12937,532
21785,532
2300,532
22635,532
28867,532
545,532
1689,532
5145,532
14504,532
14362,532
23466,532
20386,532
6536,532
2283,532
32041,532
953,532
9078,532
13340,532
13095,532
14977,532
17627,532
31539,532
49,532
10750,532
27943,532
15172,532
30702,532
27922,532
18480,532
19564,532
9543,532
1811,532
13121,532
28786,532
20510,532
3318,532
24383,532
13744,532
27296,532
1205,532
11091,532
20993,532
26283,532
19363,532
18393,532
11236,532
1162,532
2582,532
30359,532
20023,532
21894,532
31642,532
21735,532
29757,532
16030,532
11571,532
14800,532
28420,532
20490,532
18880,532
18449,532
14806,532
7691,532
28251,532
19660,532
3124,532
8006,532
8006,532
24803,532
11060,532
6792,532
30829,532
31168,532
29380,532
25695,532
3542,532
20615,532
29104,532
11274,532
9930,934
28989,934
7113,934
11992,934
7367,934
13240,934
3123,934
11172,934
10797,934
5164,934
13821,934
22621,934
15863,934
13430,934
20979,934
15379,934
13242,934
5650,934
12746,934
1805,934
12086,934
6824,934
31050,934
22246,934
32455,934
28619,934
4113,934
10493,934
569,934
13701,934
1082,934
20581,934
7977,934
12056,934
2810,934
25554,934
12175,934
6316,934
31885,934
23942,934
12969,934
3886,934
4974,934
26238,934
29738,934
21744,934
7016,934
10712,934
21817,934
31546,934
4326,934
31123,934
4436,934
31546,934
12461,934
15974,934
3783,934
1244,934
29635,934
28664,934
28374,934
31546,934
23676,934
16116,934
12155,934
14582,934
31083,934
21817,934
21457,934
7468,934
20253,934
16116,934
13235,934
31546,934
13820,934
16116,934
16333,934
9847,934
30789,934
10525,934
29473,934
3123,934
30991,934
6985,934
11507,934
5616,934
22246,934
14949,934
25444,934
1944,934
27437,934
6444,934
22246,934
29972,934
20209,934
22246,934
21436,934
31885,934
8718,934
17715,934
22229,934
32519,934
32519,934
22246,934
25151,934
31885,934
11982,934
32039,934
25522,934
11442,934
32364,934
32519,934
23535,934
31546,934
22483,934
27866,934
16574,934
30725,934
5155,934
27238,934
26438,934
31157,934
28984,934
19643,934
4545,934
6444,934
32519,934
23038,934
6547,934
31556,934
2797,934
9269,934
17136,934
20160,934
5733,934
12037,934
25396,934
31305,934
3834,934
19538,934
22842,934
26658,934
31337,934
28864,934
32519,934
25005,934
28864,934
29163,934
28864,934
17375,934
16116,934
17440,934
28502,934
7453,934
18554,934
20507,934
13722,934
17128,934
5249,934
4593,934
4942,934
10558,934
19151,934
11030,934
31546,934
24418,934
9524,934
32406,934
23521,934
25087,934
31272,934
6174,934
19663,577
12676,577
30334,577
31290,577
24336,577
8836,577
1852,577
2017,577
14870,577
13585,577
13504,577
15843,577
989,577
30400,577
27609,577
30601,577
22474,577
32092,577
24555,577
23060,577
902,577
9180,577
26761,577
23169,577
24418,577
30304,577
6949,577
26578,577
12778,577
6162,577
6786,577
17450,577
3255,577
21379,577
6976,577
6911,577
26115,577
13549,577
13701,577
30327,577
22741,577
17523,577
31094,577
16966,577
1028,577
23624,577
5215,577
14681,577
4333,577
5459,577
847,577
10493,577
22229,577
6561,577
30278,577
5970,577
5563,577
22780,577
16669,577
16119,577
6029,577
7453,577
25580,577
15467,577
32242,577
9772,577
12894,577
4545,577
31846,577
11348,577
6316,577
21406,577
27437,577
8065,577
15204,577
28374,577
10366,577
2633,577
31053,577
12689,577
4494,577
17482,577
19628,577
28891,577
23733,577
8199,577
29637,577
3116,577
17128,577
4599,577
26488,577
12664,577
11646,577
12183,577
26238,577
13186,577
24323,577
25005,577
2929,577
31337,577
26958,577
23521,577
29297,577
11964,577
27097,577
11579,577
29286,577
12253,577
15523,577
28989,933
13150,933
16265,933
28154,933
32014,933
27846,933
13221,933
20105,933
15293,933
32435,933
9445,933
13532,933
25351,933
9452,933
29026,933
7781,933
19796,933
27061,933
17661,933
31620,933
14501,560
54,560
4028,560
14798,560
5210,560
25067,560
319,560
11773,560
12106,560
12171,560
7471,560
8078,560
14123,560
16563,560
28554,560
8431,560
47,560
30938,560
207,560
3117,560
19664,560
30025,560
18995,560
22631,560
15126,560
1855,560
23069,560
32245,560
9084,560
7764,836
24187,836
6507,836
5059,836
11704,836
5591,836
12486,836
6774,836
25093,836
32416,836
14949,836
32386,836
9626,836
16202,836
27800,836
6322,836
8673,836
32386,836
31235,836
19848,836
4817,836
30309,836
24434,836
1614,836
26291,836
5876,836
25727,836
31099,836
28220,836
17109,836
19279,836
6760,836
11084,836
32416,836
13455,836
5006,836
11159,836
4248,836
4082,836
19015,836
19015,836
32482,836
11236,836
1796,836
19279,836
9698,836
14895,836
9263,836
1540,836
27346,836
17045,836
7712,836
13744,836
16570,836
19479,836
17777,836
5340,836
10756,836
19015,836
7158,836
28989,836
22342,836
13546,836
15773,836
20525,836
32214,836
23386,836
15272,836
5385,989
498,989
21817,989
19235,989
17328,989
17328,989
20387,989
9277,989
14064,989
32283,989
1272,989
25051,989
3637,989
20432,989
3626,989
1051,989
7501,989
8352,989
19593,989
1559,989
8301,989
3567,989
21479,989
11473,989
15387,989
370,989
17328,989
10634,989
19277,989
18851,989
26175,989
32501,989
7362,927
30683,927
8722,927
27149,927
299,927
503,927
20437,927
24819,927
19191,927
13821,927
5098,927
1232,927
18195,927
13242,927
28047,927
25289,927
4929,927
20563,927
24298,927
1367,927
11435,927
32501,927
10494,927
11415,927
32478,927
18195,927
9043,927
8978,927
32494,927
7337,927
13021,927
32478,927
16589,927
31661,927
4101,927
22272,927
21987,927
8784,927
3936,927
20124,927
10791,927
28891,927
9029,927
13722,927
6703,927
4970,927
708,820
860,820
313,820
6136,820
387,820
14203,820
28020,820
11257,820
19733,820
51,820
863,820
9852,820
74,820
1195,820
6536,820
21888,820
5665,820
12238,820
4996,820
85,820
1660,820
17003,820
16431,820
6692,820
12092,820
483,820
316,820
15287,820
26708,820
6234,820
3043,820
32041,820
31193,820
10473,820
6989,820
17455,820
25562,820
9444,820
10234,820
24330,820
15422,820
14088,820
619,820
3273,820
16169,820
4875,820
17795,820
27012,820
17068,820
27246,820
281,820
29102,820
30940,820
1997,925
16988,925
30669,925
5988,925
8667,925
1595,925
4283,925
16588,925
3266,925
693,925
192,925
22528,925
9950,925
14685,925
29466,925
30702,925
32004,925
19974,925
577,925
8740,925
25865,925
2467,925
10380,925
7314,925
15293,925
10095,925
15985,925
9122,925
26763,925
8602,925
26026,925
25289,925
7350,925
9428,925
29246,925
31983,925
8382,925
7362,925
20452,925
13116,925
8963,925
11647,925
21640,925
10189,925
10349,925
16609,925
3375,925
27249,925
29889,925
8602,925
5466,925
17851,925
1314,925
22645,925
28786,925
17472,925
30194,925
10399,925
8211,925
21675,925
28292,925
29361,925
26839,925
3546,925
5306,995
1426,995
1639,995
12130,995
21364,995
19671,995
13426,995
9117,995
17875,995
32283,995
2255,995
22185,995
15820,995
8154,995
6034,995
7362,995
31087,995
16452,995
18530,995
24922,995
1618,995
22265,995
783,995
12069,995
6943,995
26837,995
21694,995
28632,995
29947,995
13904,995
21574,995
22336,995
1540,995
3240,995
22902,995
14701,995
24562,995
29689,995
18255,995
640,995
32510,995
13396,995
24707,995
19348,995
15824,995
29856,995
6111,995
18638,995
14990,995
2241,995
32187,995
29689,995
14941,995
13852,995
6246,995
1399,995
4911,995
21346,995
1853,995
3754,995
4671,995
4445,995
3754,995
24830,995
17983,995
3209,995
1133,995
234,995
27446,995
31453,995
15084,995
27436,995
9734,995
4457,995
1442,995
17198,995
18619,995
2168,995
18455,995
17943,995
8809,995
21055,995
28345,995
5979,995
22890,995
23296,995
29746,995
6454,995
30702,995
1283,995
7471,995
18750,995
12957,995
8609,995
13635,995
14908,995
12463,995
1051,995
9864,995
11637,995
4009,995
20904,995
26205,995
15098,995
22686,995
2869,995
24622,995
1037,995
12485,995
2869,995
21488,995
27848,995
12631,995
30971,995
31280,995
6205,995
28079,995
28079,995
27848,995
9836,995
27228,995
28184,995
7516,995
31722,995
14964,995
3497,995
31859,995
26776,995
30145,995
6150,843
801,843
18840,843
13311,843
24195,843
24894,843
1852,843
9706,843
20851,843
25673,843
22009,843
6509,843
8352,843
19893,843
4056,843
15820,843
9646,843
1754,843
26510,843
9135,843
20325,843
20403,843
26791,843
8722,843
1708,843
18904,843
2966,843
25522,843
7541,843
14441,843
10557,843
4630,843
4027,843
5164,843
20892,843
30050,843
28720,843
26688,843
32445,843
30529,843
31235,843
8002,843
4938,843
15773,843
6099,843
1258,843
27249,843
7861,843
24770,843
30357,843
5974,843
7884,843
12495,843
21466,843
17890,843
219,843
10326,843
13722,843
31099,843
25056,843
21283,843
22959,843
18779,843
2582,843
8937,1001
6538,1001
14315,1001
4205,1001
13151,1001
12314,1001
9355,1001
3899,1001
4476,1001
13142,1001
9969,1001
8177,1001
30297,1001
16292,1001
32310,1001
32187,1001
26909,1001
15630,1001
700,1001
4257,1001
15532,1001
13234,1001
7337,1001
14217,1001
11163,1001
10017,1001
18731,1001
20027,1001
2905,1001
4698,1001
8112,1001
14715,1001
946,1001
8133,1001
16374,1001
11467,1001
27254,1001
10419,1001
1512,1001
31973,1001
27674,1001
9674,1001
7946,1001
22019,1001
8123,1001
9250,1001
2810,1001
12296,1001
30730,1001
2629,1001
102,1001
13013,1001
21912,1001
7291,1001
29864,1001
20376,1001
10239,1001
18583,1001
15919,1001
28033,1001
31126,1001
5625,1001
6938,1001
7267,1001
22688,1001
17938,1001
19345,1001
23873,1001
8287,1001
10951,1001
15548,1001
123,1001
8393,1001
20116,1001
5134,1001
23122,1001
18335,1001
30934,1001
1270,1001
27149,1001
2539,1001
7029,1001
7299,1001
4096,1001
16813,1001
14862,1001
18495,1001
11297,1001
5956,1001
19282,1001
7078,1001
11573,1001
8753,1001
10900,1001
598,1001
3014,1001
18489,1001
18255,1001
21345,1001
29384,1001
4895,1001
14843,1001
11512,1001
30994,1001
25730,1001
9140,1001
31497,1001
71,1001
15344,1001
31332,1001
12720,1001
9214,1001
23827,1001
21898,1001
6583,1001
5419,1001
8978,1001
14291,1001
7960,1001
12726,1001
14836,1001
32299,1001
7521,1001
18490,1001
14206,1001
30623,1001
14752,1001
21346,1001
17927,1001
28136,1001
3345,1001
22519,1001
8620,1001
24479,1001
29419,1001
10600,1001
13214,1001
3634,1001
10935,1001
18730,1001
2407,1001
13125,1001
29965,1001
10679,1001
16091,1001
16497,1001
17033,1001
1423,1001
30832,1001
6943,1001
16242,1001
10126,1001
25439,1001
18328,1001
19308,1001
2446,1001
5195,1001
16652,1001
28484,1001
8630,1001
25200,1001
10063,1001
7390,1001
7882,1001
32385,1001
4252,1001
23245,1001
7471,1001
27068,1001
13396,1001
6686,1001
13308,1001
4688,1001
5018,1001
3666,1001
686,1001
31048,1001
15824,1001
15603,1001
18530,1001
9991,1001
17167,1001
8784,1001
11687,1001
16110,1001
26800,1001
11034,1001
27976,1001
20641,1001
14189,1001
29049,1001
25,1001
6726,1001
3962,1001
10440,1001
10218,1001
17269,1001
13978,1001
16916,1001
15950,1001
419,1001
5911,1001
20133,1001
23054,1001
16261,1001
8070,1001
2607,1001
10349,1001
19983,1001
1392,1001
4410,1001
143,1001
22576,1001
10575,1001
15490,1001
22840,1001
2137,1001
30763,1001
9646,1001
18034,1001
5108,1001
1524,1001
19634,1001
12642,1001
6559,1001
5161,1001
30702,1001
28521,1001
5962,1001
20996,1001
32004,1001
26337,1001
20794,1001
19918,1001
22890,1001
24220,1001
27291,1001
26203,1001
29088,1001
30683,1001
6587,1001
7898,1001
7005,1001
11473,1001
6744,1001
29761,1001
1639,1001
13201,1001
15398,1001
32041,1001
25035,1001
29197,1001
20793,1001
13391,1001
15079,1001
369,1001
2052,1001
12306,1001
9195,1001
18020,1001
27312,1001
886,1001
19152,1001
29229,1001
12928,1001
1545,1001
16576,1001
4907,1001
6759,1001
21999,1001
15743,1001
1853,1001
4959,1001
3227,1001
10174,1001
12949,1001
14349,1001
5240,1001
22120,1001
2684,1001
15838,1001
26943,1001
17134,1001
5721,1001
9249,1001
27834,1001
19791,1001
15917,1001
14904,1001
4445,1001
30238,1001
6532,1001
26550,1001
12750,1001
21937,1001
20620,1001
10095,1001
24494,1001
13247,1001
29856,1001
24828,1001
11844,1001
11411,1001
16919,1001
30259,1001
9055,1001
26893,1001
15586,1001
20211,1001
6180,1001
16081,1001
29008,1001
11539,1001
6123,1001
4630,1001
9808,1001
20432,1001
8918,1001
13722,1001
29100,1001
14552,1001
21789,1001
12074,1001
11231,1001
32372,1001
8482,1001
14626,1001
4446,1001
1696,1001
8984,1001
15182,1001
10691,1001
25285,1001
5679,1001
234,1001
15577,1001
27446,1001
23142,1001
14494,1001
14791,1001
9881,1001
17932,1001
15069,1001
14064,1001
12235,1001
13287,1001
7999,1001
12753,1001
13904,1001
12631,1001
14309,1001
9180,1001
8488,1001
10926,1001
8096,1001
30187,1001
14480,1001
9997,1001
17249,1001
13487,1001
28892,1001
12365,1001
3168,1001
6871,1001
24872,1001
7947,1001
25528,1001
30412,1001
10993,1001
12198,1001
219,1001
1642,1001
20592,1001
9265,1001
8743,1001
5341,1001
28929,1001
2381,1001
23426,1001
1187,1001
5374,1001
2366,1001
12222,1001
29146,1001
22046,1001
26012,1001
28664,1001
12075,1001
408,1001
13382,1001
10179,1001
5540,1001
8785,1001
2937,1001
25758,1001
9230,1001
9990,1001
29531,1001
316,1001
9402,1001
176,1001
3560,1001
25396,1001
16032,1001
6388,1001
19822,1001
1543,1001
16134,1001
19667,1001
10709,1001
19157,1001
8470,1001
32525,1001
7815,1001
16299,1001
7421,1001
10712,1001
1332,1001
8083,1001
20284,1001
25283,1001
695,1001
23749,1001
31196,1001
550,1001
28528,1001
577,1001
6289,1001
25076,1001
21128,1001
15682,1001
26593,1001
7296,1001
25164,1001
18408,1001
11436,1001
9433,1001
12751,1001
15406,1001
14596,1001
29882,1001
13554,1001
29782,1001
19486,1001
8971,1001
32119,1001
14546,1001
23039,1001
12094,1001
28990,1001
20608,1001
30583,1001
5434,1001
68,1001
11119,1001
13763,1001
21284,1001
31382,1001
257,1001
14638,1001
3273,1001
24138,1001
12819,1001
28025,1001
978,1001
11105,1001
26063,1001
15472,1001
6229,1001
11704,1001
31686,1001
7073,1001
2917,1001
27333,1001
759,1001
11733,1001
1245,1001
30736,1001
16043,1001
28491,1001
2976,1001
28373,1001
28330,1001
23621,1001
12144,1001
20974,1001
8352,1001
16869,1001
6520,1001
16318,1001
11934,1001
5193,1001
32331,1001
29696,1001
11043,1001
30555,1001
8621,1001
13848,1001
27143,1001
12900,1001
26715,1001
9772,1001
19235,1001
455,1001
25755,1001
2165,1001
32467,1001
28994,1001
26855,1001
26413,1001
25489,1001
14255,1001
14895,1001
15484,1001
24613,1001
25642,1001
9766,1001
20507,1001
2248,1001
8382,1001
19770,1001
14505,1001
18058,1001
2451,1001
29381,1001
15503,1001
28854,1001
9614,1001
31267,1001
14259,1001
11097,1001
2131,1001
18971,1001
32237,1001
27903,1001
18157,1001
12713,1001
9417,1001
13474,1001
8892,1001
6917,1001
12727,1001
26591,1001
7205,1001
5953,1001
29667,1001
6572,1001
31558,1001
25281,1001
32006,1001
12126,1001
22009,1001
30431,1001
23938,1001
13455,1001
29449,1001
19596,1001
30511,1001
31148,1001
12300,1001
1750,1001
28605,1001
11104,1001
19277,1001
9136,1001
13315,1001
25778,1001
4464,1001
22993,1001
27978,1001
16438,1001
3268,1001
27455,1001
8128,1001
7066,1001
20436,1001
23867,1001
31015,1001
22531,1001
2521,1001
17777,1001
8467,1001
29315,1001
9736,1001
32375,1001
6742,1001
13128,1001
20902,1001
25530,1001
11819,1001
15773,1001
15272,1001
381,1001
31509,1001
20032,1001
9361,1001
28153,1001
7831,1001
15523,1001
21046,1001
32508,1001
28164,1001
23872,1001
7847,1001
3959,1001
24892,1001
31272,1001
27455,856
20027,856
12054,856
2607,856
5190,856
2300,856
32379,856
26129,856
6833,856
30064,856
15347,856
27100,856
20310,856
27100,856
28653,856
13201,856
6676,856
32351,856
29006,856
26129,856
2215,856
2842,856
19868,856
32278,856
27264,856
18903,856
12711,856
12485,856
21253,856
21141,856
22065,856
19923,856
13052,856
29811,856
14308,856
25199,856
12798,856
10512,856
24274,856
20594,256
1452,256
1638,256
16458,256
5624,256
5310,256
23018,256
4354,256
8042,256
3460,256
9054,256
8042,256
7010,256
12476,256
15397,1055
15558,1055
30085,1055
41,1055
12833,1055
29156,1055
32545,1055
27988,1055
9657,1055
7269,1055
12753,1055
14508,1055
9592,1055
12056,1055
14554,1055
10904,1055
26,1055
28028,1055
5665,1055
17733,1055
32109,1055
15132,1055
32329,1055
1708,1055
20979,1055
20924,1055
27800,1055
2350,1055
4538,1055
6033,1055
18724,1055
32204,1055
8720,1055
6162,1055
18787,1055
31396,1055
14115,1055
32039,1055
13021,1055
29179,1055
8950,1055
12179,1055
8645,1055
155,1055
19671,1055
4942,1055
1689,1055
27136,1055
3901,1055
16933,1055
25389,1055
27466,1055
460,1055
11289,1055
8744,1055
25035,1055
9654,1055
22036,1055
31298,1055
30892,1055
12495,1055
26455,1055
11427,1055
7787,1055
16459,1055
28369,1055
27072,1055
20395,1055
15193,1055
25151,1055
14102,1055
3720,1055
24667,1055
30083,1055
14638,1055
15170,1055
8251,1055
8627,1055
5513,1055
5740,1055
6547,1055
25580,1055
4849,1055
18014,1055
26464,1055
8597,1055
3368,1055
19538,1055
20446,1055
21364,1055
12354,1055
32496,1055
25946,1055
9514,1055
32494,1055
25165,1055
25930,1055
14739,1055
30736,1055
27900,1055
10750,1055
30166,1055
28917,1055
7462,1055
29357,1055
4163,1055
31357,1055
25444,1055
21600,1055
21061,1055
19335,1055
7174,1055
29972,1055
30431,1055
1393,1055
11360,1055
30207,1055
5513,1055
12494,1055
26019,1055
20508,1055
10014,1055
5998,1055
32321,1055
11155,1055
25161,1055
20332,1055
17567,1055
19000,1055
56,1055
26958,1055
17615,1055
17375,1055
15917,1055
13104,1055
4692,1055
4451,1055
14792,1055
9136,1055
6779,1055
31113,1055
18806,1055
32555,1055
5267,1055
23060,1055
28373,1055
24062,1055
23994,1055
15704,1055
17479,1055
24015,1055
23976,1055
25859,1055
28764,1055
7009,1055
8293,1055
28603,1055
23615,1055
24281,1055
24281,1055
24281,1055
12390,1055
4353,1055
24931,1055
12724,1055
11964,1055
27563,1055
622,1055
11644,1055
14467,1055
3611,814
5848,814
21888,814
27824,814
3112,814
2525,814
19874,814
29954,814
5785,814
1722,814
12333,814
5144,814
6618,814
31014,814
28002,814
4875,814
16096,814
28338,814
764,814
13173,814
12188,814
17082,814
28876,814
9418,814
28146,814
291,814
22142,814
12101,814
14535,814
5058,814
18662,814
27824,814
8113,814
22066,814
23705,814
5840,814
1793,814
11179,814
9435,814
29905,814
5006,814
10122,814
27288,814
1457,814
25636,814
18468,814
14116,814
24489,814
6724,814
214,814
24434,814
23946,814
7634,814
24979,814
11401,814
29010,814
1992,814
24719,814
26906,814
185,814
11148,814
21165,814
1457,814
5101,814
30444,814
4871,814
16491,814
18999,814
16780,814
15254,814
10406,814
23415,814
9444,814
27122,814
6176,814
1037,814
880,814
12562,814
22054,814
22374,814
3193,814
18918,814
28129,814
26399,814
21854,814
29932,814
10399,814
15947,814
3266,814
25575,814
5105,535
10526,535
10497,535
31007,535
19625,535
370,535
30169,535
6824,535
17646,535
2859,535
22538,535
4537,535
3883,535
16119,535
4484,535
6289,535
32046,535
19897,535
25510,535
10732,535
18626,535
30089,535
21644,535
17326,535
1102,535
10906,535
23925,535
25180,535
26839,535
32179,535
1217,523
723,523
4897,523
11427,523
30796,523
7210,523
2517,523
18264,523
9180,523
10938,523
131,523
4307,523
14394,523
20044,523
19064,523
16049,523
27019,523
6824,523
6205,523
7540,523
10280,523
764,523
25029,523
6301,523
6301,523
14195,523
6301,523
14289,523
6301,523
217,523
31201,523
31201,523
14195,523
24673,523
6301,523
24673,523
10399,523
23576,862
4555,862
31721,862
18228,862
30884,862
22065,862
4603,862
10682,862
1942,862
28287,862
32491,862
15503,862
18502,862
8895,862
29528,862
24392,862
12584,862
28550,862
4350,862
336,862
8380,862
10709,862
19066,862
32479,862
12908,862
4747,862
22954,862
12861,862
1958,862
22686,862
8512,862
15876,862
9396,862
11888,862
8718,862
15570,862
7464,862
11712,862
1991,862
7541,862
28528,862
14759,862
11906,862
13221,585
24430,585
28374,585
17083,585
1809,585
14605,585
26304,585
22547,585
21837,585
17982,585
31054,585
31404,585
9688,585
12462,585
16195,585
13366,585
21018,585
15801,585
7534,585
15917,585
32092,585
27020,585
22429,585
2582,585
12664,585
16765,585
16440,585
17870,585
30188,585
32059,585
9511,585
25520,585
31517,585
7763,585
30764,583
25844,583
3362,583
19941,583
12965,583
12997,583
30972,583
17860,583
1529,583
9399,583
12772,583
1812,583
27608,583
17782,583
4637,583
24585,583
1674,583
19564,583
22400,583
6189,583
15533,583
30699,583
18781,583
31203,583
19755,583
30694,583
23336,583
2518,583
7338,583
13709,583
16791,583
17099,583
6130,583
19155,583
17067,583
2506,837
316,837
14287,837
770,837
21922,837
362,837
7442,837
24475,837
10361,837
19463,837
11456,837
32340,837
14152,837
1654,837
16647,837
409,837
5141,837
32459,837
25623,837
10756,837
19788,837
25602,837
19825,837
18630,837
7712,837
2582,837
1917,837
23504,837
30702,837
26563,837
17423,837
31191,837
689,837
963,837
12573,837
473,837
13278,837
4171,837
5707,837
3959,837
13629,837
14557,837
4366,837
28902,837
23732,837
17687,837
29175,837
21998,837
21559,1058
197,554
1021,554
3946,554
5695,554
24647,554
25570,554
25205,554
7585,554
11336,554
23340,554
3362,554
11286,554
19451,554
1747,554
19271,554
19149,554
10356,554
3996,554
24291,554
107,554
30536,554
3720,554
9959,554
28159,554
28434,554
21606,554
21248,554
7837,554
2861,554
20312,554
21894,554
11936,554
3828,554
1665,554
20197,554
13881,554
14625,554
5827,554
25067,554
20448,554
1599,554
23068,554
30074,554
14572,554
15261,554
17364,554
3603,554
5277,554
1768,554
16611,554
15504,554
17936,554
1127,554
723,554
4911,554
18800,554
14903,554
28506,554
15660,554
2618,554
3560,554
531,554
210,554
2832,554
8293,554
21716,554
3847,554
13026,554
18606,554
1529,554
12171,554
16423,554
9545,554
11210,554
15655,554
32000,554
21513,554
28045,554
8119,554
29501,554
8505,554
7210,554
6082,554
14360,554
22038,554
7855,554
3646,554
3400,554
20470,554
818,554
24073,554
21787,554
19891,554
20140,554
29316,554
5667,554
1290,554
1464,554
23567,554
22,554
21602,554
404,554
11305,554
2851,554
200,554
8154,554
5723,554
21996,554
6279,554
2784,554
23203,554
28742,554
9031,554
11879,554
11759,554
10779,554
769,554
12199,554
21105,554
2214,554
1555,554
24936,554
20584,554
10848,554
30702,554
31203,554
7394,554
2478,554
6687,554
11181,554
17464,554
21447,554
4307,554
8542,554
24262,554
26211,554
28563,554
19003,554
2091,554
14800,554
12581,554
4988,554
23336,554
20397,554
23278,554
27922,554
31556,554
12158,554
13638,554
534,554
17058,554
11717,554
32041,554
17682,554
16973,554
783,554
12551,554
19819,554
29114,554
24586,554
11015,554
21790,554
2674,554
291,554
30462,554
1292,554
25445,554
8248,554
20008,554
21884,554
16456,554
18520,554
12199,554
14160,554
19340,554
1811,554
29789,554
21600,554
2540,554
8134,554
20366,554
19318,554
23069,554
14123,554
19340,554
10754,554
6851,554
9388,554
20664,554
20827,554
19664,554
27543,554
4876,554
1052,554
8409,554
13504,554
19398,554
963,554
1961,554
11294,554
16791,554
6860,554
17490,554
4195,554
9249,554
4537,554
19756,554
22686,554
3118,554
18575,554
6093,554
14565,554
24661,554
4641,554
16559,554
20421,554
21599,554
20115,554
20174,554
30074,554
30347,554
18129,554
31516,554
16595,554
2248,554
1366,554
3090,554
4306,554
12647,554
17159,554
31148,554
658,554
18393,554
10366,554
31365,554
29940,554
19918,554
15558,554
16539,554
11954,554
934,554
12354,554
19505,554
9211,554
30001,554
27038,554
19622,554
21770,554
23757,554
15652,554
3117,554
7092,554
1013,554
20076,554
10199,554
21174,554
28128,554
27568,554
9711,554
1004,554
22631,554
15032,554
16646,554
2188,554
3260,554
27995,554
11571,554
27868,554
9592,554
15350,554
19073,554
1301,554
22385,554
28204,554
15350,554
23260,554
23122,554
14977,554
30074,554
116,554
28025,554
19483,554
1971,554
6454,554
14091,554
23623,554
21812,554
3564,554
14624,554
17609,554
1875,554
20221,554
19933,554
20485,554
11576,554
606,554
28414,554
31676,554
15322,554
14128,554
29542,554
29357,554
19991,554
15653,554
23925,554
47,554
13890,554
25180,554
32005,554
8324,554
17870,554
32344,554
2696,554
15481,554
20993,554
20798,554
27849,554
7563,554
6130,554
8188,554
5780,554
3303,554
26662,554
14184,554
10516,554
20940,554
18897,554
10611,554
18329,554
5672,554
25798,554
14401,554
23093,554
31724,554
22673,554
20222,554
4474,554
8852,554
31427,554
26756,554
3933,554
10751,554
29753,554
